ISO-10303-21;
HEADER;
FILE_DESCRIPTION(('Open CASCADE Model'),'2;1');
FILE_NAME('Open CASCADE Shape Model','2026-09-17T14:48:35',('Author'),(
    'Open CASCADE'),'Open CASCADE STEP processor 7.9','Open CASCADE 7.9'
  ,'Unknown');
FILE_SCHEMA(('AUTOMOTIVE_DESIGN { 1 0 10303 214 1 1 1 1 }'));
ENDSEC;
DATA;
#1 = APPLICATION_PROTOCOL_DEFINITION('international standard',
  'automotive_design',2000,#2);
#2 = APPLICATION_CONTEXT(
  'core data for automotive mechanical design processes');
#3 = SHAPE_DEFINITION_REPRESENTATION(#4,#10);
#4 = PRODUCT_DEFINITION_SHAPE('','',#5);
#5 = PRODUCT_DEFINITION('design','',#6,#9);
#6 = PRODUCT_DEFINITION_FORMATION('','',#7);
#7 = PRODUCT('project','project','',(#8));
#8 = PRODUCT_CONTEXT('',#2,'mechanical');
#9 = PRODUCT_DEFINITION_CONTEXT('part definition',#2,'design');
#10 = SHAPE_REPRESENTATION('',(#11,#15,#19,#23,#27,#31,#35),#39);
#11 = AXIS2_PLACEMENT_3D('',#12,#13,#14);
#12 = CARTESIAN_POINT('',(0.,0.,0.));
#13 = DIRECTION('',(0.,0.,1.));
#14 = DIRECTION('',(1.,0.,-0.));
#15 = AXIS2_PLACEMENT_3D('',#16,#17,#18);
#16 = CARTESIAN_POINT('',(0.,0.,0.));
#17 = DIRECTION('',(0.,0.,1.));
#18 = DIRECTION('',(1.,0.,-0.));
#19 = AXIS2_PLACEMENT_3D('',#20,#21,#22);
#20 = CARTESIAN_POINT('',(0.,0.,0.));
#21 = DIRECTION('',(0.,0.,1.));
#22 = DIRECTION('',(1.,0.,-0.));
#23 = AXIS2_PLACEMENT_3D('',#24,#25,#26);
#24 = CARTESIAN_POINT('',(0.,0.,0.));
#25 = DIRECTION('',(0.,0.,1.));
#26 = DIRECTION('',(1.,0.,-0.));
#27 = AXIS2_PLACEMENT_3D('',#28,#29,#30);
#28 = CARTESIAN_POINT('',(0.,0.,0.));
#29 = DIRECTION('',(0.,0.,1.));
#30 = DIRECTION('',(1.,0.,-0.));
#31 = AXIS2_PLACEMENT_3D('',#32,#33,#34);
#32 = CARTESIAN_POINT('',(0.,0.,0.));
#33 = DIRECTION('',(0.,0.,1.));
#34 = DIRECTION('',(1.,0.,-0.));
#35 = AXIS2_PLACEMENT_3D('',#36,#37,#38);
#36 = CARTESIAN_POINT('',(0.,0.,0.));
#37 = DIRECTION('',(0.,0.,1.));
#38 = DIRECTION('',(1.,0.,-0.));
#39 = ( GEOMETRIC_REPRESENTATION_CONTEXT(3) 
GLOBAL_UNCERTAINTY_ASSIGNED_CONTEXT((#43)) GLOBAL_UNIT_ASSIGNED_CONTEXT(
(#40,#41,#42)) REPRESENTATION_CONTEXT('Context #1',
  '3D Context with UNIT and UNCERTAINTY') );
#40 = ( LENGTH_UNIT() NAMED_UNIT(*) SI_UNIT(.MILLI.,.METRE.) );
#41 = ( NAMED_UNIT(*) PLANE_ANGLE_UNIT() SI_UNIT($,.RADIAN.) );
#42 = ( NAMED_UNIT(*) SI_UNIT($,.STERADIAN.) SOLID_ANGLE_UNIT() );
#43 = UNCERTAINTY_MEASURE_WITH_UNIT(LENGTH_MEASURE(1.E-07),#40,
  'distance_accuracy_value','confusion accuracy');
#44 = PRODUCT_RELATED_PRODUCT_CATEGORY('part',$,(#7));
#45 = SHAPE_DEFINITION_REPRESENTATION(#46,#52);
#46 = PRODUCT_DEFINITION_SHAPE('','',#47);
#47 = PRODUCT_DEFINITION('design','',#48,#51);
#48 = PRODUCT_DEFINITION_FORMATION('','',#49);
#49 = PRODUCT('bottom','bottom','',(#50));
#50 = PRODUCT_CONTEXT('',#2,'mechanical');
#51 = PRODUCT_DEFINITION_CONTEXT('part definition',#2,'design');
#52 = ADVANCED_BREP_SHAPE_REPRESENTATION('',(#11,#53),#1241);
#53 = MANIFOLD_SOLID_BREP('',#54);
#54 = CLOSED_SHELL('',(#55,#175,#251,#510,#559,#772,#779,#829,#879,#929,
    #979,#1029,#1079,#1106,#1133,#1160,#1187,#1214));
#55 = ADVANCED_FACE('',(#56),#70,.F.);
#56 = FACE_BOUND('',#57,.F.);
#57 = EDGE_LOOP('',(#58,#93,#121,#149));
#58 = ORIENTED_EDGE('',*,*,#59,.F.);
#59 = EDGE_CURVE('',#60,#62,#64,.T.);
#60 = VERTEX_POINT('',#61);
#61 = CARTESIAN_POINT('',(0.,0.,0.));
#62 = VERTEX_POINT('',#63);
#63 = CARTESIAN_POINT('',(0.,0.,20.));
#64 = SURFACE_CURVE('',#65,(#69,#81),.PCURVE_S1.);
#65 = LINE('',#66,#67);
#66 = CARTESIAN_POINT('',(0.,0.,0.));
#67 = VECTOR('',#68,1.);
#68 = DIRECTION('',(0.,0.,1.));
#69 = PCURVE('',#70,#75);
#70 = PLANE('',#71);
#71 = AXIS2_PLACEMENT_3D('',#72,#73,#74);
#72 = CARTESIAN_POINT('',(0.,0.,0.));
#73 = DIRECTION('',(1.,0.,0.));
#74 = DIRECTION('',(0.,0.,1.));
#75 = DEFINITIONAL_REPRESENTATION('',(#76),#80);
#76 = LINE('',#77,#78);
#77 = CARTESIAN_POINT('',(0.,0.));
#78 = VECTOR('',#79,1.);
#79 = DIRECTION('',(1.,0.));
#80 = ( GEOMETRIC_REPRESENTATION_CONTEXT(2) 
PARAMETRIC_REPRESENTATION_CONTEXT() REPRESENTATION_CONTEXT('2D SPACE',''
  ) );
#81 = PCURVE('',#82,#87);
#82 = PLANE('',#83);
#83 = AXIS2_PLACEMENT_3D('',#84,#85,#86);
#84 = CARTESIAN_POINT('',(0.,0.,0.));
#85 = DIRECTION('',(0.,1.,0.));
#86 = DIRECTION('',(0.,0.,1.));
#87 = DEFINITIONAL_REPRESENTATION('',(#88),#92);
#88 = LINE('',#89,#90);
#89 = CARTESIAN_POINT('',(0.,0.));
#90 = VECTOR('',#91,1.);
#91 = DIRECTION('',(1.,0.));
#92 = ( GEOMETRIC_REPRESENTATION_CONTEXT(2) 
PARAMETRIC_REPRESENTATION_CONTEXT() REPRESENTATION_CONTEXT('2D SPACE',''
  ) );
#93 = ORIENTED_EDGE('',*,*,#94,.T.);
#94 = EDGE_CURVE('',#60,#95,#97,.T.);
#95 = VERTEX_POINT('',#96);
#96 = CARTESIAN_POINT('',(0.,145.,0.));
#97 = SURFACE_CURVE('',#98,(#102,#109),.PCURVE_S1.);
#98 = LINE('',#99,#100);
#99 = CARTESIAN_POINT('',(0.,0.,0.));
#100 = VECTOR('',#101,1.);
#101 = DIRECTION('',(0.,1.,0.));
#102 = PCURVE('',#70,#103);
#103 = DEFINITIONAL_REPRESENTATION('',(#104),#108);
#104 = LINE('',#105,#106);
#105 = CARTESIAN_POINT('',(0.,0.));
#106 = VECTOR('',#107,1.);
#107 = DIRECTION('',(0.,-1.));
#108 = ( GEOMETRIC_REPRESENTATION_CONTEXT(2) 
PARAMETRIC_REPRESENTATION_CONTEXT() REPRESENTATION_CONTEXT('2D SPACE',''
  ) );
#109 = PCURVE('',#110,#115);
#110 = PLANE('',#111);
#111 = AXIS2_PLACEMENT_3D('',#112,#113,#114);
#112 = CARTESIAN_POINT('',(0.,0.,0.));
#113 = DIRECTION('',(0.,0.,1.));
#114 = DIRECTION('',(1.,0.,0.));
#115 = DEFINITIONAL_REPRESENTATION('',(#116),#120);
#116 = LINE('',#117,#118);
#117 = CARTESIAN_POINT('',(0.,0.));
#118 = VECTOR('',#119,1.);
#119 = DIRECTION('',(0.,1.));
#120 = ( GEOMETRIC_REPRESENTATION_CONTEXT(2) 
PARAMETRIC_REPRESENTATION_CONTEXT() REPRESENTATION_CONTEXT('2D SPACE',''
  ) );
#121 = ORIENTED_EDGE('',*,*,#122,.T.);
#122 = EDGE_CURVE('',#95,#123,#125,.T.);
#123 = VERTEX_POINT('',#124);
#124 = CARTESIAN_POINT('',(0.,145.,20.));
#125 = SURFACE_CURVE('',#126,(#130,#137),.PCURVE_S1.);
#126 = LINE('',#127,#128);
#127 = CARTESIAN_POINT('',(0.,145.,0.));
#128 = VECTOR('',#129,1.);
#129 = DIRECTION('',(0.,0.,1.));
#130 = PCURVE('',#70,#131);
#131 = DEFINITIONAL_REPRESENTATION('',(#132),#136);
#132 = LINE('',#133,#134);
#133 = CARTESIAN_POINT('',(0.,-145.));
#134 = VECTOR('',#135,1.);
#135 = DIRECTION('',(1.,0.));
#136 = ( GEOMETRIC_REPRESENTATION_CONTEXT(2) 
PARAMETRIC_REPRESENTATION_CONTEXT() REPRESENTATION_CONTEXT('2D SPACE',''
  ) );
#137 = PCURVE('',#138,#143);
#138 = PLANE('',#139);
#139 = AXIS2_PLACEMENT_3D('',#140,#141,#142);
#140 = CARTESIAN_POINT('',(0.,145.,0.));
#141 = DIRECTION('',(0.,1.,0.));
#142 = DIRECTION('',(0.,0.,1.));
#143 = DEFINITIONAL_REPRESENTATION('',(#144),#148);
#144 = LINE('',#145,#146);
#145 = CARTESIAN_POINT('',(0.,0.));
#146 = VECTOR('',#147,1.);
#147 = DIRECTION('',(1.,0.));
#148 = ( GEOMETRIC_REPRESENTATION_CONTEXT(2) 
PARAMETRIC_REPRESENTATION_CONTEXT() REPRESENTATION_CONTEXT('2D SPACE',''
  ) );
#149 = ORIENTED_EDGE('',*,*,#150,.F.);
#150 = EDGE_CURVE('',#62,#123,#151,.T.);
#151 = SURFACE_CURVE('',#152,(#156,#163),.PCURVE_S1.);
#152 = LINE('',#153,#154);
#153 = CARTESIAN_POINT('',(0.,0.,20.));
#154 = VECTOR('',#155,1.);
#155 = DIRECTION('',(0.,1.,0.));
#156 = PCURVE('',#70,#157);
#157 = DEFINITIONAL_REPRESENTATION('',(#158),#162);
#158 = LINE('',#159,#160);
#159 = CARTESIAN_POINT('',(20.,0.));
#160 = VECTOR('',#161,1.);
#161 = DIRECTION('',(0.,-1.));
#162 = ( GEOMETRIC_REPRESENTATION_CONTEXT(2) 
PARAMETRIC_REPRESENTATION_CONTEXT() REPRESENTATION_CONTEXT('2D SPACE',''
  ) );
#163 = PCURVE('',#164,#169);
#164 = PLANE('',#165);
#165 = AXIS2_PLACEMENT_3D('',#166,#167,#168);
#166 = CARTESIAN_POINT('',(0.,0.,20.));
#167 = DIRECTION('',(0.,0.,1.));
#168 = DIRECTION('',(1.,0.,0.));
#169 = DEFINITIONAL_REPRESENTATION('',(#170),#174);
#170 = LINE('',#171,#172);
#171 = CARTESIAN_POINT('',(0.,0.));
#172 = VECTOR('',#173,1.);
#173 = DIRECTION('',(0.,1.));
#174 = ( GEOMETRIC_REPRESENTATION_CONTEXT(2) 
PARAMETRIC_REPRESENTATION_CONTEXT() REPRESENTATION_CONTEXT('2D SPACE',''
  ) );
#175 = ADVANCED_FACE('',(#176),#82,.F.);
#176 = FACE_BOUND('',#177,.F.);
#177 = EDGE_LOOP('',(#178,#201,#202,#225));
#178 = ORIENTED_EDGE('',*,*,#179,.F.);
#179 = EDGE_CURVE('',#60,#180,#182,.T.);
#180 = VERTEX_POINT('',#181);
#181 = CARTESIAN_POINT('',(500.,0.,0.));
#182 = SURFACE_CURVE('',#183,(#187,#194),.PCURVE_S1.);
#183 = LINE('',#184,#185);
#184 = CARTESIAN_POINT('',(0.,0.,0.));
#185 = VECTOR('',#186,1.);
#186 = DIRECTION('',(1.,0.,0.));
#187 = PCURVE('',#82,#188);
#188 = DEFINITIONAL_REPRESENTATION('',(#189),#193);
#189 = LINE('',#190,#191);
#190 = CARTESIAN_POINT('',(0.,0.));
#191 = VECTOR('',#192,1.);
#192 = DIRECTION('',(0.,1.));
#193 = ( GEOMETRIC_REPRESENTATION_CONTEXT(2) 
PARAMETRIC_REPRESENTATION_CONTEXT() REPRESENTATION_CONTEXT('2D SPACE',''
  ) );
#194 = PCURVE('',#110,#195);
#195 = DEFINITIONAL_REPRESENTATION('',(#196),#200);
#196 = LINE('',#197,#198);
#197 = CARTESIAN_POINT('',(0.,0.));
#198 = VECTOR('',#199,1.);
#199 = DIRECTION('',(1.,0.));
#200 = ( GEOMETRIC_REPRESENTATION_CONTEXT(2) 
PARAMETRIC_REPRESENTATION_CONTEXT() REPRESENTATION_CONTEXT('2D SPACE',''
  ) );
#201 = ORIENTED_EDGE('',*,*,#59,.T.);
#202 = ORIENTED_EDGE('',*,*,#203,.T.);
#203 = EDGE_CURVE('',#62,#204,#206,.T.);
#204 = VERTEX_POINT('',#205);
#205 = CARTESIAN_POINT('',(500.,0.,20.));
#206 = SURFACE_CURVE('',#207,(#211,#218),.PCURVE_S1.);
#207 = LINE('',#208,#209);
#208 = CARTESIAN_POINT('',(0.,0.,20.));
#209 = VECTOR('',#210,1.);
#210 = DIRECTION('',(1.,0.,0.));
#211 = PCURVE('',#82,#212);
#212 = DEFINITIONAL_REPRESENTATION('',(#213),#217);
#213 = LINE('',#214,#215);
#214 = CARTESIAN_POINT('',(20.,0.));
#215 = VECTOR('',#216,1.);
#216 = DIRECTION('',(0.,1.));
#217 = ( GEOMETRIC_REPRESENTATION_CONTEXT(2) 
PARAMETRIC_REPRESENTATION_CONTEXT() REPRESENTATION_CONTEXT('2D SPACE',''
  ) );
#218 = PCURVE('',#164,#219);
#219 = DEFINITIONAL_REPRESENTATION('',(#220),#224);
#220 = LINE('',#221,#222);
#221 = CARTESIAN_POINT('',(0.,0.));
#222 = VECTOR('',#223,1.);
#223 = DIRECTION('',(1.,0.));
#224 = ( GEOMETRIC_REPRESENTATION_CONTEXT(2) 
PARAMETRIC_REPRESENTATION_CONTEXT() REPRESENTATION_CONTEXT('2D SPACE',''
  ) );
#225 = ORIENTED_EDGE('',*,*,#226,.F.);
#226 = EDGE_CURVE('',#180,#204,#227,.T.);
#227 = SURFACE_CURVE('',#228,(#232,#239),.PCURVE_S1.);
#228 = LINE('',#229,#230);
#229 = CARTESIAN_POINT('',(500.,0.,0.));
#230 = VECTOR('',#231,1.);
#231 = DIRECTION('',(0.,0.,1.));
#232 = PCURVE('',#82,#233);
#233 = DEFINITIONAL_REPRESENTATION('',(#234),#238);
#234 = LINE('',#235,#236);
#235 = CARTESIAN_POINT('',(0.,500.));
#236 = VECTOR('',#237,1.);
#237 = DIRECTION('',(1.,0.));
#238 = ( GEOMETRIC_REPRESENTATION_CONTEXT(2) 
PARAMETRIC_REPRESENTATION_CONTEXT() REPRESENTATION_CONTEXT('2D SPACE',''
  ) );
#239 = PCURVE('',#240,#245);
#240 = PLANE('',#241);
#241 = AXIS2_PLACEMENT_3D('',#242,#243,#244);
#242 = CARTESIAN_POINT('',(500.,0.,0.));
#243 = DIRECTION('',(1.,0.,0.));
#244 = DIRECTION('',(0.,0.,1.));
#245 = DEFINITIONAL_REPRESENTATION('',(#246),#250);
#246 = LINE('',#247,#248);
#247 = CARTESIAN_POINT('',(0.,0.));
#248 = VECTOR('',#249,1.);
#249 = DIRECTION('',(1.,0.));
#250 = ( GEOMETRIC_REPRESENTATION_CONTEXT(2) 
PARAMETRIC_REPRESENTATION_CONTEXT() REPRESENTATION_CONTEXT('2D SPACE',''
  ) );
#251 = ADVANCED_FACE('',(#252,#300,#335,#370,#405,#440,#475),#164,.T.);
#252 = FACE_BOUND('',#253,.T.);
#253 = EDGE_LOOP('',(#254,#255,#256,#279));
#254 = ORIENTED_EDGE('',*,*,#150,.F.);
#255 = ORIENTED_EDGE('',*,*,#203,.T.);
#256 = ORIENTED_EDGE('',*,*,#257,.T.);
#257 = EDGE_CURVE('',#204,#258,#260,.T.);
#258 = VERTEX_POINT('',#259);
#259 = CARTESIAN_POINT('',(500.,145.,20.));
#260 = SURFACE_CURVE('',#261,(#265,#272),.PCURVE_S1.);
#261 = LINE('',#262,#263);
#262 = CARTESIAN_POINT('',(500.,0.,20.));
#263 = VECTOR('',#264,1.);
#264 = DIRECTION('',(0.,1.,0.));
#265 = PCURVE('',#164,#266);
#266 = DEFINITIONAL_REPRESENTATION('',(#267),#271);
#267 = LINE('',#268,#269);
#268 = CARTESIAN_POINT('',(500.,0.));
#269 = VECTOR('',#270,1.);
#270 = DIRECTION('',(0.,1.));
#271 = ( GEOMETRIC_REPRESENTATION_CONTEXT(2) 
PARAMETRIC_REPRESENTATION_CONTEXT() REPRESENTATION_CONTEXT('2D SPACE',''
  ) );
#272 = PCURVE('',#240,#273);
#273 = DEFINITIONAL_REPRESENTATION('',(#274),#278);
#274 = LINE('',#275,#276);
#275 = CARTESIAN_POINT('',(20.,0.));
#276 = VECTOR('',#277,1.);
#277 = DIRECTION('',(0.,-1.));
#278 = ( GEOMETRIC_REPRESENTATION_CONTEXT(2) 
PARAMETRIC_REPRESENTATION_CONTEXT() REPRESENTATION_CONTEXT('2D SPACE',''
  ) );
#279 = ORIENTED_EDGE('',*,*,#280,.F.);
#280 = EDGE_CURVE('',#123,#258,#281,.T.);
#281 = SURFACE_CURVE('',#282,(#286,#293),.PCURVE_S1.);
#282 = LINE('',#283,#284);
#283 = CARTESIAN_POINT('',(0.,145.,20.));
#284 = VECTOR('',#285,1.);
#285 = DIRECTION('',(1.,0.,0.));
#286 = PCURVE('',#164,#287);
#287 = DEFINITIONAL_REPRESENTATION('',(#288),#292);
#288 = LINE('',#289,#290);
#289 = CARTESIAN_POINT('',(0.,145.));
#290 = VECTOR('',#291,1.);
#291 = DIRECTION('',(1.,0.));
#292 = ( GEOMETRIC_REPRESENTATION_CONTEXT(2) 
PARAMETRIC_REPRESENTATION_CONTEXT() REPRESENTATION_CONTEXT('2D SPACE',''
  ) );
#293 = PCURVE('',#138,#294);
#294 = DEFINITIONAL_REPRESENTATION('',(#295),#299);
#295 = LINE('',#296,#297);
#296 = CARTESIAN_POINT('',(20.,0.));
#297 = VECTOR('',#298,1.);
#298 = DIRECTION('',(0.,1.));
#299 = ( GEOMETRIC_REPRESENTATION_CONTEXT(2) 
PARAMETRIC_REPRESENTATION_CONTEXT() REPRESENTATION_CONTEXT('2D SPACE',''
  ) );
#300 = FACE_BOUND('',#301,.T.);
#301 = EDGE_LOOP('',(#302));
#302 = ORIENTED_EDGE('',*,*,#303,.T.);
#303 = EDGE_CURVE('',#304,#304,#306,.T.);
#304 = VERTEX_POINT('',#305);
#305 = CARTESIAN_POINT('',(26.25,10.,20.));
#306 = SURFACE_CURVE('',#307,(#312,#323),.PCURVE_S1.);
#307 = CIRCLE('',#308,1.25);
#308 = AXIS2_PLACEMENT_3D('',#309,#310,#311);
#309 = CARTESIAN_POINT('',(25.,10.,20.));
#310 = DIRECTION('',(0.,0.,-1.));
#311 = DIRECTION('',(1.,0.,0.));
#312 = PCURVE('',#164,#313);
#313 = DEFINITIONAL_REPRESENTATION('',(#314),#322);
#314 = ( BOUNDED_CURVE() B_SPLINE_CURVE(2,(#315,#316,#317,#318,#319,#320
,#321),.UNSPECIFIED.,.T.,.F.) B_SPLINE_CURVE_WITH_KNOTS((1,2,2,2,2,1),(
    -2.094395102393,0.,2.094395102393,4.188790204786,6.28318530718,
8.377580409573),.UNSPECIFIED.) CURVE() GEOMETRIC_REPRESENTATION_ITEM() 
RATIONAL_B_SPLINE_CURVE((1.,0.5,1.,0.5,1.,0.5,1.)) REPRESENTATION_ITEM(
  '') );
#315 = CARTESIAN_POINT('',(26.25,10.));
#316 = CARTESIAN_POINT('',(26.25,7.834936490539));
#317 = CARTESIAN_POINT('',(24.375,8.917468245269));
#318 = CARTESIAN_POINT('',(22.5,10.));
#319 = CARTESIAN_POINT('',(24.375,11.082531754731));
#320 = CARTESIAN_POINT('',(26.25,12.165063509461));
#321 = CARTESIAN_POINT('',(26.25,10.));
#322 = ( GEOMETRIC_REPRESENTATION_CONTEXT(2) 
PARAMETRIC_REPRESENTATION_CONTEXT() REPRESENTATION_CONTEXT('2D SPACE',''
  ) );
#323 = PCURVE('',#324,#329);
#324 = CYLINDRICAL_SURFACE('',#325,1.25);
#325 = AXIS2_PLACEMENT_3D('',#326,#327,#328);
#326 = CARTESIAN_POINT('',(25.,10.,-5.E-02));
#327 = DIRECTION('',(-0.,-0.,-1.));
#328 = DIRECTION('',(1.,0.,0.));
#329 = DEFINITIONAL_REPRESENTATION('',(#330),#334);
#330 = LINE('',#331,#332);
#331 = CARTESIAN_POINT('',(-6.28318530718,-20.05));
#332 = VECTOR('',#333,1.);
#333 = DIRECTION('',(1.,-0.));
#334 = ( GEOMETRIC_REPRESENTATION_CONTEXT(2) 
PARAMETRIC_REPRESENTATION_CONTEXT() REPRESENTATION_CONTEXT('2D SPACE',''
  ) );
#335 = FACE_BOUND('',#336,.T.);
#336 = EDGE_LOOP('',(#337));
#337 = ORIENTED_EDGE('',*,*,#338,.T.);
#338 = EDGE_CURVE('',#339,#339,#341,.T.);
#339 = VERTEX_POINT('',#340);
#340 = CARTESIAN_POINT('',(176.25,10.,20.));
#341 = SURFACE_CURVE('',#342,(#347,#358),.PCURVE_S1.);
#342 = CIRCLE('',#343,1.25);
#343 = AXIS2_PLACEMENT_3D('',#344,#345,#346);
#344 = CARTESIAN_POINT('',(175.,10.,20.));
#345 = DIRECTION('',(0.,0.,-1.));
#346 = DIRECTION('',(1.,0.,0.));
#347 = PCURVE('',#164,#348);
#348 = DEFINITIONAL_REPRESENTATION('',(#349),#357);
#349 = ( BOUNDED_CURVE() B_SPLINE_CURVE(2,(#350,#351,#352,#353,#354,#355
,#356),.UNSPECIFIED.,.T.,.F.) B_SPLINE_CURVE_WITH_KNOTS((1,2,2,2,2,1),(
    -2.094395102393,0.,2.094395102393,4.188790204786,6.28318530718,
8.377580409573),.UNSPECIFIED.) CURVE() GEOMETRIC_REPRESENTATION_ITEM() 
RATIONAL_B_SPLINE_CURVE((1.,0.5,1.,0.5,1.,0.5,1.)) REPRESENTATION_ITEM(
  '') );
#350 = CARTESIAN_POINT('',(176.25,10.));
#351 = CARTESIAN_POINT('',(176.25,7.834936490539));
#352 = CARTESIAN_POINT('',(174.375,8.917468245269));
#353 = CARTESIAN_POINT('',(172.5,10.));
#354 = CARTESIAN_POINT('',(174.375,11.082531754731));
#355 = CARTESIAN_POINT('',(176.25,12.165063509461));
#356 = CARTESIAN_POINT('',(176.25,10.));
#357 = ( GEOMETRIC_REPRESENTATION_CONTEXT(2) 
PARAMETRIC_REPRESENTATION_CONTEXT() REPRESENTATION_CONTEXT('2D SPACE',''
  ) );
#358 = PCURVE('',#359,#364);
#359 = CYLINDRICAL_SURFACE('',#360,1.25);
#360 = AXIS2_PLACEMENT_3D('',#361,#362,#363);
#361 = CARTESIAN_POINT('',(175.,10.,-5.E-02));
#362 = DIRECTION('',(-0.,-0.,-1.));
#363 = DIRECTION('',(1.,0.,0.));
#364 = DEFINITIONAL_REPRESENTATION('',(#365),#369);
#365 = LINE('',#366,#367);
#366 = CARTESIAN_POINT('',(-6.28318530718,-20.05));
#367 = VECTOR('',#368,1.);
#368 = DIRECTION('',(1.,-0.));
#369 = ( GEOMETRIC_REPRESENTATION_CONTEXT(2) 
PARAMETRIC_REPRESENTATION_CONTEXT() REPRESENTATION_CONTEXT('2D SPACE',''
  ) );
#370 = FACE_BOUND('',#371,.T.);
#371 = EDGE_LOOP('',(#372));
#372 = ORIENTED_EDGE('',*,*,#373,.T.);
#373 = EDGE_CURVE('',#374,#374,#376,.T.);
#374 = VERTEX_POINT('',#375);
#375 = CARTESIAN_POINT('',(11.25,45.,20.));
#376 = SURFACE_CURVE('',#377,(#382,#393),.PCURVE_S1.);
#377 = CIRCLE('',#378,1.25);
#378 = AXIS2_PLACEMENT_3D('',#379,#380,#381);
#379 = CARTESIAN_POINT('',(10.,45.,20.));
#380 = DIRECTION('',(0.,0.,-1.));
#381 = DIRECTION('',(1.,0.,0.));
#382 = PCURVE('',#164,#383);
#383 = DEFINITIONAL_REPRESENTATION('',(#384),#392);
#384 = ( BOUNDED_CURVE() B_SPLINE_CURVE(2,(#385,#386,#387,#388,#389,#390
,#391),.UNSPECIFIED.,.T.,.F.) B_SPLINE_CURVE_WITH_KNOTS((1,2,2,2,2,1),(
    -2.094395102393,0.,2.094395102393,4.188790204786,6.28318530718,
8.377580409573),.UNSPECIFIED.) CURVE() GEOMETRIC_REPRESENTATION_ITEM() 
RATIONAL_B_SPLINE_CURVE((1.,0.5,1.,0.5,1.,0.5,1.)) REPRESENTATION_ITEM(
  '') );
#385 = CARTESIAN_POINT('',(11.25,45.));
#386 = CARTESIAN_POINT('',(11.25,42.834936490539));
#387 = CARTESIAN_POINT('',(9.375,43.917468245269));
#388 = CARTESIAN_POINT('',(7.5,45.));
#389 = CARTESIAN_POINT('',(9.375,46.082531754731));
#390 = CARTESIAN_POINT('',(11.25,47.165063509461));
#391 = CARTESIAN_POINT('',(11.25,45.));
#392 = ( GEOMETRIC_REPRESENTATION_CONTEXT(2) 
PARAMETRIC_REPRESENTATION_CONTEXT() REPRESENTATION_CONTEXT('2D SPACE',''
  ) );
#393 = PCURVE('',#394,#399);
#394 = CYLINDRICAL_SURFACE('',#395,1.25);
#395 = AXIS2_PLACEMENT_3D('',#396,#397,#398);
#396 = CARTESIAN_POINT('',(10.,45.,-5.E-02));
#397 = DIRECTION('',(-0.,-0.,-1.));
#398 = DIRECTION('',(1.,0.,0.));
#399 = DEFINITIONAL_REPRESENTATION('',(#400),#404);
#400 = LINE('',#401,#402);
#401 = CARTESIAN_POINT('',(-6.28318530718,-20.05));
#402 = VECTOR('',#403,1.);
#403 = DIRECTION('',(1.,-0.));
#404 = ( GEOMETRIC_REPRESENTATION_CONTEXT(2) 
PARAMETRIC_REPRESENTATION_CONTEXT() REPRESENTATION_CONTEXT('2D SPACE',''
  ) );
#405 = FACE_BOUND('',#406,.T.);
#406 = EDGE_LOOP('',(#407));
#407 = ORIENTED_EDGE('',*,*,#408,.T.);
#408 = EDGE_CURVE('',#409,#409,#411,.T.);
#409 = VERTEX_POINT('',#410);
#410 = CARTESIAN_POINT('',(326.25,10.,20.));
#411 = SURFACE_CURVE('',#412,(#417,#428),.PCURVE_S1.);
#412 = CIRCLE('',#413,1.25);
#413 = AXIS2_PLACEMENT_3D('',#414,#415,#416);
#414 = CARTESIAN_POINT('',(325.,10.,20.));
#415 = DIRECTION('',(0.,0.,-1.));
#416 = DIRECTION('',(1.,0.,0.));
#417 = PCURVE('',#164,#418);
#418 = DEFINITIONAL_REPRESENTATION('',(#419),#427);
#419 = ( BOUNDED_CURVE() B_SPLINE_CURVE(2,(#420,#421,#422,#423,#424,#425
,#426),.UNSPECIFIED.,.T.,.F.) B_SPLINE_CURVE_WITH_KNOTS((1,2,2,2,2,1),(
    -2.094395102393,0.,2.094395102393,4.188790204786,6.28318530718,
8.377580409573),.UNSPECIFIED.) CURVE() GEOMETRIC_REPRESENTATION_ITEM() 
RATIONAL_B_SPLINE_CURVE((1.,0.5,1.,0.5,1.,0.5,1.)) REPRESENTATION_ITEM(
  '') );
#420 = CARTESIAN_POINT('',(326.25,10.));
#421 = CARTESIAN_POINT('',(326.25,7.834936490539));
#422 = CARTESIAN_POINT('',(324.375,8.917468245269));
#423 = CARTESIAN_POINT('',(322.5,10.));
#424 = CARTESIAN_POINT('',(324.375,11.082531754731));
#425 = CARTESIAN_POINT('',(326.25,12.165063509461));
#426 = CARTESIAN_POINT('',(326.25,10.));
#427 = ( GEOMETRIC_REPRESENTATION_CONTEXT(2) 
PARAMETRIC_REPRESENTATION_CONTEXT() REPRESENTATION_CONTEXT('2D SPACE',''
  ) );
#428 = PCURVE('',#429,#434);
#429 = CYLINDRICAL_SURFACE('',#430,1.25);
#430 = AXIS2_PLACEMENT_3D('',#431,#432,#433);
#431 = CARTESIAN_POINT('',(325.,10.,-5.E-02));
#432 = DIRECTION('',(-0.,-0.,-1.));
#433 = DIRECTION('',(1.,0.,0.));
#434 = DEFINITIONAL_REPRESENTATION('',(#435),#439);
#435 = LINE('',#436,#437);
#436 = CARTESIAN_POINT('',(-6.28318530718,-20.05));
#437 = VECTOR('',#438,1.);
#438 = DIRECTION('',(1.,-0.));
#439 = ( GEOMETRIC_REPRESENTATION_CONTEXT(2) 
PARAMETRIC_REPRESENTATION_CONTEXT() REPRESENTATION_CONTEXT('2D SPACE',''
  ) );
#440 = FACE_BOUND('',#441,.T.);
#441 = EDGE_LOOP('',(#442));
#442 = ORIENTED_EDGE('',*,*,#443,.T.);
#443 = EDGE_CURVE('',#444,#444,#446,.T.);
#444 = VERTEX_POINT('',#445);
#445 = CARTESIAN_POINT('',(476.25,10.,20.));
#446 = SURFACE_CURVE('',#447,(#452,#463),.PCURVE_S1.);
#447 = CIRCLE('',#448,1.25);
#448 = AXIS2_PLACEMENT_3D('',#449,#450,#451);
#449 = CARTESIAN_POINT('',(475.,10.,20.));
#450 = DIRECTION('',(0.,0.,-1.));
#451 = DIRECTION('',(1.,0.,0.));
#452 = PCURVE('',#164,#453);
#453 = DEFINITIONAL_REPRESENTATION('',(#454),#462);
#454 = ( BOUNDED_CURVE() B_SPLINE_CURVE(2,(#455,#456,#457,#458,#459,#460
,#461),.UNSPECIFIED.,.T.,.F.) B_SPLINE_CURVE_WITH_KNOTS((1,2,2,2,2,1),(
    -2.094395102393,0.,2.094395102393,4.188790204786,6.28318530718,
8.377580409573),.UNSPECIFIED.) CURVE() GEOMETRIC_REPRESENTATION_ITEM() 
RATIONAL_B_SPLINE_CURVE((1.,0.5,1.,0.5,1.,0.5,1.)) REPRESENTATION_ITEM(
  '') );
#455 = CARTESIAN_POINT('',(476.25,10.));
#456 = CARTESIAN_POINT('',(476.25,7.834936490539));
#457 = CARTESIAN_POINT('',(474.375,8.917468245269));
#458 = CARTESIAN_POINT('',(472.5,10.));
#459 = CARTESIAN_POINT('',(474.375,11.082531754731));
#460 = CARTESIAN_POINT('',(476.25,12.165063509461));
#461 = CARTESIAN_POINT('',(476.25,10.));
#462 = ( GEOMETRIC_REPRESENTATION_CONTEXT(2) 
PARAMETRIC_REPRESENTATION_CONTEXT() REPRESENTATION_CONTEXT('2D SPACE',''
  ) );
#463 = PCURVE('',#464,#469);
#464 = CYLINDRICAL_SURFACE('',#465,1.25);
#465 = AXIS2_PLACEMENT_3D('',#466,#467,#468);
#466 = CARTESIAN_POINT('',(475.,10.,-5.E-02));
#467 = DIRECTION('',(-0.,-0.,-1.));
#468 = DIRECTION('',(1.,0.,0.));
#469 = DEFINITIONAL_REPRESENTATION('',(#470),#474);
#470 = LINE('',#471,#472);
#471 = CARTESIAN_POINT('',(-6.28318530718,-20.05));
#472 = VECTOR('',#473,1.);
#473 = DIRECTION('',(1.,-0.));
#474 = ( GEOMETRIC_REPRESENTATION_CONTEXT(2) 
PARAMETRIC_REPRESENTATION_CONTEXT() REPRESENTATION_CONTEXT('2D SPACE',''
  ) );
#475 = FACE_BOUND('',#476,.T.);
#476 = EDGE_LOOP('',(#477));
#477 = ORIENTED_EDGE('',*,*,#478,.T.);
#478 = EDGE_CURVE('',#479,#479,#481,.T.);
#479 = VERTEX_POINT('',#480);
#480 = CARTESIAN_POINT('',(11.25,100.,20.));
#481 = SURFACE_CURVE('',#482,(#487,#498),.PCURVE_S1.);
#482 = CIRCLE('',#483,1.25);
#483 = AXIS2_PLACEMENT_3D('',#484,#485,#486);
#484 = CARTESIAN_POINT('',(10.,100.,20.));
#485 = DIRECTION('',(0.,0.,-1.));
#486 = DIRECTION('',(1.,0.,0.));
#487 = PCURVE('',#164,#488);
#488 = DEFINITIONAL_REPRESENTATION('',(#489),#497);
#489 = ( BOUNDED_CURVE() B_SPLINE_CURVE(2,(#490,#491,#492,#493,#494,#495
,#496),.UNSPECIFIED.,.T.,.F.) B_SPLINE_CURVE_WITH_KNOTS((1,2,2,2,2,1),(
    -2.094395102393,0.,2.094395102393,4.188790204786,6.28318530718,
8.377580409573),.UNSPECIFIED.) CURVE() GEOMETRIC_REPRESENTATION_ITEM() 
RATIONAL_B_SPLINE_CURVE((1.,0.5,1.,0.5,1.,0.5,1.)) REPRESENTATION_ITEM(
  '') );
#490 = CARTESIAN_POINT('',(11.25,100.));
#491 = CARTESIAN_POINT('',(11.25,97.834936490539));
#492 = CARTESIAN_POINT('',(9.375,98.917468245269));
#493 = CARTESIAN_POINT('',(7.5,100.));
#494 = CARTESIAN_POINT('',(9.375,101.08253175473));
#495 = CARTESIAN_POINT('',(11.25,102.16506350946));
#496 = CARTESIAN_POINT('',(11.25,100.));
#497 = ( GEOMETRIC_REPRESENTATION_CONTEXT(2) 
PARAMETRIC_REPRESENTATION_CONTEXT() REPRESENTATION_CONTEXT('2D SPACE',''
  ) );
#498 = PCURVE('',#499,#504);
#499 = CYLINDRICAL_SURFACE('',#500,1.25);
#500 = AXIS2_PLACEMENT_3D('',#501,#502,#503);
#501 = CARTESIAN_POINT('',(10.,100.,-5.E-02));
#502 = DIRECTION('',(-0.,-0.,-1.));
#503 = DIRECTION('',(1.,0.,0.));
#504 = DEFINITIONAL_REPRESENTATION('',(#505),#509);
#505 = LINE('',#506,#507);
#506 = CARTESIAN_POINT('',(-6.28318530718,-20.05));
#507 = VECTOR('',#508,1.);
#508 = DIRECTION('',(1.,-0.));
#509 = ( GEOMETRIC_REPRESENTATION_CONTEXT(2) 
PARAMETRIC_REPRESENTATION_CONTEXT() REPRESENTATION_CONTEXT('2D SPACE',''
  ) );
#510 = ADVANCED_FACE('',(#511),#138,.T.);
#511 = FACE_BOUND('',#512,.T.);
#512 = EDGE_LOOP('',(#513,#536,#537,#538));
#513 = ORIENTED_EDGE('',*,*,#514,.F.);
#514 = EDGE_CURVE('',#95,#515,#517,.T.);
#515 = VERTEX_POINT('',#516);
#516 = CARTESIAN_POINT('',(500.,145.,0.));
#517 = SURFACE_CURVE('',#518,(#522,#529),.PCURVE_S1.);
#518 = LINE('',#519,#520);
#519 = CARTESIAN_POINT('',(0.,145.,0.));
#520 = VECTOR('',#521,1.);
#521 = DIRECTION('',(1.,0.,0.));
#522 = PCURVE('',#138,#523);
#523 = DEFINITIONAL_REPRESENTATION('',(#524),#528);
#524 = LINE('',#525,#526);
#525 = CARTESIAN_POINT('',(0.,0.));
#526 = VECTOR('',#527,1.);
#527 = DIRECTION('',(0.,1.));
#528 = ( GEOMETRIC_REPRESENTATION_CONTEXT(2) 
PARAMETRIC_REPRESENTATION_CONTEXT() REPRESENTATION_CONTEXT('2D SPACE',''
  ) );
#529 = PCURVE('',#110,#530);
#530 = DEFINITIONAL_REPRESENTATION('',(#531),#535);
#531 = LINE('',#532,#533);
#532 = CARTESIAN_POINT('',(0.,145.));
#533 = VECTOR('',#534,1.);
#534 = DIRECTION('',(1.,0.));
#535 = ( GEOMETRIC_REPRESENTATION_CONTEXT(2) 
PARAMETRIC_REPRESENTATION_CONTEXT() REPRESENTATION_CONTEXT('2D SPACE',''
  ) );
#536 = ORIENTED_EDGE('',*,*,#122,.T.);
#537 = ORIENTED_EDGE('',*,*,#280,.T.);
#538 = ORIENTED_EDGE('',*,*,#539,.F.);
#539 = EDGE_CURVE('',#515,#258,#540,.T.);
#540 = SURFACE_CURVE('',#541,(#545,#552),.PCURVE_S1.);
#541 = LINE('',#542,#543);
#542 = CARTESIAN_POINT('',(500.,145.,0.));
#543 = VECTOR('',#544,1.);
#544 = DIRECTION('',(0.,0.,1.));
#545 = PCURVE('',#138,#546);
#546 = DEFINITIONAL_REPRESENTATION('',(#547),#551);
#547 = LINE('',#548,#549);
#548 = CARTESIAN_POINT('',(0.,500.));
#549 = VECTOR('',#550,1.);
#550 = DIRECTION('',(1.,0.));
#551 = ( GEOMETRIC_REPRESENTATION_CONTEXT(2) 
PARAMETRIC_REPRESENTATION_CONTEXT() REPRESENTATION_CONTEXT('2D SPACE',''
  ) );
#552 = PCURVE('',#240,#553);
#553 = DEFINITIONAL_REPRESENTATION('',(#554),#558);
#554 = LINE('',#555,#556);
#555 = CARTESIAN_POINT('',(0.,-145.));
#556 = VECTOR('',#557,1.);
#557 = DIRECTION('',(1.,0.));
#558 = ( GEOMETRIC_REPRESENTATION_CONTEXT(2) 
PARAMETRIC_REPRESENTATION_CONTEXT() REPRESENTATION_CONTEXT('2D SPACE',''
  ) );
#559 = ADVANCED_FACE('',(#560,#586,#617,#648,#679,#710,#741),#110,.F.);
#560 = FACE_BOUND('',#561,.F.);
#561 = EDGE_LOOP('',(#562,#563,#564,#585));
#562 = ORIENTED_EDGE('',*,*,#94,.F.);
#563 = ORIENTED_EDGE('',*,*,#179,.T.);
#564 = ORIENTED_EDGE('',*,*,#565,.T.);
#565 = EDGE_CURVE('',#180,#515,#566,.T.);
#566 = SURFACE_CURVE('',#567,(#571,#578),.PCURVE_S1.);
#567 = LINE('',#568,#569);
#568 = CARTESIAN_POINT('',(500.,0.,0.));
#569 = VECTOR('',#570,1.);
#570 = DIRECTION('',(0.,1.,0.));
#571 = PCURVE('',#110,#572);
#572 = DEFINITIONAL_REPRESENTATION('',(#573),#577);
#573 = LINE('',#574,#575);
#574 = CARTESIAN_POINT('',(500.,0.));
#575 = VECTOR('',#576,1.);
#576 = DIRECTION('',(0.,1.));
#577 = ( GEOMETRIC_REPRESENTATION_CONTEXT(2) 
PARAMETRIC_REPRESENTATION_CONTEXT() REPRESENTATION_CONTEXT('2D SPACE',''
  ) );
#578 = PCURVE('',#240,#579);
#579 = DEFINITIONAL_REPRESENTATION('',(#580),#584);
#580 = LINE('',#581,#582);
#581 = CARTESIAN_POINT('',(0.,0.));
#582 = VECTOR('',#583,1.);
#583 = DIRECTION('',(0.,-1.));
#584 = ( GEOMETRIC_REPRESENTATION_CONTEXT(2) 
PARAMETRIC_REPRESENTATION_CONTEXT() REPRESENTATION_CONTEXT('2D SPACE',''
  ) );
#585 = ORIENTED_EDGE('',*,*,#514,.F.);
#586 = FACE_BOUND('',#587,.F.);
#587 = EDGE_LOOP('',(#588));
#588 = ORIENTED_EDGE('',*,*,#589,.F.);
#589 = EDGE_CURVE('',#590,#590,#592,.T.);
#590 = VERTEX_POINT('',#591);
#591 = CARTESIAN_POINT('',(28.8,10.,0.));
#592 = SURFACE_CURVE('',#593,(#598,#605),.PCURVE_S1.);
#593 = CIRCLE('',#594,3.8);
#594 = AXIS2_PLACEMENT_3D('',#595,#596,#597);
#595 = CARTESIAN_POINT('',(25.,10.,0.));
#596 = DIRECTION('',(0.,0.,1.));
#597 = DIRECTION('',(1.,0.,-0.));
#598 = PCURVE('',#110,#599);
#599 = DEFINITIONAL_REPRESENTATION('',(#600),#604);
#600 = CIRCLE('',#601,3.8);
#601 = AXIS2_PLACEMENT_2D('',#602,#603);
#602 = CARTESIAN_POINT('',(25.,10.));
#603 = DIRECTION('',(1.,0.));
#604 = ( GEOMETRIC_REPRESENTATION_CONTEXT(2) 
PARAMETRIC_REPRESENTATION_CONTEXT() REPRESENTATION_CONTEXT('2D SPACE',''
  ) );
#605 = PCURVE('',#606,#611);
#606 = CONICAL_SURFACE('',#607,3.85,0.785398163397);
#607 = AXIS2_PLACEMENT_3D('',#608,#609,#610);
#608 = CARTESIAN_POINT('',(25.,10.,-5.E-02));
#609 = DIRECTION('',(-0.,-0.,-1.));
#610 = DIRECTION('',(1.,0.,-0.));
#611 = DEFINITIONAL_REPRESENTATION('',(#612),#616);
#612 = LINE('',#613,#614);
#613 = CARTESIAN_POINT('',(-0.,-5.E-02));
#614 = VECTOR('',#615,1.);
#615 = DIRECTION('',(-1.,-0.));
#616 = ( GEOMETRIC_REPRESENTATION_CONTEXT(2) 
PARAMETRIC_REPRESENTATION_CONTEXT() REPRESENTATION_CONTEXT('2D SPACE',''
  ) );
#617 = FACE_BOUND('',#618,.F.);
#618 = EDGE_LOOP('',(#619));
#619 = ORIENTED_EDGE('',*,*,#620,.F.);
#620 = EDGE_CURVE('',#621,#621,#623,.T.);
#621 = VERTEX_POINT('',#622);
#622 = CARTESIAN_POINT('',(178.8,10.,0.));
#623 = SURFACE_CURVE('',#624,(#629,#636),.PCURVE_S1.);
#624 = CIRCLE('',#625,3.8);
#625 = AXIS2_PLACEMENT_3D('',#626,#627,#628);
#626 = CARTESIAN_POINT('',(175.,10.,0.));
#627 = DIRECTION('',(0.,0.,1.));
#628 = DIRECTION('',(1.,0.,-0.));
#629 = PCURVE('',#110,#630);
#630 = DEFINITIONAL_REPRESENTATION('',(#631),#635);
#631 = CIRCLE('',#632,3.8);
#632 = AXIS2_PLACEMENT_2D('',#633,#634);
#633 = CARTESIAN_POINT('',(175.,10.));
#634 = DIRECTION('',(1.,0.));
#635 = ( GEOMETRIC_REPRESENTATION_CONTEXT(2) 
PARAMETRIC_REPRESENTATION_CONTEXT() REPRESENTATION_CONTEXT('2D SPACE',''
  ) );
#636 = PCURVE('',#637,#642);
#637 = CONICAL_SURFACE('',#638,3.85,0.785398163397);
#638 = AXIS2_PLACEMENT_3D('',#639,#640,#641);
#639 = CARTESIAN_POINT('',(175.,10.,-5.E-02));
#640 = DIRECTION('',(-0.,-0.,-1.));
#641 = DIRECTION('',(1.,0.,-0.));
#642 = DEFINITIONAL_REPRESENTATION('',(#643),#647);
#643 = LINE('',#644,#645);
#644 = CARTESIAN_POINT('',(-0.,-5.E-02));
#645 = VECTOR('',#646,1.);
#646 = DIRECTION('',(-1.,-0.));
#647 = ( GEOMETRIC_REPRESENTATION_CONTEXT(2) 
PARAMETRIC_REPRESENTATION_CONTEXT() REPRESENTATION_CONTEXT('2D SPACE',''
  ) );
#648 = FACE_BOUND('',#649,.F.);
#649 = EDGE_LOOP('',(#650));
#650 = ORIENTED_EDGE('',*,*,#651,.F.);
#651 = EDGE_CURVE('',#652,#652,#654,.T.);
#652 = VERTEX_POINT('',#653);
#653 = CARTESIAN_POINT('',(13.8,45.,-6.938893903907E-18));
#654 = SURFACE_CURVE('',#655,(#660,#667),.PCURVE_S1.);
#655 = CIRCLE('',#656,3.8);
#656 = AXIS2_PLACEMENT_3D('',#657,#658,#659);
#657 = CARTESIAN_POINT('',(10.,45.,0.));
#658 = DIRECTION('',(0.,0.,1.));
#659 = DIRECTION('',(1.,0.,-0.));
#660 = PCURVE('',#110,#661);
#661 = DEFINITIONAL_REPRESENTATION('',(#662),#666);
#662 = CIRCLE('',#663,3.8);
#663 = AXIS2_PLACEMENT_2D('',#664,#665);
#664 = CARTESIAN_POINT('',(10.,45.));
#665 = DIRECTION('',(1.,0.));
#666 = ( GEOMETRIC_REPRESENTATION_CONTEXT(2) 
PARAMETRIC_REPRESENTATION_CONTEXT() REPRESENTATION_CONTEXT('2D SPACE',''
  ) );
#667 = PCURVE('',#668,#673);
#668 = CONICAL_SURFACE('',#669,3.85,0.785398163397);
#669 = AXIS2_PLACEMENT_3D('',#670,#671,#672);
#670 = CARTESIAN_POINT('',(10.,45.,-5.E-02));
#671 = DIRECTION('',(-0.,-0.,-1.));
#672 = DIRECTION('',(1.,0.,-0.));
#673 = DEFINITIONAL_REPRESENTATION('',(#674),#678);
#674 = LINE('',#675,#676);
#675 = CARTESIAN_POINT('',(-0.,-5.E-02));
#676 = VECTOR('',#677,1.);
#677 = DIRECTION('',(-1.,-0.));
#678 = ( GEOMETRIC_REPRESENTATION_CONTEXT(2) 
PARAMETRIC_REPRESENTATION_CONTEXT() REPRESENTATION_CONTEXT('2D SPACE',''
  ) );
#679 = FACE_BOUND('',#680,.F.);
#680 = EDGE_LOOP('',(#681));
#681 = ORIENTED_EDGE('',*,*,#682,.F.);
#682 = EDGE_CURVE('',#683,#683,#685,.T.);
#683 = VERTEX_POINT('',#684);
#684 = CARTESIAN_POINT('',(328.8,10.,0.));
#685 = SURFACE_CURVE('',#686,(#691,#698),.PCURVE_S1.);
#686 = CIRCLE('',#687,3.8);
#687 = AXIS2_PLACEMENT_3D('',#688,#689,#690);
#688 = CARTESIAN_POINT('',(325.,10.,0.));
#689 = DIRECTION('',(0.,0.,1.));
#690 = DIRECTION('',(1.,0.,-0.));
#691 = PCURVE('',#110,#692);
#692 = DEFINITIONAL_REPRESENTATION('',(#693),#697);
#693 = CIRCLE('',#694,3.8);
#694 = AXIS2_PLACEMENT_2D('',#695,#696);
#695 = CARTESIAN_POINT('',(325.,10.));
#696 = DIRECTION('',(1.,0.));
#697 = ( GEOMETRIC_REPRESENTATION_CONTEXT(2) 
PARAMETRIC_REPRESENTATION_CONTEXT() REPRESENTATION_CONTEXT('2D SPACE',''
  ) );
#698 = PCURVE('',#699,#704);
#699 = CONICAL_SURFACE('',#700,3.85,0.785398163397);
#700 = AXIS2_PLACEMENT_3D('',#701,#702,#703);
#701 = CARTESIAN_POINT('',(325.,10.,-5.E-02));
#702 = DIRECTION('',(-0.,-0.,-1.));
#703 = DIRECTION('',(1.,0.,-0.));
#704 = DEFINITIONAL_REPRESENTATION('',(#705),#709);
#705 = LINE('',#706,#707);
#706 = CARTESIAN_POINT('',(-0.,-5.E-02));
#707 = VECTOR('',#708,1.);
#708 = DIRECTION('',(-1.,-0.));
#709 = ( GEOMETRIC_REPRESENTATION_CONTEXT(2) 
PARAMETRIC_REPRESENTATION_CONTEXT() REPRESENTATION_CONTEXT('2D SPACE',''
  ) );
#710 = FACE_BOUND('',#711,.F.);
#711 = EDGE_LOOP('',(#712));
#712 = ORIENTED_EDGE('',*,*,#713,.F.);
#713 = EDGE_CURVE('',#714,#714,#716,.T.);
#714 = VERTEX_POINT('',#715);
#715 = CARTESIAN_POINT('',(478.8,10.,0.));
#716 = SURFACE_CURVE('',#717,(#722,#729),.PCURVE_S1.);
#717 = CIRCLE('',#718,3.8);
#718 = AXIS2_PLACEMENT_3D('',#719,#720,#721);
#719 = CARTESIAN_POINT('',(475.,10.,0.));
#720 = DIRECTION('',(0.,0.,1.));
#721 = DIRECTION('',(1.,0.,-0.));
#722 = PCURVE('',#110,#723);
#723 = DEFINITIONAL_REPRESENTATION('',(#724),#728);
#724 = CIRCLE('',#725,3.8);
#725 = AXIS2_PLACEMENT_2D('',#726,#727);
#726 = CARTESIAN_POINT('',(475.,10.));
#727 = DIRECTION('',(1.,0.));
#728 = ( GEOMETRIC_REPRESENTATION_CONTEXT(2) 
PARAMETRIC_REPRESENTATION_CONTEXT() REPRESENTATION_CONTEXT('2D SPACE',''
  ) );
#729 = PCURVE('',#730,#735);
#730 = CONICAL_SURFACE('',#731,3.85,0.785398163397);
#731 = AXIS2_PLACEMENT_3D('',#732,#733,#734);
#732 = CARTESIAN_POINT('',(475.,10.,-5.E-02));
#733 = DIRECTION('',(-0.,-0.,-1.));
#734 = DIRECTION('',(1.,0.,-0.));
#735 = DEFINITIONAL_REPRESENTATION('',(#736),#740);
#736 = LINE('',#737,#738);
#737 = CARTESIAN_POINT('',(-0.,-5.E-02));
#738 = VECTOR('',#739,1.);
#739 = DIRECTION('',(-1.,-0.));
#740 = ( GEOMETRIC_REPRESENTATION_CONTEXT(2) 
PARAMETRIC_REPRESENTATION_CONTEXT() REPRESENTATION_CONTEXT('2D SPACE',''
  ) );
#741 = FACE_BOUND('',#742,.F.);
#742 = EDGE_LOOP('',(#743));
#743 = ORIENTED_EDGE('',*,*,#744,.F.);
#744 = EDGE_CURVE('',#745,#745,#747,.T.);
#745 = VERTEX_POINT('',#746);
#746 = CARTESIAN_POINT('',(13.8,100.,-6.938893903907E-18));
#747 = SURFACE_CURVE('',#748,(#753,#760),.PCURVE_S1.);
#748 = CIRCLE('',#749,3.8);
#749 = AXIS2_PLACEMENT_3D('',#750,#751,#752);
#750 = CARTESIAN_POINT('',(10.,100.,0.));
#751 = DIRECTION('',(0.,0.,1.));
#752 = DIRECTION('',(1.,0.,-0.));
#753 = PCURVE('',#110,#754);
#754 = DEFINITIONAL_REPRESENTATION('',(#755),#759);
#755 = CIRCLE('',#756,3.8);
#756 = AXIS2_PLACEMENT_2D('',#757,#758);
#757 = CARTESIAN_POINT('',(10.,100.));
#758 = DIRECTION('',(1.,0.));
#759 = ( GEOMETRIC_REPRESENTATION_CONTEXT(2) 
PARAMETRIC_REPRESENTATION_CONTEXT() REPRESENTATION_CONTEXT('2D SPACE',''
  ) );
#760 = PCURVE('',#761,#766);
#761 = CONICAL_SURFACE('',#762,3.85,0.785398163397);
#762 = AXIS2_PLACEMENT_3D('',#763,#764,#765);
#763 = CARTESIAN_POINT('',(10.,100.,-5.E-02));
#764 = DIRECTION('',(-0.,-0.,-1.));
#765 = DIRECTION('',(1.,0.,-0.));
#766 = DEFINITIONAL_REPRESENTATION('',(#767),#771);
#767 = LINE('',#768,#769);
#768 = CARTESIAN_POINT('',(-0.,-5.E-02));
#769 = VECTOR('',#770,1.);
#770 = DIRECTION('',(-1.,-0.));
#771 = ( GEOMETRIC_REPRESENTATION_CONTEXT(2) 
PARAMETRIC_REPRESENTATION_CONTEXT() REPRESENTATION_CONTEXT('2D SPACE',''
  ) );
#772 = ADVANCED_FACE('',(#773),#240,.T.);
#773 = FACE_BOUND('',#774,.T.);
#774 = EDGE_LOOP('',(#775,#776,#777,#778));
#775 = ORIENTED_EDGE('',*,*,#226,.F.);
#776 = ORIENTED_EDGE('',*,*,#565,.T.);
#777 = ORIENTED_EDGE('',*,*,#539,.T.);
#778 = ORIENTED_EDGE('',*,*,#257,.F.);
#779 = ADVANCED_FACE('',(#780),#324,.F.);
#780 = FACE_BOUND('',#781,.T.);
#781 = EDGE_LOOP('',(#782,#805,#827,#828));
#782 = ORIENTED_EDGE('',*,*,#783,.F.);
#783 = EDGE_CURVE('',#784,#304,#786,.T.);
#784 = VERTEX_POINT('',#785);
#785 = CARTESIAN_POINT('',(26.25,10.,2.55));
#786 = SEAM_CURVE('',#787,(#791,#798),.PCURVE_S1.);
#787 = LINE('',#788,#789);
#788 = CARTESIAN_POINT('',(26.25,10.,-5.E-02));
#789 = VECTOR('',#790,1.);
#790 = DIRECTION('',(0.,0.,1.));
#791 = PCURVE('',#324,#792);
#792 = DEFINITIONAL_REPRESENTATION('',(#793),#797);
#793 = LINE('',#794,#795);
#794 = CARTESIAN_POINT('',(-6.28318530718,0.));
#795 = VECTOR('',#796,1.);
#796 = DIRECTION('',(-0.,-1.));
#797 = ( GEOMETRIC_REPRESENTATION_CONTEXT(2) 
PARAMETRIC_REPRESENTATION_CONTEXT() REPRESENTATION_CONTEXT('2D SPACE',''
  ) );
#798 = PCURVE('',#324,#799);
#799 = DEFINITIONAL_REPRESENTATION('',(#800),#804);
#800 = LINE('',#801,#802);
#801 = CARTESIAN_POINT('',(-0.,0.));
#802 = VECTOR('',#803,1.);
#803 = DIRECTION('',(-0.,-1.));
#804 = ( GEOMETRIC_REPRESENTATION_CONTEXT(2) 
PARAMETRIC_REPRESENTATION_CONTEXT() REPRESENTATION_CONTEXT('2D SPACE',''
  ) );
#805 = ORIENTED_EDGE('',*,*,#806,.F.);
#806 = EDGE_CURVE('',#784,#784,#807,.T.);
#807 = SURFACE_CURVE('',#808,(#813,#820),.PCURVE_S1.);
#808 = CIRCLE('',#809,1.25);
#809 = AXIS2_PLACEMENT_3D('',#810,#811,#812);
#810 = CARTESIAN_POINT('',(25.,10.,2.55));
#811 = DIRECTION('',(0.,0.,1.));
#812 = DIRECTION('',(1.,0.,-0.));
#813 = PCURVE('',#324,#814);
#814 = DEFINITIONAL_REPRESENTATION('',(#815),#819);
#815 = LINE('',#816,#817);
#816 = CARTESIAN_POINT('',(-0.,-2.6));
#817 = VECTOR('',#818,1.);
#818 = DIRECTION('',(-1.,0.));
#819 = ( GEOMETRIC_REPRESENTATION_CONTEXT(2) 
PARAMETRIC_REPRESENTATION_CONTEXT() REPRESENTATION_CONTEXT('2D SPACE',''
  ) );
#820 = PCURVE('',#606,#821);
#821 = DEFINITIONAL_REPRESENTATION('',(#822),#826);
#822 = LINE('',#823,#824);
#823 = CARTESIAN_POINT('',(-0.,-2.6));
#824 = VECTOR('',#825,1.);
#825 = DIRECTION('',(-1.,-0.));
#826 = ( GEOMETRIC_REPRESENTATION_CONTEXT(2) 
PARAMETRIC_REPRESENTATION_CONTEXT() REPRESENTATION_CONTEXT('2D SPACE',''
  ) );
#827 = ORIENTED_EDGE('',*,*,#783,.T.);
#828 = ORIENTED_EDGE('',*,*,#303,.F.);
#829 = ADVANCED_FACE('',(#830),#359,.F.);
#830 = FACE_BOUND('',#831,.T.);
#831 = EDGE_LOOP('',(#832,#855,#877,#878));
#832 = ORIENTED_EDGE('',*,*,#833,.F.);
#833 = EDGE_CURVE('',#834,#339,#836,.T.);
#834 = VERTEX_POINT('',#835);
#835 = CARTESIAN_POINT('',(176.25,10.,2.55));
#836 = SEAM_CURVE('',#837,(#841,#848),.PCURVE_S1.);
#837 = LINE('',#838,#839);
#838 = CARTESIAN_POINT('',(176.25,10.,-5.E-02));
#839 = VECTOR('',#840,1.);
#840 = DIRECTION('',(0.,0.,1.));
#841 = PCURVE('',#359,#842);
#842 = DEFINITIONAL_REPRESENTATION('',(#843),#847);
#843 = LINE('',#844,#845);
#844 = CARTESIAN_POINT('',(-6.28318530718,0.));
#845 = VECTOR('',#846,1.);
#846 = DIRECTION('',(-0.,-1.));
#847 = ( GEOMETRIC_REPRESENTATION_CONTEXT(2) 
PARAMETRIC_REPRESENTATION_CONTEXT() REPRESENTATION_CONTEXT('2D SPACE',''
  ) );
#848 = PCURVE('',#359,#849);
#849 = DEFINITIONAL_REPRESENTATION('',(#850),#854);
#850 = LINE('',#851,#852);
#851 = CARTESIAN_POINT('',(-0.,0.));
#852 = VECTOR('',#853,1.);
#853 = DIRECTION('',(-0.,-1.));
#854 = ( GEOMETRIC_REPRESENTATION_CONTEXT(2) 
PARAMETRIC_REPRESENTATION_CONTEXT() REPRESENTATION_CONTEXT('2D SPACE',''
  ) );
#855 = ORIENTED_EDGE('',*,*,#856,.F.);
#856 = EDGE_CURVE('',#834,#834,#857,.T.);
#857 = SURFACE_CURVE('',#858,(#863,#870),.PCURVE_S1.);
#858 = CIRCLE('',#859,1.25);
#859 = AXIS2_PLACEMENT_3D('',#860,#861,#862);
#860 = CARTESIAN_POINT('',(175.,10.,2.55));
#861 = DIRECTION('',(0.,0.,1.));
#862 = DIRECTION('',(1.,0.,-0.));
#863 = PCURVE('',#359,#864);
#864 = DEFINITIONAL_REPRESENTATION('',(#865),#869);
#865 = LINE('',#866,#867);
#866 = CARTESIAN_POINT('',(-0.,-2.6));
#867 = VECTOR('',#868,1.);
#868 = DIRECTION('',(-1.,0.));
#869 = ( GEOMETRIC_REPRESENTATION_CONTEXT(2) 
PARAMETRIC_REPRESENTATION_CONTEXT() REPRESENTATION_CONTEXT('2D SPACE',''
  ) );
#870 = PCURVE('',#637,#871);
#871 = DEFINITIONAL_REPRESENTATION('',(#872),#876);
#872 = LINE('',#873,#874);
#873 = CARTESIAN_POINT('',(-0.,-2.6));
#874 = VECTOR('',#875,1.);
#875 = DIRECTION('',(-1.,-0.));
#876 = ( GEOMETRIC_REPRESENTATION_CONTEXT(2) 
PARAMETRIC_REPRESENTATION_CONTEXT() REPRESENTATION_CONTEXT('2D SPACE',''
  ) );
#877 = ORIENTED_EDGE('',*,*,#833,.T.);
#878 = ORIENTED_EDGE('',*,*,#338,.F.);
#879 = ADVANCED_FACE('',(#880),#394,.F.);
#880 = FACE_BOUND('',#881,.T.);
#881 = EDGE_LOOP('',(#882,#905,#927,#928));
#882 = ORIENTED_EDGE('',*,*,#883,.F.);
#883 = EDGE_CURVE('',#884,#374,#886,.T.);
#884 = VERTEX_POINT('',#885);
#885 = CARTESIAN_POINT('',(11.25,45.,2.55));
#886 = SEAM_CURVE('',#887,(#891,#898),.PCURVE_S1.);
#887 = LINE('',#888,#889);
#888 = CARTESIAN_POINT('',(11.25,45.,-5.E-02));
#889 = VECTOR('',#890,1.);
#890 = DIRECTION('',(0.,0.,1.));
#891 = PCURVE('',#394,#892);
#892 = DEFINITIONAL_REPRESENTATION('',(#893),#897);
#893 = LINE('',#894,#895);
#894 = CARTESIAN_POINT('',(-6.28318530718,0.));
#895 = VECTOR('',#896,1.);
#896 = DIRECTION('',(-0.,-1.));
#897 = ( GEOMETRIC_REPRESENTATION_CONTEXT(2) 
PARAMETRIC_REPRESENTATION_CONTEXT() REPRESENTATION_CONTEXT('2D SPACE',''
  ) );
#898 = PCURVE('',#394,#899);
#899 = DEFINITIONAL_REPRESENTATION('',(#900),#904);
#900 = LINE('',#901,#902);
#901 = CARTESIAN_POINT('',(-0.,0.));
#902 = VECTOR('',#903,1.);
#903 = DIRECTION('',(-0.,-1.));
#904 = ( GEOMETRIC_REPRESENTATION_CONTEXT(2) 
PARAMETRIC_REPRESENTATION_CONTEXT() REPRESENTATION_CONTEXT('2D SPACE',''
  ) );
#905 = ORIENTED_EDGE('',*,*,#906,.F.);
#906 = EDGE_CURVE('',#884,#884,#907,.T.);
#907 = SURFACE_CURVE('',#908,(#913,#920),.PCURVE_S1.);
#908 = CIRCLE('',#909,1.25);
#909 = AXIS2_PLACEMENT_3D('',#910,#911,#912);
#910 = CARTESIAN_POINT('',(10.,45.,2.55));
#911 = DIRECTION('',(0.,0.,1.));
#912 = DIRECTION('',(1.,0.,-0.));
#913 = PCURVE('',#394,#914);
#914 = DEFINITIONAL_REPRESENTATION('',(#915),#919);
#915 = LINE('',#916,#917);
#916 = CARTESIAN_POINT('',(-0.,-2.6));
#917 = VECTOR('',#918,1.);
#918 = DIRECTION('',(-1.,0.));
#919 = ( GEOMETRIC_REPRESENTATION_CONTEXT(2) 
PARAMETRIC_REPRESENTATION_CONTEXT() REPRESENTATION_CONTEXT('2D SPACE',''
  ) );
#920 = PCURVE('',#668,#921);
#921 = DEFINITIONAL_REPRESENTATION('',(#922),#926);
#922 = LINE('',#923,#924);
#923 = CARTESIAN_POINT('',(-0.,-2.6));
#924 = VECTOR('',#925,1.);
#925 = DIRECTION('',(-1.,-0.));
#926 = ( GEOMETRIC_REPRESENTATION_CONTEXT(2) 
PARAMETRIC_REPRESENTATION_CONTEXT() REPRESENTATION_CONTEXT('2D SPACE',''
  ) );
#927 = ORIENTED_EDGE('',*,*,#883,.T.);
#928 = ORIENTED_EDGE('',*,*,#373,.F.);
#929 = ADVANCED_FACE('',(#930),#429,.F.);
#930 = FACE_BOUND('',#931,.T.);
#931 = EDGE_LOOP('',(#932,#955,#977,#978));
#932 = ORIENTED_EDGE('',*,*,#933,.F.);
#933 = EDGE_CURVE('',#934,#409,#936,.T.);
#934 = VERTEX_POINT('',#935);
#935 = CARTESIAN_POINT('',(326.25,10.,2.55));
#936 = SEAM_CURVE('',#937,(#941,#948),.PCURVE_S1.);
#937 = LINE('',#938,#939);
#938 = CARTESIAN_POINT('',(326.25,10.,-5.E-02));
#939 = VECTOR('',#940,1.);
#940 = DIRECTION('',(0.,0.,1.));
#941 = PCURVE('',#429,#942);
#942 = DEFINITIONAL_REPRESENTATION('',(#943),#947);
#943 = LINE('',#944,#945);
#944 = CARTESIAN_POINT('',(-6.28318530718,0.));
#945 = VECTOR('',#946,1.);
#946 = DIRECTION('',(-0.,-1.));
#947 = ( GEOMETRIC_REPRESENTATION_CONTEXT(2) 
PARAMETRIC_REPRESENTATION_CONTEXT() REPRESENTATION_CONTEXT('2D SPACE',''
  ) );
#948 = PCURVE('',#429,#949);
#949 = DEFINITIONAL_REPRESENTATION('',(#950),#954);
#950 = LINE('',#951,#952);
#951 = CARTESIAN_POINT('',(-0.,0.));
#952 = VECTOR('',#953,1.);
#953 = DIRECTION('',(-0.,-1.));
#954 = ( GEOMETRIC_REPRESENTATION_CONTEXT(2) 
PARAMETRIC_REPRESENTATION_CONTEXT() REPRESENTATION_CONTEXT('2D SPACE',''
  ) );
#955 = ORIENTED_EDGE('',*,*,#956,.F.);
#956 = EDGE_CURVE('',#934,#934,#957,.T.);
#957 = SURFACE_CURVE('',#958,(#963,#970),.PCURVE_S1.);
#958 = CIRCLE('',#959,1.25);
#959 = AXIS2_PLACEMENT_3D('',#960,#961,#962);
#960 = CARTESIAN_POINT('',(325.,10.,2.55));
#961 = DIRECTION('',(0.,0.,1.));
#962 = DIRECTION('',(1.,0.,-0.));
#963 = PCURVE('',#429,#964);
#964 = DEFINITIONAL_REPRESENTATION('',(#965),#969);
#965 = LINE('',#966,#967);
#966 = CARTESIAN_POINT('',(-0.,-2.6));
#967 = VECTOR('',#968,1.);
#968 = DIRECTION('',(-1.,0.));
#969 = ( GEOMETRIC_REPRESENTATION_CONTEXT(2) 
PARAMETRIC_REPRESENTATION_CONTEXT() REPRESENTATION_CONTEXT('2D SPACE',''
  ) );
#970 = PCURVE('',#699,#971);
#971 = DEFINITIONAL_REPRESENTATION('',(#972),#976);
#972 = LINE('',#973,#974);
#973 = CARTESIAN_POINT('',(-0.,-2.6));
#974 = VECTOR('',#975,1.);
#975 = DIRECTION('',(-1.,-0.));
#976 = ( GEOMETRIC_REPRESENTATION_CONTEXT(2) 
PARAMETRIC_REPRESENTATION_CONTEXT() REPRESENTATION_CONTEXT('2D SPACE',''
  ) );
#977 = ORIENTED_EDGE('',*,*,#933,.T.);
#978 = ORIENTED_EDGE('',*,*,#408,.F.);
#979 = ADVANCED_FACE('',(#980),#464,.F.);
#980 = FACE_BOUND('',#981,.T.);
#981 = EDGE_LOOP('',(#982,#1005,#1027,#1028));
#982 = ORIENTED_EDGE('',*,*,#983,.F.);
#983 = EDGE_CURVE('',#984,#444,#986,.T.);
#984 = VERTEX_POINT('',#985);
#985 = CARTESIAN_POINT('',(476.25,10.,2.55));
#986 = SEAM_CURVE('',#987,(#991,#998),.PCURVE_S1.);
#987 = LINE('',#988,#989);
#988 = CARTESIAN_POINT('',(476.25,10.,-5.E-02));
#989 = VECTOR('',#990,1.);
#990 = DIRECTION('',(0.,0.,1.));
#991 = PCURVE('',#464,#992);
#992 = DEFINITIONAL_REPRESENTATION('',(#993),#997);
#993 = LINE('',#994,#995);
#994 = CARTESIAN_POINT('',(-6.28318530718,0.));
#995 = VECTOR('',#996,1.);
#996 = DIRECTION('',(-0.,-1.));
#997 = ( GEOMETRIC_REPRESENTATION_CONTEXT(2) 
PARAMETRIC_REPRESENTATION_CONTEXT() REPRESENTATION_CONTEXT('2D SPACE',''
  ) );
#998 = PCURVE('',#464,#999);
#999 = DEFINITIONAL_REPRESENTATION('',(#1000),#1004);
#1000 = LINE('',#1001,#1002);
#1001 = CARTESIAN_POINT('',(-0.,0.));
#1002 = VECTOR('',#1003,1.);
#1003 = DIRECTION('',(-0.,-1.));
#1004 = ( GEOMETRIC_REPRESENTATION_CONTEXT(2) 
PARAMETRIC_REPRESENTATION_CONTEXT() REPRESENTATION_CONTEXT('2D SPACE',''
  ) );
#1005 = ORIENTED_EDGE('',*,*,#1006,.F.);
#1006 = EDGE_CURVE('',#984,#984,#1007,.T.);
#1007 = SURFACE_CURVE('',#1008,(#1013,#1020),.PCURVE_S1.);
#1008 = CIRCLE('',#1009,1.25);
#1009 = AXIS2_PLACEMENT_3D('',#1010,#1011,#1012);
#1010 = CARTESIAN_POINT('',(475.,10.,2.55));
#1011 = DIRECTION('',(0.,0.,1.));
#1012 = DIRECTION('',(1.,0.,-0.));
#1013 = PCURVE('',#464,#1014);
#1014 = DEFINITIONAL_REPRESENTATION('',(#1015),#1019);
#1015 = LINE('',#1016,#1017);
#1016 = CARTESIAN_POINT('',(-0.,-2.6));
#1017 = VECTOR('',#1018,1.);
#1018 = DIRECTION('',(-1.,0.));
#1019 = ( GEOMETRIC_REPRESENTATION_CONTEXT(2) 
PARAMETRIC_REPRESENTATION_CONTEXT() REPRESENTATION_CONTEXT('2D SPACE',''
  ) );
#1020 = PCURVE('',#730,#1021);
#1021 = DEFINITIONAL_REPRESENTATION('',(#1022),#1026);
#1022 = LINE('',#1023,#1024);
#1023 = CARTESIAN_POINT('',(-0.,-2.6));
#1024 = VECTOR('',#1025,1.);
#1025 = DIRECTION('',(-1.,-0.));
#1026 = ( GEOMETRIC_REPRESENTATION_CONTEXT(2) 
PARAMETRIC_REPRESENTATION_CONTEXT() REPRESENTATION_CONTEXT('2D SPACE',''
  ) );
#1027 = ORIENTED_EDGE('',*,*,#983,.T.);
#1028 = ORIENTED_EDGE('',*,*,#443,.F.);
#1029 = ADVANCED_FACE('',(#1030),#499,.F.);
#1030 = FACE_BOUND('',#1031,.T.);
#1031 = EDGE_LOOP('',(#1032,#1055,#1077,#1078));
#1032 = ORIENTED_EDGE('',*,*,#1033,.F.);
#1033 = EDGE_CURVE('',#1034,#479,#1036,.T.);
#1034 = VERTEX_POINT('',#1035);
#1035 = CARTESIAN_POINT('',(11.25,100.,2.55));
#1036 = SEAM_CURVE('',#1037,(#1041,#1048),.PCURVE_S1.);
#1037 = LINE('',#1038,#1039);
#1038 = CARTESIAN_POINT('',(11.25,100.,-5.E-02));
#1039 = VECTOR('',#1040,1.);
#1040 = DIRECTION('',(0.,0.,1.));
#1041 = PCURVE('',#499,#1042);
#1042 = DEFINITIONAL_REPRESENTATION('',(#1043),#1047);
#1043 = LINE('',#1044,#1045);
#1044 = CARTESIAN_POINT('',(-6.28318530718,0.));
#1045 = VECTOR('',#1046,1.);
#1046 = DIRECTION('',(-0.,-1.));
#1047 = ( GEOMETRIC_REPRESENTATION_CONTEXT(2) 
PARAMETRIC_REPRESENTATION_CONTEXT() REPRESENTATION_CONTEXT('2D SPACE',''
  ) );
#1048 = PCURVE('',#499,#1049);
#1049 = DEFINITIONAL_REPRESENTATION('',(#1050),#1054);
#1050 = LINE('',#1051,#1052);
#1051 = CARTESIAN_POINT('',(-0.,0.));
#1052 = VECTOR('',#1053,1.);
#1053 = DIRECTION('',(-0.,-1.));
#1054 = ( GEOMETRIC_REPRESENTATION_CONTEXT(2) 
PARAMETRIC_REPRESENTATION_CONTEXT() REPRESENTATION_CONTEXT('2D SPACE',''
  ) );
#1055 = ORIENTED_EDGE('',*,*,#1056,.F.);
#1056 = EDGE_CURVE('',#1034,#1034,#1057,.T.);
#1057 = SURFACE_CURVE('',#1058,(#1063,#1070),.PCURVE_S1.);
#1058 = CIRCLE('',#1059,1.25);
#1059 = AXIS2_PLACEMENT_3D('',#1060,#1061,#1062);
#1060 = CARTESIAN_POINT('',(10.,100.,2.55));
#1061 = DIRECTION('',(0.,0.,1.));
#1062 = DIRECTION('',(1.,0.,-0.));
#1063 = PCURVE('',#499,#1064);
#1064 = DEFINITIONAL_REPRESENTATION('',(#1065),#1069);
#1065 = LINE('',#1066,#1067);
#1066 = CARTESIAN_POINT('',(-0.,-2.6));
#1067 = VECTOR('',#1068,1.);
#1068 = DIRECTION('',(-1.,0.));
#1069 = ( GEOMETRIC_REPRESENTATION_CONTEXT(2) 
PARAMETRIC_REPRESENTATION_CONTEXT() REPRESENTATION_CONTEXT('2D SPACE',''
  ) );
#1070 = PCURVE('',#761,#1071);
#1071 = DEFINITIONAL_REPRESENTATION('',(#1072),#1076);
#1072 = LINE('',#1073,#1074);
#1073 = CARTESIAN_POINT('',(-0.,-2.6));
#1074 = VECTOR('',#1075,1.);
#1075 = DIRECTION('',(-1.,-0.));
#1076 = ( GEOMETRIC_REPRESENTATION_CONTEXT(2) 
PARAMETRIC_REPRESENTATION_CONTEXT() REPRESENTATION_CONTEXT('2D SPACE',''
  ) );
#1077 = ORIENTED_EDGE('',*,*,#1033,.T.);
#1078 = ORIENTED_EDGE('',*,*,#478,.F.);
#1079 = ADVANCED_FACE('',(#1080),#606,.F.);
#1080 = FACE_BOUND('',#1081,.F.);
#1081 = EDGE_LOOP('',(#1082,#1103,#1104,#1105));
#1082 = ORIENTED_EDGE('',*,*,#1083,.T.);
#1083 = EDGE_CURVE('',#590,#784,#1084,.T.);
#1084 = SEAM_CURVE('',#1085,(#1089,#1096),.PCURVE_S1.);
#1085 = LINE('',#1086,#1087);
#1086 = CARTESIAN_POINT('',(28.85,10.,-5.E-02));
#1087 = VECTOR('',#1088,1.);
#1088 = DIRECTION('',(-0.707106781187,1.731912112471E-16,0.707106781187)
  );
#1089 = PCURVE('',#606,#1090);
#1090 = DEFINITIONAL_REPRESENTATION('',(#1091),#1095);
#1091 = LINE('',#1092,#1093);
#1092 = CARTESIAN_POINT('',(-6.28318530718,0.));
#1093 = VECTOR('',#1094,1.);
#1094 = DIRECTION('',(-0.,-1.));
#1095 = ( GEOMETRIC_REPRESENTATION_CONTEXT(2) 
PARAMETRIC_REPRESENTATION_CONTEXT() REPRESENTATION_CONTEXT('2D SPACE',''
  ) );
#1096 = PCURVE('',#606,#1097);
#1097 = DEFINITIONAL_REPRESENTATION('',(#1098),#1102);
#1098 = LINE('',#1099,#1100);
#1099 = CARTESIAN_POINT('',(0.,-0.));
#1100 = VECTOR('',#1101,1.);
#1101 = DIRECTION('',(-0.,-1.));
#1102 = ( GEOMETRIC_REPRESENTATION_CONTEXT(2) 
PARAMETRIC_REPRESENTATION_CONTEXT() REPRESENTATION_CONTEXT('2D SPACE',''
  ) );
#1103 = ORIENTED_EDGE('',*,*,#806,.F.);
#1104 = ORIENTED_EDGE('',*,*,#1083,.F.);
#1105 = ORIENTED_EDGE('',*,*,#589,.T.);
#1106 = ADVANCED_FACE('',(#1107),#637,.F.);
#1107 = FACE_BOUND('',#1108,.F.);
#1108 = EDGE_LOOP('',(#1109,#1130,#1131,#1132));
#1109 = ORIENTED_EDGE('',*,*,#1110,.T.);
#1110 = EDGE_CURVE('',#621,#834,#1111,.T.);
#1111 = SEAM_CURVE('',#1112,(#1116,#1123),.PCURVE_S1.);
#1112 = LINE('',#1113,#1114);
#1113 = CARTESIAN_POINT('',(178.85,10.,-5.E-02));
#1114 = VECTOR('',#1115,1.);
#1115 = DIRECTION('',(-0.707106781187,1.731912112471E-16,0.707106781187)
  );
#1116 = PCURVE('',#637,#1117);
#1117 = DEFINITIONAL_REPRESENTATION('',(#1118),#1122);
#1118 = LINE('',#1119,#1120);
#1119 = CARTESIAN_POINT('',(-6.28318530718,0.));
#1120 = VECTOR('',#1121,1.);
#1121 = DIRECTION('',(-0.,-1.));
#1122 = ( GEOMETRIC_REPRESENTATION_CONTEXT(2) 
PARAMETRIC_REPRESENTATION_CONTEXT() REPRESENTATION_CONTEXT('2D SPACE',''
  ) );
#1123 = PCURVE('',#637,#1124);
#1124 = DEFINITIONAL_REPRESENTATION('',(#1125),#1129);
#1125 = LINE('',#1126,#1127);
#1126 = CARTESIAN_POINT('',(0.,-0.));
#1127 = VECTOR('',#1128,1.);
#1128 = DIRECTION('',(-0.,-1.));
#1129 = ( GEOMETRIC_REPRESENTATION_CONTEXT(2) 
PARAMETRIC_REPRESENTATION_CONTEXT() REPRESENTATION_CONTEXT('2D SPACE',''
  ) );
#1130 = ORIENTED_EDGE('',*,*,#856,.F.);
#1131 = ORIENTED_EDGE('',*,*,#1110,.F.);
#1132 = ORIENTED_EDGE('',*,*,#620,.T.);
#1133 = ADVANCED_FACE('',(#1134),#668,.F.);
#1134 = FACE_BOUND('',#1135,.F.);
#1135 = EDGE_LOOP('',(#1136,#1157,#1158,#1159));
#1136 = ORIENTED_EDGE('',*,*,#1137,.T.);
#1137 = EDGE_CURVE('',#652,#884,#1138,.T.);
#1138 = SEAM_CURVE('',#1139,(#1143,#1150),.PCURVE_S1.);
#1139 = LINE('',#1140,#1141);
#1140 = CARTESIAN_POINT('',(13.85,45.,-5.E-02));
#1141 = VECTOR('',#1142,1.);
#1142 = DIRECTION('',(-0.707106781187,1.731912112471E-16,0.707106781187)
  );
#1143 = PCURVE('',#668,#1144);
#1144 = DEFINITIONAL_REPRESENTATION('',(#1145),#1149);
#1145 = LINE('',#1146,#1147);
#1146 = CARTESIAN_POINT('',(-6.28318530718,0.));
#1147 = VECTOR('',#1148,1.);
#1148 = DIRECTION('',(-0.,-1.));
#1149 = ( GEOMETRIC_REPRESENTATION_CONTEXT(2) 
PARAMETRIC_REPRESENTATION_CONTEXT() REPRESENTATION_CONTEXT('2D SPACE',''
  ) );
#1150 = PCURVE('',#668,#1151);
#1151 = DEFINITIONAL_REPRESENTATION('',(#1152),#1156);
#1152 = LINE('',#1153,#1154);
#1153 = CARTESIAN_POINT('',(0.,-0.));
#1154 = VECTOR('',#1155,1.);
#1155 = DIRECTION('',(-0.,-1.));
#1156 = ( GEOMETRIC_REPRESENTATION_CONTEXT(2) 
PARAMETRIC_REPRESENTATION_CONTEXT() REPRESENTATION_CONTEXT('2D SPACE',''
  ) );
#1157 = ORIENTED_EDGE('',*,*,#906,.F.);
#1158 = ORIENTED_EDGE('',*,*,#1137,.F.);
#1159 = ORIENTED_EDGE('',*,*,#651,.T.);
#1160 = ADVANCED_FACE('',(#1161),#699,.F.);
#1161 = FACE_BOUND('',#1162,.F.);
#1162 = EDGE_LOOP('',(#1163,#1184,#1185,#1186));
#1163 = ORIENTED_EDGE('',*,*,#1164,.T.);
#1164 = EDGE_CURVE('',#683,#934,#1165,.T.);
#1165 = SEAM_CURVE('',#1166,(#1170,#1177),.PCURVE_S1.);
#1166 = LINE('',#1167,#1168);
#1167 = CARTESIAN_POINT('',(328.85,10.,-5.000000000001E-02));
#1168 = VECTOR('',#1169,1.);
#1169 = DIRECTION('',(-0.707106781187,1.731912112471E-16,0.707106781187)
  );
#1170 = PCURVE('',#699,#1171);
#1171 = DEFINITIONAL_REPRESENTATION('',(#1172),#1176);
#1172 = LINE('',#1173,#1174);
#1173 = CARTESIAN_POINT('',(-6.28318530718,0.));
#1174 = VECTOR('',#1175,1.);
#1175 = DIRECTION('',(-0.,-1.));
#1176 = ( GEOMETRIC_REPRESENTATION_CONTEXT(2) 
PARAMETRIC_REPRESENTATION_CONTEXT() REPRESENTATION_CONTEXT('2D SPACE',''
  ) );
#1177 = PCURVE('',#699,#1178);
#1178 = DEFINITIONAL_REPRESENTATION('',(#1179),#1183);
#1179 = LINE('',#1180,#1181);
#1180 = CARTESIAN_POINT('',(0.,-0.));
#1181 = VECTOR('',#1182,1.);
#1182 = DIRECTION('',(-0.,-1.));
#1183 = ( GEOMETRIC_REPRESENTATION_CONTEXT(2) 
PARAMETRIC_REPRESENTATION_CONTEXT() REPRESENTATION_CONTEXT('2D SPACE',''
  ) );
#1184 = ORIENTED_EDGE('',*,*,#956,.F.);
#1185 = ORIENTED_EDGE('',*,*,#1164,.F.);
#1186 = ORIENTED_EDGE('',*,*,#682,.T.);
#1187 = ADVANCED_FACE('',(#1188),#730,.F.);
#1188 = FACE_BOUND('',#1189,.F.);
#1189 = EDGE_LOOP('',(#1190,#1211,#1212,#1213));
#1190 = ORIENTED_EDGE('',*,*,#1191,.T.);
#1191 = EDGE_CURVE('',#714,#984,#1192,.T.);
#1192 = SEAM_CURVE('',#1193,(#1197,#1204),.PCURVE_S1.);
#1193 = LINE('',#1194,#1195);
#1194 = CARTESIAN_POINT('',(478.85,10.,-5.000000000001E-02));
#1195 = VECTOR('',#1196,1.);
#1196 = DIRECTION('',(-0.707106781187,1.731912112471E-16,0.707106781187)
  );
#1197 = PCURVE('',#730,#1198);
#1198 = DEFINITIONAL_REPRESENTATION('',(#1199),#1203);
#1199 = LINE('',#1200,#1201);
#1200 = CARTESIAN_POINT('',(-6.28318530718,0.));
#1201 = VECTOR('',#1202,1.);
#1202 = DIRECTION('',(-0.,-1.));
#1203 = ( GEOMETRIC_REPRESENTATION_CONTEXT(2) 
PARAMETRIC_REPRESENTATION_CONTEXT() REPRESENTATION_CONTEXT('2D SPACE',''
  ) );
#1204 = PCURVE('',#730,#1205);
#1205 = DEFINITIONAL_REPRESENTATION('',(#1206),#1210);
#1206 = LINE('',#1207,#1208);
#1207 = CARTESIAN_POINT('',(0.,-0.));
#1208 = VECTOR('',#1209,1.);
#1209 = DIRECTION('',(-0.,-1.));
#1210 = ( GEOMETRIC_REPRESENTATION_CONTEXT(2) 
PARAMETRIC_REPRESENTATION_CONTEXT() REPRESENTATION_CONTEXT('2D SPACE',''
  ) );
#1211 = ORIENTED_EDGE('',*,*,#1006,.F.);
#1212 = ORIENTED_EDGE('',*,*,#1191,.F.);
#1213 = ORIENTED_EDGE('',*,*,#713,.T.);
#1214 = ADVANCED_FACE('',(#1215),#761,.F.);
#1215 = FACE_BOUND('',#1216,.F.);
#1216 = EDGE_LOOP('',(#1217,#1238,#1239,#1240));
#1217 = ORIENTED_EDGE('',*,*,#1218,.T.);
#1218 = EDGE_CURVE('',#745,#1034,#1219,.T.);
#1219 = SEAM_CURVE('',#1220,(#1224,#1231),.PCURVE_S1.);
#1220 = LINE('',#1221,#1222);
#1221 = CARTESIAN_POINT('',(13.85,100.,-5.E-02));
#1222 = VECTOR('',#1223,1.);
#1223 = DIRECTION('',(-0.707106781187,1.731912112471E-16,0.707106781187)
  );
#1224 = PCURVE('',#761,#1225);
#1225 = DEFINITIONAL_REPRESENTATION('',(#1226),#1230);
#1226 = LINE('',#1227,#1228);
#1227 = CARTESIAN_POINT('',(-6.28318530718,0.));
#1228 = VECTOR('',#1229,1.);
#1229 = DIRECTION('',(-0.,-1.));
#1230 = ( GEOMETRIC_REPRESENTATION_CONTEXT(2) 
PARAMETRIC_REPRESENTATION_CONTEXT() REPRESENTATION_CONTEXT('2D SPACE',''
  ) );
#1231 = PCURVE('',#761,#1232);
#1232 = DEFINITIONAL_REPRESENTATION('',(#1233),#1237);
#1233 = LINE('',#1234,#1235);
#1234 = CARTESIAN_POINT('',(0.,-0.));
#1235 = VECTOR('',#1236,1.);
#1236 = DIRECTION('',(-0.,-1.));
#1237 = ( GEOMETRIC_REPRESENTATION_CONTEXT(2) 
PARAMETRIC_REPRESENTATION_CONTEXT() REPRESENTATION_CONTEXT('2D SPACE',''
  ) );
#1238 = ORIENTED_EDGE('',*,*,#1056,.F.);
#1239 = ORIENTED_EDGE('',*,*,#1218,.F.);
#1240 = ORIENTED_EDGE('',*,*,#744,.T.);
#1241 = ( GEOMETRIC_REPRESENTATION_CONTEXT(3) 
GLOBAL_UNCERTAINTY_ASSIGNED_CONTEXT((#1245)) 
GLOBAL_UNIT_ASSIGNED_CONTEXT((#1242,#1243,#1244)) REPRESENTATION_CONTEXT
('Context #1','3D Context with UNIT and UNCERTAINTY') );
#1242 = ( LENGTH_UNIT() NAMED_UNIT(*) SI_UNIT(.MILLI.,.METRE.) );
#1243 = ( NAMED_UNIT(*) PLANE_ANGLE_UNIT() SI_UNIT($,.RADIAN.) );
#1244 = ( NAMED_UNIT(*) SI_UNIT($,.STERADIAN.) SOLID_ANGLE_UNIT() );
#1245 = UNCERTAINTY_MEASURE_WITH_UNIT(LENGTH_MEASURE(1.E-07),#1242,
  'distance_accuracy_value','confusion accuracy');
#1246 = CONTEXT_DEPENDENT_SHAPE_REPRESENTATION(#1247,#1249);
#1247 = ( REPRESENTATION_RELATIONSHIP('','',#52,#10) 
REPRESENTATION_RELATIONSHIP_WITH_TRANSFORMATION(#1248) 
SHAPE_REPRESENTATION_RELATIONSHIP() );
#1248 = ITEM_DEFINED_TRANSFORMATION('','',#11,#15);
#1249 = PRODUCT_DEFINITION_SHAPE('Placement','Placement of an item',
  #1250);
#1250 = NEXT_ASSEMBLY_USAGE_OCCURRENCE('7','bottom','',#5,#47,$);
#1251 = PRODUCT_RELATED_PRODUCT_CATEGORY('part',$,(#49));
#1252 = SHAPE_DEFINITION_REPRESENTATION(#1253,#1259);
#1253 = PRODUCT_DEFINITION_SHAPE('','',#1254);
#1254 = PRODUCT_DEFINITION('design','',#1255,#1258);
#1255 = PRODUCT_DEFINITION_FORMATION('','',#1256);
#1256 = PRODUCT('side_1','side_1','',(#1257));
#1257 = PRODUCT_CONTEXT('',#2,'mechanical');
#1258 = PRODUCT_DEFINITION_CONTEXT('part definition',#2,'design');
#1259 = ADVANCED_BREP_SHAPE_REPRESENTATION('',(#11,#1260),#2538);
#1260 = MANIFOLD_SOLID_BREP('',#1261);
#1261 = CLOSED_SHELL('',(#1262,#1382,#1598,#1787,#1836,#1987,#1994,#2049
    ,#2104,#2159,#2214,#2264,#2314,#2364,#2414,#2441,#2468,#2495,#2522,
    #2526,#2530,#2534));
#1262 = ADVANCED_FACE('',(#1263),#1277,.F.);
#1263 = FACE_BOUND('',#1264,.F.);
#1264 = EDGE_LOOP('',(#1265,#1300,#1328,#1356));
#1265 = ORIENTED_EDGE('',*,*,#1266,.F.);
#1266 = EDGE_CURVE('',#1267,#1269,#1271,.T.);
#1267 = VERTEX_POINT('',#1268);
#1268 = CARTESIAN_POINT('',(0.,20.,20.));
#1269 = VERTEX_POINT('',#1270);
#1270 = CARTESIAN_POINT('',(0.,0.,20.));
#1271 = SURFACE_CURVE('',#1272,(#1276,#1288),.PCURVE_S1.);
#1272 = LINE('',#1273,#1274);
#1273 = CARTESIAN_POINT('',(0.,20.,20.));
#1274 = VECTOR('',#1275,1.);
#1275 = DIRECTION('',(0.,-1.,0.));
#1276 = PCURVE('',#1277,#1282);
#1277 = PLANE('',#1278);
#1278 = AXIS2_PLACEMENT_3D('',#1279,#1280,#1281);
#1279 = CARTESIAN_POINT('',(0.,20.,20.));
#1280 = DIRECTION('',(1.,0.,0.));
#1281 = DIRECTION('',(0.,-1.,0.));
#1282 = DEFINITIONAL_REPRESENTATION('',(#1283),#1287);
#1283 = LINE('',#1284,#1285);
#1284 = CARTESIAN_POINT('',(0.,0.));
#1285 = VECTOR('',#1286,1.);
#1286 = DIRECTION('',(1.,0.));
#1287 = ( GEOMETRIC_REPRESENTATION_CONTEXT(2) 
PARAMETRIC_REPRESENTATION_CONTEXT() REPRESENTATION_CONTEXT('2D SPACE',''
  ) );
#1288 = PCURVE('',#1289,#1294);
#1289 = PLANE('',#1290);
#1290 = AXIS2_PLACEMENT_3D('',#1291,#1292,#1293);
#1291 = CARTESIAN_POINT('',(0.,20.,20.));
#1292 = DIRECTION('',(0.,0.,1.));
#1293 = DIRECTION('',(0.,-1.,0.));
#1294 = DEFINITIONAL_REPRESENTATION('',(#1295),#1299);
#1295 = LINE('',#1296,#1297);
#1296 = CARTESIAN_POINT('',(0.,0.));
#1297 = VECTOR('',#1298,1.);
#1298 = DIRECTION('',(1.,0.));
#1299 = ( GEOMETRIC_REPRESENTATION_CONTEXT(2) 
PARAMETRIC_REPRESENTATION_CONTEXT() REPRESENTATION_CONTEXT('2D SPACE',''
  ) );
#1300 = ORIENTED_EDGE('',*,*,#1301,.T.);
#1301 = EDGE_CURVE('',#1267,#1302,#1304,.T.);
#1302 = VERTEX_POINT('',#1303);
#1303 = CARTESIAN_POINT('',(0.,20.,165.));
#1304 = SURFACE_CURVE('',#1305,(#1309,#1316),.PCURVE_S1.);
#1305 = LINE('',#1306,#1307);
#1306 = CARTESIAN_POINT('',(0.,20.,20.));
#1307 = VECTOR('',#1308,1.);
#1308 = DIRECTION('',(0.,0.,1.));
#1309 = PCURVE('',#1277,#1310);
#1310 = DEFINITIONAL_REPRESENTATION('',(#1311),#1315);
#1311 = LINE('',#1312,#1313);
#1312 = CARTESIAN_POINT('',(0.,0.));
#1313 = VECTOR('',#1314,1.);
#1314 = DIRECTION('',(0.,-1.));
#1315 = ( GEOMETRIC_REPRESENTATION_CONTEXT(2) 
PARAMETRIC_REPRESENTATION_CONTEXT() REPRESENTATION_CONTEXT('2D SPACE',''
  ) );
#1316 = PCURVE('',#1317,#1322);
#1317 = PLANE('',#1318);
#1318 = AXIS2_PLACEMENT_3D('',#1319,#1320,#1321);
#1319 = CARTESIAN_POINT('',(0.,20.,20.));
#1320 = DIRECTION('',(0.,-1.,0.));
#1321 = DIRECTION('',(1.,0.,0.));
#1322 = DEFINITIONAL_REPRESENTATION('',(#1323),#1327);
#1323 = LINE('',#1324,#1325);
#1324 = CARTESIAN_POINT('',(0.,0.));
#1325 = VECTOR('',#1326,1.);
#1326 = DIRECTION('',(0.,1.));
#1327 = ( GEOMETRIC_REPRESENTATION_CONTEXT(2) 
PARAMETRIC_REPRESENTATION_CONTEXT() REPRESENTATION_CONTEXT('2D SPACE',''
  ) );
#1328 = ORIENTED_EDGE('',*,*,#1329,.T.);
#1329 = EDGE_CURVE('',#1302,#1330,#1332,.T.);
#1330 = VERTEX_POINT('',#1331);
#1331 = CARTESIAN_POINT('',(0.,0.,165.));
#1332 = SURFACE_CURVE('',#1333,(#1337,#1344),.PCURVE_S1.);
#1333 = LINE('',#1334,#1335);
#1334 = CARTESIAN_POINT('',(0.,20.,165.));
#1335 = VECTOR('',#1336,1.);
#1336 = DIRECTION('',(0.,-1.,0.));
#1337 = PCURVE('',#1277,#1338);
#1338 = DEFINITIONAL_REPRESENTATION('',(#1339),#1343);
#1339 = LINE('',#1340,#1341);
#1340 = CARTESIAN_POINT('',(0.,-145.));
#1341 = VECTOR('',#1342,1.);
#1342 = DIRECTION('',(1.,0.));
#1343 = ( GEOMETRIC_REPRESENTATION_CONTEXT(2) 
PARAMETRIC_REPRESENTATION_CONTEXT() REPRESENTATION_CONTEXT('2D SPACE',''
  ) );
#1344 = PCURVE('',#1345,#1350);
#1345 = PLANE('',#1346);
#1346 = AXIS2_PLACEMENT_3D('',#1347,#1348,#1349);
#1347 = CARTESIAN_POINT('',(0.,20.,165.));
#1348 = DIRECTION('',(0.,0.,1.));
#1349 = DIRECTION('',(0.,-1.,0.));
#1350 = DEFINITIONAL_REPRESENTATION('',(#1351),#1355);
#1351 = LINE('',#1352,#1353);
#1352 = CARTESIAN_POINT('',(0.,0.));
#1353 = VECTOR('',#1354,1.);
#1354 = DIRECTION('',(1.,0.));
#1355 = ( GEOMETRIC_REPRESENTATION_CONTEXT(2) 
PARAMETRIC_REPRESENTATION_CONTEXT() REPRESENTATION_CONTEXT('2D SPACE',''
  ) );
#1356 = ORIENTED_EDGE('',*,*,#1357,.F.);
#1357 = EDGE_CURVE('',#1269,#1330,#1358,.T.);
#1358 = SURFACE_CURVE('',#1359,(#1363,#1370),.PCURVE_S1.);
#1359 = LINE('',#1360,#1361);
#1360 = CARTESIAN_POINT('',(0.,0.,20.));
#1361 = VECTOR('',#1362,1.);
#1362 = DIRECTION('',(0.,0.,1.));
#1363 = PCURVE('',#1277,#1364);
#1364 = DEFINITIONAL_REPRESENTATION('',(#1365),#1369);
#1365 = LINE('',#1366,#1367);
#1366 = CARTESIAN_POINT('',(20.,0.));
#1367 = VECTOR('',#1368,1.);
#1368 = DIRECTION('',(0.,-1.));
#1369 = ( GEOMETRIC_REPRESENTATION_CONTEXT(2) 
PARAMETRIC_REPRESENTATION_CONTEXT() REPRESENTATION_CONTEXT('2D SPACE',''
  ) );
#1370 = PCURVE('',#1371,#1376);
#1371 = PLANE('',#1372);
#1372 = AXIS2_PLACEMENT_3D('',#1373,#1374,#1375);
#1373 = CARTESIAN_POINT('',(0.,0.,20.));
#1374 = DIRECTION('',(0.,-1.,0.));
#1375 = DIRECTION('',(1.,0.,0.));
#1376 = DEFINITIONAL_REPRESENTATION('',(#1377),#1381);
#1377 = LINE('',#1378,#1379);
#1378 = CARTESIAN_POINT('',(0.,0.));
#1379 = VECTOR('',#1380,1.);
#1380 = DIRECTION('',(0.,1.));
#1381 = ( GEOMETRIC_REPRESENTATION_CONTEXT(2) 
PARAMETRIC_REPRESENTATION_CONTEXT() REPRESENTATION_CONTEXT('2D SPACE',''
  ) );
#1382 = ADVANCED_FACE('',(#1383,#1458,#1493,#1528,#1563),#1289,.F.);
#1383 = FACE_BOUND('',#1384,.F.);
#1384 = EDGE_LOOP('',(#1385,#1408,#1409,#1432));
#1385 = ORIENTED_EDGE('',*,*,#1386,.F.);
#1386 = EDGE_CURVE('',#1267,#1387,#1389,.T.);
#1387 = VERTEX_POINT('',#1388);
#1388 = CARTESIAN_POINT('',(500.,20.,20.));
#1389 = SURFACE_CURVE('',#1390,(#1394,#1401),.PCURVE_S1.);
#1390 = LINE('',#1391,#1392);
#1391 = CARTESIAN_POINT('',(0.,20.,20.));
#1392 = VECTOR('',#1393,1.);
#1393 = DIRECTION('',(1.,0.,0.));
#1394 = PCURVE('',#1289,#1395);
#1395 = DEFINITIONAL_REPRESENTATION('',(#1396),#1400);
#1396 = LINE('',#1397,#1398);
#1397 = CARTESIAN_POINT('',(0.,0.));
#1398 = VECTOR('',#1399,1.);
#1399 = DIRECTION('',(0.,1.));
#1400 = ( GEOMETRIC_REPRESENTATION_CONTEXT(2) 
PARAMETRIC_REPRESENTATION_CONTEXT() REPRESENTATION_CONTEXT('2D SPACE',''
  ) );
#1401 = PCURVE('',#1317,#1402);
#1402 = DEFINITIONAL_REPRESENTATION('',(#1403),#1407);
#1403 = LINE('',#1404,#1405);
#1404 = CARTESIAN_POINT('',(0.,0.));
#1405 = VECTOR('',#1406,1.);
#1406 = DIRECTION('',(1.,0.));
#1407 = ( GEOMETRIC_REPRESENTATION_CONTEXT(2) 
PARAMETRIC_REPRESENTATION_CONTEXT() REPRESENTATION_CONTEXT('2D SPACE',''
  ) );
#1408 = ORIENTED_EDGE('',*,*,#1266,.T.);
#1409 = ORIENTED_EDGE('',*,*,#1410,.T.);
#1410 = EDGE_CURVE('',#1269,#1411,#1413,.T.);
#1411 = VERTEX_POINT('',#1412);
#1412 = CARTESIAN_POINT('',(500.,0.,20.));
#1413 = SURFACE_CURVE('',#1414,(#1418,#1425),.PCURVE_S1.);
#1414 = LINE('',#1415,#1416);
#1415 = CARTESIAN_POINT('',(0.,0.,20.));
#1416 = VECTOR('',#1417,1.);
#1417 = DIRECTION('',(1.,0.,0.));
#1418 = PCURVE('',#1289,#1419);
#1419 = DEFINITIONAL_REPRESENTATION('',(#1420),#1424);
#1420 = LINE('',#1421,#1422);
#1421 = CARTESIAN_POINT('',(20.,0.));
#1422 = VECTOR('',#1423,1.);
#1423 = DIRECTION('',(0.,1.));
#1424 = ( GEOMETRIC_REPRESENTATION_CONTEXT(2) 
PARAMETRIC_REPRESENTATION_CONTEXT() REPRESENTATION_CONTEXT('2D SPACE',''
  ) );
#1425 = PCURVE('',#1371,#1426);
#1426 = DEFINITIONAL_REPRESENTATION('',(#1427),#1431);
#1427 = LINE('',#1428,#1429);
#1428 = CARTESIAN_POINT('',(0.,0.));
#1429 = VECTOR('',#1430,1.);
#1430 = DIRECTION('',(1.,0.));
#1431 = ( GEOMETRIC_REPRESENTATION_CONTEXT(2) 
PARAMETRIC_REPRESENTATION_CONTEXT() REPRESENTATION_CONTEXT('2D SPACE',''
  ) );
#1432 = ORIENTED_EDGE('',*,*,#1433,.F.);
#1433 = EDGE_CURVE('',#1387,#1411,#1434,.T.);
#1434 = SURFACE_CURVE('',#1435,(#1439,#1446),.PCURVE_S1.);
#1435 = LINE('',#1436,#1437);
#1436 = CARTESIAN_POINT('',(500.,20.,20.));
#1437 = VECTOR('',#1438,1.);
#1438 = DIRECTION('',(0.,-1.,0.));
#1439 = PCURVE('',#1289,#1440);
#1440 = DEFINITIONAL_REPRESENTATION('',(#1441),#1445);
#1441 = LINE('',#1442,#1443);
#1442 = CARTESIAN_POINT('',(0.,500.));
#1443 = VECTOR('',#1444,1.);
#1444 = DIRECTION('',(1.,0.));
#1445 = ( GEOMETRIC_REPRESENTATION_CONTEXT(2) 
PARAMETRIC_REPRESENTATION_CONTEXT() REPRESENTATION_CONTEXT('2D SPACE',''
  ) );
#1446 = PCURVE('',#1447,#1452);
#1447 = PLANE('',#1448);
#1448 = AXIS2_PLACEMENT_3D('',#1449,#1450,#1451);
#1449 = CARTESIAN_POINT('',(500.,20.,20.));
#1450 = DIRECTION('',(1.,0.,0.));
#1451 = DIRECTION('',(0.,-1.,0.));
#1452 = DEFINITIONAL_REPRESENTATION('',(#1453),#1457);
#1453 = LINE('',#1454,#1455);
#1454 = CARTESIAN_POINT('',(0.,0.));
#1455 = VECTOR('',#1456,1.);
#1456 = DIRECTION('',(1.,0.));
#1457 = ( GEOMETRIC_REPRESENTATION_CONTEXT(2) 
PARAMETRIC_REPRESENTATION_CONTEXT() REPRESENTATION_CONTEXT('2D SPACE',''
  ) );
#1458 = FACE_BOUND('',#1459,.F.);
#1459 = EDGE_LOOP('',(#1460));
#1460 = ORIENTED_EDGE('',*,*,#1461,.T.);
#1461 = EDGE_CURVE('',#1462,#1462,#1464,.T.);
#1462 = VERTEX_POINT('',#1463);
#1463 = CARTESIAN_POINT('',(26.25,10.,20.));
#1464 = SURFACE_CURVE('',#1465,(#1470,#1481),.PCURVE_S1.);
#1465 = CIRCLE('',#1466,1.25);
#1466 = AXIS2_PLACEMENT_3D('',#1467,#1468,#1469);
#1467 = CARTESIAN_POINT('',(25.,10.,20.));
#1468 = DIRECTION('',(0.,0.,-1.));
#1469 = DIRECTION('',(1.,0.,0.));
#1470 = PCURVE('',#1289,#1471);
#1471 = DEFINITIONAL_REPRESENTATION('',(#1472),#1480);
#1472 = ( BOUNDED_CURVE() B_SPLINE_CURVE(2,(#1473,#1474,#1475,#1476,
#1477,#1478,#1479),.UNSPECIFIED.,.T.,.F.) B_SPLINE_CURVE_WITH_KNOTS((1,2
    ,2,2,2,1),(-2.094395102393,0.,2.094395102393,4.188790204786,
6.28318530718,8.377580409573),.UNSPECIFIED.) CURVE() 
GEOMETRIC_REPRESENTATION_ITEM() RATIONAL_B_SPLINE_CURVE((1.,0.5,1.,0.5,
1.,0.5,1.)) REPRESENTATION_ITEM('') );
#1473 = CARTESIAN_POINT('',(10.,26.25));
#1474 = CARTESIAN_POINT('',(12.165063509461,26.25));
#1475 = CARTESIAN_POINT('',(11.082531754731,24.375));
#1476 = CARTESIAN_POINT('',(10.,22.5));
#1477 = CARTESIAN_POINT('',(8.917468245269,24.375));
#1478 = CARTESIAN_POINT('',(7.834936490539,26.25));
#1479 = CARTESIAN_POINT('',(10.,26.25));
#1480 = ( GEOMETRIC_REPRESENTATION_CONTEXT(2) 
PARAMETRIC_REPRESENTATION_CONTEXT() REPRESENTATION_CONTEXT('2D SPACE',''
  ) );
#1481 = PCURVE('',#1482,#1487);
#1482 = CYLINDRICAL_SURFACE('',#1483,1.25);
#1483 = AXIS2_PLACEMENT_3D('',#1484,#1485,#1486);
#1484 = CARTESIAN_POINT('',(25.,10.,19.95));
#1485 = DIRECTION('',(-0.,-0.,-1.));
#1486 = DIRECTION('',(1.,0.,0.));
#1487 = DEFINITIONAL_REPRESENTATION('',(#1488),#1492);
#1488 = LINE('',#1489,#1490);
#1489 = CARTESIAN_POINT('',(-6.28318530718,-5.E-02));
#1490 = VECTOR('',#1491,1.);
#1491 = DIRECTION('',(1.,-0.));
#1492 = ( GEOMETRIC_REPRESENTATION_CONTEXT(2) 
PARAMETRIC_REPRESENTATION_CONTEXT() REPRESENTATION_CONTEXT('2D SPACE',''
  ) );
#1493 = FACE_BOUND('',#1494,.F.);
#1494 = EDGE_LOOP('',(#1495));
#1495 = ORIENTED_EDGE('',*,*,#1496,.T.);
#1496 = EDGE_CURVE('',#1497,#1497,#1499,.T.);
#1497 = VERTEX_POINT('',#1498);
#1498 = CARTESIAN_POINT('',(176.25,10.,20.));
#1499 = SURFACE_CURVE('',#1500,(#1505,#1516),.PCURVE_S1.);
#1500 = CIRCLE('',#1501,1.25);
#1501 = AXIS2_PLACEMENT_3D('',#1502,#1503,#1504);
#1502 = CARTESIAN_POINT('',(175.,10.,20.));
#1503 = DIRECTION('',(0.,0.,-1.));
#1504 = DIRECTION('',(1.,0.,0.));
#1505 = PCURVE('',#1289,#1506);
#1506 = DEFINITIONAL_REPRESENTATION('',(#1507),#1515);
#1507 = ( BOUNDED_CURVE() B_SPLINE_CURVE(2,(#1508,#1509,#1510,#1511,
#1512,#1513,#1514),.UNSPECIFIED.,.T.,.F.) B_SPLINE_CURVE_WITH_KNOTS((1,2
    ,2,2,2,1),(-2.094395102393,0.,2.094395102393,4.188790204786,
6.28318530718,8.377580409573),.UNSPECIFIED.) CURVE() 
GEOMETRIC_REPRESENTATION_ITEM() RATIONAL_B_SPLINE_CURVE((1.,0.5,1.,0.5,
1.,0.5,1.)) REPRESENTATION_ITEM('') );
#1508 = CARTESIAN_POINT('',(10.,176.25));
#1509 = CARTESIAN_POINT('',(12.165063509461,176.25));
#1510 = CARTESIAN_POINT('',(11.082531754731,174.375));
#1511 = CARTESIAN_POINT('',(10.,172.5));
#1512 = CARTESIAN_POINT('',(8.917468245269,174.375));
#1513 = CARTESIAN_POINT('',(7.834936490539,176.25));
#1514 = CARTESIAN_POINT('',(10.,176.25));
#1515 = ( GEOMETRIC_REPRESENTATION_CONTEXT(2) 
PARAMETRIC_REPRESENTATION_CONTEXT() REPRESENTATION_CONTEXT('2D SPACE',''
  ) );
#1516 = PCURVE('',#1517,#1522);
#1517 = CYLINDRICAL_SURFACE('',#1518,1.25);
#1518 = AXIS2_PLACEMENT_3D('',#1519,#1520,#1521);
#1519 = CARTESIAN_POINT('',(175.,10.,19.95));
#1520 = DIRECTION('',(-0.,-0.,-1.));
#1521 = DIRECTION('',(1.,0.,0.));
#1522 = DEFINITIONAL_REPRESENTATION('',(#1523),#1527);
#1523 = LINE('',#1524,#1525);
#1524 = CARTESIAN_POINT('',(-6.28318530718,-5.E-02));
#1525 = VECTOR('',#1526,1.);
#1526 = DIRECTION('',(1.,-0.));
#1527 = ( GEOMETRIC_REPRESENTATION_CONTEXT(2) 
PARAMETRIC_REPRESENTATION_CONTEXT() REPRESENTATION_CONTEXT('2D SPACE',''
  ) );
#1528 = FACE_BOUND('',#1529,.F.);
#1529 = EDGE_LOOP('',(#1530));
#1530 = ORIENTED_EDGE('',*,*,#1531,.T.);
#1531 = EDGE_CURVE('',#1532,#1532,#1534,.T.);
#1532 = VERTEX_POINT('',#1533);
#1533 = CARTESIAN_POINT('',(326.25,10.,20.));
#1534 = SURFACE_CURVE('',#1535,(#1540,#1551),.PCURVE_S1.);
#1535 = CIRCLE('',#1536,1.25);
#1536 = AXIS2_PLACEMENT_3D('',#1537,#1538,#1539);
#1537 = CARTESIAN_POINT('',(325.,10.,20.));
#1538 = DIRECTION('',(0.,0.,-1.));
#1539 = DIRECTION('',(1.,0.,0.));
#1540 = PCURVE('',#1289,#1541);
#1541 = DEFINITIONAL_REPRESENTATION('',(#1542),#1550);
#1542 = ( BOUNDED_CURVE() B_SPLINE_CURVE(2,(#1543,#1544,#1545,#1546,
#1547,#1548,#1549),.UNSPECIFIED.,.T.,.F.) B_SPLINE_CURVE_WITH_KNOTS((1,2
    ,2,2,2,1),(-2.094395102393,0.,2.094395102393,4.188790204786,
6.28318530718,8.377580409573),.UNSPECIFIED.) CURVE() 
GEOMETRIC_REPRESENTATION_ITEM() RATIONAL_B_SPLINE_CURVE((1.,0.5,1.,0.5,
1.,0.5,1.)) REPRESENTATION_ITEM('') );
#1543 = CARTESIAN_POINT('',(10.,326.25));
#1544 = CARTESIAN_POINT('',(12.165063509461,326.25));
#1545 = CARTESIAN_POINT('',(11.082531754731,324.375));
#1546 = CARTESIAN_POINT('',(10.,322.5));
#1547 = CARTESIAN_POINT('',(8.917468245269,324.375));
#1548 = CARTESIAN_POINT('',(7.834936490539,326.25));
#1549 = CARTESIAN_POINT('',(10.,326.25));
#1550 = ( GEOMETRIC_REPRESENTATION_CONTEXT(2) 
PARAMETRIC_REPRESENTATION_CONTEXT() REPRESENTATION_CONTEXT('2D SPACE',''
  ) );
#1551 = PCURVE('',#1552,#1557);
#1552 = CYLINDRICAL_SURFACE('',#1553,1.25);
#1553 = AXIS2_PLACEMENT_3D('',#1554,#1555,#1556);
#1554 = CARTESIAN_POINT('',(325.,10.,19.95));
#1555 = DIRECTION('',(-0.,-0.,-1.));
#1556 = DIRECTION('',(1.,0.,0.));
#1557 = DEFINITIONAL_REPRESENTATION('',(#1558),#1562);
#1558 = LINE('',#1559,#1560);
#1559 = CARTESIAN_POINT('',(-6.28318530718,-5.E-02));
#1560 = VECTOR('',#1561,1.);
#1561 = DIRECTION('',(1.,-0.));
#1562 = ( GEOMETRIC_REPRESENTATION_CONTEXT(2) 
PARAMETRIC_REPRESENTATION_CONTEXT() REPRESENTATION_CONTEXT('2D SPACE',''
  ) );
#1563 = FACE_BOUND('',#1564,.F.);
#1564 = EDGE_LOOP('',(#1565));
#1565 = ORIENTED_EDGE('',*,*,#1566,.T.);
#1566 = EDGE_CURVE('',#1567,#1567,#1569,.T.);
#1567 = VERTEX_POINT('',#1568);
#1568 = CARTESIAN_POINT('',(476.25,10.,20.));
#1569 = SURFACE_CURVE('',#1570,(#1575,#1586),.PCURVE_S1.);
#1570 = CIRCLE('',#1571,1.25);
#1571 = AXIS2_PLACEMENT_3D('',#1572,#1573,#1574);
#1572 = CARTESIAN_POINT('',(475.,10.,20.));
#1573 = DIRECTION('',(0.,0.,-1.));
#1574 = DIRECTION('',(1.,0.,0.));
#1575 = PCURVE('',#1289,#1576);
#1576 = DEFINITIONAL_REPRESENTATION('',(#1577),#1585);
#1577 = ( BOUNDED_CURVE() B_SPLINE_CURVE(2,(#1578,#1579,#1580,#1581,
#1582,#1583,#1584),.UNSPECIFIED.,.T.,.F.) B_SPLINE_CURVE_WITH_KNOTS((1,2
    ,2,2,2,1),(-2.094395102393,0.,2.094395102393,4.188790204786,
6.28318530718,8.377580409573),.UNSPECIFIED.) CURVE() 
GEOMETRIC_REPRESENTATION_ITEM() RATIONAL_B_SPLINE_CURVE((1.,0.5,1.,0.5,
1.,0.5,1.)) REPRESENTATION_ITEM('') );
#1578 = CARTESIAN_POINT('',(10.,476.25));
#1579 = CARTESIAN_POINT('',(12.165063509461,476.25));
#1580 = CARTESIAN_POINT('',(11.082531754731,474.375));
#1581 = CARTESIAN_POINT('',(10.,472.5));
#1582 = CARTESIAN_POINT('',(8.917468245269,474.375));
#1583 = CARTESIAN_POINT('',(7.834936490539,476.25));
#1584 = CARTESIAN_POINT('',(10.,476.25));
#1585 = ( GEOMETRIC_REPRESENTATION_CONTEXT(2) 
PARAMETRIC_REPRESENTATION_CONTEXT() REPRESENTATION_CONTEXT('2D SPACE',''
  ) );
#1586 = PCURVE('',#1587,#1592);
#1587 = CYLINDRICAL_SURFACE('',#1588,1.25);
#1588 = AXIS2_PLACEMENT_3D('',#1589,#1590,#1591);
#1589 = CARTESIAN_POINT('',(475.,10.,19.95));
#1590 = DIRECTION('',(-0.,-0.,-1.));
#1591 = DIRECTION('',(1.,0.,0.));
#1592 = DEFINITIONAL_REPRESENTATION('',(#1593),#1597);
#1593 = LINE('',#1594,#1595);
#1594 = CARTESIAN_POINT('',(-6.28318530718,-5.E-02));
#1595 = VECTOR('',#1596,1.);
#1596 = DIRECTION('',(1.,-0.));
#1597 = ( GEOMETRIC_REPRESENTATION_CONTEXT(2) 
PARAMETRIC_REPRESENTATION_CONTEXT() REPRESENTATION_CONTEXT('2D SPACE',''
  ) );
#1598 = ADVANCED_FACE('',(#1599,#1647,#1682,#1717,#1752),#1371,.T.);
#1599 = FACE_BOUND('',#1600,.T.);
#1600 = EDGE_LOOP('',(#1601,#1602,#1603,#1626));
#1601 = ORIENTED_EDGE('',*,*,#1357,.F.);
#1602 = ORIENTED_EDGE('',*,*,#1410,.T.);
#1603 = ORIENTED_EDGE('',*,*,#1604,.T.);
#1604 = EDGE_CURVE('',#1411,#1605,#1607,.T.);
#1605 = VERTEX_POINT('',#1606);
#1606 = CARTESIAN_POINT('',(500.,0.,165.));
#1607 = SURFACE_CURVE('',#1608,(#1612,#1619),.PCURVE_S1.);
#1608 = LINE('',#1609,#1610);
#1609 = CARTESIAN_POINT('',(500.,0.,20.));
#1610 = VECTOR('',#1611,1.);
#1611 = DIRECTION('',(0.,0.,1.));
#1612 = PCURVE('',#1371,#1613);
#1613 = DEFINITIONAL_REPRESENTATION('',(#1614),#1618);
#1614 = LINE('',#1615,#1616);
#1615 = CARTESIAN_POINT('',(500.,0.));
#1616 = VECTOR('',#1617,1.);
#1617 = DIRECTION('',(0.,1.));
#1618 = ( GEOMETRIC_REPRESENTATION_CONTEXT(2) 
PARAMETRIC_REPRESENTATION_CONTEXT() REPRESENTATION_CONTEXT('2D SPACE',''
  ) );
#1619 = PCURVE('',#1447,#1620);
#1620 = DEFINITIONAL_REPRESENTATION('',(#1621),#1625);
#1621 = LINE('',#1622,#1623);
#1622 = CARTESIAN_POINT('',(20.,0.));
#1623 = VECTOR('',#1624,1.);
#1624 = DIRECTION('',(0.,-1.));
#1625 = ( GEOMETRIC_REPRESENTATION_CONTEXT(2) 
PARAMETRIC_REPRESENTATION_CONTEXT() REPRESENTATION_CONTEXT('2D SPACE',''
  ) );
#1626 = ORIENTED_EDGE('',*,*,#1627,.F.);
#1627 = EDGE_CURVE('',#1330,#1605,#1628,.T.);
#1628 = SURFACE_CURVE('',#1629,(#1633,#1640),.PCURVE_S1.);
#1629 = LINE('',#1630,#1631);
#1630 = CARTESIAN_POINT('',(0.,0.,165.));
#1631 = VECTOR('',#1632,1.);
#1632 = DIRECTION('',(1.,0.,0.));
#1633 = PCURVE('',#1371,#1634);
#1634 = DEFINITIONAL_REPRESENTATION('',(#1635),#1639);
#1635 = LINE('',#1636,#1637);
#1636 = CARTESIAN_POINT('',(0.,145.));
#1637 = VECTOR('',#1638,1.);
#1638 = DIRECTION('',(1.,0.));
#1639 = ( GEOMETRIC_REPRESENTATION_CONTEXT(2) 
PARAMETRIC_REPRESENTATION_CONTEXT() REPRESENTATION_CONTEXT('2D SPACE',''
  ) );
#1640 = PCURVE('',#1345,#1641);
#1641 = DEFINITIONAL_REPRESENTATION('',(#1642),#1646);
#1642 = LINE('',#1643,#1644);
#1643 = CARTESIAN_POINT('',(20.,0.));
#1644 = VECTOR('',#1645,1.);
#1645 = DIRECTION('',(0.,1.));
#1646 = ( GEOMETRIC_REPRESENTATION_CONTEXT(2) 
PARAMETRIC_REPRESENTATION_CONTEXT() REPRESENTATION_CONTEXT('2D SPACE',''
  ) );
#1647 = FACE_BOUND('',#1648,.T.);
#1648 = EDGE_LOOP('',(#1649));
#1649 = ORIENTED_EDGE('',*,*,#1650,.T.);
#1650 = EDGE_CURVE('',#1651,#1651,#1653,.T.);
#1651 = VERTEX_POINT('',#1652);
#1652 = CARTESIAN_POINT('',(10.,0.,48.8));
#1653 = SURFACE_CURVE('',#1654,(#1659,#1670),.PCURVE_S1.);
#1654 = CIRCLE('',#1655,3.8);
#1655 = AXIS2_PLACEMENT_3D('',#1656,#1657,#1658);
#1656 = CARTESIAN_POINT('',(10.,0.,45.));
#1657 = DIRECTION('',(0.,1.,0.));
#1658 = DIRECTION('',(0.,-0.,1.));
#1659 = PCURVE('',#1371,#1660);
#1660 = DEFINITIONAL_REPRESENTATION('',(#1661),#1669);
#1661 = ( BOUNDED_CURVE() B_SPLINE_CURVE(2,(#1662,#1663,#1664,#1665,
#1666,#1667,#1668),.UNSPECIFIED.,.T.,.F.) B_SPLINE_CURVE_WITH_KNOTS((1,2
    ,2,2,2,1),(-2.094395102393,0.,2.094395102393,4.188790204786,
6.28318530718,8.377580409573),.UNSPECIFIED.) CURVE() 
GEOMETRIC_REPRESENTATION_ITEM() RATIONAL_B_SPLINE_CURVE((1.,0.5,1.,0.5,
1.,0.5,1.)) REPRESENTATION_ITEM('') );
#1662 = CARTESIAN_POINT('',(10.,28.8));
#1663 = CARTESIAN_POINT('',(16.581793068762,28.8));
#1664 = CARTESIAN_POINT('',(13.290896534381,23.1));
#1665 = CARTESIAN_POINT('',(10.,17.4));
#1666 = CARTESIAN_POINT('',(6.709103465619,23.1));
#1667 = CARTESIAN_POINT('',(3.418206931238,28.8));
#1668 = CARTESIAN_POINT('',(10.,28.8));
#1669 = ( GEOMETRIC_REPRESENTATION_CONTEXT(2) 
PARAMETRIC_REPRESENTATION_CONTEXT() REPRESENTATION_CONTEXT('2D SPACE',''
  ) );
#1670 = PCURVE('',#1671,#1676);
#1671 = CONICAL_SURFACE('',#1672,3.85,0.785398163397);
#1672 = AXIS2_PLACEMENT_3D('',#1673,#1674,#1675);
#1673 = CARTESIAN_POINT('',(10.,-5.E-02,45.));
#1674 = DIRECTION('',(-0.,-1.,-0.));
#1675 = DIRECTION('',(0.,-0.,1.));
#1676 = DEFINITIONAL_REPRESENTATION('',(#1677),#1681);
#1677 = LINE('',#1678,#1679);
#1678 = CARTESIAN_POINT('',(-0.,-5.E-02));
#1679 = VECTOR('',#1680,1.);
#1680 = DIRECTION('',(-1.,-0.));
#1681 = ( GEOMETRIC_REPRESENTATION_CONTEXT(2) 
PARAMETRIC_REPRESENTATION_CONTEXT() REPRESENTATION_CONTEXT('2D SPACE',''
  ) );
#1682 = FACE_BOUND('',#1683,.T.);
#1683 = EDGE_LOOP('',(#1684));
#1684 = ORIENTED_EDGE('',*,*,#1685,.T.);
#1685 = EDGE_CURVE('',#1686,#1686,#1688,.T.);
#1686 = VERTEX_POINT('',#1687);
#1687 = CARTESIAN_POINT('',(490.,0.,48.8));
#1688 = SURFACE_CURVE('',#1689,(#1694,#1705),.PCURVE_S1.);
#1689 = CIRCLE('',#1690,3.8);
#1690 = AXIS2_PLACEMENT_3D('',#1691,#1692,#1693);
#1691 = CARTESIAN_POINT('',(490.,0.,45.));
#1692 = DIRECTION('',(0.,1.,0.));
#1693 = DIRECTION('',(0.,-0.,1.));
#1694 = PCURVE('',#1371,#1695);
#1695 = DEFINITIONAL_REPRESENTATION('',(#1696),#1704);
#1696 = ( BOUNDED_CURVE() B_SPLINE_CURVE(2,(#1697,#1698,#1699,#1700,
#1701,#1702,#1703),.UNSPECIFIED.,.T.,.F.) B_SPLINE_CURVE_WITH_KNOTS((1,2
    ,2,2,2,1),(-2.094395102393,0.,2.094395102393,4.188790204786,
6.28318530718,8.377580409573),.UNSPECIFIED.) CURVE() 
GEOMETRIC_REPRESENTATION_ITEM() RATIONAL_B_SPLINE_CURVE((1.,0.5,1.,0.5,
1.,0.5,1.)) REPRESENTATION_ITEM('') );
#1697 = CARTESIAN_POINT('',(490.,28.8));
#1698 = CARTESIAN_POINT('',(496.58179306876,28.8));
#1699 = CARTESIAN_POINT('',(493.29089653438,23.1));
#1700 = CARTESIAN_POINT('',(490.,17.4));
#1701 = CARTESIAN_POINT('',(486.70910346561,23.1));
#1702 = CARTESIAN_POINT('',(483.41820693123,28.8));
#1703 = CARTESIAN_POINT('',(490.,28.8));
#1704 = ( GEOMETRIC_REPRESENTATION_CONTEXT(2) 
PARAMETRIC_REPRESENTATION_CONTEXT() REPRESENTATION_CONTEXT('2D SPACE',''
  ) );
#1705 = PCURVE('',#1706,#1711);
#1706 = CONICAL_SURFACE('',#1707,3.85,0.785398163397);
#1707 = AXIS2_PLACEMENT_3D('',#1708,#1709,#1710);
#1708 = CARTESIAN_POINT('',(490.,-5.E-02,45.));
#1709 = DIRECTION('',(-0.,-1.,-0.));
#1710 = DIRECTION('',(0.,-0.,1.));
#1711 = DEFINITIONAL_REPRESENTATION('',(#1712),#1716);
#1712 = LINE('',#1713,#1714);
#1713 = CARTESIAN_POINT('',(-0.,-5.E-02));
#1714 = VECTOR('',#1715,1.);
#1715 = DIRECTION('',(-1.,-0.));
#1716 = ( GEOMETRIC_REPRESENTATION_CONTEXT(2) 
PARAMETRIC_REPRESENTATION_CONTEXT() REPRESENTATION_CONTEXT('2D SPACE',''
  ) );
#1717 = FACE_BOUND('',#1718,.T.);
#1718 = EDGE_LOOP('',(#1719));
#1719 = ORIENTED_EDGE('',*,*,#1720,.T.);
#1720 = EDGE_CURVE('',#1721,#1721,#1723,.T.);
#1721 = VERTEX_POINT('',#1722);
#1722 = CARTESIAN_POINT('',(10.,0.,143.8));
#1723 = SURFACE_CURVE('',#1724,(#1729,#1740),.PCURVE_S1.);
#1724 = CIRCLE('',#1725,3.8);
#1725 = AXIS2_PLACEMENT_3D('',#1726,#1727,#1728);
#1726 = CARTESIAN_POINT('',(10.,0.,140.));
#1727 = DIRECTION('',(0.,1.,0.));
#1728 = DIRECTION('',(0.,-0.,1.));
#1729 = PCURVE('',#1371,#1730);
#1730 = DEFINITIONAL_REPRESENTATION('',(#1731),#1739);
#1731 = ( BOUNDED_CURVE() B_SPLINE_CURVE(2,(#1732,#1733,#1734,#1735,
#1736,#1737,#1738),.UNSPECIFIED.,.T.,.F.) B_SPLINE_CURVE_WITH_KNOTS((1,2
    ,2,2,2,1),(-2.094395102393,0.,2.094395102393,4.188790204786,
6.28318530718,8.377580409573),.UNSPECIFIED.) CURVE() 
GEOMETRIC_REPRESENTATION_ITEM() RATIONAL_B_SPLINE_CURVE((1.,0.5,1.,0.5,
1.,0.5,1.)) REPRESENTATION_ITEM('') );
#1732 = CARTESIAN_POINT('',(10.,123.8));
#1733 = CARTESIAN_POINT('',(16.581793068762,123.8));
#1734 = CARTESIAN_POINT('',(13.290896534381,118.1));
#1735 = CARTESIAN_POINT('',(10.,112.4));
#1736 = CARTESIAN_POINT('',(6.709103465619,118.1));
#1737 = CARTESIAN_POINT('',(3.418206931238,123.8));
#1738 = CARTESIAN_POINT('',(10.,123.8));
#1739 = ( GEOMETRIC_REPRESENTATION_CONTEXT(2) 
PARAMETRIC_REPRESENTATION_CONTEXT() REPRESENTATION_CONTEXT('2D SPACE',''
  ) );
#1740 = PCURVE('',#1741,#1746);
#1741 = CONICAL_SURFACE('',#1742,3.85,0.785398163397);
#1742 = AXIS2_PLACEMENT_3D('',#1743,#1744,#1745);
#1743 = CARTESIAN_POINT('',(10.,-5.E-02,140.));
#1744 = DIRECTION('',(-0.,-1.,-0.));
#1745 = DIRECTION('',(0.,-0.,1.));
#1746 = DEFINITIONAL_REPRESENTATION('',(#1747),#1751);
#1747 = LINE('',#1748,#1749);
#1748 = CARTESIAN_POINT('',(-0.,-5.E-02));
#1749 = VECTOR('',#1750,1.);
#1750 = DIRECTION('',(-1.,-0.));
#1751 = ( GEOMETRIC_REPRESENTATION_CONTEXT(2) 
PARAMETRIC_REPRESENTATION_CONTEXT() REPRESENTATION_CONTEXT('2D SPACE',''
  ) );
#1752 = FACE_BOUND('',#1753,.T.);
#1753 = EDGE_LOOP('',(#1754));
#1754 = ORIENTED_EDGE('',*,*,#1755,.T.);
#1755 = EDGE_CURVE('',#1756,#1756,#1758,.T.);
#1756 = VERTEX_POINT('',#1757);
#1757 = CARTESIAN_POINT('',(490.,0.,143.8));
#1758 = SURFACE_CURVE('',#1759,(#1764,#1775),.PCURVE_S1.);
#1759 = CIRCLE('',#1760,3.8);
#1760 = AXIS2_PLACEMENT_3D('',#1761,#1762,#1763);
#1761 = CARTESIAN_POINT('',(490.,0.,140.));
#1762 = DIRECTION('',(0.,1.,0.));
#1763 = DIRECTION('',(0.,-0.,1.));
#1764 = PCURVE('',#1371,#1765);
#1765 = DEFINITIONAL_REPRESENTATION('',(#1766),#1774);
#1766 = ( BOUNDED_CURVE() B_SPLINE_CURVE(2,(#1767,#1768,#1769,#1770,
#1771,#1772,#1773),.UNSPECIFIED.,.T.,.F.) B_SPLINE_CURVE_WITH_KNOTS((1,2
    ,2,2,2,1),(-2.094395102393,0.,2.094395102393,4.188790204786,
6.28318530718,8.377580409573),.UNSPECIFIED.) CURVE() 
GEOMETRIC_REPRESENTATION_ITEM() RATIONAL_B_SPLINE_CURVE((1.,0.5,1.,0.5,
1.,0.5,1.)) REPRESENTATION_ITEM('') );
#1767 = CARTESIAN_POINT('',(490.,123.8));
#1768 = CARTESIAN_POINT('',(496.58179306876,123.8));
#1769 = CARTESIAN_POINT('',(493.29089653438,118.1));
#1770 = CARTESIAN_POINT('',(490.,112.4));
#1771 = CARTESIAN_POINT('',(486.70910346561,118.1));
#1772 = CARTESIAN_POINT('',(483.41820693123,123.8));
#1773 = CARTESIAN_POINT('',(490.,123.8));
#1774 = ( GEOMETRIC_REPRESENTATION_CONTEXT(2) 
PARAMETRIC_REPRESENTATION_CONTEXT() REPRESENTATION_CONTEXT('2D SPACE',''
  ) );
#1775 = PCURVE('',#1776,#1781);
#1776 = CONICAL_SURFACE('',#1777,3.85,0.785398163397);
#1777 = AXIS2_PLACEMENT_3D('',#1778,#1779,#1780);
#1778 = CARTESIAN_POINT('',(490.,-5.E-02,140.));
#1779 = DIRECTION('',(-0.,-1.,-0.));
#1780 = DIRECTION('',(0.,-0.,1.));
#1781 = DEFINITIONAL_REPRESENTATION('',(#1782),#1786);
#1782 = LINE('',#1783,#1784);
#1783 = CARTESIAN_POINT('',(-0.,-5.E-02));
#1784 = VECTOR('',#1785,1.);
#1785 = DIRECTION('',(-1.,-0.));
#1786 = ( GEOMETRIC_REPRESENTATION_CONTEXT(2) 
PARAMETRIC_REPRESENTATION_CONTEXT() REPRESENTATION_CONTEXT('2D SPACE',''
  ) );
#1787 = ADVANCED_FACE('',(#1788),#1345,.T.);
#1788 = FACE_BOUND('',#1789,.T.);
#1789 = EDGE_LOOP('',(#1790,#1813,#1814,#1815));
#1790 = ORIENTED_EDGE('',*,*,#1791,.F.);
#1791 = EDGE_CURVE('',#1302,#1792,#1794,.T.);
#1792 = VERTEX_POINT('',#1793);
#1793 = CARTESIAN_POINT('',(500.,20.,165.));
#1794 = SURFACE_CURVE('',#1795,(#1799,#1806),.PCURVE_S1.);
#1795 = LINE('',#1796,#1797);
#1796 = CARTESIAN_POINT('',(0.,20.,165.));
#1797 = VECTOR('',#1798,1.);
#1798 = DIRECTION('',(1.,0.,0.));
#1799 = PCURVE('',#1345,#1800);
#1800 = DEFINITIONAL_REPRESENTATION('',(#1801),#1805);
#1801 = LINE('',#1802,#1803);
#1802 = CARTESIAN_POINT('',(0.,0.));
#1803 = VECTOR('',#1804,1.);
#1804 = DIRECTION('',(0.,1.));
#1805 = ( GEOMETRIC_REPRESENTATION_CONTEXT(2) 
PARAMETRIC_REPRESENTATION_CONTEXT() REPRESENTATION_CONTEXT('2D SPACE',''
  ) );
#1806 = PCURVE('',#1317,#1807);
#1807 = DEFINITIONAL_REPRESENTATION('',(#1808),#1812);
#1808 = LINE('',#1809,#1810);
#1809 = CARTESIAN_POINT('',(0.,145.));
#1810 = VECTOR('',#1811,1.);
#1811 = DIRECTION('',(1.,0.));
#1812 = ( GEOMETRIC_REPRESENTATION_CONTEXT(2) 
PARAMETRIC_REPRESENTATION_CONTEXT() REPRESENTATION_CONTEXT('2D SPACE',''
  ) );
#1813 = ORIENTED_EDGE('',*,*,#1329,.T.);
#1814 = ORIENTED_EDGE('',*,*,#1627,.T.);
#1815 = ORIENTED_EDGE('',*,*,#1816,.F.);
#1816 = EDGE_CURVE('',#1792,#1605,#1817,.T.);
#1817 = SURFACE_CURVE('',#1818,(#1822,#1829),.PCURVE_S1.);
#1818 = LINE('',#1819,#1820);
#1819 = CARTESIAN_POINT('',(500.,20.,165.));
#1820 = VECTOR('',#1821,1.);
#1821 = DIRECTION('',(0.,-1.,0.));
#1822 = PCURVE('',#1345,#1823);
#1823 = DEFINITIONAL_REPRESENTATION('',(#1824),#1828);
#1824 = LINE('',#1825,#1826);
#1825 = CARTESIAN_POINT('',(0.,500.));
#1826 = VECTOR('',#1827,1.);
#1827 = DIRECTION('',(1.,0.));
#1828 = ( GEOMETRIC_REPRESENTATION_CONTEXT(2) 
PARAMETRIC_REPRESENTATION_CONTEXT() REPRESENTATION_CONTEXT('2D SPACE',''
  ) );
#1829 = PCURVE('',#1447,#1830);
#1830 = DEFINITIONAL_REPRESENTATION('',(#1831),#1835);
#1831 = LINE('',#1832,#1833);
#1832 = CARTESIAN_POINT('',(0.,-145.));
#1833 = VECTOR('',#1834,1.);
#1834 = DIRECTION('',(1.,0.));
#1835 = ( GEOMETRIC_REPRESENTATION_CONTEXT(2) 
PARAMETRIC_REPRESENTATION_CONTEXT() REPRESENTATION_CONTEXT('2D SPACE',''
  ) );
#1836 = ADVANCED_FACE('',(#1837,#1863,#1894,#1925,#1956),#1317,.F.);
#1837 = FACE_BOUND('',#1838,.F.);
#1838 = EDGE_LOOP('',(#1839,#1840,#1841,#1862));
#1839 = ORIENTED_EDGE('',*,*,#1301,.F.);
#1840 = ORIENTED_EDGE('',*,*,#1386,.T.);
#1841 = ORIENTED_EDGE('',*,*,#1842,.T.);
#1842 = EDGE_CURVE('',#1387,#1792,#1843,.T.);
#1843 = SURFACE_CURVE('',#1844,(#1848,#1855),.PCURVE_S1.);
#1844 = LINE('',#1845,#1846);
#1845 = CARTESIAN_POINT('',(500.,20.,20.));
#1846 = VECTOR('',#1847,1.);
#1847 = DIRECTION('',(0.,0.,1.));
#1848 = PCURVE('',#1317,#1849);
#1849 = DEFINITIONAL_REPRESENTATION('',(#1850),#1854);
#1850 = LINE('',#1851,#1852);
#1851 = CARTESIAN_POINT('',(500.,0.));
#1852 = VECTOR('',#1853,1.);
#1853 = DIRECTION('',(0.,1.));
#1854 = ( GEOMETRIC_REPRESENTATION_CONTEXT(2) 
PARAMETRIC_REPRESENTATION_CONTEXT() REPRESENTATION_CONTEXT('2D SPACE',''
  ) );
#1855 = PCURVE('',#1447,#1856);
#1856 = DEFINITIONAL_REPRESENTATION('',(#1857),#1861);
#1857 = LINE('',#1858,#1859);
#1858 = CARTESIAN_POINT('',(0.,0.));
#1859 = VECTOR('',#1860,1.);
#1860 = DIRECTION('',(0.,-1.));
#1861 = ( GEOMETRIC_REPRESENTATION_CONTEXT(2) 
PARAMETRIC_REPRESENTATION_CONTEXT() REPRESENTATION_CONTEXT('2D SPACE',''
  ) );
#1862 = ORIENTED_EDGE('',*,*,#1791,.F.);
#1863 = FACE_BOUND('',#1864,.F.);
#1864 = EDGE_LOOP('',(#1865));
#1865 = ORIENTED_EDGE('',*,*,#1866,.F.);
#1866 = EDGE_CURVE('',#1867,#1867,#1869,.T.);
#1867 = VERTEX_POINT('',#1868);
#1868 = CARTESIAN_POINT('',(10.,20.,46.25));
#1869 = SURFACE_CURVE('',#1870,(#1875,#1882),.PCURVE_S1.);
#1870 = CIRCLE('',#1871,1.25);
#1871 = AXIS2_PLACEMENT_3D('',#1872,#1873,#1874);
#1872 = CARTESIAN_POINT('',(10.,20.,45.));
#1873 = DIRECTION('',(0.,-1.,0.));
#1874 = DIRECTION('',(0.,0.,1.));
#1875 = PCURVE('',#1317,#1876);
#1876 = DEFINITIONAL_REPRESENTATION('',(#1877),#1881);
#1877 = CIRCLE('',#1878,1.25);
#1878 = AXIS2_PLACEMENT_2D('',#1879,#1880);
#1879 = CARTESIAN_POINT('',(10.,25.));
#1880 = DIRECTION('',(0.,1.));
#1881 = ( GEOMETRIC_REPRESENTATION_CONTEXT(2) 
PARAMETRIC_REPRESENTATION_CONTEXT() REPRESENTATION_CONTEXT('2D SPACE',''
  ) );
#1882 = PCURVE('',#1883,#1888);
#1883 = CYLINDRICAL_SURFACE('',#1884,1.25);
#1884 = AXIS2_PLACEMENT_3D('',#1885,#1886,#1887);
#1885 = CARTESIAN_POINT('',(10.,-5.E-02,45.));
#1886 = DIRECTION('',(-0.,-1.,-0.));
#1887 = DIRECTION('',(0.,0.,1.));
#1888 = DEFINITIONAL_REPRESENTATION('',(#1889),#1893);
#1889 = LINE('',#1890,#1891);
#1890 = CARTESIAN_POINT('',(-6.28318530718,-20.05));
#1891 = VECTOR('',#1892,1.);
#1892 = DIRECTION('',(1.,-0.));
#1893 = ( GEOMETRIC_REPRESENTATION_CONTEXT(2) 
PARAMETRIC_REPRESENTATION_CONTEXT() REPRESENTATION_CONTEXT('2D SPACE',''
  ) );
#1894 = FACE_BOUND('',#1895,.F.);
#1895 = EDGE_LOOP('',(#1896));
#1896 = ORIENTED_EDGE('',*,*,#1897,.F.);
#1897 = EDGE_CURVE('',#1898,#1898,#1900,.T.);
#1898 = VERTEX_POINT('',#1899);
#1899 = CARTESIAN_POINT('',(490.,20.,46.25));
#1900 = SURFACE_CURVE('',#1901,(#1906,#1913),.PCURVE_S1.);
#1901 = CIRCLE('',#1902,1.25);
#1902 = AXIS2_PLACEMENT_3D('',#1903,#1904,#1905);
#1903 = CARTESIAN_POINT('',(490.,20.,45.));
#1904 = DIRECTION('',(0.,-1.,0.));
#1905 = DIRECTION('',(0.,0.,1.));
#1906 = PCURVE('',#1317,#1907);
#1907 = DEFINITIONAL_REPRESENTATION('',(#1908),#1912);
#1908 = CIRCLE('',#1909,1.25);
#1909 = AXIS2_PLACEMENT_2D('',#1910,#1911);
#1910 = CARTESIAN_POINT('',(490.,25.));
#1911 = DIRECTION('',(0.,1.));
#1912 = ( GEOMETRIC_REPRESENTATION_CONTEXT(2) 
PARAMETRIC_REPRESENTATION_CONTEXT() REPRESENTATION_CONTEXT('2D SPACE',''
  ) );
#1913 = PCURVE('',#1914,#1919);
#1914 = CYLINDRICAL_SURFACE('',#1915,1.25);
#1915 = AXIS2_PLACEMENT_3D('',#1916,#1917,#1918);
#1916 = CARTESIAN_POINT('',(490.,-5.E-02,45.));
#1917 = DIRECTION('',(-0.,-1.,-0.));
#1918 = DIRECTION('',(0.,0.,1.));
#1919 = DEFINITIONAL_REPRESENTATION('',(#1920),#1924);
#1920 = LINE('',#1921,#1922);
#1921 = CARTESIAN_POINT('',(-6.28318530718,-20.05));
#1922 = VECTOR('',#1923,1.);
#1923 = DIRECTION('',(1.,-0.));
#1924 = ( GEOMETRIC_REPRESENTATION_CONTEXT(2) 
PARAMETRIC_REPRESENTATION_CONTEXT() REPRESENTATION_CONTEXT('2D SPACE',''
  ) );
#1925 = FACE_BOUND('',#1926,.F.);
#1926 = EDGE_LOOP('',(#1927));
#1927 = ORIENTED_EDGE('',*,*,#1928,.F.);
#1928 = EDGE_CURVE('',#1929,#1929,#1931,.T.);
#1929 = VERTEX_POINT('',#1930);
#1930 = CARTESIAN_POINT('',(10.,20.,141.25));
#1931 = SURFACE_CURVE('',#1932,(#1937,#1944),.PCURVE_S1.);
#1932 = CIRCLE('',#1933,1.25);
#1933 = AXIS2_PLACEMENT_3D('',#1934,#1935,#1936);
#1934 = CARTESIAN_POINT('',(10.,20.,140.));
#1935 = DIRECTION('',(0.,-1.,0.));
#1936 = DIRECTION('',(0.,0.,1.));
#1937 = PCURVE('',#1317,#1938);
#1938 = DEFINITIONAL_REPRESENTATION('',(#1939),#1943);
#1939 = CIRCLE('',#1940,1.25);
#1940 = AXIS2_PLACEMENT_2D('',#1941,#1942);
#1941 = CARTESIAN_POINT('',(10.,120.));
#1942 = DIRECTION('',(0.,1.));
#1943 = ( GEOMETRIC_REPRESENTATION_CONTEXT(2) 
PARAMETRIC_REPRESENTATION_CONTEXT() REPRESENTATION_CONTEXT('2D SPACE',''
  ) );
#1944 = PCURVE('',#1945,#1950);
#1945 = CYLINDRICAL_SURFACE('',#1946,1.25);
#1946 = AXIS2_PLACEMENT_3D('',#1947,#1948,#1949);
#1947 = CARTESIAN_POINT('',(10.,-5.E-02,140.));
#1948 = DIRECTION('',(-0.,-1.,-0.));
#1949 = DIRECTION('',(0.,0.,1.));
#1950 = DEFINITIONAL_REPRESENTATION('',(#1951),#1955);
#1951 = LINE('',#1952,#1953);
#1952 = CARTESIAN_POINT('',(-6.28318530718,-20.05));
#1953 = VECTOR('',#1954,1.);
#1954 = DIRECTION('',(1.,-0.));
#1955 = ( GEOMETRIC_REPRESENTATION_CONTEXT(2) 
PARAMETRIC_REPRESENTATION_CONTEXT() REPRESENTATION_CONTEXT('2D SPACE',''
  ) );
#1956 = FACE_BOUND('',#1957,.F.);
#1957 = EDGE_LOOP('',(#1958));
#1958 = ORIENTED_EDGE('',*,*,#1959,.F.);
#1959 = EDGE_CURVE('',#1960,#1960,#1962,.T.);
#1960 = VERTEX_POINT('',#1961);
#1961 = CARTESIAN_POINT('',(490.,20.,141.25));
#1962 = SURFACE_CURVE('',#1963,(#1968,#1975),.PCURVE_S1.);
#1963 = CIRCLE('',#1964,1.25);
#1964 = AXIS2_PLACEMENT_3D('',#1965,#1966,#1967);
#1965 = CARTESIAN_POINT('',(490.,20.,140.));
#1966 = DIRECTION('',(0.,-1.,0.));
#1967 = DIRECTION('',(0.,0.,1.));
#1968 = PCURVE('',#1317,#1969);
#1969 = DEFINITIONAL_REPRESENTATION('',(#1970),#1974);
#1970 = CIRCLE('',#1971,1.25);
#1971 = AXIS2_PLACEMENT_2D('',#1972,#1973);
#1972 = CARTESIAN_POINT('',(490.,120.));
#1973 = DIRECTION('',(0.,1.));
#1974 = ( GEOMETRIC_REPRESENTATION_CONTEXT(2) 
PARAMETRIC_REPRESENTATION_CONTEXT() REPRESENTATION_CONTEXT('2D SPACE',''
  ) );
#1975 = PCURVE('',#1976,#1981);
#1976 = CYLINDRICAL_SURFACE('',#1977,1.25);
#1977 = AXIS2_PLACEMENT_3D('',#1978,#1979,#1980);
#1978 = CARTESIAN_POINT('',(490.,-5.E-02,140.));
#1979 = DIRECTION('',(-0.,-1.,-0.));
#1980 = DIRECTION('',(0.,0.,1.));
#1981 = DEFINITIONAL_REPRESENTATION('',(#1982),#1986);
#1982 = LINE('',#1983,#1984);
#1983 = CARTESIAN_POINT('',(-6.28318530718,-20.05));
#1984 = VECTOR('',#1985,1.);
#1985 = DIRECTION('',(1.,-0.));
#1986 = ( GEOMETRIC_REPRESENTATION_CONTEXT(2) 
PARAMETRIC_REPRESENTATION_CONTEXT() REPRESENTATION_CONTEXT('2D SPACE',''
  ) );
#1987 = ADVANCED_FACE('',(#1988),#1447,.T.);
#1988 = FACE_BOUND('',#1989,.T.);
#1989 = EDGE_LOOP('',(#1990,#1991,#1992,#1993));
#1990 = ORIENTED_EDGE('',*,*,#1433,.F.);
#1991 = ORIENTED_EDGE('',*,*,#1842,.T.);
#1992 = ORIENTED_EDGE('',*,*,#1816,.T.);
#1993 = ORIENTED_EDGE('',*,*,#1604,.F.);
#1994 = ADVANCED_FACE('',(#1995),#1482,.F.);
#1995 = FACE_BOUND('',#1996,.T.);
#1996 = EDGE_LOOP('',(#1997,#1998,#2021,#2048));
#1997 = ORIENTED_EDGE('',*,*,#1461,.T.);
#1998 = ORIENTED_EDGE('',*,*,#1999,.T.);
#1999 = EDGE_CURVE('',#1462,#2000,#2002,.T.);
#2000 = VERTEX_POINT('',#2001);
#2001 = CARTESIAN_POINT('',(26.25,10.,32.05));
#2002 = SEAM_CURVE('',#2003,(#2007,#2014),.PCURVE_S1.);
#2003 = LINE('',#2004,#2005);
#2004 = CARTESIAN_POINT('',(26.25,10.,19.95));
#2005 = VECTOR('',#2006,1.);
#2006 = DIRECTION('',(0.,0.,1.));
#2007 = PCURVE('',#1482,#2008);
#2008 = DEFINITIONAL_REPRESENTATION('',(#2009),#2013);
#2009 = LINE('',#2010,#2011);
#2010 = CARTESIAN_POINT('',(-6.28318530718,0.));
#2011 = VECTOR('',#2012,1.);
#2012 = DIRECTION('',(-0.,-1.));
#2013 = ( GEOMETRIC_REPRESENTATION_CONTEXT(2) 
PARAMETRIC_REPRESENTATION_CONTEXT() REPRESENTATION_CONTEXT('2D SPACE',''
  ) );
#2014 = PCURVE('',#1482,#2015);
#2015 = DEFINITIONAL_REPRESENTATION('',(#2016),#2020);
#2016 = LINE('',#2017,#2018);
#2017 = CARTESIAN_POINT('',(-0.,0.));
#2018 = VECTOR('',#2019,1.);
#2019 = DIRECTION('',(-0.,-1.));
#2020 = ( GEOMETRIC_REPRESENTATION_CONTEXT(2) 
PARAMETRIC_REPRESENTATION_CONTEXT() REPRESENTATION_CONTEXT('2D SPACE',''
  ) );
#2021 = ORIENTED_EDGE('',*,*,#2022,.T.);
#2022 = EDGE_CURVE('',#2000,#2000,#2023,.T.);
#2023 = SURFACE_CURVE('',#2024,(#2029,#2036),.PCURVE_S1.);
#2024 = CIRCLE('',#2025,1.25);
#2025 = AXIS2_PLACEMENT_3D('',#2026,#2027,#2028);
#2026 = CARTESIAN_POINT('',(25.,10.,32.05));
#2027 = DIRECTION('',(0.,0.,1.));
#2028 = DIRECTION('',(1.,0.,0.));
#2029 = PCURVE('',#1482,#2030);
#2030 = DEFINITIONAL_REPRESENTATION('',(#2031),#2035);
#2031 = LINE('',#2032,#2033);
#2032 = CARTESIAN_POINT('',(-0.,-12.1));
#2033 = VECTOR('',#2034,1.);
#2034 = DIRECTION('',(-1.,0.));
#2035 = ( GEOMETRIC_REPRESENTATION_CONTEXT(2) 
PARAMETRIC_REPRESENTATION_CONTEXT() REPRESENTATION_CONTEXT('2D SPACE',''
  ) );
#2036 = PCURVE('',#2037,#2042);
#2037 = PLANE('',#2038);
#2038 = AXIS2_PLACEMENT_3D('',#2039,#2040,#2041);
#2039 = CARTESIAN_POINT('',(25.,10.,32.05));
#2040 = DIRECTION('',(0.,0.,1.));
#2041 = DIRECTION('',(1.,0.,-0.));
#2042 = DEFINITIONAL_REPRESENTATION('',(#2043),#2047);
#2043 = CIRCLE('',#2044,1.25);
#2044 = AXIS2_PLACEMENT_2D('',#2045,#2046);
#2045 = CARTESIAN_POINT('',(-3.552713678801E-15,1.7763568394E-15));
#2046 = DIRECTION('',(1.,0.));
#2047 = ( GEOMETRIC_REPRESENTATION_CONTEXT(2) 
PARAMETRIC_REPRESENTATION_CONTEXT() REPRESENTATION_CONTEXT('2D SPACE',''
  ) );
#2048 = ORIENTED_EDGE('',*,*,#1999,.F.);
#2049 = ADVANCED_FACE('',(#2050),#1517,.F.);
#2050 = FACE_BOUND('',#2051,.T.);
#2051 = EDGE_LOOP('',(#2052,#2053,#2076,#2103));
#2052 = ORIENTED_EDGE('',*,*,#1496,.T.);
#2053 = ORIENTED_EDGE('',*,*,#2054,.T.);
#2054 = EDGE_CURVE('',#1497,#2055,#2057,.T.);
#2055 = VERTEX_POINT('',#2056);
#2056 = CARTESIAN_POINT('',(176.25,10.,32.05));
#2057 = SEAM_CURVE('',#2058,(#2062,#2069),.PCURVE_S1.);
#2058 = LINE('',#2059,#2060);
#2059 = CARTESIAN_POINT('',(176.25,10.,19.95));
#2060 = VECTOR('',#2061,1.);
#2061 = DIRECTION('',(0.,0.,1.));
#2062 = PCURVE('',#1517,#2063);
#2063 = DEFINITIONAL_REPRESENTATION('',(#2064),#2068);
#2064 = LINE('',#2065,#2066);
#2065 = CARTESIAN_POINT('',(-6.28318530718,0.));
#2066 = VECTOR('',#2067,1.);
#2067 = DIRECTION('',(-0.,-1.));
#2068 = ( GEOMETRIC_REPRESENTATION_CONTEXT(2) 
PARAMETRIC_REPRESENTATION_CONTEXT() REPRESENTATION_CONTEXT('2D SPACE',''
  ) );
#2069 = PCURVE('',#1517,#2070);
#2070 = DEFINITIONAL_REPRESENTATION('',(#2071),#2075);
#2071 = LINE('',#2072,#2073);
#2072 = CARTESIAN_POINT('',(-0.,0.));
#2073 = VECTOR('',#2074,1.);
#2074 = DIRECTION('',(-0.,-1.));
#2075 = ( GEOMETRIC_REPRESENTATION_CONTEXT(2) 
PARAMETRIC_REPRESENTATION_CONTEXT() REPRESENTATION_CONTEXT('2D SPACE',''
  ) );
#2076 = ORIENTED_EDGE('',*,*,#2077,.T.);
#2077 = EDGE_CURVE('',#2055,#2055,#2078,.T.);
#2078 = SURFACE_CURVE('',#2079,(#2084,#2091),.PCURVE_S1.);
#2079 = CIRCLE('',#2080,1.25);
#2080 = AXIS2_PLACEMENT_3D('',#2081,#2082,#2083);
#2081 = CARTESIAN_POINT('',(175.,10.,32.05));
#2082 = DIRECTION('',(0.,0.,1.));
#2083 = DIRECTION('',(1.,0.,0.));
#2084 = PCURVE('',#1517,#2085);
#2085 = DEFINITIONAL_REPRESENTATION('',(#2086),#2090);
#2086 = LINE('',#2087,#2088);
#2087 = CARTESIAN_POINT('',(-0.,-12.1));
#2088 = VECTOR('',#2089,1.);
#2089 = DIRECTION('',(-1.,0.));
#2090 = ( GEOMETRIC_REPRESENTATION_CONTEXT(2) 
PARAMETRIC_REPRESENTATION_CONTEXT() REPRESENTATION_CONTEXT('2D SPACE',''
  ) );
#2091 = PCURVE('',#2092,#2097);
#2092 = PLANE('',#2093);
#2093 = AXIS2_PLACEMENT_3D('',#2094,#2095,#2096);
#2094 = CARTESIAN_POINT('',(175.,10.,32.05));
#2095 = DIRECTION('',(0.,0.,1.));
#2096 = DIRECTION('',(1.,0.,-0.));
#2097 = DEFINITIONAL_REPRESENTATION('',(#2098),#2102);
#2098 = CIRCLE('',#2099,1.25);
#2099 = AXIS2_PLACEMENT_2D('',#2100,#2101);
#2100 = CARTESIAN_POINT('',(0.,1.7763568394E-15));
#2101 = DIRECTION('',(1.,0.));
#2102 = ( GEOMETRIC_REPRESENTATION_CONTEXT(2) 
PARAMETRIC_REPRESENTATION_CONTEXT() REPRESENTATION_CONTEXT('2D SPACE',''
  ) );
#2103 = ORIENTED_EDGE('',*,*,#2054,.F.);
#2104 = ADVANCED_FACE('',(#2105),#1552,.F.);
#2105 = FACE_BOUND('',#2106,.T.);
#2106 = EDGE_LOOP('',(#2107,#2108,#2131,#2158));
#2107 = ORIENTED_EDGE('',*,*,#1531,.T.);
#2108 = ORIENTED_EDGE('',*,*,#2109,.T.);
#2109 = EDGE_CURVE('',#1532,#2110,#2112,.T.);
#2110 = VERTEX_POINT('',#2111);
#2111 = CARTESIAN_POINT('',(326.25,10.,32.05));
#2112 = SEAM_CURVE('',#2113,(#2117,#2124),.PCURVE_S1.);
#2113 = LINE('',#2114,#2115);
#2114 = CARTESIAN_POINT('',(326.25,10.,19.95));
#2115 = VECTOR('',#2116,1.);
#2116 = DIRECTION('',(0.,0.,1.));
#2117 = PCURVE('',#1552,#2118);
#2118 = DEFINITIONAL_REPRESENTATION('',(#2119),#2123);
#2119 = LINE('',#2120,#2121);
#2120 = CARTESIAN_POINT('',(-6.28318530718,0.));
#2121 = VECTOR('',#2122,1.);
#2122 = DIRECTION('',(-0.,-1.));
#2123 = ( GEOMETRIC_REPRESENTATION_CONTEXT(2) 
PARAMETRIC_REPRESENTATION_CONTEXT() REPRESENTATION_CONTEXT('2D SPACE',''
  ) );
#2124 = PCURVE('',#1552,#2125);
#2125 = DEFINITIONAL_REPRESENTATION('',(#2126),#2130);
#2126 = LINE('',#2127,#2128);
#2127 = CARTESIAN_POINT('',(-0.,0.));
#2128 = VECTOR('',#2129,1.);
#2129 = DIRECTION('',(-0.,-1.));
#2130 = ( GEOMETRIC_REPRESENTATION_CONTEXT(2) 
PARAMETRIC_REPRESENTATION_CONTEXT() REPRESENTATION_CONTEXT('2D SPACE',''
  ) );
#2131 = ORIENTED_EDGE('',*,*,#2132,.T.);
#2132 = EDGE_CURVE('',#2110,#2110,#2133,.T.);
#2133 = SURFACE_CURVE('',#2134,(#2139,#2146),.PCURVE_S1.);
#2134 = CIRCLE('',#2135,1.25);
#2135 = AXIS2_PLACEMENT_3D('',#2136,#2137,#2138);
#2136 = CARTESIAN_POINT('',(325.,10.,32.05));
#2137 = DIRECTION('',(0.,0.,1.));
#2138 = DIRECTION('',(1.,0.,0.));
#2139 = PCURVE('',#1552,#2140);
#2140 = DEFINITIONAL_REPRESENTATION('',(#2141),#2145);
#2141 = LINE('',#2142,#2143);
#2142 = CARTESIAN_POINT('',(-0.,-12.1));
#2143 = VECTOR('',#2144,1.);
#2144 = DIRECTION('',(-1.,0.));
#2145 = ( GEOMETRIC_REPRESENTATION_CONTEXT(2) 
PARAMETRIC_REPRESENTATION_CONTEXT() REPRESENTATION_CONTEXT('2D SPACE',''
  ) );
#2146 = PCURVE('',#2147,#2152);
#2147 = PLANE('',#2148);
#2148 = AXIS2_PLACEMENT_3D('',#2149,#2150,#2151);
#2149 = CARTESIAN_POINT('',(325.,10.,32.05));
#2150 = DIRECTION('',(0.,0.,1.));
#2151 = DIRECTION('',(1.,0.,-0.));
#2152 = DEFINITIONAL_REPRESENTATION('',(#2153),#2157);
#2153 = CIRCLE('',#2154,1.25);
#2154 = AXIS2_PLACEMENT_2D('',#2155,#2156);
#2155 = CARTESIAN_POINT('',(5.684341886081E-14,1.7763568394E-15));
#2156 = DIRECTION('',(1.,0.));
#2157 = ( GEOMETRIC_REPRESENTATION_CONTEXT(2) 
PARAMETRIC_REPRESENTATION_CONTEXT() REPRESENTATION_CONTEXT('2D SPACE',''
  ) );
#2158 = ORIENTED_EDGE('',*,*,#2109,.F.);
#2159 = ADVANCED_FACE('',(#2160),#1587,.F.);
#2160 = FACE_BOUND('',#2161,.T.);
#2161 = EDGE_LOOP('',(#2162,#2163,#2186,#2213));
#2162 = ORIENTED_EDGE('',*,*,#1566,.T.);
#2163 = ORIENTED_EDGE('',*,*,#2164,.T.);
#2164 = EDGE_CURVE('',#1567,#2165,#2167,.T.);
#2165 = VERTEX_POINT('',#2166);
#2166 = CARTESIAN_POINT('',(476.25,10.,32.05));
#2167 = SEAM_CURVE('',#2168,(#2172,#2179),.PCURVE_S1.);
#2168 = LINE('',#2169,#2170);
#2169 = CARTESIAN_POINT('',(476.25,10.,19.95));
#2170 = VECTOR('',#2171,1.);
#2171 = DIRECTION('',(0.,0.,1.));
#2172 = PCURVE('',#1587,#2173);
#2173 = DEFINITIONAL_REPRESENTATION('',(#2174),#2178);
#2174 = LINE('',#2175,#2176);
#2175 = CARTESIAN_POINT('',(-6.28318530718,0.));
#2176 = VECTOR('',#2177,1.);
#2177 = DIRECTION('',(-0.,-1.));
#2178 = ( GEOMETRIC_REPRESENTATION_CONTEXT(2) 
PARAMETRIC_REPRESENTATION_CONTEXT() REPRESENTATION_CONTEXT('2D SPACE',''
  ) );
#2179 = PCURVE('',#1587,#2180);
#2180 = DEFINITIONAL_REPRESENTATION('',(#2181),#2185);
#2181 = LINE('',#2182,#2183);
#2182 = CARTESIAN_POINT('',(-0.,0.));
#2183 = VECTOR('',#2184,1.);
#2184 = DIRECTION('',(-0.,-1.));
#2185 = ( GEOMETRIC_REPRESENTATION_CONTEXT(2) 
PARAMETRIC_REPRESENTATION_CONTEXT() REPRESENTATION_CONTEXT('2D SPACE',''
  ) );
#2186 = ORIENTED_EDGE('',*,*,#2187,.T.);
#2187 = EDGE_CURVE('',#2165,#2165,#2188,.T.);
#2188 = SURFACE_CURVE('',#2189,(#2194,#2201),.PCURVE_S1.);
#2189 = CIRCLE('',#2190,1.25);
#2190 = AXIS2_PLACEMENT_3D('',#2191,#2192,#2193);
#2191 = CARTESIAN_POINT('',(475.,10.,32.05));
#2192 = DIRECTION('',(0.,0.,1.));
#2193 = DIRECTION('',(1.,0.,0.));
#2194 = PCURVE('',#1587,#2195);
#2195 = DEFINITIONAL_REPRESENTATION('',(#2196),#2200);
#2196 = LINE('',#2197,#2198);
#2197 = CARTESIAN_POINT('',(-0.,-12.1));
#2198 = VECTOR('',#2199,1.);
#2199 = DIRECTION('',(-1.,0.));
#2200 = ( GEOMETRIC_REPRESENTATION_CONTEXT(2) 
PARAMETRIC_REPRESENTATION_CONTEXT() REPRESENTATION_CONTEXT('2D SPACE',''
  ) );
#2201 = PCURVE('',#2202,#2207);
#2202 = PLANE('',#2203);
#2203 = AXIS2_PLACEMENT_3D('',#2204,#2205,#2206);
#2204 = CARTESIAN_POINT('',(475.,10.,32.05));
#2205 = DIRECTION('',(0.,0.,1.));
#2206 = DIRECTION('',(1.,0.,-0.));
#2207 = DEFINITIONAL_REPRESENTATION('',(#2208),#2212);
#2208 = CIRCLE('',#2209,1.25);
#2209 = AXIS2_PLACEMENT_2D('',#2210,#2211);
#2210 = CARTESIAN_POINT('',(5.684341886081E-14,1.7763568394E-15));
#2211 = DIRECTION('',(1.,0.));
#2212 = ( GEOMETRIC_REPRESENTATION_CONTEXT(2) 
PARAMETRIC_REPRESENTATION_CONTEXT() REPRESENTATION_CONTEXT('2D SPACE',''
  ) );
#2213 = ORIENTED_EDGE('',*,*,#2164,.F.);
#2214 = ADVANCED_FACE('',(#2215),#1671,.F.);
#2215 = FACE_BOUND('',#2216,.F.);
#2216 = EDGE_LOOP('',(#2217,#2240,#2262,#2263));
#2217 = ORIENTED_EDGE('',*,*,#2218,.T.);
#2218 = EDGE_CURVE('',#1651,#2219,#2221,.T.);
#2219 = VERTEX_POINT('',#2220);
#2220 = CARTESIAN_POINT('',(10.,2.55,46.25));
#2221 = SEAM_CURVE('',#2222,(#2226,#2233),.PCURVE_S1.);
#2222 = LINE('',#2223,#2224);
#2223 = CARTESIAN_POINT('',(10.,-5.E-02,48.85));
#2224 = VECTOR('',#2225,1.);
#2225 = DIRECTION('',(1.731912112471E-16,0.707106781187,-0.707106781187)
  );
#2226 = PCURVE('',#1671,#2227);
#2227 = DEFINITIONAL_REPRESENTATION('',(#2228),#2232);
#2228 = LINE('',#2229,#2230);
#2229 = CARTESIAN_POINT('',(-6.28318530718,0.));
#2230 = VECTOR('',#2231,1.);
#2231 = DIRECTION('',(-0.,-1.));
#2232 = ( GEOMETRIC_REPRESENTATION_CONTEXT(2) 
PARAMETRIC_REPRESENTATION_CONTEXT() REPRESENTATION_CONTEXT('2D SPACE',''
  ) );
#2233 = PCURVE('',#1671,#2234);
#2234 = DEFINITIONAL_REPRESENTATION('',(#2235),#2239);
#2235 = LINE('',#2236,#2237);
#2236 = CARTESIAN_POINT('',(0.,-0.));
#2237 = VECTOR('',#2238,1.);
#2238 = DIRECTION('',(-0.,-1.));
#2239 = ( GEOMETRIC_REPRESENTATION_CONTEXT(2) 
PARAMETRIC_REPRESENTATION_CONTEXT() REPRESENTATION_CONTEXT('2D SPACE',''
  ) );
#2240 = ORIENTED_EDGE('',*,*,#2241,.F.);
#2241 = EDGE_CURVE('',#2219,#2219,#2242,.T.);
#2242 = SURFACE_CURVE('',#2243,(#2248,#2255),.PCURVE_S1.);
#2243 = CIRCLE('',#2244,1.25);
#2244 = AXIS2_PLACEMENT_3D('',#2245,#2246,#2247);
#2245 = CARTESIAN_POINT('',(10.,2.55,45.));
#2246 = DIRECTION('',(0.,1.,0.));
#2247 = DIRECTION('',(0.,-0.,1.));
#2248 = PCURVE('',#1671,#2249);
#2249 = DEFINITIONAL_REPRESENTATION('',(#2250),#2254);
#2250 = LINE('',#2251,#2252);
#2251 = CARTESIAN_POINT('',(-0.,-2.6));
#2252 = VECTOR('',#2253,1.);
#2253 = DIRECTION('',(-1.,-0.));
#2254 = ( GEOMETRIC_REPRESENTATION_CONTEXT(2) 
PARAMETRIC_REPRESENTATION_CONTEXT() REPRESENTATION_CONTEXT('2D SPACE',''
  ) );
#2255 = PCURVE('',#1883,#2256);
#2256 = DEFINITIONAL_REPRESENTATION('',(#2257),#2261);
#2257 = LINE('',#2258,#2259);
#2258 = CARTESIAN_POINT('',(-0.,-2.6));
#2259 = VECTOR('',#2260,1.);
#2260 = DIRECTION('',(-1.,0.));
#2261 = ( GEOMETRIC_REPRESENTATION_CONTEXT(2) 
PARAMETRIC_REPRESENTATION_CONTEXT() REPRESENTATION_CONTEXT('2D SPACE',''
  ) );
#2262 = ORIENTED_EDGE('',*,*,#2218,.F.);
#2263 = ORIENTED_EDGE('',*,*,#1650,.T.);
#2264 = ADVANCED_FACE('',(#2265),#1706,.F.);
#2265 = FACE_BOUND('',#2266,.F.);
#2266 = EDGE_LOOP('',(#2267,#2290,#2312,#2313));
#2267 = ORIENTED_EDGE('',*,*,#2268,.T.);
#2268 = EDGE_CURVE('',#1686,#2269,#2271,.T.);
#2269 = VERTEX_POINT('',#2270);
#2270 = CARTESIAN_POINT('',(490.,2.55,46.25));
#2271 = SEAM_CURVE('',#2272,(#2276,#2283),.PCURVE_S1.);
#2272 = LINE('',#2273,#2274);
#2273 = CARTESIAN_POINT('',(490.,-5.E-02,48.85));
#2274 = VECTOR('',#2275,1.);
#2275 = DIRECTION('',(1.731912112471E-16,0.707106781187,-0.707106781187)
  );
#2276 = PCURVE('',#1706,#2277);
#2277 = DEFINITIONAL_REPRESENTATION('',(#2278),#2282);
#2278 = LINE('',#2279,#2280);
#2279 = CARTESIAN_POINT('',(-6.28318530718,0.));
#2280 = VECTOR('',#2281,1.);
#2281 = DIRECTION('',(-0.,-1.));
#2282 = ( GEOMETRIC_REPRESENTATION_CONTEXT(2) 
PARAMETRIC_REPRESENTATION_CONTEXT() REPRESENTATION_CONTEXT('2D SPACE',''
  ) );
#2283 = PCURVE('',#1706,#2284);
#2284 = DEFINITIONAL_REPRESENTATION('',(#2285),#2289);
#2285 = LINE('',#2286,#2287);
#2286 = CARTESIAN_POINT('',(0.,-0.));
#2287 = VECTOR('',#2288,1.);
#2288 = DIRECTION('',(-0.,-1.));
#2289 = ( GEOMETRIC_REPRESENTATION_CONTEXT(2) 
PARAMETRIC_REPRESENTATION_CONTEXT() REPRESENTATION_CONTEXT('2D SPACE',''
  ) );
#2290 = ORIENTED_EDGE('',*,*,#2291,.F.);
#2291 = EDGE_CURVE('',#2269,#2269,#2292,.T.);
#2292 = SURFACE_CURVE('',#2293,(#2298,#2305),.PCURVE_S1.);
#2293 = CIRCLE('',#2294,1.25);
#2294 = AXIS2_PLACEMENT_3D('',#2295,#2296,#2297);
#2295 = CARTESIAN_POINT('',(490.,2.55,45.));
#2296 = DIRECTION('',(0.,1.,0.));
#2297 = DIRECTION('',(0.,-0.,1.));
#2298 = PCURVE('',#1706,#2299);
#2299 = DEFINITIONAL_REPRESENTATION('',(#2300),#2304);
#2300 = LINE('',#2301,#2302);
#2301 = CARTESIAN_POINT('',(-0.,-2.6));
#2302 = VECTOR('',#2303,1.);
#2303 = DIRECTION('',(-1.,-0.));
#2304 = ( GEOMETRIC_REPRESENTATION_CONTEXT(2) 
PARAMETRIC_REPRESENTATION_CONTEXT() REPRESENTATION_CONTEXT('2D SPACE',''
  ) );
#2305 = PCURVE('',#1914,#2306);
#2306 = DEFINITIONAL_REPRESENTATION('',(#2307),#2311);
#2307 = LINE('',#2308,#2309);
#2308 = CARTESIAN_POINT('',(-0.,-2.6));
#2309 = VECTOR('',#2310,1.);
#2310 = DIRECTION('',(-1.,0.));
#2311 = ( GEOMETRIC_REPRESENTATION_CONTEXT(2) 
PARAMETRIC_REPRESENTATION_CONTEXT() REPRESENTATION_CONTEXT('2D SPACE',''
  ) );
#2312 = ORIENTED_EDGE('',*,*,#2268,.F.);
#2313 = ORIENTED_EDGE('',*,*,#1685,.T.);
#2314 = ADVANCED_FACE('',(#2315),#1741,.F.);
#2315 = FACE_BOUND('',#2316,.F.);
#2316 = EDGE_LOOP('',(#2317,#2340,#2362,#2363));
#2317 = ORIENTED_EDGE('',*,*,#2318,.T.);
#2318 = EDGE_CURVE('',#1721,#2319,#2321,.T.);
#2319 = VERTEX_POINT('',#2320);
#2320 = CARTESIAN_POINT('',(10.,2.55,141.25));
#2321 = SEAM_CURVE('',#2322,(#2326,#2333),.PCURVE_S1.);
#2322 = LINE('',#2323,#2324);
#2323 = CARTESIAN_POINT('',(10.,-5.E-02,143.85));
#2324 = VECTOR('',#2325,1.);
#2325 = DIRECTION('',(1.731912112471E-16,0.707106781187,-0.707106781187)
  );
#2326 = PCURVE('',#1741,#2327);
#2327 = DEFINITIONAL_REPRESENTATION('',(#2328),#2332);
#2328 = LINE('',#2329,#2330);
#2329 = CARTESIAN_POINT('',(-6.28318530718,0.));
#2330 = VECTOR('',#2331,1.);
#2331 = DIRECTION('',(-0.,-1.));
#2332 = ( GEOMETRIC_REPRESENTATION_CONTEXT(2) 
PARAMETRIC_REPRESENTATION_CONTEXT() REPRESENTATION_CONTEXT('2D SPACE',''
  ) );
#2333 = PCURVE('',#1741,#2334);
#2334 = DEFINITIONAL_REPRESENTATION('',(#2335),#2339);
#2335 = LINE('',#2336,#2337);
#2336 = CARTESIAN_POINT('',(0.,-0.));
#2337 = VECTOR('',#2338,1.);
#2338 = DIRECTION('',(-0.,-1.));
#2339 = ( GEOMETRIC_REPRESENTATION_CONTEXT(2) 
PARAMETRIC_REPRESENTATION_CONTEXT() REPRESENTATION_CONTEXT('2D SPACE',''
  ) );
#2340 = ORIENTED_EDGE('',*,*,#2341,.F.);
#2341 = EDGE_CURVE('',#2319,#2319,#2342,.T.);
#2342 = SURFACE_CURVE('',#2343,(#2348,#2355),.PCURVE_S1.);
#2343 = CIRCLE('',#2344,1.25);
#2344 = AXIS2_PLACEMENT_3D('',#2345,#2346,#2347);
#2345 = CARTESIAN_POINT('',(10.,2.55,140.));
#2346 = DIRECTION('',(0.,1.,0.));
#2347 = DIRECTION('',(0.,-0.,1.));
#2348 = PCURVE('',#1741,#2349);
#2349 = DEFINITIONAL_REPRESENTATION('',(#2350),#2354);
#2350 = LINE('',#2351,#2352);
#2351 = CARTESIAN_POINT('',(-0.,-2.6));
#2352 = VECTOR('',#2353,1.);
#2353 = DIRECTION('',(-1.,-0.));
#2354 = ( GEOMETRIC_REPRESENTATION_CONTEXT(2) 
PARAMETRIC_REPRESENTATION_CONTEXT() REPRESENTATION_CONTEXT('2D SPACE',''
  ) );
#2355 = PCURVE('',#1945,#2356);
#2356 = DEFINITIONAL_REPRESENTATION('',(#2357),#2361);
#2357 = LINE('',#2358,#2359);
#2358 = CARTESIAN_POINT('',(-0.,-2.6));
#2359 = VECTOR('',#2360,1.);
#2360 = DIRECTION('',(-1.,0.));
#2361 = ( GEOMETRIC_REPRESENTATION_CONTEXT(2) 
PARAMETRIC_REPRESENTATION_CONTEXT() REPRESENTATION_CONTEXT('2D SPACE',''
  ) );
#2362 = ORIENTED_EDGE('',*,*,#2318,.F.);
#2363 = ORIENTED_EDGE('',*,*,#1720,.T.);
#2364 = ADVANCED_FACE('',(#2365),#1776,.F.);
#2365 = FACE_BOUND('',#2366,.F.);
#2366 = EDGE_LOOP('',(#2367,#2390,#2412,#2413));
#2367 = ORIENTED_EDGE('',*,*,#2368,.T.);
#2368 = EDGE_CURVE('',#1756,#2369,#2371,.T.);
#2369 = VERTEX_POINT('',#2370);
#2370 = CARTESIAN_POINT('',(490.,2.55,141.25));
#2371 = SEAM_CURVE('',#2372,(#2376,#2383),.PCURVE_S1.);
#2372 = LINE('',#2373,#2374);
#2373 = CARTESIAN_POINT('',(490.,-5.E-02,143.85));
#2374 = VECTOR('',#2375,1.);
#2375 = DIRECTION('',(1.731912112471E-16,0.707106781187,-0.707106781187)
  );
#2376 = PCURVE('',#1776,#2377);
#2377 = DEFINITIONAL_REPRESENTATION('',(#2378),#2382);
#2378 = LINE('',#2379,#2380);
#2379 = CARTESIAN_POINT('',(-6.28318530718,0.));
#2380 = VECTOR('',#2381,1.);
#2381 = DIRECTION('',(-0.,-1.));
#2382 = ( GEOMETRIC_REPRESENTATION_CONTEXT(2) 
PARAMETRIC_REPRESENTATION_CONTEXT() REPRESENTATION_CONTEXT('2D SPACE',''
  ) );
#2383 = PCURVE('',#1776,#2384);
#2384 = DEFINITIONAL_REPRESENTATION('',(#2385),#2389);
#2385 = LINE('',#2386,#2387);
#2386 = CARTESIAN_POINT('',(0.,-0.));
#2387 = VECTOR('',#2388,1.);
#2388 = DIRECTION('',(-0.,-1.));
#2389 = ( GEOMETRIC_REPRESENTATION_CONTEXT(2) 
PARAMETRIC_REPRESENTATION_CONTEXT() REPRESENTATION_CONTEXT('2D SPACE',''
  ) );
#2390 = ORIENTED_EDGE('',*,*,#2391,.F.);
#2391 = EDGE_CURVE('',#2369,#2369,#2392,.T.);
#2392 = SURFACE_CURVE('',#2393,(#2398,#2405),.PCURVE_S1.);
#2393 = CIRCLE('',#2394,1.25);
#2394 = AXIS2_PLACEMENT_3D('',#2395,#2396,#2397);
#2395 = CARTESIAN_POINT('',(490.,2.55,140.));
#2396 = DIRECTION('',(0.,1.,0.));
#2397 = DIRECTION('',(0.,-0.,1.));
#2398 = PCURVE('',#1776,#2399);
#2399 = DEFINITIONAL_REPRESENTATION('',(#2400),#2404);
#2400 = LINE('',#2401,#2402);
#2401 = CARTESIAN_POINT('',(-0.,-2.6));
#2402 = VECTOR('',#2403,1.);
#2403 = DIRECTION('',(-1.,-0.));
#2404 = ( GEOMETRIC_REPRESENTATION_CONTEXT(2) 
PARAMETRIC_REPRESENTATION_CONTEXT() REPRESENTATION_CONTEXT('2D SPACE',''
  ) );
#2405 = PCURVE('',#1976,#2406);
#2406 = DEFINITIONAL_REPRESENTATION('',(#2407),#2411);
#2407 = LINE('',#2408,#2409);
#2408 = CARTESIAN_POINT('',(-0.,-2.6));
#2409 = VECTOR('',#2410,1.);
#2410 = DIRECTION('',(-1.,0.));
#2411 = ( GEOMETRIC_REPRESENTATION_CONTEXT(2) 
PARAMETRIC_REPRESENTATION_CONTEXT() REPRESENTATION_CONTEXT('2D SPACE',''
  ) );
#2412 = ORIENTED_EDGE('',*,*,#2368,.F.);
#2413 = ORIENTED_EDGE('',*,*,#1755,.T.);
#2414 = ADVANCED_FACE('',(#2415),#1883,.F.);
#2415 = FACE_BOUND('',#2416,.T.);
#2416 = EDGE_LOOP('',(#2417,#2438,#2439,#2440));
#2417 = ORIENTED_EDGE('',*,*,#2418,.F.);
#2418 = EDGE_CURVE('',#2219,#1867,#2419,.T.);
#2419 = SEAM_CURVE('',#2420,(#2424,#2431),.PCURVE_S1.);
#2420 = LINE('',#2421,#2422);
#2421 = CARTESIAN_POINT('',(10.,-5.E-02,46.25));
#2422 = VECTOR('',#2423,1.);
#2423 = DIRECTION('',(0.,1.,0.));
#2424 = PCURVE('',#1883,#2425);
#2425 = DEFINITIONAL_REPRESENTATION('',(#2426),#2430);
#2426 = LINE('',#2427,#2428);
#2427 = CARTESIAN_POINT('',(-6.28318530718,0.));
#2428 = VECTOR('',#2429,1.);
#2429 = DIRECTION('',(-0.,-1.));
#2430 = ( GEOMETRIC_REPRESENTATION_CONTEXT(2) 
PARAMETRIC_REPRESENTATION_CONTEXT() REPRESENTATION_CONTEXT('2D SPACE',''
  ) );
#2431 = PCURVE('',#1883,#2432);
#2432 = DEFINITIONAL_REPRESENTATION('',(#2433),#2437);
#2433 = LINE('',#2434,#2435);
#2434 = CARTESIAN_POINT('',(-0.,0.));
#2435 = VECTOR('',#2436,1.);
#2436 = DIRECTION('',(-0.,-1.));
#2437 = ( GEOMETRIC_REPRESENTATION_CONTEXT(2) 
PARAMETRIC_REPRESENTATION_CONTEXT() REPRESENTATION_CONTEXT('2D SPACE',''
  ) );
#2438 = ORIENTED_EDGE('',*,*,#2241,.F.);
#2439 = ORIENTED_EDGE('',*,*,#2418,.T.);
#2440 = ORIENTED_EDGE('',*,*,#1866,.F.);
#2441 = ADVANCED_FACE('',(#2442),#1914,.F.);
#2442 = FACE_BOUND('',#2443,.T.);
#2443 = EDGE_LOOP('',(#2444,#2465,#2466,#2467));
#2444 = ORIENTED_EDGE('',*,*,#2445,.F.);
#2445 = EDGE_CURVE('',#2269,#1898,#2446,.T.);
#2446 = SEAM_CURVE('',#2447,(#2451,#2458),.PCURVE_S1.);
#2447 = LINE('',#2448,#2449);
#2448 = CARTESIAN_POINT('',(490.,-5.E-02,46.25));
#2449 = VECTOR('',#2450,1.);
#2450 = DIRECTION('',(0.,1.,0.));
#2451 = PCURVE('',#1914,#2452);
#2452 = DEFINITIONAL_REPRESENTATION('',(#2453),#2457);
#2453 = LINE('',#2454,#2455);
#2454 = CARTESIAN_POINT('',(-6.28318530718,0.));
#2455 = VECTOR('',#2456,1.);
#2456 = DIRECTION('',(-0.,-1.));
#2457 = ( GEOMETRIC_REPRESENTATION_CONTEXT(2) 
PARAMETRIC_REPRESENTATION_CONTEXT() REPRESENTATION_CONTEXT('2D SPACE',''
  ) );
#2458 = PCURVE('',#1914,#2459);
#2459 = DEFINITIONAL_REPRESENTATION('',(#2460),#2464);
#2460 = LINE('',#2461,#2462);
#2461 = CARTESIAN_POINT('',(-0.,0.));
#2462 = VECTOR('',#2463,1.);
#2463 = DIRECTION('',(-0.,-1.));
#2464 = ( GEOMETRIC_REPRESENTATION_CONTEXT(2) 
PARAMETRIC_REPRESENTATION_CONTEXT() REPRESENTATION_CONTEXT('2D SPACE',''
  ) );
#2465 = ORIENTED_EDGE('',*,*,#2291,.F.);
#2466 = ORIENTED_EDGE('',*,*,#2445,.T.);
#2467 = ORIENTED_EDGE('',*,*,#1897,.F.);
#2468 = ADVANCED_FACE('',(#2469),#1945,.F.);
#2469 = FACE_BOUND('',#2470,.T.);
#2470 = EDGE_LOOP('',(#2471,#2492,#2493,#2494));
#2471 = ORIENTED_EDGE('',*,*,#2472,.F.);
#2472 = EDGE_CURVE('',#2319,#1929,#2473,.T.);
#2473 = SEAM_CURVE('',#2474,(#2478,#2485),.PCURVE_S1.);
#2474 = LINE('',#2475,#2476);
#2475 = CARTESIAN_POINT('',(10.,-5.E-02,141.25));
#2476 = VECTOR('',#2477,1.);
#2477 = DIRECTION('',(0.,1.,0.));
#2478 = PCURVE('',#1945,#2479);
#2479 = DEFINITIONAL_REPRESENTATION('',(#2480),#2484);
#2480 = LINE('',#2481,#2482);
#2481 = CARTESIAN_POINT('',(-6.28318530718,0.));
#2482 = VECTOR('',#2483,1.);
#2483 = DIRECTION('',(-0.,-1.));
#2484 = ( GEOMETRIC_REPRESENTATION_CONTEXT(2) 
PARAMETRIC_REPRESENTATION_CONTEXT() REPRESENTATION_CONTEXT('2D SPACE',''
  ) );
#2485 = PCURVE('',#1945,#2486);
#2486 = DEFINITIONAL_REPRESENTATION('',(#2487),#2491);
#2487 = LINE('',#2488,#2489);
#2488 = CARTESIAN_POINT('',(-0.,0.));
#2489 = VECTOR('',#2490,1.);
#2490 = DIRECTION('',(-0.,-1.));
#2491 = ( GEOMETRIC_REPRESENTATION_CONTEXT(2) 
PARAMETRIC_REPRESENTATION_CONTEXT() REPRESENTATION_CONTEXT('2D SPACE',''
  ) );
#2492 = ORIENTED_EDGE('',*,*,#2341,.F.);
#2493 = ORIENTED_EDGE('',*,*,#2472,.T.);
#2494 = ORIENTED_EDGE('',*,*,#1928,.F.);
#2495 = ADVANCED_FACE('',(#2496),#1976,.F.);
#2496 = FACE_BOUND('',#2497,.T.);
#2497 = EDGE_LOOP('',(#2498,#2519,#2520,#2521));
#2498 = ORIENTED_EDGE('',*,*,#2499,.F.);
#2499 = EDGE_CURVE('',#2369,#1960,#2500,.T.);
#2500 = SEAM_CURVE('',#2501,(#2505,#2512),.PCURVE_S1.);
#2501 = LINE('',#2502,#2503);
#2502 = CARTESIAN_POINT('',(490.,-5.E-02,141.25));
#2503 = VECTOR('',#2504,1.);
#2504 = DIRECTION('',(0.,1.,0.));
#2505 = PCURVE('',#1976,#2506);
#2506 = DEFINITIONAL_REPRESENTATION('',(#2507),#2511);
#2507 = LINE('',#2508,#2509);
#2508 = CARTESIAN_POINT('',(-6.28318530718,0.));
#2509 = VECTOR('',#2510,1.);
#2510 = DIRECTION('',(-0.,-1.));
#2511 = ( GEOMETRIC_REPRESENTATION_CONTEXT(2) 
PARAMETRIC_REPRESENTATION_CONTEXT() REPRESENTATION_CONTEXT('2D SPACE',''
  ) );
#2512 = PCURVE('',#1976,#2513);
#2513 = DEFINITIONAL_REPRESENTATION('',(#2514),#2518);
#2514 = LINE('',#2515,#2516);
#2515 = CARTESIAN_POINT('',(-0.,0.));
#2516 = VECTOR('',#2517,1.);
#2517 = DIRECTION('',(-0.,-1.));
#2518 = ( GEOMETRIC_REPRESENTATION_CONTEXT(2) 
PARAMETRIC_REPRESENTATION_CONTEXT() REPRESENTATION_CONTEXT('2D SPACE',''
  ) );
#2519 = ORIENTED_EDGE('',*,*,#2391,.F.);
#2520 = ORIENTED_EDGE('',*,*,#2499,.T.);
#2521 = ORIENTED_EDGE('',*,*,#1959,.F.);
#2522 = ADVANCED_FACE('',(#2523),#2037,.F.);
#2523 = FACE_BOUND('',#2524,.F.);
#2524 = EDGE_LOOP('',(#2525));
#2525 = ORIENTED_EDGE('',*,*,#2022,.T.);
#2526 = ADVANCED_FACE('',(#2527),#2092,.F.);
#2527 = FACE_BOUND('',#2528,.F.);
#2528 = EDGE_LOOP('',(#2529));
#2529 = ORIENTED_EDGE('',*,*,#2077,.T.);
#2530 = ADVANCED_FACE('',(#2531),#2147,.F.);
#2531 = FACE_BOUND('',#2532,.F.);
#2532 = EDGE_LOOP('',(#2533));
#2533 = ORIENTED_EDGE('',*,*,#2132,.T.);
#2534 = ADVANCED_FACE('',(#2535),#2202,.F.);
#2535 = FACE_BOUND('',#2536,.F.);
#2536 = EDGE_LOOP('',(#2537));
#2537 = ORIENTED_EDGE('',*,*,#2187,.T.);
#2538 = ( GEOMETRIC_REPRESENTATION_CONTEXT(3) 
GLOBAL_UNCERTAINTY_ASSIGNED_CONTEXT((#2542)) 
GLOBAL_UNIT_ASSIGNED_CONTEXT((#2539,#2540,#2541)) REPRESENTATION_CONTEXT
('Context #1','3D Context with UNIT and UNCERTAINTY') );
#2539 = ( LENGTH_UNIT() NAMED_UNIT(*) SI_UNIT(.MILLI.,.METRE.) );
#2540 = ( NAMED_UNIT(*) PLANE_ANGLE_UNIT() SI_UNIT($,.RADIAN.) );
#2541 = ( NAMED_UNIT(*) SI_UNIT($,.STERADIAN.) SOLID_ANGLE_UNIT() );
#2542 = UNCERTAINTY_MEASURE_WITH_UNIT(LENGTH_MEASURE(1.E-07),#2539,
  'distance_accuracy_value','confusion accuracy');
#2543 = CONTEXT_DEPENDENT_SHAPE_REPRESENTATION(#2544,#2546);
#2544 = ( REPRESENTATION_RELATIONSHIP('','',#1259,#10) 
REPRESENTATION_RELATIONSHIP_WITH_TRANSFORMATION(#2545) 
SHAPE_REPRESENTATION_RELATIONSHIP() );
#2545 = ITEM_DEFINED_TRANSFORMATION('','',#11,#19);
#2546 = PRODUCT_DEFINITION_SHAPE('Placement','Placement of an item',
  #2547);
#2547 = NEXT_ASSEMBLY_USAGE_OCCURRENCE('8','side_1','',#5,#1254,$);
#2548 = PRODUCT_RELATED_PRODUCT_CATEGORY('part',$,(#1256));
#2549 = SHAPE_DEFINITION_REPRESENTATION(#2550,#2556);
#2550 = PRODUCT_DEFINITION_SHAPE('','',#2551);
#2551 = PRODUCT_DEFINITION('design','',#2552,#2555);
#2552 = PRODUCT_DEFINITION_FORMATION('','',#2553);
#2553 = PRODUCT('side_2','side_2','',(#2554));
#2554 = PRODUCT_CONTEXT('',#2,'mechanical');
#2555 = PRODUCT_DEFINITION_CONTEXT('part definition',#2,'design');
#2556 = ADVANCED_BREP_SHAPE_REPRESENTATION('',(#11,#2557),#3559);
#2557 = MANIFOLD_SOLID_BREP('',#2558);
#2558 = CLOSED_SHELL('',(#2559,#2679,#2755,#2944,#2993,#3144,#3151,#3225
    ,#3299,#3373,#3447,#3475,#3503,#3531));
#2559 = ADVANCED_FACE('',(#2560),#2574,.F.);
#2560 = FACE_BOUND('',#2561,.F.);
#2561 = EDGE_LOOP('',(#2562,#2597,#2625,#2653));
#2562 = ORIENTED_EDGE('',*,*,#2563,.F.);
#2563 = EDGE_CURVE('',#2564,#2566,#2568,.T.);
#2564 = VERTEX_POINT('',#2565);
#2565 = CARTESIAN_POINT('',(0.,145.,20.));
#2566 = VERTEX_POINT('',#2567);
#2567 = CARTESIAN_POINT('',(0.,125.,20.));
#2568 = SURFACE_CURVE('',#2569,(#2573,#2585),.PCURVE_S1.);
#2569 = LINE('',#2570,#2571);
#2570 = CARTESIAN_POINT('',(0.,145.,20.));
#2571 = VECTOR('',#2572,1.);
#2572 = DIRECTION('',(0.,-1.,0.));
#2573 = PCURVE('',#2574,#2579);
#2574 = PLANE('',#2575);
#2575 = AXIS2_PLACEMENT_3D('',#2576,#2577,#2578);
#2576 = CARTESIAN_POINT('',(0.,145.,20.));
#2577 = DIRECTION('',(1.,0.,0.));
#2578 = DIRECTION('',(0.,-1.,0.));
#2579 = DEFINITIONAL_REPRESENTATION('',(#2580),#2584);
#2580 = LINE('',#2581,#2582);
#2581 = CARTESIAN_POINT('',(0.,0.));
#2582 = VECTOR('',#2583,1.);
#2583 = DIRECTION('',(1.,0.));
#2584 = ( GEOMETRIC_REPRESENTATION_CONTEXT(2) 
PARAMETRIC_REPRESENTATION_CONTEXT() REPRESENTATION_CONTEXT('2D SPACE',''
  ) );
#2585 = PCURVE('',#2586,#2591);
#2586 = PLANE('',#2587);
#2587 = AXIS2_PLACEMENT_3D('',#2588,#2589,#2590);
#2588 = CARTESIAN_POINT('',(0.,145.,20.));
#2589 = DIRECTION('',(0.,0.,1.));
#2590 = DIRECTION('',(0.,-1.,0.));
#2591 = DEFINITIONAL_REPRESENTATION('',(#2592),#2596);
#2592 = LINE('',#2593,#2594);
#2593 = CARTESIAN_POINT('',(0.,0.));
#2594 = VECTOR('',#2595,1.);
#2595 = DIRECTION('',(1.,0.));
#2596 = ( GEOMETRIC_REPRESENTATION_CONTEXT(2) 
PARAMETRIC_REPRESENTATION_CONTEXT() REPRESENTATION_CONTEXT('2D SPACE',''
  ) );
#2597 = ORIENTED_EDGE('',*,*,#2598,.T.);
#2598 = EDGE_CURVE('',#2564,#2599,#2601,.T.);
#2599 = VERTEX_POINT('',#2600);
#2600 = CARTESIAN_POINT('',(0.,145.,165.));
#2601 = SURFACE_CURVE('',#2602,(#2606,#2613),.PCURVE_S1.);
#2602 = LINE('',#2603,#2604);
#2603 = CARTESIAN_POINT('',(0.,145.,20.));
#2604 = VECTOR('',#2605,1.);
#2605 = DIRECTION('',(0.,0.,1.));
#2606 = PCURVE('',#2574,#2607);
#2607 = DEFINITIONAL_REPRESENTATION('',(#2608),#2612);
#2608 = LINE('',#2609,#2610);
#2609 = CARTESIAN_POINT('',(0.,0.));
#2610 = VECTOR('',#2611,1.);
#2611 = DIRECTION('',(0.,-1.));
#2612 = ( GEOMETRIC_REPRESENTATION_CONTEXT(2) 
PARAMETRIC_REPRESENTATION_CONTEXT() REPRESENTATION_CONTEXT('2D SPACE',''
  ) );
#2613 = PCURVE('',#2614,#2619);
#2614 = PLANE('',#2615);
#2615 = AXIS2_PLACEMENT_3D('',#2616,#2617,#2618);
#2616 = CARTESIAN_POINT('',(0.,145.,20.));
#2617 = DIRECTION('',(0.,-1.,0.));
#2618 = DIRECTION('',(1.,0.,0.));
#2619 = DEFINITIONAL_REPRESENTATION('',(#2620),#2624);
#2620 = LINE('',#2621,#2622);
#2621 = CARTESIAN_POINT('',(0.,0.));
#2622 = VECTOR('',#2623,1.);
#2623 = DIRECTION('',(0.,1.));
#2624 = ( GEOMETRIC_REPRESENTATION_CONTEXT(2) 
PARAMETRIC_REPRESENTATION_CONTEXT() REPRESENTATION_CONTEXT('2D SPACE',''
  ) );
#2625 = ORIENTED_EDGE('',*,*,#2626,.T.);
#2626 = EDGE_CURVE('',#2599,#2627,#2629,.T.);
#2627 = VERTEX_POINT('',#2628);
#2628 = CARTESIAN_POINT('',(0.,125.,165.));
#2629 = SURFACE_CURVE('',#2630,(#2634,#2641),.PCURVE_S1.);
#2630 = LINE('',#2631,#2632);
#2631 = CARTESIAN_POINT('',(0.,145.,165.));
#2632 = VECTOR('',#2633,1.);
#2633 = DIRECTION('',(0.,-1.,0.));
#2634 = PCURVE('',#2574,#2635);
#2635 = DEFINITIONAL_REPRESENTATION('',(#2636),#2640);
#2636 = LINE('',#2637,#2638);
#2637 = CARTESIAN_POINT('',(0.,-145.));
#2638 = VECTOR('',#2639,1.);
#2639 = DIRECTION('',(1.,0.));
#2640 = ( GEOMETRIC_REPRESENTATION_CONTEXT(2) 
PARAMETRIC_REPRESENTATION_CONTEXT() REPRESENTATION_CONTEXT('2D SPACE',''
  ) );
#2641 = PCURVE('',#2642,#2647);
#2642 = PLANE('',#2643);
#2643 = AXIS2_PLACEMENT_3D('',#2644,#2645,#2646);
#2644 = CARTESIAN_POINT('',(0.,145.,165.));
#2645 = DIRECTION('',(0.,0.,1.));
#2646 = DIRECTION('',(0.,-1.,0.));
#2647 = DEFINITIONAL_REPRESENTATION('',(#2648),#2652);
#2648 = LINE('',#2649,#2650);
#2649 = CARTESIAN_POINT('',(0.,0.));
#2650 = VECTOR('',#2651,1.);
#2651 = DIRECTION('',(1.,0.));
#2652 = ( GEOMETRIC_REPRESENTATION_CONTEXT(2) 
PARAMETRIC_REPRESENTATION_CONTEXT() REPRESENTATION_CONTEXT('2D SPACE',''
  ) );
#2653 = ORIENTED_EDGE('',*,*,#2654,.F.);
#2654 = EDGE_CURVE('',#2566,#2627,#2655,.T.);
#2655 = SURFACE_CURVE('',#2656,(#2660,#2667),.PCURVE_S1.);
#2656 = LINE('',#2657,#2658);
#2657 = CARTESIAN_POINT('',(0.,125.,20.));
#2658 = VECTOR('',#2659,1.);
#2659 = DIRECTION('',(0.,0.,1.));
#2660 = PCURVE('',#2574,#2661);
#2661 = DEFINITIONAL_REPRESENTATION('',(#2662),#2666);
#2662 = LINE('',#2663,#2664);
#2663 = CARTESIAN_POINT('',(20.,0.));
#2664 = VECTOR('',#2665,1.);
#2665 = DIRECTION('',(0.,-1.));
#2666 = ( GEOMETRIC_REPRESENTATION_CONTEXT(2) 
PARAMETRIC_REPRESENTATION_CONTEXT() REPRESENTATION_CONTEXT('2D SPACE',''
  ) );
#2667 = PCURVE('',#2668,#2673);
#2668 = PLANE('',#2669);
#2669 = AXIS2_PLACEMENT_3D('',#2670,#2671,#2672);
#2670 = CARTESIAN_POINT('',(0.,125.,20.));
#2671 = DIRECTION('',(0.,-1.,0.));
#2672 = DIRECTION('',(1.,0.,0.));
#2673 = DEFINITIONAL_REPRESENTATION('',(#2674),#2678);
#2674 = LINE('',#2675,#2676);
#2675 = CARTESIAN_POINT('',(0.,0.));
#2676 = VECTOR('',#2677,1.);
#2677 = DIRECTION('',(0.,1.));
#2678 = ( GEOMETRIC_REPRESENTATION_CONTEXT(2) 
PARAMETRIC_REPRESENTATION_CONTEXT() REPRESENTATION_CONTEXT('2D SPACE',''
  ) );
#2679 = ADVANCED_FACE('',(#2680),#2586,.F.);
#2680 = FACE_BOUND('',#2681,.F.);
#2681 = EDGE_LOOP('',(#2682,#2705,#2706,#2729));
#2682 = ORIENTED_EDGE('',*,*,#2683,.F.);
#2683 = EDGE_CURVE('',#2564,#2684,#2686,.T.);
#2684 = VERTEX_POINT('',#2685);
#2685 = CARTESIAN_POINT('',(500.,145.,20.));
#2686 = SURFACE_CURVE('',#2687,(#2691,#2698),.PCURVE_S1.);
#2687 = LINE('',#2688,#2689);
#2688 = CARTESIAN_POINT('',(0.,145.,20.));
#2689 = VECTOR('',#2690,1.);
#2690 = DIRECTION('',(1.,0.,0.));
#2691 = PCURVE('',#2586,#2692);
#2692 = DEFINITIONAL_REPRESENTATION('',(#2693),#2697);
#2693 = LINE('',#2694,#2695);
#2694 = CARTESIAN_POINT('',(0.,0.));
#2695 = VECTOR('',#2696,1.);
#2696 = DIRECTION('',(0.,1.));
#2697 = ( GEOMETRIC_REPRESENTATION_CONTEXT(2) 
PARAMETRIC_REPRESENTATION_CONTEXT() REPRESENTATION_CONTEXT('2D SPACE',''
  ) );
#2698 = PCURVE('',#2614,#2699);
#2699 = DEFINITIONAL_REPRESENTATION('',(#2700),#2704);
#2700 = LINE('',#2701,#2702);
#2701 = CARTESIAN_POINT('',(0.,0.));
#2702 = VECTOR('',#2703,1.);
#2703 = DIRECTION('',(1.,0.));
#2704 = ( GEOMETRIC_REPRESENTATION_CONTEXT(2) 
PARAMETRIC_REPRESENTATION_CONTEXT() REPRESENTATION_CONTEXT('2D SPACE',''
  ) );
#2705 = ORIENTED_EDGE('',*,*,#2563,.T.);
#2706 = ORIENTED_EDGE('',*,*,#2707,.T.);
#2707 = EDGE_CURVE('',#2566,#2708,#2710,.T.);
#2708 = VERTEX_POINT('',#2709);
#2709 = CARTESIAN_POINT('',(500.,125.,20.));
#2710 = SURFACE_CURVE('',#2711,(#2715,#2722),.PCURVE_S1.);
#2711 = LINE('',#2712,#2713);
#2712 = CARTESIAN_POINT('',(0.,125.,20.));
#2713 = VECTOR('',#2714,1.);
#2714 = DIRECTION('',(1.,0.,0.));
#2715 = PCURVE('',#2586,#2716);
#2716 = DEFINITIONAL_REPRESENTATION('',(#2717),#2721);
#2717 = LINE('',#2718,#2719);
#2718 = CARTESIAN_POINT('',(20.,0.));
#2719 = VECTOR('',#2720,1.);
#2720 = DIRECTION('',(0.,1.));
#2721 = ( GEOMETRIC_REPRESENTATION_CONTEXT(2) 
PARAMETRIC_REPRESENTATION_CONTEXT() REPRESENTATION_CONTEXT('2D SPACE',''
  ) );
#2722 = PCURVE('',#2668,#2723);
#2723 = DEFINITIONAL_REPRESENTATION('',(#2724),#2728);
#2724 = LINE('',#2725,#2726);
#2725 = CARTESIAN_POINT('',(0.,0.));
#2726 = VECTOR('',#2727,1.);
#2727 = DIRECTION('',(1.,0.));
#2728 = ( GEOMETRIC_REPRESENTATION_CONTEXT(2) 
PARAMETRIC_REPRESENTATION_CONTEXT() REPRESENTATION_CONTEXT('2D SPACE',''
  ) );
#2729 = ORIENTED_EDGE('',*,*,#2730,.F.);
#2730 = EDGE_CURVE('',#2684,#2708,#2731,.T.);
#2731 = SURFACE_CURVE('',#2732,(#2736,#2743),.PCURVE_S1.);
#2732 = LINE('',#2733,#2734);
#2733 = CARTESIAN_POINT('',(500.,145.,20.));
#2734 = VECTOR('',#2735,1.);
#2735 = DIRECTION('',(0.,-1.,0.));
#2736 = PCURVE('',#2586,#2737);
#2737 = DEFINITIONAL_REPRESENTATION('',(#2738),#2742);
#2738 = LINE('',#2739,#2740);
#2739 = CARTESIAN_POINT('',(0.,500.));
#2740 = VECTOR('',#2741,1.);
#2741 = DIRECTION('',(1.,0.));
#2742 = ( GEOMETRIC_REPRESENTATION_CONTEXT(2) 
PARAMETRIC_REPRESENTATION_CONTEXT() REPRESENTATION_CONTEXT('2D SPACE',''
  ) );
#2743 = PCURVE('',#2744,#2749);
#2744 = PLANE('',#2745);
#2745 = AXIS2_PLACEMENT_3D('',#2746,#2747,#2748);
#2746 = CARTESIAN_POINT('',(500.,145.,20.));
#2747 = DIRECTION('',(1.,0.,0.));
#2748 = DIRECTION('',(0.,-1.,0.));
#2749 = DEFINITIONAL_REPRESENTATION('',(#2750),#2754);
#2750 = LINE('',#2751,#2752);
#2751 = CARTESIAN_POINT('',(0.,0.));
#2752 = VECTOR('',#2753,1.);
#2753 = DIRECTION('',(1.,0.));
#2754 = ( GEOMETRIC_REPRESENTATION_CONTEXT(2) 
PARAMETRIC_REPRESENTATION_CONTEXT() REPRESENTATION_CONTEXT('2D SPACE',''
  ) );
#2755 = ADVANCED_FACE('',(#2756,#2804,#2839,#2874,#2909),#2668,.T.);
#2756 = FACE_BOUND('',#2757,.T.);
#2757 = EDGE_LOOP('',(#2758,#2759,#2760,#2783));
#2758 = ORIENTED_EDGE('',*,*,#2654,.F.);
#2759 = ORIENTED_EDGE('',*,*,#2707,.T.);
#2760 = ORIENTED_EDGE('',*,*,#2761,.T.);
#2761 = EDGE_CURVE('',#2708,#2762,#2764,.T.);
#2762 = VERTEX_POINT('',#2763);
#2763 = CARTESIAN_POINT('',(500.,125.,165.));
#2764 = SURFACE_CURVE('',#2765,(#2769,#2776),.PCURVE_S1.);
#2765 = LINE('',#2766,#2767);
#2766 = CARTESIAN_POINT('',(500.,125.,20.));
#2767 = VECTOR('',#2768,1.);
#2768 = DIRECTION('',(0.,0.,1.));
#2769 = PCURVE('',#2668,#2770);
#2770 = DEFINITIONAL_REPRESENTATION('',(#2771),#2775);
#2771 = LINE('',#2772,#2773);
#2772 = CARTESIAN_POINT('',(500.,0.));
#2773 = VECTOR('',#2774,1.);
#2774 = DIRECTION('',(0.,1.));
#2775 = ( GEOMETRIC_REPRESENTATION_CONTEXT(2) 
PARAMETRIC_REPRESENTATION_CONTEXT() REPRESENTATION_CONTEXT('2D SPACE',''
  ) );
#2776 = PCURVE('',#2744,#2777);
#2777 = DEFINITIONAL_REPRESENTATION('',(#2778),#2782);
#2778 = LINE('',#2779,#2780);
#2779 = CARTESIAN_POINT('',(20.,0.));
#2780 = VECTOR('',#2781,1.);
#2781 = DIRECTION('',(0.,-1.));
#2782 = ( GEOMETRIC_REPRESENTATION_CONTEXT(2) 
PARAMETRIC_REPRESENTATION_CONTEXT() REPRESENTATION_CONTEXT('2D SPACE',''
  ) );
#2783 = ORIENTED_EDGE('',*,*,#2784,.F.);
#2784 = EDGE_CURVE('',#2627,#2762,#2785,.T.);
#2785 = SURFACE_CURVE('',#2786,(#2790,#2797),.PCURVE_S1.);
#2786 = LINE('',#2787,#2788);
#2787 = CARTESIAN_POINT('',(0.,125.,165.));
#2788 = VECTOR('',#2789,1.);
#2789 = DIRECTION('',(1.,0.,0.));
#2790 = PCURVE('',#2668,#2791);
#2791 = DEFINITIONAL_REPRESENTATION('',(#2792),#2796);
#2792 = LINE('',#2793,#2794);
#2793 = CARTESIAN_POINT('',(0.,145.));
#2794 = VECTOR('',#2795,1.);
#2795 = DIRECTION('',(1.,0.));
#2796 = ( GEOMETRIC_REPRESENTATION_CONTEXT(2) 
PARAMETRIC_REPRESENTATION_CONTEXT() REPRESENTATION_CONTEXT('2D SPACE',''
  ) );
#2797 = PCURVE('',#2642,#2798);
#2798 = DEFINITIONAL_REPRESENTATION('',(#2799),#2803);
#2799 = LINE('',#2800,#2801);
#2800 = CARTESIAN_POINT('',(20.,0.));
#2801 = VECTOR('',#2802,1.);
#2802 = DIRECTION('',(0.,1.));
#2803 = ( GEOMETRIC_REPRESENTATION_CONTEXT(2) 
PARAMETRIC_REPRESENTATION_CONTEXT() REPRESENTATION_CONTEXT('2D SPACE',''
  ) );
#2804 = FACE_BOUND('',#2805,.T.);
#2805 = EDGE_LOOP('',(#2806));
#2806 = ORIENTED_EDGE('',*,*,#2807,.T.);
#2807 = EDGE_CURVE('',#2808,#2808,#2810,.T.);
#2808 = VERTEX_POINT('',#2809);
#2809 = CARTESIAN_POINT('',(10.,125.,46.25));
#2810 = SURFACE_CURVE('',#2811,(#2816,#2827),.PCURVE_S1.);
#2811 = CIRCLE('',#2812,1.25);
#2812 = AXIS2_PLACEMENT_3D('',#2813,#2814,#2815);
#2813 = CARTESIAN_POINT('',(10.,125.,45.));
#2814 = DIRECTION('',(-0.,1.,0.));
#2815 = DIRECTION('',(0.,0.,1.));
#2816 = PCURVE('',#2668,#2817);
#2817 = DEFINITIONAL_REPRESENTATION('',(#2818),#2826);
#2818 = ( BOUNDED_CURVE() B_SPLINE_CURVE(2,(#2819,#2820,#2821,#2822,
#2823,#2824,#2825),.UNSPECIFIED.,.T.,.F.) B_SPLINE_CURVE_WITH_KNOTS((1,2
    ,2,2,2,1),(-2.094395102393,0.,2.094395102393,4.188790204786,
6.28318530718,8.377580409573),.UNSPECIFIED.) CURVE() 
GEOMETRIC_REPRESENTATION_ITEM() RATIONAL_B_SPLINE_CURVE((1.,0.5,1.,0.5,
1.,0.5,1.)) REPRESENTATION_ITEM('') );
#2819 = CARTESIAN_POINT('',(10.,26.25));
#2820 = CARTESIAN_POINT('',(12.165063509461,26.25));
#2821 = CARTESIAN_POINT('',(11.082531754731,24.375));
#2822 = CARTESIAN_POINT('',(10.,22.5));
#2823 = CARTESIAN_POINT('',(8.917468245269,24.375));
#2824 = CARTESIAN_POINT('',(7.834936490539,26.25));
#2825 = CARTESIAN_POINT('',(10.,26.25));
#2826 = ( GEOMETRIC_REPRESENTATION_CONTEXT(2) 
PARAMETRIC_REPRESENTATION_CONTEXT() REPRESENTATION_CONTEXT('2D SPACE',''
  ) );
#2827 = PCURVE('',#2828,#2833);
#2828 = CYLINDRICAL_SURFACE('',#2829,1.25);
#2829 = AXIS2_PLACEMENT_3D('',#2830,#2831,#2832);
#2830 = CARTESIAN_POINT('',(10.,145.05,45.));
#2831 = DIRECTION('',(-0.,1.,-0.));
#2832 = DIRECTION('',(0.,0.,1.));
#2833 = DEFINITIONAL_REPRESENTATION('',(#2834),#2838);
#2834 = LINE('',#2835,#2836);
#2835 = CARTESIAN_POINT('',(-6.28318530718,-20.05));
#2836 = VECTOR('',#2837,1.);
#2837 = DIRECTION('',(1.,-0.));
#2838 = ( GEOMETRIC_REPRESENTATION_CONTEXT(2) 
PARAMETRIC_REPRESENTATION_CONTEXT() REPRESENTATION_CONTEXT('2D SPACE',''
  ) );
#2839 = FACE_BOUND('',#2840,.T.);
#2840 = EDGE_LOOP('',(#2841));
#2841 = ORIENTED_EDGE('',*,*,#2842,.T.);
#2842 = EDGE_CURVE('',#2843,#2843,#2845,.T.);
#2843 = VERTEX_POINT('',#2844);
#2844 = CARTESIAN_POINT('',(490.,125.,46.25));
#2845 = SURFACE_CURVE('',#2846,(#2851,#2862),.PCURVE_S1.);
#2846 = CIRCLE('',#2847,1.25);
#2847 = AXIS2_PLACEMENT_3D('',#2848,#2849,#2850);
#2848 = CARTESIAN_POINT('',(490.,125.,45.));
#2849 = DIRECTION('',(-0.,1.,0.));
#2850 = DIRECTION('',(0.,0.,1.));
#2851 = PCURVE('',#2668,#2852);
#2852 = DEFINITIONAL_REPRESENTATION('',(#2853),#2861);
#2853 = ( BOUNDED_CURVE() B_SPLINE_CURVE(2,(#2854,#2855,#2856,#2857,
#2858,#2859,#2860),.UNSPECIFIED.,.T.,.F.) B_SPLINE_CURVE_WITH_KNOTS((1,2
    ,2,2,2,1),(-2.094395102393,0.,2.094395102393,4.188790204786,
6.28318530718,8.377580409573),.UNSPECIFIED.) CURVE() 
GEOMETRIC_REPRESENTATION_ITEM() RATIONAL_B_SPLINE_CURVE((1.,0.5,1.,0.5,
1.,0.5,1.)) REPRESENTATION_ITEM('') );
#2854 = CARTESIAN_POINT('',(490.,26.25));
#2855 = CARTESIAN_POINT('',(492.16506350946,26.25));
#2856 = CARTESIAN_POINT('',(491.08253175473,24.375));
#2857 = CARTESIAN_POINT('',(490.,22.5));
#2858 = CARTESIAN_POINT('',(488.91746824526,24.375));
#2859 = CARTESIAN_POINT('',(487.83493649053,26.25));
#2860 = CARTESIAN_POINT('',(490.,26.25));
#2861 = ( GEOMETRIC_REPRESENTATION_CONTEXT(2) 
PARAMETRIC_REPRESENTATION_CONTEXT() REPRESENTATION_CONTEXT('2D SPACE',''
  ) );
#2862 = PCURVE('',#2863,#2868);
#2863 = CYLINDRICAL_SURFACE('',#2864,1.25);
#2864 = AXIS2_PLACEMENT_3D('',#2865,#2866,#2867);
#2865 = CARTESIAN_POINT('',(490.,145.05,45.));
#2866 = DIRECTION('',(-0.,1.,-0.));
#2867 = DIRECTION('',(0.,0.,1.));
#2868 = DEFINITIONAL_REPRESENTATION('',(#2869),#2873);
#2869 = LINE('',#2870,#2871);
#2870 = CARTESIAN_POINT('',(-6.28318530718,-20.05));
#2871 = VECTOR('',#2872,1.);
#2872 = DIRECTION('',(1.,-0.));
#2873 = ( GEOMETRIC_REPRESENTATION_CONTEXT(2) 
PARAMETRIC_REPRESENTATION_CONTEXT() REPRESENTATION_CONTEXT('2D SPACE',''
  ) );
#2874 = FACE_BOUND('',#2875,.T.);
#2875 = EDGE_LOOP('',(#2876));
#2876 = ORIENTED_EDGE('',*,*,#2877,.T.);
#2877 = EDGE_CURVE('',#2878,#2878,#2880,.T.);
#2878 = VERTEX_POINT('',#2879);
#2879 = CARTESIAN_POINT('',(10.,125.,141.25));
#2880 = SURFACE_CURVE('',#2881,(#2886,#2897),.PCURVE_S1.);
#2881 = CIRCLE('',#2882,1.25);
#2882 = AXIS2_PLACEMENT_3D('',#2883,#2884,#2885);
#2883 = CARTESIAN_POINT('',(10.,125.,140.));
#2884 = DIRECTION('',(-0.,1.,0.));
#2885 = DIRECTION('',(0.,0.,1.));
#2886 = PCURVE('',#2668,#2887);
#2887 = DEFINITIONAL_REPRESENTATION('',(#2888),#2896);
#2888 = ( BOUNDED_CURVE() B_SPLINE_CURVE(2,(#2889,#2890,#2891,#2892,
#2893,#2894,#2895),.UNSPECIFIED.,.T.,.F.) B_SPLINE_CURVE_WITH_KNOTS((1,2
    ,2,2,2,1),(-2.094395102393,0.,2.094395102393,4.188790204786,
6.28318530718,8.377580409573),.UNSPECIFIED.) CURVE() 
GEOMETRIC_REPRESENTATION_ITEM() RATIONAL_B_SPLINE_CURVE((1.,0.5,1.,0.5,
1.,0.5,1.)) REPRESENTATION_ITEM('') );
#2889 = CARTESIAN_POINT('',(10.,121.25));
#2890 = CARTESIAN_POINT('',(12.165063509461,121.25));
#2891 = CARTESIAN_POINT('',(11.082531754731,119.375));
#2892 = CARTESIAN_POINT('',(10.,117.5));
#2893 = CARTESIAN_POINT('',(8.917468245269,119.375));
#2894 = CARTESIAN_POINT('',(7.834936490539,121.25));
#2895 = CARTESIAN_POINT('',(10.,121.25));
#2896 = ( GEOMETRIC_REPRESENTATION_CONTEXT(2) 
PARAMETRIC_REPRESENTATION_CONTEXT() REPRESENTATION_CONTEXT('2D SPACE',''
  ) );
#2897 = PCURVE('',#2898,#2903);
#2898 = CYLINDRICAL_SURFACE('',#2899,1.25);
#2899 = AXIS2_PLACEMENT_3D('',#2900,#2901,#2902);
#2900 = CARTESIAN_POINT('',(10.,145.05,140.));
#2901 = DIRECTION('',(-0.,1.,-0.));
#2902 = DIRECTION('',(0.,0.,1.));
#2903 = DEFINITIONAL_REPRESENTATION('',(#2904),#2908);
#2904 = LINE('',#2905,#2906);
#2905 = CARTESIAN_POINT('',(-6.28318530718,-20.05));
#2906 = VECTOR('',#2907,1.);
#2907 = DIRECTION('',(1.,-0.));
#2908 = ( GEOMETRIC_REPRESENTATION_CONTEXT(2) 
PARAMETRIC_REPRESENTATION_CONTEXT() REPRESENTATION_CONTEXT('2D SPACE',''
  ) );
#2909 = FACE_BOUND('',#2910,.T.);
#2910 = EDGE_LOOP('',(#2911));
#2911 = ORIENTED_EDGE('',*,*,#2912,.T.);
#2912 = EDGE_CURVE('',#2913,#2913,#2915,.T.);
#2913 = VERTEX_POINT('',#2914);
#2914 = CARTESIAN_POINT('',(490.,125.,141.25));
#2915 = SURFACE_CURVE('',#2916,(#2921,#2932),.PCURVE_S1.);
#2916 = CIRCLE('',#2917,1.25);
#2917 = AXIS2_PLACEMENT_3D('',#2918,#2919,#2920);
#2918 = CARTESIAN_POINT('',(490.,125.,140.));
#2919 = DIRECTION('',(-0.,1.,0.));
#2920 = DIRECTION('',(0.,0.,1.));
#2921 = PCURVE('',#2668,#2922);
#2922 = DEFINITIONAL_REPRESENTATION('',(#2923),#2931);
#2923 = ( BOUNDED_CURVE() B_SPLINE_CURVE(2,(#2924,#2925,#2926,#2927,
#2928,#2929,#2930),.UNSPECIFIED.,.T.,.F.) B_SPLINE_CURVE_WITH_KNOTS((1,2
    ,2,2,2,1),(-2.094395102393,0.,2.094395102393,4.188790204786,
6.28318530718,8.377580409573),.UNSPECIFIED.) CURVE() 
GEOMETRIC_REPRESENTATION_ITEM() RATIONAL_B_SPLINE_CURVE((1.,0.5,1.,0.5,
1.,0.5,1.)) REPRESENTATION_ITEM('') );
#2924 = CARTESIAN_POINT('',(490.,121.25));
#2925 = CARTESIAN_POINT('',(492.16506350946,121.25));
#2926 = CARTESIAN_POINT('',(491.08253175473,119.375));
#2927 = CARTESIAN_POINT('',(490.,117.5));
#2928 = CARTESIAN_POINT('',(488.91746824526,119.375));
#2929 = CARTESIAN_POINT('',(487.83493649053,121.25));
#2930 = CARTESIAN_POINT('',(490.,121.25));
#2931 = ( GEOMETRIC_REPRESENTATION_CONTEXT(2) 
PARAMETRIC_REPRESENTATION_CONTEXT() REPRESENTATION_CONTEXT('2D SPACE',''
  ) );
#2932 = PCURVE('',#2933,#2938);
#2933 = CYLINDRICAL_SURFACE('',#2934,1.25);
#2934 = AXIS2_PLACEMENT_3D('',#2935,#2936,#2937);
#2935 = CARTESIAN_POINT('',(490.,145.05,140.));
#2936 = DIRECTION('',(-0.,1.,-0.));
#2937 = DIRECTION('',(0.,0.,1.));
#2938 = DEFINITIONAL_REPRESENTATION('',(#2939),#2943);
#2939 = LINE('',#2940,#2941);
#2940 = CARTESIAN_POINT('',(-6.28318530718,-20.05));
#2941 = VECTOR('',#2942,1.);
#2942 = DIRECTION('',(1.,-0.));
#2943 = ( GEOMETRIC_REPRESENTATION_CONTEXT(2) 
PARAMETRIC_REPRESENTATION_CONTEXT() REPRESENTATION_CONTEXT('2D SPACE',''
  ) );
#2944 = ADVANCED_FACE('',(#2945),#2642,.T.);
#2945 = FACE_BOUND('',#2946,.T.);
#2946 = EDGE_LOOP('',(#2947,#2970,#2971,#2972));
#2947 = ORIENTED_EDGE('',*,*,#2948,.F.);
#2948 = EDGE_CURVE('',#2599,#2949,#2951,.T.);
#2949 = VERTEX_POINT('',#2950);
#2950 = CARTESIAN_POINT('',(500.,145.,165.));
#2951 = SURFACE_CURVE('',#2952,(#2956,#2963),.PCURVE_S1.);
#2952 = LINE('',#2953,#2954);
#2953 = CARTESIAN_POINT('',(0.,145.,165.));
#2954 = VECTOR('',#2955,1.);
#2955 = DIRECTION('',(1.,0.,0.));
#2956 = PCURVE('',#2642,#2957);
#2957 = DEFINITIONAL_REPRESENTATION('',(#2958),#2962);
#2958 = LINE('',#2959,#2960);
#2959 = CARTESIAN_POINT('',(0.,0.));
#2960 = VECTOR('',#2961,1.);
#2961 = DIRECTION('',(0.,1.));
#2962 = ( GEOMETRIC_REPRESENTATION_CONTEXT(2) 
PARAMETRIC_REPRESENTATION_CONTEXT() REPRESENTATION_CONTEXT('2D SPACE',''
  ) );
#2963 = PCURVE('',#2614,#2964);
#2964 = DEFINITIONAL_REPRESENTATION('',(#2965),#2969);
#2965 = LINE('',#2966,#2967);
#2966 = CARTESIAN_POINT('',(0.,145.));
#2967 = VECTOR('',#2968,1.);
#2968 = DIRECTION('',(1.,0.));
#2969 = ( GEOMETRIC_REPRESENTATION_CONTEXT(2) 
PARAMETRIC_REPRESENTATION_CONTEXT() REPRESENTATION_CONTEXT('2D SPACE',''
  ) );
#2970 = ORIENTED_EDGE('',*,*,#2626,.T.);
#2971 = ORIENTED_EDGE('',*,*,#2784,.T.);
#2972 = ORIENTED_EDGE('',*,*,#2973,.F.);
#2973 = EDGE_CURVE('',#2949,#2762,#2974,.T.);
#2974 = SURFACE_CURVE('',#2975,(#2979,#2986),.PCURVE_S1.);
#2975 = LINE('',#2976,#2977);
#2976 = CARTESIAN_POINT('',(500.,145.,165.));
#2977 = VECTOR('',#2978,1.);
#2978 = DIRECTION('',(0.,-1.,0.));
#2979 = PCURVE('',#2642,#2980);
#2980 = DEFINITIONAL_REPRESENTATION('',(#2981),#2985);
#2981 = LINE('',#2982,#2983);
#2982 = CARTESIAN_POINT('',(0.,500.));
#2983 = VECTOR('',#2984,1.);
#2984 = DIRECTION('',(1.,0.));
#2985 = ( GEOMETRIC_REPRESENTATION_CONTEXT(2) 
PARAMETRIC_REPRESENTATION_CONTEXT() REPRESENTATION_CONTEXT('2D SPACE',''
  ) );
#2986 = PCURVE('',#2744,#2987);
#2987 = DEFINITIONAL_REPRESENTATION('',(#2988),#2992);
#2988 = LINE('',#2989,#2990);
#2989 = CARTESIAN_POINT('',(0.,-145.));
#2990 = VECTOR('',#2991,1.);
#2991 = DIRECTION('',(1.,0.));
#2992 = ( GEOMETRIC_REPRESENTATION_CONTEXT(2) 
PARAMETRIC_REPRESENTATION_CONTEXT() REPRESENTATION_CONTEXT('2D SPACE',''
  ) );
#2993 = ADVANCED_FACE('',(#2994,#3020,#3051,#3082,#3113),#2614,.F.);
#2994 = FACE_BOUND('',#2995,.F.);
#2995 = EDGE_LOOP('',(#2996,#2997,#2998,#3019));
#2996 = ORIENTED_EDGE('',*,*,#2598,.F.);
#2997 = ORIENTED_EDGE('',*,*,#2683,.T.);
#2998 = ORIENTED_EDGE('',*,*,#2999,.T.);
#2999 = EDGE_CURVE('',#2684,#2949,#3000,.T.);
#3000 = SURFACE_CURVE('',#3001,(#3005,#3012),.PCURVE_S1.);
#3001 = LINE('',#3002,#3003);
#3002 = CARTESIAN_POINT('',(500.,145.,20.));
#3003 = VECTOR('',#3004,1.);
#3004 = DIRECTION('',(0.,0.,1.));
#3005 = PCURVE('',#2614,#3006);
#3006 = DEFINITIONAL_REPRESENTATION('',(#3007),#3011);
#3007 = LINE('',#3008,#3009);
#3008 = CARTESIAN_POINT('',(500.,0.));
#3009 = VECTOR('',#3010,1.);
#3010 = DIRECTION('',(0.,1.));
#3011 = ( GEOMETRIC_REPRESENTATION_CONTEXT(2) 
PARAMETRIC_REPRESENTATION_CONTEXT() REPRESENTATION_CONTEXT('2D SPACE',''
  ) );
#3012 = PCURVE('',#2744,#3013);
#3013 = DEFINITIONAL_REPRESENTATION('',(#3014),#3018);
#3014 = LINE('',#3015,#3016);
#3015 = CARTESIAN_POINT('',(0.,0.));
#3016 = VECTOR('',#3017,1.);
#3017 = DIRECTION('',(0.,-1.));
#3018 = ( GEOMETRIC_REPRESENTATION_CONTEXT(2) 
PARAMETRIC_REPRESENTATION_CONTEXT() REPRESENTATION_CONTEXT('2D SPACE',''
  ) );
#3019 = ORIENTED_EDGE('',*,*,#2948,.F.);
#3020 = FACE_BOUND('',#3021,.F.);
#3021 = EDGE_LOOP('',(#3022));
#3022 = ORIENTED_EDGE('',*,*,#3023,.F.);
#3023 = EDGE_CURVE('',#3024,#3024,#3026,.T.);
#3024 = VERTEX_POINT('',#3025);
#3025 = CARTESIAN_POINT('',(10.,145.,41.2));
#3026 = SURFACE_CURVE('',#3027,(#3032,#3039),.PCURVE_S1.);
#3027 = CIRCLE('',#3028,3.8);
#3028 = AXIS2_PLACEMENT_3D('',#3029,#3030,#3031);
#3029 = CARTESIAN_POINT('',(10.,145.,45.));
#3030 = DIRECTION('',(0.,-1.,0.));
#3031 = DIRECTION('',(0.,-0.,-1.));
#3032 = PCURVE('',#2614,#3033);
#3033 = DEFINITIONAL_REPRESENTATION('',(#3034),#3038);
#3034 = CIRCLE('',#3035,3.8);
#3035 = AXIS2_PLACEMENT_2D('',#3036,#3037);
#3036 = CARTESIAN_POINT('',(10.,25.));
#3037 = DIRECTION('',(0.,-1.));
#3038 = ( GEOMETRIC_REPRESENTATION_CONTEXT(2) 
PARAMETRIC_REPRESENTATION_CONTEXT() REPRESENTATION_CONTEXT('2D SPACE',''
  ) );
#3039 = PCURVE('',#3040,#3045);
#3040 = CONICAL_SURFACE('',#3041,3.85,0.785398163397);
#3041 = AXIS2_PLACEMENT_3D('',#3042,#3043,#3044);
#3042 = CARTESIAN_POINT('',(10.,145.05,45.));
#3043 = DIRECTION('',(-0.,1.,-0.));
#3044 = DIRECTION('',(0.,-0.,-1.));
#3045 = DEFINITIONAL_REPRESENTATION('',(#3046),#3050);
#3046 = LINE('',#3047,#3048);
#3047 = CARTESIAN_POINT('',(-0.,-5.000000000001E-02));
#3048 = VECTOR('',#3049,1.);
#3049 = DIRECTION('',(-1.,-0.));
#3050 = ( GEOMETRIC_REPRESENTATION_CONTEXT(2) 
PARAMETRIC_REPRESENTATION_CONTEXT() REPRESENTATION_CONTEXT('2D SPACE',''
  ) );
#3051 = FACE_BOUND('',#3052,.F.);
#3052 = EDGE_LOOP('',(#3053));
#3053 = ORIENTED_EDGE('',*,*,#3054,.F.);
#3054 = EDGE_CURVE('',#3055,#3055,#3057,.T.);
#3055 = VERTEX_POINT('',#3056);
#3056 = CARTESIAN_POINT('',(490.,145.,41.2));
#3057 = SURFACE_CURVE('',#3058,(#3063,#3070),.PCURVE_S1.);
#3058 = CIRCLE('',#3059,3.8);
#3059 = AXIS2_PLACEMENT_3D('',#3060,#3061,#3062);
#3060 = CARTESIAN_POINT('',(490.,145.,45.));
#3061 = DIRECTION('',(0.,-1.,0.));
#3062 = DIRECTION('',(0.,-0.,-1.));
#3063 = PCURVE('',#2614,#3064);
#3064 = DEFINITIONAL_REPRESENTATION('',(#3065),#3069);
#3065 = CIRCLE('',#3066,3.8);
#3066 = AXIS2_PLACEMENT_2D('',#3067,#3068);
#3067 = CARTESIAN_POINT('',(490.,25.));
#3068 = DIRECTION('',(0.,-1.));
#3069 = ( GEOMETRIC_REPRESENTATION_CONTEXT(2) 
PARAMETRIC_REPRESENTATION_CONTEXT() REPRESENTATION_CONTEXT('2D SPACE',''
  ) );
#3070 = PCURVE('',#3071,#3076);
#3071 = CONICAL_SURFACE('',#3072,3.85,0.785398163397);
#3072 = AXIS2_PLACEMENT_3D('',#3073,#3074,#3075);
#3073 = CARTESIAN_POINT('',(490.,145.05,45.));
#3074 = DIRECTION('',(-0.,1.,-0.));
#3075 = DIRECTION('',(0.,-0.,-1.));
#3076 = DEFINITIONAL_REPRESENTATION('',(#3077),#3081);
#3077 = LINE('',#3078,#3079);
#3078 = CARTESIAN_POINT('',(-0.,-5.000000000001E-02));
#3079 = VECTOR('',#3080,1.);
#3080 = DIRECTION('',(-1.,-0.));
#3081 = ( GEOMETRIC_REPRESENTATION_CONTEXT(2) 
PARAMETRIC_REPRESENTATION_CONTEXT() REPRESENTATION_CONTEXT('2D SPACE',''
  ) );
#3082 = FACE_BOUND('',#3083,.F.);
#3083 = EDGE_LOOP('',(#3084));
#3084 = ORIENTED_EDGE('',*,*,#3085,.F.);
#3085 = EDGE_CURVE('',#3086,#3086,#3088,.T.);
#3086 = VERTEX_POINT('',#3087);
#3087 = CARTESIAN_POINT('',(10.,145.,136.2));
#3088 = SURFACE_CURVE('',#3089,(#3094,#3101),.PCURVE_S1.);
#3089 = CIRCLE('',#3090,3.8);
#3090 = AXIS2_PLACEMENT_3D('',#3091,#3092,#3093);
#3091 = CARTESIAN_POINT('',(10.,145.,140.));
#3092 = DIRECTION('',(0.,-1.,0.));
#3093 = DIRECTION('',(0.,-0.,-1.));
#3094 = PCURVE('',#2614,#3095);
#3095 = DEFINITIONAL_REPRESENTATION('',(#3096),#3100);
#3096 = CIRCLE('',#3097,3.8);
#3097 = AXIS2_PLACEMENT_2D('',#3098,#3099);
#3098 = CARTESIAN_POINT('',(10.,120.));
#3099 = DIRECTION('',(0.,-1.));
#3100 = ( GEOMETRIC_REPRESENTATION_CONTEXT(2) 
PARAMETRIC_REPRESENTATION_CONTEXT() REPRESENTATION_CONTEXT('2D SPACE',''
  ) );
#3101 = PCURVE('',#3102,#3107);
#3102 = CONICAL_SURFACE('',#3103,3.85,0.785398163397);
#3103 = AXIS2_PLACEMENT_3D('',#3104,#3105,#3106);
#3104 = CARTESIAN_POINT('',(10.,145.05,140.));
#3105 = DIRECTION('',(-0.,1.,-0.));
#3106 = DIRECTION('',(0.,-0.,-1.));
#3107 = DEFINITIONAL_REPRESENTATION('',(#3108),#3112);
#3108 = LINE('',#3109,#3110);
#3109 = CARTESIAN_POINT('',(-0.,-5.000000000001E-02));
#3110 = VECTOR('',#3111,1.);
#3111 = DIRECTION('',(-1.,-0.));
#3112 = ( GEOMETRIC_REPRESENTATION_CONTEXT(2) 
PARAMETRIC_REPRESENTATION_CONTEXT() REPRESENTATION_CONTEXT('2D SPACE',''
  ) );
#3113 = FACE_BOUND('',#3114,.F.);
#3114 = EDGE_LOOP('',(#3115));
#3115 = ORIENTED_EDGE('',*,*,#3116,.F.);
#3116 = EDGE_CURVE('',#3117,#3117,#3119,.T.);
#3117 = VERTEX_POINT('',#3118);
#3118 = CARTESIAN_POINT('',(490.,145.,136.2));
#3119 = SURFACE_CURVE('',#3120,(#3125,#3132),.PCURVE_S1.);
#3120 = CIRCLE('',#3121,3.8);
#3121 = AXIS2_PLACEMENT_3D('',#3122,#3123,#3124);
#3122 = CARTESIAN_POINT('',(490.,145.,140.));
#3123 = DIRECTION('',(0.,-1.,0.));
#3124 = DIRECTION('',(0.,-0.,-1.));
#3125 = PCURVE('',#2614,#3126);
#3126 = DEFINITIONAL_REPRESENTATION('',(#3127),#3131);
#3127 = CIRCLE('',#3128,3.8);
#3128 = AXIS2_PLACEMENT_2D('',#3129,#3130);
#3129 = CARTESIAN_POINT('',(490.,120.));
#3130 = DIRECTION('',(0.,-1.));
#3131 = ( GEOMETRIC_REPRESENTATION_CONTEXT(2) 
PARAMETRIC_REPRESENTATION_CONTEXT() REPRESENTATION_CONTEXT('2D SPACE',''
  ) );
#3132 = PCURVE('',#3133,#3138);
#3133 = CONICAL_SURFACE('',#3134,3.85,0.785398163397);
#3134 = AXIS2_PLACEMENT_3D('',#3135,#3136,#3137);
#3135 = CARTESIAN_POINT('',(490.,145.05,140.));
#3136 = DIRECTION('',(-0.,1.,-0.));
#3137 = DIRECTION('',(0.,-0.,-1.));
#3138 = DEFINITIONAL_REPRESENTATION('',(#3139),#3143);
#3139 = LINE('',#3140,#3141);
#3140 = CARTESIAN_POINT('',(-0.,-5.000000000001E-02));
#3141 = VECTOR('',#3142,1.);
#3142 = DIRECTION('',(-1.,-0.));
#3143 = ( GEOMETRIC_REPRESENTATION_CONTEXT(2) 
PARAMETRIC_REPRESENTATION_CONTEXT() REPRESENTATION_CONTEXT('2D SPACE',''
  ) );
#3144 = ADVANCED_FACE('',(#3145),#2744,.T.);
#3145 = FACE_BOUND('',#3146,.T.);
#3146 = EDGE_LOOP('',(#3147,#3148,#3149,#3150));
#3147 = ORIENTED_EDGE('',*,*,#2730,.F.);
#3148 = ORIENTED_EDGE('',*,*,#2999,.T.);
#3149 = ORIENTED_EDGE('',*,*,#2973,.T.);
#3150 = ORIENTED_EDGE('',*,*,#2761,.F.);
#3151 = ADVANCED_FACE('',(#3152),#2828,.F.);
#3152 = FACE_BOUND('',#3153,.T.);
#3153 = EDGE_LOOP('',(#3154,#3177,#3201,#3223,#3224));
#3154 = ORIENTED_EDGE('',*,*,#3155,.F.);
#3155 = EDGE_CURVE('',#3156,#2808,#3158,.T.);
#3156 = VERTEX_POINT('',#3157);
#3157 = CARTESIAN_POINT('',(10.,142.45,46.25));
#3158 = SEAM_CURVE('',#3159,(#3163,#3170),.PCURVE_S1.);
#3159 = LINE('',#3160,#3161);
#3160 = CARTESIAN_POINT('',(10.,145.05,46.25));
#3161 = VECTOR('',#3162,1.);
#3162 = DIRECTION('',(0.,-1.,0.));
#3163 = PCURVE('',#2828,#3164);
#3164 = DEFINITIONAL_REPRESENTATION('',(#3165),#3169);
#3165 = LINE('',#3166,#3167);
#3166 = CARTESIAN_POINT('',(-6.28318530718,0.));
#3167 = VECTOR('',#3168,1.);
#3168 = DIRECTION('',(-0.,-1.));
#3169 = ( GEOMETRIC_REPRESENTATION_CONTEXT(2) 
PARAMETRIC_REPRESENTATION_CONTEXT() REPRESENTATION_CONTEXT('2D SPACE',''
  ) );
#3170 = PCURVE('',#2828,#3171);
#3171 = DEFINITIONAL_REPRESENTATION('',(#3172),#3176);
#3172 = LINE('',#3173,#3174);
#3173 = CARTESIAN_POINT('',(-0.,0.));
#3174 = VECTOR('',#3175,1.);
#3175 = DIRECTION('',(-0.,-1.));
#3176 = ( GEOMETRIC_REPRESENTATION_CONTEXT(2) 
PARAMETRIC_REPRESENTATION_CONTEXT() REPRESENTATION_CONTEXT('2D SPACE',''
  ) );
#3177 = ORIENTED_EDGE('',*,*,#3178,.F.);
#3178 = EDGE_CURVE('',#3179,#3156,#3181,.T.);
#3179 = VERTEX_POINT('',#3180);
#3180 = CARTESIAN_POINT('',(10.,142.45,43.75));
#3181 = SURFACE_CURVE('',#3182,(#3187,#3194),.PCURVE_S1.);
#3182 = CIRCLE('',#3183,1.25);
#3183 = AXIS2_PLACEMENT_3D('',#3184,#3185,#3186);
#3184 = CARTESIAN_POINT('',(10.,142.45,45.));
#3185 = DIRECTION('',(0.,-1.,0.));
#3186 = DIRECTION('',(0.,-0.,-1.));
#3187 = PCURVE('',#2828,#3188);
#3188 = DEFINITIONAL_REPRESENTATION('',(#3189),#3193);
#3189 = LINE('',#3190,#3191);
#3190 = CARTESIAN_POINT('',(-3.14159265359,-2.6));
#3191 = VECTOR('',#3192,1.);
#3192 = DIRECTION('',(-1.,0.));
#3193 = ( GEOMETRIC_REPRESENTATION_CONTEXT(2) 
PARAMETRIC_REPRESENTATION_CONTEXT() REPRESENTATION_CONTEXT('2D SPACE',''
  ) );
#3194 = PCURVE('',#3040,#3195);
#3195 = DEFINITIONAL_REPRESENTATION('',(#3196),#3200);
#3196 = LINE('',#3197,#3198);
#3197 = CARTESIAN_POINT('',(-0.,-2.6));
#3198 = VECTOR('',#3199,1.);
#3199 = DIRECTION('',(-1.,-0.));
#3200 = ( GEOMETRIC_REPRESENTATION_CONTEXT(2) 
PARAMETRIC_REPRESENTATION_CONTEXT() REPRESENTATION_CONTEXT('2D SPACE',''
  ) );
#3201 = ORIENTED_EDGE('',*,*,#3202,.F.);
#3202 = EDGE_CURVE('',#3156,#3179,#3203,.T.);
#3203 = SURFACE_CURVE('',#3204,(#3209,#3216),.PCURVE_S1.);
#3204 = CIRCLE('',#3205,1.25);
#3205 = AXIS2_PLACEMENT_3D('',#3206,#3207,#3208);
#3206 = CARTESIAN_POINT('',(10.,142.45,45.));
#3207 = DIRECTION('',(0.,-1.,0.));
#3208 = DIRECTION('',(0.,-0.,-1.));
#3209 = PCURVE('',#2828,#3210);
#3210 = DEFINITIONAL_REPRESENTATION('',(#3211),#3215);
#3211 = LINE('',#3212,#3213);
#3212 = CARTESIAN_POINT('',(3.14159265359,-2.6));
#3213 = VECTOR('',#3214,1.);
#3214 = DIRECTION('',(-1.,0.));
#3215 = ( GEOMETRIC_REPRESENTATION_CONTEXT(2) 
PARAMETRIC_REPRESENTATION_CONTEXT() REPRESENTATION_CONTEXT('2D SPACE',''
  ) );
#3216 = PCURVE('',#3040,#3217);
#3217 = DEFINITIONAL_REPRESENTATION('',(#3218),#3222);
#3218 = LINE('',#3219,#3220);
#3219 = CARTESIAN_POINT('',(-0.,-2.6));
#3220 = VECTOR('',#3221,1.);
#3221 = DIRECTION('',(-1.,-0.));
#3222 = ( GEOMETRIC_REPRESENTATION_CONTEXT(2) 
PARAMETRIC_REPRESENTATION_CONTEXT() REPRESENTATION_CONTEXT('2D SPACE',''
  ) );
#3223 = ORIENTED_EDGE('',*,*,#3155,.T.);
#3224 = ORIENTED_EDGE('',*,*,#2807,.F.);
#3225 = ADVANCED_FACE('',(#3226),#2863,.F.);
#3226 = FACE_BOUND('',#3227,.T.);
#3227 = EDGE_LOOP('',(#3228,#3251,#3275,#3297,#3298));
#3228 = ORIENTED_EDGE('',*,*,#3229,.F.);
#3229 = EDGE_CURVE('',#3230,#2843,#3232,.T.);
#3230 = VERTEX_POINT('',#3231);
#3231 = CARTESIAN_POINT('',(490.,142.45,46.25));
#3232 = SEAM_CURVE('',#3233,(#3237,#3244),.PCURVE_S1.);
#3233 = LINE('',#3234,#3235);
#3234 = CARTESIAN_POINT('',(490.,145.05,46.25));
#3235 = VECTOR('',#3236,1.);
#3236 = DIRECTION('',(0.,-1.,0.));
#3237 = PCURVE('',#2863,#3238);
#3238 = DEFINITIONAL_REPRESENTATION('',(#3239),#3243);
#3239 = LINE('',#3240,#3241);
#3240 = CARTESIAN_POINT('',(-6.28318530718,0.));
#3241 = VECTOR('',#3242,1.);
#3242 = DIRECTION('',(-0.,-1.));
#3243 = ( GEOMETRIC_REPRESENTATION_CONTEXT(2) 
PARAMETRIC_REPRESENTATION_CONTEXT() REPRESENTATION_CONTEXT('2D SPACE',''
  ) );
#3244 = PCURVE('',#2863,#3245);
#3245 = DEFINITIONAL_REPRESENTATION('',(#3246),#3250);
#3246 = LINE('',#3247,#3248);
#3247 = CARTESIAN_POINT('',(-0.,0.));
#3248 = VECTOR('',#3249,1.);
#3249 = DIRECTION('',(-0.,-1.));
#3250 = ( GEOMETRIC_REPRESENTATION_CONTEXT(2) 
PARAMETRIC_REPRESENTATION_CONTEXT() REPRESENTATION_CONTEXT('2D SPACE',''
  ) );
#3251 = ORIENTED_EDGE('',*,*,#3252,.F.);
#3252 = EDGE_CURVE('',#3253,#3230,#3255,.T.);
#3253 = VERTEX_POINT('',#3254);
#3254 = CARTESIAN_POINT('',(490.,142.45,43.75));
#3255 = SURFACE_CURVE('',#3256,(#3261,#3268),.PCURVE_S1.);
#3256 = CIRCLE('',#3257,1.25);
#3257 = AXIS2_PLACEMENT_3D('',#3258,#3259,#3260);
#3258 = CARTESIAN_POINT('',(490.,142.45,45.));
#3259 = DIRECTION('',(0.,-1.,0.));
#3260 = DIRECTION('',(0.,-0.,-1.));
#3261 = PCURVE('',#2863,#3262);
#3262 = DEFINITIONAL_REPRESENTATION('',(#3263),#3267);
#3263 = LINE('',#3264,#3265);
#3264 = CARTESIAN_POINT('',(-3.14159265359,-2.6));
#3265 = VECTOR('',#3266,1.);
#3266 = DIRECTION('',(-1.,0.));
#3267 = ( GEOMETRIC_REPRESENTATION_CONTEXT(2) 
PARAMETRIC_REPRESENTATION_CONTEXT() REPRESENTATION_CONTEXT('2D SPACE',''
  ) );
#3268 = PCURVE('',#3071,#3269);
#3269 = DEFINITIONAL_REPRESENTATION('',(#3270),#3274);
#3270 = LINE('',#3271,#3272);
#3271 = CARTESIAN_POINT('',(-0.,-2.6));
#3272 = VECTOR('',#3273,1.);
#3273 = DIRECTION('',(-1.,-0.));
#3274 = ( GEOMETRIC_REPRESENTATION_CONTEXT(2) 
PARAMETRIC_REPRESENTATION_CONTEXT() REPRESENTATION_CONTEXT('2D SPACE',''
  ) );
#3275 = ORIENTED_EDGE('',*,*,#3276,.F.);
#3276 = EDGE_CURVE('',#3230,#3253,#3277,.T.);
#3277 = SURFACE_CURVE('',#3278,(#3283,#3290),.PCURVE_S1.);
#3278 = CIRCLE('',#3279,1.25);
#3279 = AXIS2_PLACEMENT_3D('',#3280,#3281,#3282);
#3280 = CARTESIAN_POINT('',(490.,142.45,45.));
#3281 = DIRECTION('',(0.,-1.,0.));
#3282 = DIRECTION('',(0.,-0.,-1.));
#3283 = PCURVE('',#2863,#3284);
#3284 = DEFINITIONAL_REPRESENTATION('',(#3285),#3289);
#3285 = LINE('',#3286,#3287);
#3286 = CARTESIAN_POINT('',(3.14159265359,-2.6));
#3287 = VECTOR('',#3288,1.);
#3288 = DIRECTION('',(-1.,0.));
#3289 = ( GEOMETRIC_REPRESENTATION_CONTEXT(2) 
PARAMETRIC_REPRESENTATION_CONTEXT() REPRESENTATION_CONTEXT('2D SPACE',''
  ) );
#3290 = PCURVE('',#3071,#3291);
#3291 = DEFINITIONAL_REPRESENTATION('',(#3292),#3296);
#3292 = LINE('',#3293,#3294);
#3293 = CARTESIAN_POINT('',(-0.,-2.6));
#3294 = VECTOR('',#3295,1.);
#3295 = DIRECTION('',(-1.,-0.));
#3296 = ( GEOMETRIC_REPRESENTATION_CONTEXT(2) 
PARAMETRIC_REPRESENTATION_CONTEXT() REPRESENTATION_CONTEXT('2D SPACE',''
  ) );
#3297 = ORIENTED_EDGE('',*,*,#3229,.T.);
#3298 = ORIENTED_EDGE('',*,*,#2842,.F.);
#3299 = ADVANCED_FACE('',(#3300),#2898,.F.);
#3300 = FACE_BOUND('',#3301,.T.);
#3301 = EDGE_LOOP('',(#3302,#3325,#3349,#3371,#3372));
#3302 = ORIENTED_EDGE('',*,*,#3303,.F.);
#3303 = EDGE_CURVE('',#3304,#2878,#3306,.T.);
#3304 = VERTEX_POINT('',#3305);
#3305 = CARTESIAN_POINT('',(10.,142.45,141.25));
#3306 = SEAM_CURVE('',#3307,(#3311,#3318),.PCURVE_S1.);
#3307 = LINE('',#3308,#3309);
#3308 = CARTESIAN_POINT('',(10.,145.05,141.25));
#3309 = VECTOR('',#3310,1.);
#3310 = DIRECTION('',(0.,-1.,0.));
#3311 = PCURVE('',#2898,#3312);
#3312 = DEFINITIONAL_REPRESENTATION('',(#3313),#3317);
#3313 = LINE('',#3314,#3315);
#3314 = CARTESIAN_POINT('',(-6.28318530718,0.));
#3315 = VECTOR('',#3316,1.);
#3316 = DIRECTION('',(-0.,-1.));
#3317 = ( GEOMETRIC_REPRESENTATION_CONTEXT(2) 
PARAMETRIC_REPRESENTATION_CONTEXT() REPRESENTATION_CONTEXT('2D SPACE',''
  ) );
#3318 = PCURVE('',#2898,#3319);
#3319 = DEFINITIONAL_REPRESENTATION('',(#3320),#3324);
#3320 = LINE('',#3321,#3322);
#3321 = CARTESIAN_POINT('',(-0.,0.));
#3322 = VECTOR('',#3323,1.);
#3323 = DIRECTION('',(-0.,-1.));
#3324 = ( GEOMETRIC_REPRESENTATION_CONTEXT(2) 
PARAMETRIC_REPRESENTATION_CONTEXT() REPRESENTATION_CONTEXT('2D SPACE',''
  ) );
#3325 = ORIENTED_EDGE('',*,*,#3326,.F.);
#3326 = EDGE_CURVE('',#3327,#3304,#3329,.T.);
#3327 = VERTEX_POINT('',#3328);
#3328 = CARTESIAN_POINT('',(10.,142.45,138.75));
#3329 = SURFACE_CURVE('',#3330,(#3335,#3342),.PCURVE_S1.);
#3330 = CIRCLE('',#3331,1.25);
#3331 = AXIS2_PLACEMENT_3D('',#3332,#3333,#3334);
#3332 = CARTESIAN_POINT('',(10.,142.45,140.));
#3333 = DIRECTION('',(0.,-1.,0.));
#3334 = DIRECTION('',(0.,-0.,-1.));
#3335 = PCURVE('',#2898,#3336);
#3336 = DEFINITIONAL_REPRESENTATION('',(#3337),#3341);
#3337 = LINE('',#3338,#3339);
#3338 = CARTESIAN_POINT('',(-3.14159265359,-2.6));
#3339 = VECTOR('',#3340,1.);
#3340 = DIRECTION('',(-1.,0.));
#3341 = ( GEOMETRIC_REPRESENTATION_CONTEXT(2) 
PARAMETRIC_REPRESENTATION_CONTEXT() REPRESENTATION_CONTEXT('2D SPACE',''
  ) );
#3342 = PCURVE('',#3102,#3343);
#3343 = DEFINITIONAL_REPRESENTATION('',(#3344),#3348);
#3344 = LINE('',#3345,#3346);
#3345 = CARTESIAN_POINT('',(-0.,-2.6));
#3346 = VECTOR('',#3347,1.);
#3347 = DIRECTION('',(-1.,-0.));
#3348 = ( GEOMETRIC_REPRESENTATION_CONTEXT(2) 
PARAMETRIC_REPRESENTATION_CONTEXT() REPRESENTATION_CONTEXT('2D SPACE',''
  ) );
#3349 = ORIENTED_EDGE('',*,*,#3350,.F.);
#3350 = EDGE_CURVE('',#3304,#3327,#3351,.T.);
#3351 = SURFACE_CURVE('',#3352,(#3357,#3364),.PCURVE_S1.);
#3352 = CIRCLE('',#3353,1.25);
#3353 = AXIS2_PLACEMENT_3D('',#3354,#3355,#3356);
#3354 = CARTESIAN_POINT('',(10.,142.45,140.));
#3355 = DIRECTION('',(0.,-1.,0.));
#3356 = DIRECTION('',(0.,-0.,-1.));
#3357 = PCURVE('',#2898,#3358);
#3358 = DEFINITIONAL_REPRESENTATION('',(#3359),#3363);
#3359 = LINE('',#3360,#3361);
#3360 = CARTESIAN_POINT('',(3.14159265359,-2.6));
#3361 = VECTOR('',#3362,1.);
#3362 = DIRECTION('',(-1.,0.));
#3363 = ( GEOMETRIC_REPRESENTATION_CONTEXT(2) 
PARAMETRIC_REPRESENTATION_CONTEXT() REPRESENTATION_CONTEXT('2D SPACE',''
  ) );
#3364 = PCURVE('',#3102,#3365);
#3365 = DEFINITIONAL_REPRESENTATION('',(#3366),#3370);
#3366 = LINE('',#3367,#3368);
#3367 = CARTESIAN_POINT('',(-0.,-2.6));
#3368 = VECTOR('',#3369,1.);
#3369 = DIRECTION('',(-1.,-0.));
#3370 = ( GEOMETRIC_REPRESENTATION_CONTEXT(2) 
PARAMETRIC_REPRESENTATION_CONTEXT() REPRESENTATION_CONTEXT('2D SPACE',''
  ) );
#3371 = ORIENTED_EDGE('',*,*,#3303,.T.);
#3372 = ORIENTED_EDGE('',*,*,#2877,.F.);
#3373 = ADVANCED_FACE('',(#3374),#2933,.F.);
#3374 = FACE_BOUND('',#3375,.T.);
#3375 = EDGE_LOOP('',(#3376,#3399,#3423,#3445,#3446));
#3376 = ORIENTED_EDGE('',*,*,#3377,.F.);
#3377 = EDGE_CURVE('',#3378,#2913,#3380,.T.);
#3378 = VERTEX_POINT('',#3379);
#3379 = CARTESIAN_POINT('',(490.,142.45,141.25));
#3380 = SEAM_CURVE('',#3381,(#3385,#3392),.PCURVE_S1.);
#3381 = LINE('',#3382,#3383);
#3382 = CARTESIAN_POINT('',(490.,145.05,141.25));
#3383 = VECTOR('',#3384,1.);
#3384 = DIRECTION('',(0.,-1.,0.));
#3385 = PCURVE('',#2933,#3386);
#3386 = DEFINITIONAL_REPRESENTATION('',(#3387),#3391);
#3387 = LINE('',#3388,#3389);
#3388 = CARTESIAN_POINT('',(-6.28318530718,0.));
#3389 = VECTOR('',#3390,1.);
#3390 = DIRECTION('',(-0.,-1.));
#3391 = ( GEOMETRIC_REPRESENTATION_CONTEXT(2) 
PARAMETRIC_REPRESENTATION_CONTEXT() REPRESENTATION_CONTEXT('2D SPACE',''
  ) );
#3392 = PCURVE('',#2933,#3393);
#3393 = DEFINITIONAL_REPRESENTATION('',(#3394),#3398);
#3394 = LINE('',#3395,#3396);
#3395 = CARTESIAN_POINT('',(-0.,0.));
#3396 = VECTOR('',#3397,1.);
#3397 = DIRECTION('',(-0.,-1.));
#3398 = ( GEOMETRIC_REPRESENTATION_CONTEXT(2) 
PARAMETRIC_REPRESENTATION_CONTEXT() REPRESENTATION_CONTEXT('2D SPACE',''
  ) );
#3399 = ORIENTED_EDGE('',*,*,#3400,.F.);
#3400 = EDGE_CURVE('',#3401,#3378,#3403,.T.);
#3401 = VERTEX_POINT('',#3402);
#3402 = CARTESIAN_POINT('',(490.,142.45,138.75));
#3403 = SURFACE_CURVE('',#3404,(#3409,#3416),.PCURVE_S1.);
#3404 = CIRCLE('',#3405,1.25);
#3405 = AXIS2_PLACEMENT_3D('',#3406,#3407,#3408);
#3406 = CARTESIAN_POINT('',(490.,142.45,140.));
#3407 = DIRECTION('',(0.,-1.,0.));
#3408 = DIRECTION('',(0.,-0.,-1.));
#3409 = PCURVE('',#2933,#3410);
#3410 = DEFINITIONAL_REPRESENTATION('',(#3411),#3415);
#3411 = LINE('',#3412,#3413);
#3412 = CARTESIAN_POINT('',(-3.14159265359,-2.6));
#3413 = VECTOR('',#3414,1.);
#3414 = DIRECTION('',(-1.,0.));
#3415 = ( GEOMETRIC_REPRESENTATION_CONTEXT(2) 
PARAMETRIC_REPRESENTATION_CONTEXT() REPRESENTATION_CONTEXT('2D SPACE',''
  ) );
#3416 = PCURVE('',#3133,#3417);
#3417 = DEFINITIONAL_REPRESENTATION('',(#3418),#3422);
#3418 = LINE('',#3419,#3420);
#3419 = CARTESIAN_POINT('',(-0.,-2.6));
#3420 = VECTOR('',#3421,1.);
#3421 = DIRECTION('',(-1.,-0.));
#3422 = ( GEOMETRIC_REPRESENTATION_CONTEXT(2) 
PARAMETRIC_REPRESENTATION_CONTEXT() REPRESENTATION_CONTEXT('2D SPACE',''
  ) );
#3423 = ORIENTED_EDGE('',*,*,#3424,.F.);
#3424 = EDGE_CURVE('',#3378,#3401,#3425,.T.);
#3425 = SURFACE_CURVE('',#3426,(#3431,#3438),.PCURVE_S1.);
#3426 = CIRCLE('',#3427,1.25);
#3427 = AXIS2_PLACEMENT_3D('',#3428,#3429,#3430);
#3428 = CARTESIAN_POINT('',(490.,142.45,140.));
#3429 = DIRECTION('',(0.,-1.,0.));
#3430 = DIRECTION('',(0.,-0.,-1.));
#3431 = PCURVE('',#2933,#3432);
#3432 = DEFINITIONAL_REPRESENTATION('',(#3433),#3437);
#3433 = LINE('',#3434,#3435);
#3434 = CARTESIAN_POINT('',(3.14159265359,-2.6));
#3435 = VECTOR('',#3436,1.);
#3436 = DIRECTION('',(-1.,0.));
#3437 = ( GEOMETRIC_REPRESENTATION_CONTEXT(2) 
PARAMETRIC_REPRESENTATION_CONTEXT() REPRESENTATION_CONTEXT('2D SPACE',''
  ) );
#3438 = PCURVE('',#3133,#3439);
#3439 = DEFINITIONAL_REPRESENTATION('',(#3440),#3444);
#3440 = LINE('',#3441,#3442);
#3441 = CARTESIAN_POINT('',(-0.,-2.6));
#3442 = VECTOR('',#3443,1.);
#3443 = DIRECTION('',(-1.,-0.));
#3444 = ( GEOMETRIC_REPRESENTATION_CONTEXT(2) 
PARAMETRIC_REPRESENTATION_CONTEXT() REPRESENTATION_CONTEXT('2D SPACE',''
  ) );
#3445 = ORIENTED_EDGE('',*,*,#3377,.T.);
#3446 = ORIENTED_EDGE('',*,*,#2912,.F.);
#3447 = ADVANCED_FACE('',(#3448),#3040,.F.);
#3448 = FACE_BOUND('',#3449,.F.);
#3449 = EDGE_LOOP('',(#3450,#3451,#3472,#3473,#3474));
#3450 = ORIENTED_EDGE('',*,*,#3023,.T.);
#3451 = ORIENTED_EDGE('',*,*,#3452,.T.);
#3452 = EDGE_CURVE('',#3024,#3179,#3453,.T.);
#3453 = SEAM_CURVE('',#3454,(#3458,#3465),.PCURVE_S1.);
#3454 = LINE('',#3455,#3456);
#3455 = CARTESIAN_POINT('',(10.,145.05,41.15));
#3456 = VECTOR('',#3457,1.);
#3457 = DIRECTION('',(1.731912112471E-16,-0.707106781187,0.707106781187)
  );
#3458 = PCURVE('',#3040,#3459);
#3459 = DEFINITIONAL_REPRESENTATION('',(#3460),#3464);
#3460 = LINE('',#3461,#3462);
#3461 = CARTESIAN_POINT('',(0.,-0.));
#3462 = VECTOR('',#3463,1.);
#3463 = DIRECTION('',(-0.,-1.));
#3464 = ( GEOMETRIC_REPRESENTATION_CONTEXT(2) 
PARAMETRIC_REPRESENTATION_CONTEXT() REPRESENTATION_CONTEXT('2D SPACE',''
  ) );
#3465 = PCURVE('',#3040,#3466);
#3466 = DEFINITIONAL_REPRESENTATION('',(#3467),#3471);
#3467 = LINE('',#3468,#3469);
#3468 = CARTESIAN_POINT('',(-6.28318530718,0.));
#3469 = VECTOR('',#3470,1.);
#3470 = DIRECTION('',(-0.,-1.));
#3471 = ( GEOMETRIC_REPRESENTATION_CONTEXT(2) 
PARAMETRIC_REPRESENTATION_CONTEXT() REPRESENTATION_CONTEXT('2D SPACE',''
  ) );
#3472 = ORIENTED_EDGE('',*,*,#3202,.F.);
#3473 = ORIENTED_EDGE('',*,*,#3178,.F.);
#3474 = ORIENTED_EDGE('',*,*,#3452,.F.);
#3475 = ADVANCED_FACE('',(#3476),#3071,.F.);
#3476 = FACE_BOUND('',#3477,.F.);
#3477 = EDGE_LOOP('',(#3478,#3479,#3500,#3501,#3502));
#3478 = ORIENTED_EDGE('',*,*,#3054,.T.);
#3479 = ORIENTED_EDGE('',*,*,#3480,.T.);
#3480 = EDGE_CURVE('',#3055,#3253,#3481,.T.);
#3481 = SEAM_CURVE('',#3482,(#3486,#3493),.PCURVE_S1.);
#3482 = LINE('',#3483,#3484);
#3483 = CARTESIAN_POINT('',(490.,145.05,41.15));
#3484 = VECTOR('',#3485,1.);
#3485 = DIRECTION('',(1.731912112471E-16,-0.707106781187,0.707106781187)
  );
#3486 = PCURVE('',#3071,#3487);
#3487 = DEFINITIONAL_REPRESENTATION('',(#3488),#3492);
#3488 = LINE('',#3489,#3490);
#3489 = CARTESIAN_POINT('',(0.,-0.));
#3490 = VECTOR('',#3491,1.);
#3491 = DIRECTION('',(-0.,-1.));
#3492 = ( GEOMETRIC_REPRESENTATION_CONTEXT(2) 
PARAMETRIC_REPRESENTATION_CONTEXT() REPRESENTATION_CONTEXT('2D SPACE',''
  ) );
#3493 = PCURVE('',#3071,#3494);
#3494 = DEFINITIONAL_REPRESENTATION('',(#3495),#3499);
#3495 = LINE('',#3496,#3497);
#3496 = CARTESIAN_POINT('',(-6.28318530718,0.));
#3497 = VECTOR('',#3498,1.);
#3498 = DIRECTION('',(-0.,-1.));
#3499 = ( GEOMETRIC_REPRESENTATION_CONTEXT(2) 
PARAMETRIC_REPRESENTATION_CONTEXT() REPRESENTATION_CONTEXT('2D SPACE',''
  ) );
#3500 = ORIENTED_EDGE('',*,*,#3276,.F.);
#3501 = ORIENTED_EDGE('',*,*,#3252,.F.);
#3502 = ORIENTED_EDGE('',*,*,#3480,.F.);
#3503 = ADVANCED_FACE('',(#3504),#3102,.F.);
#3504 = FACE_BOUND('',#3505,.F.);
#3505 = EDGE_LOOP('',(#3506,#3507,#3528,#3529,#3530));
#3506 = ORIENTED_EDGE('',*,*,#3085,.T.);
#3507 = ORIENTED_EDGE('',*,*,#3508,.T.);
#3508 = EDGE_CURVE('',#3086,#3327,#3509,.T.);
#3509 = SEAM_CURVE('',#3510,(#3514,#3521),.PCURVE_S1.);
#3510 = LINE('',#3511,#3512);
#3511 = CARTESIAN_POINT('',(10.,145.05,136.15));
#3512 = VECTOR('',#3513,1.);
#3513 = DIRECTION('',(1.731912112471E-16,-0.707106781187,0.707106781187)
  );
#3514 = PCURVE('',#3102,#3515);
#3515 = DEFINITIONAL_REPRESENTATION('',(#3516),#3520);
#3516 = LINE('',#3517,#3518);
#3517 = CARTESIAN_POINT('',(0.,-0.));
#3518 = VECTOR('',#3519,1.);
#3519 = DIRECTION('',(-0.,-1.));
#3520 = ( GEOMETRIC_REPRESENTATION_CONTEXT(2) 
PARAMETRIC_REPRESENTATION_CONTEXT() REPRESENTATION_CONTEXT('2D SPACE',''
  ) );
#3521 = PCURVE('',#3102,#3522);
#3522 = DEFINITIONAL_REPRESENTATION('',(#3523),#3527);
#3523 = LINE('',#3524,#3525);
#3524 = CARTESIAN_POINT('',(-6.28318530718,0.));
#3525 = VECTOR('',#3526,1.);
#3526 = DIRECTION('',(-0.,-1.));
#3527 = ( GEOMETRIC_REPRESENTATION_CONTEXT(2) 
PARAMETRIC_REPRESENTATION_CONTEXT() REPRESENTATION_CONTEXT('2D SPACE',''
  ) );
#3528 = ORIENTED_EDGE('',*,*,#3350,.F.);
#3529 = ORIENTED_EDGE('',*,*,#3326,.F.);
#3530 = ORIENTED_EDGE('',*,*,#3508,.F.);
#3531 = ADVANCED_FACE('',(#3532),#3133,.F.);
#3532 = FACE_BOUND('',#3533,.F.);
#3533 = EDGE_LOOP('',(#3534,#3535,#3556,#3557,#3558));
#3534 = ORIENTED_EDGE('',*,*,#3116,.T.);
#3535 = ORIENTED_EDGE('',*,*,#3536,.T.);
#3536 = EDGE_CURVE('',#3117,#3401,#3537,.T.);
#3537 = SEAM_CURVE('',#3538,(#3542,#3549),.PCURVE_S1.);
#3538 = LINE('',#3539,#3540);
#3539 = CARTESIAN_POINT('',(490.,145.05,136.15));
#3540 = VECTOR('',#3541,1.);
#3541 = DIRECTION('',(1.731912112471E-16,-0.707106781187,0.707106781187)
  );
#3542 = PCURVE('',#3133,#3543);
#3543 = DEFINITIONAL_REPRESENTATION('',(#3544),#3548);
#3544 = LINE('',#3545,#3546);
#3545 = CARTESIAN_POINT('',(0.,-0.));
#3546 = VECTOR('',#3547,1.);
#3547 = DIRECTION('',(-0.,-1.));
#3548 = ( GEOMETRIC_REPRESENTATION_CONTEXT(2) 
PARAMETRIC_REPRESENTATION_CONTEXT() REPRESENTATION_CONTEXT('2D SPACE',''
  ) );
#3549 = PCURVE('',#3133,#3550);
#3550 = DEFINITIONAL_REPRESENTATION('',(#3551),#3555);
#3551 = LINE('',#3552,#3553);
#3552 = CARTESIAN_POINT('',(-6.28318530718,0.));
#3553 = VECTOR('',#3554,1.);
#3554 = DIRECTION('',(-0.,-1.));
#3555 = ( GEOMETRIC_REPRESENTATION_CONTEXT(2) 
PARAMETRIC_REPRESENTATION_CONTEXT() REPRESENTATION_CONTEXT('2D SPACE',''
  ) );
#3556 = ORIENTED_EDGE('',*,*,#3424,.F.);
#3557 = ORIENTED_EDGE('',*,*,#3400,.F.);
#3558 = ORIENTED_EDGE('',*,*,#3536,.F.);
#3559 = ( GEOMETRIC_REPRESENTATION_CONTEXT(3) 
GLOBAL_UNCERTAINTY_ASSIGNED_CONTEXT((#3563)) 
GLOBAL_UNIT_ASSIGNED_CONTEXT((#3560,#3561,#3562)) REPRESENTATION_CONTEXT
('Context #1','3D Context with UNIT and UNCERTAINTY') );
#3560 = ( LENGTH_UNIT() NAMED_UNIT(*) SI_UNIT(.MILLI.,.METRE.) );
#3561 = ( NAMED_UNIT(*) PLANE_ANGLE_UNIT() SI_UNIT($,.RADIAN.) );
#3562 = ( NAMED_UNIT(*) SI_UNIT($,.STERADIAN.) SOLID_ANGLE_UNIT() );
#3563 = UNCERTAINTY_MEASURE_WITH_UNIT(LENGTH_MEASURE(1.E-07),#3560,
  'distance_accuracy_value','confusion accuracy');
#3564 = CONTEXT_DEPENDENT_SHAPE_REPRESENTATION(#3565,#3567);
#3565 = ( REPRESENTATION_RELATIONSHIP('','',#2556,#10) 
REPRESENTATION_RELATIONSHIP_WITH_TRANSFORMATION(#3566) 
SHAPE_REPRESENTATION_RELATIONSHIP() );
#3566 = ITEM_DEFINED_TRANSFORMATION('','',#11,#23);
#3567 = PRODUCT_DEFINITION_SHAPE('Placement','Placement of an item',
  #3568);
#3568 = NEXT_ASSEMBLY_USAGE_OCCURRENCE('9','side_2','',#5,#2551,$);
#3569 = PRODUCT_RELATED_PRODUCT_CATEGORY('part',$,(#2553));
#3570 = SHAPE_DEFINITION_REPRESENTATION(#3571,#3577);
#3571 = PRODUCT_DEFINITION_SHAPE('','',#3572);
#3572 = PRODUCT_DEFINITION('design','',#3573,#3576);
#3573 = PRODUCT_DEFINITION_FORMATION('','',#3574);
#3574 = PRODUCT('end_1','end_1','',(#3575));
#3575 = PRODUCT_CONTEXT('',#2,'mechanical');
#3576 = PRODUCT_DEFINITION_CONTEXT('part definition',#2,'design');
#3577 = ADVANCED_BREP_SHAPE_REPRESENTATION('',(#11,#3578),#4683);
#3578 = MANIFOLD_SOLID_BREP('',#3579);
#3579 = CLOSED_SHELL('',(#3580,#3762,#3900,#3977,#4049,#4138,#4193,#4248
    ,#4338,#4393,#4448,#4489,#4544,#4599,#4603,#4607,#4663,#4667,#4671,
    #4675,#4679));
#3580 = ADVANCED_FACE('',(#3581,#3700,#3731),#3595,.T.);
#3581 = FACE_BOUND('',#3582,.T.);
#3582 = EDGE_LOOP('',(#3583,#3618,#3646,#3674));
#3583 = ORIENTED_EDGE('',*,*,#3584,.T.);
#3584 = EDGE_CURVE('',#3585,#3587,#3589,.T.);
#3585 = VERTEX_POINT('',#3586);
#3586 = CARTESIAN_POINT('',(20.,20.,20.));
#3587 = VERTEX_POINT('',#3588);
#3588 = CARTESIAN_POINT('',(0.,20.,20.));
#3589 = SURFACE_CURVE('',#3590,(#3594,#3606),.PCURVE_S1.);
#3590 = LINE('',#3591,#3592);
#3591 = CARTESIAN_POINT('',(20.,20.,20.));
#3592 = VECTOR('',#3593,1.);
#3593 = DIRECTION('',(-1.,0.,0.));
#3594 = PCURVE('',#3595,#3600);
#3595 = PLANE('',#3596);
#3596 = AXIS2_PLACEMENT_3D('',#3597,#3598,#3599);
#3597 = CARTESIAN_POINT('',(20.,20.,20.));
#3598 = DIRECTION('',(0.,0.,-1.));
#3599 = DIRECTION('',(0.,1.,0.));
#3600 = DEFINITIONAL_REPRESENTATION('',(#3601),#3605);
#3601 = LINE('',#3602,#3603);
#3602 = CARTESIAN_POINT('',(0.,0.));
#3603 = VECTOR('',#3604,1.);
#3604 = DIRECTION('',(0.,-1.));
#3605 = ( GEOMETRIC_REPRESENTATION_CONTEXT(2) 
PARAMETRIC_REPRESENTATION_CONTEXT() REPRESENTATION_CONTEXT('2D SPACE',''
  ) );
#3606 = PCURVE('',#3607,#3612);
#3607 = PLANE('',#3608);
#3608 = AXIS2_PLACEMENT_3D('',#3609,#3610,#3611);
#3609 = CARTESIAN_POINT('',(20.,20.,210.));
#3610 = DIRECTION('',(0.,-1.,0.));
#3611 = DIRECTION('',(0.,0.,-1.));
#3612 = DEFINITIONAL_REPRESENTATION('',(#3613),#3617);
#3613 = LINE('',#3614,#3615);
#3614 = CARTESIAN_POINT('',(190.,0.));
#3615 = VECTOR('',#3616,1.);
#3616 = DIRECTION('',(0.,-1.));
#3617 = ( GEOMETRIC_REPRESENTATION_CONTEXT(2) 
PARAMETRIC_REPRESENTATION_CONTEXT() REPRESENTATION_CONTEXT('2D SPACE',''
  ) );
#3618 = ORIENTED_EDGE('',*,*,#3619,.T.);
#3619 = EDGE_CURVE('',#3587,#3620,#3622,.T.);
#3620 = VERTEX_POINT('',#3621);
#3621 = CARTESIAN_POINT('',(0.,125.,20.));
#3622 = SURFACE_CURVE('',#3623,(#3627,#3634),.PCURVE_S1.);
#3623 = LINE('',#3624,#3625);
#3624 = CARTESIAN_POINT('',(0.,20.,20.));
#3625 = VECTOR('',#3626,1.);
#3626 = DIRECTION('',(0.,1.,0.));
#3627 = PCURVE('',#3595,#3628);
#3628 = DEFINITIONAL_REPRESENTATION('',(#3629),#3633);
#3629 = LINE('',#3630,#3631);
#3630 = CARTESIAN_POINT('',(0.,-20.));
#3631 = VECTOR('',#3632,1.);
#3632 = DIRECTION('',(1.,0.));
#3633 = ( GEOMETRIC_REPRESENTATION_CONTEXT(2) 
PARAMETRIC_REPRESENTATION_CONTEXT() REPRESENTATION_CONTEXT('2D SPACE',''
  ) );
#3634 = PCURVE('',#3635,#3640);
#3635 = PLANE('',#3636);
#3636 = AXIS2_PLACEMENT_3D('',#3637,#3638,#3639);
#3637 = CARTESIAN_POINT('',(0.,72.5,130.44959206714));
#3638 = DIRECTION('',(1.,-0.,-0.));
#3639 = DIRECTION('',(0.,0.,-1.));
#3640 = DEFINITIONAL_REPRESENTATION('',(#3641),#3645);
#3641 = LINE('',#3642,#3643);
#3642 = CARTESIAN_POINT('',(110.44959206714,-52.5));
#3643 = VECTOR('',#3644,1.);
#3644 = DIRECTION('',(0.,1.));
#3645 = ( GEOMETRIC_REPRESENTATION_CONTEXT(2) 
PARAMETRIC_REPRESENTATION_CONTEXT() REPRESENTATION_CONTEXT('2D SPACE',''
  ) );
#3646 = ORIENTED_EDGE('',*,*,#3647,.F.);
#3647 = EDGE_CURVE('',#3648,#3620,#3650,.T.);
#3648 = VERTEX_POINT('',#3649);
#3649 = CARTESIAN_POINT('',(20.,125.,20.));
#3650 = SURFACE_CURVE('',#3651,(#3655,#3662),.PCURVE_S1.);
#3651 = LINE('',#3652,#3653);
#3652 = CARTESIAN_POINT('',(20.,125.,20.));
#3653 = VECTOR('',#3654,1.);
#3654 = DIRECTION('',(-1.,0.,0.));
#3655 = PCURVE('',#3595,#3656);
#3656 = DEFINITIONAL_REPRESENTATION('',(#3657),#3661);
#3657 = LINE('',#3658,#3659);
#3658 = CARTESIAN_POINT('',(105.,0.));
#3659 = VECTOR('',#3660,1.);
#3660 = DIRECTION('',(0.,-1.));
#3661 = ( GEOMETRIC_REPRESENTATION_CONTEXT(2) 
PARAMETRIC_REPRESENTATION_CONTEXT() REPRESENTATION_CONTEXT('2D SPACE',''
  ) );
#3662 = PCURVE('',#3663,#3668);
#3663 = PLANE('',#3664);
#3664 = AXIS2_PLACEMENT_3D('',#3665,#3666,#3667);
#3665 = CARTESIAN_POINT('',(20.,125.,20.));
#3666 = DIRECTION('',(0.,1.,0.));
#3667 = DIRECTION('',(0.,0.,1.));
#3668 = DEFINITIONAL_REPRESENTATION('',(#3669),#3673);
#3669 = LINE('',#3670,#3671);
#3670 = CARTESIAN_POINT('',(0.,0.));
#3671 = VECTOR('',#3672,1.);
#3672 = DIRECTION('',(0.,-1.));
#3673 = ( GEOMETRIC_REPRESENTATION_CONTEXT(2) 
PARAMETRIC_REPRESENTATION_CONTEXT() REPRESENTATION_CONTEXT('2D SPACE',''
  ) );
#3674 = ORIENTED_EDGE('',*,*,#3675,.F.);
#3675 = EDGE_CURVE('',#3585,#3648,#3676,.T.);
#3676 = SURFACE_CURVE('',#3677,(#3681,#3688),.PCURVE_S1.);
#3677 = LINE('',#3678,#3679);
#3678 = CARTESIAN_POINT('',(20.,20.,20.));
#3679 = VECTOR('',#3680,1.);
#3680 = DIRECTION('',(0.,1.,0.));
#3681 = PCURVE('',#3595,#3682);
#3682 = DEFINITIONAL_REPRESENTATION('',(#3683),#3687);
#3683 = LINE('',#3684,#3685);
#3684 = CARTESIAN_POINT('',(0.,0.));
#3685 = VECTOR('',#3686,1.);
#3686 = DIRECTION('',(1.,0.));
#3687 = ( GEOMETRIC_REPRESENTATION_CONTEXT(2) 
PARAMETRIC_REPRESENTATION_CONTEXT() REPRESENTATION_CONTEXT('2D SPACE',''
  ) );
#3688 = PCURVE('',#3689,#3694);
#3689 = PLANE('',#3690);
#3690 = AXIS2_PLACEMENT_3D('',#3691,#3692,#3693);
#3691 = CARTESIAN_POINT('',(20.,72.5,130.44959206714));
#3692 = DIRECTION('',(1.,-0.,-0.));
#3693 = DIRECTION('',(0.,0.,-1.));
#3694 = DEFINITIONAL_REPRESENTATION('',(#3695),#3699);
#3695 = LINE('',#3696,#3697);
#3696 = CARTESIAN_POINT('',(110.44959206714,-52.5));
#3697 = VECTOR('',#3698,1.);
#3698 = DIRECTION('',(0.,1.));
#3699 = ( GEOMETRIC_REPRESENTATION_CONTEXT(2) 
PARAMETRIC_REPRESENTATION_CONTEXT() REPRESENTATION_CONTEXT('2D SPACE',''
  ) );
#3700 = FACE_BOUND('',#3701,.T.);
#3701 = EDGE_LOOP('',(#3702));
#3702 = ORIENTED_EDGE('',*,*,#3703,.F.);
#3703 = EDGE_CURVE('',#3704,#3704,#3706,.T.);
#3704 = VERTEX_POINT('',#3705);
#3705 = CARTESIAN_POINT('',(11.25,45.,20.));
#3706 = SURFACE_CURVE('',#3707,(#3712,#3719),.PCURVE_S1.);
#3707 = CIRCLE('',#3708,1.25);
#3708 = AXIS2_PLACEMENT_3D('',#3709,#3710,#3711);
#3709 = CARTESIAN_POINT('',(10.,45.,20.));
#3710 = DIRECTION('',(0.,0.,-1.));
#3711 = DIRECTION('',(1.,0.,0.));
#3712 = PCURVE('',#3595,#3713);
#3713 = DEFINITIONAL_REPRESENTATION('',(#3714),#3718);
#3714 = CIRCLE('',#3715,1.25);
#3715 = AXIS2_PLACEMENT_2D('',#3716,#3717);
#3716 = CARTESIAN_POINT('',(25.,-10.));
#3717 = DIRECTION('',(0.,1.));
#3718 = ( GEOMETRIC_REPRESENTATION_CONTEXT(2) 
PARAMETRIC_REPRESENTATION_CONTEXT() REPRESENTATION_CONTEXT('2D SPACE',''
  ) );
#3719 = PCURVE('',#3720,#3725);
#3720 = CYLINDRICAL_SURFACE('',#3721,1.25);
#3721 = AXIS2_PLACEMENT_3D('',#3722,#3723,#3724);
#3722 = CARTESIAN_POINT('',(10.,45.,19.95));
#3723 = DIRECTION('',(-0.,-0.,-1.));
#3724 = DIRECTION('',(1.,0.,0.));
#3725 = DEFINITIONAL_REPRESENTATION('',(#3726),#3730);
#3726 = LINE('',#3727,#3728);
#3727 = CARTESIAN_POINT('',(-6.28318530718,-5.E-02));
#3728 = VECTOR('',#3729,1.);
#3729 = DIRECTION('',(1.,-0.));
#3730 = ( GEOMETRIC_REPRESENTATION_CONTEXT(2) 
PARAMETRIC_REPRESENTATION_CONTEXT() REPRESENTATION_CONTEXT('2D SPACE',''
  ) );
#3731 = FACE_BOUND('',#3732,.T.);
#3732 = EDGE_LOOP('',(#3733));
#3733 = ORIENTED_EDGE('',*,*,#3734,.F.);
#3734 = EDGE_CURVE('',#3735,#3735,#3737,.T.);
#3735 = VERTEX_POINT('',#3736);
#3736 = CARTESIAN_POINT('',(11.25,100.,20.));
#3737 = SURFACE_CURVE('',#3738,(#3743,#3750),.PCURVE_S1.);
#3738 = CIRCLE('',#3739,1.25);
#3739 = AXIS2_PLACEMENT_3D('',#3740,#3741,#3742);
#3740 = CARTESIAN_POINT('',(10.,100.,20.));
#3741 = DIRECTION('',(0.,0.,-1.));
#3742 = DIRECTION('',(1.,0.,0.));
#3743 = PCURVE('',#3595,#3744);
#3744 = DEFINITIONAL_REPRESENTATION('',(#3745),#3749);
#3745 = CIRCLE('',#3746,1.25);
#3746 = AXIS2_PLACEMENT_2D('',#3747,#3748);
#3747 = CARTESIAN_POINT('',(80.,-10.));
#3748 = DIRECTION('',(0.,1.));
#3749 = ( GEOMETRIC_REPRESENTATION_CONTEXT(2) 
PARAMETRIC_REPRESENTATION_CONTEXT() REPRESENTATION_CONTEXT('2D SPACE',''
  ) );
#3750 = PCURVE('',#3751,#3756);
#3751 = CYLINDRICAL_SURFACE('',#3752,1.25);
#3752 = AXIS2_PLACEMENT_3D('',#3753,#3754,#3755);
#3753 = CARTESIAN_POINT('',(10.,100.,19.95));
#3754 = DIRECTION('',(-0.,-0.,-1.));
#3755 = DIRECTION('',(1.,0.,0.));
#3756 = DEFINITIONAL_REPRESENTATION('',(#3757),#3761);
#3757 = LINE('',#3758,#3759);
#3758 = CARTESIAN_POINT('',(-6.28318530718,-5.E-02));
#3759 = VECTOR('',#3760,1.);
#3760 = DIRECTION('',(1.,-0.));
#3761 = ( GEOMETRIC_REPRESENTATION_CONTEXT(2) 
PARAMETRIC_REPRESENTATION_CONTEXT() REPRESENTATION_CONTEXT('2D SPACE',''
  ) );
#3762 = ADVANCED_FACE('',(#3763,#3838,#3869),#3607,.T.);
#3763 = FACE_BOUND('',#3764,.T.);
#3764 = EDGE_LOOP('',(#3765,#3795,#3816,#3817));
#3765 = ORIENTED_EDGE('',*,*,#3766,.T.);
#3766 = EDGE_CURVE('',#3767,#3769,#3771,.T.);
#3767 = VERTEX_POINT('',#3768);
#3768 = CARTESIAN_POINT('',(20.,20.,210.));
#3769 = VERTEX_POINT('',#3770);
#3770 = CARTESIAN_POINT('',(0.,20.,210.));
#3771 = SURFACE_CURVE('',#3772,(#3776,#3783),.PCURVE_S1.);
#3772 = LINE('',#3773,#3774);
#3773 = CARTESIAN_POINT('',(20.,20.,210.));
#3774 = VECTOR('',#3775,1.);
#3775 = DIRECTION('',(-1.,0.,0.));
#3776 = PCURVE('',#3607,#3777);
#3777 = DEFINITIONAL_REPRESENTATION('',(#3778),#3782);
#3778 = LINE('',#3779,#3780);
#3779 = CARTESIAN_POINT('',(0.,0.));
#3780 = VECTOR('',#3781,1.);
#3781 = DIRECTION('',(0.,-1.));
#3782 = ( GEOMETRIC_REPRESENTATION_CONTEXT(2) 
PARAMETRIC_REPRESENTATION_CONTEXT() REPRESENTATION_CONTEXT('2D SPACE',''
  ) );
#3783 = PCURVE('',#3784,#3789);
#3784 = PLANE('',#3785);
#3785 = AXIS2_PLACEMENT_3D('',#3786,#3787,#3788);
#3786 = CARTESIAN_POINT('',(20.,72.5,270.));
#3787 = DIRECTION('',(0.,-0.752576694707,0.658504607869));
#3788 = DIRECTION('',(-0.,-0.658504607869,-0.752576694707));
#3789 = DEFINITIONAL_REPRESENTATION('',(#3790),#3794);
#3790 = LINE('',#3791,#3792);
#3791 = CARTESIAN_POINT('',(79.72609359551,0.));
#3792 = VECTOR('',#3793,1.);
#3793 = DIRECTION('',(0.,-1.));
#3794 = ( GEOMETRIC_REPRESENTATION_CONTEXT(2) 
PARAMETRIC_REPRESENTATION_CONTEXT() REPRESENTATION_CONTEXT('2D SPACE',''
  ) );
#3795 = ORIENTED_EDGE('',*,*,#3796,.T.);
#3796 = EDGE_CURVE('',#3769,#3587,#3797,.T.);
#3797 = SURFACE_CURVE('',#3798,(#3802,#3809),.PCURVE_S1.);
#3798 = LINE('',#3799,#3800);
#3799 = CARTESIAN_POINT('',(0.,20.,210.));
#3800 = VECTOR('',#3801,1.);
#3801 = DIRECTION('',(0.,0.,-1.));
#3802 = PCURVE('',#3607,#3803);
#3803 = DEFINITIONAL_REPRESENTATION('',(#3804),#3808);
#3804 = LINE('',#3805,#3806);
#3805 = CARTESIAN_POINT('',(0.,-20.));
#3806 = VECTOR('',#3807,1.);
#3807 = DIRECTION('',(1.,0.));
#3808 = ( GEOMETRIC_REPRESENTATION_CONTEXT(2) 
PARAMETRIC_REPRESENTATION_CONTEXT() REPRESENTATION_CONTEXT('2D SPACE',''
  ) );
#3809 = PCURVE('',#3635,#3810);
#3810 = DEFINITIONAL_REPRESENTATION('',(#3811),#3815);
#3811 = LINE('',#3812,#3813);
#3812 = CARTESIAN_POINT('',(-79.55040793286,-52.5));
#3813 = VECTOR('',#3814,1.);
#3814 = DIRECTION('',(1.,0.));
#3815 = ( GEOMETRIC_REPRESENTATION_CONTEXT(2) 
PARAMETRIC_REPRESENTATION_CONTEXT() REPRESENTATION_CONTEXT('2D SPACE',''
  ) );
#3816 = ORIENTED_EDGE('',*,*,#3584,.F.);
#3817 = ORIENTED_EDGE('',*,*,#3818,.F.);
#3818 = EDGE_CURVE('',#3767,#3585,#3819,.T.);
#3819 = SURFACE_CURVE('',#3820,(#3824,#3831),.PCURVE_S1.);
#3820 = LINE('',#3821,#3822);
#3821 = CARTESIAN_POINT('',(20.,20.,210.));
#3822 = VECTOR('',#3823,1.);
#3823 = DIRECTION('',(0.,0.,-1.));
#3824 = PCURVE('',#3607,#3825);
#3825 = DEFINITIONAL_REPRESENTATION('',(#3826),#3830);
#3826 = LINE('',#3827,#3828);
#3827 = CARTESIAN_POINT('',(0.,0.));
#3828 = VECTOR('',#3829,1.);
#3829 = DIRECTION('',(1.,0.));
#3830 = ( GEOMETRIC_REPRESENTATION_CONTEXT(2) 
PARAMETRIC_REPRESENTATION_CONTEXT() REPRESENTATION_CONTEXT('2D SPACE',''
  ) );
#3831 = PCURVE('',#3689,#3832);
#3832 = DEFINITIONAL_REPRESENTATION('',(#3833),#3837);
#3833 = LINE('',#3834,#3835);
#3834 = CARTESIAN_POINT('',(-79.55040793286,-52.5));
#3835 = VECTOR('',#3836,1.);
#3836 = DIRECTION('',(1.,0.));
#3837 = ( GEOMETRIC_REPRESENTATION_CONTEXT(2) 
PARAMETRIC_REPRESENTATION_CONTEXT() REPRESENTATION_CONTEXT('2D SPACE',''
  ) );
#3838 = FACE_BOUND('',#3839,.T.);
#3839 = EDGE_LOOP('',(#3840));
#3840 = ORIENTED_EDGE('',*,*,#3841,.F.);
#3841 = EDGE_CURVE('',#3842,#3842,#3844,.T.);
#3842 = VERTEX_POINT('',#3843);
#3843 = CARTESIAN_POINT('',(10.,20.,141.25));
#3844 = SURFACE_CURVE('',#3845,(#3850,#3857),.PCURVE_S1.);
#3845 = CIRCLE('',#3846,1.25);
#3846 = AXIS2_PLACEMENT_3D('',#3847,#3848,#3849);
#3847 = CARTESIAN_POINT('',(10.,20.,140.));
#3848 = DIRECTION('',(0.,-1.,0.));
#3849 = DIRECTION('',(0.,0.,1.));
#3850 = PCURVE('',#3607,#3851);
#3851 = DEFINITIONAL_REPRESENTATION('',(#3852),#3856);
#3852 = CIRCLE('',#3853,1.25);
#3853 = AXIS2_PLACEMENT_2D('',#3854,#3855);
#3854 = CARTESIAN_POINT('',(70.,-10.));
#3855 = DIRECTION('',(-1.,0.));
#3856 = ( GEOMETRIC_REPRESENTATION_CONTEXT(2) 
PARAMETRIC_REPRESENTATION_CONTEXT() REPRESENTATION_CONTEXT('2D SPACE',''
  ) );
#3857 = PCURVE('',#3858,#3863);
#3858 = CYLINDRICAL_SURFACE('',#3859,1.25);
#3859 = AXIS2_PLACEMENT_3D('',#3860,#3861,#3862);
#3860 = CARTESIAN_POINT('',(10.,19.95,140.));
#3861 = DIRECTION('',(-0.,-1.,-0.));
#3862 = DIRECTION('',(0.,0.,1.));
#3863 = DEFINITIONAL_REPRESENTATION('',(#3864),#3868);
#3864 = LINE('',#3865,#3866);
#3865 = CARTESIAN_POINT('',(-6.28318530718,-5.E-02));
#3866 = VECTOR('',#3867,1.);
#3867 = DIRECTION('',(1.,-0.));
#3868 = ( GEOMETRIC_REPRESENTATION_CONTEXT(2) 
PARAMETRIC_REPRESENTATION_CONTEXT() REPRESENTATION_CONTEXT('2D SPACE',''
  ) );
#3869 = FACE_BOUND('',#3870,.T.);
#3870 = EDGE_LOOP('',(#3871));
#3871 = ORIENTED_EDGE('',*,*,#3872,.F.);
#3872 = EDGE_CURVE('',#3873,#3873,#3875,.T.);
#3873 = VERTEX_POINT('',#3874);
#3874 = CARTESIAN_POINT('',(10.,20.,46.25));
#3875 = SURFACE_CURVE('',#3876,(#3881,#3888),.PCURVE_S1.);
#3876 = CIRCLE('',#3877,1.25);
#3877 = AXIS2_PLACEMENT_3D('',#3878,#3879,#3880);
#3878 = CARTESIAN_POINT('',(10.,20.,45.));
#3879 = DIRECTION('',(0.,-1.,0.));
#3880 = DIRECTION('',(0.,0.,1.));
#3881 = PCURVE('',#3607,#3882);
#3882 = DEFINITIONAL_REPRESENTATION('',(#3883),#3887);
#3883 = CIRCLE('',#3884,1.25);
#3884 = AXIS2_PLACEMENT_2D('',#3885,#3886);
#3885 = CARTESIAN_POINT('',(165.,-10.));
#3886 = DIRECTION('',(-1.,0.));
#3887 = ( GEOMETRIC_REPRESENTATION_CONTEXT(2) 
PARAMETRIC_REPRESENTATION_CONTEXT() REPRESENTATION_CONTEXT('2D SPACE',''
  ) );
#3888 = PCURVE('',#3889,#3894);
#3889 = CYLINDRICAL_SURFACE('',#3890,1.25);
#3890 = AXIS2_PLACEMENT_3D('',#3891,#3892,#3893);
#3891 = CARTESIAN_POINT('',(10.,19.95,45.));
#3892 = DIRECTION('',(-0.,-1.,-0.));
#3893 = DIRECTION('',(0.,0.,1.));
#3894 = DEFINITIONAL_REPRESENTATION('',(#3895),#3899);
#3895 = LINE('',#3896,#3897);
#3896 = CARTESIAN_POINT('',(-6.28318530718,-5.E-02));
#3897 = VECTOR('',#3898,1.);
#3898 = DIRECTION('',(1.,-0.));
#3899 = ( GEOMETRIC_REPRESENTATION_CONTEXT(2) 
PARAMETRIC_REPRESENTATION_CONTEXT() REPRESENTATION_CONTEXT('2D SPACE',''
  ) );
#3900 = ADVANCED_FACE('',(#3901),#3689,.T.);
#3901 = FACE_BOUND('',#3902,.T.);
#3902 = EDGE_LOOP('',(#3903,#3904,#3927,#3955,#3976));
#3903 = ORIENTED_EDGE('',*,*,#3675,.T.);
#3904 = ORIENTED_EDGE('',*,*,#3905,.T.);
#3905 = EDGE_CURVE('',#3648,#3906,#3908,.T.);
#3906 = VERTEX_POINT('',#3907);
#3907 = CARTESIAN_POINT('',(20.,125.,210.));
#3908 = SURFACE_CURVE('',#3909,(#3913,#3920),.PCURVE_S1.);
#3909 = LINE('',#3910,#3911);
#3910 = CARTESIAN_POINT('',(20.,125.,20.));
#3911 = VECTOR('',#3912,1.);
#3912 = DIRECTION('',(0.,0.,1.));
#3913 = PCURVE('',#3689,#3914);
#3914 = DEFINITIONAL_REPRESENTATION('',(#3915),#3919);
#3915 = LINE('',#3916,#3917);
#3916 = CARTESIAN_POINT('',(110.44959206714,52.5));
#3917 = VECTOR('',#3918,1.);
#3918 = DIRECTION('',(-1.,0.));
#3919 = ( GEOMETRIC_REPRESENTATION_CONTEXT(2) 
PARAMETRIC_REPRESENTATION_CONTEXT() REPRESENTATION_CONTEXT('2D SPACE',''
  ) );
#3920 = PCURVE('',#3663,#3921);
#3921 = DEFINITIONAL_REPRESENTATION('',(#3922),#3926);
#3922 = LINE('',#3923,#3924);
#3923 = CARTESIAN_POINT('',(0.,0.));
#3924 = VECTOR('',#3925,1.);
#3925 = DIRECTION('',(1.,0.));
#3926 = ( GEOMETRIC_REPRESENTATION_CONTEXT(2) 
PARAMETRIC_REPRESENTATION_CONTEXT() REPRESENTATION_CONTEXT('2D SPACE',''
  ) );
#3927 = ORIENTED_EDGE('',*,*,#3928,.T.);
#3928 = EDGE_CURVE('',#3906,#3929,#3931,.T.);
#3929 = VERTEX_POINT('',#3930);
#3930 = CARTESIAN_POINT('',(20.,72.5,270.));
#3931 = SURFACE_CURVE('',#3932,(#3936,#3943),.PCURVE_S1.);
#3932 = LINE('',#3933,#3934);
#3933 = CARTESIAN_POINT('',(20.,125.,210.));
#3934 = VECTOR('',#3935,1.);
#3935 = DIRECTION('',(0.,-0.658504607869,0.752576694707));
#3936 = PCURVE('',#3689,#3937);
#3937 = DEFINITIONAL_REPRESENTATION('',(#3938),#3942);
#3938 = LINE('',#3939,#3940);
#3939 = CARTESIAN_POINT('',(-79.55040793286,52.5));
#3940 = VECTOR('',#3941,1.);
#3941 = DIRECTION('',(-0.752576694707,-0.658504607869));
#3942 = ( GEOMETRIC_REPRESENTATION_CONTEXT(2) 
PARAMETRIC_REPRESENTATION_CONTEXT() REPRESENTATION_CONTEXT('2D SPACE',''
  ) );
#3943 = PCURVE('',#3944,#3949);
#3944 = PLANE('',#3945);
#3945 = AXIS2_PLACEMENT_3D('',#3946,#3947,#3948);
#3946 = CARTESIAN_POINT('',(20.,125.,210.));
#3947 = DIRECTION('',(0.,0.752576694707,0.658504607869));
#3948 = DIRECTION('',(0.,-0.658504607869,0.752576694707));
#3949 = DEFINITIONAL_REPRESENTATION('',(#3950),#3954);
#3950 = LINE('',#3951,#3952);
#3951 = CARTESIAN_POINT('',(0.,0.));
#3952 = VECTOR('',#3953,1.);
#3953 = DIRECTION('',(1.,0.));
#3954 = ( GEOMETRIC_REPRESENTATION_CONTEXT(2) 
PARAMETRIC_REPRESENTATION_CONTEXT() REPRESENTATION_CONTEXT('2D SPACE',''
  ) );
#3955 = ORIENTED_EDGE('',*,*,#3956,.T.);
#3956 = EDGE_CURVE('',#3929,#3767,#3957,.T.);
#3957 = SURFACE_CURVE('',#3958,(#3962,#3969),.PCURVE_S1.);
#3958 = LINE('',#3959,#3960);
#3959 = CARTESIAN_POINT('',(20.,72.5,270.));
#3960 = VECTOR('',#3961,1.);
#3961 = DIRECTION('',(-0.,-0.658504607869,-0.752576694707));
#3962 = PCURVE('',#3689,#3963);
#3963 = DEFINITIONAL_REPRESENTATION('',(#3964),#3968);
#3964 = LINE('',#3965,#3966);
#3965 = CARTESIAN_POINT('',(-139.5504079328,0.));
#3966 = VECTOR('',#3967,1.);
#3967 = DIRECTION('',(0.752576694707,-0.658504607869));
#3968 = ( GEOMETRIC_REPRESENTATION_CONTEXT(2) 
PARAMETRIC_REPRESENTATION_CONTEXT() REPRESENTATION_CONTEXT('2D SPACE',''
  ) );
#3969 = PCURVE('',#3784,#3970);
#3970 = DEFINITIONAL_REPRESENTATION('',(#3971),#3975);
#3971 = LINE('',#3972,#3973);
#3972 = CARTESIAN_POINT('',(-0.,0.));
#3973 = VECTOR('',#3974,1.);
#3974 = DIRECTION('',(1.,-0.));
#3975 = ( GEOMETRIC_REPRESENTATION_CONTEXT(2) 
PARAMETRIC_REPRESENTATION_CONTEXT() REPRESENTATION_CONTEXT('2D SPACE',''
  ) );
#3976 = ORIENTED_EDGE('',*,*,#3818,.T.);
#3977 = ADVANCED_FACE('',(#3978),#3635,.F.);
#3978 = FACE_BOUND('',#3979,.F.);
#3979 = EDGE_LOOP('',(#3980,#3981,#4004,#4027,#4048));
#3980 = ORIENTED_EDGE('',*,*,#3619,.T.);
#3981 = ORIENTED_EDGE('',*,*,#3982,.T.);
#3982 = EDGE_CURVE('',#3620,#3983,#3985,.T.);
#3983 = VERTEX_POINT('',#3984);
#3984 = CARTESIAN_POINT('',(0.,125.,210.));
#3985 = SURFACE_CURVE('',#3986,(#3990,#3997),.PCURVE_S1.);
#3986 = LINE('',#3987,#3988);
#3987 = CARTESIAN_POINT('',(0.,125.,20.));
#3988 = VECTOR('',#3989,1.);
#3989 = DIRECTION('',(0.,0.,1.));
#3990 = PCURVE('',#3635,#3991);
#3991 = DEFINITIONAL_REPRESENTATION('',(#3992),#3996);
#3992 = LINE('',#3993,#3994);
#3993 = CARTESIAN_POINT('',(110.44959206714,52.5));
#3994 = VECTOR('',#3995,1.);
#3995 = DIRECTION('',(-1.,0.));
#3996 = ( GEOMETRIC_REPRESENTATION_CONTEXT(2) 
PARAMETRIC_REPRESENTATION_CONTEXT() REPRESENTATION_CONTEXT('2D SPACE',''
  ) );
#3997 = PCURVE('',#3663,#3998);
#3998 = DEFINITIONAL_REPRESENTATION('',(#3999),#4003);
#3999 = LINE('',#4000,#4001);
#4000 = CARTESIAN_POINT('',(0.,-20.));
#4001 = VECTOR('',#4002,1.);
#4002 = DIRECTION('',(1.,0.));
#4003 = ( GEOMETRIC_REPRESENTATION_CONTEXT(2) 
PARAMETRIC_REPRESENTATION_CONTEXT() REPRESENTATION_CONTEXT('2D SPACE',''
  ) );
#4004 = ORIENTED_EDGE('',*,*,#4005,.T.);
#4005 = EDGE_CURVE('',#3983,#4006,#4008,.T.);
#4006 = VERTEX_POINT('',#4007);
#4007 = CARTESIAN_POINT('',(0.,72.5,270.));
#4008 = SURFACE_CURVE('',#4009,(#4013,#4020),.PCURVE_S1.);
#4009 = LINE('',#4010,#4011);
#4010 = CARTESIAN_POINT('',(0.,125.,210.));
#4011 = VECTOR('',#4012,1.);
#4012 = DIRECTION('',(0.,-0.658504607869,0.752576694707));
#4013 = PCURVE('',#3635,#4014);
#4014 = DEFINITIONAL_REPRESENTATION('',(#4015),#4019);
#4015 = LINE('',#4016,#4017);
#4016 = CARTESIAN_POINT('',(-79.55040793286,52.5));
#4017 = VECTOR('',#4018,1.);
#4018 = DIRECTION('',(-0.752576694707,-0.658504607869));
#4019 = ( GEOMETRIC_REPRESENTATION_CONTEXT(2) 
PARAMETRIC_REPRESENTATION_CONTEXT() REPRESENTATION_CONTEXT('2D SPACE',''
  ) );
#4020 = PCURVE('',#3944,#4021);
#4021 = DEFINITIONAL_REPRESENTATION('',(#4022),#4026);
#4022 = LINE('',#4023,#4024);
#4023 = CARTESIAN_POINT('',(0.,-20.));
#4024 = VECTOR('',#4025,1.);
#4025 = DIRECTION('',(1.,0.));
#4026 = ( GEOMETRIC_REPRESENTATION_CONTEXT(2) 
PARAMETRIC_REPRESENTATION_CONTEXT() REPRESENTATION_CONTEXT('2D SPACE',''
  ) );
#4027 = ORIENTED_EDGE('',*,*,#4028,.T.);
#4028 = EDGE_CURVE('',#4006,#3769,#4029,.T.);
#4029 = SURFACE_CURVE('',#4030,(#4034,#4041),.PCURVE_S1.);
#4030 = LINE('',#4031,#4032);
#4031 = CARTESIAN_POINT('',(0.,72.5,270.));
#4032 = VECTOR('',#4033,1.);
#4033 = DIRECTION('',(-0.,-0.658504607869,-0.752576694707));
#4034 = PCURVE('',#3635,#4035);
#4035 = DEFINITIONAL_REPRESENTATION('',(#4036),#4040);
#4036 = LINE('',#4037,#4038);
#4037 = CARTESIAN_POINT('',(-139.5504079328,0.));
#4038 = VECTOR('',#4039,1.);
#4039 = DIRECTION('',(0.752576694707,-0.658504607869));
#4040 = ( GEOMETRIC_REPRESENTATION_CONTEXT(2) 
PARAMETRIC_REPRESENTATION_CONTEXT() REPRESENTATION_CONTEXT('2D SPACE',''
  ) );
#4041 = PCURVE('',#3784,#4042);
#4042 = DEFINITIONAL_REPRESENTATION('',(#4043),#4047);
#4043 = LINE('',#4044,#4045);
#4044 = CARTESIAN_POINT('',(0.,-20.));
#4045 = VECTOR('',#4046,1.);
#4046 = DIRECTION('',(1.,-0.));
#4047 = ( GEOMETRIC_REPRESENTATION_CONTEXT(2) 
PARAMETRIC_REPRESENTATION_CONTEXT() REPRESENTATION_CONTEXT('2D SPACE',''
  ) );
#4048 = ORIENTED_EDGE('',*,*,#3796,.T.);
#4049 = ADVANCED_FACE('',(#4050,#4076,#4107),#3663,.T.);
#4050 = FACE_BOUND('',#4051,.T.);
#4051 = EDGE_LOOP('',(#4052,#4053,#4054,#4075));
#4052 = ORIENTED_EDGE('',*,*,#3647,.T.);
#4053 = ORIENTED_EDGE('',*,*,#3982,.T.);
#4054 = ORIENTED_EDGE('',*,*,#4055,.F.);
#4055 = EDGE_CURVE('',#3906,#3983,#4056,.T.);
#4056 = SURFACE_CURVE('',#4057,(#4061,#4068),.PCURVE_S1.);
#4057 = LINE('',#4058,#4059);
#4058 = CARTESIAN_POINT('',(20.,125.,210.));
#4059 = VECTOR('',#4060,1.);
#4060 = DIRECTION('',(-1.,0.,0.));
#4061 = PCURVE('',#3663,#4062);
#4062 = DEFINITIONAL_REPRESENTATION('',(#4063),#4067);
#4063 = LINE('',#4064,#4065);
#4064 = CARTESIAN_POINT('',(190.,0.));
#4065 = VECTOR('',#4066,1.);
#4066 = DIRECTION('',(0.,-1.));
#4067 = ( GEOMETRIC_REPRESENTATION_CONTEXT(2) 
PARAMETRIC_REPRESENTATION_CONTEXT() REPRESENTATION_CONTEXT('2D SPACE',''
  ) );
#4068 = PCURVE('',#3944,#4069);
#4069 = DEFINITIONAL_REPRESENTATION('',(#4070),#4074);
#4070 = LINE('',#4071,#4072);
#4071 = CARTESIAN_POINT('',(0.,0.));
#4072 = VECTOR('',#4073,1.);
#4073 = DIRECTION('',(0.,-1.));
#4074 = ( GEOMETRIC_REPRESENTATION_CONTEXT(2) 
PARAMETRIC_REPRESENTATION_CONTEXT() REPRESENTATION_CONTEXT('2D SPACE',''
  ) );
#4075 = ORIENTED_EDGE('',*,*,#3905,.F.);
#4076 = FACE_BOUND('',#4077,.T.);
#4077 = EDGE_LOOP('',(#4078));
#4078 = ORIENTED_EDGE('',*,*,#4079,.F.);
#4079 = EDGE_CURVE('',#4080,#4080,#4082,.T.);
#4080 = VERTEX_POINT('',#4081);
#4081 = CARTESIAN_POINT('',(10.,125.,46.25));
#4082 = SURFACE_CURVE('',#4083,(#4088,#4095),.PCURVE_S1.);
#4083 = CIRCLE('',#4084,1.25);
#4084 = AXIS2_PLACEMENT_3D('',#4085,#4086,#4087);
#4085 = CARTESIAN_POINT('',(10.,125.,45.));
#4086 = DIRECTION('',(-0.,1.,0.));
#4087 = DIRECTION('',(0.,0.,1.));
#4088 = PCURVE('',#3663,#4089);
#4089 = DEFINITIONAL_REPRESENTATION('',(#4090),#4094);
#4090 = CIRCLE('',#4091,1.25);
#4091 = AXIS2_PLACEMENT_2D('',#4092,#4093);
#4092 = CARTESIAN_POINT('',(25.,-10.));
#4093 = DIRECTION('',(1.,0.));
#4094 = ( GEOMETRIC_REPRESENTATION_CONTEXT(2) 
PARAMETRIC_REPRESENTATION_CONTEXT() REPRESENTATION_CONTEXT('2D SPACE',''
  ) );
#4095 = PCURVE('',#4096,#4101);
#4096 = CYLINDRICAL_SURFACE('',#4097,1.25);
#4097 = AXIS2_PLACEMENT_3D('',#4098,#4099,#4100);
#4098 = CARTESIAN_POINT('',(10.,125.05,45.));
#4099 = DIRECTION('',(-0.,1.,-0.));
#4100 = DIRECTION('',(0.,0.,1.));
#4101 = DEFINITIONAL_REPRESENTATION('',(#4102),#4106);
#4102 = LINE('',#4103,#4104);
#4103 = CARTESIAN_POINT('',(-6.28318530718,-5.E-02));
#4104 = VECTOR('',#4105,1.);
#4105 = DIRECTION('',(1.,-0.));
#4106 = ( GEOMETRIC_REPRESENTATION_CONTEXT(2) 
PARAMETRIC_REPRESENTATION_CONTEXT() REPRESENTATION_CONTEXT('2D SPACE',''
  ) );
#4107 = FACE_BOUND('',#4108,.T.);
#4108 = EDGE_LOOP('',(#4109));
#4109 = ORIENTED_EDGE('',*,*,#4110,.F.);
#4110 = EDGE_CURVE('',#4111,#4111,#4113,.T.);
#4111 = VERTEX_POINT('',#4112);
#4112 = CARTESIAN_POINT('',(10.,125.,141.25));
#4113 = SURFACE_CURVE('',#4114,(#4119,#4126),.PCURVE_S1.);
#4114 = CIRCLE('',#4115,1.25);
#4115 = AXIS2_PLACEMENT_3D('',#4116,#4117,#4118);
#4116 = CARTESIAN_POINT('',(10.,125.,140.));
#4117 = DIRECTION('',(-0.,1.,0.));
#4118 = DIRECTION('',(0.,0.,1.));
#4119 = PCURVE('',#3663,#4120);
#4120 = DEFINITIONAL_REPRESENTATION('',(#4121),#4125);
#4121 = CIRCLE('',#4122,1.25);
#4122 = AXIS2_PLACEMENT_2D('',#4123,#4124);
#4123 = CARTESIAN_POINT('',(120.,-10.));
#4124 = DIRECTION('',(1.,0.));
#4125 = ( GEOMETRIC_REPRESENTATION_CONTEXT(2) 
PARAMETRIC_REPRESENTATION_CONTEXT() REPRESENTATION_CONTEXT('2D SPACE',''
  ) );
#4126 = PCURVE('',#4127,#4132);
#4127 = CYLINDRICAL_SURFACE('',#4128,1.25);
#4128 = AXIS2_PLACEMENT_3D('',#4129,#4130,#4131);
#4129 = CARTESIAN_POINT('',(10.,125.05,140.));
#4130 = DIRECTION('',(-0.,1.,-0.));
#4131 = DIRECTION('',(0.,0.,1.));
#4132 = DEFINITIONAL_REPRESENTATION('',(#4133),#4137);
#4133 = LINE('',#4134,#4135);
#4134 = CARTESIAN_POINT('',(-6.28318530718,-5.E-02));
#4135 = VECTOR('',#4136,1.);
#4136 = DIRECTION('',(1.,-0.));
#4137 = ( GEOMETRIC_REPRESENTATION_CONTEXT(2) 
PARAMETRIC_REPRESENTATION_CONTEXT() REPRESENTATION_CONTEXT('2D SPACE',''
  ) );
#4138 = ADVANCED_FACE('',(#4139),#3720,.F.);
#4139 = FACE_BOUND('',#4140,.T.);
#4140 = EDGE_LOOP('',(#4141,#4142,#4165,#4192));
#4141 = ORIENTED_EDGE('',*,*,#3703,.T.);
#4142 = ORIENTED_EDGE('',*,*,#4143,.T.);
#4143 = EDGE_CURVE('',#3704,#4144,#4146,.T.);
#4144 = VERTEX_POINT('',#4145);
#4145 = CARTESIAN_POINT('',(11.25,45.,32.05));
#4146 = SEAM_CURVE('',#4147,(#4151,#4158),.PCURVE_S1.);
#4147 = LINE('',#4148,#4149);
#4148 = CARTESIAN_POINT('',(11.25,45.,19.95));
#4149 = VECTOR('',#4150,1.);
#4150 = DIRECTION('',(0.,0.,1.));
#4151 = PCURVE('',#3720,#4152);
#4152 = DEFINITIONAL_REPRESENTATION('',(#4153),#4157);
#4153 = LINE('',#4154,#4155);
#4154 = CARTESIAN_POINT('',(-6.28318530718,0.));
#4155 = VECTOR('',#4156,1.);
#4156 = DIRECTION('',(-0.,-1.));
#4157 = ( GEOMETRIC_REPRESENTATION_CONTEXT(2) 
PARAMETRIC_REPRESENTATION_CONTEXT() REPRESENTATION_CONTEXT('2D SPACE',''
  ) );
#4158 = PCURVE('',#3720,#4159);
#4159 = DEFINITIONAL_REPRESENTATION('',(#4160),#4164);
#4160 = LINE('',#4161,#4162);
#4161 = CARTESIAN_POINT('',(-0.,0.));
#4162 = VECTOR('',#4163,1.);
#4163 = DIRECTION('',(-0.,-1.));
#4164 = ( GEOMETRIC_REPRESENTATION_CONTEXT(2) 
PARAMETRIC_REPRESENTATION_CONTEXT() REPRESENTATION_CONTEXT('2D SPACE',''
  ) );
#4165 = ORIENTED_EDGE('',*,*,#4166,.T.);
#4166 = EDGE_CURVE('',#4144,#4144,#4167,.T.);
#4167 = SURFACE_CURVE('',#4168,(#4173,#4180),.PCURVE_S1.);
#4168 = CIRCLE('',#4169,1.25);
#4169 = AXIS2_PLACEMENT_3D('',#4170,#4171,#4172);
#4170 = CARTESIAN_POINT('',(10.,45.,32.05));
#4171 = DIRECTION('',(0.,0.,1.));
#4172 = DIRECTION('',(1.,0.,0.));
#4173 = PCURVE('',#3720,#4174);
#4174 = DEFINITIONAL_REPRESENTATION('',(#4175),#4179);
#4175 = LINE('',#4176,#4177);
#4176 = CARTESIAN_POINT('',(-0.,-12.1));
#4177 = VECTOR('',#4178,1.);
#4178 = DIRECTION('',(-1.,0.));
#4179 = ( GEOMETRIC_REPRESENTATION_CONTEXT(2) 
PARAMETRIC_REPRESENTATION_CONTEXT() REPRESENTATION_CONTEXT('2D SPACE',''
  ) );
#4180 = PCURVE('',#4181,#4186);
#4181 = PLANE('',#4182);
#4182 = AXIS2_PLACEMENT_3D('',#4183,#4184,#4185);
#4183 = CARTESIAN_POINT('',(10.,45.,32.05));
#4184 = DIRECTION('',(0.,0.,1.));
#4185 = DIRECTION('',(1.,0.,-0.));
#4186 = DEFINITIONAL_REPRESENTATION('',(#4187),#4191);
#4187 = CIRCLE('',#4188,1.25);
#4188 = AXIS2_PLACEMENT_2D('',#4189,#4190);
#4189 = CARTESIAN_POINT('',(0.,0.));
#4190 = DIRECTION('',(1.,0.));
#4191 = ( GEOMETRIC_REPRESENTATION_CONTEXT(2) 
PARAMETRIC_REPRESENTATION_CONTEXT() REPRESENTATION_CONTEXT('2D SPACE',''
  ) );
#4192 = ORIENTED_EDGE('',*,*,#4143,.F.);
#4193 = ADVANCED_FACE('',(#4194),#3751,.F.);
#4194 = FACE_BOUND('',#4195,.T.);
#4195 = EDGE_LOOP('',(#4196,#4197,#4220,#4247));
#4196 = ORIENTED_EDGE('',*,*,#3734,.T.);
#4197 = ORIENTED_EDGE('',*,*,#4198,.T.);
#4198 = EDGE_CURVE('',#3735,#4199,#4201,.T.);
#4199 = VERTEX_POINT('',#4200);
#4200 = CARTESIAN_POINT('',(11.25,100.,32.05));
#4201 = SEAM_CURVE('',#4202,(#4206,#4213),.PCURVE_S1.);
#4202 = LINE('',#4203,#4204);
#4203 = CARTESIAN_POINT('',(11.25,100.,19.95));
#4204 = VECTOR('',#4205,1.);
#4205 = DIRECTION('',(0.,0.,1.));
#4206 = PCURVE('',#3751,#4207);
#4207 = DEFINITIONAL_REPRESENTATION('',(#4208),#4212);
#4208 = LINE('',#4209,#4210);
#4209 = CARTESIAN_POINT('',(-6.28318530718,0.));
#4210 = VECTOR('',#4211,1.);
#4211 = DIRECTION('',(-0.,-1.));
#4212 = ( GEOMETRIC_REPRESENTATION_CONTEXT(2) 
PARAMETRIC_REPRESENTATION_CONTEXT() REPRESENTATION_CONTEXT('2D SPACE',''
  ) );
#4213 = PCURVE('',#3751,#4214);
#4214 = DEFINITIONAL_REPRESENTATION('',(#4215),#4219);
#4215 = LINE('',#4216,#4217);
#4216 = CARTESIAN_POINT('',(-0.,0.));
#4217 = VECTOR('',#4218,1.);
#4218 = DIRECTION('',(-0.,-1.));
#4219 = ( GEOMETRIC_REPRESENTATION_CONTEXT(2) 
PARAMETRIC_REPRESENTATION_CONTEXT() REPRESENTATION_CONTEXT('2D SPACE',''
  ) );
#4220 = ORIENTED_EDGE('',*,*,#4221,.T.);
#4221 = EDGE_CURVE('',#4199,#4199,#4222,.T.);
#4222 = SURFACE_CURVE('',#4223,(#4228,#4235),.PCURVE_S1.);
#4223 = CIRCLE('',#4224,1.25);
#4224 = AXIS2_PLACEMENT_3D('',#4225,#4226,#4227);
#4225 = CARTESIAN_POINT('',(10.,100.,32.05));
#4226 = DIRECTION('',(0.,0.,1.));
#4227 = DIRECTION('',(1.,0.,0.));
#4228 = PCURVE('',#3751,#4229);
#4229 = DEFINITIONAL_REPRESENTATION('',(#4230),#4234);
#4230 = LINE('',#4231,#4232);
#4231 = CARTESIAN_POINT('',(-0.,-12.1));
#4232 = VECTOR('',#4233,1.);
#4233 = DIRECTION('',(-1.,0.));
#4234 = ( GEOMETRIC_REPRESENTATION_CONTEXT(2) 
PARAMETRIC_REPRESENTATION_CONTEXT() REPRESENTATION_CONTEXT('2D SPACE',''
  ) );
#4235 = PCURVE('',#4236,#4241);
#4236 = PLANE('',#4237);
#4237 = AXIS2_PLACEMENT_3D('',#4238,#4239,#4240);
#4238 = CARTESIAN_POINT('',(10.,100.,32.05));
#4239 = DIRECTION('',(0.,0.,1.));
#4240 = DIRECTION('',(1.,0.,-0.));
#4241 = DEFINITIONAL_REPRESENTATION('',(#4242),#4246);
#4242 = CIRCLE('',#4243,1.25);
#4243 = AXIS2_PLACEMENT_2D('',#4244,#4245);
#4244 = CARTESIAN_POINT('',(0.,-1.42108547152E-14));
#4245 = DIRECTION('',(1.,0.));
#4246 = ( GEOMETRIC_REPRESENTATION_CONTEXT(2) 
PARAMETRIC_REPRESENTATION_CONTEXT() REPRESENTATION_CONTEXT('2D SPACE',''
  ) );
#4247 = ORIENTED_EDGE('',*,*,#4198,.F.);
#4248 = ADVANCED_FACE('',(#4249),#3784,.T.);
#4249 = FACE_BOUND('',#4250,.T.);
#4250 = EDGE_LOOP('',(#4251,#4252,#4275,#4315,#4336,#4337));
#4251 = ORIENTED_EDGE('',*,*,#3956,.F.);
#4252 = ORIENTED_EDGE('',*,*,#4253,.T.);
#4253 = EDGE_CURVE('',#3929,#4254,#4256,.T.);
#4254 = VERTEX_POINT('',#4255);
#4255 = CARTESIAN_POINT('',(11.25,72.5,270.));
#4256 = SURFACE_CURVE('',#4257,(#4261,#4268),.PCURVE_S1.);
#4257 = LINE('',#4258,#4259);
#4258 = CARTESIAN_POINT('',(20.,72.5,270.));
#4259 = VECTOR('',#4260,1.);
#4260 = DIRECTION('',(-1.,0.,0.));
#4261 = PCURVE('',#3784,#4262);
#4262 = DEFINITIONAL_REPRESENTATION('',(#4263),#4267);
#4263 = LINE('',#4264,#4265);
#4264 = CARTESIAN_POINT('',(-0.,0.));
#4265 = VECTOR('',#4266,1.);
#4266 = DIRECTION('',(0.,-1.));
#4267 = ( GEOMETRIC_REPRESENTATION_CONTEXT(2) 
PARAMETRIC_REPRESENTATION_CONTEXT() REPRESENTATION_CONTEXT('2D SPACE',''
  ) );
#4268 = PCURVE('',#3944,#4269);
#4269 = DEFINITIONAL_REPRESENTATION('',(#4270),#4274);
#4270 = LINE('',#4271,#4272);
#4271 = CARTESIAN_POINT('',(79.72609359551,0.));
#4272 = VECTOR('',#4273,1.);
#4273 = DIRECTION('',(0.,-1.));
#4274 = ( GEOMETRIC_REPRESENTATION_CONTEXT(2) 
PARAMETRIC_REPRESENTATION_CONTEXT() REPRESENTATION_CONTEXT('2D SPACE',''
  ) );
#4275 = ORIENTED_EDGE('',*,*,#4276,.F.);
#4276 = EDGE_CURVE('',#4277,#4254,#4279,.T.);
#4277 = VERTEX_POINT('',#4278);
#4278 = CARTESIAN_POINT('',(8.75,72.5,270.));
#4279 = SURFACE_CURVE('',#4280,(#4285,#4292),.PCURVE_S1.);
#4280 = ELLIPSE('',#4281,1.898240323703,1.25);
#4281 = AXIS2_PLACEMENT_3D('',#4282,#4283,#4284);
#4282 = CARTESIAN_POINT('',(10.,72.5,270.));
#4283 = DIRECTION('',(0.,-0.752576694707,0.658504607869));
#4284 = DIRECTION('',(-0.,0.658504607869,0.752576694707));
#4285 = PCURVE('',#3784,#4286);
#4286 = DEFINITIONAL_REPRESENTATION('',(#4287),#4291);
#4287 = ELLIPSE('',#4288,1.898240323703,1.25);
#4288 = AXIS2_PLACEMENT_2D('',#4289,#4290);
#4289 = CARTESIAN_POINT('',(0.,-10.));
#4290 = DIRECTION('',(-1.,0.));
#4291 = ( GEOMETRIC_REPRESENTATION_CONTEXT(2) 
PARAMETRIC_REPRESENTATION_CONTEXT() REPRESENTATION_CONTEXT('2D SPACE',''
  ) );
#4292 = PCURVE('',#4293,#4298);
#4293 = CYLINDRICAL_SURFACE('',#4294,1.25);
#4294 = AXIS2_PLACEMENT_3D('',#4295,#4296,#4297);
#4295 = CARTESIAN_POINT('',(10.,72.5,270.05));
#4296 = DIRECTION('',(-0.,-0.,1.));
#4297 = DIRECTION('',(1.,0.,0.));
#4298 = DEFINITIONAL_REPRESENTATION('',(#4299),#4314);
#4299 = B_SPLINE_CURVE_WITH_KNOTS('',7,(#4300,#4301,#4302,#4303,#4304,
    #4305,#4306,#4307,#4308,#4309,#4310,#4311,#4312,#4313),
  .UNSPECIFIED.,.F.,.F.,(8,6,8),(1.535788756762,3.124088868573,
    4.712388980385),.UNSPECIFIED.);
#4300 = CARTESIAN_POINT('',(-3.176600223623,6.000000212225E-07));
#4301 = CARTESIAN_POINT('',(-2.94970020765,-0.32394367684));
#4302 = CARTESIAN_POINT('',(-2.722800191676,-0.650889822715));
#4303 = CARTESIAN_POINT('',(-2.495900175703,-0.953608340466));
#4304 = CARTESIAN_POINT('',(-2.269000159732,-1.204439010218));
#4305 = CARTESIAN_POINT('',(-2.042100143757,-1.381211263997));
#4306 = CARTESIAN_POINT('',(-1.815200127784,-1.472679151955));
#4307 = CARTESIAN_POINT('',(-1.361400095838,-1.484026027091));
#4308 = CARTESIAN_POINT('',(-1.134500079865,-1.403904964051));
#4309 = CARTESIAN_POINT('',(-0.907600063892,-1.237525726929));
#4310 = CARTESIAN_POINT('',(-0.680700047919,-0.995178607707));
#4311 = CARTESIAN_POINT('',(-0.453800031946,-0.698284325334));
#4312 = CARTESIAN_POINT('',(-0.226900015973,-0.374142879962));
#4313 = CARTESIAN_POINT('',(0.,-5.000000000001E-02));
#4314 = ( GEOMETRIC_REPRESENTATION_CONTEXT(2) 
PARAMETRIC_REPRESENTATION_CONTEXT() REPRESENTATION_CONTEXT('2D SPACE',''
  ) );
#4315 = ORIENTED_EDGE('',*,*,#4316,.T.);
#4316 = EDGE_CURVE('',#4277,#4006,#4317,.T.);
#4317 = SURFACE_CURVE('',#4318,(#4322,#4329),.PCURVE_S1.);
#4318 = LINE('',#4319,#4320);
#4319 = CARTESIAN_POINT('',(20.,72.5,270.));
#4320 = VECTOR('',#4321,1.);
#4321 = DIRECTION('',(-1.,0.,0.));
#4322 = PCURVE('',#3784,#4323);
#4323 = DEFINITIONAL_REPRESENTATION('',(#4324),#4328);
#4324 = LINE('',#4325,#4326);
#4325 = CARTESIAN_POINT('',(-0.,0.));
#4326 = VECTOR('',#4327,1.);
#4327 = DIRECTION('',(0.,-1.));
#4328 = ( GEOMETRIC_REPRESENTATION_CONTEXT(2) 
PARAMETRIC_REPRESENTATION_CONTEXT() REPRESENTATION_CONTEXT('2D SPACE',''
  ) );
#4329 = PCURVE('',#3944,#4330);
#4330 = DEFINITIONAL_REPRESENTATION('',(#4331),#4335);
#4331 = LINE('',#4332,#4333);
#4332 = CARTESIAN_POINT('',(79.72609359551,0.));
#4333 = VECTOR('',#4334,1.);
#4334 = DIRECTION('',(0.,-1.));
#4335 = ( GEOMETRIC_REPRESENTATION_CONTEXT(2) 
PARAMETRIC_REPRESENTATION_CONTEXT() REPRESENTATION_CONTEXT('2D SPACE',''
  ) );
#4336 = ORIENTED_EDGE('',*,*,#4028,.T.);
#4337 = ORIENTED_EDGE('',*,*,#3766,.F.);
#4338 = ADVANCED_FACE('',(#4339),#3858,.F.);
#4339 = FACE_BOUND('',#4340,.T.);
#4340 = EDGE_LOOP('',(#4341,#4342,#4365,#4392));
#4341 = ORIENTED_EDGE('',*,*,#3841,.T.);
#4342 = ORIENTED_EDGE('',*,*,#4343,.T.);
#4343 = EDGE_CURVE('',#3842,#4344,#4346,.T.);
#4344 = VERTEX_POINT('',#4345);
#4345 = CARTESIAN_POINT('',(10.,32.05,141.25));
#4346 = SEAM_CURVE('',#4347,(#4351,#4358),.PCURVE_S1.);
#4347 = LINE('',#4348,#4349);
#4348 = CARTESIAN_POINT('',(10.,19.95,141.25));
#4349 = VECTOR('',#4350,1.);
#4350 = DIRECTION('',(0.,1.,0.));
#4351 = PCURVE('',#3858,#4352);
#4352 = DEFINITIONAL_REPRESENTATION('',(#4353),#4357);
#4353 = LINE('',#4354,#4355);
#4354 = CARTESIAN_POINT('',(-6.28318530718,0.));
#4355 = VECTOR('',#4356,1.);
#4356 = DIRECTION('',(-0.,-1.));
#4357 = ( GEOMETRIC_REPRESENTATION_CONTEXT(2) 
PARAMETRIC_REPRESENTATION_CONTEXT() REPRESENTATION_CONTEXT('2D SPACE',''
  ) );
#4358 = PCURVE('',#3858,#4359);
#4359 = DEFINITIONAL_REPRESENTATION('',(#4360),#4364);
#4360 = LINE('',#4361,#4362);
#4361 = CARTESIAN_POINT('',(-0.,0.));
#4362 = VECTOR('',#4363,1.);
#4363 = DIRECTION('',(-0.,-1.));
#4364 = ( GEOMETRIC_REPRESENTATION_CONTEXT(2) 
PARAMETRIC_REPRESENTATION_CONTEXT() REPRESENTATION_CONTEXT('2D SPACE',''
  ) );
#4365 = ORIENTED_EDGE('',*,*,#4366,.T.);
#4366 = EDGE_CURVE('',#4344,#4344,#4367,.T.);
#4367 = SURFACE_CURVE('',#4368,(#4373,#4380),.PCURVE_S1.);
#4368 = CIRCLE('',#4369,1.25);
#4369 = AXIS2_PLACEMENT_3D('',#4370,#4371,#4372);
#4370 = CARTESIAN_POINT('',(10.,32.05,140.));
#4371 = DIRECTION('',(0.,1.,0.));
#4372 = DIRECTION('',(0.,0.,1.));
#4373 = PCURVE('',#3858,#4374);
#4374 = DEFINITIONAL_REPRESENTATION('',(#4375),#4379);
#4375 = LINE('',#4376,#4377);
#4376 = CARTESIAN_POINT('',(-0.,-12.1));
#4377 = VECTOR('',#4378,1.);
#4378 = DIRECTION('',(-1.,0.));
#4379 = ( GEOMETRIC_REPRESENTATION_CONTEXT(2) 
PARAMETRIC_REPRESENTATION_CONTEXT() REPRESENTATION_CONTEXT('2D SPACE',''
  ) );
#4380 = PCURVE('',#4381,#4386);
#4381 = PLANE('',#4382);
#4382 = AXIS2_PLACEMENT_3D('',#4383,#4384,#4385);
#4383 = CARTESIAN_POINT('',(10.,32.05,140.));
#4384 = DIRECTION('',(0.,1.,0.));
#4385 = DIRECTION('',(0.,-0.,1.));
#4386 = DEFINITIONAL_REPRESENTATION('',(#4387),#4391);
#4387 = CIRCLE('',#4388,1.25);
#4388 = AXIS2_PLACEMENT_2D('',#4389,#4390);
#4389 = CARTESIAN_POINT('',(0.,1.7763568394E-15));
#4390 = DIRECTION('',(1.,0.));
#4391 = ( GEOMETRIC_REPRESENTATION_CONTEXT(2) 
PARAMETRIC_REPRESENTATION_CONTEXT() REPRESENTATION_CONTEXT('2D SPACE',''
  ) );
#4392 = ORIENTED_EDGE('',*,*,#4343,.F.);
#4393 = ADVANCED_FACE('',(#4394),#3889,.F.);
#4394 = FACE_BOUND('',#4395,.T.);
#4395 = EDGE_LOOP('',(#4396,#4397,#4420,#4447));
#4396 = ORIENTED_EDGE('',*,*,#3872,.T.);
#4397 = ORIENTED_EDGE('',*,*,#4398,.T.);
#4398 = EDGE_CURVE('',#3873,#4399,#4401,.T.);
#4399 = VERTEX_POINT('',#4400);
#4400 = CARTESIAN_POINT('',(10.,32.05,46.25));
#4401 = SEAM_CURVE('',#4402,(#4406,#4413),.PCURVE_S1.);
#4402 = LINE('',#4403,#4404);
#4403 = CARTESIAN_POINT('',(10.,19.95,46.25));
#4404 = VECTOR('',#4405,1.);
#4405 = DIRECTION('',(0.,1.,0.));
#4406 = PCURVE('',#3889,#4407);
#4407 = DEFINITIONAL_REPRESENTATION('',(#4408),#4412);
#4408 = LINE('',#4409,#4410);
#4409 = CARTESIAN_POINT('',(-6.28318530718,0.));
#4410 = VECTOR('',#4411,1.);
#4411 = DIRECTION('',(-0.,-1.));
#4412 = ( GEOMETRIC_REPRESENTATION_CONTEXT(2) 
PARAMETRIC_REPRESENTATION_CONTEXT() REPRESENTATION_CONTEXT('2D SPACE',''
  ) );
#4413 = PCURVE('',#3889,#4414);
#4414 = DEFINITIONAL_REPRESENTATION('',(#4415),#4419);
#4415 = LINE('',#4416,#4417);
#4416 = CARTESIAN_POINT('',(-0.,0.));
#4417 = VECTOR('',#4418,1.);
#4418 = DIRECTION('',(-0.,-1.));
#4419 = ( GEOMETRIC_REPRESENTATION_CONTEXT(2) 
PARAMETRIC_REPRESENTATION_CONTEXT() REPRESENTATION_CONTEXT('2D SPACE',''
  ) );
#4420 = ORIENTED_EDGE('',*,*,#4421,.T.);
#4421 = EDGE_CURVE('',#4399,#4399,#4422,.T.);
#4422 = SURFACE_CURVE('',#4423,(#4428,#4435),.PCURVE_S1.);
#4423 = CIRCLE('',#4424,1.25);
#4424 = AXIS2_PLACEMENT_3D('',#4425,#4426,#4427);
#4425 = CARTESIAN_POINT('',(10.,32.05,45.));
#4426 = DIRECTION('',(0.,1.,0.));
#4427 = DIRECTION('',(0.,0.,1.));
#4428 = PCURVE('',#3889,#4429);
#4429 = DEFINITIONAL_REPRESENTATION('',(#4430),#4434);
#4430 = LINE('',#4431,#4432);
#4431 = CARTESIAN_POINT('',(-0.,-12.1));
#4432 = VECTOR('',#4433,1.);
#4433 = DIRECTION('',(-1.,0.));
#4434 = ( GEOMETRIC_REPRESENTATION_CONTEXT(2) 
PARAMETRIC_REPRESENTATION_CONTEXT() REPRESENTATION_CONTEXT('2D SPACE',''
  ) );
#4435 = PCURVE('',#4436,#4441);
#4436 = PLANE('',#4437);
#4437 = AXIS2_PLACEMENT_3D('',#4438,#4439,#4440);
#4438 = CARTESIAN_POINT('',(10.,32.05,45.));
#4439 = DIRECTION('',(0.,1.,0.));
#4440 = DIRECTION('',(0.,-0.,1.));
#4441 = DEFINITIONAL_REPRESENTATION('',(#4442),#4446);
#4442 = CIRCLE('',#4443,1.25);
#4443 = AXIS2_PLACEMENT_2D('',#4444,#4445);
#4444 = CARTESIAN_POINT('',(0.,1.7763568394E-15));
#4445 = DIRECTION('',(1.,0.));
#4446 = ( GEOMETRIC_REPRESENTATION_CONTEXT(2) 
PARAMETRIC_REPRESENTATION_CONTEXT() REPRESENTATION_CONTEXT('2D SPACE',''
  ) );
#4447 = ORIENTED_EDGE('',*,*,#4398,.F.);
#4448 = ADVANCED_FACE('',(#4449),#3944,.T.);
#4449 = FACE_BOUND('',#4450,.T.);
#4450 = EDGE_LOOP('',(#4451,#4452,#4453,#4454,#4455,#4488));
#4451 = ORIENTED_EDGE('',*,*,#3928,.F.);
#4452 = ORIENTED_EDGE('',*,*,#4055,.T.);
#4453 = ORIENTED_EDGE('',*,*,#4005,.T.);
#4454 = ORIENTED_EDGE('',*,*,#4316,.F.);
#4455 = ORIENTED_EDGE('',*,*,#4456,.F.);
#4456 = EDGE_CURVE('',#4254,#4277,#4457,.T.);
#4457 = SURFACE_CURVE('',#4458,(#4463,#4470),.PCURVE_S1.);
#4458 = ELLIPSE('',#4459,1.898240323703,1.25);
#4459 = AXIS2_PLACEMENT_3D('',#4460,#4461,#4462);
#4460 = CARTESIAN_POINT('',(10.,72.5,270.));
#4461 = DIRECTION('',(0.,0.752576694707,0.658504607869));
#4462 = DIRECTION('',(0.,-0.658504607869,0.752576694707));
#4463 = PCURVE('',#3944,#4464);
#4464 = DEFINITIONAL_REPRESENTATION('',(#4465),#4469);
#4465 = ELLIPSE('',#4466,1.898240323703,1.25);
#4466 = AXIS2_PLACEMENT_2D('',#4467,#4468);
#4467 = CARTESIAN_POINT('',(79.72609359551,-10.));
#4468 = DIRECTION('',(1.,0.));
#4469 = ( GEOMETRIC_REPRESENTATION_CONTEXT(2) 
PARAMETRIC_REPRESENTATION_CONTEXT() REPRESENTATION_CONTEXT('2D SPACE',''
  ) );
#4470 = PCURVE('',#4293,#4471);
#4471 = DEFINITIONAL_REPRESENTATION('',(#4472),#4487);
#4472 = B_SPLINE_CURVE_WITH_KNOTS('',7,(#4473,#4474,#4475,#4476,#4477,
    #4478,#4479,#4480,#4481,#4482,#4483,#4484,#4485,#4486),
  .UNSPECIFIED.,.F.,.F.,(8,6,8),(1.570796326795,3.159096438606,
    4.747396550418),.UNSPECIFIED.);
#4473 = CARTESIAN_POINT('',(-6.28318530718,-5.000000000001E-02));
#4474 = CARTESIAN_POINT('',(-6.056285291207,-0.374142879962));
#4475 = CARTESIAN_POINT('',(-5.829385275234,-0.698284325334));
#4476 = CARTESIAN_POINT('',(-5.60248525926,-0.995178607706));
#4477 = CARTESIAN_POINT('',(-5.375585243287,-1.23752572693));
#4478 = CARTESIAN_POINT('',(-5.148685227314,-1.40390496405));
#4479 = CARTESIAN_POINT('',(-4.921785211341,-1.484026027091));
#4480 = CARTESIAN_POINT('',(-4.467985179395,-1.472679151955));
#4481 = CARTESIAN_POINT('',(-4.241085163422,-1.381211263997));
#4482 = CARTESIAN_POINT('',(-4.014185147449,-1.204439010218));
#4483 = CARTESIAN_POINT('',(-3.787285131476,-0.953608340465));
#4484 = CARTESIAN_POINT('',(-3.560385115504,-0.650889822715));
#4485 = CARTESIAN_POINT('',(-3.33348509953,-0.32394367684));
#4486 = CARTESIAN_POINT('',(-3.106585083557,6.000000212225E-07));
#4487 = ( GEOMETRIC_REPRESENTATION_CONTEXT(2) 
PARAMETRIC_REPRESENTATION_CONTEXT() REPRESENTATION_CONTEXT('2D SPACE',''
  ) );
#4488 = ORIENTED_EDGE('',*,*,#4253,.F.);
#4489 = ADVANCED_FACE('',(#4490),#4096,.F.);
#4490 = FACE_BOUND('',#4491,.T.);
#4491 = EDGE_LOOP('',(#4492,#4493,#4516,#4543));
#4492 = ORIENTED_EDGE('',*,*,#4079,.T.);
#4493 = ORIENTED_EDGE('',*,*,#4494,.T.);
#4494 = EDGE_CURVE('',#4080,#4495,#4497,.T.);
#4495 = VERTEX_POINT('',#4496);
#4496 = CARTESIAN_POINT('',(10.,112.95,46.25));
#4497 = SEAM_CURVE('',#4498,(#4502,#4509),.PCURVE_S1.);
#4498 = LINE('',#4499,#4500);
#4499 = CARTESIAN_POINT('',(10.,125.05,46.25));
#4500 = VECTOR('',#4501,1.);
#4501 = DIRECTION('',(0.,-1.,0.));
#4502 = PCURVE('',#4096,#4503);
#4503 = DEFINITIONAL_REPRESENTATION('',(#4504),#4508);
#4504 = LINE('',#4505,#4506);
#4505 = CARTESIAN_POINT('',(-6.28318530718,0.));
#4506 = VECTOR('',#4507,1.);
#4507 = DIRECTION('',(-0.,-1.));
#4508 = ( GEOMETRIC_REPRESENTATION_CONTEXT(2) 
PARAMETRIC_REPRESENTATION_CONTEXT() REPRESENTATION_CONTEXT('2D SPACE',''
  ) );
#4509 = PCURVE('',#4096,#4510);
#4510 = DEFINITIONAL_REPRESENTATION('',(#4511),#4515);
#4511 = LINE('',#4512,#4513);
#4512 = CARTESIAN_POINT('',(-0.,0.));
#4513 = VECTOR('',#4514,1.);
#4514 = DIRECTION('',(-0.,-1.));
#4515 = ( GEOMETRIC_REPRESENTATION_CONTEXT(2) 
PARAMETRIC_REPRESENTATION_CONTEXT() REPRESENTATION_CONTEXT('2D SPACE',''
  ) );
#4516 = ORIENTED_EDGE('',*,*,#4517,.T.);
#4517 = EDGE_CURVE('',#4495,#4495,#4518,.T.);
#4518 = SURFACE_CURVE('',#4519,(#4524,#4531),.PCURVE_S1.);
#4519 = CIRCLE('',#4520,1.25);
#4520 = AXIS2_PLACEMENT_3D('',#4521,#4522,#4523);
#4521 = CARTESIAN_POINT('',(10.,112.95,45.));
#4522 = DIRECTION('',(0.,-1.,0.));
#4523 = DIRECTION('',(0.,0.,1.));
#4524 = PCURVE('',#4096,#4525);
#4525 = DEFINITIONAL_REPRESENTATION('',(#4526),#4530);
#4526 = LINE('',#4527,#4528);
#4527 = CARTESIAN_POINT('',(-0.,-12.1));
#4528 = VECTOR('',#4529,1.);
#4529 = DIRECTION('',(-1.,0.));
#4530 = ( GEOMETRIC_REPRESENTATION_CONTEXT(2) 
PARAMETRIC_REPRESENTATION_CONTEXT() REPRESENTATION_CONTEXT('2D SPACE',''
  ) );
#4531 = PCURVE('',#4532,#4537);
#4532 = PLANE('',#4533);
#4533 = AXIS2_PLACEMENT_3D('',#4534,#4535,#4536);
#4534 = CARTESIAN_POINT('',(10.,112.95,45.));
#4535 = DIRECTION('',(-0.,-1.,-0.));
#4536 = DIRECTION('',(0.,0.,-1.));
#4537 = DEFINITIONAL_REPRESENTATION('',(#4538),#4542);
#4538 = CIRCLE('',#4539,1.25);
#4539 = AXIS2_PLACEMENT_2D('',#4540,#4541);
#4540 = CARTESIAN_POINT('',(0.,1.7763568394E-15));
#4541 = DIRECTION('',(-1.,0.));
#4542 = ( GEOMETRIC_REPRESENTATION_CONTEXT(2) 
PARAMETRIC_REPRESENTATION_CONTEXT() REPRESENTATION_CONTEXT('2D SPACE',''
  ) );
#4543 = ORIENTED_EDGE('',*,*,#4494,.F.);
#4544 = ADVANCED_FACE('',(#4545),#4127,.F.);
#4545 = FACE_BOUND('',#4546,.T.);
#4546 = EDGE_LOOP('',(#4547,#4548,#4571,#4598));
#4547 = ORIENTED_EDGE('',*,*,#4110,.T.);
#4548 = ORIENTED_EDGE('',*,*,#4549,.T.);
#4549 = EDGE_CURVE('',#4111,#4550,#4552,.T.);
#4550 = VERTEX_POINT('',#4551);
#4551 = CARTESIAN_POINT('',(10.,112.95,141.25));
#4552 = SEAM_CURVE('',#4553,(#4557,#4564),.PCURVE_S1.);
#4553 = LINE('',#4554,#4555);
#4554 = CARTESIAN_POINT('',(10.,125.05,141.25));
#4555 = VECTOR('',#4556,1.);
#4556 = DIRECTION('',(0.,-1.,0.));
#4557 = PCURVE('',#4127,#4558);
#4558 = DEFINITIONAL_REPRESENTATION('',(#4559),#4563);
#4559 = LINE('',#4560,#4561);
#4560 = CARTESIAN_POINT('',(-6.28318530718,0.));
#4561 = VECTOR('',#4562,1.);
#4562 = DIRECTION('',(-0.,-1.));
#4563 = ( GEOMETRIC_REPRESENTATION_CONTEXT(2) 
PARAMETRIC_REPRESENTATION_CONTEXT() REPRESENTATION_CONTEXT('2D SPACE',''
  ) );
#4564 = PCURVE('',#4127,#4565);
#4565 = DEFINITIONAL_REPRESENTATION('',(#4566),#4570);
#4566 = LINE('',#4567,#4568);
#4567 = CARTESIAN_POINT('',(-0.,0.));
#4568 = VECTOR('',#4569,1.);
#4569 = DIRECTION('',(-0.,-1.));
#4570 = ( GEOMETRIC_REPRESENTATION_CONTEXT(2) 
PARAMETRIC_REPRESENTATION_CONTEXT() REPRESENTATION_CONTEXT('2D SPACE',''
  ) );
#4571 = ORIENTED_EDGE('',*,*,#4572,.T.);
#4572 = EDGE_CURVE('',#4550,#4550,#4573,.T.);
#4573 = SURFACE_CURVE('',#4574,(#4579,#4586),.PCURVE_S1.);
#4574 = CIRCLE('',#4575,1.25);
#4575 = AXIS2_PLACEMENT_3D('',#4576,#4577,#4578);
#4576 = CARTESIAN_POINT('',(10.,112.95,140.));
#4577 = DIRECTION('',(0.,-1.,0.));
#4578 = DIRECTION('',(0.,0.,1.));
#4579 = PCURVE('',#4127,#4580);
#4580 = DEFINITIONAL_REPRESENTATION('',(#4581),#4585);
#4581 = LINE('',#4582,#4583);
#4582 = CARTESIAN_POINT('',(-0.,-12.1));
#4583 = VECTOR('',#4584,1.);
#4584 = DIRECTION('',(-1.,0.));
#4585 = ( GEOMETRIC_REPRESENTATION_CONTEXT(2) 
PARAMETRIC_REPRESENTATION_CONTEXT() REPRESENTATION_CONTEXT('2D SPACE',''
  ) );
#4586 = PCURVE('',#4587,#4592);
#4587 = PLANE('',#4588);
#4588 = AXIS2_PLACEMENT_3D('',#4589,#4590,#4591);
#4589 = CARTESIAN_POINT('',(10.,112.95,140.));
#4590 = DIRECTION('',(-0.,-1.,-0.));
#4591 = DIRECTION('',(0.,0.,-1.));
#4592 = DEFINITIONAL_REPRESENTATION('',(#4593),#4597);
#4593 = CIRCLE('',#4594,1.25);
#4594 = AXIS2_PLACEMENT_2D('',#4595,#4596);
#4595 = CARTESIAN_POINT('',(0.,1.7763568394E-15));
#4596 = DIRECTION('',(-1.,0.));
#4597 = ( GEOMETRIC_REPRESENTATION_CONTEXT(2) 
PARAMETRIC_REPRESENTATION_CONTEXT() REPRESENTATION_CONTEXT('2D SPACE',''
  ) );
#4598 = ORIENTED_EDGE('',*,*,#4549,.F.);
#4599 = ADVANCED_FACE('',(#4600),#4181,.F.);
#4600 = FACE_BOUND('',#4601,.F.);
#4601 = EDGE_LOOP('',(#4602));
#4602 = ORIENTED_EDGE('',*,*,#4166,.T.);
#4603 = ADVANCED_FACE('',(#4604),#4236,.F.);
#4604 = FACE_BOUND('',#4605,.F.);
#4605 = EDGE_LOOP('',(#4606));
#4606 = ORIENTED_EDGE('',*,*,#4221,.T.);
#4607 = ADVANCED_FACE('',(#4608),#4293,.F.);
#4608 = FACE_BOUND('',#4609,.T.);
#4609 = EDGE_LOOP('',(#4610,#4611,#4634,#4661,#4662));
#4610 = ORIENTED_EDGE('',*,*,#4276,.T.);
#4611 = ORIENTED_EDGE('',*,*,#4612,.T.);
#4612 = EDGE_CURVE('',#4254,#4613,#4615,.T.);
#4613 = VERTEX_POINT('',#4614);
#4614 = CARTESIAN_POINT('',(11.25,72.5,238.95));
#4615 = SEAM_CURVE('',#4616,(#4620,#4627),.PCURVE_S1.);
#4616 = LINE('',#4617,#4618);
#4617 = CARTESIAN_POINT('',(11.25,72.5,270.05));
#4618 = VECTOR('',#4619,1.);
#4619 = DIRECTION('',(0.,0.,-1.));
#4620 = PCURVE('',#4293,#4621);
#4621 = DEFINITIONAL_REPRESENTATION('',(#4622),#4626);
#4622 = LINE('',#4623,#4624);
#4623 = CARTESIAN_POINT('',(-6.28318530718,0.));
#4624 = VECTOR('',#4625,1.);
#4625 = DIRECTION('',(-0.,-1.));
#4626 = ( GEOMETRIC_REPRESENTATION_CONTEXT(2) 
PARAMETRIC_REPRESENTATION_CONTEXT() REPRESENTATION_CONTEXT('2D SPACE',''
  ) );
#4627 = PCURVE('',#4293,#4628);
#4628 = DEFINITIONAL_REPRESENTATION('',(#4629),#4633);
#4629 = LINE('',#4630,#4631);
#4630 = CARTESIAN_POINT('',(-0.,0.));
#4631 = VECTOR('',#4632,1.);
#4632 = DIRECTION('',(-0.,-1.));
#4633 = ( GEOMETRIC_REPRESENTATION_CONTEXT(2) 
PARAMETRIC_REPRESENTATION_CONTEXT() REPRESENTATION_CONTEXT('2D SPACE',''
  ) );
#4634 = ORIENTED_EDGE('',*,*,#4635,.T.);
#4635 = EDGE_CURVE('',#4613,#4613,#4636,.T.);
#4636 = SURFACE_CURVE('',#4637,(#4642,#4649),.PCURVE_S1.);
#4637 = CIRCLE('',#4638,1.25);
#4638 = AXIS2_PLACEMENT_3D('',#4639,#4640,#4641);
#4639 = CARTESIAN_POINT('',(10.,72.5,238.95));
#4640 = DIRECTION('',(0.,0.,-1.));
#4641 = DIRECTION('',(1.,0.,0.));
#4642 = PCURVE('',#4293,#4643);
#4643 = DEFINITIONAL_REPRESENTATION('',(#4644),#4648);
#4644 = LINE('',#4645,#4646);
#4645 = CARTESIAN_POINT('',(-0.,-31.1));
#4646 = VECTOR('',#4647,1.);
#4647 = DIRECTION('',(-1.,0.));
#4648 = ( GEOMETRIC_REPRESENTATION_CONTEXT(2) 
PARAMETRIC_REPRESENTATION_CONTEXT() REPRESENTATION_CONTEXT('2D SPACE',''
  ) );
#4649 = PCURVE('',#4650,#4655);
#4650 = PLANE('',#4651);
#4651 = AXIS2_PLACEMENT_3D('',#4652,#4653,#4654);
#4652 = CARTESIAN_POINT('',(10.,72.5,238.95));
#4653 = DIRECTION('',(-0.,-0.,-1.));
#4654 = DIRECTION('',(-1.,0.,0.));
#4655 = DEFINITIONAL_REPRESENTATION('',(#4656),#4660);
#4656 = CIRCLE('',#4657,1.25);
#4657 = AXIS2_PLACEMENT_2D('',#4658,#4659);
#4658 = CARTESIAN_POINT('',(0.,0.));
#4659 = DIRECTION('',(-1.,0.));
#4660 = ( GEOMETRIC_REPRESENTATION_CONTEXT(2) 
PARAMETRIC_REPRESENTATION_CONTEXT() REPRESENTATION_CONTEXT('2D SPACE',''
  ) );
#4661 = ORIENTED_EDGE('',*,*,#4612,.F.);
#4662 = ORIENTED_EDGE('',*,*,#4456,.T.);
#4663 = ADVANCED_FACE('',(#4664),#4381,.F.);
#4664 = FACE_BOUND('',#4665,.F.);
#4665 = EDGE_LOOP('',(#4666));
#4666 = ORIENTED_EDGE('',*,*,#4366,.T.);
#4667 = ADVANCED_FACE('',(#4668),#4436,.F.);
#4668 = FACE_BOUND('',#4669,.F.);
#4669 = EDGE_LOOP('',(#4670));
#4670 = ORIENTED_EDGE('',*,*,#4421,.T.);
#4671 = ADVANCED_FACE('',(#4672),#4532,.F.);
#4672 = FACE_BOUND('',#4673,.F.);
#4673 = EDGE_LOOP('',(#4674));
#4674 = ORIENTED_EDGE('',*,*,#4517,.T.);
#4675 = ADVANCED_FACE('',(#4676),#4587,.F.);
#4676 = FACE_BOUND('',#4677,.F.);
#4677 = EDGE_LOOP('',(#4678));
#4678 = ORIENTED_EDGE('',*,*,#4572,.T.);
#4679 = ADVANCED_FACE('',(#4680),#4650,.F.);
#4680 = FACE_BOUND('',#4681,.F.);
#4681 = EDGE_LOOP('',(#4682));
#4682 = ORIENTED_EDGE('',*,*,#4635,.T.);
#4683 = ( GEOMETRIC_REPRESENTATION_CONTEXT(3) 
GLOBAL_UNCERTAINTY_ASSIGNED_CONTEXT((#4687)) 
GLOBAL_UNIT_ASSIGNED_CONTEXT((#4684,#4685,#4686)) REPRESENTATION_CONTEXT
('Context #1','3D Context with UNIT and UNCERTAINTY') );
#4684 = ( LENGTH_UNIT() NAMED_UNIT(*) SI_UNIT(.MILLI.,.METRE.) );
#4685 = ( NAMED_UNIT(*) PLANE_ANGLE_UNIT() SI_UNIT($,.RADIAN.) );
#4686 = ( NAMED_UNIT(*) SI_UNIT($,.STERADIAN.) SOLID_ANGLE_UNIT() );
#4687 = UNCERTAINTY_MEASURE_WITH_UNIT(LENGTH_MEASURE(1.E-07),#4684,
  'distance_accuracy_value','confusion accuracy');
#4688 = CONTEXT_DEPENDENT_SHAPE_REPRESENTATION(#4689,#4691);
#4689 = ( REPRESENTATION_RELATIONSHIP('','',#3577,#10) 
REPRESENTATION_RELATIONSHIP_WITH_TRANSFORMATION(#4690) 
SHAPE_REPRESENTATION_RELATIONSHIP() );
#4690 = ITEM_DEFINED_TRANSFORMATION('','',#11,#27);
#4691 = PRODUCT_DEFINITION_SHAPE('Placement','Placement of an item',
  #4692);
#4692 = NEXT_ASSEMBLY_USAGE_OCCURRENCE('10','end_1','',#5,#3572,$);
#4693 = PRODUCT_RELATED_PRODUCT_CATEGORY('part',$,(#3574));
#4694 = SHAPE_DEFINITION_REPRESENTATION(#4695,#4701);
#4695 = PRODUCT_DEFINITION_SHAPE('','',#4696);
#4696 = PRODUCT_DEFINITION('design','',#4697,#4700);
#4697 = PRODUCT_DEFINITION_FORMATION('','',#4698);
#4698 = PRODUCT('end_2','end_2','',(#4699));
#4699 = PRODUCT_CONTEXT('',#2,'mechanical');
#4700 = PRODUCT_DEFINITION_CONTEXT('part definition',#2,'design');
#4701 = ADVANCED_BREP_SHAPE_REPRESENTATION('',(#11,#4702),#5627);
#4702 = MANIFOLD_SOLID_BREP('',#4703);
#4703 = CLOSED_SHELL('',(#4704,#4824,#4962,#5100,#5150,#5200,#5290,#5345
    ,#5400,#5441,#5496,#5551,#5607,#5611,#5615,#5619,#5623));
#4704 = ADVANCED_FACE('',(#4705),#4719,.T.);
#4705 = FACE_BOUND('',#4706,.T.);
#4706 = EDGE_LOOP('',(#4707,#4742,#4770,#4798));
#4707 = ORIENTED_EDGE('',*,*,#4708,.T.);
#4708 = EDGE_CURVE('',#4709,#4711,#4713,.T.);
#4709 = VERTEX_POINT('',#4710);
#4710 = CARTESIAN_POINT('',(500.,20.,20.));
#4711 = VERTEX_POINT('',#4712);
#4712 = CARTESIAN_POINT('',(480.,20.,20.));
#4713 = SURFACE_CURVE('',#4714,(#4718,#4730),.PCURVE_S1.);
#4714 = LINE('',#4715,#4716);
#4715 = CARTESIAN_POINT('',(500.,20.,20.));
#4716 = VECTOR('',#4717,1.);
#4717 = DIRECTION('',(-1.,0.,0.));
#4718 = PCURVE('',#4719,#4724);
#4719 = PLANE('',#4720);
#4720 = AXIS2_PLACEMENT_3D('',#4721,#4722,#4723);
#4721 = CARTESIAN_POINT('',(500.,20.,20.));
#4722 = DIRECTION('',(0.,0.,-1.));
#4723 = DIRECTION('',(0.,1.,0.));
#4724 = DEFINITIONAL_REPRESENTATION('',(#4725),#4729);
#4725 = LINE('',#4726,#4727);
#4726 = CARTESIAN_POINT('',(0.,0.));
#4727 = VECTOR('',#4728,1.);
#4728 = DIRECTION('',(0.,-1.));
#4729 = ( GEOMETRIC_REPRESENTATION_CONTEXT(2) 
PARAMETRIC_REPRESENTATION_CONTEXT() REPRESENTATION_CONTEXT('2D SPACE',''
  ) );
#4730 = PCURVE('',#4731,#4736);
#4731 = PLANE('',#4732);
#4732 = AXIS2_PLACEMENT_3D('',#4733,#4734,#4735);
#4733 = CARTESIAN_POINT('',(500.,20.,210.));
#4734 = DIRECTION('',(0.,-1.,0.));
#4735 = DIRECTION('',(0.,0.,-1.));
#4736 = DEFINITIONAL_REPRESENTATION('',(#4737),#4741);
#4737 = LINE('',#4738,#4739);
#4738 = CARTESIAN_POINT('',(190.,0.));
#4739 = VECTOR('',#4740,1.);
#4740 = DIRECTION('',(0.,-1.));
#4741 = ( GEOMETRIC_REPRESENTATION_CONTEXT(2) 
PARAMETRIC_REPRESENTATION_CONTEXT() REPRESENTATION_CONTEXT('2D SPACE',''
  ) );
#4742 = ORIENTED_EDGE('',*,*,#4743,.T.);
#4743 = EDGE_CURVE('',#4711,#4744,#4746,.T.);
#4744 = VERTEX_POINT('',#4745);
#4745 = CARTESIAN_POINT('',(480.,125.,20.));
#4746 = SURFACE_CURVE('',#4747,(#4751,#4758),.PCURVE_S1.);
#4747 = LINE('',#4748,#4749);
#4748 = CARTESIAN_POINT('',(480.,20.,20.));
#4749 = VECTOR('',#4750,1.);
#4750 = DIRECTION('',(0.,1.,0.));
#4751 = PCURVE('',#4719,#4752);
#4752 = DEFINITIONAL_REPRESENTATION('',(#4753),#4757);
#4753 = LINE('',#4754,#4755);
#4754 = CARTESIAN_POINT('',(0.,-20.));
#4755 = VECTOR('',#4756,1.);
#4756 = DIRECTION('',(1.,0.));
#4757 = ( GEOMETRIC_REPRESENTATION_CONTEXT(2) 
PARAMETRIC_REPRESENTATION_CONTEXT() REPRESENTATION_CONTEXT('2D SPACE',''
  ) );
#4758 = PCURVE('',#4759,#4764);
#4759 = PLANE('',#4760);
#4760 = AXIS2_PLACEMENT_3D('',#4761,#4762,#4763);
#4761 = CARTESIAN_POINT('',(480.,72.5,130.44959206714));
#4762 = DIRECTION('',(1.,-0.,-0.));
#4763 = DIRECTION('',(0.,0.,-1.));
#4764 = DEFINITIONAL_REPRESENTATION('',(#4765),#4769);
#4765 = LINE('',#4766,#4767);
#4766 = CARTESIAN_POINT('',(110.44959206714,-52.5));
#4767 = VECTOR('',#4768,1.);
#4768 = DIRECTION('',(0.,1.));
#4769 = ( GEOMETRIC_REPRESENTATION_CONTEXT(2) 
PARAMETRIC_REPRESENTATION_CONTEXT() REPRESENTATION_CONTEXT('2D SPACE',''
  ) );
#4770 = ORIENTED_EDGE('',*,*,#4771,.F.);
#4771 = EDGE_CURVE('',#4772,#4744,#4774,.T.);
#4772 = VERTEX_POINT('',#4773);
#4773 = CARTESIAN_POINT('',(500.,125.,20.));
#4774 = SURFACE_CURVE('',#4775,(#4779,#4786),.PCURVE_S1.);
#4775 = LINE('',#4776,#4777);
#4776 = CARTESIAN_POINT('',(500.,125.,20.));
#4777 = VECTOR('',#4778,1.);
#4778 = DIRECTION('',(-1.,0.,0.));
#4779 = PCURVE('',#4719,#4780);
#4780 = DEFINITIONAL_REPRESENTATION('',(#4781),#4785);
#4781 = LINE('',#4782,#4783);
#4782 = CARTESIAN_POINT('',(105.,0.));
#4783 = VECTOR('',#4784,1.);
#4784 = DIRECTION('',(0.,-1.));
#4785 = ( GEOMETRIC_REPRESENTATION_CONTEXT(2) 
PARAMETRIC_REPRESENTATION_CONTEXT() REPRESENTATION_CONTEXT('2D SPACE',''
  ) );
#4786 = PCURVE('',#4787,#4792);
#4787 = PLANE('',#4788);
#4788 = AXIS2_PLACEMENT_3D('',#4789,#4790,#4791);
#4789 = CARTESIAN_POINT('',(500.,125.,20.));
#4790 = DIRECTION('',(0.,1.,0.));
#4791 = DIRECTION('',(0.,0.,1.));
#4792 = DEFINITIONAL_REPRESENTATION('',(#4793),#4797);
#4793 = LINE('',#4794,#4795);
#4794 = CARTESIAN_POINT('',(0.,0.));
#4795 = VECTOR('',#4796,1.);
#4796 = DIRECTION('',(0.,-1.));
#4797 = ( GEOMETRIC_REPRESENTATION_CONTEXT(2) 
PARAMETRIC_REPRESENTATION_CONTEXT() REPRESENTATION_CONTEXT('2D SPACE',''
  ) );
#4798 = ORIENTED_EDGE('',*,*,#4799,.F.);
#4799 = EDGE_CURVE('',#4709,#4772,#4800,.T.);
#4800 = SURFACE_CURVE('',#4801,(#4805,#4812),.PCURVE_S1.);
#4801 = LINE('',#4802,#4803);
#4802 = CARTESIAN_POINT('',(500.,20.,20.));
#4803 = VECTOR('',#4804,1.);
#4804 = DIRECTION('',(0.,1.,0.));
#4805 = PCURVE('',#4719,#4806);
#4806 = DEFINITIONAL_REPRESENTATION('',(#4807),#4811);
#4807 = LINE('',#4808,#4809);
#4808 = CARTESIAN_POINT('',(0.,0.));
#4809 = VECTOR('',#4810,1.);
#4810 = DIRECTION('',(1.,0.));
#4811 = ( GEOMETRIC_REPRESENTATION_CONTEXT(2) 
PARAMETRIC_REPRESENTATION_CONTEXT() REPRESENTATION_CONTEXT('2D SPACE',''
  ) );
#4812 = PCURVE('',#4813,#4818);
#4813 = PLANE('',#4814);
#4814 = AXIS2_PLACEMENT_3D('',#4815,#4816,#4817);
#4815 = CARTESIAN_POINT('',(500.,72.5,130.44959206714));
#4816 = DIRECTION('',(1.,-0.,-0.));
#4817 = DIRECTION('',(0.,0.,-1.));
#4818 = DEFINITIONAL_REPRESENTATION('',(#4819),#4823);
#4819 = LINE('',#4820,#4821);
#4820 = CARTESIAN_POINT('',(110.44959206714,-52.5));
#4821 = VECTOR('',#4822,1.);
#4822 = DIRECTION('',(0.,1.));
#4823 = ( GEOMETRIC_REPRESENTATION_CONTEXT(2) 
PARAMETRIC_REPRESENTATION_CONTEXT() REPRESENTATION_CONTEXT('2D SPACE',''
  ) );
#4824 = ADVANCED_FACE('',(#4825,#4900,#4931),#4731,.T.);
#4825 = FACE_BOUND('',#4826,.T.);
#4826 = EDGE_LOOP('',(#4827,#4857,#4878,#4879));
#4827 = ORIENTED_EDGE('',*,*,#4828,.T.);
#4828 = EDGE_CURVE('',#4829,#4831,#4833,.T.);
#4829 = VERTEX_POINT('',#4830);
#4830 = CARTESIAN_POINT('',(500.,20.,210.));
#4831 = VERTEX_POINT('',#4832);
#4832 = CARTESIAN_POINT('',(480.,20.,210.));
#4833 = SURFACE_CURVE('',#4834,(#4838,#4845),.PCURVE_S1.);
#4834 = LINE('',#4835,#4836);
#4835 = CARTESIAN_POINT('',(500.,20.,210.));
#4836 = VECTOR('',#4837,1.);
#4837 = DIRECTION('',(-1.,0.,0.));
#4838 = PCURVE('',#4731,#4839);
#4839 = DEFINITIONAL_REPRESENTATION('',(#4840),#4844);
#4840 = LINE('',#4841,#4842);
#4841 = CARTESIAN_POINT('',(0.,0.));
#4842 = VECTOR('',#4843,1.);
#4843 = DIRECTION('',(0.,-1.));
#4844 = ( GEOMETRIC_REPRESENTATION_CONTEXT(2) 
PARAMETRIC_REPRESENTATION_CONTEXT() REPRESENTATION_CONTEXT('2D SPACE',''
  ) );
#4845 = PCURVE('',#4846,#4851);
#4846 = PLANE('',#4847);
#4847 = AXIS2_PLACEMENT_3D('',#4848,#4849,#4850);
#4848 = CARTESIAN_POINT('',(500.,72.5,270.));
#4849 = DIRECTION('',(0.,-0.752576694707,0.658504607869));
#4850 = DIRECTION('',(-0.,-0.658504607869,-0.752576694707));
#4851 = DEFINITIONAL_REPRESENTATION('',(#4852),#4856);
#4852 = LINE('',#4853,#4854);
#4853 = CARTESIAN_POINT('',(79.72609359551,0.));
#4854 = VECTOR('',#4855,1.);
#4855 = DIRECTION('',(0.,-1.));
#4856 = ( GEOMETRIC_REPRESENTATION_CONTEXT(2) 
PARAMETRIC_REPRESENTATION_CONTEXT() REPRESENTATION_CONTEXT('2D SPACE',''
  ) );
#4857 = ORIENTED_EDGE('',*,*,#4858,.T.);
#4858 = EDGE_CURVE('',#4831,#4711,#4859,.T.);
#4859 = SURFACE_CURVE('',#4860,(#4864,#4871),.PCURVE_S1.);
#4860 = LINE('',#4861,#4862);
#4861 = CARTESIAN_POINT('',(480.,20.,210.));
#4862 = VECTOR('',#4863,1.);
#4863 = DIRECTION('',(0.,0.,-1.));
#4864 = PCURVE('',#4731,#4865);
#4865 = DEFINITIONAL_REPRESENTATION('',(#4866),#4870);
#4866 = LINE('',#4867,#4868);
#4867 = CARTESIAN_POINT('',(0.,-20.));
#4868 = VECTOR('',#4869,1.);
#4869 = DIRECTION('',(1.,0.));
#4870 = ( GEOMETRIC_REPRESENTATION_CONTEXT(2) 
PARAMETRIC_REPRESENTATION_CONTEXT() REPRESENTATION_CONTEXT('2D SPACE',''
  ) );
#4871 = PCURVE('',#4759,#4872);
#4872 = DEFINITIONAL_REPRESENTATION('',(#4873),#4877);
#4873 = LINE('',#4874,#4875);
#4874 = CARTESIAN_POINT('',(-79.55040793286,-52.5));
#4875 = VECTOR('',#4876,1.);
#4876 = DIRECTION('',(1.,0.));
#4877 = ( GEOMETRIC_REPRESENTATION_CONTEXT(2) 
PARAMETRIC_REPRESENTATION_CONTEXT() REPRESENTATION_CONTEXT('2D SPACE',''
  ) );
#4878 = ORIENTED_EDGE('',*,*,#4708,.F.);
#4879 = ORIENTED_EDGE('',*,*,#4880,.F.);
#4880 = EDGE_CURVE('',#4829,#4709,#4881,.T.);
#4881 = SURFACE_CURVE('',#4882,(#4886,#4893),.PCURVE_S1.);
#4882 = LINE('',#4883,#4884);
#4883 = CARTESIAN_POINT('',(500.,20.,210.));
#4884 = VECTOR('',#4885,1.);
#4885 = DIRECTION('',(0.,0.,-1.));
#4886 = PCURVE('',#4731,#4887);
#4887 = DEFINITIONAL_REPRESENTATION('',(#4888),#4892);
#4888 = LINE('',#4889,#4890);
#4889 = CARTESIAN_POINT('',(0.,0.));
#4890 = VECTOR('',#4891,1.);
#4891 = DIRECTION('',(1.,0.));
#4892 = ( GEOMETRIC_REPRESENTATION_CONTEXT(2) 
PARAMETRIC_REPRESENTATION_CONTEXT() REPRESENTATION_CONTEXT('2D SPACE',''
  ) );
#4893 = PCURVE('',#4813,#4894);
#4894 = DEFINITIONAL_REPRESENTATION('',(#4895),#4899);
#4895 = LINE('',#4896,#4897);
#4896 = CARTESIAN_POINT('',(-79.55040793286,-52.5));
#4897 = VECTOR('',#4898,1.);
#4898 = DIRECTION('',(1.,0.));
#4899 = ( GEOMETRIC_REPRESENTATION_CONTEXT(2) 
PARAMETRIC_REPRESENTATION_CONTEXT() REPRESENTATION_CONTEXT('2D SPACE',''
  ) );
#4900 = FACE_BOUND('',#4901,.T.);
#4901 = EDGE_LOOP('',(#4902));
#4902 = ORIENTED_EDGE('',*,*,#4903,.F.);
#4903 = EDGE_CURVE('',#4904,#4904,#4906,.T.);
#4904 = VERTEX_POINT('',#4905);
#4905 = CARTESIAN_POINT('',(490.,20.,141.25));
#4906 = SURFACE_CURVE('',#4907,(#4912,#4919),.PCURVE_S1.);
#4907 = CIRCLE('',#4908,1.25);
#4908 = AXIS2_PLACEMENT_3D('',#4909,#4910,#4911);
#4909 = CARTESIAN_POINT('',(490.,20.,140.));
#4910 = DIRECTION('',(0.,-1.,0.));
#4911 = DIRECTION('',(0.,0.,1.));
#4912 = PCURVE('',#4731,#4913);
#4913 = DEFINITIONAL_REPRESENTATION('',(#4914),#4918);
#4914 = CIRCLE('',#4915,1.25);
#4915 = AXIS2_PLACEMENT_2D('',#4916,#4917);
#4916 = CARTESIAN_POINT('',(70.,-10.));
#4917 = DIRECTION('',(-1.,0.));
#4918 = ( GEOMETRIC_REPRESENTATION_CONTEXT(2) 
PARAMETRIC_REPRESENTATION_CONTEXT() REPRESENTATION_CONTEXT('2D SPACE',''
  ) );
#4919 = PCURVE('',#4920,#4925);
#4920 = CYLINDRICAL_SURFACE('',#4921,1.25);
#4921 = AXIS2_PLACEMENT_3D('',#4922,#4923,#4924);
#4922 = CARTESIAN_POINT('',(490.,19.95,140.));
#4923 = DIRECTION('',(-0.,-1.,-0.));
#4924 = DIRECTION('',(0.,0.,1.));
#4925 = DEFINITIONAL_REPRESENTATION('',(#4926),#4930);
#4926 = LINE('',#4927,#4928);
#4927 = CARTESIAN_POINT('',(-6.28318530718,-5.E-02));
#4928 = VECTOR('',#4929,1.);
#4929 = DIRECTION('',(1.,-0.));
#4930 = ( GEOMETRIC_REPRESENTATION_CONTEXT(2) 
PARAMETRIC_REPRESENTATION_CONTEXT() REPRESENTATION_CONTEXT('2D SPACE',''
  ) );
#4931 = FACE_BOUND('',#4932,.T.);
#4932 = EDGE_LOOP('',(#4933));
#4933 = ORIENTED_EDGE('',*,*,#4934,.F.);
#4934 = EDGE_CURVE('',#4935,#4935,#4937,.T.);
#4935 = VERTEX_POINT('',#4936);
#4936 = CARTESIAN_POINT('',(490.,20.,46.25));
#4937 = SURFACE_CURVE('',#4938,(#4943,#4950),.PCURVE_S1.);
#4938 = CIRCLE('',#4939,1.25);
#4939 = AXIS2_PLACEMENT_3D('',#4940,#4941,#4942);
#4940 = CARTESIAN_POINT('',(490.,20.,45.));
#4941 = DIRECTION('',(0.,-1.,0.));
#4942 = DIRECTION('',(0.,0.,1.));
#4943 = PCURVE('',#4731,#4944);
#4944 = DEFINITIONAL_REPRESENTATION('',(#4945),#4949);
#4945 = CIRCLE('',#4946,1.25);
#4946 = AXIS2_PLACEMENT_2D('',#4947,#4948);
#4947 = CARTESIAN_POINT('',(165.,-10.));
#4948 = DIRECTION('',(-1.,0.));
#4949 = ( GEOMETRIC_REPRESENTATION_CONTEXT(2) 
PARAMETRIC_REPRESENTATION_CONTEXT() REPRESENTATION_CONTEXT('2D SPACE',''
  ) );
#4950 = PCURVE('',#4951,#4956);
#4951 = CYLINDRICAL_SURFACE('',#4952,1.25);
#4952 = AXIS2_PLACEMENT_3D('',#4953,#4954,#4955);
#4953 = CARTESIAN_POINT('',(490.,19.95,45.));
#4954 = DIRECTION('',(-0.,-1.,-0.));
#4955 = DIRECTION('',(0.,0.,1.));
#4956 = DEFINITIONAL_REPRESENTATION('',(#4957),#4961);
#4957 = LINE('',#4958,#4959);
#4958 = CARTESIAN_POINT('',(-6.28318530718,-5.E-02));
#4959 = VECTOR('',#4960,1.);
#4960 = DIRECTION('',(1.,-0.));
#4961 = ( GEOMETRIC_REPRESENTATION_CONTEXT(2) 
PARAMETRIC_REPRESENTATION_CONTEXT() REPRESENTATION_CONTEXT('2D SPACE',''
  ) );
#4962 = ADVANCED_FACE('',(#4963,#5038,#5069),#4787,.T.);
#4963 = FACE_BOUND('',#4964,.T.);
#4964 = EDGE_LOOP('',(#4965,#4966,#4989,#5017));
#4965 = ORIENTED_EDGE('',*,*,#4771,.T.);
#4966 = ORIENTED_EDGE('',*,*,#4967,.T.);
#4967 = EDGE_CURVE('',#4744,#4968,#4970,.T.);
#4968 = VERTEX_POINT('',#4969);
#4969 = CARTESIAN_POINT('',(480.,125.,210.));
#4970 = SURFACE_CURVE('',#4971,(#4975,#4982),.PCURVE_S1.);
#4971 = LINE('',#4972,#4973);
#4972 = CARTESIAN_POINT('',(480.,125.,20.));
#4973 = VECTOR('',#4974,1.);
#4974 = DIRECTION('',(0.,0.,1.));
#4975 = PCURVE('',#4787,#4976);
#4976 = DEFINITIONAL_REPRESENTATION('',(#4977),#4981);
#4977 = LINE('',#4978,#4979);
#4978 = CARTESIAN_POINT('',(0.,-20.));
#4979 = VECTOR('',#4980,1.);
#4980 = DIRECTION('',(1.,0.));
#4981 = ( GEOMETRIC_REPRESENTATION_CONTEXT(2) 
PARAMETRIC_REPRESENTATION_CONTEXT() REPRESENTATION_CONTEXT('2D SPACE',''
  ) );
#4982 = PCURVE('',#4759,#4983);
#4983 = DEFINITIONAL_REPRESENTATION('',(#4984),#4988);
#4984 = LINE('',#4985,#4986);
#4985 = CARTESIAN_POINT('',(110.44959206714,52.5));
#4986 = VECTOR('',#4987,1.);
#4987 = DIRECTION('',(-1.,0.));
#4988 = ( GEOMETRIC_REPRESENTATION_CONTEXT(2) 
PARAMETRIC_REPRESENTATION_CONTEXT() REPRESENTATION_CONTEXT('2D SPACE',''
  ) );
#4989 = ORIENTED_EDGE('',*,*,#4990,.F.);
#4990 = EDGE_CURVE('',#4991,#4968,#4993,.T.);
#4991 = VERTEX_POINT('',#4992);
#4992 = CARTESIAN_POINT('',(500.,125.,210.));
#4993 = SURFACE_CURVE('',#4994,(#4998,#5005),.PCURVE_S1.);
#4994 = LINE('',#4995,#4996);
#4995 = CARTESIAN_POINT('',(500.,125.,210.));
#4996 = VECTOR('',#4997,1.);
#4997 = DIRECTION('',(-1.,0.,0.));
#4998 = PCURVE('',#4787,#4999);
#4999 = DEFINITIONAL_REPRESENTATION('',(#5000),#5004);
#5000 = LINE('',#5001,#5002);
#5001 = CARTESIAN_POINT('',(190.,0.));
#5002 = VECTOR('',#5003,1.);
#5003 = DIRECTION('',(0.,-1.));
#5004 = ( GEOMETRIC_REPRESENTATION_CONTEXT(2) 
PARAMETRIC_REPRESENTATION_CONTEXT() REPRESENTATION_CONTEXT('2D SPACE',''
  ) );
#5005 = PCURVE('',#5006,#5011);
#5006 = PLANE('',#5007);
#5007 = AXIS2_PLACEMENT_3D('',#5008,#5009,#5010);
#5008 = CARTESIAN_POINT('',(500.,125.,210.));
#5009 = DIRECTION('',(0.,0.752576694707,0.658504607869));
#5010 = DIRECTION('',(0.,-0.658504607869,0.752576694707));
#5011 = DEFINITIONAL_REPRESENTATION('',(#5012),#5016);
#5012 = LINE('',#5013,#5014);
#5013 = CARTESIAN_POINT('',(0.,0.));
#5014 = VECTOR('',#5015,1.);
#5015 = DIRECTION('',(0.,-1.));
#5016 = ( GEOMETRIC_REPRESENTATION_CONTEXT(2) 
PARAMETRIC_REPRESENTATION_CONTEXT() REPRESENTATION_CONTEXT('2D SPACE',''
  ) );
#5017 = ORIENTED_EDGE('',*,*,#5018,.F.);
#5018 = EDGE_CURVE('',#4772,#4991,#5019,.T.);
#5019 = SURFACE_CURVE('',#5020,(#5024,#5031),.PCURVE_S1.);
#5020 = LINE('',#5021,#5022);
#5021 = CARTESIAN_POINT('',(500.,125.,20.));
#5022 = VECTOR('',#5023,1.);
#5023 = DIRECTION('',(0.,0.,1.));
#5024 = PCURVE('',#4787,#5025);
#5025 = DEFINITIONAL_REPRESENTATION('',(#5026),#5030);
#5026 = LINE('',#5027,#5028);
#5027 = CARTESIAN_POINT('',(0.,0.));
#5028 = VECTOR('',#5029,1.);
#5029 = DIRECTION('',(1.,0.));
#5030 = ( GEOMETRIC_REPRESENTATION_CONTEXT(2) 
PARAMETRIC_REPRESENTATION_CONTEXT() REPRESENTATION_CONTEXT('2D SPACE',''
  ) );
#5031 = PCURVE('',#4813,#5032);
#5032 = DEFINITIONAL_REPRESENTATION('',(#5033),#5037);
#5033 = LINE('',#5034,#5035);
#5034 = CARTESIAN_POINT('',(110.44959206714,52.5));
#5035 = VECTOR('',#5036,1.);
#5036 = DIRECTION('',(-1.,0.));
#5037 = ( GEOMETRIC_REPRESENTATION_CONTEXT(2) 
PARAMETRIC_REPRESENTATION_CONTEXT() REPRESENTATION_CONTEXT('2D SPACE',''
  ) );
#5038 = FACE_BOUND('',#5039,.T.);
#5039 = EDGE_LOOP('',(#5040));
#5040 = ORIENTED_EDGE('',*,*,#5041,.F.);
#5041 = EDGE_CURVE('',#5042,#5042,#5044,.T.);
#5042 = VERTEX_POINT('',#5043);
#5043 = CARTESIAN_POINT('',(490.,125.,46.25));
#5044 = SURFACE_CURVE('',#5045,(#5050,#5057),.PCURVE_S1.);
#5045 = CIRCLE('',#5046,1.25);
#5046 = AXIS2_PLACEMENT_3D('',#5047,#5048,#5049);
#5047 = CARTESIAN_POINT('',(490.,125.,45.));
#5048 = DIRECTION('',(-0.,1.,0.));
#5049 = DIRECTION('',(0.,0.,1.));
#5050 = PCURVE('',#4787,#5051);
#5051 = DEFINITIONAL_REPRESENTATION('',(#5052),#5056);
#5052 = CIRCLE('',#5053,1.25);
#5053 = AXIS2_PLACEMENT_2D('',#5054,#5055);
#5054 = CARTESIAN_POINT('',(25.,-10.));
#5055 = DIRECTION('',(1.,0.));
#5056 = ( GEOMETRIC_REPRESENTATION_CONTEXT(2) 
PARAMETRIC_REPRESENTATION_CONTEXT() REPRESENTATION_CONTEXT('2D SPACE',''
  ) );
#5057 = PCURVE('',#5058,#5063);
#5058 = CYLINDRICAL_SURFACE('',#5059,1.25);
#5059 = AXIS2_PLACEMENT_3D('',#5060,#5061,#5062);
#5060 = CARTESIAN_POINT('',(490.,125.05,45.));
#5061 = DIRECTION('',(-0.,1.,-0.));
#5062 = DIRECTION('',(0.,0.,1.));
#5063 = DEFINITIONAL_REPRESENTATION('',(#5064),#5068);
#5064 = LINE('',#5065,#5066);
#5065 = CARTESIAN_POINT('',(-6.28318530718,-5.E-02));
#5066 = VECTOR('',#5067,1.);
#5067 = DIRECTION('',(1.,-0.));
#5068 = ( GEOMETRIC_REPRESENTATION_CONTEXT(2) 
PARAMETRIC_REPRESENTATION_CONTEXT() REPRESENTATION_CONTEXT('2D SPACE',''
  ) );
#5069 = FACE_BOUND('',#5070,.T.);
#5070 = EDGE_LOOP('',(#5071));
#5071 = ORIENTED_EDGE('',*,*,#5072,.F.);
#5072 = EDGE_CURVE('',#5073,#5073,#5075,.T.);
#5073 = VERTEX_POINT('',#5074);
#5074 = CARTESIAN_POINT('',(490.,125.,141.25));
#5075 = SURFACE_CURVE('',#5076,(#5081,#5088),.PCURVE_S1.);
#5076 = CIRCLE('',#5077,1.25);
#5077 = AXIS2_PLACEMENT_3D('',#5078,#5079,#5080);
#5078 = CARTESIAN_POINT('',(490.,125.,140.));
#5079 = DIRECTION('',(-0.,1.,0.));
#5080 = DIRECTION('',(0.,0.,1.));
#5081 = PCURVE('',#4787,#5082);
#5082 = DEFINITIONAL_REPRESENTATION('',(#5083),#5087);
#5083 = CIRCLE('',#5084,1.25);
#5084 = AXIS2_PLACEMENT_2D('',#5085,#5086);
#5085 = CARTESIAN_POINT('',(120.,-10.));
#5086 = DIRECTION('',(1.,0.));
#5087 = ( GEOMETRIC_REPRESENTATION_CONTEXT(2) 
PARAMETRIC_REPRESENTATION_CONTEXT() REPRESENTATION_CONTEXT('2D SPACE',''
  ) );
#5088 = PCURVE('',#5089,#5094);
#5089 = CYLINDRICAL_SURFACE('',#5090,1.25);
#5090 = AXIS2_PLACEMENT_3D('',#5091,#5092,#5093);
#5091 = CARTESIAN_POINT('',(490.,125.05,140.));
#5092 = DIRECTION('',(-0.,1.,-0.));
#5093 = DIRECTION('',(0.,0.,1.));
#5094 = DEFINITIONAL_REPRESENTATION('',(#5095),#5099);
#5095 = LINE('',#5096,#5097);
#5096 = CARTESIAN_POINT('',(-6.28318530718,-5.E-02));
#5097 = VECTOR('',#5098,1.);
#5098 = DIRECTION('',(1.,-0.));
#5099 = ( GEOMETRIC_REPRESENTATION_CONTEXT(2) 
PARAMETRIC_REPRESENTATION_CONTEXT() REPRESENTATION_CONTEXT('2D SPACE',''
  ) );
#5100 = ADVANCED_FACE('',(#5101),#4813,.T.);
#5101 = FACE_BOUND('',#5102,.T.);
#5102 = EDGE_LOOP('',(#5103,#5104,#5105,#5128,#5149));
#5103 = ORIENTED_EDGE('',*,*,#4799,.T.);
#5104 = ORIENTED_EDGE('',*,*,#5018,.T.);
#5105 = ORIENTED_EDGE('',*,*,#5106,.T.);
#5106 = EDGE_CURVE('',#4991,#5107,#5109,.T.);
#5107 = VERTEX_POINT('',#5108);
#5108 = CARTESIAN_POINT('',(500.,72.5,270.));
#5109 = SURFACE_CURVE('',#5110,(#5114,#5121),.PCURVE_S1.);
#5110 = LINE('',#5111,#5112);
#5111 = CARTESIAN_POINT('',(500.,125.,210.));
#5112 = VECTOR('',#5113,1.);
#5113 = DIRECTION('',(0.,-0.658504607869,0.752576694707));
#5114 = PCURVE('',#4813,#5115);
#5115 = DEFINITIONAL_REPRESENTATION('',(#5116),#5120);
#5116 = LINE('',#5117,#5118);
#5117 = CARTESIAN_POINT('',(-79.55040793286,52.5));
#5118 = VECTOR('',#5119,1.);
#5119 = DIRECTION('',(-0.752576694707,-0.658504607869));
#5120 = ( GEOMETRIC_REPRESENTATION_CONTEXT(2) 
PARAMETRIC_REPRESENTATION_CONTEXT() REPRESENTATION_CONTEXT('2D SPACE',''
  ) );
#5121 = PCURVE('',#5006,#5122);
#5122 = DEFINITIONAL_REPRESENTATION('',(#5123),#5127);
#5123 = LINE('',#5124,#5125);
#5124 = CARTESIAN_POINT('',(0.,0.));
#5125 = VECTOR('',#5126,1.);
#5126 = DIRECTION('',(1.,0.));
#5127 = ( GEOMETRIC_REPRESENTATION_CONTEXT(2) 
PARAMETRIC_REPRESENTATION_CONTEXT() REPRESENTATION_CONTEXT('2D SPACE',''
  ) );
#5128 = ORIENTED_EDGE('',*,*,#5129,.T.);
#5129 = EDGE_CURVE('',#5107,#4829,#5130,.T.);
#5130 = SURFACE_CURVE('',#5131,(#5135,#5142),.PCURVE_S1.);
#5131 = LINE('',#5132,#5133);
#5132 = CARTESIAN_POINT('',(500.,72.5,270.));
#5133 = VECTOR('',#5134,1.);
#5134 = DIRECTION('',(-0.,-0.658504607869,-0.752576694707));
#5135 = PCURVE('',#4813,#5136);
#5136 = DEFINITIONAL_REPRESENTATION('',(#5137),#5141);
#5137 = LINE('',#5138,#5139);
#5138 = CARTESIAN_POINT('',(-139.5504079328,0.));
#5139 = VECTOR('',#5140,1.);
#5140 = DIRECTION('',(0.752576694707,-0.658504607869));
#5141 = ( GEOMETRIC_REPRESENTATION_CONTEXT(2) 
PARAMETRIC_REPRESENTATION_CONTEXT() REPRESENTATION_CONTEXT('2D SPACE',''
  ) );
#5142 = PCURVE('',#4846,#5143);
#5143 = DEFINITIONAL_REPRESENTATION('',(#5144),#5148);
#5144 = LINE('',#5145,#5146);
#5145 = CARTESIAN_POINT('',(-0.,0.));
#5146 = VECTOR('',#5147,1.);
#5147 = DIRECTION('',(1.,-0.));
#5148 = ( GEOMETRIC_REPRESENTATION_CONTEXT(2) 
PARAMETRIC_REPRESENTATION_CONTEXT() REPRESENTATION_CONTEXT('2D SPACE',''
  ) );
#5149 = ORIENTED_EDGE('',*,*,#4880,.T.);
#5150 = ADVANCED_FACE('',(#5151),#4759,.F.);
#5151 = FACE_BOUND('',#5152,.F.);
#5152 = EDGE_LOOP('',(#5153,#5154,#5155,#5178,#5199));
#5153 = ORIENTED_EDGE('',*,*,#4743,.T.);
#5154 = ORIENTED_EDGE('',*,*,#4967,.T.);
#5155 = ORIENTED_EDGE('',*,*,#5156,.T.);
#5156 = EDGE_CURVE('',#4968,#5157,#5159,.T.);
#5157 = VERTEX_POINT('',#5158);
#5158 = CARTESIAN_POINT('',(480.,72.5,270.));
#5159 = SURFACE_CURVE('',#5160,(#5164,#5171),.PCURVE_S1.);
#5160 = LINE('',#5161,#5162);
#5161 = CARTESIAN_POINT('',(480.,125.,210.));
#5162 = VECTOR('',#5163,1.);
#5163 = DIRECTION('',(0.,-0.658504607869,0.752576694707));
#5164 = PCURVE('',#4759,#5165);
#5165 = DEFINITIONAL_REPRESENTATION('',(#5166),#5170);
#5166 = LINE('',#5167,#5168);
#5167 = CARTESIAN_POINT('',(-79.55040793286,52.5));
#5168 = VECTOR('',#5169,1.);
#5169 = DIRECTION('',(-0.752576694707,-0.658504607869));
#5170 = ( GEOMETRIC_REPRESENTATION_CONTEXT(2) 
PARAMETRIC_REPRESENTATION_CONTEXT() REPRESENTATION_CONTEXT('2D SPACE',''
  ) );
#5171 = PCURVE('',#5006,#5172);
#5172 = DEFINITIONAL_REPRESENTATION('',(#5173),#5177);
#5173 = LINE('',#5174,#5175);
#5174 = CARTESIAN_POINT('',(0.,-20.));
#5175 = VECTOR('',#5176,1.);
#5176 = DIRECTION('',(1.,0.));
#5177 = ( GEOMETRIC_REPRESENTATION_CONTEXT(2) 
PARAMETRIC_REPRESENTATION_CONTEXT() REPRESENTATION_CONTEXT('2D SPACE',''
  ) );
#5178 = ORIENTED_EDGE('',*,*,#5179,.T.);
#5179 = EDGE_CURVE('',#5157,#4831,#5180,.T.);
#5180 = SURFACE_CURVE('',#5181,(#5185,#5192),.PCURVE_S1.);
#5181 = LINE('',#5182,#5183);
#5182 = CARTESIAN_POINT('',(480.,72.5,270.));
#5183 = VECTOR('',#5184,1.);
#5184 = DIRECTION('',(-0.,-0.658504607869,-0.752576694707));
#5185 = PCURVE('',#4759,#5186);
#5186 = DEFINITIONAL_REPRESENTATION('',(#5187),#5191);
#5187 = LINE('',#5188,#5189);
#5188 = CARTESIAN_POINT('',(-139.5504079328,0.));
#5189 = VECTOR('',#5190,1.);
#5190 = DIRECTION('',(0.752576694707,-0.658504607869));
#5191 = ( GEOMETRIC_REPRESENTATION_CONTEXT(2) 
PARAMETRIC_REPRESENTATION_CONTEXT() REPRESENTATION_CONTEXT('2D SPACE',''
  ) );
#5192 = PCURVE('',#4846,#5193);
#5193 = DEFINITIONAL_REPRESENTATION('',(#5194),#5198);
#5194 = LINE('',#5195,#5196);
#5195 = CARTESIAN_POINT('',(0.,-20.));
#5196 = VECTOR('',#5197,1.);
#5197 = DIRECTION('',(1.,-0.));
#5198 = ( GEOMETRIC_REPRESENTATION_CONTEXT(2) 
PARAMETRIC_REPRESENTATION_CONTEXT() REPRESENTATION_CONTEXT('2D SPACE',''
  ) );
#5199 = ORIENTED_EDGE('',*,*,#4858,.T.);
#5200 = ADVANCED_FACE('',(#5201),#4846,.T.);
#5201 = FACE_BOUND('',#5202,.T.);
#5202 = EDGE_LOOP('',(#5203,#5204,#5227,#5267,#5288,#5289));
#5203 = ORIENTED_EDGE('',*,*,#5129,.F.);
#5204 = ORIENTED_EDGE('',*,*,#5205,.T.);
#5205 = EDGE_CURVE('',#5107,#5206,#5208,.T.);
#5206 = VERTEX_POINT('',#5207);
#5207 = CARTESIAN_POINT('',(491.25,72.5,270.));
#5208 = SURFACE_CURVE('',#5209,(#5213,#5220),.PCURVE_S1.);
#5209 = LINE('',#5210,#5211);
#5210 = CARTESIAN_POINT('',(500.,72.5,270.));
#5211 = VECTOR('',#5212,1.);
#5212 = DIRECTION('',(-1.,0.,0.));
#5213 = PCURVE('',#4846,#5214);
#5214 = DEFINITIONAL_REPRESENTATION('',(#5215),#5219);
#5215 = LINE('',#5216,#5217);
#5216 = CARTESIAN_POINT('',(-0.,0.));
#5217 = VECTOR('',#5218,1.);
#5218 = DIRECTION('',(0.,-1.));
#5219 = ( GEOMETRIC_REPRESENTATION_CONTEXT(2) 
PARAMETRIC_REPRESENTATION_CONTEXT() REPRESENTATION_CONTEXT('2D SPACE',''
  ) );
#5220 = PCURVE('',#5006,#5221);
#5221 = DEFINITIONAL_REPRESENTATION('',(#5222),#5226);
#5222 = LINE('',#5223,#5224);
#5223 = CARTESIAN_POINT('',(79.72609359551,0.));
#5224 = VECTOR('',#5225,1.);
#5225 = DIRECTION('',(0.,-1.));
#5226 = ( GEOMETRIC_REPRESENTATION_CONTEXT(2) 
PARAMETRIC_REPRESENTATION_CONTEXT() REPRESENTATION_CONTEXT('2D SPACE',''
  ) );
#5227 = ORIENTED_EDGE('',*,*,#5228,.F.);
#5228 = EDGE_CURVE('',#5229,#5206,#5231,.T.);
#5229 = VERTEX_POINT('',#5230);
#5230 = CARTESIAN_POINT('',(488.75,72.5,270.));
#5231 = SURFACE_CURVE('',#5232,(#5237,#5244),.PCURVE_S1.);
#5232 = ELLIPSE('',#5233,1.898240323703,1.25);
#5233 = AXIS2_PLACEMENT_3D('',#5234,#5235,#5236);
#5234 = CARTESIAN_POINT('',(490.,72.5,270.));
#5235 = DIRECTION('',(0.,-0.752576694707,0.658504607869));
#5236 = DIRECTION('',(-0.,0.658504607869,0.752576694707));
#5237 = PCURVE('',#4846,#5238);
#5238 = DEFINITIONAL_REPRESENTATION('',(#5239),#5243);
#5239 = ELLIPSE('',#5240,1.898240323703,1.25);
#5240 = AXIS2_PLACEMENT_2D('',#5241,#5242);
#5241 = CARTESIAN_POINT('',(0.,-10.));
#5242 = DIRECTION('',(-1.,0.));
#5243 = ( GEOMETRIC_REPRESENTATION_CONTEXT(2) 
PARAMETRIC_REPRESENTATION_CONTEXT() REPRESENTATION_CONTEXT('2D SPACE',''
  ) );
#5244 = PCURVE('',#5245,#5250);
#5245 = CYLINDRICAL_SURFACE('',#5246,1.25);
#5246 = AXIS2_PLACEMENT_3D('',#5247,#5248,#5249);
#5247 = CARTESIAN_POINT('',(490.,72.5,270.05));
#5248 = DIRECTION('',(-0.,-0.,1.));
#5249 = DIRECTION('',(1.,0.,0.));
#5250 = DEFINITIONAL_REPRESENTATION('',(#5251),#5266);
#5251 = B_SPLINE_CURVE_WITH_KNOTS('',7,(#5252,#5253,#5254,#5255,#5256,
    #5257,#5258,#5259,#5260,#5261,#5262,#5263,#5264,#5265),
  .UNSPECIFIED.,.F.,.F.,(8,6,8),(1.535788756762,3.124088868573,
    4.712388980385),.UNSPECIFIED.);
#5252 = CARTESIAN_POINT('',(-3.176600223623,6.000000212225E-07));
#5253 = CARTESIAN_POINT('',(-2.94970020765,-0.32394367684));
#5254 = CARTESIAN_POINT('',(-2.722800191676,-0.650889822715));
#5255 = CARTESIAN_POINT('',(-2.495900175704,-0.953608340466));
#5256 = CARTESIAN_POINT('',(-2.26900015973,-1.204439010218));
#5257 = CARTESIAN_POINT('',(-2.042100143757,-1.381211263997));
#5258 = CARTESIAN_POINT('',(-1.815200127784,-1.472679151955));
#5259 = CARTESIAN_POINT('',(-1.361400095838,-1.484026027091));
#5260 = CARTESIAN_POINT('',(-1.134500079865,-1.403904964051));
#5261 = CARTESIAN_POINT('',(-0.907600063893,-1.237525726929));
#5262 = CARTESIAN_POINT('',(-0.680700047919,-0.995178607707));
#5263 = CARTESIAN_POINT('',(-0.453800031946,-0.698284325334));
#5264 = CARTESIAN_POINT('',(-0.226900015973,-0.374142879962));
#5265 = CARTESIAN_POINT('',(0.,-5.000000000001E-02));
#5266 = ( GEOMETRIC_REPRESENTATION_CONTEXT(2) 
PARAMETRIC_REPRESENTATION_CONTEXT() REPRESENTATION_CONTEXT('2D SPACE',''
  ) );
#5267 = ORIENTED_EDGE('',*,*,#5268,.T.);
#5268 = EDGE_CURVE('',#5229,#5157,#5269,.T.);
#5269 = SURFACE_CURVE('',#5270,(#5274,#5281),.PCURVE_S1.);
#5270 = LINE('',#5271,#5272);
#5271 = CARTESIAN_POINT('',(500.,72.5,270.));
#5272 = VECTOR('',#5273,1.);
#5273 = DIRECTION('',(-1.,0.,0.));
#5274 = PCURVE('',#4846,#5275);
#5275 = DEFINITIONAL_REPRESENTATION('',(#5276),#5280);
#5276 = LINE('',#5277,#5278);
#5277 = CARTESIAN_POINT('',(-0.,0.));
#5278 = VECTOR('',#5279,1.);
#5279 = DIRECTION('',(0.,-1.));
#5280 = ( GEOMETRIC_REPRESENTATION_CONTEXT(2) 
PARAMETRIC_REPRESENTATION_CONTEXT() REPRESENTATION_CONTEXT('2D SPACE',''
  ) );
#5281 = PCURVE('',#5006,#5282);
#5282 = DEFINITIONAL_REPRESENTATION('',(#5283),#5287);
#5283 = LINE('',#5284,#5285);
#5284 = CARTESIAN_POINT('',(79.72609359551,0.));
#5285 = VECTOR('',#5286,1.);
#5286 = DIRECTION('',(0.,-1.));
#5287 = ( GEOMETRIC_REPRESENTATION_CONTEXT(2) 
PARAMETRIC_REPRESENTATION_CONTEXT() REPRESENTATION_CONTEXT('2D SPACE',''
  ) );
#5288 = ORIENTED_EDGE('',*,*,#5179,.T.);
#5289 = ORIENTED_EDGE('',*,*,#4828,.F.);
#5290 = ADVANCED_FACE('',(#5291),#4920,.F.);
#5291 = FACE_BOUND('',#5292,.T.);
#5292 = EDGE_LOOP('',(#5293,#5294,#5317,#5344));
#5293 = ORIENTED_EDGE('',*,*,#4903,.T.);
#5294 = ORIENTED_EDGE('',*,*,#5295,.T.);
#5295 = EDGE_CURVE('',#4904,#5296,#5298,.T.);
#5296 = VERTEX_POINT('',#5297);
#5297 = CARTESIAN_POINT('',(490.,32.05,141.25));
#5298 = SEAM_CURVE('',#5299,(#5303,#5310),.PCURVE_S1.);
#5299 = LINE('',#5300,#5301);
#5300 = CARTESIAN_POINT('',(490.,19.95,141.25));
#5301 = VECTOR('',#5302,1.);
#5302 = DIRECTION('',(0.,1.,0.));
#5303 = PCURVE('',#4920,#5304);
#5304 = DEFINITIONAL_REPRESENTATION('',(#5305),#5309);
#5305 = LINE('',#5306,#5307);
#5306 = CARTESIAN_POINT('',(-6.28318530718,0.));
#5307 = VECTOR('',#5308,1.);
#5308 = DIRECTION('',(-0.,-1.));
#5309 = ( GEOMETRIC_REPRESENTATION_CONTEXT(2) 
PARAMETRIC_REPRESENTATION_CONTEXT() REPRESENTATION_CONTEXT('2D SPACE',''
  ) );
#5310 = PCURVE('',#4920,#5311);
#5311 = DEFINITIONAL_REPRESENTATION('',(#5312),#5316);
#5312 = LINE('',#5313,#5314);
#5313 = CARTESIAN_POINT('',(-0.,0.));
#5314 = VECTOR('',#5315,1.);
#5315 = DIRECTION('',(-0.,-1.));
#5316 = ( GEOMETRIC_REPRESENTATION_CONTEXT(2) 
PARAMETRIC_REPRESENTATION_CONTEXT() REPRESENTATION_CONTEXT('2D SPACE',''
  ) );
#5317 = ORIENTED_EDGE('',*,*,#5318,.T.);
#5318 = EDGE_CURVE('',#5296,#5296,#5319,.T.);
#5319 = SURFACE_CURVE('',#5320,(#5325,#5332),.PCURVE_S1.);
#5320 = CIRCLE('',#5321,1.25);
#5321 = AXIS2_PLACEMENT_3D('',#5322,#5323,#5324);
#5322 = CARTESIAN_POINT('',(490.,32.05,140.));
#5323 = DIRECTION('',(0.,1.,0.));
#5324 = DIRECTION('',(0.,0.,1.));
#5325 = PCURVE('',#4920,#5326);
#5326 = DEFINITIONAL_REPRESENTATION('',(#5327),#5331);
#5327 = LINE('',#5328,#5329);
#5328 = CARTESIAN_POINT('',(-0.,-12.1));
#5329 = VECTOR('',#5330,1.);
#5330 = DIRECTION('',(-1.,0.));
#5331 = ( GEOMETRIC_REPRESENTATION_CONTEXT(2) 
PARAMETRIC_REPRESENTATION_CONTEXT() REPRESENTATION_CONTEXT('2D SPACE',''
  ) );
#5332 = PCURVE('',#5333,#5338);
#5333 = PLANE('',#5334);
#5334 = AXIS2_PLACEMENT_3D('',#5335,#5336,#5337);
#5335 = CARTESIAN_POINT('',(490.,32.05,140.));
#5336 = DIRECTION('',(0.,1.,0.));
#5337 = DIRECTION('',(0.,-0.,1.));
#5338 = DEFINITIONAL_REPRESENTATION('',(#5339),#5343);
#5339 = CIRCLE('',#5340,1.25);
#5340 = AXIS2_PLACEMENT_2D('',#5341,#5342);
#5341 = CARTESIAN_POINT('',(0.,5.684341886081E-14));
#5342 = DIRECTION('',(1.,0.));
#5343 = ( GEOMETRIC_REPRESENTATION_CONTEXT(2) 
PARAMETRIC_REPRESENTATION_CONTEXT() REPRESENTATION_CONTEXT('2D SPACE',''
  ) );
#5344 = ORIENTED_EDGE('',*,*,#5295,.F.);
#5345 = ADVANCED_FACE('',(#5346),#4951,.F.);
#5346 = FACE_BOUND('',#5347,.T.);
#5347 = EDGE_LOOP('',(#5348,#5349,#5372,#5399));
#5348 = ORIENTED_EDGE('',*,*,#4934,.T.);
#5349 = ORIENTED_EDGE('',*,*,#5350,.T.);
#5350 = EDGE_CURVE('',#4935,#5351,#5353,.T.);
#5351 = VERTEX_POINT('',#5352);
#5352 = CARTESIAN_POINT('',(490.,32.05,46.25));
#5353 = SEAM_CURVE('',#5354,(#5358,#5365),.PCURVE_S1.);
#5354 = LINE('',#5355,#5356);
#5355 = CARTESIAN_POINT('',(490.,19.95,46.25));
#5356 = VECTOR('',#5357,1.);
#5357 = DIRECTION('',(0.,1.,0.));
#5358 = PCURVE('',#4951,#5359);
#5359 = DEFINITIONAL_REPRESENTATION('',(#5360),#5364);
#5360 = LINE('',#5361,#5362);
#5361 = CARTESIAN_POINT('',(-6.28318530718,0.));
#5362 = VECTOR('',#5363,1.);
#5363 = DIRECTION('',(-0.,-1.));
#5364 = ( GEOMETRIC_REPRESENTATION_CONTEXT(2) 
PARAMETRIC_REPRESENTATION_CONTEXT() REPRESENTATION_CONTEXT('2D SPACE',''
  ) );
#5365 = PCURVE('',#4951,#5366);
#5366 = DEFINITIONAL_REPRESENTATION('',(#5367),#5371);
#5367 = LINE('',#5368,#5369);
#5368 = CARTESIAN_POINT('',(-0.,0.));
#5369 = VECTOR('',#5370,1.);
#5370 = DIRECTION('',(-0.,-1.));
#5371 = ( GEOMETRIC_REPRESENTATION_CONTEXT(2) 
PARAMETRIC_REPRESENTATION_CONTEXT() REPRESENTATION_CONTEXT('2D SPACE',''
  ) );
#5372 = ORIENTED_EDGE('',*,*,#5373,.T.);
#5373 = EDGE_CURVE('',#5351,#5351,#5374,.T.);
#5374 = SURFACE_CURVE('',#5375,(#5380,#5387),.PCURVE_S1.);
#5375 = CIRCLE('',#5376,1.25);
#5376 = AXIS2_PLACEMENT_3D('',#5377,#5378,#5379);
#5377 = CARTESIAN_POINT('',(490.,32.05,45.));
#5378 = DIRECTION('',(0.,1.,0.));
#5379 = DIRECTION('',(0.,0.,1.));
#5380 = PCURVE('',#4951,#5381);
#5381 = DEFINITIONAL_REPRESENTATION('',(#5382),#5386);
#5382 = LINE('',#5383,#5384);
#5383 = CARTESIAN_POINT('',(-0.,-12.1));
#5384 = VECTOR('',#5385,1.);
#5385 = DIRECTION('',(-1.,0.));
#5386 = ( GEOMETRIC_REPRESENTATION_CONTEXT(2) 
PARAMETRIC_REPRESENTATION_CONTEXT() REPRESENTATION_CONTEXT('2D SPACE',''
  ) );
#5387 = PCURVE('',#5388,#5393);
#5388 = PLANE('',#5389);
#5389 = AXIS2_PLACEMENT_3D('',#5390,#5391,#5392);
#5390 = CARTESIAN_POINT('',(490.,32.05,45.));
#5391 = DIRECTION('',(0.,1.,0.));
#5392 = DIRECTION('',(0.,-0.,1.));
#5393 = DEFINITIONAL_REPRESENTATION('',(#5394),#5398);
#5394 = CIRCLE('',#5395,1.25);
#5395 = AXIS2_PLACEMENT_2D('',#5396,#5397);
#5396 = CARTESIAN_POINT('',(0.,5.684341886081E-14));
#5397 = DIRECTION('',(1.,0.));
#5398 = ( GEOMETRIC_REPRESENTATION_CONTEXT(2) 
PARAMETRIC_REPRESENTATION_CONTEXT() REPRESENTATION_CONTEXT('2D SPACE',''
  ) );
#5399 = ORIENTED_EDGE('',*,*,#5350,.F.);
#5400 = ADVANCED_FACE('',(#5401),#5006,.T.);
#5401 = FACE_BOUND('',#5402,.T.);
#5402 = EDGE_LOOP('',(#5403,#5404,#5405,#5406,#5407,#5440));
#5403 = ORIENTED_EDGE('',*,*,#5106,.F.);
#5404 = ORIENTED_EDGE('',*,*,#4990,.T.);
#5405 = ORIENTED_EDGE('',*,*,#5156,.T.);
#5406 = ORIENTED_EDGE('',*,*,#5268,.F.);
#5407 = ORIENTED_EDGE('',*,*,#5408,.F.);
#5408 = EDGE_CURVE('',#5206,#5229,#5409,.T.);
#5409 = SURFACE_CURVE('',#5410,(#5415,#5422),.PCURVE_S1.);
#5410 = ELLIPSE('',#5411,1.898240323703,1.25);
#5411 = AXIS2_PLACEMENT_3D('',#5412,#5413,#5414);
#5412 = CARTESIAN_POINT('',(490.,72.5,270.));
#5413 = DIRECTION('',(0.,0.752576694707,0.658504607869));
#5414 = DIRECTION('',(0.,-0.658504607869,0.752576694707));
#5415 = PCURVE('',#5006,#5416);
#5416 = DEFINITIONAL_REPRESENTATION('',(#5417),#5421);
#5417 = ELLIPSE('',#5418,1.898240323703,1.25);
#5418 = AXIS2_PLACEMENT_2D('',#5419,#5420);
#5419 = CARTESIAN_POINT('',(79.72609359551,-10.));
#5420 = DIRECTION('',(1.,0.));
#5421 = ( GEOMETRIC_REPRESENTATION_CONTEXT(2) 
PARAMETRIC_REPRESENTATION_CONTEXT() REPRESENTATION_CONTEXT('2D SPACE',''
  ) );
#5422 = PCURVE('',#5245,#5423);
#5423 = DEFINITIONAL_REPRESENTATION('',(#5424),#5439);
#5424 = B_SPLINE_CURVE_WITH_KNOTS('',7,(#5425,#5426,#5427,#5428,#5429,
    #5430,#5431,#5432,#5433,#5434,#5435,#5436,#5437,#5438),
  .UNSPECIFIED.,.F.,.F.,(8,6,8),(1.570796326795,3.159096438606,
    4.747396550418),.UNSPECIFIED.);
#5425 = CARTESIAN_POINT('',(-6.28318530718,-5.000000000001E-02));
#5426 = CARTESIAN_POINT('',(-6.056285291207,-0.374142879962));
#5427 = CARTESIAN_POINT('',(-5.829385275233,-0.698284325334));
#5428 = CARTESIAN_POINT('',(-5.60248525926,-0.995178607706));
#5429 = CARTESIAN_POINT('',(-5.375585243287,-1.23752572693));
#5430 = CARTESIAN_POINT('',(-5.148685227314,-1.40390496405));
#5431 = CARTESIAN_POINT('',(-4.921785211341,-1.484026027091));
#5432 = CARTESIAN_POINT('',(-4.467985179395,-1.472679151955));
#5433 = CARTESIAN_POINT('',(-4.241085163422,-1.381211263997));
#5434 = CARTESIAN_POINT('',(-4.014185147448,-1.204439010218));
#5435 = CARTESIAN_POINT('',(-3.787285131477,-0.953608340465));
#5436 = CARTESIAN_POINT('',(-3.560385115503,-0.650889822715));
#5437 = CARTESIAN_POINT('',(-3.33348509953,-0.32394367684));
#5438 = CARTESIAN_POINT('',(-3.106585083557,6.000000212225E-07));
#5439 = ( GEOMETRIC_REPRESENTATION_CONTEXT(2) 
PARAMETRIC_REPRESENTATION_CONTEXT() REPRESENTATION_CONTEXT('2D SPACE',''
  ) );
#5440 = ORIENTED_EDGE('',*,*,#5205,.F.);
#5441 = ADVANCED_FACE('',(#5442),#5058,.F.);
#5442 = FACE_BOUND('',#5443,.T.);
#5443 = EDGE_LOOP('',(#5444,#5445,#5468,#5495));
#5444 = ORIENTED_EDGE('',*,*,#5041,.T.);
#5445 = ORIENTED_EDGE('',*,*,#5446,.T.);
#5446 = EDGE_CURVE('',#5042,#5447,#5449,.T.);
#5447 = VERTEX_POINT('',#5448);
#5448 = CARTESIAN_POINT('',(490.,112.95,46.25));
#5449 = SEAM_CURVE('',#5450,(#5454,#5461),.PCURVE_S1.);
#5450 = LINE('',#5451,#5452);
#5451 = CARTESIAN_POINT('',(490.,125.05,46.25));
#5452 = VECTOR('',#5453,1.);
#5453 = DIRECTION('',(0.,-1.,0.));
#5454 = PCURVE('',#5058,#5455);
#5455 = DEFINITIONAL_REPRESENTATION('',(#5456),#5460);
#5456 = LINE('',#5457,#5458);
#5457 = CARTESIAN_POINT('',(-6.28318530718,0.));
#5458 = VECTOR('',#5459,1.);
#5459 = DIRECTION('',(-0.,-1.));
#5460 = ( GEOMETRIC_REPRESENTATION_CONTEXT(2) 
PARAMETRIC_REPRESENTATION_CONTEXT() REPRESENTATION_CONTEXT('2D SPACE',''
  ) );
#5461 = PCURVE('',#5058,#5462);
#5462 = DEFINITIONAL_REPRESENTATION('',(#5463),#5467);
#5463 = LINE('',#5464,#5465);
#5464 = CARTESIAN_POINT('',(-0.,0.));
#5465 = VECTOR('',#5466,1.);
#5466 = DIRECTION('',(-0.,-1.));
#5467 = ( GEOMETRIC_REPRESENTATION_CONTEXT(2) 
PARAMETRIC_REPRESENTATION_CONTEXT() REPRESENTATION_CONTEXT('2D SPACE',''
  ) );
#5468 = ORIENTED_EDGE('',*,*,#5469,.T.);
#5469 = EDGE_CURVE('',#5447,#5447,#5470,.T.);
#5470 = SURFACE_CURVE('',#5471,(#5476,#5483),.PCURVE_S1.);
#5471 = CIRCLE('',#5472,1.25);
#5472 = AXIS2_PLACEMENT_3D('',#5473,#5474,#5475);
#5473 = CARTESIAN_POINT('',(490.,112.95,45.));
#5474 = DIRECTION('',(0.,-1.,0.));
#5475 = DIRECTION('',(0.,0.,1.));
#5476 = PCURVE('',#5058,#5477);
#5477 = DEFINITIONAL_REPRESENTATION('',(#5478),#5482);
#5478 = LINE('',#5479,#5480);
#5479 = CARTESIAN_POINT('',(-0.,-12.1));
#5480 = VECTOR('',#5481,1.);
#5481 = DIRECTION('',(-1.,0.));
#5482 = ( GEOMETRIC_REPRESENTATION_CONTEXT(2) 
PARAMETRIC_REPRESENTATION_CONTEXT() REPRESENTATION_CONTEXT('2D SPACE',''
  ) );
#5483 = PCURVE('',#5484,#5489);
#5484 = PLANE('',#5485);
#5485 = AXIS2_PLACEMENT_3D('',#5486,#5487,#5488);
#5486 = CARTESIAN_POINT('',(490.,112.95,45.));
#5487 = DIRECTION('',(-0.,-1.,-0.));
#5488 = DIRECTION('',(0.,0.,-1.));
#5489 = DEFINITIONAL_REPRESENTATION('',(#5490),#5494);
#5490 = CIRCLE('',#5491,1.25);
#5491 = AXIS2_PLACEMENT_2D('',#5492,#5493);
#5492 = CARTESIAN_POINT('',(0.,5.684341886081E-14));
#5493 = DIRECTION('',(-1.,0.));
#5494 = ( GEOMETRIC_REPRESENTATION_CONTEXT(2) 
PARAMETRIC_REPRESENTATION_CONTEXT() REPRESENTATION_CONTEXT('2D SPACE',''
  ) );
#5495 = ORIENTED_EDGE('',*,*,#5446,.F.);
#5496 = ADVANCED_FACE('',(#5497),#5089,.F.);
#5497 = FACE_BOUND('',#5498,.T.);
#5498 = EDGE_LOOP('',(#5499,#5500,#5523,#5550));
#5499 = ORIENTED_EDGE('',*,*,#5072,.T.);
#5500 = ORIENTED_EDGE('',*,*,#5501,.T.);
#5501 = EDGE_CURVE('',#5073,#5502,#5504,.T.);
#5502 = VERTEX_POINT('',#5503);
#5503 = CARTESIAN_POINT('',(490.,112.95,141.25));
#5504 = SEAM_CURVE('',#5505,(#5509,#5516),.PCURVE_S1.);
#5505 = LINE('',#5506,#5507);
#5506 = CARTESIAN_POINT('',(490.,125.05,141.25));
#5507 = VECTOR('',#5508,1.);
#5508 = DIRECTION('',(0.,-1.,0.));
#5509 = PCURVE('',#5089,#5510);
#5510 = DEFINITIONAL_REPRESENTATION('',(#5511),#5515);
#5511 = LINE('',#5512,#5513);
#5512 = CARTESIAN_POINT('',(-6.28318530718,0.));
#5513 = VECTOR('',#5514,1.);
#5514 = DIRECTION('',(-0.,-1.));
#5515 = ( GEOMETRIC_REPRESENTATION_CONTEXT(2) 
PARAMETRIC_REPRESENTATION_CONTEXT() REPRESENTATION_CONTEXT('2D SPACE',''
  ) );
#5516 = PCURVE('',#5089,#5517);
#5517 = DEFINITIONAL_REPRESENTATION('',(#5518),#5522);
#5518 = LINE('',#5519,#5520);
#5519 = CARTESIAN_POINT('',(-0.,0.));
#5520 = VECTOR('',#5521,1.);
#5521 = DIRECTION('',(-0.,-1.));
#5522 = ( GEOMETRIC_REPRESENTATION_CONTEXT(2) 
PARAMETRIC_REPRESENTATION_CONTEXT() REPRESENTATION_CONTEXT('2D SPACE',''
  ) );
#5523 = ORIENTED_EDGE('',*,*,#5524,.T.);
#5524 = EDGE_CURVE('',#5502,#5502,#5525,.T.);
#5525 = SURFACE_CURVE('',#5526,(#5531,#5538),.PCURVE_S1.);
#5526 = CIRCLE('',#5527,1.25);
#5527 = AXIS2_PLACEMENT_3D('',#5528,#5529,#5530);
#5528 = CARTESIAN_POINT('',(490.,112.95,140.));
#5529 = DIRECTION('',(0.,-1.,0.));
#5530 = DIRECTION('',(0.,0.,1.));
#5531 = PCURVE('',#5089,#5532);
#5532 = DEFINITIONAL_REPRESENTATION('',(#5533),#5537);
#5533 = LINE('',#5534,#5535);
#5534 = CARTESIAN_POINT('',(-0.,-12.1));
#5535 = VECTOR('',#5536,1.);
#5536 = DIRECTION('',(-1.,0.));
#5537 = ( GEOMETRIC_REPRESENTATION_CONTEXT(2) 
PARAMETRIC_REPRESENTATION_CONTEXT() REPRESENTATION_CONTEXT('2D SPACE',''
  ) );
#5538 = PCURVE('',#5539,#5544);
#5539 = PLANE('',#5540);
#5540 = AXIS2_PLACEMENT_3D('',#5541,#5542,#5543);
#5541 = CARTESIAN_POINT('',(490.,112.95,140.));
#5542 = DIRECTION('',(-0.,-1.,-0.));
#5543 = DIRECTION('',(0.,0.,-1.));
#5544 = DEFINITIONAL_REPRESENTATION('',(#5545),#5549);
#5545 = CIRCLE('',#5546,1.25);
#5546 = AXIS2_PLACEMENT_2D('',#5547,#5548);
#5547 = CARTESIAN_POINT('',(0.,5.684341886081E-14));
#5548 = DIRECTION('',(-1.,0.));
#5549 = ( GEOMETRIC_REPRESENTATION_CONTEXT(2) 
PARAMETRIC_REPRESENTATION_CONTEXT() REPRESENTATION_CONTEXT('2D SPACE',''
  ) );
#5550 = ORIENTED_EDGE('',*,*,#5501,.F.);
#5551 = ADVANCED_FACE('',(#5552),#5245,.F.);
#5552 = FACE_BOUND('',#5553,.T.);
#5553 = EDGE_LOOP('',(#5554,#5555,#5578,#5605,#5606));
#5554 = ORIENTED_EDGE('',*,*,#5228,.T.);
#5555 = ORIENTED_EDGE('',*,*,#5556,.T.);
#5556 = EDGE_CURVE('',#5206,#5557,#5559,.T.);
#5557 = VERTEX_POINT('',#5558);
#5558 = CARTESIAN_POINT('',(491.25,72.5,238.95));
#5559 = SEAM_CURVE('',#5560,(#5564,#5571),.PCURVE_S1.);
#5560 = LINE('',#5561,#5562);
#5561 = CARTESIAN_POINT('',(491.25,72.5,270.05));
#5562 = VECTOR('',#5563,1.);
#5563 = DIRECTION('',(0.,0.,-1.));
#5564 = PCURVE('',#5245,#5565);
#5565 = DEFINITIONAL_REPRESENTATION('',(#5566),#5570);
#5566 = LINE('',#5567,#5568);
#5567 = CARTESIAN_POINT('',(-6.28318530718,0.));
#5568 = VECTOR('',#5569,1.);
#5569 = DIRECTION('',(-0.,-1.));
#5570 = ( GEOMETRIC_REPRESENTATION_CONTEXT(2) 
PARAMETRIC_REPRESENTATION_CONTEXT() REPRESENTATION_CONTEXT('2D SPACE',''
  ) );
#5571 = PCURVE('',#5245,#5572);
#5572 = DEFINITIONAL_REPRESENTATION('',(#5573),#5577);
#5573 = LINE('',#5574,#5575);
#5574 = CARTESIAN_POINT('',(-0.,0.));
#5575 = VECTOR('',#5576,1.);
#5576 = DIRECTION('',(-0.,-1.));
#5577 = ( GEOMETRIC_REPRESENTATION_CONTEXT(2) 
PARAMETRIC_REPRESENTATION_CONTEXT() REPRESENTATION_CONTEXT('2D SPACE',''
  ) );
#5578 = ORIENTED_EDGE('',*,*,#5579,.T.);
#5579 = EDGE_CURVE('',#5557,#5557,#5580,.T.);
#5580 = SURFACE_CURVE('',#5581,(#5586,#5593),.PCURVE_S1.);
#5581 = CIRCLE('',#5582,1.25);
#5582 = AXIS2_PLACEMENT_3D('',#5583,#5584,#5585);
#5583 = CARTESIAN_POINT('',(490.,72.5,238.95));
#5584 = DIRECTION('',(0.,0.,-1.));
#5585 = DIRECTION('',(1.,0.,0.));
#5586 = PCURVE('',#5245,#5587);
#5587 = DEFINITIONAL_REPRESENTATION('',(#5588),#5592);
#5588 = LINE('',#5589,#5590);
#5589 = CARTESIAN_POINT('',(-0.,-31.1));
#5590 = VECTOR('',#5591,1.);
#5591 = DIRECTION('',(-1.,0.));
#5592 = ( GEOMETRIC_REPRESENTATION_CONTEXT(2) 
PARAMETRIC_REPRESENTATION_CONTEXT() REPRESENTATION_CONTEXT('2D SPACE',''
  ) );
#5593 = PCURVE('',#5594,#5599);
#5594 = PLANE('',#5595);
#5595 = AXIS2_PLACEMENT_3D('',#5596,#5597,#5598);
#5596 = CARTESIAN_POINT('',(490.,72.5,238.95));
#5597 = DIRECTION('',(-0.,-0.,-1.));
#5598 = DIRECTION('',(-1.,0.,0.));
#5599 = DEFINITIONAL_REPRESENTATION('',(#5600),#5604);
#5600 = CIRCLE('',#5601,1.25);
#5601 = AXIS2_PLACEMENT_2D('',#5602,#5603);
#5602 = CARTESIAN_POINT('',(-5.684341886081E-14,0.));
#5603 = DIRECTION('',(-1.,0.));
#5604 = ( GEOMETRIC_REPRESENTATION_CONTEXT(2) 
PARAMETRIC_REPRESENTATION_CONTEXT() REPRESENTATION_CONTEXT('2D SPACE',''
  ) );
#5605 = ORIENTED_EDGE('',*,*,#5556,.F.);
#5606 = ORIENTED_EDGE('',*,*,#5408,.T.);
#5607 = ADVANCED_FACE('',(#5608),#5333,.F.);
#5608 = FACE_BOUND('',#5609,.F.);
#5609 = EDGE_LOOP('',(#5610));
#5610 = ORIENTED_EDGE('',*,*,#5318,.T.);
#5611 = ADVANCED_FACE('',(#5612),#5388,.F.);
#5612 = FACE_BOUND('',#5613,.F.);
#5613 = EDGE_LOOP('',(#5614));
#5614 = ORIENTED_EDGE('',*,*,#5373,.T.);
#5615 = ADVANCED_FACE('',(#5616),#5484,.F.);
#5616 = FACE_BOUND('',#5617,.F.);
#5617 = EDGE_LOOP('',(#5618));
#5618 = ORIENTED_EDGE('',*,*,#5469,.T.);
#5619 = ADVANCED_FACE('',(#5620),#5539,.F.);
#5620 = FACE_BOUND('',#5621,.F.);
#5621 = EDGE_LOOP('',(#5622));
#5622 = ORIENTED_EDGE('',*,*,#5524,.T.);
#5623 = ADVANCED_FACE('',(#5624),#5594,.F.);
#5624 = FACE_BOUND('',#5625,.F.);
#5625 = EDGE_LOOP('',(#5626));
#5626 = ORIENTED_EDGE('',*,*,#5579,.T.);
#5627 = ( GEOMETRIC_REPRESENTATION_CONTEXT(3) 
GLOBAL_UNCERTAINTY_ASSIGNED_CONTEXT((#5631)) 
GLOBAL_UNIT_ASSIGNED_CONTEXT((#5628,#5629,#5630)) REPRESENTATION_CONTEXT
('Context #1','3D Context with UNIT and UNCERTAINTY') );
#5628 = ( LENGTH_UNIT() NAMED_UNIT(*) SI_UNIT(.MILLI.,.METRE.) );
#5629 = ( NAMED_UNIT(*) PLANE_ANGLE_UNIT() SI_UNIT($,.RADIAN.) );
#5630 = ( NAMED_UNIT(*) SI_UNIT($,.STERADIAN.) SOLID_ANGLE_UNIT() );
#5631 = UNCERTAINTY_MEASURE_WITH_UNIT(LENGTH_MEASURE(1.E-07),#5628,
  'distance_accuracy_value','confusion accuracy');
#5632 = CONTEXT_DEPENDENT_SHAPE_REPRESENTATION(#5633,#5635);
#5633 = ( REPRESENTATION_RELATIONSHIP('','',#4701,#10) 
REPRESENTATION_RELATIONSHIP_WITH_TRANSFORMATION(#5634) 
SHAPE_REPRESENTATION_RELATIONSHIP() );
#5634 = ITEM_DEFINED_TRANSFORMATION('','',#11,#31);
#5635 = PRODUCT_DEFINITION_SHAPE('Placement','Placement of an item',
  #5636);
#5636 = NEXT_ASSEMBLY_USAGE_OCCURRENCE('11','end_2','',#5,#4696,$);
#5637 = PRODUCT_RELATED_PRODUCT_CATEGORY('part',$,(#4698));
#5638 = SHAPE_DEFINITION_REPRESENTATION(#5639,#5645);
#5639 = PRODUCT_DEFINITION_SHAPE('','',#5640);
#5640 = PRODUCT_DEFINITION('design','',#5641,#5644);
#5641 = PRODUCT_DEFINITION_FORMATION('','',#5642);
#5642 = PRODUCT('handle','handle','',(#5643));
#5643 = PRODUCT_CONTEXT('',#2,'mechanical');
#5644 = PRODUCT_DEFINITION_CONTEXT('part definition',#2,'design');
#5645 = ADVANCED_BREP_SHAPE_REPRESENTATION('',(#11,#5646),#6312);
#5646 = MANIFOLD_SOLID_BREP('',#5647);
#5647 = CLOSED_SHELL('',(#5648,#5768,#5844,#5963,#6012,#6101,#6108,#6182
    ,#6256,#6284));
#5648 = ADVANCED_FACE('',(#5649),#5663,.F.);
#5649 = FACE_BOUND('',#5650,.F.);
#5650 = EDGE_LOOP('',(#5651,#5686,#5714,#5742));
#5651 = ORIENTED_EDGE('',*,*,#5652,.F.);
#5652 = EDGE_CURVE('',#5653,#5655,#5657,.T.);
#5653 = VERTEX_POINT('',#5654);
#5654 = CARTESIAN_POINT('',(-20.,50.,270.));
#5655 = VERTEX_POINT('',#5656);
#5656 = CARTESIAN_POINT('',(-20.,50.,290.));
#5657 = SURFACE_CURVE('',#5658,(#5662,#5674),.PCURVE_S1.);
#5658 = LINE('',#5659,#5660);
#5659 = CARTESIAN_POINT('',(-20.,50.,270.));
#5660 = VECTOR('',#5661,1.);
#5661 = DIRECTION('',(0.,0.,1.));
#5662 = PCURVE('',#5663,#5668);
#5663 = PLANE('',#5664);
#5664 = AXIS2_PLACEMENT_3D('',#5665,#5666,#5667);
#5665 = CARTESIAN_POINT('',(-20.,50.,270.));
#5666 = DIRECTION('',(1.,0.,0.));
#5667 = DIRECTION('',(0.,0.,1.));
#5668 = DEFINITIONAL_REPRESENTATION('',(#5669),#5673);
#5669 = LINE('',#5670,#5671);
#5670 = CARTESIAN_POINT('',(0.,0.));
#5671 = VECTOR('',#5672,1.);
#5672 = DIRECTION('',(1.,0.));
#5673 = ( GEOMETRIC_REPRESENTATION_CONTEXT(2) 
PARAMETRIC_REPRESENTATION_CONTEXT() REPRESENTATION_CONTEXT('2D SPACE',''
  ) );
#5674 = PCURVE('',#5675,#5680);
#5675 = PLANE('',#5676);
#5676 = AXIS2_PLACEMENT_3D('',#5677,#5678,#5679);
#5677 = CARTESIAN_POINT('',(-20.,50.,270.));
#5678 = DIRECTION('',(0.,1.,0.));
#5679 = DIRECTION('',(0.,0.,1.));
#5680 = DEFINITIONAL_REPRESENTATION('',(#5681),#5685);
#5681 = LINE('',#5682,#5683);
#5682 = CARTESIAN_POINT('',(0.,0.));
#5683 = VECTOR('',#5684,1.);
#5684 = DIRECTION('',(1.,0.));
#5685 = ( GEOMETRIC_REPRESENTATION_CONTEXT(2) 
PARAMETRIC_REPRESENTATION_CONTEXT() REPRESENTATION_CONTEXT('2D SPACE',''
  ) );
#5686 = ORIENTED_EDGE('',*,*,#5687,.T.);
#5687 = EDGE_CURVE('',#5653,#5688,#5690,.T.);
#5688 = VERTEX_POINT('',#5689);
#5689 = CARTESIAN_POINT('',(-20.,95.,270.));
#5690 = SURFACE_CURVE('',#5691,(#5695,#5702),.PCURVE_S1.);
#5691 = LINE('',#5692,#5693);
#5692 = CARTESIAN_POINT('',(-20.,50.,270.));
#5693 = VECTOR('',#5694,1.);
#5694 = DIRECTION('',(0.,1.,0.));
#5695 = PCURVE('',#5663,#5696);
#5696 = DEFINITIONAL_REPRESENTATION('',(#5697),#5701);
#5697 = LINE('',#5698,#5699);
#5698 = CARTESIAN_POINT('',(0.,0.));
#5699 = VECTOR('',#5700,1.);
#5700 = DIRECTION('',(0.,-1.));
#5701 = ( GEOMETRIC_REPRESENTATION_CONTEXT(2) 
PARAMETRIC_REPRESENTATION_CONTEXT() REPRESENTATION_CONTEXT('2D SPACE',''
  ) );
#5702 = PCURVE('',#5703,#5708);
#5703 = PLANE('',#5704);
#5704 = AXIS2_PLACEMENT_3D('',#5705,#5706,#5707);
#5705 = CARTESIAN_POINT('',(-20.,50.,270.));
#5706 = DIRECTION('',(0.,0.,1.));
#5707 = DIRECTION('',(1.,0.,0.));
#5708 = DEFINITIONAL_REPRESENTATION('',(#5709),#5713);
#5709 = LINE('',#5710,#5711);
#5710 = CARTESIAN_POINT('',(0.,0.));
#5711 = VECTOR('',#5712,1.);
#5712 = DIRECTION('',(0.,1.));
#5713 = ( GEOMETRIC_REPRESENTATION_CONTEXT(2) 
PARAMETRIC_REPRESENTATION_CONTEXT() REPRESENTATION_CONTEXT('2D SPACE',''
  ) );
#5714 = ORIENTED_EDGE('',*,*,#5715,.T.);
#5715 = EDGE_CURVE('',#5688,#5716,#5718,.T.);
#5716 = VERTEX_POINT('',#5717);
#5717 = CARTESIAN_POINT('',(-20.,95.,290.));
#5718 = SURFACE_CURVE('',#5719,(#5723,#5730),.PCURVE_S1.);
#5719 = LINE('',#5720,#5721);
#5720 = CARTESIAN_POINT('',(-20.,95.,270.));
#5721 = VECTOR('',#5722,1.);
#5722 = DIRECTION('',(0.,0.,1.));
#5723 = PCURVE('',#5663,#5724);
#5724 = DEFINITIONAL_REPRESENTATION('',(#5725),#5729);
#5725 = LINE('',#5726,#5727);
#5726 = CARTESIAN_POINT('',(0.,-45.));
#5727 = VECTOR('',#5728,1.);
#5728 = DIRECTION('',(1.,0.));
#5729 = ( GEOMETRIC_REPRESENTATION_CONTEXT(2) 
PARAMETRIC_REPRESENTATION_CONTEXT() REPRESENTATION_CONTEXT('2D SPACE',''
  ) );
#5730 = PCURVE('',#5731,#5736);
#5731 = PLANE('',#5732);
#5732 = AXIS2_PLACEMENT_3D('',#5733,#5734,#5735);
#5733 = CARTESIAN_POINT('',(-20.,95.,270.));
#5734 = DIRECTION('',(0.,1.,0.));
#5735 = DIRECTION('',(0.,0.,1.));
#5736 = DEFINITIONAL_REPRESENTATION('',(#5737),#5741);
#5737 = LINE('',#5738,#5739);
#5738 = CARTESIAN_POINT('',(0.,0.));
#5739 = VECTOR('',#5740,1.);
#5740 = DIRECTION('',(1.,0.));
#5741 = ( GEOMETRIC_REPRESENTATION_CONTEXT(2) 
PARAMETRIC_REPRESENTATION_CONTEXT() REPRESENTATION_CONTEXT('2D SPACE',''
  ) );
#5742 = ORIENTED_EDGE('',*,*,#5743,.F.);
#5743 = EDGE_CURVE('',#5655,#5716,#5744,.T.);
#5744 = SURFACE_CURVE('',#5745,(#5749,#5756),.PCURVE_S1.);
#5745 = LINE('',#5746,#5747);
#5746 = CARTESIAN_POINT('',(-20.,50.,290.));
#5747 = VECTOR('',#5748,1.);
#5748 = DIRECTION('',(0.,1.,0.));
#5749 = PCURVE('',#5663,#5750);
#5750 = DEFINITIONAL_REPRESENTATION('',(#5751),#5755);
#5751 = LINE('',#5752,#5753);
#5752 = CARTESIAN_POINT('',(20.,0.));
#5753 = VECTOR('',#5754,1.);
#5754 = DIRECTION('',(0.,-1.));
#5755 = ( GEOMETRIC_REPRESENTATION_CONTEXT(2) 
PARAMETRIC_REPRESENTATION_CONTEXT() REPRESENTATION_CONTEXT('2D SPACE',''
  ) );
#5756 = PCURVE('',#5757,#5762);
#5757 = PLANE('',#5758);
#5758 = AXIS2_PLACEMENT_3D('',#5759,#5760,#5761);
#5759 = CARTESIAN_POINT('',(-20.,50.,290.));
#5760 = DIRECTION('',(0.,0.,1.));
#5761 = DIRECTION('',(1.,0.,0.));
#5762 = DEFINITIONAL_REPRESENTATION('',(#5763),#5767);
#5763 = LINE('',#5764,#5765);
#5764 = CARTESIAN_POINT('',(0.,0.));
#5765 = VECTOR('',#5766,1.);
#5766 = DIRECTION('',(0.,1.));
#5767 = ( GEOMETRIC_REPRESENTATION_CONTEXT(2) 
PARAMETRIC_REPRESENTATION_CONTEXT() REPRESENTATION_CONTEXT('2D SPACE',''
  ) );
#5768 = ADVANCED_FACE('',(#5769),#5675,.F.);
#5769 = FACE_BOUND('',#5770,.F.);
#5770 = EDGE_LOOP('',(#5771,#5794,#5795,#5818));
#5771 = ORIENTED_EDGE('',*,*,#5772,.F.);
#5772 = EDGE_CURVE('',#5653,#5773,#5775,.T.);
#5773 = VERTEX_POINT('',#5774);
#5774 = CARTESIAN_POINT('',(520.,50.,270.));
#5775 = SURFACE_CURVE('',#5776,(#5780,#5787),.PCURVE_S1.);
#5776 = LINE('',#5777,#5778);
#5777 = CARTESIAN_POINT('',(-20.,50.,270.));
#5778 = VECTOR('',#5779,1.);
#5779 = DIRECTION('',(1.,0.,0.));
#5780 = PCURVE('',#5675,#5781);
#5781 = DEFINITIONAL_REPRESENTATION('',(#5782),#5786);
#5782 = LINE('',#5783,#5784);
#5783 = CARTESIAN_POINT('',(0.,0.));
#5784 = VECTOR('',#5785,1.);
#5785 = DIRECTION('',(0.,1.));
#5786 = ( GEOMETRIC_REPRESENTATION_CONTEXT(2) 
PARAMETRIC_REPRESENTATION_CONTEXT() REPRESENTATION_CONTEXT('2D SPACE',''
  ) );
#5787 = PCURVE('',#5703,#5788);
#5788 = DEFINITIONAL_REPRESENTATION('',(#5789),#5793);
#5789 = LINE('',#5790,#5791);
#5790 = CARTESIAN_POINT('',(0.,0.));
#5791 = VECTOR('',#5792,1.);
#5792 = DIRECTION('',(1.,0.));
#5793 = ( GEOMETRIC_REPRESENTATION_CONTEXT(2) 
PARAMETRIC_REPRESENTATION_CONTEXT() REPRESENTATION_CONTEXT('2D SPACE',''
  ) );
#5794 = ORIENTED_EDGE('',*,*,#5652,.T.);
#5795 = ORIENTED_EDGE('',*,*,#5796,.T.);
#5796 = EDGE_CURVE('',#5655,#5797,#5799,.T.);
#5797 = VERTEX_POINT('',#5798);
#5798 = CARTESIAN_POINT('',(520.,50.,290.));
#5799 = SURFACE_CURVE('',#5800,(#5804,#5811),.PCURVE_S1.);
#5800 = LINE('',#5801,#5802);
#5801 = CARTESIAN_POINT('',(-20.,50.,290.));
#5802 = VECTOR('',#5803,1.);
#5803 = DIRECTION('',(1.,0.,0.));
#5804 = PCURVE('',#5675,#5805);
#5805 = DEFINITIONAL_REPRESENTATION('',(#5806),#5810);
#5806 = LINE('',#5807,#5808);
#5807 = CARTESIAN_POINT('',(20.,0.));
#5808 = VECTOR('',#5809,1.);
#5809 = DIRECTION('',(0.,1.));
#5810 = ( GEOMETRIC_REPRESENTATION_CONTEXT(2) 
PARAMETRIC_REPRESENTATION_CONTEXT() REPRESENTATION_CONTEXT('2D SPACE',''
  ) );
#5811 = PCURVE('',#5757,#5812);
#5812 = DEFINITIONAL_REPRESENTATION('',(#5813),#5817);
#5813 = LINE('',#5814,#5815);
#5814 = CARTESIAN_POINT('',(0.,0.));
#5815 = VECTOR('',#5816,1.);
#5816 = DIRECTION('',(1.,0.));
#5817 = ( GEOMETRIC_REPRESENTATION_CONTEXT(2) 
PARAMETRIC_REPRESENTATION_CONTEXT() REPRESENTATION_CONTEXT('2D SPACE',''
  ) );
#5818 = ORIENTED_EDGE('',*,*,#5819,.F.);
#5819 = EDGE_CURVE('',#5773,#5797,#5820,.T.);
#5820 = SURFACE_CURVE('',#5821,(#5825,#5832),.PCURVE_S1.);
#5821 = LINE('',#5822,#5823);
#5822 = CARTESIAN_POINT('',(520.,50.,270.));
#5823 = VECTOR('',#5824,1.);
#5824 = DIRECTION('',(0.,0.,1.));
#5825 = PCURVE('',#5675,#5826);
#5826 = DEFINITIONAL_REPRESENTATION('',(#5827),#5831);
#5827 = LINE('',#5828,#5829);
#5828 = CARTESIAN_POINT('',(0.,540.));
#5829 = VECTOR('',#5830,1.);
#5830 = DIRECTION('',(1.,0.));
#5831 = ( GEOMETRIC_REPRESENTATION_CONTEXT(2) 
PARAMETRIC_REPRESENTATION_CONTEXT() REPRESENTATION_CONTEXT('2D SPACE',''
  ) );
#5832 = PCURVE('',#5833,#5838);
#5833 = PLANE('',#5834);
#5834 = AXIS2_PLACEMENT_3D('',#5835,#5836,#5837);
#5835 = CARTESIAN_POINT('',(520.,50.,270.));
#5836 = DIRECTION('',(1.,0.,0.));
#5837 = DIRECTION('',(0.,0.,1.));
#5838 = DEFINITIONAL_REPRESENTATION('',(#5839),#5843);
#5839 = LINE('',#5840,#5841);
#5840 = CARTESIAN_POINT('',(0.,0.));
#5841 = VECTOR('',#5842,1.);
#5842 = DIRECTION('',(1.,0.));
#5843 = ( GEOMETRIC_REPRESENTATION_CONTEXT(2) 
PARAMETRIC_REPRESENTATION_CONTEXT() REPRESENTATION_CONTEXT('2D SPACE',''
  ) );
#5844 = ADVANCED_FACE('',(#5845,#5893,#5928),#5757,.T.);
#5845 = FACE_BOUND('',#5846,.T.);
#5846 = EDGE_LOOP('',(#5847,#5848,#5849,#5872));
#5847 = ORIENTED_EDGE('',*,*,#5743,.F.);
#5848 = ORIENTED_EDGE('',*,*,#5796,.T.);
#5849 = ORIENTED_EDGE('',*,*,#5850,.T.);
#5850 = EDGE_CURVE('',#5797,#5851,#5853,.T.);
#5851 = VERTEX_POINT('',#5852);
#5852 = CARTESIAN_POINT('',(520.,95.,290.));
#5853 = SURFACE_CURVE('',#5854,(#5858,#5865),.PCURVE_S1.);
#5854 = LINE('',#5855,#5856);
#5855 = CARTESIAN_POINT('',(520.,50.,290.));
#5856 = VECTOR('',#5857,1.);
#5857 = DIRECTION('',(0.,1.,0.));
#5858 = PCURVE('',#5757,#5859);
#5859 = DEFINITIONAL_REPRESENTATION('',(#5860),#5864);
#5860 = LINE('',#5861,#5862);
#5861 = CARTESIAN_POINT('',(540.,0.));
#5862 = VECTOR('',#5863,1.);
#5863 = DIRECTION('',(0.,1.));
#5864 = ( GEOMETRIC_REPRESENTATION_CONTEXT(2) 
PARAMETRIC_REPRESENTATION_CONTEXT() REPRESENTATION_CONTEXT('2D SPACE',''
  ) );
#5865 = PCURVE('',#5833,#5866);
#5866 = DEFINITIONAL_REPRESENTATION('',(#5867),#5871);
#5867 = LINE('',#5868,#5869);
#5868 = CARTESIAN_POINT('',(20.,0.));
#5869 = VECTOR('',#5870,1.);
#5870 = DIRECTION('',(0.,-1.));
#5871 = ( GEOMETRIC_REPRESENTATION_CONTEXT(2) 
PARAMETRIC_REPRESENTATION_CONTEXT() REPRESENTATION_CONTEXT('2D SPACE',''
  ) );
#5872 = ORIENTED_EDGE('',*,*,#5873,.F.);
#5873 = EDGE_CURVE('',#5716,#5851,#5874,.T.);
#5874 = SURFACE_CURVE('',#5875,(#5879,#5886),.PCURVE_S1.);
#5875 = LINE('',#5876,#5877);
#5876 = CARTESIAN_POINT('',(-20.,95.,290.));
#5877 = VECTOR('',#5878,1.);
#5878 = DIRECTION('',(1.,0.,0.));
#5879 = PCURVE('',#5757,#5880);
#5880 = DEFINITIONAL_REPRESENTATION('',(#5881),#5885);
#5881 = LINE('',#5882,#5883);
#5882 = CARTESIAN_POINT('',(0.,45.));
#5883 = VECTOR('',#5884,1.);
#5884 = DIRECTION('',(1.,0.));
#5885 = ( GEOMETRIC_REPRESENTATION_CONTEXT(2) 
PARAMETRIC_REPRESENTATION_CONTEXT() REPRESENTATION_CONTEXT('2D SPACE',''
  ) );
#5886 = PCURVE('',#5731,#5887);
#5887 = DEFINITIONAL_REPRESENTATION('',(#5888),#5892);
#5888 = LINE('',#5889,#5890);
#5889 = CARTESIAN_POINT('',(20.,0.));
#5890 = VECTOR('',#5891,1.);
#5891 = DIRECTION('',(0.,1.));
#5892 = ( GEOMETRIC_REPRESENTATION_CONTEXT(2) 
PARAMETRIC_REPRESENTATION_CONTEXT() REPRESENTATION_CONTEXT('2D SPACE',''
  ) );
#5893 = FACE_BOUND('',#5894,.T.);
#5894 = EDGE_LOOP('',(#5895));
#5895 = ORIENTED_EDGE('',*,*,#5896,.T.);
#5896 = EDGE_CURVE('',#5897,#5897,#5899,.T.);
#5897 = VERTEX_POINT('',#5898);
#5898 = CARTESIAN_POINT('',(6.2,72.5,290.));
#5899 = SURFACE_CURVE('',#5900,(#5905,#5916),.PCURVE_S1.);
#5900 = CIRCLE('',#5901,3.8);
#5901 = AXIS2_PLACEMENT_3D('',#5902,#5903,#5904);
#5902 = CARTESIAN_POINT('',(10.,72.5,290.));
#5903 = DIRECTION('',(0.,0.,-1.));
#5904 = DIRECTION('',(-1.,0.,-0.));
#5905 = PCURVE('',#5757,#5906);
#5906 = DEFINITIONAL_REPRESENTATION('',(#5907),#5915);
#5907 = ( BOUNDED_CURVE() B_SPLINE_CURVE(2,(#5908,#5909,#5910,#5911,
#5912,#5913,#5914),.UNSPECIFIED.,.T.,.F.) B_SPLINE_CURVE_WITH_KNOTS((1,2
    ,2,2,2,1),(-2.094395102393,0.,2.094395102393,4.188790204786,
6.28318530718,8.377580409573),.UNSPECIFIED.) CURVE() 
GEOMETRIC_REPRESENTATION_ITEM() RATIONAL_B_SPLINE_CURVE((1.,0.5,1.,0.5,
1.,0.5,1.)) REPRESENTATION_ITEM('') );
#5908 = CARTESIAN_POINT('',(26.2,22.5));
#5909 = CARTESIAN_POINT('',(26.2,29.081793068762));
#5910 = CARTESIAN_POINT('',(31.9,25.790896534381));
#5911 = CARTESIAN_POINT('',(37.6,22.5));
#5912 = CARTESIAN_POINT('',(31.9,19.209103465619));
#5913 = CARTESIAN_POINT('',(26.2,15.918206931238));
#5914 = CARTESIAN_POINT('',(26.2,22.5));
#5915 = ( GEOMETRIC_REPRESENTATION_CONTEXT(2) 
PARAMETRIC_REPRESENTATION_CONTEXT() REPRESENTATION_CONTEXT('2D SPACE',''
  ) );
#5916 = PCURVE('',#5917,#5922);
#5917 = CONICAL_SURFACE('',#5918,3.85,0.785398163397);
#5918 = AXIS2_PLACEMENT_3D('',#5919,#5920,#5921);
#5919 = CARTESIAN_POINT('',(10.,72.5,290.05));
#5920 = DIRECTION('',(-0.,-0.,1.));
#5921 = DIRECTION('',(-1.,0.,-0.));
#5922 = DEFINITIONAL_REPRESENTATION('',(#5923),#5927);
#5923 = LINE('',#5924,#5925);
#5924 = CARTESIAN_POINT('',(-0.,-5.000000000001E-02));
#5925 = VECTOR('',#5926,1.);
#5926 = DIRECTION('',(-1.,-0.));
#5927 = ( GEOMETRIC_REPRESENTATION_CONTEXT(2) 
PARAMETRIC_REPRESENTATION_CONTEXT() REPRESENTATION_CONTEXT('2D SPACE',''
  ) );
#5928 = FACE_BOUND('',#5929,.T.);
#5929 = EDGE_LOOP('',(#5930));
#5930 = ORIENTED_EDGE('',*,*,#5931,.T.);
#5931 = EDGE_CURVE('',#5932,#5932,#5934,.T.);
#5932 = VERTEX_POINT('',#5933);
#5933 = CARTESIAN_POINT('',(486.2,72.5,290.));
#5934 = SURFACE_CURVE('',#5935,(#5940,#5951),.PCURVE_S1.);
#5935 = CIRCLE('',#5936,3.8);
#5936 = AXIS2_PLACEMENT_3D('',#5937,#5938,#5939);
#5937 = CARTESIAN_POINT('',(490.,72.5,290.));
#5938 = DIRECTION('',(0.,0.,-1.));
#5939 = DIRECTION('',(-1.,0.,-0.));
#5940 = PCURVE('',#5757,#5941);
#5941 = DEFINITIONAL_REPRESENTATION('',(#5942),#5950);
#5942 = ( BOUNDED_CURVE() B_SPLINE_CURVE(2,(#5943,#5944,#5945,#5946,
#5947,#5948,#5949),.UNSPECIFIED.,.T.,.F.) B_SPLINE_CURVE_WITH_KNOTS((1,2
    ,2,2,2,1),(-2.094395102393,0.,2.094395102393,4.188790204786,
6.28318530718,8.377580409573),.UNSPECIFIED.) CURVE() 
GEOMETRIC_REPRESENTATION_ITEM() RATIONAL_B_SPLINE_CURVE((1.,0.5,1.,0.5,
1.,0.5,1.)) REPRESENTATION_ITEM('') );
#5943 = CARTESIAN_POINT('',(506.2,22.5));
#5944 = CARTESIAN_POINT('',(506.2,29.081793068762));
#5945 = CARTESIAN_POINT('',(511.9,25.790896534381));
#5946 = CARTESIAN_POINT('',(517.6,22.5));
#5947 = CARTESIAN_POINT('',(511.9,19.209103465619));
#5948 = CARTESIAN_POINT('',(506.2,15.918206931238));
#5949 = CARTESIAN_POINT('',(506.2,22.5));
#5950 = ( GEOMETRIC_REPRESENTATION_CONTEXT(2) 
PARAMETRIC_REPRESENTATION_CONTEXT() REPRESENTATION_CONTEXT('2D SPACE',''
  ) );
#5951 = PCURVE('',#5952,#5957);
#5952 = CONICAL_SURFACE('',#5953,3.85,0.785398163397);
#5953 = AXIS2_PLACEMENT_3D('',#5954,#5955,#5956);
#5954 = CARTESIAN_POINT('',(490.,72.5,290.05));
#5955 = DIRECTION('',(-0.,-0.,1.));
#5956 = DIRECTION('',(-1.,0.,-0.));
#5957 = DEFINITIONAL_REPRESENTATION('',(#5958),#5962);
#5958 = LINE('',#5959,#5960);
#5959 = CARTESIAN_POINT('',(-0.,-5.000000000001E-02));
#5960 = VECTOR('',#5961,1.);
#5961 = DIRECTION('',(-1.,-0.));
#5962 = ( GEOMETRIC_REPRESENTATION_CONTEXT(2) 
PARAMETRIC_REPRESENTATION_CONTEXT() REPRESENTATION_CONTEXT('2D SPACE',''
  ) );
#5963 = ADVANCED_FACE('',(#5964),#5731,.T.);
#5964 = FACE_BOUND('',#5965,.T.);
#5965 = EDGE_LOOP('',(#5966,#5989,#5990,#5991));
#5966 = ORIENTED_EDGE('',*,*,#5967,.F.);
#5967 = EDGE_CURVE('',#5688,#5968,#5970,.T.);
#5968 = VERTEX_POINT('',#5969);
#5969 = CARTESIAN_POINT('',(520.,95.,270.));
#5970 = SURFACE_CURVE('',#5971,(#5975,#5982),.PCURVE_S1.);
#5971 = LINE('',#5972,#5973);
#5972 = CARTESIAN_POINT('',(-20.,95.,270.));
#5973 = VECTOR('',#5974,1.);
#5974 = DIRECTION('',(1.,0.,0.));
#5975 = PCURVE('',#5731,#5976);
#5976 = DEFINITIONAL_REPRESENTATION('',(#5977),#5981);
#5977 = LINE('',#5978,#5979);
#5978 = CARTESIAN_POINT('',(0.,0.));
#5979 = VECTOR('',#5980,1.);
#5980 = DIRECTION('',(0.,1.));
#5981 = ( GEOMETRIC_REPRESENTATION_CONTEXT(2) 
PARAMETRIC_REPRESENTATION_CONTEXT() REPRESENTATION_CONTEXT('2D SPACE',''
  ) );
#5982 = PCURVE('',#5703,#5983);
#5983 = DEFINITIONAL_REPRESENTATION('',(#5984),#5988);
#5984 = LINE('',#5985,#5986);
#5985 = CARTESIAN_POINT('',(0.,45.));
#5986 = VECTOR('',#5987,1.);
#5987 = DIRECTION('',(1.,0.));
#5988 = ( GEOMETRIC_REPRESENTATION_CONTEXT(2) 
PARAMETRIC_REPRESENTATION_CONTEXT() REPRESENTATION_CONTEXT('2D SPACE',''
  ) );
#5989 = ORIENTED_EDGE('',*,*,#5715,.T.);
#5990 = ORIENTED_EDGE('',*,*,#5873,.T.);
#5991 = ORIENTED_EDGE('',*,*,#5992,.F.);
#5992 = EDGE_CURVE('',#5968,#5851,#5993,.T.);
#5993 = SURFACE_CURVE('',#5994,(#5998,#6005),.PCURVE_S1.);
#5994 = LINE('',#5995,#5996);
#5995 = CARTESIAN_POINT('',(520.,95.,270.));
#5996 = VECTOR('',#5997,1.);
#5997 = DIRECTION('',(0.,0.,1.));
#5998 = PCURVE('',#5731,#5999);
#5999 = DEFINITIONAL_REPRESENTATION('',(#6000),#6004);
#6000 = LINE('',#6001,#6002);
#6001 = CARTESIAN_POINT('',(0.,540.));
#6002 = VECTOR('',#6003,1.);
#6003 = DIRECTION('',(1.,0.));
#6004 = ( GEOMETRIC_REPRESENTATION_CONTEXT(2) 
PARAMETRIC_REPRESENTATION_CONTEXT() REPRESENTATION_CONTEXT('2D SPACE',''
  ) );
#6005 = PCURVE('',#5833,#6006);
#6006 = DEFINITIONAL_REPRESENTATION('',(#6007),#6011);
#6007 = LINE('',#6008,#6009);
#6008 = CARTESIAN_POINT('',(0.,-45.));
#6009 = VECTOR('',#6010,1.);
#6010 = DIRECTION('',(1.,0.));
#6011 = ( GEOMETRIC_REPRESENTATION_CONTEXT(2) 
PARAMETRIC_REPRESENTATION_CONTEXT() REPRESENTATION_CONTEXT('2D SPACE',''
  ) );
#6012 = ADVANCED_FACE('',(#6013,#6039,#6070),#5703,.F.);
#6013 = FACE_BOUND('',#6014,.F.);
#6014 = EDGE_LOOP('',(#6015,#6016,#6017,#6038));
#6015 = ORIENTED_EDGE('',*,*,#5687,.F.);
#6016 = ORIENTED_EDGE('',*,*,#5772,.T.);
#6017 = ORIENTED_EDGE('',*,*,#6018,.T.);
#6018 = EDGE_CURVE('',#5773,#5968,#6019,.T.);
#6019 = SURFACE_CURVE('',#6020,(#6024,#6031),.PCURVE_S1.);
#6020 = LINE('',#6021,#6022);
#6021 = CARTESIAN_POINT('',(520.,50.,270.));
#6022 = VECTOR('',#6023,1.);
#6023 = DIRECTION('',(0.,1.,0.));
#6024 = PCURVE('',#5703,#6025);
#6025 = DEFINITIONAL_REPRESENTATION('',(#6026),#6030);
#6026 = LINE('',#6027,#6028);
#6027 = CARTESIAN_POINT('',(540.,0.));
#6028 = VECTOR('',#6029,1.);
#6029 = DIRECTION('',(0.,1.));
#6030 = ( GEOMETRIC_REPRESENTATION_CONTEXT(2) 
PARAMETRIC_REPRESENTATION_CONTEXT() REPRESENTATION_CONTEXT('2D SPACE',''
  ) );
#6031 = PCURVE('',#5833,#6032);
#6032 = DEFINITIONAL_REPRESENTATION('',(#6033),#6037);
#6033 = LINE('',#6034,#6035);
#6034 = CARTESIAN_POINT('',(0.,0.));
#6035 = VECTOR('',#6036,1.);
#6036 = DIRECTION('',(0.,-1.));
#6037 = ( GEOMETRIC_REPRESENTATION_CONTEXT(2) 
PARAMETRIC_REPRESENTATION_CONTEXT() REPRESENTATION_CONTEXT('2D SPACE',''
  ) );
#6038 = ORIENTED_EDGE('',*,*,#5967,.F.);
#6039 = FACE_BOUND('',#6040,.F.);
#6040 = EDGE_LOOP('',(#6041));
#6041 = ORIENTED_EDGE('',*,*,#6042,.F.);
#6042 = EDGE_CURVE('',#6043,#6043,#6045,.T.);
#6043 = VERTEX_POINT('',#6044);
#6044 = CARTESIAN_POINT('',(11.25,72.5,270.));
#6045 = SURFACE_CURVE('',#6046,(#6051,#6058),.PCURVE_S1.);
#6046 = CIRCLE('',#6047,1.25);
#6047 = AXIS2_PLACEMENT_3D('',#6048,#6049,#6050);
#6048 = CARTESIAN_POINT('',(10.,72.5,270.));
#6049 = DIRECTION('',(0.,-0.,1.));
#6050 = DIRECTION('',(1.,0.,0.));
#6051 = PCURVE('',#5703,#6052);
#6052 = DEFINITIONAL_REPRESENTATION('',(#6053),#6057);
#6053 = CIRCLE('',#6054,1.25);
#6054 = AXIS2_PLACEMENT_2D('',#6055,#6056);
#6055 = CARTESIAN_POINT('',(30.,22.5));
#6056 = DIRECTION('',(1.,0.));
#6057 = ( GEOMETRIC_REPRESENTATION_CONTEXT(2) 
PARAMETRIC_REPRESENTATION_CONTEXT() REPRESENTATION_CONTEXT('2D SPACE',''
  ) );
#6058 = PCURVE('',#6059,#6064);
#6059 = CYLINDRICAL_SURFACE('',#6060,1.25);
#6060 = AXIS2_PLACEMENT_3D('',#6061,#6062,#6063);
#6061 = CARTESIAN_POINT('',(10.,72.5,290.05));
#6062 = DIRECTION('',(-0.,-0.,1.));
#6063 = DIRECTION('',(1.,0.,0.));
#6064 = DEFINITIONAL_REPRESENTATION('',(#6065),#6069);
#6065 = LINE('',#6066,#6067);
#6066 = CARTESIAN_POINT('',(-6.28318530718,-20.05));
#6067 = VECTOR('',#6068,1.);
#6068 = DIRECTION('',(1.,-0.));
#6069 = ( GEOMETRIC_REPRESENTATION_CONTEXT(2) 
PARAMETRIC_REPRESENTATION_CONTEXT() REPRESENTATION_CONTEXT('2D SPACE',''
  ) );
#6070 = FACE_BOUND('',#6071,.F.);
#6071 = EDGE_LOOP('',(#6072));
#6072 = ORIENTED_EDGE('',*,*,#6073,.F.);
#6073 = EDGE_CURVE('',#6074,#6074,#6076,.T.);
#6074 = VERTEX_POINT('',#6075);
#6075 = CARTESIAN_POINT('',(491.25,72.5,270.));
#6076 = SURFACE_CURVE('',#6077,(#6082,#6089),.PCURVE_S1.);
#6077 = CIRCLE('',#6078,1.25);
#6078 = AXIS2_PLACEMENT_3D('',#6079,#6080,#6081);
#6079 = CARTESIAN_POINT('',(490.,72.5,270.));
#6080 = DIRECTION('',(0.,-0.,1.));
#6081 = DIRECTION('',(1.,0.,0.));
#6082 = PCURVE('',#5703,#6083);
#6083 = DEFINITIONAL_REPRESENTATION('',(#6084),#6088);
#6084 = CIRCLE('',#6085,1.25);
#6085 = AXIS2_PLACEMENT_2D('',#6086,#6087);
#6086 = CARTESIAN_POINT('',(510.,22.5));
#6087 = DIRECTION('',(1.,0.));
#6088 = ( GEOMETRIC_REPRESENTATION_CONTEXT(2) 
PARAMETRIC_REPRESENTATION_CONTEXT() REPRESENTATION_CONTEXT('2D SPACE',''
  ) );
#6089 = PCURVE('',#6090,#6095);
#6090 = CYLINDRICAL_SURFACE('',#6091,1.25);
#6091 = AXIS2_PLACEMENT_3D('',#6092,#6093,#6094);
#6092 = CARTESIAN_POINT('',(490.,72.5,290.05));
#6093 = DIRECTION('',(-0.,-0.,1.));
#6094 = DIRECTION('',(1.,0.,0.));
#6095 = DEFINITIONAL_REPRESENTATION('',(#6096),#6100);
#6096 = LINE('',#6097,#6098);
#6097 = CARTESIAN_POINT('',(-6.28318530718,-20.05));
#6098 = VECTOR('',#6099,1.);
#6099 = DIRECTION('',(1.,-0.));
#6100 = ( GEOMETRIC_REPRESENTATION_CONTEXT(2) 
PARAMETRIC_REPRESENTATION_CONTEXT() REPRESENTATION_CONTEXT('2D SPACE',''
  ) );
#6101 = ADVANCED_FACE('',(#6102),#5833,.T.);
#6102 = FACE_BOUND('',#6103,.T.);
#6103 = EDGE_LOOP('',(#6104,#6105,#6106,#6107));
#6104 = ORIENTED_EDGE('',*,*,#5819,.F.);
#6105 = ORIENTED_EDGE('',*,*,#6018,.T.);
#6106 = ORIENTED_EDGE('',*,*,#5992,.T.);
#6107 = ORIENTED_EDGE('',*,*,#5850,.F.);
#6108 = ADVANCED_FACE('',(#6109),#5917,.F.);
#6109 = FACE_BOUND('',#6110,.F.);
#6110 = EDGE_LOOP('',(#6111,#6112,#6135,#6159,#6181));
#6111 = ORIENTED_EDGE('',*,*,#5896,.T.);
#6112 = ORIENTED_EDGE('',*,*,#6113,.T.);
#6113 = EDGE_CURVE('',#5897,#6114,#6116,.T.);
#6114 = VERTEX_POINT('',#6115);
#6115 = CARTESIAN_POINT('',(8.75,72.5,287.45));
#6116 = SEAM_CURVE('',#6117,(#6121,#6128),.PCURVE_S1.);
#6117 = LINE('',#6118,#6119);
#6118 = CARTESIAN_POINT('',(6.15,72.5,290.05));
#6119 = VECTOR('',#6120,1.);
#6120 = DIRECTION('',(0.707106781187,1.731912112471E-16,-0.707106781187)
  );
#6121 = PCURVE('',#5917,#6122);
#6122 = DEFINITIONAL_REPRESENTATION('',(#6123),#6127);
#6123 = LINE('',#6124,#6125);
#6124 = CARTESIAN_POINT('',(0.,-0.));
#6125 = VECTOR('',#6126,1.);
#6126 = DIRECTION('',(-0.,-1.));
#6127 = ( GEOMETRIC_REPRESENTATION_CONTEXT(2) 
PARAMETRIC_REPRESENTATION_CONTEXT() REPRESENTATION_CONTEXT('2D SPACE',''
  ) );
#6128 = PCURVE('',#5917,#6129);
#6129 = DEFINITIONAL_REPRESENTATION('',(#6130),#6134);
#6130 = LINE('',#6131,#6132);
#6131 = CARTESIAN_POINT('',(-6.28318530718,0.));
#6132 = VECTOR('',#6133,1.);
#6133 = DIRECTION('',(-0.,-1.));
#6134 = ( GEOMETRIC_REPRESENTATION_CONTEXT(2) 
PARAMETRIC_REPRESENTATION_CONTEXT() REPRESENTATION_CONTEXT('2D SPACE',''
  ) );
#6135 = ORIENTED_EDGE('',*,*,#6136,.F.);
#6136 = EDGE_CURVE('',#6137,#6114,#6139,.T.);
#6137 = VERTEX_POINT('',#6138);
#6138 = CARTESIAN_POINT('',(11.25,72.5,287.45));
#6139 = SURFACE_CURVE('',#6140,(#6145,#6152),.PCURVE_S1.);
#6140 = CIRCLE('',#6141,1.25);
#6141 = AXIS2_PLACEMENT_3D('',#6142,#6143,#6144);
#6142 = CARTESIAN_POINT('',(10.,72.5,287.45));
#6143 = DIRECTION('',(0.,0.,-1.));
#6144 = DIRECTION('',(-1.,0.,-0.));
#6145 = PCURVE('',#5917,#6146);
#6146 = DEFINITIONAL_REPRESENTATION('',(#6147),#6151);
#6147 = LINE('',#6148,#6149);
#6148 = CARTESIAN_POINT('',(-0.,-2.6));
#6149 = VECTOR('',#6150,1.);
#6150 = DIRECTION('',(-1.,-0.));
#6151 = ( GEOMETRIC_REPRESENTATION_CONTEXT(2) 
PARAMETRIC_REPRESENTATION_CONTEXT() REPRESENTATION_CONTEXT('2D SPACE',''
  ) );
#6152 = PCURVE('',#6059,#6153);
#6153 = DEFINITIONAL_REPRESENTATION('',(#6154),#6158);
#6154 = LINE('',#6155,#6156);
#6155 = CARTESIAN_POINT('',(3.14159265359,-2.6));
#6156 = VECTOR('',#6157,1.);
#6157 = DIRECTION('',(-1.,0.));
#6158 = ( GEOMETRIC_REPRESENTATION_CONTEXT(2) 
PARAMETRIC_REPRESENTATION_CONTEXT() REPRESENTATION_CONTEXT('2D SPACE',''
  ) );
#6159 = ORIENTED_EDGE('',*,*,#6160,.F.);
#6160 = EDGE_CURVE('',#6114,#6137,#6161,.T.);
#6161 = SURFACE_CURVE('',#6162,(#6167,#6174),.PCURVE_S1.);
#6162 = CIRCLE('',#6163,1.25);
#6163 = AXIS2_PLACEMENT_3D('',#6164,#6165,#6166);
#6164 = CARTESIAN_POINT('',(10.,72.5,287.45));
#6165 = DIRECTION('',(0.,0.,-1.));
#6166 = DIRECTION('',(-1.,0.,-0.));
#6167 = PCURVE('',#5917,#6168);
#6168 = DEFINITIONAL_REPRESENTATION('',(#6169),#6173);
#6169 = LINE('',#6170,#6171);
#6170 = CARTESIAN_POINT('',(-0.,-2.6));
#6171 = VECTOR('',#6172,1.);
#6172 = DIRECTION('',(-1.,-0.));
#6173 = ( GEOMETRIC_REPRESENTATION_CONTEXT(2) 
PARAMETRIC_REPRESENTATION_CONTEXT() REPRESENTATION_CONTEXT('2D SPACE',''
  ) );
#6174 = PCURVE('',#6059,#6175);
#6175 = DEFINITIONAL_REPRESENTATION('',(#6176),#6180);
#6176 = LINE('',#6177,#6178);
#6177 = CARTESIAN_POINT('',(-3.14159265359,-2.6));
#6178 = VECTOR('',#6179,1.);
#6179 = DIRECTION('',(-1.,0.));
#6180 = ( GEOMETRIC_REPRESENTATION_CONTEXT(2) 
PARAMETRIC_REPRESENTATION_CONTEXT() REPRESENTATION_CONTEXT('2D SPACE',''
  ) );
#6181 = ORIENTED_EDGE('',*,*,#6113,.F.);
#6182 = ADVANCED_FACE('',(#6183),#5952,.F.);
#6183 = FACE_BOUND('',#6184,.F.);
#6184 = EDGE_LOOP('',(#6185,#6186,#6209,#6233,#6255));
#6185 = ORIENTED_EDGE('',*,*,#5931,.T.);
#6186 = ORIENTED_EDGE('',*,*,#6187,.T.);
#6187 = EDGE_CURVE('',#5932,#6188,#6190,.T.);
#6188 = VERTEX_POINT('',#6189);
#6189 = CARTESIAN_POINT('',(488.75,72.5,287.45));
#6190 = SEAM_CURVE('',#6191,(#6195,#6202),.PCURVE_S1.);
#6191 = LINE('',#6192,#6193);
#6192 = CARTESIAN_POINT('',(486.15,72.5,290.05));
#6193 = VECTOR('',#6194,1.);
#6194 = DIRECTION('',(0.707106781187,1.731912112471E-16,-0.707106781187)
  );
#6195 = PCURVE('',#5952,#6196);
#6196 = DEFINITIONAL_REPRESENTATION('',(#6197),#6201);
#6197 = LINE('',#6198,#6199);
#6198 = CARTESIAN_POINT('',(0.,-0.));
#6199 = VECTOR('',#6200,1.);
#6200 = DIRECTION('',(-0.,-1.));
#6201 = ( GEOMETRIC_REPRESENTATION_CONTEXT(2) 
PARAMETRIC_REPRESENTATION_CONTEXT() REPRESENTATION_CONTEXT('2D SPACE',''
  ) );
#6202 = PCURVE('',#5952,#6203);
#6203 = DEFINITIONAL_REPRESENTATION('',(#6204),#6208);
#6204 = LINE('',#6205,#6206);
#6205 = CARTESIAN_POINT('',(-6.28318530718,0.));
#6206 = VECTOR('',#6207,1.);
#6207 = DIRECTION('',(-0.,-1.));
#6208 = ( GEOMETRIC_REPRESENTATION_CONTEXT(2) 
PARAMETRIC_REPRESENTATION_CONTEXT() REPRESENTATION_CONTEXT('2D SPACE',''
  ) );
#6209 = ORIENTED_EDGE('',*,*,#6210,.F.);
#6210 = EDGE_CURVE('',#6211,#6188,#6213,.T.);
#6211 = VERTEX_POINT('',#6212);
#6212 = CARTESIAN_POINT('',(491.25,72.5,287.45));
#6213 = SURFACE_CURVE('',#6214,(#6219,#6226),.PCURVE_S1.);
#6214 = CIRCLE('',#6215,1.25);
#6215 = AXIS2_PLACEMENT_3D('',#6216,#6217,#6218);
#6216 = CARTESIAN_POINT('',(490.,72.5,287.45));
#6217 = DIRECTION('',(0.,0.,-1.));
#6218 = DIRECTION('',(-1.,0.,-0.));
#6219 = PCURVE('',#5952,#6220);
#6220 = DEFINITIONAL_REPRESENTATION('',(#6221),#6225);
#6221 = LINE('',#6222,#6223);
#6222 = CARTESIAN_POINT('',(-0.,-2.6));
#6223 = VECTOR('',#6224,1.);
#6224 = DIRECTION('',(-1.,-0.));
#6225 = ( GEOMETRIC_REPRESENTATION_CONTEXT(2) 
PARAMETRIC_REPRESENTATION_CONTEXT() REPRESENTATION_CONTEXT('2D SPACE',''
  ) );
#6226 = PCURVE('',#6090,#6227);
#6227 = DEFINITIONAL_REPRESENTATION('',(#6228),#6232);
#6228 = LINE('',#6229,#6230);
#6229 = CARTESIAN_POINT('',(3.14159265359,-2.6));
#6230 = VECTOR('',#6231,1.);
#6231 = DIRECTION('',(-1.,0.));
#6232 = ( GEOMETRIC_REPRESENTATION_CONTEXT(2) 
PARAMETRIC_REPRESENTATION_CONTEXT() REPRESENTATION_CONTEXT('2D SPACE',''
  ) );
#6233 = ORIENTED_EDGE('',*,*,#6234,.F.);
#6234 = EDGE_CURVE('',#6188,#6211,#6235,.T.);
#6235 = SURFACE_CURVE('',#6236,(#6241,#6248),.PCURVE_S1.);
#6236 = CIRCLE('',#6237,1.25);
#6237 = AXIS2_PLACEMENT_3D('',#6238,#6239,#6240);
#6238 = CARTESIAN_POINT('',(490.,72.5,287.45));
#6239 = DIRECTION('',(0.,0.,-1.));
#6240 = DIRECTION('',(-1.,0.,-0.));
#6241 = PCURVE('',#5952,#6242);
#6242 = DEFINITIONAL_REPRESENTATION('',(#6243),#6247);
#6243 = LINE('',#6244,#6245);
#6244 = CARTESIAN_POINT('',(-0.,-2.6));
#6245 = VECTOR('',#6246,1.);
#6246 = DIRECTION('',(-1.,-0.));
#6247 = ( GEOMETRIC_REPRESENTATION_CONTEXT(2) 
PARAMETRIC_REPRESENTATION_CONTEXT() REPRESENTATION_CONTEXT('2D SPACE',''
  ) );
#6248 = PCURVE('',#6090,#6249);
#6249 = DEFINITIONAL_REPRESENTATION('',(#6250),#6254);
#6250 = LINE('',#6251,#6252);
#6251 = CARTESIAN_POINT('',(-3.14159265359,-2.6));
#6252 = VECTOR('',#6253,1.);
#6253 = DIRECTION('',(-1.,0.));
#6254 = ( GEOMETRIC_REPRESENTATION_CONTEXT(2) 
PARAMETRIC_REPRESENTATION_CONTEXT() REPRESENTATION_CONTEXT('2D SPACE',''
  ) );
#6255 = ORIENTED_EDGE('',*,*,#6187,.F.);
#6256 = ADVANCED_FACE('',(#6257),#6059,.F.);
#6257 = FACE_BOUND('',#6258,.T.);
#6258 = EDGE_LOOP('',(#6259,#6280,#6281,#6282,#6283));
#6259 = ORIENTED_EDGE('',*,*,#6260,.F.);
#6260 = EDGE_CURVE('',#6137,#6043,#6261,.T.);
#6261 = SEAM_CURVE('',#6262,(#6266,#6273),.PCURVE_S1.);
#6262 = LINE('',#6263,#6264);
#6263 = CARTESIAN_POINT('',(11.25,72.5,290.05));
#6264 = VECTOR('',#6265,1.);
#6265 = DIRECTION('',(0.,0.,-1.));
#6266 = PCURVE('',#6059,#6267);
#6267 = DEFINITIONAL_REPRESENTATION('',(#6268),#6272);
#6268 = LINE('',#6269,#6270);
#6269 = CARTESIAN_POINT('',(-6.28318530718,0.));
#6270 = VECTOR('',#6271,1.);
#6271 = DIRECTION('',(-0.,-1.));
#6272 = ( GEOMETRIC_REPRESENTATION_CONTEXT(2) 
PARAMETRIC_REPRESENTATION_CONTEXT() REPRESENTATION_CONTEXT('2D SPACE',''
  ) );
#6273 = PCURVE('',#6059,#6274);
#6274 = DEFINITIONAL_REPRESENTATION('',(#6275),#6279);
#6275 = LINE('',#6276,#6277);
#6276 = CARTESIAN_POINT('',(-0.,0.));
#6277 = VECTOR('',#6278,1.);
#6278 = DIRECTION('',(-0.,-1.));
#6279 = ( GEOMETRIC_REPRESENTATION_CONTEXT(2) 
PARAMETRIC_REPRESENTATION_CONTEXT() REPRESENTATION_CONTEXT('2D SPACE',''
  ) );
#6280 = ORIENTED_EDGE('',*,*,#6160,.F.);
#6281 = ORIENTED_EDGE('',*,*,#6136,.F.);
#6282 = ORIENTED_EDGE('',*,*,#6260,.T.);
#6283 = ORIENTED_EDGE('',*,*,#6042,.F.);
#6284 = ADVANCED_FACE('',(#6285),#6090,.F.);
#6285 = FACE_BOUND('',#6286,.T.);
#6286 = EDGE_LOOP('',(#6287,#6308,#6309,#6310,#6311));
#6287 = ORIENTED_EDGE('',*,*,#6288,.F.);
#6288 = EDGE_CURVE('',#6211,#6074,#6289,.T.);
#6289 = SEAM_CURVE('',#6290,(#6294,#6301),.PCURVE_S1.);
#6290 = LINE('',#6291,#6292);
#6291 = CARTESIAN_POINT('',(491.25,72.5,290.05));
#6292 = VECTOR('',#6293,1.);
#6293 = DIRECTION('',(0.,0.,-1.));
#6294 = PCURVE('',#6090,#6295);
#6295 = DEFINITIONAL_REPRESENTATION('',(#6296),#6300);
#6296 = LINE('',#6297,#6298);
#6297 = CARTESIAN_POINT('',(-6.28318530718,0.));
#6298 = VECTOR('',#6299,1.);
#6299 = DIRECTION('',(-0.,-1.));
#6300 = ( GEOMETRIC_REPRESENTATION_CONTEXT(2) 
PARAMETRIC_REPRESENTATION_CONTEXT() REPRESENTATION_CONTEXT('2D SPACE',''
  ) );
#6301 = PCURVE('',#6090,#6302);
#6302 = DEFINITIONAL_REPRESENTATION('',(#6303),#6307);
#6303 = LINE('',#6304,#6305);
#6304 = CARTESIAN_POINT('',(-0.,0.));
#6305 = VECTOR('',#6306,1.);
#6306 = DIRECTION('',(-0.,-1.));
#6307 = ( GEOMETRIC_REPRESENTATION_CONTEXT(2) 
PARAMETRIC_REPRESENTATION_CONTEXT() REPRESENTATION_CONTEXT('2D SPACE',''
  ) );
#6308 = ORIENTED_EDGE('',*,*,#6234,.F.);
#6309 = ORIENTED_EDGE('',*,*,#6210,.F.);
#6310 = ORIENTED_EDGE('',*,*,#6288,.T.);
#6311 = ORIENTED_EDGE('',*,*,#6073,.F.);
#6312 = ( GEOMETRIC_REPRESENTATION_CONTEXT(3) 
GLOBAL_UNCERTAINTY_ASSIGNED_CONTEXT((#6316)) 
GLOBAL_UNIT_ASSIGNED_CONTEXT((#6313,#6314,#6315)) REPRESENTATION_CONTEXT
('Context #1','3D Context with UNIT and UNCERTAINTY') );
#6313 = ( LENGTH_UNIT() NAMED_UNIT(*) SI_UNIT(.MILLI.,.METRE.) );
#6314 = ( NAMED_UNIT(*) PLANE_ANGLE_UNIT() SI_UNIT($,.RADIAN.) );
#6315 = ( NAMED_UNIT(*) SI_UNIT($,.STERADIAN.) SOLID_ANGLE_UNIT() );
#6316 = UNCERTAINTY_MEASURE_WITH_UNIT(LENGTH_MEASURE(1.E-07),#6313,
  'distance_accuracy_value','confusion accuracy');
#6317 = CONTEXT_DEPENDENT_SHAPE_REPRESENTATION(#6318,#6320);
#6318 = ( REPRESENTATION_RELATIONSHIP('','',#5645,#10) 
REPRESENTATION_RELATIONSHIP_WITH_TRANSFORMATION(#6319) 
SHAPE_REPRESENTATION_RELATIONSHIP() );
#6319 = ITEM_DEFINED_TRANSFORMATION('','',#11,#35);
#6320 = PRODUCT_DEFINITION_SHAPE('Placement','Placement of an item',
  #6321);
#6321 = NEXT_ASSEMBLY_USAGE_OCCURRENCE('12','handle','',#5,#5640,$);
#6322 = PRODUCT_RELATED_PRODUCT_CATEGORY('part',$,(#5642));
#6323 = MECHANICAL_DESIGN_GEOMETRIC_PRESENTATION_REPRESENTATION('',(
    #6324),#2538);
#6324 = STYLED_ITEM('color',(#6325),#1260);
#6325 = PRESENTATION_STYLE_ASSIGNMENT((#6326));
#6326 = SURFACE_STYLE_USAGE(.BOTH.,#6327);
#6327 = SURFACE_SIDE_STYLE('',(#6328));
#6328 = SURFACE_STYLE_FILL_AREA(#6329);
#6329 = FILL_AREA_STYLE('',(#6330));
#6330 = FILL_AREA_STYLE_COLOUR('',#6331);
#6331 = COLOUR_RGB('',0.870000009629,0.729999995167,0.520000005207);
#6332 = MECHANICAL_DESIGN_GEOMETRIC_PRESENTATION_REPRESENTATION('',(
    #6333),#6312);
#6333 = STYLED_ITEM('color',(#6334),#5646);
#6334 = PRESENTATION_STYLE_ASSIGNMENT((#6335));
#6335 = SURFACE_STYLE_USAGE(.BOTH.,#6336);
#6336 = SURFACE_SIDE_STYLE('',(#6337));
#6337 = SURFACE_STYLE_FILL_AREA(#6338);
#6338 = FILL_AREA_STYLE('',(#6339));
#6339 = FILL_AREA_STYLE_COLOUR('',#6331);
#6340 = MECHANICAL_DESIGN_GEOMETRIC_PRESENTATION_REPRESENTATION('',(
    #6341),#4683);
#6341 = STYLED_ITEM('color',(#6342),#3578);
#6342 = PRESENTATION_STYLE_ASSIGNMENT((#6343));
#6343 = SURFACE_STYLE_USAGE(.BOTH.,#6344);
#6344 = SURFACE_SIDE_STYLE('',(#6345));
#6345 = SURFACE_STYLE_FILL_AREA(#6346);
#6346 = FILL_AREA_STYLE('',(#6347));
#6347 = FILL_AREA_STYLE_COLOUR('',#6331);
#6348 = MECHANICAL_DESIGN_GEOMETRIC_PRESENTATION_REPRESENTATION('',(
    #6349),#1241);
#6349 = STYLED_ITEM('color',(#6350),#53);
#6350 = PRESENTATION_STYLE_ASSIGNMENT((#6351));
#6351 = SURFACE_STYLE_USAGE(.BOTH.,#6352);
#6352 = SURFACE_SIDE_STYLE('',(#6353));
#6353 = SURFACE_STYLE_FILL_AREA(#6354);
#6354 = FILL_AREA_STYLE('',(#6355));
#6355 = FILL_AREA_STYLE_COLOUR('',#6331);
#6356 = MECHANICAL_DESIGN_GEOMETRIC_PRESENTATION_REPRESENTATION('',(
    #6357),#5627);
#6357 = STYLED_ITEM('color',(#6358),#4702);
#6358 = PRESENTATION_STYLE_ASSIGNMENT((#6359));
#6359 = SURFACE_STYLE_USAGE(.BOTH.,#6360);
#6360 = SURFACE_SIDE_STYLE('',(#6361));
#6361 = SURFACE_STYLE_FILL_AREA(#6362);
#6362 = FILL_AREA_STYLE('',(#6363));
#6363 = FILL_AREA_STYLE_COLOUR('',#6331);
#6364 = MECHANICAL_DESIGN_GEOMETRIC_PRESENTATION_REPRESENTATION('',(
    #6365),#3559);
#6365 = STYLED_ITEM('color',(#6366),#2557);
#6366 = PRESENTATION_STYLE_ASSIGNMENT((#6367));
#6367 = SURFACE_STYLE_USAGE(.BOTH.,#6368);
#6368 = SURFACE_SIDE_STYLE('',(#6369));
#6369 = SURFACE_STYLE_FILL_AREA(#6370);
#6370 = FILL_AREA_STYLE('',(#6371));
#6371 = FILL_AREA_STYLE_COLOUR('',#6331);
ENDSEC;
END-ISO-10303-21;
