ISO-10303-21;
HEADER;
FILE_DESCRIPTION(('Open CASCADE Model'),'2;1');
FILE_NAME('Open CASCADE Shape Model','2026-09-17T14:48:24',('Author'),(
    'Open CASCADE'),'Open CASCADE STEP processor 7.9','Open CASCADE 7.9'
  ,'Unknown');
FILE_SCHEMA(('AUTOMOTIVE_DESIGN { 1 0 10303 214 1 1 1 1 }'));
ENDSEC;
DATA;
#1 = APPLICATION_PROTOCOL_DEFINITION('international standard',
  'automotive_design',2000,#2);
#2 = APPLICATION_CONTEXT(
  'core data for automotive mechanical design processes');
#3 = SHAPE_DEFINITION_REPRESENTATION(#4,#10);
#4 = PRODUCT_DEFINITION_SHAPE('','',#5);
#5 = PRODUCT_DEFINITION('design','',#6,#9);
#6 = PRODUCT_DEFINITION_FORMATION('','',#7);
#7 = PRODUCT('project','project','',(#8));
#8 = PRODUCT_CONTEXT('',#2,'mechanical');
#9 = PRODUCT_DEFINITION_CONTEXT('part definition',#2,'design');
#10 = SHAPE_REPRESENTATION('',(#11,#15,#19,#23,#27,#31,#35,#39,#43,#47,
    #51,#55,#59),#63);
#11 = AXIS2_PLACEMENT_3D('',#12,#13,#14);
#12 = CARTESIAN_POINT('',(0.,0.,0.));
#13 = DIRECTION('',(0.,0.,1.));
#14 = DIRECTION('',(1.,0.,-0.));
#15 = AXIS2_PLACEMENT_3D('',#16,#17,#18);
#16 = CARTESIAN_POINT('',(0.,0.,0.));
#17 = DIRECTION('',(0.,0.,1.));
#18 = DIRECTION('',(1.,0.,-0.));
#19 = AXIS2_PLACEMENT_3D('',#20,#21,#22);
#20 = CARTESIAN_POINT('',(0.,0.,0.));
#21 = DIRECTION('',(0.,0.,1.));
#22 = DIRECTION('',(1.,0.,-0.));
#23 = AXIS2_PLACEMENT_3D('',#24,#25,#26);
#24 = CARTESIAN_POINT('',(0.,0.,0.));
#25 = DIRECTION('',(0.,0.,1.));
#26 = DIRECTION('',(1.,0.,-0.));
#27 = AXIS2_PLACEMENT_3D('',#28,#29,#30);
#28 = CARTESIAN_POINT('',(0.,0.,0.));
#29 = DIRECTION('',(0.,0.,1.));
#30 = DIRECTION('',(1.,0.,-0.));
#31 = AXIS2_PLACEMENT_3D('',#32,#33,#34);
#32 = CARTESIAN_POINT('',(0.,0.,0.));
#33 = DIRECTION('',(0.,0.,1.));
#34 = DIRECTION('',(1.,0.,-0.));
#35 = AXIS2_PLACEMENT_3D('',#36,#37,#38);
#36 = CARTESIAN_POINT('',(0.,0.,0.));
#37 = DIRECTION('',(0.,0.,1.));
#38 = DIRECTION('',(1.,0.,-0.));
#39 = AXIS2_PLACEMENT_3D('',#40,#41,#42);
#40 = CARTESIAN_POINT('',(0.,0.,0.));
#41 = DIRECTION('',(0.,0.,1.));
#42 = DIRECTION('',(1.,0.,-0.));
#43 = AXIS2_PLACEMENT_3D('',#44,#45,#46);
#44 = CARTESIAN_POINT('',(0.,0.,0.));
#45 = DIRECTION('',(0.,0.,1.));
#46 = DIRECTION('',(1.,0.,-0.));
#47 = AXIS2_PLACEMENT_3D('',#48,#49,#50);
#48 = CARTESIAN_POINT('',(0.,0.,0.));
#49 = DIRECTION('',(0.,0.,1.));
#50 = DIRECTION('',(1.,0.,-0.));
#51 = AXIS2_PLACEMENT_3D('',#52,#53,#54);
#52 = CARTESIAN_POINT('',(0.,0.,0.));
#53 = DIRECTION('',(0.,0.,1.));
#54 = DIRECTION('',(1.,0.,-0.));
#55 = AXIS2_PLACEMENT_3D('',#56,#57,#58);
#56 = CARTESIAN_POINT('',(0.,0.,0.));
#57 = DIRECTION('',(0.,0.,1.));
#58 = DIRECTION('',(1.,0.,-0.));
#59 = AXIS2_PLACEMENT_3D('',#60,#61,#62);
#60 = CARTESIAN_POINT('',(0.,0.,0.));
#61 = DIRECTION('',(0.,0.,1.));
#62 = DIRECTION('',(1.,0.,-0.));
#63 = ( GEOMETRIC_REPRESENTATION_CONTEXT(3) 
GLOBAL_UNCERTAINTY_ASSIGNED_CONTEXT((#67)) GLOBAL_UNIT_ASSIGNED_CONTEXT(
(#64,#65,#66)) REPRESENTATION_CONTEXT('Context #1',
  '3D Context with UNIT and UNCERTAINTY') );
#64 = ( LENGTH_UNIT() NAMED_UNIT(*) SI_UNIT(.MILLI.,.METRE.) );
#65 = ( NAMED_UNIT(*) PLANE_ANGLE_UNIT() SI_UNIT($,.RADIAN.) );
#66 = ( NAMED_UNIT(*) SI_UNIT($,.STERADIAN.) SOLID_ANGLE_UNIT() );
#67 = UNCERTAINTY_MEASURE_WITH_UNIT(LENGTH_MEASURE(1.E-07),#64,
  'distance_accuracy_value','confusion accuracy');
#68 = PRODUCT_RELATED_PRODUCT_CATEGORY('part',$,(#7));
#69 = SHAPE_DEFINITION_REPRESENTATION(#70,#76);
#70 = PRODUCT_DEFINITION_SHAPE('','',#71);
#71 = PRODUCT_DEFINITION('design','',#72,#75);
#72 = PRODUCT_DEFINITION_FORMATION('','',#73);
#73 = PRODUCT('post_fl','post_fl','',(#74));
#74 = PRODUCT_CONTEXT('',#2,'mechanical');
#75 = PRODUCT_DEFINITION_CONTEXT('part definition',#2,'design');
#76 = ADVANCED_BREP_SHAPE_REPRESENTATION('',(#11,#77),#2503);
#77 = MANIFOLD_SOLID_BREP('',#78);
#78 = CLOSED_SHELL('',(#79,#199,#415,#464,#513,#680,#687,#854,#1021,
    #1188,#1355,#1454,#1553,#1652,#1751,#1873,#1995,#2117,#2239,#2297,
    #2355,#2413,#2471,#2475,#2479,#2483,#2487,#2491,#2495,#2499));
#79 = ADVANCED_FACE('',(#80),#94,.F.);
#80 = FACE_BOUND('',#81,.F.);
#81 = EDGE_LOOP('',(#82,#117,#145,#173));
#82 = ORIENTED_EDGE('',*,*,#83,.F.);
#83 = EDGE_CURVE('',#84,#86,#88,.T.);
#84 = VERTEX_POINT('',#85);
#85 = CARTESIAN_POINT('',(20.,20.,-60.));
#86 = VERTEX_POINT('',#87);
#87 = CARTESIAN_POINT('',(20.,60.,-60.));
#88 = SURFACE_CURVE('',#89,(#93,#105),.PCURVE_S1.);
#89 = LINE('',#90,#91);
#90 = CARTESIAN_POINT('',(20.,20.,-60.));
#91 = VECTOR('',#92,1.);
#92 = DIRECTION('',(0.,1.,0.));
#93 = PCURVE('',#94,#99);
#94 = PLANE('',#95);
#95 = AXIS2_PLACEMENT_3D('',#96,#97,#98);
#96 = CARTESIAN_POINT('',(20.,20.,-60.));
#97 = DIRECTION('',(0.,0.,1.));
#98 = DIRECTION('',(0.,1.,0.));
#99 = DEFINITIONAL_REPRESENTATION('',(#100),#104);
#100 = LINE('',#101,#102);
#101 = CARTESIAN_POINT('',(0.,0.));
#102 = VECTOR('',#103,1.);
#103 = DIRECTION('',(1.,0.));
#104 = ( GEOMETRIC_REPRESENTATION_CONTEXT(2) 
PARAMETRIC_REPRESENTATION_CONTEXT() REPRESENTATION_CONTEXT('2D SPACE',''
  ) );
#105 = PCURVE('',#106,#111);
#106 = PLANE('',#107);
#107 = AXIS2_PLACEMENT_3D('',#108,#109,#110);
#108 = CARTESIAN_POINT('',(20.,20.,-60.));
#109 = DIRECTION('',(1.,0.,0.));
#110 = DIRECTION('',(0.,1.,0.));
#111 = DEFINITIONAL_REPRESENTATION('',(#112),#116);
#112 = LINE('',#113,#114);
#113 = CARTESIAN_POINT('',(0.,0.));
#114 = VECTOR('',#115,1.);
#115 = DIRECTION('',(1.,0.));
#116 = ( GEOMETRIC_REPRESENTATION_CONTEXT(2) 
PARAMETRIC_REPRESENTATION_CONTEXT() REPRESENTATION_CONTEXT('2D SPACE',''
  ) );
#117 = ORIENTED_EDGE('',*,*,#118,.T.);
#118 = EDGE_CURVE('',#84,#119,#121,.T.);
#119 = VERTEX_POINT('',#120);
#120 = CARTESIAN_POINT('',(60.,20.,-60.));
#121 = SURFACE_CURVE('',#122,(#126,#133),.PCURVE_S1.);
#122 = LINE('',#123,#124);
#123 = CARTESIAN_POINT('',(20.,20.,-60.));
#124 = VECTOR('',#125,1.);
#125 = DIRECTION('',(1.,0.,0.));
#126 = PCURVE('',#94,#127);
#127 = DEFINITIONAL_REPRESENTATION('',(#128),#132);
#128 = LINE('',#129,#130);
#129 = CARTESIAN_POINT('',(0.,0.));
#130 = VECTOR('',#131,1.);
#131 = DIRECTION('',(0.,-1.));
#132 = ( GEOMETRIC_REPRESENTATION_CONTEXT(2) 
PARAMETRIC_REPRESENTATION_CONTEXT() REPRESENTATION_CONTEXT('2D SPACE',''
  ) );
#133 = PCURVE('',#134,#139);
#134 = PLANE('',#135);
#135 = AXIS2_PLACEMENT_3D('',#136,#137,#138);
#136 = CARTESIAN_POINT('',(20.,20.,-60.));
#137 = DIRECTION('',(0.,1.,0.));
#138 = DIRECTION('',(0.,0.,1.));
#139 = DEFINITIONAL_REPRESENTATION('',(#140),#144);
#140 = LINE('',#141,#142);
#141 = CARTESIAN_POINT('',(0.,0.));
#142 = VECTOR('',#143,1.);
#143 = DIRECTION('',(0.,1.));
#144 = ( GEOMETRIC_REPRESENTATION_CONTEXT(2) 
PARAMETRIC_REPRESENTATION_CONTEXT() REPRESENTATION_CONTEXT('2D SPACE',''
  ) );
#145 = ORIENTED_EDGE('',*,*,#146,.T.);
#146 = EDGE_CURVE('',#119,#147,#149,.T.);
#147 = VERTEX_POINT('',#148);
#148 = CARTESIAN_POINT('',(60.,60.,-60.));
#149 = SURFACE_CURVE('',#150,(#154,#161),.PCURVE_S1.);
#150 = LINE('',#151,#152);
#151 = CARTESIAN_POINT('',(60.,20.,-60.));
#152 = VECTOR('',#153,1.);
#153 = DIRECTION('',(0.,1.,0.));
#154 = PCURVE('',#94,#155);
#155 = DEFINITIONAL_REPRESENTATION('',(#156),#160);
#156 = LINE('',#157,#158);
#157 = CARTESIAN_POINT('',(0.,-40.));
#158 = VECTOR('',#159,1.);
#159 = DIRECTION('',(1.,0.));
#160 = ( GEOMETRIC_REPRESENTATION_CONTEXT(2) 
PARAMETRIC_REPRESENTATION_CONTEXT() REPRESENTATION_CONTEXT('2D SPACE',''
  ) );
#161 = PCURVE('',#162,#167);
#162 = PLANE('',#163);
#163 = AXIS2_PLACEMENT_3D('',#164,#165,#166);
#164 = CARTESIAN_POINT('',(60.,20.,-60.));
#165 = DIRECTION('',(1.,0.,0.));
#166 = DIRECTION('',(0.,1.,0.));
#167 = DEFINITIONAL_REPRESENTATION('',(#168),#172);
#168 = LINE('',#169,#170);
#169 = CARTESIAN_POINT('',(0.,0.));
#170 = VECTOR('',#171,1.);
#171 = DIRECTION('',(1.,0.));
#172 = ( GEOMETRIC_REPRESENTATION_CONTEXT(2) 
PARAMETRIC_REPRESENTATION_CONTEXT() REPRESENTATION_CONTEXT('2D SPACE',''
  ) );
#173 = ORIENTED_EDGE('',*,*,#174,.F.);
#174 = EDGE_CURVE('',#86,#147,#175,.T.);
#175 = SURFACE_CURVE('',#176,(#180,#187),.PCURVE_S1.);
#176 = LINE('',#177,#178);
#177 = CARTESIAN_POINT('',(20.,60.,-60.));
#178 = VECTOR('',#179,1.);
#179 = DIRECTION('',(1.,0.,0.));
#180 = PCURVE('',#94,#181);
#181 = DEFINITIONAL_REPRESENTATION('',(#182),#186);
#182 = LINE('',#183,#184);
#183 = CARTESIAN_POINT('',(40.,0.));
#184 = VECTOR('',#185,1.);
#185 = DIRECTION('',(0.,-1.));
#186 = ( GEOMETRIC_REPRESENTATION_CONTEXT(2) 
PARAMETRIC_REPRESENTATION_CONTEXT() REPRESENTATION_CONTEXT('2D SPACE',''
  ) );
#187 = PCURVE('',#188,#193);
#188 = PLANE('',#189);
#189 = AXIS2_PLACEMENT_3D('',#190,#191,#192);
#190 = CARTESIAN_POINT('',(20.,60.,-60.));
#191 = DIRECTION('',(0.,1.,0.));
#192 = DIRECTION('',(0.,0.,1.));
#193 = DEFINITIONAL_REPRESENTATION('',(#194),#198);
#194 = LINE('',#195,#196);
#195 = CARTESIAN_POINT('',(0.,0.));
#196 = VECTOR('',#197,1.);
#197 = DIRECTION('',(0.,1.));
#198 = ( GEOMETRIC_REPRESENTATION_CONTEXT(2) 
PARAMETRIC_REPRESENTATION_CONTEXT() REPRESENTATION_CONTEXT('2D SPACE',''
  ) );
#199 = ADVANCED_FACE('',(#200,#275,#310,#345,#380),#106,.F.);
#200 = FACE_BOUND('',#201,.F.);
#201 = EDGE_LOOP('',(#202,#225,#226,#249));
#202 = ORIENTED_EDGE('',*,*,#203,.F.);
#203 = EDGE_CURVE('',#84,#204,#206,.T.);
#204 = VERTEX_POINT('',#205);
#205 = CARTESIAN_POINT('',(20.,20.,290.));
#206 = SURFACE_CURVE('',#207,(#211,#218),.PCURVE_S1.);
#207 = LINE('',#208,#209);
#208 = CARTESIAN_POINT('',(20.,20.,-60.));
#209 = VECTOR('',#210,1.);
#210 = DIRECTION('',(0.,0.,1.));
#211 = PCURVE('',#106,#212);
#212 = DEFINITIONAL_REPRESENTATION('',(#213),#217);
#213 = LINE('',#214,#215);
#214 = CARTESIAN_POINT('',(0.,0.));
#215 = VECTOR('',#216,1.);
#216 = DIRECTION('',(0.,1.));
#217 = ( GEOMETRIC_REPRESENTATION_CONTEXT(2) 
PARAMETRIC_REPRESENTATION_CONTEXT() REPRESENTATION_CONTEXT('2D SPACE',''
  ) );
#218 = PCURVE('',#134,#219);
#219 = DEFINITIONAL_REPRESENTATION('',(#220),#224);
#220 = LINE('',#221,#222);
#221 = CARTESIAN_POINT('',(0.,0.));
#222 = VECTOR('',#223,1.);
#223 = DIRECTION('',(1.,0.));
#224 = ( GEOMETRIC_REPRESENTATION_CONTEXT(2) 
PARAMETRIC_REPRESENTATION_CONTEXT() REPRESENTATION_CONTEXT('2D SPACE',''
  ) );
#225 = ORIENTED_EDGE('',*,*,#83,.T.);
#226 = ORIENTED_EDGE('',*,*,#227,.T.);
#227 = EDGE_CURVE('',#86,#228,#230,.T.);
#228 = VERTEX_POINT('',#229);
#229 = CARTESIAN_POINT('',(20.,60.,290.));
#230 = SURFACE_CURVE('',#231,(#235,#242),.PCURVE_S1.);
#231 = LINE('',#232,#233);
#232 = CARTESIAN_POINT('',(20.,60.,-60.));
#233 = VECTOR('',#234,1.);
#234 = DIRECTION('',(0.,0.,1.));
#235 = PCURVE('',#106,#236);
#236 = DEFINITIONAL_REPRESENTATION('',(#237),#241);
#237 = LINE('',#238,#239);
#238 = CARTESIAN_POINT('',(40.,0.));
#239 = VECTOR('',#240,1.);
#240 = DIRECTION('',(0.,1.));
#241 = ( GEOMETRIC_REPRESENTATION_CONTEXT(2) 
PARAMETRIC_REPRESENTATION_CONTEXT() REPRESENTATION_CONTEXT('2D SPACE',''
  ) );
#242 = PCURVE('',#188,#243);
#243 = DEFINITIONAL_REPRESENTATION('',(#244),#248);
#244 = LINE('',#245,#246);
#245 = CARTESIAN_POINT('',(0.,0.));
#246 = VECTOR('',#247,1.);
#247 = DIRECTION('',(1.,0.));
#248 = ( GEOMETRIC_REPRESENTATION_CONTEXT(2) 
PARAMETRIC_REPRESENTATION_CONTEXT() REPRESENTATION_CONTEXT('2D SPACE',''
  ) );
#249 = ORIENTED_EDGE('',*,*,#250,.F.);
#250 = EDGE_CURVE('',#204,#228,#251,.T.);
#251 = SURFACE_CURVE('',#252,(#256,#263),.PCURVE_S1.);
#252 = LINE('',#253,#254);
#253 = CARTESIAN_POINT('',(20.,20.,290.));
#254 = VECTOR('',#255,1.);
#255 = DIRECTION('',(0.,1.,0.));
#256 = PCURVE('',#106,#257);
#257 = DEFINITIONAL_REPRESENTATION('',(#258),#262);
#258 = LINE('',#259,#260);
#259 = CARTESIAN_POINT('',(0.,350.));
#260 = VECTOR('',#261,1.);
#261 = DIRECTION('',(1.,0.));
#262 = ( GEOMETRIC_REPRESENTATION_CONTEXT(2) 
PARAMETRIC_REPRESENTATION_CONTEXT() REPRESENTATION_CONTEXT('2D SPACE',''
  ) );
#263 = PCURVE('',#264,#269);
#264 = PLANE('',#265);
#265 = AXIS2_PLACEMENT_3D('',#266,#267,#268);
#266 = CARTESIAN_POINT('',(20.,20.,290.));
#267 = DIRECTION('',(0.,0.,1.));
#268 = DIRECTION('',(0.,1.,0.));
#269 = DEFINITIONAL_REPRESENTATION('',(#270),#274);
#270 = LINE('',#271,#272);
#271 = CARTESIAN_POINT('',(0.,0.));
#272 = VECTOR('',#273,1.);
#273 = DIRECTION('',(1.,0.));
#274 = ( GEOMETRIC_REPRESENTATION_CONTEXT(2) 
PARAMETRIC_REPRESENTATION_CONTEXT() REPRESENTATION_CONTEXT('2D SPACE',''
  ) );
#275 = FACE_BOUND('',#276,.F.);
#276 = EDGE_LOOP('',(#277));
#277 = ORIENTED_EDGE('',*,*,#278,.T.);
#278 = EDGE_CURVE('',#279,#279,#281,.T.);
#279 = VERTEX_POINT('',#280);
#280 = CARTESIAN_POINT('',(20.,41.25,25.));
#281 = SURFACE_CURVE('',#282,(#287,#298),.PCURVE_S1.);
#282 = CIRCLE('',#283,1.25);
#283 = AXIS2_PLACEMENT_3D('',#284,#285,#286);
#284 = CARTESIAN_POINT('',(20.,40.,25.));
#285 = DIRECTION('',(-1.,0.,0.));
#286 = DIRECTION('',(0.,1.,0.));
#287 = PCURVE('',#106,#288);
#288 = DEFINITIONAL_REPRESENTATION('',(#289),#297);
#289 = ( BOUNDED_CURVE() B_SPLINE_CURVE(2,(#290,#291,#292,#293,#294,#295
,#296),.UNSPECIFIED.,.T.,.F.) B_SPLINE_CURVE_WITH_KNOTS((1,2,2,2,2,1),(
    -2.094395102393,0.,2.094395102393,4.188790204786,6.28318530718,
8.377580409573),.UNSPECIFIED.) CURVE() GEOMETRIC_REPRESENTATION_ITEM() 
RATIONAL_B_SPLINE_CURVE((1.,0.5,1.,0.5,1.,0.5,1.)) REPRESENTATION_ITEM(
  '') );
#290 = CARTESIAN_POINT('',(21.25,85.));
#291 = CARTESIAN_POINT('',(21.25,82.834936490539));
#292 = CARTESIAN_POINT('',(19.375,83.917468245269));
#293 = CARTESIAN_POINT('',(17.5,85.));
#294 = CARTESIAN_POINT('',(19.375,86.082531754731));
#295 = CARTESIAN_POINT('',(21.25,87.165063509461));
#296 = CARTESIAN_POINT('',(21.25,85.));
#297 = ( GEOMETRIC_REPRESENTATION_CONTEXT(2) 
PARAMETRIC_REPRESENTATION_CONTEXT() REPRESENTATION_CONTEXT('2D SPACE',''
  ) );
#298 = PCURVE('',#299,#304);
#299 = CYLINDRICAL_SURFACE('',#300,1.25);
#300 = AXIS2_PLACEMENT_3D('',#301,#302,#303);
#301 = CARTESIAN_POINT('',(19.95,40.,25.));
#302 = DIRECTION('',(-1.,-0.,-0.));
#303 = DIRECTION('',(0.,1.,0.));
#304 = DEFINITIONAL_REPRESENTATION('',(#305),#309);
#305 = LINE('',#306,#307);
#306 = CARTESIAN_POINT('',(-6.28318530718,-5.E-02));
#307 = VECTOR('',#308,1.);
#308 = DIRECTION('',(1.,-0.));
#309 = ( GEOMETRIC_REPRESENTATION_CONTEXT(2) 
PARAMETRIC_REPRESENTATION_CONTEXT() REPRESENTATION_CONTEXT('2D SPACE',''
  ) );
#310 = FACE_BOUND('',#311,.F.);
#311 = EDGE_LOOP('',(#312));
#312 = ORIENTED_EDGE('',*,*,#313,.T.);
#313 = EDGE_CURVE('',#314,#314,#316,.T.);
#314 = VERTEX_POINT('',#315);
#315 = CARTESIAN_POINT('',(20.,41.25,120.));
#316 = SURFACE_CURVE('',#317,(#322,#333),.PCURVE_S1.);
#317 = CIRCLE('',#318,1.25);
#318 = AXIS2_PLACEMENT_3D('',#319,#320,#321);
#319 = CARTESIAN_POINT('',(20.,40.,120.));
#320 = DIRECTION('',(-1.,0.,0.));
#321 = DIRECTION('',(0.,1.,0.));
#322 = PCURVE('',#106,#323);
#323 = DEFINITIONAL_REPRESENTATION('',(#324),#332);
#324 = ( BOUNDED_CURVE() B_SPLINE_CURVE(2,(#325,#326,#327,#328,#329,#330
,#331),.UNSPECIFIED.,.T.,.F.) B_SPLINE_CURVE_WITH_KNOTS((1,2,2,2,2,1),(
    -2.094395102393,0.,2.094395102393,4.188790204786,6.28318530718,
8.377580409573),.UNSPECIFIED.) CURVE() GEOMETRIC_REPRESENTATION_ITEM() 
RATIONAL_B_SPLINE_CURVE((1.,0.5,1.,0.5,1.,0.5,1.)) REPRESENTATION_ITEM(
  '') );
#325 = CARTESIAN_POINT('',(21.25,180.));
#326 = CARTESIAN_POINT('',(21.25,177.83493649053));
#327 = CARTESIAN_POINT('',(19.375,178.91746824526));
#328 = CARTESIAN_POINT('',(17.5,180.));
#329 = CARTESIAN_POINT('',(19.375,181.08253175473));
#330 = CARTESIAN_POINT('',(21.25,182.16506350946));
#331 = CARTESIAN_POINT('',(21.25,180.));
#332 = ( GEOMETRIC_REPRESENTATION_CONTEXT(2) 
PARAMETRIC_REPRESENTATION_CONTEXT() REPRESENTATION_CONTEXT('2D SPACE',''
  ) );
#333 = PCURVE('',#334,#339);
#334 = CYLINDRICAL_SURFACE('',#335,1.25);
#335 = AXIS2_PLACEMENT_3D('',#336,#337,#338);
#336 = CARTESIAN_POINT('',(19.95,40.,120.));
#337 = DIRECTION('',(-1.,-0.,-0.));
#338 = DIRECTION('',(0.,1.,0.));
#339 = DEFINITIONAL_REPRESENTATION('',(#340),#344);
#340 = LINE('',#341,#342);
#341 = CARTESIAN_POINT('',(-6.28318530718,-5.E-02));
#342 = VECTOR('',#343,1.);
#343 = DIRECTION('',(1.,-0.));
#344 = ( GEOMETRIC_REPRESENTATION_CONTEXT(2) 
PARAMETRIC_REPRESENTATION_CONTEXT() REPRESENTATION_CONTEXT('2D SPACE',''
  ) );
#345 = FACE_BOUND('',#346,.F.);
#346 = EDGE_LOOP('',(#347));
#347 = ORIENTED_EDGE('',*,*,#348,.T.);
#348 = EDGE_CURVE('',#349,#349,#351,.T.);
#349 = VERTEX_POINT('',#350);
#350 = CARTESIAN_POINT('',(20.,41.25,170.));
#351 = SURFACE_CURVE('',#352,(#357,#368),.PCURVE_S1.);
#352 = CIRCLE('',#353,1.25);
#353 = AXIS2_PLACEMENT_3D('',#354,#355,#356);
#354 = CARTESIAN_POINT('',(20.,40.,170.));
#355 = DIRECTION('',(-1.,0.,0.));
#356 = DIRECTION('',(0.,1.,0.));
#357 = PCURVE('',#106,#358);
#358 = DEFINITIONAL_REPRESENTATION('',(#359),#367);
#359 = ( BOUNDED_CURVE() B_SPLINE_CURVE(2,(#360,#361,#362,#363,#364,#365
,#366),.UNSPECIFIED.,.T.,.F.) B_SPLINE_CURVE_WITH_KNOTS((1,2,2,2,2,1),(
    -2.094395102393,0.,2.094395102393,4.188790204786,6.28318530718,
8.377580409573),.UNSPECIFIED.) CURVE() GEOMETRIC_REPRESENTATION_ITEM() 
RATIONAL_B_SPLINE_CURVE((1.,0.5,1.,0.5,1.,0.5,1.)) REPRESENTATION_ITEM(
  '') );
#360 = CARTESIAN_POINT('',(21.25,230.));
#361 = CARTESIAN_POINT('',(21.25,227.83493649053));
#362 = CARTESIAN_POINT('',(19.375,228.91746824526));
#363 = CARTESIAN_POINT('',(17.5,230.));
#364 = CARTESIAN_POINT('',(19.375,231.08253175473));
#365 = CARTESIAN_POINT('',(21.25,232.16506350946));
#366 = CARTESIAN_POINT('',(21.25,230.));
#367 = ( GEOMETRIC_REPRESENTATION_CONTEXT(2) 
PARAMETRIC_REPRESENTATION_CONTEXT() REPRESENTATION_CONTEXT('2D SPACE',''
  ) );
#368 = PCURVE('',#369,#374);
#369 = CYLINDRICAL_SURFACE('',#370,1.25);
#370 = AXIS2_PLACEMENT_3D('',#371,#372,#373);
#371 = CARTESIAN_POINT('',(19.95,40.,170.));
#372 = DIRECTION('',(-1.,-0.,-0.));
#373 = DIRECTION('',(0.,1.,0.));
#374 = DEFINITIONAL_REPRESENTATION('',(#375),#379);
#375 = LINE('',#376,#377);
#376 = CARTESIAN_POINT('',(-6.28318530718,-5.E-02));
#377 = VECTOR('',#378,1.);
#378 = DIRECTION('',(1.,-0.));
#379 = ( GEOMETRIC_REPRESENTATION_CONTEXT(2) 
PARAMETRIC_REPRESENTATION_CONTEXT() REPRESENTATION_CONTEXT('2D SPACE',''
  ) );
#380 = FACE_BOUND('',#381,.F.);
#381 = EDGE_LOOP('',(#382));
#382 = ORIENTED_EDGE('',*,*,#383,.T.);
#383 = EDGE_CURVE('',#384,#384,#386,.T.);
#384 = VERTEX_POINT('',#385);
#385 = CARTESIAN_POINT('',(20.,41.25,265.));
#386 = SURFACE_CURVE('',#387,(#392,#403),.PCURVE_S1.);
#387 = CIRCLE('',#388,1.25);
#388 = AXIS2_PLACEMENT_3D('',#389,#390,#391);
#389 = CARTESIAN_POINT('',(20.,40.,265.));
#390 = DIRECTION('',(-1.,0.,0.));
#391 = DIRECTION('',(0.,1.,0.));
#392 = PCURVE('',#106,#393);
#393 = DEFINITIONAL_REPRESENTATION('',(#394),#402);
#394 = ( BOUNDED_CURVE() B_SPLINE_CURVE(2,(#395,#396,#397,#398,#399,#400
,#401),.UNSPECIFIED.,.T.,.F.) B_SPLINE_CURVE_WITH_KNOTS((1,2,2,2,2,1),(
    -2.094395102393,0.,2.094395102393,4.188790204786,6.28318530718,
8.377580409573),.UNSPECIFIED.) CURVE() GEOMETRIC_REPRESENTATION_ITEM() 
RATIONAL_B_SPLINE_CURVE((1.,0.5,1.,0.5,1.,0.5,1.)) REPRESENTATION_ITEM(
  '') );
#395 = CARTESIAN_POINT('',(21.25,325.));
#396 = CARTESIAN_POINT('',(21.25,322.83493649053));
#397 = CARTESIAN_POINT('',(19.375,323.91746824526));
#398 = CARTESIAN_POINT('',(17.5,325.));
#399 = CARTESIAN_POINT('',(19.375,326.08253175473));
#400 = CARTESIAN_POINT('',(21.25,327.16506350946));
#401 = CARTESIAN_POINT('',(21.25,325.));
#402 = ( GEOMETRIC_REPRESENTATION_CONTEXT(2) 
PARAMETRIC_REPRESENTATION_CONTEXT() REPRESENTATION_CONTEXT('2D SPACE',''
  ) );
#403 = PCURVE('',#404,#409);
#404 = CYLINDRICAL_SURFACE('',#405,1.25);
#405 = AXIS2_PLACEMENT_3D('',#406,#407,#408);
#406 = CARTESIAN_POINT('',(19.95,40.,265.));
#407 = DIRECTION('',(-1.,-0.,-0.));
#408 = DIRECTION('',(0.,1.,0.));
#409 = DEFINITIONAL_REPRESENTATION('',(#410),#414);
#410 = LINE('',#411,#412);
#411 = CARTESIAN_POINT('',(-6.28318530718,-5.E-02));
#412 = VECTOR('',#413,1.);
#413 = DIRECTION('',(1.,-0.));
#414 = ( GEOMETRIC_REPRESENTATION_CONTEXT(2) 
PARAMETRIC_REPRESENTATION_CONTEXT() REPRESENTATION_CONTEXT('2D SPACE',''
  ) );
#415 = ADVANCED_FACE('',(#416),#188,.T.);
#416 = FACE_BOUND('',#417,.T.);
#417 = EDGE_LOOP('',(#418,#419,#420,#443));
#418 = ORIENTED_EDGE('',*,*,#174,.F.);
#419 = ORIENTED_EDGE('',*,*,#227,.T.);
#420 = ORIENTED_EDGE('',*,*,#421,.T.);
#421 = EDGE_CURVE('',#228,#422,#424,.T.);
#422 = VERTEX_POINT('',#423);
#423 = CARTESIAN_POINT('',(60.,60.,290.));
#424 = SURFACE_CURVE('',#425,(#429,#436),.PCURVE_S1.);
#425 = LINE('',#426,#427);
#426 = CARTESIAN_POINT('',(20.,60.,290.));
#427 = VECTOR('',#428,1.);
#428 = DIRECTION('',(1.,0.,0.));
#429 = PCURVE('',#188,#430);
#430 = DEFINITIONAL_REPRESENTATION('',(#431),#435);
#431 = LINE('',#432,#433);
#432 = CARTESIAN_POINT('',(350.,0.));
#433 = VECTOR('',#434,1.);
#434 = DIRECTION('',(0.,1.));
#435 = ( GEOMETRIC_REPRESENTATION_CONTEXT(2) 
PARAMETRIC_REPRESENTATION_CONTEXT() REPRESENTATION_CONTEXT('2D SPACE',''
  ) );
#436 = PCURVE('',#264,#437);
#437 = DEFINITIONAL_REPRESENTATION('',(#438),#442);
#438 = LINE('',#439,#440);
#439 = CARTESIAN_POINT('',(40.,0.));
#440 = VECTOR('',#441,1.);
#441 = DIRECTION('',(0.,-1.));
#442 = ( GEOMETRIC_REPRESENTATION_CONTEXT(2) 
PARAMETRIC_REPRESENTATION_CONTEXT() REPRESENTATION_CONTEXT('2D SPACE',''
  ) );
#443 = ORIENTED_EDGE('',*,*,#444,.F.);
#444 = EDGE_CURVE('',#147,#422,#445,.T.);
#445 = SURFACE_CURVE('',#446,(#450,#457),.PCURVE_S1.);
#446 = LINE('',#447,#448);
#447 = CARTESIAN_POINT('',(60.,60.,-60.));
#448 = VECTOR('',#449,1.);
#449 = DIRECTION('',(0.,0.,1.));
#450 = PCURVE('',#188,#451);
#451 = DEFINITIONAL_REPRESENTATION('',(#452),#456);
#452 = LINE('',#453,#454);
#453 = CARTESIAN_POINT('',(0.,40.));
#454 = VECTOR('',#455,1.);
#455 = DIRECTION('',(1.,0.));
#456 = ( GEOMETRIC_REPRESENTATION_CONTEXT(2) 
PARAMETRIC_REPRESENTATION_CONTEXT() REPRESENTATION_CONTEXT('2D SPACE',''
  ) );
#457 = PCURVE('',#162,#458);
#458 = DEFINITIONAL_REPRESENTATION('',(#459),#463);
#459 = LINE('',#460,#461);
#460 = CARTESIAN_POINT('',(40.,0.));
#461 = VECTOR('',#462,1.);
#462 = DIRECTION('',(0.,1.));
#463 = ( GEOMETRIC_REPRESENTATION_CONTEXT(2) 
PARAMETRIC_REPRESENTATION_CONTEXT() REPRESENTATION_CONTEXT('2D SPACE',''
  ) );
#464 = ADVANCED_FACE('',(#465),#162,.T.);
#465 = FACE_BOUND('',#466,.T.);
#466 = EDGE_LOOP('',(#467,#490,#491,#492));
#467 = ORIENTED_EDGE('',*,*,#468,.F.);
#468 = EDGE_CURVE('',#119,#469,#471,.T.);
#469 = VERTEX_POINT('',#470);
#470 = CARTESIAN_POINT('',(60.,20.,290.));
#471 = SURFACE_CURVE('',#472,(#476,#483),.PCURVE_S1.);
#472 = LINE('',#473,#474);
#473 = CARTESIAN_POINT('',(60.,20.,-60.));
#474 = VECTOR('',#475,1.);
#475 = DIRECTION('',(0.,0.,1.));
#476 = PCURVE('',#162,#477);
#477 = DEFINITIONAL_REPRESENTATION('',(#478),#482);
#478 = LINE('',#479,#480);
#479 = CARTESIAN_POINT('',(0.,0.));
#480 = VECTOR('',#481,1.);
#481 = DIRECTION('',(0.,1.));
#482 = ( GEOMETRIC_REPRESENTATION_CONTEXT(2) 
PARAMETRIC_REPRESENTATION_CONTEXT() REPRESENTATION_CONTEXT('2D SPACE',''
  ) );
#483 = PCURVE('',#134,#484);
#484 = DEFINITIONAL_REPRESENTATION('',(#485),#489);
#485 = LINE('',#486,#487);
#486 = CARTESIAN_POINT('',(0.,40.));
#487 = VECTOR('',#488,1.);
#488 = DIRECTION('',(1.,0.));
#489 = ( GEOMETRIC_REPRESENTATION_CONTEXT(2) 
PARAMETRIC_REPRESENTATION_CONTEXT() REPRESENTATION_CONTEXT('2D SPACE',''
  ) );
#490 = ORIENTED_EDGE('',*,*,#146,.T.);
#491 = ORIENTED_EDGE('',*,*,#444,.T.);
#492 = ORIENTED_EDGE('',*,*,#493,.F.);
#493 = EDGE_CURVE('',#469,#422,#494,.T.);
#494 = SURFACE_CURVE('',#495,(#499,#506),.PCURVE_S1.);
#495 = LINE('',#496,#497);
#496 = CARTESIAN_POINT('',(60.,20.,290.));
#497 = VECTOR('',#498,1.);
#498 = DIRECTION('',(0.,1.,0.));
#499 = PCURVE('',#162,#500);
#500 = DEFINITIONAL_REPRESENTATION('',(#501),#505);
#501 = LINE('',#502,#503);
#502 = CARTESIAN_POINT('',(0.,350.));
#503 = VECTOR('',#504,1.);
#504 = DIRECTION('',(1.,0.));
#505 = ( GEOMETRIC_REPRESENTATION_CONTEXT(2) 
PARAMETRIC_REPRESENTATION_CONTEXT() REPRESENTATION_CONTEXT('2D SPACE',''
  ) );
#506 = PCURVE('',#264,#507);
#507 = DEFINITIONAL_REPRESENTATION('',(#508),#512);
#508 = LINE('',#509,#510);
#509 = CARTESIAN_POINT('',(0.,-40.));
#510 = VECTOR('',#511,1.);
#511 = DIRECTION('',(1.,0.));
#512 = ( GEOMETRIC_REPRESENTATION_CONTEXT(2) 
PARAMETRIC_REPRESENTATION_CONTEXT() REPRESENTATION_CONTEXT('2D SPACE',''
  ) );
#513 = ADVANCED_FACE('',(#514,#540,#575,#610,#645),#134,.F.);
#514 = FACE_BOUND('',#515,.F.);
#515 = EDGE_LOOP('',(#516,#517,#518,#539));
#516 = ORIENTED_EDGE('',*,*,#118,.F.);
#517 = ORIENTED_EDGE('',*,*,#203,.T.);
#518 = ORIENTED_EDGE('',*,*,#519,.T.);
#519 = EDGE_CURVE('',#204,#469,#520,.T.);
#520 = SURFACE_CURVE('',#521,(#525,#532),.PCURVE_S1.);
#521 = LINE('',#522,#523);
#522 = CARTESIAN_POINT('',(20.,20.,290.));
#523 = VECTOR('',#524,1.);
#524 = DIRECTION('',(1.,0.,0.));
#525 = PCURVE('',#134,#526);
#526 = DEFINITIONAL_REPRESENTATION('',(#527),#531);
#527 = LINE('',#528,#529);
#528 = CARTESIAN_POINT('',(350.,0.));
#529 = VECTOR('',#530,1.);
#530 = DIRECTION('',(0.,1.));
#531 = ( GEOMETRIC_REPRESENTATION_CONTEXT(2) 
PARAMETRIC_REPRESENTATION_CONTEXT() REPRESENTATION_CONTEXT('2D SPACE',''
  ) );
#532 = PCURVE('',#264,#533);
#533 = DEFINITIONAL_REPRESENTATION('',(#534),#538);
#534 = LINE('',#535,#536);
#535 = CARTESIAN_POINT('',(0.,0.));
#536 = VECTOR('',#537,1.);
#537 = DIRECTION('',(0.,-1.));
#538 = ( GEOMETRIC_REPRESENTATION_CONTEXT(2) 
PARAMETRIC_REPRESENTATION_CONTEXT() REPRESENTATION_CONTEXT('2D SPACE',''
  ) );
#539 = ORIENTED_EDGE('',*,*,#468,.F.);
#540 = FACE_BOUND('',#541,.F.);
#541 = EDGE_LOOP('',(#542));
#542 = ORIENTED_EDGE('',*,*,#543,.T.);
#543 = EDGE_CURVE('',#544,#544,#546,.T.);
#544 = VERTEX_POINT('',#545);
#545 = CARTESIAN_POINT('',(40.,20.,26.25));
#546 = SURFACE_CURVE('',#547,(#552,#563),.PCURVE_S1.);
#547 = CIRCLE('',#548,1.25);
#548 = AXIS2_PLACEMENT_3D('',#549,#550,#551);
#549 = CARTESIAN_POINT('',(40.,20.,25.));
#550 = DIRECTION('',(0.,-1.,0.));
#551 = DIRECTION('',(0.,0.,1.));
#552 = PCURVE('',#134,#553);
#553 = DEFINITIONAL_REPRESENTATION('',(#554),#562);
#554 = ( BOUNDED_CURVE() B_SPLINE_CURVE(2,(#555,#556,#557,#558,#559,#560
,#561),.UNSPECIFIED.,.T.,.F.) B_SPLINE_CURVE_WITH_KNOTS((1,2,2,2,2,1),(
    -2.094395102393,0.,2.094395102393,4.188790204786,6.28318530718,
8.377580409573),.UNSPECIFIED.) CURVE() GEOMETRIC_REPRESENTATION_ITEM() 
RATIONAL_B_SPLINE_CURVE((1.,0.5,1.,0.5,1.,0.5,1.)) REPRESENTATION_ITEM(
  '') );
#555 = CARTESIAN_POINT('',(86.25,20.));
#556 = CARTESIAN_POINT('',(86.25,17.834936490539));
#557 = CARTESIAN_POINT('',(84.375,18.917468245269));
#558 = CARTESIAN_POINT('',(82.5,20.));
#559 = CARTESIAN_POINT('',(84.375,21.082531754731));
#560 = CARTESIAN_POINT('',(86.25,22.165063509461));
#561 = CARTESIAN_POINT('',(86.25,20.));
#562 = ( GEOMETRIC_REPRESENTATION_CONTEXT(2) 
PARAMETRIC_REPRESENTATION_CONTEXT() REPRESENTATION_CONTEXT('2D SPACE',''
  ) );
#563 = PCURVE('',#564,#569);
#564 = CYLINDRICAL_SURFACE('',#565,1.25);
#565 = AXIS2_PLACEMENT_3D('',#566,#567,#568);
#566 = CARTESIAN_POINT('',(40.,19.95,25.));
#567 = DIRECTION('',(-0.,-1.,-0.));
#568 = DIRECTION('',(0.,0.,1.));
#569 = DEFINITIONAL_REPRESENTATION('',(#570),#574);
#570 = LINE('',#571,#572);
#571 = CARTESIAN_POINT('',(-6.28318530718,-5.E-02));
#572 = VECTOR('',#573,1.);
#573 = DIRECTION('',(1.,-0.));
#574 = ( GEOMETRIC_REPRESENTATION_CONTEXT(2) 
PARAMETRIC_REPRESENTATION_CONTEXT() REPRESENTATION_CONTEXT('2D SPACE',''
  ) );
#575 = FACE_BOUND('',#576,.F.);
#576 = EDGE_LOOP('',(#577));
#577 = ORIENTED_EDGE('',*,*,#578,.T.);
#578 = EDGE_CURVE('',#579,#579,#581,.T.);
#579 = VERTEX_POINT('',#580);
#580 = CARTESIAN_POINT('',(40.,20.,121.25));
#581 = SURFACE_CURVE('',#582,(#587,#598),.PCURVE_S1.);
#582 = CIRCLE('',#583,1.25);
#583 = AXIS2_PLACEMENT_3D('',#584,#585,#586);
#584 = CARTESIAN_POINT('',(40.,20.,120.));
#585 = DIRECTION('',(0.,-1.,0.));
#586 = DIRECTION('',(0.,0.,1.));
#587 = PCURVE('',#134,#588);
#588 = DEFINITIONAL_REPRESENTATION('',(#589),#597);
#589 = ( BOUNDED_CURVE() B_SPLINE_CURVE(2,(#590,#591,#592,#593,#594,#595
,#596),.UNSPECIFIED.,.T.,.F.) B_SPLINE_CURVE_WITH_KNOTS((1,2,2,2,2,1),(
    -2.094395102393,0.,2.094395102393,4.188790204786,6.28318530718,
8.377580409573),.UNSPECIFIED.) CURVE() GEOMETRIC_REPRESENTATION_ITEM() 
RATIONAL_B_SPLINE_CURVE((1.,0.5,1.,0.5,1.,0.5,1.)) REPRESENTATION_ITEM(
  '') );
#590 = CARTESIAN_POINT('',(181.25,20.));
#591 = CARTESIAN_POINT('',(181.25,17.834936490539));
#592 = CARTESIAN_POINT('',(179.375,18.917468245269));
#593 = CARTESIAN_POINT('',(177.5,20.));
#594 = CARTESIAN_POINT('',(179.375,21.082531754731));
#595 = CARTESIAN_POINT('',(181.25,22.165063509461));
#596 = CARTESIAN_POINT('',(181.25,20.));
#597 = ( GEOMETRIC_REPRESENTATION_CONTEXT(2) 
PARAMETRIC_REPRESENTATION_CONTEXT() REPRESENTATION_CONTEXT('2D SPACE',''
  ) );
#598 = PCURVE('',#599,#604);
#599 = CYLINDRICAL_SURFACE('',#600,1.25);
#600 = AXIS2_PLACEMENT_3D('',#601,#602,#603);
#601 = CARTESIAN_POINT('',(40.,19.95,120.));
#602 = DIRECTION('',(-0.,-1.,-0.));
#603 = DIRECTION('',(0.,0.,1.));
#604 = DEFINITIONAL_REPRESENTATION('',(#605),#609);
#605 = LINE('',#606,#607);
#606 = CARTESIAN_POINT('',(-6.28318530718,-5.E-02));
#607 = VECTOR('',#608,1.);
#608 = DIRECTION('',(1.,-0.));
#609 = ( GEOMETRIC_REPRESENTATION_CONTEXT(2) 
PARAMETRIC_REPRESENTATION_CONTEXT() REPRESENTATION_CONTEXT('2D SPACE',''
  ) );
#610 = FACE_BOUND('',#611,.F.);
#611 = EDGE_LOOP('',(#612));
#612 = ORIENTED_EDGE('',*,*,#613,.T.);
#613 = EDGE_CURVE('',#614,#614,#616,.T.);
#614 = VERTEX_POINT('',#615);
#615 = CARTESIAN_POINT('',(40.,20.,171.25));
#616 = SURFACE_CURVE('',#617,(#622,#633),.PCURVE_S1.);
#617 = CIRCLE('',#618,1.25);
#618 = AXIS2_PLACEMENT_3D('',#619,#620,#621);
#619 = CARTESIAN_POINT('',(40.,20.,170.));
#620 = DIRECTION('',(0.,-1.,0.));
#621 = DIRECTION('',(0.,0.,1.));
#622 = PCURVE('',#134,#623);
#623 = DEFINITIONAL_REPRESENTATION('',(#624),#632);
#624 = ( BOUNDED_CURVE() B_SPLINE_CURVE(2,(#625,#626,#627,#628,#629,#630
,#631),.UNSPECIFIED.,.T.,.F.) B_SPLINE_CURVE_WITH_KNOTS((1,2,2,2,2,1),(
    -2.094395102393,0.,2.094395102393,4.188790204786,6.28318530718,
8.377580409573),.UNSPECIFIED.) CURVE() GEOMETRIC_REPRESENTATION_ITEM() 
RATIONAL_B_SPLINE_CURVE((1.,0.5,1.,0.5,1.,0.5,1.)) REPRESENTATION_ITEM(
  '') );
#625 = CARTESIAN_POINT('',(231.25,20.));
#626 = CARTESIAN_POINT('',(231.25,17.834936490539));
#627 = CARTESIAN_POINT('',(229.375,18.917468245269));
#628 = CARTESIAN_POINT('',(227.5,20.));
#629 = CARTESIAN_POINT('',(229.375,21.082531754731));
#630 = CARTESIAN_POINT('',(231.25,22.165063509461));
#631 = CARTESIAN_POINT('',(231.25,20.));
#632 = ( GEOMETRIC_REPRESENTATION_CONTEXT(2) 
PARAMETRIC_REPRESENTATION_CONTEXT() REPRESENTATION_CONTEXT('2D SPACE',''
  ) );
#633 = PCURVE('',#634,#639);
#634 = CYLINDRICAL_SURFACE('',#635,1.25);
#635 = AXIS2_PLACEMENT_3D('',#636,#637,#638);
#636 = CARTESIAN_POINT('',(40.,19.95,170.));
#637 = DIRECTION('',(-0.,-1.,-0.));
#638 = DIRECTION('',(0.,0.,1.));
#639 = DEFINITIONAL_REPRESENTATION('',(#640),#644);
#640 = LINE('',#641,#642);
#641 = CARTESIAN_POINT('',(-6.28318530718,-5.E-02));
#642 = VECTOR('',#643,1.);
#643 = DIRECTION('',(1.,-0.));
#644 = ( GEOMETRIC_REPRESENTATION_CONTEXT(2) 
PARAMETRIC_REPRESENTATION_CONTEXT() REPRESENTATION_CONTEXT('2D SPACE',''
  ) );
#645 = FACE_BOUND('',#646,.F.);
#646 = EDGE_LOOP('',(#647));
#647 = ORIENTED_EDGE('',*,*,#648,.T.);
#648 = EDGE_CURVE('',#649,#649,#651,.T.);
#649 = VERTEX_POINT('',#650);
#650 = CARTESIAN_POINT('',(40.,20.,266.25));
#651 = SURFACE_CURVE('',#652,(#657,#668),.PCURVE_S1.);
#652 = CIRCLE('',#653,1.25);
#653 = AXIS2_PLACEMENT_3D('',#654,#655,#656);
#654 = CARTESIAN_POINT('',(40.,20.,265.));
#655 = DIRECTION('',(0.,-1.,0.));
#656 = DIRECTION('',(0.,0.,1.));
#657 = PCURVE('',#134,#658);
#658 = DEFINITIONAL_REPRESENTATION('',(#659),#667);
#659 = ( BOUNDED_CURVE() B_SPLINE_CURVE(2,(#660,#661,#662,#663,#664,#665
,#666),.UNSPECIFIED.,.T.,.F.) B_SPLINE_CURVE_WITH_KNOTS((1,2,2,2,2,1),(
    -2.094395102393,0.,2.094395102393,4.188790204786,6.28318530718,
8.377580409573),.UNSPECIFIED.) CURVE() GEOMETRIC_REPRESENTATION_ITEM() 
RATIONAL_B_SPLINE_CURVE((1.,0.5,1.,0.5,1.,0.5,1.)) REPRESENTATION_ITEM(
  '') );
#660 = CARTESIAN_POINT('',(326.25,20.));
#661 = CARTESIAN_POINT('',(326.25,17.834936490539));
#662 = CARTESIAN_POINT('',(324.375,18.917468245269));
#663 = CARTESIAN_POINT('',(322.5,20.));
#664 = CARTESIAN_POINT('',(324.375,21.082531754731));
#665 = CARTESIAN_POINT('',(326.25,22.165063509461));
#666 = CARTESIAN_POINT('',(326.25,20.));
#667 = ( GEOMETRIC_REPRESENTATION_CONTEXT(2) 
PARAMETRIC_REPRESENTATION_CONTEXT() REPRESENTATION_CONTEXT('2D SPACE',''
  ) );
#668 = PCURVE('',#669,#674);
#669 = CYLINDRICAL_SURFACE('',#670,1.25);
#670 = AXIS2_PLACEMENT_3D('',#671,#672,#673);
#671 = CARTESIAN_POINT('',(40.,19.95,265.));
#672 = DIRECTION('',(-0.,-1.,-0.));
#673 = DIRECTION('',(0.,0.,1.));
#674 = DEFINITIONAL_REPRESENTATION('',(#675),#679);
#675 = LINE('',#676,#677);
#676 = CARTESIAN_POINT('',(-6.28318530718,-5.E-02));
#677 = VECTOR('',#678,1.);
#678 = DIRECTION('',(1.,-0.));
#679 = ( GEOMETRIC_REPRESENTATION_CONTEXT(2) 
PARAMETRIC_REPRESENTATION_CONTEXT() REPRESENTATION_CONTEXT('2D SPACE',''
  ) );
#680 = ADVANCED_FACE('',(#681),#264,.T.);
#681 = FACE_BOUND('',#682,.T.);
#682 = EDGE_LOOP('',(#683,#684,#685,#686));
#683 = ORIENTED_EDGE('',*,*,#250,.F.);
#684 = ORIENTED_EDGE('',*,*,#519,.T.);
#685 = ORIENTED_EDGE('',*,*,#493,.T.);
#686 = ORIENTED_EDGE('',*,*,#421,.F.);
#687 = ADVANCED_FACE('',(#688),#299,.F.);
#688 = FACE_BOUND('',#689,.T.);
#689 = EDGE_LOOP('',(#690,#691,#714,#753,#787,#821,#853));
#690 = ORIENTED_EDGE('',*,*,#278,.T.);
#691 = ORIENTED_EDGE('',*,*,#692,.T.);
#692 = EDGE_CURVE('',#279,#693,#695,.T.);
#693 = VERTEX_POINT('',#694);
#694 = CARTESIAN_POINT('',(38.75,41.25,25.));
#695 = SEAM_CURVE('',#696,(#700,#707),.PCURVE_S1.);
#696 = LINE('',#697,#698);
#697 = CARTESIAN_POINT('',(19.95,41.25,25.));
#698 = VECTOR('',#699,1.);
#699 = DIRECTION('',(1.,0.,0.));
#700 = PCURVE('',#299,#701);
#701 = DEFINITIONAL_REPRESENTATION('',(#702),#706);
#702 = LINE('',#703,#704);
#703 = CARTESIAN_POINT('',(-6.28318530718,0.));
#704 = VECTOR('',#705,1.);
#705 = DIRECTION('',(-0.,-1.));
#706 = ( GEOMETRIC_REPRESENTATION_CONTEXT(2) 
PARAMETRIC_REPRESENTATION_CONTEXT() REPRESENTATION_CONTEXT('2D SPACE',''
  ) );
#707 = PCURVE('',#299,#708);
#708 = DEFINITIONAL_REPRESENTATION('',(#709),#713);
#709 = LINE('',#710,#711);
#710 = CARTESIAN_POINT('',(-0.,0.));
#711 = VECTOR('',#712,1.);
#712 = DIRECTION('',(-0.,-1.));
#713 = ( GEOMETRIC_REPRESENTATION_CONTEXT(2) 
PARAMETRIC_REPRESENTATION_CONTEXT() REPRESENTATION_CONTEXT('2D SPACE',''
  ) );
#714 = ORIENTED_EDGE('',*,*,#715,.F.);
#715 = EDGE_CURVE('',#716,#693,#718,.T.);
#716 = VERTEX_POINT('',#717);
#717 = CARTESIAN_POINT('',(40.,40.,26.25));
#718 = SURFACE_CURVE('',#719,(#724,#736),.PCURVE_S1.);
#719 = ELLIPSE('',#720,1.767766952966,1.25);
#720 = AXIS2_PLACEMENT_3D('',#721,#722,#723);
#721 = CARTESIAN_POINT('',(40.,40.,25.));
#722 = DIRECTION('',(-0.707106781187,-0.707106781187,0.));
#723 = DIRECTION('',(0.707106781187,-0.707106781187,0.));
#724 = PCURVE('',#299,#725);
#725 = DEFINITIONAL_REPRESENTATION('',(#726),#735);
#726 = B_SPLINE_CURVE_WITH_KNOTS('',7,(#727,#728,#729,#730,#731,#732,
    #733,#734),.UNSPECIFIED.,.F.,.F.,(8,8),(1.570796326795,3.14159265359
    ),.PIECEWISE_BEZIER_KNOTS.);
#727 = CARTESIAN_POINT('',(-1.570796326795,-20.05));
#728 = CARTESIAN_POINT('',(-1.346396851538,-19.76950065592));
#729 = CARTESIAN_POINT('',(-1.121997376282,-19.48900245085));
#730 = CARTESIAN_POINT('',(-0.897597901026,-19.23156646778));
#731 = CARTESIAN_POINT('',(-0.673198425769,-19.02029686922));
#732 = CARTESIAN_POINT('',(-0.448798950513,-18.87343584076));
#733 = CARTESIAN_POINT('',(-0.224399475256,-18.8));
#734 = CARTESIAN_POINT('',(0.,-18.8));
#735 = ( GEOMETRIC_REPRESENTATION_CONTEXT(2) 
PARAMETRIC_REPRESENTATION_CONTEXT() REPRESENTATION_CONTEXT('2D SPACE',''
  ) );
#736 = PCURVE('',#737,#742);
#737 = CYLINDRICAL_SURFACE('',#738,1.25);
#738 = AXIS2_PLACEMENT_3D('',#739,#740,#741);
#739 = CARTESIAN_POINT('',(40.,19.95,25.));
#740 = DIRECTION('',(-0.,-1.,-0.));
#741 = DIRECTION('',(0.,0.,1.));
#742 = DEFINITIONAL_REPRESENTATION('',(#743),#752);
#743 = B_SPLINE_CURVE_WITH_KNOTS('',7,(#744,#745,#746,#747,#748,#749,
    #750,#751),.UNSPECIFIED.,.F.,.F.,(8,8),(1.570796326795,3.14159265359
    ),.PIECEWISE_BEZIER_KNOTS.);
#744 = CARTESIAN_POINT('',(-6.28318530718,-20.05));
#745 = CARTESIAN_POINT('',(-6.058785831923,-20.33049934407));
#746 = CARTESIAN_POINT('',(-5.834386356667,-20.61099754914));
#747 = CARTESIAN_POINT('',(-5.60998688141,-20.86843353221));
#748 = CARTESIAN_POINT('',(-5.385587406154,-21.07970313077));
#749 = CARTESIAN_POINT('',(-5.161187930897,-21.22656415923));
#750 = CARTESIAN_POINT('',(-4.936788455641,-21.3));
#751 = CARTESIAN_POINT('',(-4.712388980385,-21.3));
#752 = ( GEOMETRIC_REPRESENTATION_CONTEXT(2) 
PARAMETRIC_REPRESENTATION_CONTEXT() REPRESENTATION_CONTEXT('2D SPACE',''
  ) );
#753 = ORIENTED_EDGE('',*,*,#754,.T.);
#754 = EDGE_CURVE('',#716,#755,#757,.T.);
#755 = VERTEX_POINT('',#756);
#756 = CARTESIAN_POINT('',(38.75,38.75,25.));
#757 = SURFACE_CURVE('',#758,(#763,#775),.PCURVE_S1.);
#758 = ELLIPSE('',#759,1.767766952966,1.25);
#759 = AXIS2_PLACEMENT_3D('',#760,#761,#762);
#760 = CARTESIAN_POINT('',(40.,40.,25.));
#761 = DIRECTION('',(0.707106781187,-0.707106781187,0.));
#762 = DIRECTION('',(-0.707106781187,-0.707106781187,0.));
#763 = PCURVE('',#299,#764);
#764 = DEFINITIONAL_REPRESENTATION('',(#765),#774);
#765 = B_SPLINE_CURVE_WITH_KNOTS('',7,(#766,#767,#768,#769,#770,#771,
    #772,#773),.UNSPECIFIED.,.F.,.F.,(8,8),(4.712388980385,6.28318530718
    ),.PIECEWISE_BEZIER_KNOTS.);
#766 = CARTESIAN_POINT('',(-1.570796326795,-20.05));
#767 = CARTESIAN_POINT('',(-1.795195802051,-19.76950065592));
#768 = CARTESIAN_POINT('',(-2.019595277307,-19.48900245085));
#769 = CARTESIAN_POINT('',(-2.243994752565,-19.23156646778));
#770 = CARTESIAN_POINT('',(-2.46839422782,-19.02029686922));
#771 = CARTESIAN_POINT('',(-2.692793703077,-18.87343584076));
#772 = CARTESIAN_POINT('',(-2.917193178333,-18.8));
#773 = CARTESIAN_POINT('',(-3.14159265359,-18.8));
#774 = ( GEOMETRIC_REPRESENTATION_CONTEXT(2) 
PARAMETRIC_REPRESENTATION_CONTEXT() REPRESENTATION_CONTEXT('2D SPACE',''
  ) );
#775 = PCURVE('',#564,#776);
#776 = DEFINITIONAL_REPRESENTATION('',(#777),#786);
#777 = B_SPLINE_CURVE_WITH_KNOTS('',7,(#778,#779,#780,#781,#782,#783,
    #784,#785),.UNSPECIFIED.,.F.,.F.,(8,8),(4.712388980385,6.28318530718
    ),.PIECEWISE_BEZIER_KNOTS.);
#778 = CARTESIAN_POINT('',(-6.28318530718,-20.05));
#779 = CARTESIAN_POINT('',(-6.058785831923,-19.76950065592));
#780 = CARTESIAN_POINT('',(-5.834386356667,-19.48900245085));
#781 = CARTESIAN_POINT('',(-5.60998688141,-19.23156646778));
#782 = CARTESIAN_POINT('',(-5.385587406154,-19.02029686922));
#783 = CARTESIAN_POINT('',(-5.161187930898,-18.87343584076));
#784 = CARTESIAN_POINT('',(-4.936788455641,-18.8));
#785 = CARTESIAN_POINT('',(-4.712388980385,-18.8));
#786 = ( GEOMETRIC_REPRESENTATION_CONTEXT(2) 
PARAMETRIC_REPRESENTATION_CONTEXT() REPRESENTATION_CONTEXT('2D SPACE',''
  ) );
#787 = ORIENTED_EDGE('',*,*,#788,.T.);
#788 = EDGE_CURVE('',#755,#789,#791,.T.);
#789 = VERTEX_POINT('',#790);
#790 = CARTESIAN_POINT('',(40.,40.,23.75));
#791 = SURFACE_CURVE('',#792,(#797,#809),.PCURVE_S1.);
#792 = ELLIPSE('',#793,1.767766952966,1.25);
#793 = AXIS2_PLACEMENT_3D('',#794,#795,#796);
#794 = CARTESIAN_POINT('',(40.,40.,25.));
#795 = DIRECTION('',(0.707106781187,-0.707106781187,0.));
#796 = DIRECTION('',(-0.707106781187,-0.707106781187,0.));
#797 = PCURVE('',#299,#798);
#798 = DEFINITIONAL_REPRESENTATION('',(#799),#808);
#799 = B_SPLINE_CURVE_WITH_KNOTS('',7,(#800,#801,#802,#803,#804,#805,
    #806,#807),.UNSPECIFIED.,.F.,.F.,(8,8),(0.,1.570796326795),
  .PIECEWISE_BEZIER_KNOTS.);
#800 = CARTESIAN_POINT('',(-3.14159265359,-18.8));
#801 = CARTESIAN_POINT('',(-3.365992128846,-18.8));
#802 = CARTESIAN_POINT('',(-3.590391604103,-18.87343584076));
#803 = CARTESIAN_POINT('',(-3.81479107936,-19.02029686923));
#804 = CARTESIAN_POINT('',(-4.039190554615,-19.23156646777));
#805 = CARTESIAN_POINT('',(-4.263590029872,-19.48900245085));
#806 = CARTESIAN_POINT('',(-4.487989505128,-19.76950065592));
#807 = CARTESIAN_POINT('',(-4.712388980385,-20.05));
#808 = ( GEOMETRIC_REPRESENTATION_CONTEXT(2) 
PARAMETRIC_REPRESENTATION_CONTEXT() REPRESENTATION_CONTEXT('2D SPACE',''
  ) );
#809 = PCURVE('',#564,#810);
#810 = DEFINITIONAL_REPRESENTATION('',(#811),#820);
#811 = B_SPLINE_CURVE_WITH_KNOTS('',7,(#812,#813,#814,#815,#816,#817,
    #818,#819),.UNSPECIFIED.,.F.,.F.,(8,8),(0.,1.570796326795),
  .PIECEWISE_BEZIER_KNOTS.);
#812 = CARTESIAN_POINT('',(-4.712388980385,-18.8));
#813 = CARTESIAN_POINT('',(-4.487989505128,-18.8));
#814 = CARTESIAN_POINT('',(-4.263590029871,-18.87343584076));
#815 = CARTESIAN_POINT('',(-4.039190554617,-19.02029686923));
#816 = CARTESIAN_POINT('',(-3.814791079358,-19.23156646777));
#817 = CARTESIAN_POINT('',(-3.590391604103,-19.48900245085));
#818 = CARTESIAN_POINT('',(-3.365992128846,-19.76950065592));
#819 = CARTESIAN_POINT('',(-3.14159265359,-20.05));
#820 = ( GEOMETRIC_REPRESENTATION_CONTEXT(2) 
PARAMETRIC_REPRESENTATION_CONTEXT() REPRESENTATION_CONTEXT('2D SPACE',''
  ) );
#821 = ORIENTED_EDGE('',*,*,#822,.F.);
#822 = EDGE_CURVE('',#693,#789,#823,.T.);
#823 = SURFACE_CURVE('',#824,(#829,#841),.PCURVE_S1.);
#824 = ELLIPSE('',#825,1.767766952966,1.25);
#825 = AXIS2_PLACEMENT_3D('',#826,#827,#828);
#826 = CARTESIAN_POINT('',(40.,40.,25.));
#827 = DIRECTION('',(-0.707106781187,-0.707106781187,0.));
#828 = DIRECTION('',(0.707106781187,-0.707106781187,0.));
#829 = PCURVE('',#299,#830);
#830 = DEFINITIONAL_REPRESENTATION('',(#831),#840);
#831 = B_SPLINE_CURVE_WITH_KNOTS('',7,(#832,#833,#834,#835,#836,#837,
    #838,#839),.UNSPECIFIED.,.F.,.F.,(8,8),(3.14159265359,4.712388980385
    ),.PIECEWISE_BEZIER_KNOTS.);
#832 = CARTESIAN_POINT('',(-6.28318530718,-18.8));
#833 = CARTESIAN_POINT('',(-6.058785831923,-18.8));
#834 = CARTESIAN_POINT('',(-5.834386356667,-18.87343584076));
#835 = CARTESIAN_POINT('',(-5.60998688141,-19.02029686923));
#836 = CARTESIAN_POINT('',(-5.385587406154,-19.23156646777));
#837 = CARTESIAN_POINT('',(-5.161187930898,-19.48900245085));
#838 = CARTESIAN_POINT('',(-4.936788455641,-19.76950065592));
#839 = CARTESIAN_POINT('',(-4.712388980385,-20.05));
#840 = ( GEOMETRIC_REPRESENTATION_CONTEXT(2) 
PARAMETRIC_REPRESENTATION_CONTEXT() REPRESENTATION_CONTEXT('2D SPACE',''
  ) );
#841 = PCURVE('',#737,#842);
#842 = DEFINITIONAL_REPRESENTATION('',(#843),#852);
#843 = B_SPLINE_CURVE_WITH_KNOTS('',7,(#844,#845,#846,#847,#848,#849,
    #850,#851),.UNSPECIFIED.,.F.,.F.,(8,8),(3.14159265359,4.712388980385
    ),.PIECEWISE_BEZIER_KNOTS.);
#844 = CARTESIAN_POINT('',(-4.712388980385,-21.3));
#845 = CARTESIAN_POINT('',(-4.487989505128,-21.3));
#846 = CARTESIAN_POINT('',(-4.263590029871,-21.22656415923));
#847 = CARTESIAN_POINT('',(-4.039190554617,-21.07970313079));
#848 = CARTESIAN_POINT('',(-3.814791079358,-20.8684335322));
#849 = CARTESIAN_POINT('',(-3.590391604103,-20.61099754915));
#850 = CARTESIAN_POINT('',(-3.365992128846,-20.33049934407));
#851 = CARTESIAN_POINT('',(-3.14159265359,-20.05));
#852 = ( GEOMETRIC_REPRESENTATION_CONTEXT(2) 
PARAMETRIC_REPRESENTATION_CONTEXT() REPRESENTATION_CONTEXT('2D SPACE',''
  ) );
#853 = ORIENTED_EDGE('',*,*,#692,.F.);
#854 = ADVANCED_FACE('',(#855),#334,.F.);
#855 = FACE_BOUND('',#856,.T.);
#856 = EDGE_LOOP('',(#857,#858,#881,#920,#954,#988,#1020));
#857 = ORIENTED_EDGE('',*,*,#313,.T.);
#858 = ORIENTED_EDGE('',*,*,#859,.T.);
#859 = EDGE_CURVE('',#314,#860,#862,.T.);
#860 = VERTEX_POINT('',#861);
#861 = CARTESIAN_POINT('',(38.749999999999,41.25,120.));
#862 = SEAM_CURVE('',#863,(#867,#874),.PCURVE_S1.);
#863 = LINE('',#864,#865);
#864 = CARTESIAN_POINT('',(19.95,41.25,120.));
#865 = VECTOR('',#866,1.);
#866 = DIRECTION('',(1.,0.,0.));
#867 = PCURVE('',#334,#868);
#868 = DEFINITIONAL_REPRESENTATION('',(#869),#873);
#869 = LINE('',#870,#871);
#870 = CARTESIAN_POINT('',(-6.28318530718,0.));
#871 = VECTOR('',#872,1.);
#872 = DIRECTION('',(-0.,-1.));
#873 = ( GEOMETRIC_REPRESENTATION_CONTEXT(2) 
PARAMETRIC_REPRESENTATION_CONTEXT() REPRESENTATION_CONTEXT('2D SPACE',''
  ) );
#874 = PCURVE('',#334,#875);
#875 = DEFINITIONAL_REPRESENTATION('',(#876),#880);
#876 = LINE('',#877,#878);
#877 = CARTESIAN_POINT('',(-0.,0.));
#878 = VECTOR('',#879,1.);
#879 = DIRECTION('',(-0.,-1.));
#880 = ( GEOMETRIC_REPRESENTATION_CONTEXT(2) 
PARAMETRIC_REPRESENTATION_CONTEXT() REPRESENTATION_CONTEXT('2D SPACE',''
  ) );
#881 = ORIENTED_EDGE('',*,*,#882,.F.);
#882 = EDGE_CURVE('',#883,#860,#885,.T.);
#883 = VERTEX_POINT('',#884);
#884 = CARTESIAN_POINT('',(40.,40.,121.25));
#885 = SURFACE_CURVE('',#886,(#891,#903),.PCURVE_S1.);
#886 = ELLIPSE('',#887,1.767766952966,1.25);
#887 = AXIS2_PLACEMENT_3D('',#888,#889,#890);
#888 = CARTESIAN_POINT('',(40.,40.,120.));
#889 = DIRECTION('',(-0.707106781187,-0.707106781187,0.));
#890 = DIRECTION('',(0.707106781187,-0.707106781187,0.));
#891 = PCURVE('',#334,#892);
#892 = DEFINITIONAL_REPRESENTATION('',(#893),#902);
#893 = B_SPLINE_CURVE_WITH_KNOTS('',7,(#894,#895,#896,#897,#898,#899,
    #900,#901),.UNSPECIFIED.,.F.,.F.,(8,8),(1.570796326795,3.14159265359
    ),.PIECEWISE_BEZIER_KNOTS.);
#894 = CARTESIAN_POINT('',(-1.570796326795,-20.05));
#895 = CARTESIAN_POINT('',(-1.346396851538,-19.76950065592));
#896 = CARTESIAN_POINT('',(-1.121997376282,-19.48900245085));
#897 = CARTESIAN_POINT('',(-0.897597901026,-19.23156646778));
#898 = CARTESIAN_POINT('',(-0.673198425769,-19.02029686922));
#899 = CARTESIAN_POINT('',(-0.448798950513,-18.87343584076));
#900 = CARTESIAN_POINT('',(-0.224399475256,-18.8));
#901 = CARTESIAN_POINT('',(0.,-18.8));
#902 = ( GEOMETRIC_REPRESENTATION_CONTEXT(2) 
PARAMETRIC_REPRESENTATION_CONTEXT() REPRESENTATION_CONTEXT('2D SPACE',''
  ) );
#903 = PCURVE('',#904,#909);
#904 = CYLINDRICAL_SURFACE('',#905,1.25);
#905 = AXIS2_PLACEMENT_3D('',#906,#907,#908);
#906 = CARTESIAN_POINT('',(40.,19.95,120.));
#907 = DIRECTION('',(-0.,-1.,-0.));
#908 = DIRECTION('',(0.,0.,1.));
#909 = DEFINITIONAL_REPRESENTATION('',(#910),#919);
#910 = B_SPLINE_CURVE_WITH_KNOTS('',7,(#911,#912,#913,#914,#915,#916,
    #917,#918),.UNSPECIFIED.,.F.,.F.,(8,8),(1.570796326795,3.14159265359
    ),.PIECEWISE_BEZIER_KNOTS.);
#911 = CARTESIAN_POINT('',(-6.28318530718,-20.05));
#912 = CARTESIAN_POINT('',(-6.058785831923,-20.33049934407));
#913 = CARTESIAN_POINT('',(-5.834386356667,-20.61099754914));
#914 = CARTESIAN_POINT('',(-5.60998688141,-20.86843353221));
#915 = CARTESIAN_POINT('',(-5.385587406154,-21.07970313077));
#916 = CARTESIAN_POINT('',(-5.161187930898,-21.22656415923));
#917 = CARTESIAN_POINT('',(-4.936788455641,-21.3));
#918 = CARTESIAN_POINT('',(-4.712388980385,-21.3));
#919 = ( GEOMETRIC_REPRESENTATION_CONTEXT(2) 
PARAMETRIC_REPRESENTATION_CONTEXT() REPRESENTATION_CONTEXT('2D SPACE',''
  ) );
#920 = ORIENTED_EDGE('',*,*,#921,.T.);
#921 = EDGE_CURVE('',#883,#922,#924,.T.);
#922 = VERTEX_POINT('',#923);
#923 = CARTESIAN_POINT('',(38.75,38.75,120.));
#924 = SURFACE_CURVE('',#925,(#930,#942),.PCURVE_S1.);
#925 = ELLIPSE('',#926,1.767766952966,1.25);
#926 = AXIS2_PLACEMENT_3D('',#927,#928,#929);
#927 = CARTESIAN_POINT('',(40.,40.,120.));
#928 = DIRECTION('',(0.707106781187,-0.707106781187,0.));
#929 = DIRECTION('',(-0.707106781187,-0.707106781187,0.));
#930 = PCURVE('',#334,#931);
#931 = DEFINITIONAL_REPRESENTATION('',(#932),#941);
#932 = B_SPLINE_CURVE_WITH_KNOTS('',7,(#933,#934,#935,#936,#937,#938,
    #939,#940),.UNSPECIFIED.,.F.,.F.,(8,8),(4.712388980385,6.28318530718
    ),.PIECEWISE_BEZIER_KNOTS.);
#933 = CARTESIAN_POINT('',(-1.570796326795,-20.05));
#934 = CARTESIAN_POINT('',(-1.795195802051,-19.76950065592));
#935 = CARTESIAN_POINT('',(-2.019595277307,-19.48900245085));
#936 = CARTESIAN_POINT('',(-2.243994752565,-19.23156646778));
#937 = CARTESIAN_POINT('',(-2.46839422782,-19.02029686922));
#938 = CARTESIAN_POINT('',(-2.692793703077,-18.87343584076));
#939 = CARTESIAN_POINT('',(-2.917193178333,-18.8));
#940 = CARTESIAN_POINT('',(-3.14159265359,-18.8));
#941 = ( GEOMETRIC_REPRESENTATION_CONTEXT(2) 
PARAMETRIC_REPRESENTATION_CONTEXT() REPRESENTATION_CONTEXT('2D SPACE',''
  ) );
#942 = PCURVE('',#599,#943);
#943 = DEFINITIONAL_REPRESENTATION('',(#944),#953);
#944 = B_SPLINE_CURVE_WITH_KNOTS('',7,(#945,#946,#947,#948,#949,#950,
    #951,#952),.UNSPECIFIED.,.F.,.F.,(8,8),(4.712388980385,6.28318530718
    ),.PIECEWISE_BEZIER_KNOTS.);
#945 = CARTESIAN_POINT('',(-6.28318530718,-20.05));
#946 = CARTESIAN_POINT('',(-6.058785831923,-19.76950065592));
#947 = CARTESIAN_POINT('',(-5.834386356667,-19.48900245085));
#948 = CARTESIAN_POINT('',(-5.60998688141,-19.23156646778));
#949 = CARTESIAN_POINT('',(-5.385587406154,-19.02029686922));
#950 = CARTESIAN_POINT('',(-5.161187930898,-18.87343584076));
#951 = CARTESIAN_POINT('',(-4.936788455641,-18.8));
#952 = CARTESIAN_POINT('',(-4.712388980385,-18.8));
#953 = ( GEOMETRIC_REPRESENTATION_CONTEXT(2) 
PARAMETRIC_REPRESENTATION_CONTEXT() REPRESENTATION_CONTEXT('2D SPACE',''
  ) );
#954 = ORIENTED_EDGE('',*,*,#955,.T.);
#955 = EDGE_CURVE('',#922,#956,#958,.T.);
#956 = VERTEX_POINT('',#957);
#957 = CARTESIAN_POINT('',(40.,40.,118.75));
#958 = SURFACE_CURVE('',#959,(#964,#976),.PCURVE_S1.);
#959 = ELLIPSE('',#960,1.767766952966,1.25);
#960 = AXIS2_PLACEMENT_3D('',#961,#962,#963);
#961 = CARTESIAN_POINT('',(40.,40.,120.));
#962 = DIRECTION('',(0.707106781187,-0.707106781187,0.));
#963 = DIRECTION('',(-0.707106781187,-0.707106781187,0.));
#964 = PCURVE('',#334,#965);
#965 = DEFINITIONAL_REPRESENTATION('',(#966),#975);
#966 = B_SPLINE_CURVE_WITH_KNOTS('',7,(#967,#968,#969,#970,#971,#972,
    #973,#974),.UNSPECIFIED.,.F.,.F.,(8,8),(0.,1.570796326795),
  .PIECEWISE_BEZIER_KNOTS.);
#967 = CARTESIAN_POINT('',(-3.14159265359,-18.8));
#968 = CARTESIAN_POINT('',(-3.365992128846,-18.8));
#969 = CARTESIAN_POINT('',(-3.590391604102,-18.87343584076));
#970 = CARTESIAN_POINT('',(-3.814791079359,-19.02029686923));
#971 = CARTESIAN_POINT('',(-4.039190554615,-19.23156646777));
#972 = CARTESIAN_POINT('',(-4.263590029871,-19.48900245085));
#973 = CARTESIAN_POINT('',(-4.487989505128,-19.76950065592));
#974 = CARTESIAN_POINT('',(-4.712388980385,-20.05));
#975 = ( GEOMETRIC_REPRESENTATION_CONTEXT(2) 
PARAMETRIC_REPRESENTATION_CONTEXT() REPRESENTATION_CONTEXT('2D SPACE',''
  ) );
#976 = PCURVE('',#599,#977);
#977 = DEFINITIONAL_REPRESENTATION('',(#978),#987);
#978 = B_SPLINE_CURVE_WITH_KNOTS('',7,(#979,#980,#981,#982,#983,#984,
    #985,#986),.UNSPECIFIED.,.F.,.F.,(8,8),(0.,1.570796326795),
  .PIECEWISE_BEZIER_KNOTS.);
#979 = CARTESIAN_POINT('',(-4.712388980385,-18.8));
#980 = CARTESIAN_POINT('',(-4.487989505128,-18.8));
#981 = CARTESIAN_POINT('',(-4.263590029871,-18.87343584076));
#982 = CARTESIAN_POINT('',(-4.039190554617,-19.02029686923));
#983 = CARTESIAN_POINT('',(-3.814791079358,-19.23156646777));
#984 = CARTESIAN_POINT('',(-3.590391604103,-19.48900245085));
#985 = CARTESIAN_POINT('',(-3.365992128846,-19.76950065592));
#986 = CARTESIAN_POINT('',(-3.14159265359,-20.05));
#987 = ( GEOMETRIC_REPRESENTATION_CONTEXT(2) 
PARAMETRIC_REPRESENTATION_CONTEXT() REPRESENTATION_CONTEXT('2D SPACE',''
  ) );
#988 = ORIENTED_EDGE('',*,*,#989,.F.);
#989 = EDGE_CURVE('',#860,#956,#990,.T.);
#990 = SURFACE_CURVE('',#991,(#996,#1008),.PCURVE_S1.);
#991 = ELLIPSE('',#992,1.767766952966,1.25);
#992 = AXIS2_PLACEMENT_3D('',#993,#994,#995);
#993 = CARTESIAN_POINT('',(40.,40.,120.));
#994 = DIRECTION('',(-0.707106781187,-0.707106781187,0.));
#995 = DIRECTION('',(0.707106781187,-0.707106781187,0.));
#996 = PCURVE('',#334,#997);
#997 = DEFINITIONAL_REPRESENTATION('',(#998),#1007);
#998 = B_SPLINE_CURVE_WITH_KNOTS('',7,(#999,#1000,#1001,#1002,#1003,
    #1004,#1005,#1006),.UNSPECIFIED.,.F.,.F.,(8,8),(3.14159265359,
    4.712388980385),.PIECEWISE_BEZIER_KNOTS.);
#999 = CARTESIAN_POINT('',(-6.28318530718,-18.8));
#1000 = CARTESIAN_POINT('',(-6.058785831923,-18.8));
#1001 = CARTESIAN_POINT('',(-5.834386356667,-18.87343584076));
#1002 = CARTESIAN_POINT('',(-5.609986881411,-19.02029686923));
#1003 = CARTESIAN_POINT('',(-5.385587406154,-19.23156646777));
#1004 = CARTESIAN_POINT('',(-5.161187930898,-19.48900245085));
#1005 = CARTESIAN_POINT('',(-4.936788455641,-19.76950065592));
#1006 = CARTESIAN_POINT('',(-4.712388980385,-20.05));
#1007 = ( GEOMETRIC_REPRESENTATION_CONTEXT(2) 
PARAMETRIC_REPRESENTATION_CONTEXT() REPRESENTATION_CONTEXT('2D SPACE',''
  ) );
#1008 = PCURVE('',#904,#1009);
#1009 = DEFINITIONAL_REPRESENTATION('',(#1010),#1019);
#1010 = B_SPLINE_CURVE_WITH_KNOTS('',7,(#1011,#1012,#1013,#1014,#1015,
    #1016,#1017,#1018),.UNSPECIFIED.,.F.,.F.,(8,8),(3.14159265359,
    4.712388980385),.PIECEWISE_BEZIER_KNOTS.);
#1011 = CARTESIAN_POINT('',(-4.712388980385,-21.3));
#1012 = CARTESIAN_POINT('',(-4.487989505128,-21.3));
#1013 = CARTESIAN_POINT('',(-4.263590029872,-21.22656415923));
#1014 = CARTESIAN_POINT('',(-4.039190554615,-21.07970313079));
#1015 = CARTESIAN_POINT('',(-3.81479107936,-20.8684335322));
#1016 = CARTESIAN_POINT('',(-3.590391604102,-20.61099754915));
#1017 = CARTESIAN_POINT('',(-3.365992128846,-20.33049934407));
#1018 = CARTESIAN_POINT('',(-3.14159265359,-20.05));
#1019 = ( GEOMETRIC_REPRESENTATION_CONTEXT(2) 
PARAMETRIC_REPRESENTATION_CONTEXT() REPRESENTATION_CONTEXT('2D SPACE',''
  ) );
#1020 = ORIENTED_EDGE('',*,*,#859,.F.);
#1021 = ADVANCED_FACE('',(#1022),#369,.F.);
#1022 = FACE_BOUND('',#1023,.T.);
#1023 = EDGE_LOOP('',(#1024,#1025,#1048,#1087,#1121,#1155,#1187));
#1024 = ORIENTED_EDGE('',*,*,#348,.T.);
#1025 = ORIENTED_EDGE('',*,*,#1026,.T.);
#1026 = EDGE_CURVE('',#349,#1027,#1029,.T.);
#1027 = VERTEX_POINT('',#1028);
#1028 = CARTESIAN_POINT('',(38.750000000001,41.25,170.));
#1029 = SEAM_CURVE('',#1030,(#1034,#1041),.PCURVE_S1.);
#1030 = LINE('',#1031,#1032);
#1031 = CARTESIAN_POINT('',(19.95,41.25,170.));
#1032 = VECTOR('',#1033,1.);
#1033 = DIRECTION('',(1.,0.,0.));
#1034 = PCURVE('',#369,#1035);
#1035 = DEFINITIONAL_REPRESENTATION('',(#1036),#1040);
#1036 = LINE('',#1037,#1038);
#1037 = CARTESIAN_POINT('',(-6.28318530718,0.));
#1038 = VECTOR('',#1039,1.);
#1039 = DIRECTION('',(-0.,-1.));
#1040 = ( GEOMETRIC_REPRESENTATION_CONTEXT(2) 
PARAMETRIC_REPRESENTATION_CONTEXT() REPRESENTATION_CONTEXT('2D SPACE',''
  ) );
#1041 = PCURVE('',#369,#1042);
#1042 = DEFINITIONAL_REPRESENTATION('',(#1043),#1047);
#1043 = LINE('',#1044,#1045);
#1044 = CARTESIAN_POINT('',(-0.,0.));
#1045 = VECTOR('',#1046,1.);
#1046 = DIRECTION('',(-0.,-1.));
#1047 = ( GEOMETRIC_REPRESENTATION_CONTEXT(2) 
PARAMETRIC_REPRESENTATION_CONTEXT() REPRESENTATION_CONTEXT('2D SPACE',''
  ) );
#1048 = ORIENTED_EDGE('',*,*,#1049,.F.);
#1049 = EDGE_CURVE('',#1050,#1027,#1052,.T.);
#1050 = VERTEX_POINT('',#1051);
#1051 = CARTESIAN_POINT('',(40.,40.,171.25));
#1052 = SURFACE_CURVE('',#1053,(#1058,#1070),.PCURVE_S1.);
#1053 = ELLIPSE('',#1054,1.767766952966,1.25);
#1054 = AXIS2_PLACEMENT_3D('',#1055,#1056,#1057);
#1055 = CARTESIAN_POINT('',(40.,40.,170.));
#1056 = DIRECTION('',(-0.707106781187,-0.707106781187,0.));
#1057 = DIRECTION('',(0.707106781187,-0.707106781187,0.));
#1058 = PCURVE('',#369,#1059);
#1059 = DEFINITIONAL_REPRESENTATION('',(#1060),#1069);
#1060 = B_SPLINE_CURVE_WITH_KNOTS('',7,(#1061,#1062,#1063,#1064,#1065,
    #1066,#1067,#1068),.UNSPECIFIED.,.F.,.F.,(8,8),(1.570796326795,
    3.14159265359),.PIECEWISE_BEZIER_KNOTS.);
#1061 = CARTESIAN_POINT('',(-1.570796326795,-20.05));
#1062 = CARTESIAN_POINT('',(-1.346396851538,-19.76950065592));
#1063 = CARTESIAN_POINT('',(-1.121997376282,-19.48900245085));
#1064 = CARTESIAN_POINT('',(-0.897597901026,-19.23156646778));
#1065 = CARTESIAN_POINT('',(-0.673198425769,-19.02029686922));
#1066 = CARTESIAN_POINT('',(-0.448798950513,-18.87343584076));
#1067 = CARTESIAN_POINT('',(-0.224399475256,-18.8));
#1068 = CARTESIAN_POINT('',(0.,-18.8));
#1069 = ( GEOMETRIC_REPRESENTATION_CONTEXT(2) 
PARAMETRIC_REPRESENTATION_CONTEXT() REPRESENTATION_CONTEXT('2D SPACE',''
  ) );
#1070 = PCURVE('',#1071,#1076);
#1071 = CYLINDRICAL_SURFACE('',#1072,1.25);
#1072 = AXIS2_PLACEMENT_3D('',#1073,#1074,#1075);
#1073 = CARTESIAN_POINT('',(40.,19.95,170.));
#1074 = DIRECTION('',(-0.,-1.,-0.));
#1075 = DIRECTION('',(0.,0.,1.));
#1076 = DEFINITIONAL_REPRESENTATION('',(#1077),#1086);
#1077 = B_SPLINE_CURVE_WITH_KNOTS('',7,(#1078,#1079,#1080,#1081,#1082,
    #1083,#1084,#1085),.UNSPECIFIED.,.F.,.F.,(8,8),(1.570796326795,
    3.14159265359),.PIECEWISE_BEZIER_KNOTS.);
#1078 = CARTESIAN_POINT('',(-6.28318530718,-20.05));
#1079 = CARTESIAN_POINT('',(-6.058785831923,-20.33049934407));
#1080 = CARTESIAN_POINT('',(-5.834386356667,-20.61099754914));
#1081 = CARTESIAN_POINT('',(-5.60998688141,-20.86843353221));
#1082 = CARTESIAN_POINT('',(-5.385587406154,-21.07970313077));
#1083 = CARTESIAN_POINT('',(-5.161187930898,-21.22656415923));
#1084 = CARTESIAN_POINT('',(-4.936788455641,-21.3));
#1085 = CARTESIAN_POINT('',(-4.712388980385,-21.3));
#1086 = ( GEOMETRIC_REPRESENTATION_CONTEXT(2) 
PARAMETRIC_REPRESENTATION_CONTEXT() REPRESENTATION_CONTEXT('2D SPACE',''
  ) );
#1087 = ORIENTED_EDGE('',*,*,#1088,.T.);
#1088 = EDGE_CURVE('',#1050,#1089,#1091,.T.);
#1089 = VERTEX_POINT('',#1090);
#1090 = CARTESIAN_POINT('',(38.75,38.75,170.));
#1091 = SURFACE_CURVE('',#1092,(#1097,#1109),.PCURVE_S1.);
#1092 = ELLIPSE('',#1093,1.767766952966,1.25);
#1093 = AXIS2_PLACEMENT_3D('',#1094,#1095,#1096);
#1094 = CARTESIAN_POINT('',(40.,40.,170.));
#1095 = DIRECTION('',(0.707106781187,-0.707106781187,0.));
#1096 = DIRECTION('',(-0.707106781187,-0.707106781187,0.));
#1097 = PCURVE('',#369,#1098);
#1098 = DEFINITIONAL_REPRESENTATION('',(#1099),#1108);
#1099 = B_SPLINE_CURVE_WITH_KNOTS('',7,(#1100,#1101,#1102,#1103,#1104,
    #1105,#1106,#1107),.UNSPECIFIED.,.F.,.F.,(8,8),(4.712388980385,
    6.28318530718),.PIECEWISE_BEZIER_KNOTS.);
#1100 = CARTESIAN_POINT('',(-1.570796326795,-20.05));
#1101 = CARTESIAN_POINT('',(-1.795195802051,-19.76950065592));
#1102 = CARTESIAN_POINT('',(-2.019595277307,-19.48900245085));
#1103 = CARTESIAN_POINT('',(-2.243994752564,-19.23156646778));
#1104 = CARTESIAN_POINT('',(-2.46839422782,-19.02029686922));
#1105 = CARTESIAN_POINT('',(-2.692793703077,-18.87343584076));
#1106 = CARTESIAN_POINT('',(-2.917193178333,-18.8));
#1107 = CARTESIAN_POINT('',(-3.14159265359,-18.8));
#1108 = ( GEOMETRIC_REPRESENTATION_CONTEXT(2) 
PARAMETRIC_REPRESENTATION_CONTEXT() REPRESENTATION_CONTEXT('2D SPACE',''
  ) );
#1109 = PCURVE('',#634,#1110);
#1110 = DEFINITIONAL_REPRESENTATION('',(#1111),#1120);
#1111 = B_SPLINE_CURVE_WITH_KNOTS('',7,(#1112,#1113,#1114,#1115,#1116,
    #1117,#1118,#1119),.UNSPECIFIED.,.F.,.F.,(8,8),(4.712388980385,
    6.28318530718),.PIECEWISE_BEZIER_KNOTS.);
#1112 = CARTESIAN_POINT('',(-6.28318530718,-20.05));
#1113 = CARTESIAN_POINT('',(-6.058785831923,-19.76950065592));
#1114 = CARTESIAN_POINT('',(-5.834386356667,-19.48900245085));
#1115 = CARTESIAN_POINT('',(-5.60998688141,-19.23156646778));
#1116 = CARTESIAN_POINT('',(-5.385587406154,-19.02029686922));
#1117 = CARTESIAN_POINT('',(-5.161187930898,-18.87343584076));
#1118 = CARTESIAN_POINT('',(-4.936788455641,-18.8));
#1119 = CARTESIAN_POINT('',(-4.712388980385,-18.8));
#1120 = ( GEOMETRIC_REPRESENTATION_CONTEXT(2) 
PARAMETRIC_REPRESENTATION_CONTEXT() REPRESENTATION_CONTEXT('2D SPACE',''
  ) );
#1121 = ORIENTED_EDGE('',*,*,#1122,.T.);
#1122 = EDGE_CURVE('',#1089,#1123,#1125,.T.);
#1123 = VERTEX_POINT('',#1124);
#1124 = CARTESIAN_POINT('',(40.,40.,168.75));
#1125 = SURFACE_CURVE('',#1126,(#1131,#1143),.PCURVE_S1.);
#1126 = ELLIPSE('',#1127,1.767766952966,1.25);
#1127 = AXIS2_PLACEMENT_3D('',#1128,#1129,#1130);
#1128 = CARTESIAN_POINT('',(40.,40.,170.));
#1129 = DIRECTION('',(0.707106781187,-0.707106781187,0.));
#1130 = DIRECTION('',(-0.707106781187,-0.707106781187,0.));
#1131 = PCURVE('',#369,#1132);
#1132 = DEFINITIONAL_REPRESENTATION('',(#1133),#1142);
#1133 = B_SPLINE_CURVE_WITH_KNOTS('',7,(#1134,#1135,#1136,#1137,#1138,
    #1139,#1140,#1141),.UNSPECIFIED.,.F.,.F.,(8,8),(0.,1.570796326795),
  .PIECEWISE_BEZIER_KNOTS.);
#1134 = CARTESIAN_POINT('',(-3.14159265359,-18.8));
#1135 = CARTESIAN_POINT('',(-3.365992128846,-18.8));
#1136 = CARTESIAN_POINT('',(-3.590391604102,-18.87343584076));
#1137 = CARTESIAN_POINT('',(-3.81479107936,-19.02029686923));
#1138 = CARTESIAN_POINT('',(-4.039190554615,-19.23156646777));
#1139 = CARTESIAN_POINT('',(-4.263590029872,-19.48900245085));
#1140 = CARTESIAN_POINT('',(-4.487989505128,-19.76950065592));
#1141 = CARTESIAN_POINT('',(-4.712388980385,-20.05));
#1142 = ( GEOMETRIC_REPRESENTATION_CONTEXT(2) 
PARAMETRIC_REPRESENTATION_CONTEXT() REPRESENTATION_CONTEXT('2D SPACE',''
  ) );
#1143 = PCURVE('',#634,#1144);
#1144 = DEFINITIONAL_REPRESENTATION('',(#1145),#1154);
#1145 = B_SPLINE_CURVE_WITH_KNOTS('',7,(#1146,#1147,#1148,#1149,#1150,
    #1151,#1152,#1153),.UNSPECIFIED.,.F.,.F.,(8,8),(0.,1.570796326795),
  .PIECEWISE_BEZIER_KNOTS.);
#1146 = CARTESIAN_POINT('',(-4.712388980385,-18.8));
#1147 = CARTESIAN_POINT('',(-4.487989505128,-18.8));
#1148 = CARTESIAN_POINT('',(-4.263590029872,-18.87343584076));
#1149 = CARTESIAN_POINT('',(-4.039190554613,-19.02029686923));
#1150 = CARTESIAN_POINT('',(-3.814791079362,-19.23156646777));
#1151 = CARTESIAN_POINT('',(-3.590391604102,-19.48900245085));
#1152 = CARTESIAN_POINT('',(-3.365992128846,-19.76950065592));
#1153 = CARTESIAN_POINT('',(-3.14159265359,-20.05));
#1154 = ( GEOMETRIC_REPRESENTATION_CONTEXT(2) 
PARAMETRIC_REPRESENTATION_CONTEXT() REPRESENTATION_CONTEXT('2D SPACE',''
  ) );
#1155 = ORIENTED_EDGE('',*,*,#1156,.F.);
#1156 = EDGE_CURVE('',#1027,#1123,#1157,.T.);
#1157 = SURFACE_CURVE('',#1158,(#1163,#1175),.PCURVE_S1.);
#1158 = ELLIPSE('',#1159,1.767766952966,1.25);
#1159 = AXIS2_PLACEMENT_3D('',#1160,#1161,#1162);
#1160 = CARTESIAN_POINT('',(40.,40.,170.));
#1161 = DIRECTION('',(-0.707106781187,-0.707106781187,0.));
#1162 = DIRECTION('',(0.707106781187,-0.707106781187,0.));
#1163 = PCURVE('',#369,#1164);
#1164 = DEFINITIONAL_REPRESENTATION('',(#1165),#1174);
#1165 = B_SPLINE_CURVE_WITH_KNOTS('',7,(#1166,#1167,#1168,#1169,#1170,
    #1171,#1172,#1173),.UNSPECIFIED.,.F.,.F.,(8,8),(3.14159265359,
    4.712388980385),.PIECEWISE_BEZIER_KNOTS.);
#1166 = CARTESIAN_POINT('',(-6.28318530718,-18.8));
#1167 = CARTESIAN_POINT('',(-6.058785831923,-18.8));
#1168 = CARTESIAN_POINT('',(-5.834386356667,-18.87343584076));
#1169 = CARTESIAN_POINT('',(-5.60998688141,-19.02029686923));
#1170 = CARTESIAN_POINT('',(-5.385587406154,-19.23156646777));
#1171 = CARTESIAN_POINT('',(-5.161187930898,-19.48900245085));
#1172 = CARTESIAN_POINT('',(-4.936788455641,-19.76950065592));
#1173 = CARTESIAN_POINT('',(-4.712388980385,-20.05));
#1174 = ( GEOMETRIC_REPRESENTATION_CONTEXT(2) 
PARAMETRIC_REPRESENTATION_CONTEXT() REPRESENTATION_CONTEXT('2D SPACE',''
  ) );
#1175 = PCURVE('',#1071,#1176);
#1176 = DEFINITIONAL_REPRESENTATION('',(#1177),#1186);
#1177 = B_SPLINE_CURVE_WITH_KNOTS('',7,(#1178,#1179,#1180,#1181,#1182,
    #1183,#1184,#1185),.UNSPECIFIED.,.F.,.F.,(8,8),(3.14159265359,
    4.712388980385),.PIECEWISE_BEZIER_KNOTS.);
#1178 = CARTESIAN_POINT('',(-4.712388980385,-21.3));
#1179 = CARTESIAN_POINT('',(-4.487989505128,-21.3));
#1180 = CARTESIAN_POINT('',(-4.263590029872,-21.22656415923));
#1181 = CARTESIAN_POINT('',(-4.039190554615,-21.07970313079));
#1182 = CARTESIAN_POINT('',(-3.81479107936,-20.8684335322));
#1183 = CARTESIAN_POINT('',(-3.590391604102,-20.61099754915));
#1184 = CARTESIAN_POINT('',(-3.365992128846,-20.33049934407));
#1185 = CARTESIAN_POINT('',(-3.14159265359,-20.05));
#1186 = ( GEOMETRIC_REPRESENTATION_CONTEXT(2) 
PARAMETRIC_REPRESENTATION_CONTEXT() REPRESENTATION_CONTEXT('2D SPACE',''
  ) );
#1187 = ORIENTED_EDGE('',*,*,#1026,.F.);
#1188 = ADVANCED_FACE('',(#1189),#404,.F.);
#1189 = FACE_BOUND('',#1190,.T.);
#1190 = EDGE_LOOP('',(#1191,#1192,#1215,#1254,#1288,#1322,#1354));
#1191 = ORIENTED_EDGE('',*,*,#383,.T.);
#1192 = ORIENTED_EDGE('',*,*,#1193,.T.);
#1193 = EDGE_CURVE('',#384,#1194,#1196,.T.);
#1194 = VERTEX_POINT('',#1195);
#1195 = CARTESIAN_POINT('',(38.750000000001,41.25,265.));
#1196 = SEAM_CURVE('',#1197,(#1201,#1208),.PCURVE_S1.);
#1197 = LINE('',#1198,#1199);
#1198 = CARTESIAN_POINT('',(19.95,41.25,265.));
#1199 = VECTOR('',#1200,1.);
#1200 = DIRECTION('',(1.,0.,0.));
#1201 = PCURVE('',#404,#1202);
#1202 = DEFINITIONAL_REPRESENTATION('',(#1203),#1207);
#1203 = LINE('',#1204,#1205);
#1204 = CARTESIAN_POINT('',(-6.28318530718,0.));
#1205 = VECTOR('',#1206,1.);
#1206 = DIRECTION('',(-0.,-1.));
#1207 = ( GEOMETRIC_REPRESENTATION_CONTEXT(2) 
PARAMETRIC_REPRESENTATION_CONTEXT() REPRESENTATION_CONTEXT('2D SPACE',''
  ) );
#1208 = PCURVE('',#404,#1209);
#1209 = DEFINITIONAL_REPRESENTATION('',(#1210),#1214);
#1210 = LINE('',#1211,#1212);
#1211 = CARTESIAN_POINT('',(-0.,0.));
#1212 = VECTOR('',#1213,1.);
#1213 = DIRECTION('',(-0.,-1.));
#1214 = ( GEOMETRIC_REPRESENTATION_CONTEXT(2) 
PARAMETRIC_REPRESENTATION_CONTEXT() REPRESENTATION_CONTEXT('2D SPACE',''
  ) );
#1215 = ORIENTED_EDGE('',*,*,#1216,.F.);
#1216 = EDGE_CURVE('',#1217,#1194,#1219,.T.);
#1217 = VERTEX_POINT('',#1218);
#1218 = CARTESIAN_POINT('',(40.,40.,266.25));
#1219 = SURFACE_CURVE('',#1220,(#1225,#1237),.PCURVE_S1.);
#1220 = ELLIPSE('',#1221,1.767766952966,1.25);
#1221 = AXIS2_PLACEMENT_3D('',#1222,#1223,#1224);
#1222 = CARTESIAN_POINT('',(40.,40.,265.));
#1223 = DIRECTION('',(-0.707106781187,-0.707106781187,0.));
#1224 = DIRECTION('',(0.707106781187,-0.707106781187,0.));
#1225 = PCURVE('',#404,#1226);
#1226 = DEFINITIONAL_REPRESENTATION('',(#1227),#1236);
#1227 = B_SPLINE_CURVE_WITH_KNOTS('',7,(#1228,#1229,#1230,#1231,#1232,
    #1233,#1234,#1235),.UNSPECIFIED.,.F.,.F.,(8,8),(1.570796326795,
    3.14159265359),.PIECEWISE_BEZIER_KNOTS.);
#1228 = CARTESIAN_POINT('',(-1.570796326795,-20.05));
#1229 = CARTESIAN_POINT('',(-1.346396851538,-19.76950065592));
#1230 = CARTESIAN_POINT('',(-1.121997376282,-19.48900245085));
#1231 = CARTESIAN_POINT('',(-0.897597901026,-19.23156646778));
#1232 = CARTESIAN_POINT('',(-0.673198425769,-19.02029686922));
#1233 = CARTESIAN_POINT('',(-0.448798950513,-18.87343584076));
#1234 = CARTESIAN_POINT('',(-0.224399475256,-18.8));
#1235 = CARTESIAN_POINT('',(0.,-18.8));
#1236 = ( GEOMETRIC_REPRESENTATION_CONTEXT(2) 
PARAMETRIC_REPRESENTATION_CONTEXT() REPRESENTATION_CONTEXT('2D SPACE',''
  ) );
#1237 = PCURVE('',#1238,#1243);
#1238 = CYLINDRICAL_SURFACE('',#1239,1.25);
#1239 = AXIS2_PLACEMENT_3D('',#1240,#1241,#1242);
#1240 = CARTESIAN_POINT('',(40.,19.95,265.));
#1241 = DIRECTION('',(-0.,-1.,-0.));
#1242 = DIRECTION('',(0.,0.,1.));
#1243 = DEFINITIONAL_REPRESENTATION('',(#1244),#1253);
#1244 = B_SPLINE_CURVE_WITH_KNOTS('',7,(#1245,#1246,#1247,#1248,#1249,
    #1250,#1251,#1252),.UNSPECIFIED.,.F.,.F.,(8,8),(1.570796326795,
    3.14159265359),.PIECEWISE_BEZIER_KNOTS.);
#1245 = CARTESIAN_POINT('',(-6.28318530718,-20.05));
#1246 = CARTESIAN_POINT('',(-6.058785831923,-20.33049934407));
#1247 = CARTESIAN_POINT('',(-5.834386356667,-20.61099754914));
#1248 = CARTESIAN_POINT('',(-5.60998688141,-20.86843353221));
#1249 = CARTESIAN_POINT('',(-5.385587406154,-21.07970313077));
#1250 = CARTESIAN_POINT('',(-5.161187930898,-21.22656415923));
#1251 = CARTESIAN_POINT('',(-4.936788455641,-21.3));
#1252 = CARTESIAN_POINT('',(-4.712388980385,-21.3));
#1253 = ( GEOMETRIC_REPRESENTATION_CONTEXT(2) 
PARAMETRIC_REPRESENTATION_CONTEXT() REPRESENTATION_CONTEXT('2D SPACE',''
  ) );
#1254 = ORIENTED_EDGE('',*,*,#1255,.T.);
#1255 = EDGE_CURVE('',#1217,#1256,#1258,.T.);
#1256 = VERTEX_POINT('',#1257);
#1257 = CARTESIAN_POINT('',(38.75,38.75,265.));
#1258 = SURFACE_CURVE('',#1259,(#1264,#1276),.PCURVE_S1.);
#1259 = ELLIPSE('',#1260,1.767766952966,1.25);
#1260 = AXIS2_PLACEMENT_3D('',#1261,#1262,#1263);
#1261 = CARTESIAN_POINT('',(40.,40.,265.));
#1262 = DIRECTION('',(0.707106781187,-0.707106781187,0.));
#1263 = DIRECTION('',(-0.707106781187,-0.707106781187,0.));
#1264 = PCURVE('',#404,#1265);
#1265 = DEFINITIONAL_REPRESENTATION('',(#1266),#1275);
#1266 = B_SPLINE_CURVE_WITH_KNOTS('',7,(#1267,#1268,#1269,#1270,#1271,
    #1272,#1273,#1274),.UNSPECIFIED.,.F.,.F.,(8,8),(4.712388980385,
    6.28318530718),.PIECEWISE_BEZIER_KNOTS.);
#1267 = CARTESIAN_POINT('',(-1.570796326795,-20.05));
#1268 = CARTESIAN_POINT('',(-1.795195802051,-19.76950065592));
#1269 = CARTESIAN_POINT('',(-2.019595277308,-19.48900245085));
#1270 = CARTESIAN_POINT('',(-2.243994752565,-19.23156646778));
#1271 = CARTESIAN_POINT('',(-2.46839422782,-19.02029686922));
#1272 = CARTESIAN_POINT('',(-2.692793703077,-18.87343584076));
#1273 = CARTESIAN_POINT('',(-2.917193178333,-18.8));
#1274 = CARTESIAN_POINT('',(-3.14159265359,-18.8));
#1275 = ( GEOMETRIC_REPRESENTATION_CONTEXT(2) 
PARAMETRIC_REPRESENTATION_CONTEXT() REPRESENTATION_CONTEXT('2D SPACE',''
  ) );
#1276 = PCURVE('',#669,#1277);
#1277 = DEFINITIONAL_REPRESENTATION('',(#1278),#1287);
#1278 = B_SPLINE_CURVE_WITH_KNOTS('',7,(#1279,#1280,#1281,#1282,#1283,
    #1284,#1285,#1286),.UNSPECIFIED.,.F.,.F.,(8,8),(4.712388980385,
    6.28318530718),.PIECEWISE_BEZIER_KNOTS.);
#1279 = CARTESIAN_POINT('',(-6.28318530718,-20.05));
#1280 = CARTESIAN_POINT('',(-6.058785831923,-19.76950065592));
#1281 = CARTESIAN_POINT('',(-5.834386356667,-19.48900245085));
#1282 = CARTESIAN_POINT('',(-5.60998688141,-19.23156646778));
#1283 = CARTESIAN_POINT('',(-5.385587406154,-19.02029686922));
#1284 = CARTESIAN_POINT('',(-5.161187930898,-18.87343584076));
#1285 = CARTESIAN_POINT('',(-4.936788455641,-18.8));
#1286 = CARTESIAN_POINT('',(-4.712388980385,-18.8));
#1287 = ( GEOMETRIC_REPRESENTATION_CONTEXT(2) 
PARAMETRIC_REPRESENTATION_CONTEXT() REPRESENTATION_CONTEXT('2D SPACE',''
  ) );
#1288 = ORIENTED_EDGE('',*,*,#1289,.T.);
#1289 = EDGE_CURVE('',#1256,#1290,#1292,.T.);
#1290 = VERTEX_POINT('',#1291);
#1291 = CARTESIAN_POINT('',(40.,40.,263.75));
#1292 = SURFACE_CURVE('',#1293,(#1298,#1310),.PCURVE_S1.);
#1293 = ELLIPSE('',#1294,1.767766952966,1.25);
#1294 = AXIS2_PLACEMENT_3D('',#1295,#1296,#1297);
#1295 = CARTESIAN_POINT('',(40.,40.,265.));
#1296 = DIRECTION('',(0.707106781187,-0.707106781187,0.));
#1297 = DIRECTION('',(-0.707106781187,-0.707106781187,0.));
#1298 = PCURVE('',#404,#1299);
#1299 = DEFINITIONAL_REPRESENTATION('',(#1300),#1309);
#1300 = B_SPLINE_CURVE_WITH_KNOTS('',7,(#1301,#1302,#1303,#1304,#1305,
    #1306,#1307,#1308),.UNSPECIFIED.,.F.,.F.,(8,8),(0.,1.570796326795),
  .PIECEWISE_BEZIER_KNOTS.);
#1301 = CARTESIAN_POINT('',(-3.14159265359,-18.8));
#1302 = CARTESIAN_POINT('',(-3.365992128846,-18.8));
#1303 = CARTESIAN_POINT('',(-3.590391604102,-18.87343584076));
#1304 = CARTESIAN_POINT('',(-3.814791079358,-19.02029686923));
#1305 = CARTESIAN_POINT('',(-4.039190554617,-19.23156646777));
#1306 = CARTESIAN_POINT('',(-4.263590029872,-19.48900245085));
#1307 = CARTESIAN_POINT('',(-4.487989505128,-19.76950065592));
#1308 = CARTESIAN_POINT('',(-4.712388980385,-20.05));
#1309 = ( GEOMETRIC_REPRESENTATION_CONTEXT(2) 
PARAMETRIC_REPRESENTATION_CONTEXT() REPRESENTATION_CONTEXT('2D SPACE',''
  ) );
#1310 = PCURVE('',#669,#1311);
#1311 = DEFINITIONAL_REPRESENTATION('',(#1312),#1321);
#1312 = B_SPLINE_CURVE_WITH_KNOTS('',7,(#1313,#1314,#1315,#1316,#1317,
    #1318,#1319,#1320),.UNSPECIFIED.,.F.,.F.,(8,8),(0.,1.570796326795),
  .PIECEWISE_BEZIER_KNOTS.);
#1313 = CARTESIAN_POINT('',(-4.712388980385,-18.8));
#1314 = CARTESIAN_POINT('',(-4.487989505128,-18.8));
#1315 = CARTESIAN_POINT('',(-4.263590029872,-18.87343584076));
#1316 = CARTESIAN_POINT('',(-4.039190554618,-19.02029686923));
#1317 = CARTESIAN_POINT('',(-3.814791079357,-19.23156646777));
#1318 = CARTESIAN_POINT('',(-3.590391604102,-19.48900245085));
#1319 = CARTESIAN_POINT('',(-3.365992128846,-19.76950065592));
#1320 = CARTESIAN_POINT('',(-3.14159265359,-20.05));
#1321 = ( GEOMETRIC_REPRESENTATION_CONTEXT(2) 
PARAMETRIC_REPRESENTATION_CONTEXT() REPRESENTATION_CONTEXT('2D SPACE',''
  ) );
#1322 = ORIENTED_EDGE('',*,*,#1323,.F.);
#1323 = EDGE_CURVE('',#1194,#1290,#1324,.T.);
#1324 = SURFACE_CURVE('',#1325,(#1330,#1342),.PCURVE_S1.);
#1325 = ELLIPSE('',#1326,1.767766952966,1.25);
#1326 = AXIS2_PLACEMENT_3D('',#1327,#1328,#1329);
#1327 = CARTESIAN_POINT('',(40.,40.,265.));
#1328 = DIRECTION('',(-0.707106781187,-0.707106781187,0.));
#1329 = DIRECTION('',(0.707106781187,-0.707106781187,0.));
#1330 = PCURVE('',#404,#1331);
#1331 = DEFINITIONAL_REPRESENTATION('',(#1332),#1341);
#1332 = B_SPLINE_CURVE_WITH_KNOTS('',7,(#1333,#1334,#1335,#1336,#1337,
    #1338,#1339,#1340),.UNSPECIFIED.,.F.,.F.,(8,8),(3.14159265359,
    4.712388980385),.PIECEWISE_BEZIER_KNOTS.);
#1333 = CARTESIAN_POINT('',(-6.28318530718,-18.8));
#1334 = CARTESIAN_POINT('',(-6.058785831923,-18.8));
#1335 = CARTESIAN_POINT('',(-5.834386356667,-18.87343584076));
#1336 = CARTESIAN_POINT('',(-5.609986881411,-19.02029686923));
#1337 = CARTESIAN_POINT('',(-5.385587406154,-19.23156646777));
#1338 = CARTESIAN_POINT('',(-5.161187930898,-19.48900245085));
#1339 = CARTESIAN_POINT('',(-4.936788455641,-19.76950065592));
#1340 = CARTESIAN_POINT('',(-4.712388980385,-20.05));
#1341 = ( GEOMETRIC_REPRESENTATION_CONTEXT(2) 
PARAMETRIC_REPRESENTATION_CONTEXT() REPRESENTATION_CONTEXT('2D SPACE',''
  ) );
#1342 = PCURVE('',#1238,#1343);
#1343 = DEFINITIONAL_REPRESENTATION('',(#1344),#1353);
#1344 = B_SPLINE_CURVE_WITH_KNOTS('',7,(#1345,#1346,#1347,#1348,#1349,
    #1350,#1351,#1352),.UNSPECIFIED.,.F.,.F.,(8,8),(3.14159265359,
    4.712388980385),.PIECEWISE_BEZIER_KNOTS.);
#1345 = CARTESIAN_POINT('',(-4.712388980385,-21.3));
#1346 = CARTESIAN_POINT('',(-4.487989505128,-21.3));
#1347 = CARTESIAN_POINT('',(-4.263590029872,-21.22656415923));
#1348 = CARTESIAN_POINT('',(-4.039190554618,-21.07970313079));
#1349 = CARTESIAN_POINT('',(-3.814791079357,-20.8684335322));
#1350 = CARTESIAN_POINT('',(-3.590391604102,-20.61099754915));
#1351 = CARTESIAN_POINT('',(-3.365992128846,-20.33049934407));
#1352 = CARTESIAN_POINT('',(-3.14159265359,-20.05));
#1353 = ( GEOMETRIC_REPRESENTATION_CONTEXT(2) 
PARAMETRIC_REPRESENTATION_CONTEXT() REPRESENTATION_CONTEXT('2D SPACE',''
  ) );
#1354 = ORIENTED_EDGE('',*,*,#1193,.F.);
#1355 = ADVANCED_FACE('',(#1356),#564,.F.);
#1356 = FACE_BOUND('',#1357,.T.);
#1357 = EDGE_LOOP('',(#1358,#1379,#1380,#1381,#1420,#1452,#1453));
#1358 = ORIENTED_EDGE('',*,*,#1359,.F.);
#1359 = EDGE_CURVE('',#544,#716,#1360,.T.);
#1360 = SEAM_CURVE('',#1361,(#1365,#1372),.PCURVE_S1.);
#1361 = LINE('',#1362,#1363);
#1362 = CARTESIAN_POINT('',(40.,19.95,26.25));
#1363 = VECTOR('',#1364,1.);
#1364 = DIRECTION('',(0.,1.,0.));
#1365 = PCURVE('',#564,#1366);
#1366 = DEFINITIONAL_REPRESENTATION('',(#1367),#1371);
#1367 = LINE('',#1368,#1369);
#1368 = CARTESIAN_POINT('',(-6.28318530718,0.));
#1369 = VECTOR('',#1370,1.);
#1370 = DIRECTION('',(-0.,-1.));
#1371 = ( GEOMETRIC_REPRESENTATION_CONTEXT(2) 
PARAMETRIC_REPRESENTATION_CONTEXT() REPRESENTATION_CONTEXT('2D SPACE',''
  ) );
#1372 = PCURVE('',#564,#1373);
#1373 = DEFINITIONAL_REPRESENTATION('',(#1374),#1378);
#1374 = LINE('',#1375,#1376);
#1375 = CARTESIAN_POINT('',(-0.,0.));
#1376 = VECTOR('',#1377,1.);
#1377 = DIRECTION('',(-0.,-1.));
#1378 = ( GEOMETRIC_REPRESENTATION_CONTEXT(2) 
PARAMETRIC_REPRESENTATION_CONTEXT() REPRESENTATION_CONTEXT('2D SPACE',''
  ) );
#1379 = ORIENTED_EDGE('',*,*,#543,.T.);
#1380 = ORIENTED_EDGE('',*,*,#1359,.T.);
#1381 = ORIENTED_EDGE('',*,*,#1382,.F.);
#1382 = EDGE_CURVE('',#1383,#716,#1385,.T.);
#1383 = VERTEX_POINT('',#1384);
#1384 = CARTESIAN_POINT('',(41.25,38.75,25.));
#1385 = SURFACE_CURVE('',#1386,(#1391,#1403),.PCURVE_S1.);
#1386 = ELLIPSE('',#1387,1.767766952966,1.25);
#1387 = AXIS2_PLACEMENT_3D('',#1388,#1389,#1390);
#1388 = CARTESIAN_POINT('',(40.,40.,25.));
#1389 = DIRECTION('',(-0.707106781187,-0.707106781187,0.));
#1390 = DIRECTION('',(0.707106781187,-0.707106781187,0.));
#1391 = PCURVE('',#564,#1392);
#1392 = DEFINITIONAL_REPRESENTATION('',(#1393),#1402);
#1393 = B_SPLINE_CURVE_WITH_KNOTS('',7,(#1394,#1395,#1396,#1397,#1398,
    #1399,#1400,#1401),.UNSPECIFIED.,.F.,.F.,(8,8),(0.,1.570796326795),
  .PIECEWISE_BEZIER_KNOTS.);
#1394 = CARTESIAN_POINT('',(-1.570796326795,-18.8));
#1395 = CARTESIAN_POINT('',(-1.346396851538,-18.8));
#1396 = CARTESIAN_POINT('',(-1.121997376282,-18.87343584076));
#1397 = CARTESIAN_POINT('',(-0.897597901026,-19.02029686923));
#1398 = CARTESIAN_POINT('',(-0.673198425769,-19.23156646777));
#1399 = CARTESIAN_POINT('',(-0.448798950513,-19.48900245085));
#1400 = CARTESIAN_POINT('',(-0.224399475256,-19.76950065592));
#1401 = CARTESIAN_POINT('',(0.,-20.05));
#1402 = ( GEOMETRIC_REPRESENTATION_CONTEXT(2) 
PARAMETRIC_REPRESENTATION_CONTEXT() REPRESENTATION_CONTEXT('2D SPACE',''
  ) );
#1403 = PCURVE('',#1404,#1409);
#1404 = CYLINDRICAL_SURFACE('',#1405,1.25);
#1405 = AXIS2_PLACEMENT_3D('',#1406,#1407,#1408);
#1406 = CARTESIAN_POINT('',(19.95,40.,25.));
#1407 = DIRECTION('',(-1.,-0.,-0.));
#1408 = DIRECTION('',(0.,1.,0.));
#1409 = DEFINITIONAL_REPRESENTATION('',(#1410),#1419);
#1410 = B_SPLINE_CURVE_WITH_KNOTS('',7,(#1411,#1412,#1413,#1414,#1415,
    #1416,#1417,#1418),.UNSPECIFIED.,.F.,.F.,(8,8),(0.,1.570796326795),
  .PIECEWISE_BEZIER_KNOTS.);
#1411 = CARTESIAN_POINT('',(-3.14159265359,-21.3));
#1412 = CARTESIAN_POINT('',(-2.917193178333,-21.3));
#1413 = CARTESIAN_POINT('',(-2.692793703077,-21.22656415923));
#1414 = CARTESIAN_POINT('',(-2.46839422782,-21.07970313079));
#1415 = CARTESIAN_POINT('',(-2.243994752565,-20.8684335322));
#1416 = CARTESIAN_POINT('',(-2.019595277307,-20.61099754915));
#1417 = CARTESIAN_POINT('',(-1.795195802051,-20.33049934407));
#1418 = CARTESIAN_POINT('',(-1.570796326795,-20.05));
#1419 = ( GEOMETRIC_REPRESENTATION_CONTEXT(2) 
PARAMETRIC_REPRESENTATION_CONTEXT() REPRESENTATION_CONTEXT('2D SPACE',''
  ) );
#1420 = ORIENTED_EDGE('',*,*,#1421,.F.);
#1421 = EDGE_CURVE('',#789,#1383,#1422,.T.);
#1422 = SURFACE_CURVE('',#1423,(#1428,#1440),.PCURVE_S1.);
#1423 = ELLIPSE('',#1424,1.767766952966,1.25);
#1424 = AXIS2_PLACEMENT_3D('',#1425,#1426,#1427);
#1425 = CARTESIAN_POINT('',(40.,40.,25.));
#1426 = DIRECTION('',(-0.707106781187,-0.707106781187,0.));
#1427 = DIRECTION('',(0.707106781187,-0.707106781187,0.));
#1428 = PCURVE('',#564,#1429);
#1429 = DEFINITIONAL_REPRESENTATION('',(#1430),#1439);
#1430 = B_SPLINE_CURVE_WITH_KNOTS('',7,(#1431,#1432,#1433,#1434,#1435,
    #1436,#1437,#1438),.UNSPECIFIED.,.F.,.F.,(8,8),(4.712388980385,
    6.28318530718),.PIECEWISE_BEZIER_KNOTS.);
#1431 = CARTESIAN_POINT('',(-3.14159265359,-20.05));
#1432 = CARTESIAN_POINT('',(-2.917193178333,-19.76950065592));
#1433 = CARTESIAN_POINT('',(-2.692793703077,-19.48900245085));
#1434 = CARTESIAN_POINT('',(-2.46839422782,-19.23156646778));
#1435 = CARTESIAN_POINT('',(-2.243994752565,-19.02029686922));
#1436 = CARTESIAN_POINT('',(-2.019595277307,-18.87343584076));
#1437 = CARTESIAN_POINT('',(-1.795195802051,-18.8));
#1438 = CARTESIAN_POINT('',(-1.570796326795,-18.8));
#1439 = ( GEOMETRIC_REPRESENTATION_CONTEXT(2) 
PARAMETRIC_REPRESENTATION_CONTEXT() REPRESENTATION_CONTEXT('2D SPACE',''
  ) );
#1440 = PCURVE('',#1404,#1441);
#1441 = DEFINITIONAL_REPRESENTATION('',(#1442),#1451);
#1442 = B_SPLINE_CURVE_WITH_KNOTS('',7,(#1443,#1444,#1445,#1446,#1447,
    #1448,#1449,#1450),.UNSPECIFIED.,.F.,.F.,(8,8),(4.712388980385,
    6.28318530718),.PIECEWISE_BEZIER_KNOTS.);
#1443 = CARTESIAN_POINT('',(-4.712388980385,-20.05));
#1444 = CARTESIAN_POINT('',(-4.487989505128,-20.33049934407));
#1445 = CARTESIAN_POINT('',(-4.263590029872,-20.61099754914));
#1446 = CARTESIAN_POINT('',(-4.039190554615,-20.86843353221));
#1447 = CARTESIAN_POINT('',(-3.81479107936,-21.07970313077));
#1448 = CARTESIAN_POINT('',(-3.590391604102,-21.22656415923));
#1449 = CARTESIAN_POINT('',(-3.365992128846,-21.3));
#1450 = CARTESIAN_POINT('',(-3.14159265359,-21.3));
#1451 = ( GEOMETRIC_REPRESENTATION_CONTEXT(2) 
PARAMETRIC_REPRESENTATION_CONTEXT() REPRESENTATION_CONTEXT('2D SPACE',''
  ) );
#1452 = ORIENTED_EDGE('',*,*,#788,.F.);
#1453 = ORIENTED_EDGE('',*,*,#754,.F.);
#1454 = ADVANCED_FACE('',(#1455),#599,.F.);
#1455 = FACE_BOUND('',#1456,.T.);
#1456 = EDGE_LOOP('',(#1457,#1478,#1479,#1480,#1519,#1551,#1552));
#1457 = ORIENTED_EDGE('',*,*,#1458,.F.);
#1458 = EDGE_CURVE('',#579,#883,#1459,.T.);
#1459 = SEAM_CURVE('',#1460,(#1464,#1471),.PCURVE_S1.);
#1460 = LINE('',#1461,#1462);
#1461 = CARTESIAN_POINT('',(40.,19.95,121.25));
#1462 = VECTOR('',#1463,1.);
#1463 = DIRECTION('',(0.,1.,0.));
#1464 = PCURVE('',#599,#1465);
#1465 = DEFINITIONAL_REPRESENTATION('',(#1466),#1470);
#1466 = LINE('',#1467,#1468);
#1467 = CARTESIAN_POINT('',(-6.28318530718,0.));
#1468 = VECTOR('',#1469,1.);
#1469 = DIRECTION('',(-0.,-1.));
#1470 = ( GEOMETRIC_REPRESENTATION_CONTEXT(2) 
PARAMETRIC_REPRESENTATION_CONTEXT() REPRESENTATION_CONTEXT('2D SPACE',''
  ) );
#1471 = PCURVE('',#599,#1472);
#1472 = DEFINITIONAL_REPRESENTATION('',(#1473),#1477);
#1473 = LINE('',#1474,#1475);
#1474 = CARTESIAN_POINT('',(-0.,0.));
#1475 = VECTOR('',#1476,1.);
#1476 = DIRECTION('',(-0.,-1.));
#1477 = ( GEOMETRIC_REPRESENTATION_CONTEXT(2) 
PARAMETRIC_REPRESENTATION_CONTEXT() REPRESENTATION_CONTEXT('2D SPACE',''
  ) );
#1478 = ORIENTED_EDGE('',*,*,#578,.T.);
#1479 = ORIENTED_EDGE('',*,*,#1458,.T.);
#1480 = ORIENTED_EDGE('',*,*,#1481,.F.);
#1481 = EDGE_CURVE('',#1482,#883,#1484,.T.);
#1482 = VERTEX_POINT('',#1483);
#1483 = CARTESIAN_POINT('',(41.25,38.75,120.));
#1484 = SURFACE_CURVE('',#1485,(#1490,#1502),.PCURVE_S1.);
#1485 = ELLIPSE('',#1486,1.767766952966,1.25);
#1486 = AXIS2_PLACEMENT_3D('',#1487,#1488,#1489);
#1487 = CARTESIAN_POINT('',(40.,40.,120.));
#1488 = DIRECTION('',(-0.707106781187,-0.707106781187,0.));
#1489 = DIRECTION('',(0.707106781187,-0.707106781187,0.));
#1490 = PCURVE('',#599,#1491);
#1491 = DEFINITIONAL_REPRESENTATION('',(#1492),#1501);
#1492 = B_SPLINE_CURVE_WITH_KNOTS('',7,(#1493,#1494,#1495,#1496,#1497,
    #1498,#1499,#1500),.UNSPECIFIED.,.F.,.F.,(8,8),(0.,1.570796326795),
  .PIECEWISE_BEZIER_KNOTS.);
#1493 = CARTESIAN_POINT('',(-1.570796326795,-18.8));
#1494 = CARTESIAN_POINT('',(-1.346396851538,-18.8));
#1495 = CARTESIAN_POINT('',(-1.121997376282,-18.87343584076));
#1496 = CARTESIAN_POINT('',(-0.897597901026,-19.02029686923));
#1497 = CARTESIAN_POINT('',(-0.673198425769,-19.23156646777));
#1498 = CARTESIAN_POINT('',(-0.448798950513,-19.48900245085));
#1499 = CARTESIAN_POINT('',(-0.224399475256,-19.76950065592));
#1500 = CARTESIAN_POINT('',(0.,-20.05));
#1501 = ( GEOMETRIC_REPRESENTATION_CONTEXT(2) 
PARAMETRIC_REPRESENTATION_CONTEXT() REPRESENTATION_CONTEXT('2D SPACE',''
  ) );
#1502 = PCURVE('',#1503,#1508);
#1503 = CYLINDRICAL_SURFACE('',#1504,1.25);
#1504 = AXIS2_PLACEMENT_3D('',#1505,#1506,#1507);
#1505 = CARTESIAN_POINT('',(19.95,40.,120.));
#1506 = DIRECTION('',(-1.,-0.,-0.));
#1507 = DIRECTION('',(0.,1.,0.));
#1508 = DEFINITIONAL_REPRESENTATION('',(#1509),#1518);
#1509 = B_SPLINE_CURVE_WITH_KNOTS('',7,(#1510,#1511,#1512,#1513,#1514,
    #1515,#1516,#1517),.UNSPECIFIED.,.F.,.F.,(8,8),(0.,1.570796326795),
  .PIECEWISE_BEZIER_KNOTS.);
#1510 = CARTESIAN_POINT('',(-3.14159265359,-21.3));
#1511 = CARTESIAN_POINT('',(-2.917193178333,-21.3));
#1512 = CARTESIAN_POINT('',(-2.692793703077,-21.22656415923));
#1513 = CARTESIAN_POINT('',(-2.468394227822,-21.07970313079));
#1514 = CARTESIAN_POINT('',(-2.243994752562,-20.8684335322));
#1515 = CARTESIAN_POINT('',(-2.019595277308,-20.61099754915));
#1516 = CARTESIAN_POINT('',(-1.795195802051,-20.33049934407));
#1517 = CARTESIAN_POINT('',(-1.570796326795,-20.05));
#1518 = ( GEOMETRIC_REPRESENTATION_CONTEXT(2) 
PARAMETRIC_REPRESENTATION_CONTEXT() REPRESENTATION_CONTEXT('2D SPACE',''
  ) );
#1519 = ORIENTED_EDGE('',*,*,#1520,.F.);
#1520 = EDGE_CURVE('',#956,#1482,#1521,.T.);
#1521 = SURFACE_CURVE('',#1522,(#1527,#1539),.PCURVE_S1.);
#1522 = ELLIPSE('',#1523,1.767766952966,1.25);
#1523 = AXIS2_PLACEMENT_3D('',#1524,#1525,#1526);
#1524 = CARTESIAN_POINT('',(40.,40.,120.));
#1525 = DIRECTION('',(-0.707106781187,-0.707106781187,0.));
#1526 = DIRECTION('',(0.707106781187,-0.707106781187,0.));
#1527 = PCURVE('',#599,#1528);
#1528 = DEFINITIONAL_REPRESENTATION('',(#1529),#1538);
#1529 = B_SPLINE_CURVE_WITH_KNOTS('',7,(#1530,#1531,#1532,#1533,#1534,
    #1535,#1536,#1537),.UNSPECIFIED.,.F.,.F.,(8,8),(4.712388980385,
    6.28318530718),.PIECEWISE_BEZIER_KNOTS.);
#1530 = CARTESIAN_POINT('',(-3.14159265359,-20.05));
#1531 = CARTESIAN_POINT('',(-2.917193178333,-19.76950065592));
#1532 = CARTESIAN_POINT('',(-2.692793703077,-19.48900245085));
#1533 = CARTESIAN_POINT('',(-2.468394227823,-19.23156646778));
#1534 = CARTESIAN_POINT('',(-2.243994752564,-19.02029686922));
#1535 = CARTESIAN_POINT('',(-2.019595277308,-18.87343584076));
#1536 = CARTESIAN_POINT('',(-1.795195802051,-18.8));
#1537 = CARTESIAN_POINT('',(-1.570796326795,-18.8));
#1538 = ( GEOMETRIC_REPRESENTATION_CONTEXT(2) 
PARAMETRIC_REPRESENTATION_CONTEXT() REPRESENTATION_CONTEXT('2D SPACE',''
  ) );
#1539 = PCURVE('',#1503,#1540);
#1540 = DEFINITIONAL_REPRESENTATION('',(#1541),#1550);
#1541 = B_SPLINE_CURVE_WITH_KNOTS('',7,(#1542,#1543,#1544,#1545,#1546,
    #1547,#1548,#1549),.UNSPECIFIED.,.F.,.F.,(8,8),(4.712388980385,
    6.28318530718),.PIECEWISE_BEZIER_KNOTS.);
#1542 = CARTESIAN_POINT('',(-4.712388980385,-20.05));
#1543 = CARTESIAN_POINT('',(-4.487989505128,-20.33049934407));
#1544 = CARTESIAN_POINT('',(-4.26359002987,-20.61099754914));
#1545 = CARTESIAN_POINT('',(-4.039190554619,-20.86843353221));
#1546 = CARTESIAN_POINT('',(-3.814791079356,-21.07970313077));
#1547 = CARTESIAN_POINT('',(-3.590391604103,-21.22656415923));
#1548 = CARTESIAN_POINT('',(-3.365992128846,-21.3));
#1549 = CARTESIAN_POINT('',(-3.14159265359,-21.3));
#1550 = ( GEOMETRIC_REPRESENTATION_CONTEXT(2) 
PARAMETRIC_REPRESENTATION_CONTEXT() REPRESENTATION_CONTEXT('2D SPACE',''
  ) );
#1551 = ORIENTED_EDGE('',*,*,#955,.F.);
#1552 = ORIENTED_EDGE('',*,*,#921,.F.);
#1553 = ADVANCED_FACE('',(#1554),#634,.F.);
#1554 = FACE_BOUND('',#1555,.T.);
#1555 = EDGE_LOOP('',(#1556,#1577,#1578,#1579,#1618,#1650,#1651));
#1556 = ORIENTED_EDGE('',*,*,#1557,.F.);
#1557 = EDGE_CURVE('',#614,#1050,#1558,.T.);
#1558 = SEAM_CURVE('',#1559,(#1563,#1570),.PCURVE_S1.);
#1559 = LINE('',#1560,#1561);
#1560 = CARTESIAN_POINT('',(40.,19.95,171.25));
#1561 = VECTOR('',#1562,1.);
#1562 = DIRECTION('',(0.,1.,0.));
#1563 = PCURVE('',#634,#1564);
#1564 = DEFINITIONAL_REPRESENTATION('',(#1565),#1569);
#1565 = LINE('',#1566,#1567);
#1566 = CARTESIAN_POINT('',(-6.28318530718,0.));
#1567 = VECTOR('',#1568,1.);
#1568 = DIRECTION('',(-0.,-1.));
#1569 = ( GEOMETRIC_REPRESENTATION_CONTEXT(2) 
PARAMETRIC_REPRESENTATION_CONTEXT() REPRESENTATION_CONTEXT('2D SPACE',''
  ) );
#1570 = PCURVE('',#634,#1571);
#1571 = DEFINITIONAL_REPRESENTATION('',(#1572),#1576);
#1572 = LINE('',#1573,#1574);
#1573 = CARTESIAN_POINT('',(-0.,0.));
#1574 = VECTOR('',#1575,1.);
#1575 = DIRECTION('',(-0.,-1.));
#1576 = ( GEOMETRIC_REPRESENTATION_CONTEXT(2) 
PARAMETRIC_REPRESENTATION_CONTEXT() REPRESENTATION_CONTEXT('2D SPACE',''
  ) );
#1577 = ORIENTED_EDGE('',*,*,#613,.T.);
#1578 = ORIENTED_EDGE('',*,*,#1557,.T.);
#1579 = ORIENTED_EDGE('',*,*,#1580,.F.);
#1580 = EDGE_CURVE('',#1581,#1050,#1583,.T.);
#1581 = VERTEX_POINT('',#1582);
#1582 = CARTESIAN_POINT('',(41.25,38.75,170.));
#1583 = SURFACE_CURVE('',#1584,(#1589,#1601),.PCURVE_S1.);
#1584 = ELLIPSE('',#1585,1.767766952966,1.25);
#1585 = AXIS2_PLACEMENT_3D('',#1586,#1587,#1588);
#1586 = CARTESIAN_POINT('',(40.,40.,170.));
#1587 = DIRECTION('',(-0.707106781187,-0.707106781187,0.));
#1588 = DIRECTION('',(0.707106781187,-0.707106781187,0.));
#1589 = PCURVE('',#634,#1590);
#1590 = DEFINITIONAL_REPRESENTATION('',(#1591),#1600);
#1591 = B_SPLINE_CURVE_WITH_KNOTS('',7,(#1592,#1593,#1594,#1595,#1596,
    #1597,#1598,#1599),.UNSPECIFIED.,.F.,.F.,(8,8),(0.,1.570796326795),
  .PIECEWISE_BEZIER_KNOTS.);
#1592 = CARTESIAN_POINT('',(-1.570796326795,-18.8));
#1593 = CARTESIAN_POINT('',(-1.346396851538,-18.8));
#1594 = CARTESIAN_POINT('',(-1.121997376282,-18.87343584076));
#1595 = CARTESIAN_POINT('',(-0.897597901026,-19.02029686923));
#1596 = CARTESIAN_POINT('',(-0.67319842577,-19.23156646777));
#1597 = CARTESIAN_POINT('',(-0.448798950513,-19.48900245085));
#1598 = CARTESIAN_POINT('',(-0.224399475256,-19.76950065592));
#1599 = CARTESIAN_POINT('',(0.,-20.05));
#1600 = ( GEOMETRIC_REPRESENTATION_CONTEXT(2) 
PARAMETRIC_REPRESENTATION_CONTEXT() REPRESENTATION_CONTEXT('2D SPACE',''
  ) );
#1601 = PCURVE('',#1602,#1607);
#1602 = CYLINDRICAL_SURFACE('',#1603,1.25);
#1603 = AXIS2_PLACEMENT_3D('',#1604,#1605,#1606);
#1604 = CARTESIAN_POINT('',(19.95,40.,170.));
#1605 = DIRECTION('',(-1.,-0.,-0.));
#1606 = DIRECTION('',(0.,1.,0.));
#1607 = DEFINITIONAL_REPRESENTATION('',(#1608),#1617);
#1608 = B_SPLINE_CURVE_WITH_KNOTS('',7,(#1609,#1610,#1611,#1612,#1613,
    #1614,#1615,#1616),.UNSPECIFIED.,.F.,.F.,(8,8),(0.,1.570796326795),
  .PIECEWISE_BEZIER_KNOTS.);
#1609 = CARTESIAN_POINT('',(-3.14159265359,-21.3));
#1610 = CARTESIAN_POINT('',(-2.917193178333,-21.3));
#1611 = CARTESIAN_POINT('',(-2.692793703077,-21.22656415923));
#1612 = CARTESIAN_POINT('',(-2.46839422782,-21.07970313079));
#1613 = CARTESIAN_POINT('',(-2.243994752564,-20.8684335322));
#1614 = CARTESIAN_POINT('',(-2.019595277308,-20.61099754915));
#1615 = CARTESIAN_POINT('',(-1.795195802051,-20.33049934407));
#1616 = CARTESIAN_POINT('',(-1.570796326795,-20.05));
#1617 = ( GEOMETRIC_REPRESENTATION_CONTEXT(2) 
PARAMETRIC_REPRESENTATION_CONTEXT() REPRESENTATION_CONTEXT('2D SPACE',''
  ) );
#1618 = ORIENTED_EDGE('',*,*,#1619,.F.);
#1619 = EDGE_CURVE('',#1123,#1581,#1620,.T.);
#1620 = SURFACE_CURVE('',#1621,(#1626,#1638),.PCURVE_S1.);
#1621 = ELLIPSE('',#1622,1.767766952966,1.25);
#1622 = AXIS2_PLACEMENT_3D('',#1623,#1624,#1625);
#1623 = CARTESIAN_POINT('',(40.,40.,170.));
#1624 = DIRECTION('',(-0.707106781187,-0.707106781187,0.));
#1625 = DIRECTION('',(0.707106781187,-0.707106781187,0.));
#1626 = PCURVE('',#634,#1627);
#1627 = DEFINITIONAL_REPRESENTATION('',(#1628),#1637);
#1628 = B_SPLINE_CURVE_WITH_KNOTS('',7,(#1629,#1630,#1631,#1632,#1633,
    #1634,#1635,#1636),.UNSPECIFIED.,.F.,.F.,(8,8),(4.712388980385,
    6.28318530718),.PIECEWISE_BEZIER_KNOTS.);
#1629 = CARTESIAN_POINT('',(-3.14159265359,-20.05));
#1630 = CARTESIAN_POINT('',(-2.917193178333,-19.76950065592));
#1631 = CARTESIAN_POINT('',(-2.692793703077,-19.48900245085));
#1632 = CARTESIAN_POINT('',(-2.468394227821,-19.23156646778));
#1633 = CARTESIAN_POINT('',(-2.243994752564,-19.02029686922));
#1634 = CARTESIAN_POINT('',(-2.019595277308,-18.87343584076));
#1635 = CARTESIAN_POINT('',(-1.795195802051,-18.8));
#1636 = CARTESIAN_POINT('',(-1.570796326795,-18.8));
#1637 = ( GEOMETRIC_REPRESENTATION_CONTEXT(2) 
PARAMETRIC_REPRESENTATION_CONTEXT() REPRESENTATION_CONTEXT('2D SPACE',''
  ) );
#1638 = PCURVE('',#1602,#1639);
#1639 = DEFINITIONAL_REPRESENTATION('',(#1640),#1649);
#1640 = B_SPLINE_CURVE_WITH_KNOTS('',7,(#1641,#1642,#1643,#1644,#1645,
    #1646,#1647,#1648),.UNSPECIFIED.,.F.,.F.,(8,8),(4.712388980385,
    6.28318530718),.PIECEWISE_BEZIER_KNOTS.);
#1641 = CARTESIAN_POINT('',(-4.712388980385,-20.05));
#1642 = CARTESIAN_POINT('',(-4.487989505128,-20.33049934407));
#1643 = CARTESIAN_POINT('',(-4.263590029872,-20.61099754914));
#1644 = CARTESIAN_POINT('',(-4.039190554614,-20.86843353221));
#1645 = CARTESIAN_POINT('',(-3.814791079361,-21.07970313077));
#1646 = CARTESIAN_POINT('',(-3.590391604102,-21.22656415923));
#1647 = CARTESIAN_POINT('',(-3.365992128846,-21.3));
#1648 = CARTESIAN_POINT('',(-3.14159265359,-21.3));
#1649 = ( GEOMETRIC_REPRESENTATION_CONTEXT(2) 
PARAMETRIC_REPRESENTATION_CONTEXT() REPRESENTATION_CONTEXT('2D SPACE',''
  ) );
#1650 = ORIENTED_EDGE('',*,*,#1122,.F.);
#1651 = ORIENTED_EDGE('',*,*,#1088,.F.);
#1652 = ADVANCED_FACE('',(#1653),#669,.F.);
#1653 = FACE_BOUND('',#1654,.T.);
#1654 = EDGE_LOOP('',(#1655,#1676,#1677,#1678,#1717,#1749,#1750));
#1655 = ORIENTED_EDGE('',*,*,#1656,.F.);
#1656 = EDGE_CURVE('',#649,#1217,#1657,.T.);
#1657 = SEAM_CURVE('',#1658,(#1662,#1669),.PCURVE_S1.);
#1658 = LINE('',#1659,#1660);
#1659 = CARTESIAN_POINT('',(40.,19.95,266.25));
#1660 = VECTOR('',#1661,1.);
#1661 = DIRECTION('',(0.,1.,0.));
#1662 = PCURVE('',#669,#1663);
#1663 = DEFINITIONAL_REPRESENTATION('',(#1664),#1668);
#1664 = LINE('',#1665,#1666);
#1665 = CARTESIAN_POINT('',(-6.28318530718,0.));
#1666 = VECTOR('',#1667,1.);
#1667 = DIRECTION('',(-0.,-1.));
#1668 = ( GEOMETRIC_REPRESENTATION_CONTEXT(2) 
PARAMETRIC_REPRESENTATION_CONTEXT() REPRESENTATION_CONTEXT('2D SPACE',''
  ) );
#1669 = PCURVE('',#669,#1670);
#1670 = DEFINITIONAL_REPRESENTATION('',(#1671),#1675);
#1671 = LINE('',#1672,#1673);
#1672 = CARTESIAN_POINT('',(-0.,0.));
#1673 = VECTOR('',#1674,1.);
#1674 = DIRECTION('',(-0.,-1.));
#1675 = ( GEOMETRIC_REPRESENTATION_CONTEXT(2) 
PARAMETRIC_REPRESENTATION_CONTEXT() REPRESENTATION_CONTEXT('2D SPACE',''
  ) );
#1676 = ORIENTED_EDGE('',*,*,#648,.T.);
#1677 = ORIENTED_EDGE('',*,*,#1656,.T.);
#1678 = ORIENTED_EDGE('',*,*,#1679,.F.);
#1679 = EDGE_CURVE('',#1680,#1217,#1682,.T.);
#1680 = VERTEX_POINT('',#1681);
#1681 = CARTESIAN_POINT('',(41.25,38.75,265.));
#1682 = SURFACE_CURVE('',#1683,(#1688,#1700),.PCURVE_S1.);
#1683 = ELLIPSE('',#1684,1.767766952966,1.25);
#1684 = AXIS2_PLACEMENT_3D('',#1685,#1686,#1687);
#1685 = CARTESIAN_POINT('',(40.,40.,265.));
#1686 = DIRECTION('',(-0.707106781187,-0.707106781187,0.));
#1687 = DIRECTION('',(0.707106781187,-0.707106781187,0.));
#1688 = PCURVE('',#669,#1689);
#1689 = DEFINITIONAL_REPRESENTATION('',(#1690),#1699);
#1690 = B_SPLINE_CURVE_WITH_KNOTS('',7,(#1691,#1692,#1693,#1694,#1695,
    #1696,#1697,#1698),.UNSPECIFIED.,.F.,.F.,(8,8),(0.,1.570796326795),
  .PIECEWISE_BEZIER_KNOTS.);
#1691 = CARTESIAN_POINT('',(-1.570796326795,-18.8));
#1692 = CARTESIAN_POINT('',(-1.346396851538,-18.8));
#1693 = CARTESIAN_POINT('',(-1.121997376282,-18.87343584076));
#1694 = CARTESIAN_POINT('',(-0.897597901026,-19.02029686923));
#1695 = CARTESIAN_POINT('',(-0.673198425769,-19.23156646777));
#1696 = CARTESIAN_POINT('',(-0.448798950513,-19.48900245085));
#1697 = CARTESIAN_POINT('',(-0.224399475256,-19.76950065592));
#1698 = CARTESIAN_POINT('',(0.,-20.05));
#1699 = ( GEOMETRIC_REPRESENTATION_CONTEXT(2) 
PARAMETRIC_REPRESENTATION_CONTEXT() REPRESENTATION_CONTEXT('2D SPACE',''
  ) );
#1700 = PCURVE('',#1701,#1706);
#1701 = CYLINDRICAL_SURFACE('',#1702,1.25);
#1702 = AXIS2_PLACEMENT_3D('',#1703,#1704,#1705);
#1703 = CARTESIAN_POINT('',(19.95,40.,265.));
#1704 = DIRECTION('',(-1.,-0.,-0.));
#1705 = DIRECTION('',(0.,1.,0.));
#1706 = DEFINITIONAL_REPRESENTATION('',(#1707),#1716);
#1707 = B_SPLINE_CURVE_WITH_KNOTS('',7,(#1708,#1709,#1710,#1711,#1712,
    #1713,#1714,#1715),.UNSPECIFIED.,.F.,.F.,(8,8),(0.,1.570796326795),
  .PIECEWISE_BEZIER_KNOTS.);
#1708 = CARTESIAN_POINT('',(-3.14159265359,-21.3));
#1709 = CARTESIAN_POINT('',(-2.917193178333,-21.3));
#1710 = CARTESIAN_POINT('',(-2.692793703077,-21.22656415923));
#1711 = CARTESIAN_POINT('',(-2.468394227821,-21.07970313079));
#1712 = CARTESIAN_POINT('',(-2.243994752564,-20.8684335322));
#1713 = CARTESIAN_POINT('',(-2.019595277308,-20.61099754915));
#1714 = CARTESIAN_POINT('',(-1.795195802051,-20.33049934407));
#1715 = CARTESIAN_POINT('',(-1.570796326795,-20.05));
#1716 = ( GEOMETRIC_REPRESENTATION_CONTEXT(2) 
PARAMETRIC_REPRESENTATION_CONTEXT() REPRESENTATION_CONTEXT('2D SPACE',''
  ) );
#1717 = ORIENTED_EDGE('',*,*,#1718,.F.);
#1718 = EDGE_CURVE('',#1290,#1680,#1719,.T.);
#1719 = SURFACE_CURVE('',#1720,(#1725,#1737),.PCURVE_S1.);
#1720 = ELLIPSE('',#1721,1.767766952966,1.25);
#1721 = AXIS2_PLACEMENT_3D('',#1722,#1723,#1724);
#1722 = CARTESIAN_POINT('',(40.,40.,265.));
#1723 = DIRECTION('',(-0.707106781187,-0.707106781187,0.));
#1724 = DIRECTION('',(0.707106781187,-0.707106781187,0.));
#1725 = PCURVE('',#669,#1726);
#1726 = DEFINITIONAL_REPRESENTATION('',(#1727),#1736);
#1727 = B_SPLINE_CURVE_WITH_KNOTS('',7,(#1728,#1729,#1730,#1731,#1732,
    #1733,#1734,#1735),.UNSPECIFIED.,.F.,.F.,(8,8),(4.712388980385,
    6.28318530718),.PIECEWISE_BEZIER_KNOTS.);
#1728 = CARTESIAN_POINT('',(-3.14159265359,-20.05));
#1729 = CARTESIAN_POINT('',(-2.917193178333,-19.76950065592));
#1730 = CARTESIAN_POINT('',(-2.692793703077,-19.48900245085));
#1731 = CARTESIAN_POINT('',(-2.46839422782,-19.23156646778));
#1732 = CARTESIAN_POINT('',(-2.243994752565,-19.02029686922));
#1733 = CARTESIAN_POINT('',(-2.019595277308,-18.87343584076));
#1734 = CARTESIAN_POINT('',(-1.795195802051,-18.8));
#1735 = CARTESIAN_POINT('',(-1.570796326795,-18.8));
#1736 = ( GEOMETRIC_REPRESENTATION_CONTEXT(2) 
PARAMETRIC_REPRESENTATION_CONTEXT() REPRESENTATION_CONTEXT('2D SPACE',''
  ) );
#1737 = PCURVE('',#1701,#1738);
#1738 = DEFINITIONAL_REPRESENTATION('',(#1739),#1748);
#1739 = B_SPLINE_CURVE_WITH_KNOTS('',7,(#1740,#1741,#1742,#1743,#1744,
    #1745,#1746,#1747),.UNSPECIFIED.,.F.,.F.,(8,8),(4.712388980385,
    6.28318530718),.PIECEWISE_BEZIER_KNOTS.);
#1740 = CARTESIAN_POINT('',(-4.712388980385,-20.05));
#1741 = CARTESIAN_POINT('',(-4.487989505128,-20.33049934407));
#1742 = CARTESIAN_POINT('',(-4.263590029871,-20.61099754914));
#1743 = CARTESIAN_POINT('',(-4.039190554617,-20.86843353221));
#1744 = CARTESIAN_POINT('',(-3.814791079358,-21.07970313077));
#1745 = CARTESIAN_POINT('',(-3.590391604103,-21.22656415923));
#1746 = CARTESIAN_POINT('',(-3.365992128846,-21.3));
#1747 = CARTESIAN_POINT('',(-3.14159265359,-21.3));
#1748 = ( GEOMETRIC_REPRESENTATION_CONTEXT(2) 
PARAMETRIC_REPRESENTATION_CONTEXT() REPRESENTATION_CONTEXT('2D SPACE',''
  ) );
#1749 = ORIENTED_EDGE('',*,*,#1289,.F.);
#1750 = ORIENTED_EDGE('',*,*,#1255,.F.);
#1751 = ADVANCED_FACE('',(#1752),#737,.F.);
#1752 = FACE_BOUND('',#1753,.T.);
#1753 = EDGE_LOOP('',(#1754,#1788,#1811,#1838,#1839,#1840,#1841));
#1754 = ORIENTED_EDGE('',*,*,#1755,.T.);
#1755 = EDGE_CURVE('',#1756,#716,#1758,.T.);
#1756 = VERTEX_POINT('',#1757);
#1757 = CARTESIAN_POINT('',(41.25,41.25,25.));
#1758 = SURFACE_CURVE('',#1759,(#1764,#1776),.PCURVE_S1.);
#1759 = ELLIPSE('',#1760,1.767766952966,1.25);
#1760 = AXIS2_PLACEMENT_3D('',#1761,#1762,#1763);
#1761 = CARTESIAN_POINT('',(40.,40.,25.));
#1762 = DIRECTION('',(0.707106781187,-0.707106781187,0.));
#1763 = DIRECTION('',(-0.707106781187,-0.707106781187,0.));
#1764 = PCURVE('',#737,#1765);
#1765 = DEFINITIONAL_REPRESENTATION('',(#1766),#1775);
#1766 = B_SPLINE_CURVE_WITH_KNOTS('',7,(#1767,#1768,#1769,#1770,#1771,
    #1772,#1773,#1774),.UNSPECIFIED.,.F.,.F.,(8,8),(3.14159265359,
    4.712388980385),.PIECEWISE_BEZIER_KNOTS.);
#1767 = CARTESIAN_POINT('',(-1.570796326795,-21.3));
#1768 = CARTESIAN_POINT('',(-1.346396851538,-21.3));
#1769 = CARTESIAN_POINT('',(-1.121997376282,-21.22656415923));
#1770 = CARTESIAN_POINT('',(-0.897597901026,-21.07970313079));
#1771 = CARTESIAN_POINT('',(-0.673198425769,-20.8684335322));
#1772 = CARTESIAN_POINT('',(-0.448798950513,-20.61099754915));
#1773 = CARTESIAN_POINT('',(-0.224399475256,-20.33049934407));
#1774 = CARTESIAN_POINT('',(0.,-20.05));
#1775 = ( GEOMETRIC_REPRESENTATION_CONTEXT(2) 
PARAMETRIC_REPRESENTATION_CONTEXT() REPRESENTATION_CONTEXT('2D SPACE',''
  ) );
#1776 = PCURVE('',#1404,#1777);
#1777 = DEFINITIONAL_REPRESENTATION('',(#1778),#1787);
#1778 = B_SPLINE_CURVE_WITH_KNOTS('',7,(#1779,#1780,#1781,#1782,#1783,
    #1784,#1785,#1786),.UNSPECIFIED.,.F.,.F.,(8,8),(3.14159265359,
    4.712388980385),.PIECEWISE_BEZIER_KNOTS.);
#1779 = CARTESIAN_POINT('',(0.,-21.3));
#1780 = CARTESIAN_POINT('',(-0.224399475256,-21.3));
#1781 = CARTESIAN_POINT('',(-0.448798950513,-21.22656415923));
#1782 = CARTESIAN_POINT('',(-0.673198425769,-21.07970313079));
#1783 = CARTESIAN_POINT('',(-0.897597901026,-20.8684335322));
#1784 = CARTESIAN_POINT('',(-1.121997376282,-20.61099754915));
#1785 = CARTESIAN_POINT('',(-1.346396851538,-20.33049934407));
#1786 = CARTESIAN_POINT('',(-1.570796326795,-20.05));
#1787 = ( GEOMETRIC_REPRESENTATION_CONTEXT(2) 
PARAMETRIC_REPRESENTATION_CONTEXT() REPRESENTATION_CONTEXT('2D SPACE',''
  ) );
#1788 = ORIENTED_EDGE('',*,*,#1789,.T.);
#1789 = EDGE_CURVE('',#716,#1790,#1792,.T.);
#1790 = VERTEX_POINT('',#1791);
#1791 = CARTESIAN_POINT('',(40.,51.05,26.25));
#1792 = SEAM_CURVE('',#1793,(#1797,#1804),.PCURVE_S1.);
#1793 = LINE('',#1794,#1795);
#1794 = CARTESIAN_POINT('',(40.,19.95,26.25));
#1795 = VECTOR('',#1796,1.);
#1796 = DIRECTION('',(0.,1.,0.));
#1797 = PCURVE('',#737,#1798);
#1798 = DEFINITIONAL_REPRESENTATION('',(#1799),#1803);
#1799 = LINE('',#1800,#1801);
#1800 = CARTESIAN_POINT('',(-6.28318530718,0.));
#1801 = VECTOR('',#1802,1.);
#1802 = DIRECTION('',(-0.,-1.));
#1803 = ( GEOMETRIC_REPRESENTATION_CONTEXT(2) 
PARAMETRIC_REPRESENTATION_CONTEXT() REPRESENTATION_CONTEXT('2D SPACE',''
  ) );
#1804 = PCURVE('',#737,#1805);
#1805 = DEFINITIONAL_REPRESENTATION('',(#1806),#1810);
#1806 = LINE('',#1807,#1808);
#1807 = CARTESIAN_POINT('',(-0.,0.));
#1808 = VECTOR('',#1809,1.);
#1809 = DIRECTION('',(-0.,-1.));
#1810 = ( GEOMETRIC_REPRESENTATION_CONTEXT(2) 
PARAMETRIC_REPRESENTATION_CONTEXT() REPRESENTATION_CONTEXT('2D SPACE',''
  ) );
#1811 = ORIENTED_EDGE('',*,*,#1812,.T.);
#1812 = EDGE_CURVE('',#1790,#1790,#1813,.T.);
#1813 = SURFACE_CURVE('',#1814,(#1819,#1826),.PCURVE_S1.);
#1814 = CIRCLE('',#1815,1.25);
#1815 = AXIS2_PLACEMENT_3D('',#1816,#1817,#1818);
#1816 = CARTESIAN_POINT('',(40.,51.05,25.));
#1817 = DIRECTION('',(0.,1.,0.));
#1818 = DIRECTION('',(0.,0.,1.));
#1819 = PCURVE('',#737,#1820);
#1820 = DEFINITIONAL_REPRESENTATION('',(#1821),#1825);
#1821 = LINE('',#1822,#1823);
#1822 = CARTESIAN_POINT('',(-0.,-31.1));
#1823 = VECTOR('',#1824,1.);
#1824 = DIRECTION('',(-1.,0.));
#1825 = ( GEOMETRIC_REPRESENTATION_CONTEXT(2) 
PARAMETRIC_REPRESENTATION_CONTEXT() REPRESENTATION_CONTEXT('2D SPACE',''
  ) );
#1826 = PCURVE('',#1827,#1832);
#1827 = PLANE('',#1828);
#1828 = AXIS2_PLACEMENT_3D('',#1829,#1830,#1831);
#1829 = CARTESIAN_POINT('',(40.,51.05,25.));
#1830 = DIRECTION('',(0.,1.,0.));
#1831 = DIRECTION('',(0.,-0.,1.));
#1832 = DEFINITIONAL_REPRESENTATION('',(#1833),#1837);
#1833 = CIRCLE('',#1834,1.25);
#1834 = AXIS2_PLACEMENT_2D('',#1835,#1836);
#1835 = CARTESIAN_POINT('',(0.,0.));
#1836 = DIRECTION('',(1.,0.));
#1837 = ( GEOMETRIC_REPRESENTATION_CONTEXT(2) 
PARAMETRIC_REPRESENTATION_CONTEXT() REPRESENTATION_CONTEXT('2D SPACE',''
  ) );
#1838 = ORIENTED_EDGE('',*,*,#1789,.F.);
#1839 = ORIENTED_EDGE('',*,*,#715,.T.);
#1840 = ORIENTED_EDGE('',*,*,#822,.T.);
#1841 = ORIENTED_EDGE('',*,*,#1842,.T.);
#1842 = EDGE_CURVE('',#789,#1756,#1843,.T.);
#1843 = SURFACE_CURVE('',#1844,(#1849,#1861),.PCURVE_S1.);
#1844 = ELLIPSE('',#1845,1.767766952966,1.25);
#1845 = AXIS2_PLACEMENT_3D('',#1846,#1847,#1848);
#1846 = CARTESIAN_POINT('',(40.,40.,25.));
#1847 = DIRECTION('',(0.707106781187,-0.707106781187,0.));
#1848 = DIRECTION('',(-0.707106781187,-0.707106781187,0.));
#1849 = PCURVE('',#737,#1850);
#1850 = DEFINITIONAL_REPRESENTATION('',(#1851),#1860);
#1851 = B_SPLINE_CURVE_WITH_KNOTS('',7,(#1852,#1853,#1854,#1855,#1856,
    #1857,#1858,#1859),.UNSPECIFIED.,.F.,.F.,(8,8),(1.570796326795,
    3.14159265359),.PIECEWISE_BEZIER_KNOTS.);
#1852 = CARTESIAN_POINT('',(-3.14159265359,-20.05));
#1853 = CARTESIAN_POINT('',(-2.917193178333,-20.33049934407));
#1854 = CARTESIAN_POINT('',(-2.692793703077,-20.61099754914));
#1855 = CARTESIAN_POINT('',(-2.46839422782,-20.86843353221));
#1856 = CARTESIAN_POINT('',(-2.243994752565,-21.07970313077));
#1857 = CARTESIAN_POINT('',(-2.019595277307,-21.22656415923));
#1858 = CARTESIAN_POINT('',(-1.795195802051,-21.3));
#1859 = CARTESIAN_POINT('',(-1.570796326795,-21.3));
#1860 = ( GEOMETRIC_REPRESENTATION_CONTEXT(2) 
PARAMETRIC_REPRESENTATION_CONTEXT() REPRESENTATION_CONTEXT('2D SPACE',''
  ) );
#1861 = PCURVE('',#1404,#1862);
#1862 = DEFINITIONAL_REPRESENTATION('',(#1863),#1872);
#1863 = B_SPLINE_CURVE_WITH_KNOTS('',7,(#1864,#1865,#1866,#1867,#1868,
    #1869,#1870,#1871),.UNSPECIFIED.,.F.,.F.,(8,8),(1.570796326795,
    3.14159265359),.PIECEWISE_BEZIER_KNOTS.);
#1864 = CARTESIAN_POINT('',(-4.712388980385,-20.05));
#1865 = CARTESIAN_POINT('',(-4.936788455641,-20.33049934407));
#1866 = CARTESIAN_POINT('',(-5.161187930898,-20.61099754914));
#1867 = CARTESIAN_POINT('',(-5.385587406154,-20.86843353221));
#1868 = CARTESIAN_POINT('',(-5.60998688141,-21.07970313077));
#1869 = CARTESIAN_POINT('',(-5.834386356667,-21.22656415923));
#1870 = CARTESIAN_POINT('',(-6.058785831923,-21.3));
#1871 = CARTESIAN_POINT('',(-6.28318530718,-21.3));
#1872 = ( GEOMETRIC_REPRESENTATION_CONTEXT(2) 
PARAMETRIC_REPRESENTATION_CONTEXT() REPRESENTATION_CONTEXT('2D SPACE',''
  ) );
#1873 = ADVANCED_FACE('',(#1874),#904,.F.);
#1874 = FACE_BOUND('',#1875,.T.);
#1875 = EDGE_LOOP('',(#1876,#1910,#1933,#1960,#1961,#1962,#1963));
#1876 = ORIENTED_EDGE('',*,*,#1877,.T.);
#1877 = EDGE_CURVE('',#1878,#883,#1880,.T.);
#1878 = VERTEX_POINT('',#1879);
#1879 = CARTESIAN_POINT('',(41.250000000001,41.25,120.));
#1880 = SURFACE_CURVE('',#1881,(#1886,#1898),.PCURVE_S1.);
#1881 = ELLIPSE('',#1882,1.767766952966,1.25);
#1882 = AXIS2_PLACEMENT_3D('',#1883,#1884,#1885);
#1883 = CARTESIAN_POINT('',(40.,40.,120.));
#1884 = DIRECTION('',(0.707106781187,-0.707106781187,0.));
#1885 = DIRECTION('',(-0.707106781187,-0.707106781187,0.));
#1886 = PCURVE('',#904,#1887);
#1887 = DEFINITIONAL_REPRESENTATION('',(#1888),#1897);
#1888 = B_SPLINE_CURVE_WITH_KNOTS('',7,(#1889,#1890,#1891,#1892,#1893,
    #1894,#1895,#1896),.UNSPECIFIED.,.F.,.F.,(8,8),(3.14159265359,
    4.712388980385),.PIECEWISE_BEZIER_KNOTS.);
#1889 = CARTESIAN_POINT('',(-1.570796326795,-21.3));
#1890 = CARTESIAN_POINT('',(-1.346396851538,-21.3));
#1891 = CARTESIAN_POINT('',(-1.121997376282,-21.22656415923));
#1892 = CARTESIAN_POINT('',(-0.897597901025,-21.07970313079));
#1893 = CARTESIAN_POINT('',(-0.673198425769,-20.8684335322));
#1894 = CARTESIAN_POINT('',(-0.448798950513,-20.61099754915));
#1895 = CARTESIAN_POINT('',(-0.224399475256,-20.33049934407));
#1896 = CARTESIAN_POINT('',(0.,-20.05));
#1897 = ( GEOMETRIC_REPRESENTATION_CONTEXT(2) 
PARAMETRIC_REPRESENTATION_CONTEXT() REPRESENTATION_CONTEXT('2D SPACE',''
  ) );
#1898 = PCURVE('',#1503,#1899);
#1899 = DEFINITIONAL_REPRESENTATION('',(#1900),#1909);
#1900 = B_SPLINE_CURVE_WITH_KNOTS('',7,(#1901,#1902,#1903,#1904,#1905,
    #1906,#1907,#1908),.UNSPECIFIED.,.F.,.F.,(8,8),(3.14159265359,
    4.712388980385),.PIECEWISE_BEZIER_KNOTS.);
#1901 = CARTESIAN_POINT('',(0.,-21.3));
#1902 = CARTESIAN_POINT('',(-0.224399475256,-21.3));
#1903 = CARTESIAN_POINT('',(-0.448798950513,-21.22656415923));
#1904 = CARTESIAN_POINT('',(-0.673198425769,-21.07970313079));
#1905 = CARTESIAN_POINT('',(-0.897597901026,-20.8684335322));
#1906 = CARTESIAN_POINT('',(-1.121997376282,-20.61099754915));
#1907 = CARTESIAN_POINT('',(-1.346396851538,-20.33049934407));
#1908 = CARTESIAN_POINT('',(-1.570796326795,-20.05));
#1909 = ( GEOMETRIC_REPRESENTATION_CONTEXT(2) 
PARAMETRIC_REPRESENTATION_CONTEXT() REPRESENTATION_CONTEXT('2D SPACE',''
  ) );
#1910 = ORIENTED_EDGE('',*,*,#1911,.T.);
#1911 = EDGE_CURVE('',#883,#1912,#1914,.T.);
#1912 = VERTEX_POINT('',#1913);
#1913 = CARTESIAN_POINT('',(40.,51.05,121.25));
#1914 = SEAM_CURVE('',#1915,(#1919,#1926),.PCURVE_S1.);
#1915 = LINE('',#1916,#1917);
#1916 = CARTESIAN_POINT('',(40.,19.95,121.25));
#1917 = VECTOR('',#1918,1.);
#1918 = DIRECTION('',(0.,1.,0.));
#1919 = PCURVE('',#904,#1920);
#1920 = DEFINITIONAL_REPRESENTATION('',(#1921),#1925);
#1921 = LINE('',#1922,#1923);
#1922 = CARTESIAN_POINT('',(-6.28318530718,0.));
#1923 = VECTOR('',#1924,1.);
#1924 = DIRECTION('',(-0.,-1.));
#1925 = ( GEOMETRIC_REPRESENTATION_CONTEXT(2) 
PARAMETRIC_REPRESENTATION_CONTEXT() REPRESENTATION_CONTEXT('2D SPACE',''
  ) );
#1926 = PCURVE('',#904,#1927);
#1927 = DEFINITIONAL_REPRESENTATION('',(#1928),#1932);
#1928 = LINE('',#1929,#1930);
#1929 = CARTESIAN_POINT('',(-0.,0.));
#1930 = VECTOR('',#1931,1.);
#1931 = DIRECTION('',(-0.,-1.));
#1932 = ( GEOMETRIC_REPRESENTATION_CONTEXT(2) 
PARAMETRIC_REPRESENTATION_CONTEXT() REPRESENTATION_CONTEXT('2D SPACE',''
  ) );
#1933 = ORIENTED_EDGE('',*,*,#1934,.T.);
#1934 = EDGE_CURVE('',#1912,#1912,#1935,.T.);
#1935 = SURFACE_CURVE('',#1936,(#1941,#1948),.PCURVE_S1.);
#1936 = CIRCLE('',#1937,1.25);
#1937 = AXIS2_PLACEMENT_3D('',#1938,#1939,#1940);
#1938 = CARTESIAN_POINT('',(40.,51.05,120.));
#1939 = DIRECTION('',(0.,1.,0.));
#1940 = DIRECTION('',(0.,0.,1.));
#1941 = PCURVE('',#904,#1942);
#1942 = DEFINITIONAL_REPRESENTATION('',(#1943),#1947);
#1943 = LINE('',#1944,#1945);
#1944 = CARTESIAN_POINT('',(-0.,-31.1));
#1945 = VECTOR('',#1946,1.);
#1946 = DIRECTION('',(-1.,0.));
#1947 = ( GEOMETRIC_REPRESENTATION_CONTEXT(2) 
PARAMETRIC_REPRESENTATION_CONTEXT() REPRESENTATION_CONTEXT('2D SPACE',''
  ) );
#1948 = PCURVE('',#1949,#1954);
#1949 = PLANE('',#1950);
#1950 = AXIS2_PLACEMENT_3D('',#1951,#1952,#1953);
#1951 = CARTESIAN_POINT('',(40.,51.05,120.));
#1952 = DIRECTION('',(0.,1.,0.));
#1953 = DIRECTION('',(0.,-0.,1.));
#1954 = DEFINITIONAL_REPRESENTATION('',(#1955),#1959);
#1955 = CIRCLE('',#1956,1.25);
#1956 = AXIS2_PLACEMENT_2D('',#1957,#1958);
#1957 = CARTESIAN_POINT('',(1.42108547152E-14,0.));
#1958 = DIRECTION('',(1.,0.));
#1959 = ( GEOMETRIC_REPRESENTATION_CONTEXT(2) 
PARAMETRIC_REPRESENTATION_CONTEXT() REPRESENTATION_CONTEXT('2D SPACE',''
  ) );
#1960 = ORIENTED_EDGE('',*,*,#1911,.F.);
#1961 = ORIENTED_EDGE('',*,*,#882,.T.);
#1962 = ORIENTED_EDGE('',*,*,#989,.T.);
#1963 = ORIENTED_EDGE('',*,*,#1964,.T.);
#1964 = EDGE_CURVE('',#956,#1878,#1965,.T.);
#1965 = SURFACE_CURVE('',#1966,(#1971,#1983),.PCURVE_S1.);
#1966 = ELLIPSE('',#1967,1.767766952966,1.25);
#1967 = AXIS2_PLACEMENT_3D('',#1968,#1969,#1970);
#1968 = CARTESIAN_POINT('',(40.,40.,120.));
#1969 = DIRECTION('',(0.707106781187,-0.707106781187,0.));
#1970 = DIRECTION('',(-0.707106781187,-0.707106781187,0.));
#1971 = PCURVE('',#904,#1972);
#1972 = DEFINITIONAL_REPRESENTATION('',(#1973),#1982);
#1973 = B_SPLINE_CURVE_WITH_KNOTS('',7,(#1974,#1975,#1976,#1977,#1978,
    #1979,#1980,#1981),.UNSPECIFIED.,.F.,.F.,(8,8),(1.570796326795,
    3.14159265359),.PIECEWISE_BEZIER_KNOTS.);
#1974 = CARTESIAN_POINT('',(-3.14159265359,-20.05));
#1975 = CARTESIAN_POINT('',(-2.917193178333,-20.33049934407));
#1976 = CARTESIAN_POINT('',(-2.692793703077,-20.61099754914));
#1977 = CARTESIAN_POINT('',(-2.468394227823,-20.86843353221));
#1978 = CARTESIAN_POINT('',(-2.243994752564,-21.07970313077));
#1979 = CARTESIAN_POINT('',(-2.019595277308,-21.22656415923));
#1980 = CARTESIAN_POINT('',(-1.795195802051,-21.3));
#1981 = CARTESIAN_POINT('',(-1.570796326795,-21.3));
#1982 = ( GEOMETRIC_REPRESENTATION_CONTEXT(2) 
PARAMETRIC_REPRESENTATION_CONTEXT() REPRESENTATION_CONTEXT('2D SPACE',''
  ) );
#1983 = PCURVE('',#1503,#1984);
#1984 = DEFINITIONAL_REPRESENTATION('',(#1985),#1994);
#1985 = B_SPLINE_CURVE_WITH_KNOTS('',7,(#1986,#1987,#1988,#1989,#1990,
    #1991,#1992,#1993),.UNSPECIFIED.,.F.,.F.,(8,8),(1.570796326795,
    3.14159265359),.PIECEWISE_BEZIER_KNOTS.);
#1986 = CARTESIAN_POINT('',(-4.712388980385,-20.05));
#1987 = CARTESIAN_POINT('',(-4.936788455641,-20.33049934407));
#1988 = CARTESIAN_POINT('',(-5.161187930897,-20.61099754914));
#1989 = CARTESIAN_POINT('',(-5.385587406154,-20.86843353221));
#1990 = CARTESIAN_POINT('',(-5.60998688141,-21.07970313077));
#1991 = CARTESIAN_POINT('',(-5.834386356667,-21.22656415923));
#1992 = CARTESIAN_POINT('',(-6.058785831923,-21.3));
#1993 = CARTESIAN_POINT('',(-6.28318530718,-21.3));
#1994 = ( GEOMETRIC_REPRESENTATION_CONTEXT(2) 
PARAMETRIC_REPRESENTATION_CONTEXT() REPRESENTATION_CONTEXT('2D SPACE',''
  ) );
#1995 = ADVANCED_FACE('',(#1996),#1071,.F.);
#1996 = FACE_BOUND('',#1997,.T.);
#1997 = EDGE_LOOP('',(#1998,#2032,#2055,#2082,#2083,#2084,#2085));
#1998 = ORIENTED_EDGE('',*,*,#1999,.T.);
#1999 = EDGE_CURVE('',#2000,#1050,#2002,.T.);
#2000 = VERTEX_POINT('',#2001);
#2001 = CARTESIAN_POINT('',(41.249999999999,41.25,170.));
#2002 = SURFACE_CURVE('',#2003,(#2008,#2020),.PCURVE_S1.);
#2003 = ELLIPSE('',#2004,1.767766952966,1.25);
#2004 = AXIS2_PLACEMENT_3D('',#2005,#2006,#2007);
#2005 = CARTESIAN_POINT('',(40.,40.,170.));
#2006 = DIRECTION('',(0.707106781187,-0.707106781187,0.));
#2007 = DIRECTION('',(-0.707106781187,-0.707106781187,0.));
#2008 = PCURVE('',#1071,#2009);
#2009 = DEFINITIONAL_REPRESENTATION('',(#2010),#2019);
#2010 = B_SPLINE_CURVE_WITH_KNOTS('',7,(#2011,#2012,#2013,#2014,#2015,
    #2016,#2017,#2018),.UNSPECIFIED.,.F.,.F.,(8,8),(3.14159265359,
    4.712388980385),.PIECEWISE_BEZIER_KNOTS.);
#2011 = CARTESIAN_POINT('',(-1.570796326795,-21.3));
#2012 = CARTESIAN_POINT('',(-1.346396851538,-21.3));
#2013 = CARTESIAN_POINT('',(-1.121997376282,-21.22656415923));
#2014 = CARTESIAN_POINT('',(-0.897597901026,-21.07970313079));
#2015 = CARTESIAN_POINT('',(-0.673198425769,-20.8684335322));
#2016 = CARTESIAN_POINT('',(-0.448798950513,-20.61099754915));
#2017 = CARTESIAN_POINT('',(-0.224399475256,-20.33049934407));
#2018 = CARTESIAN_POINT('',(0.,-20.05));
#2019 = ( GEOMETRIC_REPRESENTATION_CONTEXT(2) 
PARAMETRIC_REPRESENTATION_CONTEXT() REPRESENTATION_CONTEXT('2D SPACE',''
  ) );
#2020 = PCURVE('',#1602,#2021);
#2021 = DEFINITIONAL_REPRESENTATION('',(#2022),#2031);
#2022 = B_SPLINE_CURVE_WITH_KNOTS('',7,(#2023,#2024,#2025,#2026,#2027,
    #2028,#2029,#2030),.UNSPECIFIED.,.F.,.F.,(8,8),(3.14159265359,
    4.712388980385),.PIECEWISE_BEZIER_KNOTS.);
#2023 = CARTESIAN_POINT('',(0.,-21.3));
#2024 = CARTESIAN_POINT('',(-0.224399475256,-21.3));
#2025 = CARTESIAN_POINT('',(-0.448798950513,-21.22656415923));
#2026 = CARTESIAN_POINT('',(-0.673198425769,-21.07970313079));
#2027 = CARTESIAN_POINT('',(-0.897597901026,-20.8684335322));
#2028 = CARTESIAN_POINT('',(-1.121997376282,-20.61099754915));
#2029 = CARTESIAN_POINT('',(-1.346396851538,-20.33049934407));
#2030 = CARTESIAN_POINT('',(-1.570796326795,-20.05));
#2031 = ( GEOMETRIC_REPRESENTATION_CONTEXT(2) 
PARAMETRIC_REPRESENTATION_CONTEXT() REPRESENTATION_CONTEXT('2D SPACE',''
  ) );
#2032 = ORIENTED_EDGE('',*,*,#2033,.T.);
#2033 = EDGE_CURVE('',#1050,#2034,#2036,.T.);
#2034 = VERTEX_POINT('',#2035);
#2035 = CARTESIAN_POINT('',(40.,51.05,171.25));
#2036 = SEAM_CURVE('',#2037,(#2041,#2048),.PCURVE_S1.);
#2037 = LINE('',#2038,#2039);
#2038 = CARTESIAN_POINT('',(40.,19.95,171.25));
#2039 = VECTOR('',#2040,1.);
#2040 = DIRECTION('',(0.,1.,0.));
#2041 = PCURVE('',#1071,#2042);
#2042 = DEFINITIONAL_REPRESENTATION('',(#2043),#2047);
#2043 = LINE('',#2044,#2045);
#2044 = CARTESIAN_POINT('',(-6.28318530718,0.));
#2045 = VECTOR('',#2046,1.);
#2046 = DIRECTION('',(-0.,-1.));
#2047 = ( GEOMETRIC_REPRESENTATION_CONTEXT(2) 
PARAMETRIC_REPRESENTATION_CONTEXT() REPRESENTATION_CONTEXT('2D SPACE',''
  ) );
#2048 = PCURVE('',#1071,#2049);
#2049 = DEFINITIONAL_REPRESENTATION('',(#2050),#2054);
#2050 = LINE('',#2051,#2052);
#2051 = CARTESIAN_POINT('',(-0.,0.));
#2052 = VECTOR('',#2053,1.);
#2053 = DIRECTION('',(-0.,-1.));
#2054 = ( GEOMETRIC_REPRESENTATION_CONTEXT(2) 
PARAMETRIC_REPRESENTATION_CONTEXT() REPRESENTATION_CONTEXT('2D SPACE',''
  ) );
#2055 = ORIENTED_EDGE('',*,*,#2056,.T.);
#2056 = EDGE_CURVE('',#2034,#2034,#2057,.T.);
#2057 = SURFACE_CURVE('',#2058,(#2063,#2070),.PCURVE_S1.);
#2058 = CIRCLE('',#2059,1.25);
#2059 = AXIS2_PLACEMENT_3D('',#2060,#2061,#2062);
#2060 = CARTESIAN_POINT('',(40.,51.05,170.));
#2061 = DIRECTION('',(0.,1.,0.));
#2062 = DIRECTION('',(0.,0.,1.));
#2063 = PCURVE('',#1071,#2064);
#2064 = DEFINITIONAL_REPRESENTATION('',(#2065),#2069);
#2065 = LINE('',#2066,#2067);
#2066 = CARTESIAN_POINT('',(-0.,-31.1));
#2067 = VECTOR('',#2068,1.);
#2068 = DIRECTION('',(-1.,0.));
#2069 = ( GEOMETRIC_REPRESENTATION_CONTEXT(2) 
PARAMETRIC_REPRESENTATION_CONTEXT() REPRESENTATION_CONTEXT('2D SPACE',''
  ) );
#2070 = PCURVE('',#2071,#2076);
#2071 = PLANE('',#2072);
#2072 = AXIS2_PLACEMENT_3D('',#2073,#2074,#2075);
#2073 = CARTESIAN_POINT('',(40.,51.05,170.));
#2074 = DIRECTION('',(0.,1.,0.));
#2075 = DIRECTION('',(0.,-0.,1.));
#2076 = DEFINITIONAL_REPRESENTATION('',(#2077),#2081);
#2077 = CIRCLE('',#2078,1.25);
#2078 = AXIS2_PLACEMENT_2D('',#2079,#2080);
#2079 = CARTESIAN_POINT('',(-2.84217094304E-14,0.));
#2080 = DIRECTION('',(1.,0.));
#2081 = ( GEOMETRIC_REPRESENTATION_CONTEXT(2) 
PARAMETRIC_REPRESENTATION_CONTEXT() REPRESENTATION_CONTEXT('2D SPACE',''
  ) );
#2082 = ORIENTED_EDGE('',*,*,#2033,.F.);
#2083 = ORIENTED_EDGE('',*,*,#1049,.T.);
#2084 = ORIENTED_EDGE('',*,*,#1156,.T.);
#2085 = ORIENTED_EDGE('',*,*,#2086,.T.);
#2086 = EDGE_CURVE('',#1123,#2000,#2087,.T.);
#2087 = SURFACE_CURVE('',#2088,(#2093,#2105),.PCURVE_S1.);
#2088 = ELLIPSE('',#2089,1.767766952966,1.25);
#2089 = AXIS2_PLACEMENT_3D('',#2090,#2091,#2092);
#2090 = CARTESIAN_POINT('',(40.,40.,170.));
#2091 = DIRECTION('',(0.707106781187,-0.707106781187,0.));
#2092 = DIRECTION('',(-0.707106781187,-0.707106781187,0.));
#2093 = PCURVE('',#1071,#2094);
#2094 = DEFINITIONAL_REPRESENTATION('',(#2095),#2104);
#2095 = B_SPLINE_CURVE_WITH_KNOTS('',7,(#2096,#2097,#2098,#2099,#2100,
    #2101,#2102,#2103),.UNSPECIFIED.,.F.,.F.,(8,8),(1.570796326795,
    3.14159265359),.PIECEWISE_BEZIER_KNOTS.);
#2096 = CARTESIAN_POINT('',(-3.14159265359,-20.05));
#2097 = CARTESIAN_POINT('',(-2.917193178333,-20.33049934407));
#2098 = CARTESIAN_POINT('',(-2.692793703077,-20.61099754914));
#2099 = CARTESIAN_POINT('',(-2.468394227821,-20.86843353221));
#2100 = CARTESIAN_POINT('',(-2.243994752564,-21.07970313077));
#2101 = CARTESIAN_POINT('',(-2.019595277308,-21.22656415923));
#2102 = CARTESIAN_POINT('',(-1.795195802051,-21.3));
#2103 = CARTESIAN_POINT('',(-1.570796326795,-21.3));
#2104 = ( GEOMETRIC_REPRESENTATION_CONTEXT(2) 
PARAMETRIC_REPRESENTATION_CONTEXT() REPRESENTATION_CONTEXT('2D SPACE',''
  ) );
#2105 = PCURVE('',#1602,#2106);
#2106 = DEFINITIONAL_REPRESENTATION('',(#2107),#2116);
#2107 = B_SPLINE_CURVE_WITH_KNOTS('',7,(#2108,#2109,#2110,#2111,#2112,
    #2113,#2114,#2115),.UNSPECIFIED.,.F.,.F.,(8,8),(1.570796326795,
    3.14159265359),.PIECEWISE_BEZIER_KNOTS.);
#2108 = CARTESIAN_POINT('',(-4.712388980385,-20.05));
#2109 = CARTESIAN_POINT('',(-4.936788455641,-20.33049934407));
#2110 = CARTESIAN_POINT('',(-5.161187930898,-20.61099754914));
#2111 = CARTESIAN_POINT('',(-5.385587406154,-20.86843353221));
#2112 = CARTESIAN_POINT('',(-5.60998688141,-21.07970313077));
#2113 = CARTESIAN_POINT('',(-5.834386356667,-21.22656415923));
#2114 = CARTESIAN_POINT('',(-6.058785831923,-21.3));
#2115 = CARTESIAN_POINT('',(-6.28318530718,-21.3));
#2116 = ( GEOMETRIC_REPRESENTATION_CONTEXT(2) 
PARAMETRIC_REPRESENTATION_CONTEXT() REPRESENTATION_CONTEXT('2D SPACE',''
  ) );
#2117 = ADVANCED_FACE('',(#2118),#1238,.F.);
#2118 = FACE_BOUND('',#2119,.T.);
#2119 = EDGE_LOOP('',(#2120,#2154,#2177,#2204,#2205,#2206,#2207));
#2120 = ORIENTED_EDGE('',*,*,#2121,.T.);
#2121 = EDGE_CURVE('',#2122,#1217,#2124,.T.);
#2122 = VERTEX_POINT('',#2123);
#2123 = CARTESIAN_POINT('',(41.249999999999,41.25,265.));
#2124 = SURFACE_CURVE('',#2125,(#2130,#2142),.PCURVE_S1.);
#2125 = ELLIPSE('',#2126,1.767766952966,1.25);
#2126 = AXIS2_PLACEMENT_3D('',#2127,#2128,#2129);
#2127 = CARTESIAN_POINT('',(40.,40.,265.));
#2128 = DIRECTION('',(0.707106781187,-0.707106781187,0.));
#2129 = DIRECTION('',(-0.707106781187,-0.707106781187,0.));
#2130 = PCURVE('',#1238,#2131);
#2131 = DEFINITIONAL_REPRESENTATION('',(#2132),#2141);
#2132 = B_SPLINE_CURVE_WITH_KNOTS('',7,(#2133,#2134,#2135,#2136,#2137,
    #2138,#2139,#2140),.UNSPECIFIED.,.F.,.F.,(8,8),(3.14159265359,
    4.712388980385),.PIECEWISE_BEZIER_KNOTS.);
#2133 = CARTESIAN_POINT('',(-1.570796326795,-21.3));
#2134 = CARTESIAN_POINT('',(-1.346396851538,-21.3));
#2135 = CARTESIAN_POINT('',(-1.121997376282,-21.22656415923));
#2136 = CARTESIAN_POINT('',(-0.897597901026,-21.07970313079));
#2137 = CARTESIAN_POINT('',(-0.673198425769,-20.8684335322));
#2138 = CARTESIAN_POINT('',(-0.448798950513,-20.61099754915));
#2139 = CARTESIAN_POINT('',(-0.224399475256,-20.33049934407));
#2140 = CARTESIAN_POINT('',(0.,-20.05));
#2141 = ( GEOMETRIC_REPRESENTATION_CONTEXT(2) 
PARAMETRIC_REPRESENTATION_CONTEXT() REPRESENTATION_CONTEXT('2D SPACE',''
  ) );
#2142 = PCURVE('',#1701,#2143);
#2143 = DEFINITIONAL_REPRESENTATION('',(#2144),#2153);
#2144 = B_SPLINE_CURVE_WITH_KNOTS('',7,(#2145,#2146,#2147,#2148,#2149,
    #2150,#2151,#2152),.UNSPECIFIED.,.F.,.F.,(8,8),(3.14159265359,
    4.712388980385),.PIECEWISE_BEZIER_KNOTS.);
#2145 = CARTESIAN_POINT('',(0.,-21.3));
#2146 = CARTESIAN_POINT('',(-0.224399475256,-21.3));
#2147 = CARTESIAN_POINT('',(-0.448798950513,-21.22656415923));
#2148 = CARTESIAN_POINT('',(-0.673198425769,-21.07970313079));
#2149 = CARTESIAN_POINT('',(-0.897597901026,-20.8684335322));
#2150 = CARTESIAN_POINT('',(-1.121997376282,-20.61099754915));
#2151 = CARTESIAN_POINT('',(-1.346396851538,-20.33049934407));
#2152 = CARTESIAN_POINT('',(-1.570796326795,-20.05));
#2153 = ( GEOMETRIC_REPRESENTATION_CONTEXT(2) 
PARAMETRIC_REPRESENTATION_CONTEXT() REPRESENTATION_CONTEXT('2D SPACE',''
  ) );
#2154 = ORIENTED_EDGE('',*,*,#2155,.T.);
#2155 = EDGE_CURVE('',#1217,#2156,#2158,.T.);
#2156 = VERTEX_POINT('',#2157);
#2157 = CARTESIAN_POINT('',(40.,51.05,266.25));
#2158 = SEAM_CURVE('',#2159,(#2163,#2170),.PCURVE_S1.);
#2159 = LINE('',#2160,#2161);
#2160 = CARTESIAN_POINT('',(40.,19.95,266.25));
#2161 = VECTOR('',#2162,1.);
#2162 = DIRECTION('',(0.,1.,0.));
#2163 = PCURVE('',#1238,#2164);
#2164 = DEFINITIONAL_REPRESENTATION('',(#2165),#2169);
#2165 = LINE('',#2166,#2167);
#2166 = CARTESIAN_POINT('',(-6.28318530718,0.));
#2167 = VECTOR('',#2168,1.);
#2168 = DIRECTION('',(-0.,-1.));
#2169 = ( GEOMETRIC_REPRESENTATION_CONTEXT(2) 
PARAMETRIC_REPRESENTATION_CONTEXT() REPRESENTATION_CONTEXT('2D SPACE',''
  ) );
#2170 = PCURVE('',#1238,#2171);
#2171 = DEFINITIONAL_REPRESENTATION('',(#2172),#2176);
#2172 = LINE('',#2173,#2174);
#2173 = CARTESIAN_POINT('',(-0.,0.));
#2174 = VECTOR('',#2175,1.);
#2175 = DIRECTION('',(-0.,-1.));
#2176 = ( GEOMETRIC_REPRESENTATION_CONTEXT(2) 
PARAMETRIC_REPRESENTATION_CONTEXT() REPRESENTATION_CONTEXT('2D SPACE',''
  ) );
#2177 = ORIENTED_EDGE('',*,*,#2178,.T.);
#2178 = EDGE_CURVE('',#2156,#2156,#2179,.T.);
#2179 = SURFACE_CURVE('',#2180,(#2185,#2192),.PCURVE_S1.);
#2180 = CIRCLE('',#2181,1.25);
#2181 = AXIS2_PLACEMENT_3D('',#2182,#2183,#2184);
#2182 = CARTESIAN_POINT('',(40.,51.05,265.));
#2183 = DIRECTION('',(0.,1.,0.));
#2184 = DIRECTION('',(0.,0.,1.));
#2185 = PCURVE('',#1238,#2186);
#2186 = DEFINITIONAL_REPRESENTATION('',(#2187),#2191);
#2187 = LINE('',#2188,#2189);
#2188 = CARTESIAN_POINT('',(-0.,-31.1));
#2189 = VECTOR('',#2190,1.);
#2190 = DIRECTION('',(-1.,0.));
#2191 = ( GEOMETRIC_REPRESENTATION_CONTEXT(2) 
PARAMETRIC_REPRESENTATION_CONTEXT() REPRESENTATION_CONTEXT('2D SPACE',''
  ) );
#2192 = PCURVE('',#2193,#2198);
#2193 = PLANE('',#2194);
#2194 = AXIS2_PLACEMENT_3D('',#2195,#2196,#2197);
#2195 = CARTESIAN_POINT('',(40.,51.05,265.));
#2196 = DIRECTION('',(0.,1.,0.));
#2197 = DIRECTION('',(0.,-0.,1.));
#2198 = DEFINITIONAL_REPRESENTATION('',(#2199),#2203);
#2199 = CIRCLE('',#2200,1.25);
#2200 = AXIS2_PLACEMENT_2D('',#2201,#2202);
#2201 = CARTESIAN_POINT('',(0.,0.));
#2202 = DIRECTION('',(1.,0.));
#2203 = ( GEOMETRIC_REPRESENTATION_CONTEXT(2) 
PARAMETRIC_REPRESENTATION_CONTEXT() REPRESENTATION_CONTEXT('2D SPACE',''
  ) );
#2204 = ORIENTED_EDGE('',*,*,#2155,.F.);
#2205 = ORIENTED_EDGE('',*,*,#1216,.T.);
#2206 = ORIENTED_EDGE('',*,*,#1323,.T.);
#2207 = ORIENTED_EDGE('',*,*,#2208,.T.);
#2208 = EDGE_CURVE('',#1290,#2122,#2209,.T.);
#2209 = SURFACE_CURVE('',#2210,(#2215,#2227),.PCURVE_S1.);
#2210 = ELLIPSE('',#2211,1.767766952966,1.25);
#2211 = AXIS2_PLACEMENT_3D('',#2212,#2213,#2214);
#2212 = CARTESIAN_POINT('',(40.,40.,265.));
#2213 = DIRECTION('',(0.707106781187,-0.707106781187,0.));
#2214 = DIRECTION('',(-0.707106781187,-0.707106781187,0.));
#2215 = PCURVE('',#1238,#2216);
#2216 = DEFINITIONAL_REPRESENTATION('',(#2217),#2226);
#2217 = B_SPLINE_CURVE_WITH_KNOTS('',7,(#2218,#2219,#2220,#2221,#2222,
    #2223,#2224,#2225),.UNSPECIFIED.,.F.,.F.,(8,8),(1.570796326795,
    3.14159265359),.PIECEWISE_BEZIER_KNOTS.);
#2218 = CARTESIAN_POINT('',(-3.14159265359,-20.05));
#2219 = CARTESIAN_POINT('',(-2.917193178333,-20.33049934407));
#2220 = CARTESIAN_POINT('',(-2.692793703077,-20.61099754914));
#2221 = CARTESIAN_POINT('',(-2.46839422782,-20.86843353221));
#2222 = CARTESIAN_POINT('',(-2.243994752565,-21.07970313077));
#2223 = CARTESIAN_POINT('',(-2.019595277308,-21.22656415923));
#2224 = CARTESIAN_POINT('',(-1.795195802051,-21.3));
#2225 = CARTESIAN_POINT('',(-1.570796326795,-21.3));
#2226 = ( GEOMETRIC_REPRESENTATION_CONTEXT(2) 
PARAMETRIC_REPRESENTATION_CONTEXT() REPRESENTATION_CONTEXT('2D SPACE',''
  ) );
#2227 = PCURVE('',#1701,#2228);
#2228 = DEFINITIONAL_REPRESENTATION('',(#2229),#2238);
#2229 = B_SPLINE_CURVE_WITH_KNOTS('',7,(#2230,#2231,#2232,#2233,#2234,
    #2235,#2236,#2237),.UNSPECIFIED.,.F.,.F.,(8,8),(1.570796326795,
    3.14159265359),.PIECEWISE_BEZIER_KNOTS.);
#2230 = CARTESIAN_POINT('',(-4.712388980385,-20.05));
#2231 = CARTESIAN_POINT('',(-4.936788455641,-20.33049934407));
#2232 = CARTESIAN_POINT('',(-5.161187930898,-20.61099754914));
#2233 = CARTESIAN_POINT('',(-5.385587406154,-20.86843353221));
#2234 = CARTESIAN_POINT('',(-5.60998688141,-21.07970313077));
#2235 = CARTESIAN_POINT('',(-5.834386356667,-21.22656415923));
#2236 = CARTESIAN_POINT('',(-6.058785831923,-21.3));
#2237 = CARTESIAN_POINT('',(-6.28318530718,-21.3));
#2238 = ( GEOMETRIC_REPRESENTATION_CONTEXT(2) 
PARAMETRIC_REPRESENTATION_CONTEXT() REPRESENTATION_CONTEXT('2D SPACE',''
  ) );
#2239 = ADVANCED_FACE('',(#2240),#1404,.F.);
#2240 = FACE_BOUND('',#2241,.T.);
#2241 = EDGE_LOOP('',(#2242,#2243,#2266,#2293,#2294,#2295,#2296));
#2242 = ORIENTED_EDGE('',*,*,#1755,.F.);
#2243 = ORIENTED_EDGE('',*,*,#2244,.T.);
#2244 = EDGE_CURVE('',#1756,#2245,#2247,.T.);
#2245 = VERTEX_POINT('',#2246);
#2246 = CARTESIAN_POINT('',(51.05,41.25,25.));
#2247 = SEAM_CURVE('',#2248,(#2252,#2259),.PCURVE_S1.);
#2248 = LINE('',#2249,#2250);
#2249 = CARTESIAN_POINT('',(19.95,41.25,25.));
#2250 = VECTOR('',#2251,1.);
#2251 = DIRECTION('',(1.,0.,0.));
#2252 = PCURVE('',#1404,#2253);
#2253 = DEFINITIONAL_REPRESENTATION('',(#2254),#2258);
#2254 = LINE('',#2255,#2256);
#2255 = CARTESIAN_POINT('',(-6.28318530718,0.));
#2256 = VECTOR('',#2257,1.);
#2257 = DIRECTION('',(-0.,-1.));
#2258 = ( GEOMETRIC_REPRESENTATION_CONTEXT(2) 
PARAMETRIC_REPRESENTATION_CONTEXT() REPRESENTATION_CONTEXT('2D SPACE',''
  ) );
#2259 = PCURVE('',#1404,#2260);
#2260 = DEFINITIONAL_REPRESENTATION('',(#2261),#2265);
#2261 = LINE('',#2262,#2263);
#2262 = CARTESIAN_POINT('',(-0.,0.));
#2263 = VECTOR('',#2264,1.);
#2264 = DIRECTION('',(-0.,-1.));
#2265 = ( GEOMETRIC_REPRESENTATION_CONTEXT(2) 
PARAMETRIC_REPRESENTATION_CONTEXT() REPRESENTATION_CONTEXT('2D SPACE',''
  ) );
#2266 = ORIENTED_EDGE('',*,*,#2267,.T.);
#2267 = EDGE_CURVE('',#2245,#2245,#2268,.T.);
#2268 = SURFACE_CURVE('',#2269,(#2274,#2281),.PCURVE_S1.);
#2269 = CIRCLE('',#2270,1.25);
#2270 = AXIS2_PLACEMENT_3D('',#2271,#2272,#2273);
#2271 = CARTESIAN_POINT('',(51.05,40.,25.));
#2272 = DIRECTION('',(1.,0.,0.));
#2273 = DIRECTION('',(0.,1.,0.));
#2274 = PCURVE('',#1404,#2275);
#2275 = DEFINITIONAL_REPRESENTATION('',(#2276),#2280);
#2276 = LINE('',#2277,#2278);
#2277 = CARTESIAN_POINT('',(-0.,-31.1));
#2278 = VECTOR('',#2279,1.);
#2279 = DIRECTION('',(-1.,0.));
#2280 = ( GEOMETRIC_REPRESENTATION_CONTEXT(2) 
PARAMETRIC_REPRESENTATION_CONTEXT() REPRESENTATION_CONTEXT('2D SPACE',''
  ) );
#2281 = PCURVE('',#2282,#2287);
#2282 = PLANE('',#2283);
#2283 = AXIS2_PLACEMENT_3D('',#2284,#2285,#2286);
#2284 = CARTESIAN_POINT('',(51.05,40.,25.));
#2285 = DIRECTION('',(1.,0.,0.));
#2286 = DIRECTION('',(-0.,0.,1.));
#2287 = DEFINITIONAL_REPRESENTATION('',(#2288),#2292);
#2288 = CIRCLE('',#2289,1.25);
#2289 = AXIS2_PLACEMENT_2D('',#2290,#2291);
#2290 = CARTESIAN_POINT('',(0.,-7.105427357601E-15));
#2291 = DIRECTION('',(0.,-1.));
#2292 = ( GEOMETRIC_REPRESENTATION_CONTEXT(2) 
PARAMETRIC_REPRESENTATION_CONTEXT() REPRESENTATION_CONTEXT('2D SPACE',''
  ) );
#2293 = ORIENTED_EDGE('',*,*,#2244,.F.);
#2294 = ORIENTED_EDGE('',*,*,#1842,.F.);
#2295 = ORIENTED_EDGE('',*,*,#1421,.T.);
#2296 = ORIENTED_EDGE('',*,*,#1382,.T.);
#2297 = ADVANCED_FACE('',(#2298),#1503,.F.);
#2298 = FACE_BOUND('',#2299,.T.);
#2299 = EDGE_LOOP('',(#2300,#2301,#2324,#2351,#2352,#2353,#2354));
#2300 = ORIENTED_EDGE('',*,*,#1877,.F.);
#2301 = ORIENTED_EDGE('',*,*,#2302,.T.);
#2302 = EDGE_CURVE('',#1878,#2303,#2305,.T.);
#2303 = VERTEX_POINT('',#2304);
#2304 = CARTESIAN_POINT('',(51.05,41.25,120.));
#2305 = SEAM_CURVE('',#2306,(#2310,#2317),.PCURVE_S1.);
#2306 = LINE('',#2307,#2308);
#2307 = CARTESIAN_POINT('',(19.95,41.25,120.));
#2308 = VECTOR('',#2309,1.);
#2309 = DIRECTION('',(1.,0.,0.));
#2310 = PCURVE('',#1503,#2311);
#2311 = DEFINITIONAL_REPRESENTATION('',(#2312),#2316);
#2312 = LINE('',#2313,#2314);
#2313 = CARTESIAN_POINT('',(-6.28318530718,0.));
#2314 = VECTOR('',#2315,1.);
#2315 = DIRECTION('',(-0.,-1.));
#2316 = ( GEOMETRIC_REPRESENTATION_CONTEXT(2) 
PARAMETRIC_REPRESENTATION_CONTEXT() REPRESENTATION_CONTEXT('2D SPACE',''
  ) );
#2317 = PCURVE('',#1503,#2318);
#2318 = DEFINITIONAL_REPRESENTATION('',(#2319),#2323);
#2319 = LINE('',#2320,#2321);
#2320 = CARTESIAN_POINT('',(-0.,0.));
#2321 = VECTOR('',#2322,1.);
#2322 = DIRECTION('',(-0.,-1.));
#2323 = ( GEOMETRIC_REPRESENTATION_CONTEXT(2) 
PARAMETRIC_REPRESENTATION_CONTEXT() REPRESENTATION_CONTEXT('2D SPACE',''
  ) );
#2324 = ORIENTED_EDGE('',*,*,#2325,.T.);
#2325 = EDGE_CURVE('',#2303,#2303,#2326,.T.);
#2326 = SURFACE_CURVE('',#2327,(#2332,#2339),.PCURVE_S1.);
#2327 = CIRCLE('',#2328,1.25);
#2328 = AXIS2_PLACEMENT_3D('',#2329,#2330,#2331);
#2329 = CARTESIAN_POINT('',(51.05,40.,120.));
#2330 = DIRECTION('',(1.,0.,0.));
#2331 = DIRECTION('',(0.,1.,0.));
#2332 = PCURVE('',#1503,#2333);
#2333 = DEFINITIONAL_REPRESENTATION('',(#2334),#2338);
#2334 = LINE('',#2335,#2336);
#2335 = CARTESIAN_POINT('',(-0.,-31.1));
#2336 = VECTOR('',#2337,1.);
#2337 = DIRECTION('',(-1.,0.));
#2338 = ( GEOMETRIC_REPRESENTATION_CONTEXT(2) 
PARAMETRIC_REPRESENTATION_CONTEXT() REPRESENTATION_CONTEXT('2D SPACE',''
  ) );
#2339 = PCURVE('',#2340,#2345);
#2340 = PLANE('',#2341);
#2341 = AXIS2_PLACEMENT_3D('',#2342,#2343,#2344);
#2342 = CARTESIAN_POINT('',(51.05,40.,120.));
#2343 = DIRECTION('',(1.,0.,0.));
#2344 = DIRECTION('',(-0.,0.,1.));
#2345 = DEFINITIONAL_REPRESENTATION('',(#2346),#2350);
#2346 = CIRCLE('',#2347,1.25);
#2347 = AXIS2_PLACEMENT_2D('',#2348,#2349);
#2348 = CARTESIAN_POINT('',(0.,0.));
#2349 = DIRECTION('',(0.,-1.));
#2350 = ( GEOMETRIC_REPRESENTATION_CONTEXT(2) 
PARAMETRIC_REPRESENTATION_CONTEXT() REPRESENTATION_CONTEXT('2D SPACE',''
  ) );
#2351 = ORIENTED_EDGE('',*,*,#2302,.F.);
#2352 = ORIENTED_EDGE('',*,*,#1964,.F.);
#2353 = ORIENTED_EDGE('',*,*,#1520,.T.);
#2354 = ORIENTED_EDGE('',*,*,#1481,.T.);
#2355 = ADVANCED_FACE('',(#2356),#1602,.F.);
#2356 = FACE_BOUND('',#2357,.T.);
#2357 = EDGE_LOOP('',(#2358,#2359,#2382,#2409,#2410,#2411,#2412));
#2358 = ORIENTED_EDGE('',*,*,#1999,.F.);
#2359 = ORIENTED_EDGE('',*,*,#2360,.T.);
#2360 = EDGE_CURVE('',#2000,#2361,#2363,.T.);
#2361 = VERTEX_POINT('',#2362);
#2362 = CARTESIAN_POINT('',(51.05,41.25,170.));
#2363 = SEAM_CURVE('',#2364,(#2368,#2375),.PCURVE_S1.);
#2364 = LINE('',#2365,#2366);
#2365 = CARTESIAN_POINT('',(19.95,41.25,170.));
#2366 = VECTOR('',#2367,1.);
#2367 = DIRECTION('',(1.,0.,0.));
#2368 = PCURVE('',#1602,#2369);
#2369 = DEFINITIONAL_REPRESENTATION('',(#2370),#2374);
#2370 = LINE('',#2371,#2372);
#2371 = CARTESIAN_POINT('',(-6.28318530718,0.));
#2372 = VECTOR('',#2373,1.);
#2373 = DIRECTION('',(-0.,-1.));
#2374 = ( GEOMETRIC_REPRESENTATION_CONTEXT(2) 
PARAMETRIC_REPRESENTATION_CONTEXT() REPRESENTATION_CONTEXT('2D SPACE',''
  ) );
#2375 = PCURVE('',#1602,#2376);
#2376 = DEFINITIONAL_REPRESENTATION('',(#2377),#2381);
#2377 = LINE('',#2378,#2379);
#2378 = CARTESIAN_POINT('',(-0.,0.));
#2379 = VECTOR('',#2380,1.);
#2380 = DIRECTION('',(-0.,-1.));
#2381 = ( GEOMETRIC_REPRESENTATION_CONTEXT(2) 
PARAMETRIC_REPRESENTATION_CONTEXT() REPRESENTATION_CONTEXT('2D SPACE',''
  ) );
#2382 = ORIENTED_EDGE('',*,*,#2383,.T.);
#2383 = EDGE_CURVE('',#2361,#2361,#2384,.T.);
#2384 = SURFACE_CURVE('',#2385,(#2390,#2397),.PCURVE_S1.);
#2385 = CIRCLE('',#2386,1.25);
#2386 = AXIS2_PLACEMENT_3D('',#2387,#2388,#2389);
#2387 = CARTESIAN_POINT('',(51.05,40.,170.));
#2388 = DIRECTION('',(1.,0.,0.));
#2389 = DIRECTION('',(0.,1.,0.));
#2390 = PCURVE('',#1602,#2391);
#2391 = DEFINITIONAL_REPRESENTATION('',(#2392),#2396);
#2392 = LINE('',#2393,#2394);
#2393 = CARTESIAN_POINT('',(-0.,-31.1));
#2394 = VECTOR('',#2395,1.);
#2395 = DIRECTION('',(-1.,0.));
#2396 = ( GEOMETRIC_REPRESENTATION_CONTEXT(2) 
PARAMETRIC_REPRESENTATION_CONTEXT() REPRESENTATION_CONTEXT('2D SPACE',''
  ) );
#2397 = PCURVE('',#2398,#2403);
#2398 = PLANE('',#2399);
#2399 = AXIS2_PLACEMENT_3D('',#2400,#2401,#2402);
#2400 = CARTESIAN_POINT('',(51.05,40.,170.));
#2401 = DIRECTION('',(1.,0.,0.));
#2402 = DIRECTION('',(-0.,0.,1.));
#2403 = DEFINITIONAL_REPRESENTATION('',(#2404),#2408);
#2404 = CIRCLE('',#2405,1.25);
#2405 = AXIS2_PLACEMENT_2D('',#2406,#2407);
#2406 = CARTESIAN_POINT('',(0.,0.));
#2407 = DIRECTION('',(0.,-1.));
#2408 = ( GEOMETRIC_REPRESENTATION_CONTEXT(2) 
PARAMETRIC_REPRESENTATION_CONTEXT() REPRESENTATION_CONTEXT('2D SPACE',''
  ) );
#2409 = ORIENTED_EDGE('',*,*,#2360,.F.);
#2410 = ORIENTED_EDGE('',*,*,#2086,.F.);
#2411 = ORIENTED_EDGE('',*,*,#1619,.T.);
#2412 = ORIENTED_EDGE('',*,*,#1580,.T.);
#2413 = ADVANCED_FACE('',(#2414),#1701,.F.);
#2414 = FACE_BOUND('',#2415,.T.);
#2415 = EDGE_LOOP('',(#2416,#2417,#2440,#2467,#2468,#2469,#2470));
#2416 = ORIENTED_EDGE('',*,*,#2121,.F.);
#2417 = ORIENTED_EDGE('',*,*,#2418,.T.);
#2418 = EDGE_CURVE('',#2122,#2419,#2421,.T.);
#2419 = VERTEX_POINT('',#2420);
#2420 = CARTESIAN_POINT('',(51.05,41.25,265.));
#2421 = SEAM_CURVE('',#2422,(#2426,#2433),.PCURVE_S1.);
#2422 = LINE('',#2423,#2424);
#2423 = CARTESIAN_POINT('',(19.95,41.25,265.));
#2424 = VECTOR('',#2425,1.);
#2425 = DIRECTION('',(1.,0.,0.));
#2426 = PCURVE('',#1701,#2427);
#2427 = DEFINITIONAL_REPRESENTATION('',(#2428),#2432);
#2428 = LINE('',#2429,#2430);
#2429 = CARTESIAN_POINT('',(-6.28318530718,0.));
#2430 = VECTOR('',#2431,1.);
#2431 = DIRECTION('',(-0.,-1.));
#2432 = ( GEOMETRIC_REPRESENTATION_CONTEXT(2) 
PARAMETRIC_REPRESENTATION_CONTEXT() REPRESENTATION_CONTEXT('2D SPACE',''
  ) );
#2433 = PCURVE('',#1701,#2434);
#2434 = DEFINITIONAL_REPRESENTATION('',(#2435),#2439);
#2435 = LINE('',#2436,#2437);
#2436 = CARTESIAN_POINT('',(-0.,0.));
#2437 = VECTOR('',#2438,1.);
#2438 = DIRECTION('',(-0.,-1.));
#2439 = ( GEOMETRIC_REPRESENTATION_CONTEXT(2) 
PARAMETRIC_REPRESENTATION_CONTEXT() REPRESENTATION_CONTEXT('2D SPACE',''
  ) );
#2440 = ORIENTED_EDGE('',*,*,#2441,.T.);
#2441 = EDGE_CURVE('',#2419,#2419,#2442,.T.);
#2442 = SURFACE_CURVE('',#2443,(#2448,#2455),.PCURVE_S1.);
#2443 = CIRCLE('',#2444,1.25);
#2444 = AXIS2_PLACEMENT_3D('',#2445,#2446,#2447);
#2445 = CARTESIAN_POINT('',(51.05,40.,265.));
#2446 = DIRECTION('',(1.,0.,0.));
#2447 = DIRECTION('',(0.,1.,0.));
#2448 = PCURVE('',#1701,#2449);
#2449 = DEFINITIONAL_REPRESENTATION('',(#2450),#2454);
#2450 = LINE('',#2451,#2452);
#2451 = CARTESIAN_POINT('',(-0.,-31.1));
#2452 = VECTOR('',#2453,1.);
#2453 = DIRECTION('',(-1.,0.));
#2454 = ( GEOMETRIC_REPRESENTATION_CONTEXT(2) 
PARAMETRIC_REPRESENTATION_CONTEXT() REPRESENTATION_CONTEXT('2D SPACE',''
  ) );
#2455 = PCURVE('',#2456,#2461);
#2456 = PLANE('',#2457);
#2457 = AXIS2_PLACEMENT_3D('',#2458,#2459,#2460);
#2458 = CARTESIAN_POINT('',(51.05,40.,265.));
#2459 = DIRECTION('',(1.,0.,0.));
#2460 = DIRECTION('',(-0.,0.,1.));
#2461 = DEFINITIONAL_REPRESENTATION('',(#2462),#2466);
#2462 = CIRCLE('',#2463,1.25);
#2463 = AXIS2_PLACEMENT_2D('',#2464,#2465);
#2464 = CARTESIAN_POINT('',(0.,0.));
#2465 = DIRECTION('',(0.,-1.));
#2466 = ( GEOMETRIC_REPRESENTATION_CONTEXT(2) 
PARAMETRIC_REPRESENTATION_CONTEXT() REPRESENTATION_CONTEXT('2D SPACE',''
  ) );
#2467 = ORIENTED_EDGE('',*,*,#2418,.F.);
#2468 = ORIENTED_EDGE('',*,*,#2208,.F.);
#2469 = ORIENTED_EDGE('',*,*,#1718,.T.);
#2470 = ORIENTED_EDGE('',*,*,#1679,.T.);
#2471 = ADVANCED_FACE('',(#2472),#1827,.F.);
#2472 = FACE_BOUND('',#2473,.F.);
#2473 = EDGE_LOOP('',(#2474));
#2474 = ORIENTED_EDGE('',*,*,#1812,.T.);
#2475 = ADVANCED_FACE('',(#2476),#1949,.F.);
#2476 = FACE_BOUND('',#2477,.F.);
#2477 = EDGE_LOOP('',(#2478));
#2478 = ORIENTED_EDGE('',*,*,#1934,.T.);
#2479 = ADVANCED_FACE('',(#2480),#2071,.F.);
#2480 = FACE_BOUND('',#2481,.F.);
#2481 = EDGE_LOOP('',(#2482));
#2482 = ORIENTED_EDGE('',*,*,#2056,.T.);
#2483 = ADVANCED_FACE('',(#2484),#2193,.F.);
#2484 = FACE_BOUND('',#2485,.F.);
#2485 = EDGE_LOOP('',(#2486));
#2486 = ORIENTED_EDGE('',*,*,#2178,.T.);
#2487 = ADVANCED_FACE('',(#2488),#2282,.F.);
#2488 = FACE_BOUND('',#2489,.F.);
#2489 = EDGE_LOOP('',(#2490));
#2490 = ORIENTED_EDGE('',*,*,#2267,.T.);
#2491 = ADVANCED_FACE('',(#2492),#2340,.F.);
#2492 = FACE_BOUND('',#2493,.F.);
#2493 = EDGE_LOOP('',(#2494));
#2494 = ORIENTED_EDGE('',*,*,#2325,.T.);
#2495 = ADVANCED_FACE('',(#2496),#2398,.F.);
#2496 = FACE_BOUND('',#2497,.F.);
#2497 = EDGE_LOOP('',(#2498));
#2498 = ORIENTED_EDGE('',*,*,#2383,.T.);
#2499 = ADVANCED_FACE('',(#2500),#2456,.F.);
#2500 = FACE_BOUND('',#2501,.F.);
#2501 = EDGE_LOOP('',(#2502));
#2502 = ORIENTED_EDGE('',*,*,#2441,.T.);
#2503 = ( GEOMETRIC_REPRESENTATION_CONTEXT(3) 
GLOBAL_UNCERTAINTY_ASSIGNED_CONTEXT((#2507)) 
GLOBAL_UNIT_ASSIGNED_CONTEXT((#2504,#2505,#2506)) REPRESENTATION_CONTEXT
('Context #1','3D Context with UNIT and UNCERTAINTY') );
#2504 = ( LENGTH_UNIT() NAMED_UNIT(*) SI_UNIT(.MILLI.,.METRE.) );
#2505 = ( NAMED_UNIT(*) PLANE_ANGLE_UNIT() SI_UNIT($,.RADIAN.) );
#2506 = ( NAMED_UNIT(*) SI_UNIT($,.STERADIAN.) SOLID_ANGLE_UNIT() );
#2507 = UNCERTAINTY_MEASURE_WITH_UNIT(LENGTH_MEASURE(1.E-07),#2504,
  'distance_accuracy_value','confusion accuracy');
#2508 = CONTEXT_DEPENDENT_SHAPE_REPRESENTATION(#2509,#2511);
#2509 = ( REPRESENTATION_RELATIONSHIP('','',#76,#10) 
REPRESENTATION_RELATIONSHIP_WITH_TRANSFORMATION(#2510) 
SHAPE_REPRESENTATION_RELATIONSHIP() );
#2510 = ITEM_DEFINED_TRANSFORMATION('','',#11,#15);
#2511 = PRODUCT_DEFINITION_SHAPE('Placement','Placement of an item',
  #2512);
#2512 = NEXT_ASSEMBLY_USAGE_OCCURRENCE('1','post_fl','',#5,#71,$);
#2513 = PRODUCT_RELATED_PRODUCT_CATEGORY('part',$,(#73));
#2514 = SHAPE_DEFINITION_REPRESENTATION(#2515,#2521);
#2515 = PRODUCT_DEFINITION_SHAPE('','',#2516);
#2516 = PRODUCT_DEFINITION('design','',#2517,#2520);
#2517 = PRODUCT_DEFINITION_FORMATION('','',#2518);
#2518 = PRODUCT('post_fr','post_fr','',(#2519));
#2519 = PRODUCT_CONTEXT('',#2,'mechanical');
#2520 = PRODUCT_DEFINITION_CONTEXT('part definition',#2,'design');
#2521 = ADVANCED_BREP_SHAPE_REPRESENTATION('',(#11,#2522),#4932);
#2522 = MANIFOLD_SOLID_BREP('',#2523);
#2523 = CLOSED_SHELL('',(#2524,#2644,#2720,#2769,#2942,#3109,#3116,#3283
    ,#3450,#3617,#3784,#3883,#3982,#4081,#4180,#4302,#4424,#4546,#4668,
    #4726,#4784,#4842,#4900,#4904,#4908,#4912,#4916,#4920,#4924,#4928));
#2524 = ADVANCED_FACE('',(#2525),#2539,.F.);
#2525 = FACE_BOUND('',#2526,.F.);
#2526 = EDGE_LOOP('',(#2527,#2562,#2590,#2618));
#2527 = ORIENTED_EDGE('',*,*,#2528,.F.);
#2528 = EDGE_CURVE('',#2529,#2531,#2533,.T.);
#2529 = VERTEX_POINT('',#2530);
#2530 = CARTESIAN_POINT('',(940.,20.,-60.));
#2531 = VERTEX_POINT('',#2532);
#2532 = CARTESIAN_POINT('',(940.,60.,-60.));
#2533 = SURFACE_CURVE('',#2534,(#2538,#2550),.PCURVE_S1.);
#2534 = LINE('',#2535,#2536);
#2535 = CARTESIAN_POINT('',(940.,20.,-60.));
#2536 = VECTOR('',#2537,1.);
#2537 = DIRECTION('',(0.,1.,0.));
#2538 = PCURVE('',#2539,#2544);
#2539 = PLANE('',#2540);
#2540 = AXIS2_PLACEMENT_3D('',#2541,#2542,#2543);
#2541 = CARTESIAN_POINT('',(940.,20.,-60.));
#2542 = DIRECTION('',(0.,0.,1.));
#2543 = DIRECTION('',(0.,1.,0.));
#2544 = DEFINITIONAL_REPRESENTATION('',(#2545),#2549);
#2545 = LINE('',#2546,#2547);
#2546 = CARTESIAN_POINT('',(0.,0.));
#2547 = VECTOR('',#2548,1.);
#2548 = DIRECTION('',(1.,0.));
#2549 = ( GEOMETRIC_REPRESENTATION_CONTEXT(2) 
PARAMETRIC_REPRESENTATION_CONTEXT() REPRESENTATION_CONTEXT('2D SPACE',''
  ) );
#2550 = PCURVE('',#2551,#2556);
#2551 = PLANE('',#2552);
#2552 = AXIS2_PLACEMENT_3D('',#2553,#2554,#2555);
#2553 = CARTESIAN_POINT('',(940.,20.,-60.));
#2554 = DIRECTION('',(1.,0.,0.));
#2555 = DIRECTION('',(0.,1.,0.));
#2556 = DEFINITIONAL_REPRESENTATION('',(#2557),#2561);
#2557 = LINE('',#2558,#2559);
#2558 = CARTESIAN_POINT('',(0.,0.));
#2559 = VECTOR('',#2560,1.);
#2560 = DIRECTION('',(1.,0.));
#2561 = ( GEOMETRIC_REPRESENTATION_CONTEXT(2) 
PARAMETRIC_REPRESENTATION_CONTEXT() REPRESENTATION_CONTEXT('2D SPACE',''
  ) );
#2562 = ORIENTED_EDGE('',*,*,#2563,.T.);
#2563 = EDGE_CURVE('',#2529,#2564,#2566,.T.);
#2564 = VERTEX_POINT('',#2565);
#2565 = CARTESIAN_POINT('',(980.,20.,-60.));
#2566 = SURFACE_CURVE('',#2567,(#2571,#2578),.PCURVE_S1.);
#2567 = LINE('',#2568,#2569);
#2568 = CARTESIAN_POINT('',(940.,20.,-60.));
#2569 = VECTOR('',#2570,1.);
#2570 = DIRECTION('',(1.,0.,0.));
#2571 = PCURVE('',#2539,#2572);
#2572 = DEFINITIONAL_REPRESENTATION('',(#2573),#2577);
#2573 = LINE('',#2574,#2575);
#2574 = CARTESIAN_POINT('',(0.,0.));
#2575 = VECTOR('',#2576,1.);
#2576 = DIRECTION('',(0.,-1.));
#2577 = ( GEOMETRIC_REPRESENTATION_CONTEXT(2) 
PARAMETRIC_REPRESENTATION_CONTEXT() REPRESENTATION_CONTEXT('2D SPACE',''
  ) );
#2578 = PCURVE('',#2579,#2584);
#2579 = PLANE('',#2580);
#2580 = AXIS2_PLACEMENT_3D('',#2581,#2582,#2583);
#2581 = CARTESIAN_POINT('',(940.,20.,-60.));
#2582 = DIRECTION('',(0.,1.,0.));
#2583 = DIRECTION('',(0.,0.,1.));
#2584 = DEFINITIONAL_REPRESENTATION('',(#2585),#2589);
#2585 = LINE('',#2586,#2587);
#2586 = CARTESIAN_POINT('',(0.,0.));
#2587 = VECTOR('',#2588,1.);
#2588 = DIRECTION('',(0.,1.));
#2589 = ( GEOMETRIC_REPRESENTATION_CONTEXT(2) 
PARAMETRIC_REPRESENTATION_CONTEXT() REPRESENTATION_CONTEXT('2D SPACE',''
  ) );
#2590 = ORIENTED_EDGE('',*,*,#2591,.T.);
#2591 = EDGE_CURVE('',#2564,#2592,#2594,.T.);
#2592 = VERTEX_POINT('',#2593);
#2593 = CARTESIAN_POINT('',(980.,60.,-60.));
#2594 = SURFACE_CURVE('',#2595,(#2599,#2606),.PCURVE_S1.);
#2595 = LINE('',#2596,#2597);
#2596 = CARTESIAN_POINT('',(980.,20.,-60.));
#2597 = VECTOR('',#2598,1.);
#2598 = DIRECTION('',(0.,1.,0.));
#2599 = PCURVE('',#2539,#2600);
#2600 = DEFINITIONAL_REPRESENTATION('',(#2601),#2605);
#2601 = LINE('',#2602,#2603);
#2602 = CARTESIAN_POINT('',(0.,-40.));
#2603 = VECTOR('',#2604,1.);
#2604 = DIRECTION('',(1.,0.));
#2605 = ( GEOMETRIC_REPRESENTATION_CONTEXT(2) 
PARAMETRIC_REPRESENTATION_CONTEXT() REPRESENTATION_CONTEXT('2D SPACE',''
  ) );
#2606 = PCURVE('',#2607,#2612);
#2607 = PLANE('',#2608);
#2608 = AXIS2_PLACEMENT_3D('',#2609,#2610,#2611);
#2609 = CARTESIAN_POINT('',(980.,20.,-60.));
#2610 = DIRECTION('',(1.,0.,0.));
#2611 = DIRECTION('',(0.,1.,0.));
#2612 = DEFINITIONAL_REPRESENTATION('',(#2613),#2617);
#2613 = LINE('',#2614,#2615);
#2614 = CARTESIAN_POINT('',(0.,0.));
#2615 = VECTOR('',#2616,1.);
#2616 = DIRECTION('',(1.,0.));
#2617 = ( GEOMETRIC_REPRESENTATION_CONTEXT(2) 
PARAMETRIC_REPRESENTATION_CONTEXT() REPRESENTATION_CONTEXT('2D SPACE',''
  ) );
#2618 = ORIENTED_EDGE('',*,*,#2619,.F.);
#2619 = EDGE_CURVE('',#2531,#2592,#2620,.T.);
#2620 = SURFACE_CURVE('',#2621,(#2625,#2632),.PCURVE_S1.);
#2621 = LINE('',#2622,#2623);
#2622 = CARTESIAN_POINT('',(940.,60.,-60.));
#2623 = VECTOR('',#2624,1.);
#2624 = DIRECTION('',(1.,0.,0.));
#2625 = PCURVE('',#2539,#2626);
#2626 = DEFINITIONAL_REPRESENTATION('',(#2627),#2631);
#2627 = LINE('',#2628,#2629);
#2628 = CARTESIAN_POINT('',(40.,0.));
#2629 = VECTOR('',#2630,1.);
#2630 = DIRECTION('',(0.,-1.));
#2631 = ( GEOMETRIC_REPRESENTATION_CONTEXT(2) 
PARAMETRIC_REPRESENTATION_CONTEXT() REPRESENTATION_CONTEXT('2D SPACE',''
  ) );
#2632 = PCURVE('',#2633,#2638);
#2633 = PLANE('',#2634);
#2634 = AXIS2_PLACEMENT_3D('',#2635,#2636,#2637);
#2635 = CARTESIAN_POINT('',(940.,60.,-60.));
#2636 = DIRECTION('',(0.,1.,0.));
#2637 = DIRECTION('',(0.,0.,1.));
#2638 = DEFINITIONAL_REPRESENTATION('',(#2639),#2643);
#2639 = LINE('',#2640,#2641);
#2640 = CARTESIAN_POINT('',(0.,0.));
#2641 = VECTOR('',#2642,1.);
#2642 = DIRECTION('',(0.,1.));
#2643 = ( GEOMETRIC_REPRESENTATION_CONTEXT(2) 
PARAMETRIC_REPRESENTATION_CONTEXT() REPRESENTATION_CONTEXT('2D SPACE',''
  ) );
#2644 = ADVANCED_FACE('',(#2645),#2551,.F.);
#2645 = FACE_BOUND('',#2646,.F.);
#2646 = EDGE_LOOP('',(#2647,#2670,#2671,#2694));
#2647 = ORIENTED_EDGE('',*,*,#2648,.F.);
#2648 = EDGE_CURVE('',#2529,#2649,#2651,.T.);
#2649 = VERTEX_POINT('',#2650);
#2650 = CARTESIAN_POINT('',(940.,20.,290.));
#2651 = SURFACE_CURVE('',#2652,(#2656,#2663),.PCURVE_S1.);
#2652 = LINE('',#2653,#2654);
#2653 = CARTESIAN_POINT('',(940.,20.,-60.));
#2654 = VECTOR('',#2655,1.);
#2655 = DIRECTION('',(0.,0.,1.));
#2656 = PCURVE('',#2551,#2657);
#2657 = DEFINITIONAL_REPRESENTATION('',(#2658),#2662);
#2658 = LINE('',#2659,#2660);
#2659 = CARTESIAN_POINT('',(0.,0.));
#2660 = VECTOR('',#2661,1.);
#2661 = DIRECTION('',(0.,1.));
#2662 = ( GEOMETRIC_REPRESENTATION_CONTEXT(2) 
PARAMETRIC_REPRESENTATION_CONTEXT() REPRESENTATION_CONTEXT('2D SPACE',''
  ) );
#2663 = PCURVE('',#2579,#2664);
#2664 = DEFINITIONAL_REPRESENTATION('',(#2665),#2669);
#2665 = LINE('',#2666,#2667);
#2666 = CARTESIAN_POINT('',(0.,0.));
#2667 = VECTOR('',#2668,1.);
#2668 = DIRECTION('',(1.,0.));
#2669 = ( GEOMETRIC_REPRESENTATION_CONTEXT(2) 
PARAMETRIC_REPRESENTATION_CONTEXT() REPRESENTATION_CONTEXT('2D SPACE',''
  ) );
#2670 = ORIENTED_EDGE('',*,*,#2528,.T.);
#2671 = ORIENTED_EDGE('',*,*,#2672,.T.);
#2672 = EDGE_CURVE('',#2531,#2673,#2675,.T.);
#2673 = VERTEX_POINT('',#2674);
#2674 = CARTESIAN_POINT('',(940.,60.,290.));
#2675 = SURFACE_CURVE('',#2676,(#2680,#2687),.PCURVE_S1.);
#2676 = LINE('',#2677,#2678);
#2677 = CARTESIAN_POINT('',(940.,60.,-60.));
#2678 = VECTOR('',#2679,1.);
#2679 = DIRECTION('',(0.,0.,1.));
#2680 = PCURVE('',#2551,#2681);
#2681 = DEFINITIONAL_REPRESENTATION('',(#2682),#2686);
#2682 = LINE('',#2683,#2684);
#2683 = CARTESIAN_POINT('',(40.,0.));
#2684 = VECTOR('',#2685,1.);
#2685 = DIRECTION('',(0.,1.));
#2686 = ( GEOMETRIC_REPRESENTATION_CONTEXT(2) 
PARAMETRIC_REPRESENTATION_CONTEXT() REPRESENTATION_CONTEXT('2D SPACE',''
  ) );
#2687 = PCURVE('',#2633,#2688);
#2688 = DEFINITIONAL_REPRESENTATION('',(#2689),#2693);
#2689 = LINE('',#2690,#2691);
#2690 = CARTESIAN_POINT('',(0.,0.));
#2691 = VECTOR('',#2692,1.);
#2692 = DIRECTION('',(1.,0.));
#2693 = ( GEOMETRIC_REPRESENTATION_CONTEXT(2) 
PARAMETRIC_REPRESENTATION_CONTEXT() REPRESENTATION_CONTEXT('2D SPACE',''
  ) );
#2694 = ORIENTED_EDGE('',*,*,#2695,.F.);
#2695 = EDGE_CURVE('',#2649,#2673,#2696,.T.);
#2696 = SURFACE_CURVE('',#2697,(#2701,#2708),.PCURVE_S1.);
#2697 = LINE('',#2698,#2699);
#2698 = CARTESIAN_POINT('',(940.,20.,290.));
#2699 = VECTOR('',#2700,1.);
#2700 = DIRECTION('',(0.,1.,0.));
#2701 = PCURVE('',#2551,#2702);
#2702 = DEFINITIONAL_REPRESENTATION('',(#2703),#2707);
#2703 = LINE('',#2704,#2705);
#2704 = CARTESIAN_POINT('',(0.,350.));
#2705 = VECTOR('',#2706,1.);
#2706 = DIRECTION('',(1.,0.));
#2707 = ( GEOMETRIC_REPRESENTATION_CONTEXT(2) 
PARAMETRIC_REPRESENTATION_CONTEXT() REPRESENTATION_CONTEXT('2D SPACE',''
  ) );
#2708 = PCURVE('',#2709,#2714);
#2709 = PLANE('',#2710);
#2710 = AXIS2_PLACEMENT_3D('',#2711,#2712,#2713);
#2711 = CARTESIAN_POINT('',(940.,20.,290.));
#2712 = DIRECTION('',(0.,0.,1.));
#2713 = DIRECTION('',(0.,1.,0.));
#2714 = DEFINITIONAL_REPRESENTATION('',(#2715),#2719);
#2715 = LINE('',#2716,#2717);
#2716 = CARTESIAN_POINT('',(0.,0.));
#2717 = VECTOR('',#2718,1.);
#2718 = DIRECTION('',(1.,0.));
#2719 = ( GEOMETRIC_REPRESENTATION_CONTEXT(2) 
PARAMETRIC_REPRESENTATION_CONTEXT() REPRESENTATION_CONTEXT('2D SPACE',''
  ) );
#2720 = ADVANCED_FACE('',(#2721),#2633,.T.);
#2721 = FACE_BOUND('',#2722,.T.);
#2722 = EDGE_LOOP('',(#2723,#2724,#2725,#2748));
#2723 = ORIENTED_EDGE('',*,*,#2619,.F.);
#2724 = ORIENTED_EDGE('',*,*,#2672,.T.);
#2725 = ORIENTED_EDGE('',*,*,#2726,.T.);
#2726 = EDGE_CURVE('',#2673,#2727,#2729,.T.);
#2727 = VERTEX_POINT('',#2728);
#2728 = CARTESIAN_POINT('',(980.,60.,290.));
#2729 = SURFACE_CURVE('',#2730,(#2734,#2741),.PCURVE_S1.);
#2730 = LINE('',#2731,#2732);
#2731 = CARTESIAN_POINT('',(940.,60.,290.));
#2732 = VECTOR('',#2733,1.);
#2733 = DIRECTION('',(1.,0.,0.));
#2734 = PCURVE('',#2633,#2735);
#2735 = DEFINITIONAL_REPRESENTATION('',(#2736),#2740);
#2736 = LINE('',#2737,#2738);
#2737 = CARTESIAN_POINT('',(350.,0.));
#2738 = VECTOR('',#2739,1.);
#2739 = DIRECTION('',(0.,1.));
#2740 = ( GEOMETRIC_REPRESENTATION_CONTEXT(2) 
PARAMETRIC_REPRESENTATION_CONTEXT() REPRESENTATION_CONTEXT('2D SPACE',''
  ) );
#2741 = PCURVE('',#2709,#2742);
#2742 = DEFINITIONAL_REPRESENTATION('',(#2743),#2747);
#2743 = LINE('',#2744,#2745);
#2744 = CARTESIAN_POINT('',(40.,0.));
#2745 = VECTOR('',#2746,1.);
#2746 = DIRECTION('',(0.,-1.));
#2747 = ( GEOMETRIC_REPRESENTATION_CONTEXT(2) 
PARAMETRIC_REPRESENTATION_CONTEXT() REPRESENTATION_CONTEXT('2D SPACE',''
  ) );
#2748 = ORIENTED_EDGE('',*,*,#2749,.F.);
#2749 = EDGE_CURVE('',#2592,#2727,#2750,.T.);
#2750 = SURFACE_CURVE('',#2751,(#2755,#2762),.PCURVE_S1.);
#2751 = LINE('',#2752,#2753);
#2752 = CARTESIAN_POINT('',(980.,60.,-60.));
#2753 = VECTOR('',#2754,1.);
#2754 = DIRECTION('',(0.,0.,1.));
#2755 = PCURVE('',#2633,#2756);
#2756 = DEFINITIONAL_REPRESENTATION('',(#2757),#2761);
#2757 = LINE('',#2758,#2759);
#2758 = CARTESIAN_POINT('',(0.,40.));
#2759 = VECTOR('',#2760,1.);
#2760 = DIRECTION('',(1.,0.));
#2761 = ( GEOMETRIC_REPRESENTATION_CONTEXT(2) 
PARAMETRIC_REPRESENTATION_CONTEXT() REPRESENTATION_CONTEXT('2D SPACE',''
  ) );
#2762 = PCURVE('',#2607,#2763);
#2763 = DEFINITIONAL_REPRESENTATION('',(#2764),#2768);
#2764 = LINE('',#2765,#2766);
#2765 = CARTESIAN_POINT('',(40.,0.));
#2766 = VECTOR('',#2767,1.);
#2767 = DIRECTION('',(0.,1.));
#2768 = ( GEOMETRIC_REPRESENTATION_CONTEXT(2) 
PARAMETRIC_REPRESENTATION_CONTEXT() REPRESENTATION_CONTEXT('2D SPACE',''
  ) );
#2769 = ADVANCED_FACE('',(#2770,#2818,#2849,#2880,#2911),#2607,.T.);
#2770 = FACE_BOUND('',#2771,.T.);
#2771 = EDGE_LOOP('',(#2772,#2795,#2796,#2797));
#2772 = ORIENTED_EDGE('',*,*,#2773,.F.);
#2773 = EDGE_CURVE('',#2564,#2774,#2776,.T.);
#2774 = VERTEX_POINT('',#2775);
#2775 = CARTESIAN_POINT('',(980.,20.,290.));
#2776 = SURFACE_CURVE('',#2777,(#2781,#2788),.PCURVE_S1.);
#2777 = LINE('',#2778,#2779);
#2778 = CARTESIAN_POINT('',(980.,20.,-60.));
#2779 = VECTOR('',#2780,1.);
#2780 = DIRECTION('',(0.,0.,1.));
#2781 = PCURVE('',#2607,#2782);
#2782 = DEFINITIONAL_REPRESENTATION('',(#2783),#2787);
#2783 = LINE('',#2784,#2785);
#2784 = CARTESIAN_POINT('',(0.,0.));
#2785 = VECTOR('',#2786,1.);
#2786 = DIRECTION('',(0.,1.));
#2787 = ( GEOMETRIC_REPRESENTATION_CONTEXT(2) 
PARAMETRIC_REPRESENTATION_CONTEXT() REPRESENTATION_CONTEXT('2D SPACE',''
  ) );
#2788 = PCURVE('',#2579,#2789);
#2789 = DEFINITIONAL_REPRESENTATION('',(#2790),#2794);
#2790 = LINE('',#2791,#2792);
#2791 = CARTESIAN_POINT('',(0.,40.));
#2792 = VECTOR('',#2793,1.);
#2793 = DIRECTION('',(1.,0.));
#2794 = ( GEOMETRIC_REPRESENTATION_CONTEXT(2) 
PARAMETRIC_REPRESENTATION_CONTEXT() REPRESENTATION_CONTEXT('2D SPACE',''
  ) );
#2795 = ORIENTED_EDGE('',*,*,#2591,.T.);
#2796 = ORIENTED_EDGE('',*,*,#2749,.T.);
#2797 = ORIENTED_EDGE('',*,*,#2798,.F.);
#2798 = EDGE_CURVE('',#2774,#2727,#2799,.T.);
#2799 = SURFACE_CURVE('',#2800,(#2804,#2811),.PCURVE_S1.);
#2800 = LINE('',#2801,#2802);
#2801 = CARTESIAN_POINT('',(980.,20.,290.));
#2802 = VECTOR('',#2803,1.);
#2803 = DIRECTION('',(0.,1.,0.));
#2804 = PCURVE('',#2607,#2805);
#2805 = DEFINITIONAL_REPRESENTATION('',(#2806),#2810);
#2806 = LINE('',#2807,#2808);
#2807 = CARTESIAN_POINT('',(0.,350.));
#2808 = VECTOR('',#2809,1.);
#2809 = DIRECTION('',(1.,0.));
#2810 = ( GEOMETRIC_REPRESENTATION_CONTEXT(2) 
PARAMETRIC_REPRESENTATION_CONTEXT() REPRESENTATION_CONTEXT('2D SPACE',''
  ) );
#2811 = PCURVE('',#2709,#2812);
#2812 = DEFINITIONAL_REPRESENTATION('',(#2813),#2817);
#2813 = LINE('',#2814,#2815);
#2814 = CARTESIAN_POINT('',(0.,-40.));
#2815 = VECTOR('',#2816,1.);
#2816 = DIRECTION('',(1.,0.));
#2817 = ( GEOMETRIC_REPRESENTATION_CONTEXT(2) 
PARAMETRIC_REPRESENTATION_CONTEXT() REPRESENTATION_CONTEXT('2D SPACE',''
  ) );
#2818 = FACE_BOUND('',#2819,.T.);
#2819 = EDGE_LOOP('',(#2820));
#2820 = ORIENTED_EDGE('',*,*,#2821,.F.);
#2821 = EDGE_CURVE('',#2822,#2822,#2824,.T.);
#2822 = VERTEX_POINT('',#2823);
#2823 = CARTESIAN_POINT('',(980.,41.25,25.));
#2824 = SURFACE_CURVE('',#2825,(#2830,#2837),.PCURVE_S1.);
#2825 = CIRCLE('',#2826,1.25);
#2826 = AXIS2_PLACEMENT_3D('',#2827,#2828,#2829);
#2827 = CARTESIAN_POINT('',(980.,40.,25.));
#2828 = DIRECTION('',(1.,0.,-0.));
#2829 = DIRECTION('',(0.,1.,0.));
#2830 = PCURVE('',#2607,#2831);
#2831 = DEFINITIONAL_REPRESENTATION('',(#2832),#2836);
#2832 = CIRCLE('',#2833,1.25);
#2833 = AXIS2_PLACEMENT_2D('',#2834,#2835);
#2834 = CARTESIAN_POINT('',(20.,85.));
#2835 = DIRECTION('',(1.,0.));
#2836 = ( GEOMETRIC_REPRESENTATION_CONTEXT(2) 
PARAMETRIC_REPRESENTATION_CONTEXT() REPRESENTATION_CONTEXT('2D SPACE',''
  ) );
#2837 = PCURVE('',#2838,#2843);
#2838 = CYLINDRICAL_SURFACE('',#2839,1.25);
#2839 = AXIS2_PLACEMENT_3D('',#2840,#2841,#2842);
#2840 = CARTESIAN_POINT('',(980.05,40.,25.));
#2841 = DIRECTION('',(1.,-0.,-0.));
#2842 = DIRECTION('',(0.,1.,0.));
#2843 = DEFINITIONAL_REPRESENTATION('',(#2844),#2848);
#2844 = LINE('',#2845,#2846);
#2845 = CARTESIAN_POINT('',(-6.28318530718,-4.999999999995E-02));
#2846 = VECTOR('',#2847,1.);
#2847 = DIRECTION('',(1.,-0.));
#2848 = ( GEOMETRIC_REPRESENTATION_CONTEXT(2) 
PARAMETRIC_REPRESENTATION_CONTEXT() REPRESENTATION_CONTEXT('2D SPACE',''
  ) );
#2849 = FACE_BOUND('',#2850,.T.);
#2850 = EDGE_LOOP('',(#2851));
#2851 = ORIENTED_EDGE('',*,*,#2852,.F.);
#2852 = EDGE_CURVE('',#2853,#2853,#2855,.T.);
#2853 = VERTEX_POINT('',#2854);
#2854 = CARTESIAN_POINT('',(980.,41.25,120.));
#2855 = SURFACE_CURVE('',#2856,(#2861,#2868),.PCURVE_S1.);
#2856 = CIRCLE('',#2857,1.25);
#2857 = AXIS2_PLACEMENT_3D('',#2858,#2859,#2860);
#2858 = CARTESIAN_POINT('',(980.,40.,120.));
#2859 = DIRECTION('',(1.,0.,-0.));
#2860 = DIRECTION('',(0.,1.,0.));
#2861 = PCURVE('',#2607,#2862);
#2862 = DEFINITIONAL_REPRESENTATION('',(#2863),#2867);
#2863 = CIRCLE('',#2864,1.25);
#2864 = AXIS2_PLACEMENT_2D('',#2865,#2866);
#2865 = CARTESIAN_POINT('',(20.,180.));
#2866 = DIRECTION('',(1.,0.));
#2867 = ( GEOMETRIC_REPRESENTATION_CONTEXT(2) 
PARAMETRIC_REPRESENTATION_CONTEXT() REPRESENTATION_CONTEXT('2D SPACE',''
  ) );
#2868 = PCURVE('',#2869,#2874);
#2869 = CYLINDRICAL_SURFACE('',#2870,1.25);
#2870 = AXIS2_PLACEMENT_3D('',#2871,#2872,#2873);
#2871 = CARTESIAN_POINT('',(980.05,40.,120.));
#2872 = DIRECTION('',(1.,-0.,-0.));
#2873 = DIRECTION('',(0.,1.,0.));
#2874 = DEFINITIONAL_REPRESENTATION('',(#2875),#2879);
#2875 = LINE('',#2876,#2877);
#2876 = CARTESIAN_POINT('',(-6.28318530718,-4.999999999995E-02));
#2877 = VECTOR('',#2878,1.);
#2878 = DIRECTION('',(1.,-0.));
#2879 = ( GEOMETRIC_REPRESENTATION_CONTEXT(2) 
PARAMETRIC_REPRESENTATION_CONTEXT() REPRESENTATION_CONTEXT('2D SPACE',''
  ) );
#2880 = FACE_BOUND('',#2881,.T.);
#2881 = EDGE_LOOP('',(#2882));
#2882 = ORIENTED_EDGE('',*,*,#2883,.F.);
#2883 = EDGE_CURVE('',#2884,#2884,#2886,.T.);
#2884 = VERTEX_POINT('',#2885);
#2885 = CARTESIAN_POINT('',(980.,41.25,170.));
#2886 = SURFACE_CURVE('',#2887,(#2892,#2899),.PCURVE_S1.);
#2887 = CIRCLE('',#2888,1.25);
#2888 = AXIS2_PLACEMENT_3D('',#2889,#2890,#2891);
#2889 = CARTESIAN_POINT('',(980.,40.,170.));
#2890 = DIRECTION('',(1.,0.,-0.));
#2891 = DIRECTION('',(0.,1.,0.));
#2892 = PCURVE('',#2607,#2893);
#2893 = DEFINITIONAL_REPRESENTATION('',(#2894),#2898);
#2894 = CIRCLE('',#2895,1.25);
#2895 = AXIS2_PLACEMENT_2D('',#2896,#2897);
#2896 = CARTESIAN_POINT('',(20.,230.));
#2897 = DIRECTION('',(1.,0.));
#2898 = ( GEOMETRIC_REPRESENTATION_CONTEXT(2) 
PARAMETRIC_REPRESENTATION_CONTEXT() REPRESENTATION_CONTEXT('2D SPACE',''
  ) );
#2899 = PCURVE('',#2900,#2905);
#2900 = CYLINDRICAL_SURFACE('',#2901,1.25);
#2901 = AXIS2_PLACEMENT_3D('',#2902,#2903,#2904);
#2902 = CARTESIAN_POINT('',(980.05,40.,170.));
#2903 = DIRECTION('',(1.,-0.,-0.));
#2904 = DIRECTION('',(0.,1.,0.));
#2905 = DEFINITIONAL_REPRESENTATION('',(#2906),#2910);
#2906 = LINE('',#2907,#2908);
#2907 = CARTESIAN_POINT('',(-6.28318530718,-4.999999999995E-02));
#2908 = VECTOR('',#2909,1.);
#2909 = DIRECTION('',(1.,-0.));
#2910 = ( GEOMETRIC_REPRESENTATION_CONTEXT(2) 
PARAMETRIC_REPRESENTATION_CONTEXT() REPRESENTATION_CONTEXT('2D SPACE',''
  ) );
#2911 = FACE_BOUND('',#2912,.T.);
#2912 = EDGE_LOOP('',(#2913));
#2913 = ORIENTED_EDGE('',*,*,#2914,.F.);
#2914 = EDGE_CURVE('',#2915,#2915,#2917,.T.);
#2915 = VERTEX_POINT('',#2916);
#2916 = CARTESIAN_POINT('',(980.,41.25,265.));
#2917 = SURFACE_CURVE('',#2918,(#2923,#2930),.PCURVE_S1.);
#2918 = CIRCLE('',#2919,1.25);
#2919 = AXIS2_PLACEMENT_3D('',#2920,#2921,#2922);
#2920 = CARTESIAN_POINT('',(980.,40.,265.));
#2921 = DIRECTION('',(1.,0.,-0.));
#2922 = DIRECTION('',(0.,1.,0.));
#2923 = PCURVE('',#2607,#2924);
#2924 = DEFINITIONAL_REPRESENTATION('',(#2925),#2929);
#2925 = CIRCLE('',#2926,1.25);
#2926 = AXIS2_PLACEMENT_2D('',#2927,#2928);
#2927 = CARTESIAN_POINT('',(20.,325.));
#2928 = DIRECTION('',(1.,0.));
#2929 = ( GEOMETRIC_REPRESENTATION_CONTEXT(2) 
PARAMETRIC_REPRESENTATION_CONTEXT() REPRESENTATION_CONTEXT('2D SPACE',''
  ) );
#2930 = PCURVE('',#2931,#2936);
#2931 = CYLINDRICAL_SURFACE('',#2932,1.25);
#2932 = AXIS2_PLACEMENT_3D('',#2933,#2934,#2935);
#2933 = CARTESIAN_POINT('',(980.05,40.,265.));
#2934 = DIRECTION('',(1.,-0.,-0.));
#2935 = DIRECTION('',(0.,1.,0.));
#2936 = DEFINITIONAL_REPRESENTATION('',(#2937),#2941);
#2937 = LINE('',#2938,#2939);
#2938 = CARTESIAN_POINT('',(-6.28318530718,-4.999999999995E-02));
#2939 = VECTOR('',#2940,1.);
#2940 = DIRECTION('',(1.,-0.));
#2941 = ( GEOMETRIC_REPRESENTATION_CONTEXT(2) 
PARAMETRIC_REPRESENTATION_CONTEXT() REPRESENTATION_CONTEXT('2D SPACE',''
  ) );
#2942 = ADVANCED_FACE('',(#2943,#2969,#3004,#3039,#3074),#2579,.F.);
#2943 = FACE_BOUND('',#2944,.F.);
#2944 = EDGE_LOOP('',(#2945,#2946,#2947,#2968));
#2945 = ORIENTED_EDGE('',*,*,#2563,.F.);
#2946 = ORIENTED_EDGE('',*,*,#2648,.T.);
#2947 = ORIENTED_EDGE('',*,*,#2948,.T.);
#2948 = EDGE_CURVE('',#2649,#2774,#2949,.T.);
#2949 = SURFACE_CURVE('',#2950,(#2954,#2961),.PCURVE_S1.);
#2950 = LINE('',#2951,#2952);
#2951 = CARTESIAN_POINT('',(940.,20.,290.));
#2952 = VECTOR('',#2953,1.);
#2953 = DIRECTION('',(1.,0.,0.));
#2954 = PCURVE('',#2579,#2955);
#2955 = DEFINITIONAL_REPRESENTATION('',(#2956),#2960);
#2956 = LINE('',#2957,#2958);
#2957 = CARTESIAN_POINT('',(350.,0.));
#2958 = VECTOR('',#2959,1.);
#2959 = DIRECTION('',(0.,1.));
#2960 = ( GEOMETRIC_REPRESENTATION_CONTEXT(2) 
PARAMETRIC_REPRESENTATION_CONTEXT() REPRESENTATION_CONTEXT('2D SPACE',''
  ) );
#2961 = PCURVE('',#2709,#2962);
#2962 = DEFINITIONAL_REPRESENTATION('',(#2963),#2967);
#2963 = LINE('',#2964,#2965);
#2964 = CARTESIAN_POINT('',(0.,0.));
#2965 = VECTOR('',#2966,1.);
#2966 = DIRECTION('',(0.,-1.));
#2967 = ( GEOMETRIC_REPRESENTATION_CONTEXT(2) 
PARAMETRIC_REPRESENTATION_CONTEXT() REPRESENTATION_CONTEXT('2D SPACE',''
  ) );
#2968 = ORIENTED_EDGE('',*,*,#2773,.F.);
#2969 = FACE_BOUND('',#2970,.F.);
#2970 = EDGE_LOOP('',(#2971));
#2971 = ORIENTED_EDGE('',*,*,#2972,.T.);
#2972 = EDGE_CURVE('',#2973,#2973,#2975,.T.);
#2973 = VERTEX_POINT('',#2974);
#2974 = CARTESIAN_POINT('',(960.,20.,26.25));
#2975 = SURFACE_CURVE('',#2976,(#2981,#2992),.PCURVE_S1.);
#2976 = CIRCLE('',#2977,1.25);
#2977 = AXIS2_PLACEMENT_3D('',#2978,#2979,#2980);
#2978 = CARTESIAN_POINT('',(960.,20.,25.));
#2979 = DIRECTION('',(0.,-1.,0.));
#2980 = DIRECTION('',(0.,0.,1.));
#2981 = PCURVE('',#2579,#2982);
#2982 = DEFINITIONAL_REPRESENTATION('',(#2983),#2991);
#2983 = ( BOUNDED_CURVE() B_SPLINE_CURVE(2,(#2984,#2985,#2986,#2987,
#2988,#2989,#2990),.UNSPECIFIED.,.T.,.F.) B_SPLINE_CURVE_WITH_KNOTS((1,2
    ,2,2,2,1),(-2.094395102393,0.,2.094395102393,4.188790204786,
6.28318530718,8.377580409573),.UNSPECIFIED.) CURVE() 
GEOMETRIC_REPRESENTATION_ITEM() RATIONAL_B_SPLINE_CURVE((1.,0.5,1.,0.5,
1.,0.5,1.)) REPRESENTATION_ITEM('') );
#2984 = CARTESIAN_POINT('',(86.25,20.));
#2985 = CARTESIAN_POINT('',(86.25,17.834936490539));
#2986 = CARTESIAN_POINT('',(84.375,18.917468245269));
#2987 = CARTESIAN_POINT('',(82.5,20.));
#2988 = CARTESIAN_POINT('',(84.375,21.082531754731));
#2989 = CARTESIAN_POINT('',(86.25,22.165063509461));
#2990 = CARTESIAN_POINT('',(86.25,20.));
#2991 = ( GEOMETRIC_REPRESENTATION_CONTEXT(2) 
PARAMETRIC_REPRESENTATION_CONTEXT() REPRESENTATION_CONTEXT('2D SPACE',''
  ) );
#2992 = PCURVE('',#2993,#2998);
#2993 = CYLINDRICAL_SURFACE('',#2994,1.25);
#2994 = AXIS2_PLACEMENT_3D('',#2995,#2996,#2997);
#2995 = CARTESIAN_POINT('',(960.,19.95,25.));
#2996 = DIRECTION('',(-0.,-1.,-0.));
#2997 = DIRECTION('',(0.,0.,1.));
#2998 = DEFINITIONAL_REPRESENTATION('',(#2999),#3003);
#2999 = LINE('',#3000,#3001);
#3000 = CARTESIAN_POINT('',(-6.28318530718,-5.E-02));
#3001 = VECTOR('',#3002,1.);
#3002 = DIRECTION('',(1.,-0.));
#3003 = ( GEOMETRIC_REPRESENTATION_CONTEXT(2) 
PARAMETRIC_REPRESENTATION_CONTEXT() REPRESENTATION_CONTEXT('2D SPACE',''
  ) );
#3004 = FACE_BOUND('',#3005,.F.);
#3005 = EDGE_LOOP('',(#3006));
#3006 = ORIENTED_EDGE('',*,*,#3007,.T.);
#3007 = EDGE_CURVE('',#3008,#3008,#3010,.T.);
#3008 = VERTEX_POINT('',#3009);
#3009 = CARTESIAN_POINT('',(960.,20.,121.25));
#3010 = SURFACE_CURVE('',#3011,(#3016,#3027),.PCURVE_S1.);
#3011 = CIRCLE('',#3012,1.25);
#3012 = AXIS2_PLACEMENT_3D('',#3013,#3014,#3015);
#3013 = CARTESIAN_POINT('',(960.,20.,120.));
#3014 = DIRECTION('',(0.,-1.,0.));
#3015 = DIRECTION('',(0.,0.,1.));
#3016 = PCURVE('',#2579,#3017);
#3017 = DEFINITIONAL_REPRESENTATION('',(#3018),#3026);
#3018 = ( BOUNDED_CURVE() B_SPLINE_CURVE(2,(#3019,#3020,#3021,#3022,
#3023,#3024,#3025),.UNSPECIFIED.,.T.,.F.) B_SPLINE_CURVE_WITH_KNOTS((1,2
    ,2,2,2,1),(-2.094395102393,0.,2.094395102393,4.188790204786,
6.28318530718,8.377580409573),.UNSPECIFIED.) CURVE() 
GEOMETRIC_REPRESENTATION_ITEM() RATIONAL_B_SPLINE_CURVE((1.,0.5,1.,0.5,
1.,0.5,1.)) REPRESENTATION_ITEM('') );
#3019 = CARTESIAN_POINT('',(181.25,20.));
#3020 = CARTESIAN_POINT('',(181.25,17.834936490539));
#3021 = CARTESIAN_POINT('',(179.375,18.917468245269));
#3022 = CARTESIAN_POINT('',(177.5,20.));
#3023 = CARTESIAN_POINT('',(179.375,21.082531754731));
#3024 = CARTESIAN_POINT('',(181.25,22.165063509461));
#3025 = CARTESIAN_POINT('',(181.25,20.));
#3026 = ( GEOMETRIC_REPRESENTATION_CONTEXT(2) 
PARAMETRIC_REPRESENTATION_CONTEXT() REPRESENTATION_CONTEXT('2D SPACE',''
  ) );
#3027 = PCURVE('',#3028,#3033);
#3028 = CYLINDRICAL_SURFACE('',#3029,1.25);
#3029 = AXIS2_PLACEMENT_3D('',#3030,#3031,#3032);
#3030 = CARTESIAN_POINT('',(960.,19.95,120.));
#3031 = DIRECTION('',(-0.,-1.,-0.));
#3032 = DIRECTION('',(0.,0.,1.));
#3033 = DEFINITIONAL_REPRESENTATION('',(#3034),#3038);
#3034 = LINE('',#3035,#3036);
#3035 = CARTESIAN_POINT('',(-6.28318530718,-5.E-02));
#3036 = VECTOR('',#3037,1.);
#3037 = DIRECTION('',(1.,-0.));
#3038 = ( GEOMETRIC_REPRESENTATION_CONTEXT(2) 
PARAMETRIC_REPRESENTATION_CONTEXT() REPRESENTATION_CONTEXT('2D SPACE',''
  ) );
#3039 = FACE_BOUND('',#3040,.F.);
#3040 = EDGE_LOOP('',(#3041));
#3041 = ORIENTED_EDGE('',*,*,#3042,.T.);
#3042 = EDGE_CURVE('',#3043,#3043,#3045,.T.);
#3043 = VERTEX_POINT('',#3044);
#3044 = CARTESIAN_POINT('',(960.,20.,171.25));
#3045 = SURFACE_CURVE('',#3046,(#3051,#3062),.PCURVE_S1.);
#3046 = CIRCLE('',#3047,1.25);
#3047 = AXIS2_PLACEMENT_3D('',#3048,#3049,#3050);
#3048 = CARTESIAN_POINT('',(960.,20.,170.));
#3049 = DIRECTION('',(0.,-1.,0.));
#3050 = DIRECTION('',(0.,0.,1.));
#3051 = PCURVE('',#2579,#3052);
#3052 = DEFINITIONAL_REPRESENTATION('',(#3053),#3061);
#3053 = ( BOUNDED_CURVE() B_SPLINE_CURVE(2,(#3054,#3055,#3056,#3057,
#3058,#3059,#3060),.UNSPECIFIED.,.T.,.F.) B_SPLINE_CURVE_WITH_KNOTS((1,2
    ,2,2,2,1),(-2.094395102393,0.,2.094395102393,4.188790204786,
6.28318530718,8.377580409573),.UNSPECIFIED.) CURVE() 
GEOMETRIC_REPRESENTATION_ITEM() RATIONAL_B_SPLINE_CURVE((1.,0.5,1.,0.5,
1.,0.5,1.)) REPRESENTATION_ITEM('') );
#3054 = CARTESIAN_POINT('',(231.25,20.));
#3055 = CARTESIAN_POINT('',(231.25,17.834936490539));
#3056 = CARTESIAN_POINT('',(229.375,18.917468245269));
#3057 = CARTESIAN_POINT('',(227.5,20.));
#3058 = CARTESIAN_POINT('',(229.375,21.082531754731));
#3059 = CARTESIAN_POINT('',(231.25,22.165063509461));
#3060 = CARTESIAN_POINT('',(231.25,20.));
#3061 = ( GEOMETRIC_REPRESENTATION_CONTEXT(2) 
PARAMETRIC_REPRESENTATION_CONTEXT() REPRESENTATION_CONTEXT('2D SPACE',''
  ) );
#3062 = PCURVE('',#3063,#3068);
#3063 = CYLINDRICAL_SURFACE('',#3064,1.25);
#3064 = AXIS2_PLACEMENT_3D('',#3065,#3066,#3067);
#3065 = CARTESIAN_POINT('',(960.,19.95,170.));
#3066 = DIRECTION('',(-0.,-1.,-0.));
#3067 = DIRECTION('',(0.,0.,1.));
#3068 = DEFINITIONAL_REPRESENTATION('',(#3069),#3073);
#3069 = LINE('',#3070,#3071);
#3070 = CARTESIAN_POINT('',(-6.28318530718,-5.E-02));
#3071 = VECTOR('',#3072,1.);
#3072 = DIRECTION('',(1.,-0.));
#3073 = ( GEOMETRIC_REPRESENTATION_CONTEXT(2) 
PARAMETRIC_REPRESENTATION_CONTEXT() REPRESENTATION_CONTEXT('2D SPACE',''
  ) );
#3074 = FACE_BOUND('',#3075,.F.);
#3075 = EDGE_LOOP('',(#3076));
#3076 = ORIENTED_EDGE('',*,*,#3077,.T.);
#3077 = EDGE_CURVE('',#3078,#3078,#3080,.T.);
#3078 = VERTEX_POINT('',#3079);
#3079 = CARTESIAN_POINT('',(960.,20.,266.25));
#3080 = SURFACE_CURVE('',#3081,(#3086,#3097),.PCURVE_S1.);
#3081 = CIRCLE('',#3082,1.25);
#3082 = AXIS2_PLACEMENT_3D('',#3083,#3084,#3085);
#3083 = CARTESIAN_POINT('',(960.,20.,265.));
#3084 = DIRECTION('',(0.,-1.,0.));
#3085 = DIRECTION('',(0.,0.,1.));
#3086 = PCURVE('',#2579,#3087);
#3087 = DEFINITIONAL_REPRESENTATION('',(#3088),#3096);
#3088 = ( BOUNDED_CURVE() B_SPLINE_CURVE(2,(#3089,#3090,#3091,#3092,
#3093,#3094,#3095),.UNSPECIFIED.,.T.,.F.) B_SPLINE_CURVE_WITH_KNOTS((1,2
    ,2,2,2,1),(-2.094395102393,0.,2.094395102393,4.188790204786,
6.28318530718,8.377580409573),.UNSPECIFIED.) CURVE() 
GEOMETRIC_REPRESENTATION_ITEM() RATIONAL_B_SPLINE_CURVE((1.,0.5,1.,0.5,
1.,0.5,1.)) REPRESENTATION_ITEM('') );
#3089 = CARTESIAN_POINT('',(326.25,20.));
#3090 = CARTESIAN_POINT('',(326.25,17.834936490539));
#3091 = CARTESIAN_POINT('',(324.375,18.917468245269));
#3092 = CARTESIAN_POINT('',(322.5,20.));
#3093 = CARTESIAN_POINT('',(324.375,21.082531754731));
#3094 = CARTESIAN_POINT('',(326.25,22.165063509461));
#3095 = CARTESIAN_POINT('',(326.25,20.));
#3096 = ( GEOMETRIC_REPRESENTATION_CONTEXT(2) 
PARAMETRIC_REPRESENTATION_CONTEXT() REPRESENTATION_CONTEXT('2D SPACE',''
  ) );
#3097 = PCURVE('',#3098,#3103);
#3098 = CYLINDRICAL_SURFACE('',#3099,1.25);
#3099 = AXIS2_PLACEMENT_3D('',#3100,#3101,#3102);
#3100 = CARTESIAN_POINT('',(960.,19.95,265.));
#3101 = DIRECTION('',(-0.,-1.,-0.));
#3102 = DIRECTION('',(0.,0.,1.));
#3103 = DEFINITIONAL_REPRESENTATION('',(#3104),#3108);
#3104 = LINE('',#3105,#3106);
#3105 = CARTESIAN_POINT('',(-6.28318530718,-5.E-02));
#3106 = VECTOR('',#3107,1.);
#3107 = DIRECTION('',(1.,-0.));
#3108 = ( GEOMETRIC_REPRESENTATION_CONTEXT(2) 
PARAMETRIC_REPRESENTATION_CONTEXT() REPRESENTATION_CONTEXT('2D SPACE',''
  ) );
#3109 = ADVANCED_FACE('',(#3110),#2709,.T.);
#3110 = FACE_BOUND('',#3111,.T.);
#3111 = EDGE_LOOP('',(#3112,#3113,#3114,#3115));
#3112 = ORIENTED_EDGE('',*,*,#2695,.F.);
#3113 = ORIENTED_EDGE('',*,*,#2948,.T.);
#3114 = ORIENTED_EDGE('',*,*,#2798,.T.);
#3115 = ORIENTED_EDGE('',*,*,#2726,.F.);
#3116 = ADVANCED_FACE('',(#3117),#2838,.F.);
#3117 = FACE_BOUND('',#3118,.T.);
#3118 = EDGE_LOOP('',(#3119,#3120,#3143,#3182,#3216,#3250,#3282));
#3119 = ORIENTED_EDGE('',*,*,#2821,.T.);
#3120 = ORIENTED_EDGE('',*,*,#3121,.T.);
#3121 = EDGE_CURVE('',#2822,#3122,#3124,.T.);
#3122 = VERTEX_POINT('',#3123);
#3123 = CARTESIAN_POINT('',(961.25000000002,41.25,25.));
#3124 = SEAM_CURVE('',#3125,(#3129,#3136),.PCURVE_S1.);
#3125 = LINE('',#3126,#3127);
#3126 = CARTESIAN_POINT('',(980.05,41.25,25.));
#3127 = VECTOR('',#3128,1.);
#3128 = DIRECTION('',(-1.,0.,0.));
#3129 = PCURVE('',#2838,#3130);
#3130 = DEFINITIONAL_REPRESENTATION('',(#3131),#3135);
#3131 = LINE('',#3132,#3133);
#3132 = CARTESIAN_POINT('',(-6.28318530718,0.));
#3133 = VECTOR('',#3134,1.);
#3134 = DIRECTION('',(-0.,-1.));
#3135 = ( GEOMETRIC_REPRESENTATION_CONTEXT(2) 
PARAMETRIC_REPRESENTATION_CONTEXT() REPRESENTATION_CONTEXT('2D SPACE',''
  ) );
#3136 = PCURVE('',#2838,#3137);
#3137 = DEFINITIONAL_REPRESENTATION('',(#3138),#3142);
#3138 = LINE('',#3139,#3140);
#3139 = CARTESIAN_POINT('',(-0.,0.));
#3140 = VECTOR('',#3141,1.);
#3141 = DIRECTION('',(-0.,-1.));
#3142 = ( GEOMETRIC_REPRESENTATION_CONTEXT(2) 
PARAMETRIC_REPRESENTATION_CONTEXT() REPRESENTATION_CONTEXT('2D SPACE',''
  ) );
#3143 = ORIENTED_EDGE('',*,*,#3144,.F.);
#3144 = EDGE_CURVE('',#3145,#3122,#3147,.T.);
#3145 = VERTEX_POINT('',#3146);
#3146 = CARTESIAN_POINT('',(960.,40.,23.75));
#3147 = SURFACE_CURVE('',#3148,(#3153,#3165),.PCURVE_S1.);
#3148 = ELLIPSE('',#3149,1.767766952966,1.25);
#3149 = AXIS2_PLACEMENT_3D('',#3150,#3151,#3152);
#3150 = CARTESIAN_POINT('',(960.,40.,25.));
#3151 = DIRECTION('',(0.707106781187,-0.707106781187,-0.));
#3152 = DIRECTION('',(-0.707106781187,-0.707106781187,0.));
#3153 = PCURVE('',#2838,#3154);
#3154 = DEFINITIONAL_REPRESENTATION('',(#3155),#3164);
#3155 = B_SPLINE_CURVE_WITH_KNOTS('',7,(#3156,#3157,#3158,#3159,#3160,
    #3161,#3162,#3163),.UNSPECIFIED.,.F.,.F.,(8,8),(1.570796326795,
    3.14159265359),.PIECEWISE_BEZIER_KNOTS.);
#3156 = CARTESIAN_POINT('',(-1.570796326795,-20.05));
#3157 = CARTESIAN_POINT('',(-1.346396851538,-19.76950065592));
#3158 = CARTESIAN_POINT('',(-1.121997376282,-19.48900245085));
#3159 = CARTESIAN_POINT('',(-0.897597901026,-19.23156646777));
#3160 = CARTESIAN_POINT('',(-0.673198425769,-19.02029686922));
#3161 = CARTESIAN_POINT('',(-0.448798950513,-18.87343584076));
#3162 = CARTESIAN_POINT('',(-0.224399475256,-18.8));
#3163 = CARTESIAN_POINT('',(0.,-18.8));
#3164 = ( GEOMETRIC_REPRESENTATION_CONTEXT(2) 
PARAMETRIC_REPRESENTATION_CONTEXT() REPRESENTATION_CONTEXT('2D SPACE',''
  ) );
#3165 = PCURVE('',#3166,#3171);
#3166 = CYLINDRICAL_SURFACE('',#3167,1.25);
#3167 = AXIS2_PLACEMENT_3D('',#3168,#3169,#3170);
#3168 = CARTESIAN_POINT('',(960.,19.95,25.));
#3169 = DIRECTION('',(-0.,-1.,-0.));
#3170 = DIRECTION('',(0.,0.,1.));
#3171 = DEFINITIONAL_REPRESENTATION('',(#3172),#3181);
#3172 = B_SPLINE_CURVE_WITH_KNOTS('',7,(#3173,#3174,#3175,#3176,#3177,
    #3178,#3179,#3180),.UNSPECIFIED.,.F.,.F.,(8,8),(1.570796326795,
    3.14159265359),.PIECEWISE_BEZIER_KNOTS.);
#3173 = CARTESIAN_POINT('',(-3.14159265359,-20.05));
#3174 = CARTESIAN_POINT('',(-2.917193178333,-20.33049934407));
#3175 = CARTESIAN_POINT('',(-2.692793703077,-20.61099754914));
#3176 = CARTESIAN_POINT('',(-2.468394227819,-20.86843353221));
#3177 = CARTESIAN_POINT('',(-2.243994752566,-21.07970313077));
#3178 = CARTESIAN_POINT('',(-2.019595277308,-21.22656415923));
#3179 = CARTESIAN_POINT('',(-1.795195802051,-21.3));
#3180 = CARTESIAN_POINT('',(-1.570796326795,-21.3));
#3181 = ( GEOMETRIC_REPRESENTATION_CONTEXT(2) 
PARAMETRIC_REPRESENTATION_CONTEXT() REPRESENTATION_CONTEXT('2D SPACE',''
  ) );
#3182 = ORIENTED_EDGE('',*,*,#3183,.T.);
#3183 = EDGE_CURVE('',#3145,#3184,#3186,.T.);
#3184 = VERTEX_POINT('',#3185);
#3185 = CARTESIAN_POINT('',(961.25,38.75,25.));
#3186 = SURFACE_CURVE('',#3187,(#3192,#3204),.PCURVE_S1.);
#3187 = ELLIPSE('',#3188,1.767766952966,1.25);
#3188 = AXIS2_PLACEMENT_3D('',#3189,#3190,#3191);
#3189 = CARTESIAN_POINT('',(960.,40.,25.));
#3190 = DIRECTION('',(-0.707106781187,-0.707106781187,0.));
#3191 = DIRECTION('',(0.707106781187,-0.707106781187,-0.));
#3192 = PCURVE('',#2838,#3193);
#3193 = DEFINITIONAL_REPRESENTATION('',(#3194),#3203);
#3194 = B_SPLINE_CURVE_WITH_KNOTS('',7,(#3195,#3196,#3197,#3198,#3199,
    #3200,#3201,#3202),.UNSPECIFIED.,.F.,.F.,(8,8),(4.712388980385,
    6.28318530718),.PIECEWISE_BEZIER_KNOTS.);
#3195 = CARTESIAN_POINT('',(-1.570796326795,-20.05));
#3196 = CARTESIAN_POINT('',(-1.795195802051,-19.76950065592));
#3197 = CARTESIAN_POINT('',(-2.019595277307,-19.48900245085));
#3198 = CARTESIAN_POINT('',(-2.243994752565,-19.23156646777));
#3199 = CARTESIAN_POINT('',(-2.46839422782,-19.02029686922));
#3200 = CARTESIAN_POINT('',(-2.692793703077,-18.87343584076));
#3201 = CARTESIAN_POINT('',(-2.917193178333,-18.8));
#3202 = CARTESIAN_POINT('',(-3.14159265359,-18.8));
#3203 = ( GEOMETRIC_REPRESENTATION_CONTEXT(2) 
PARAMETRIC_REPRESENTATION_CONTEXT() REPRESENTATION_CONTEXT('2D SPACE',''
  ) );
#3204 = PCURVE('',#2993,#3205);
#3205 = DEFINITIONAL_REPRESENTATION('',(#3206),#3215);
#3206 = B_SPLINE_CURVE_WITH_KNOTS('',7,(#3207,#3208,#3209,#3210,#3211,
    #3212,#3213,#3214),.UNSPECIFIED.,.F.,.F.,(8,8),(4.712388980385,
    6.28318530718),.PIECEWISE_BEZIER_KNOTS.);
#3207 = CARTESIAN_POINT('',(-3.14159265359,-20.05));
#3208 = CARTESIAN_POINT('',(-2.917193178333,-19.76950065592));
#3209 = CARTESIAN_POINT('',(-2.692793703077,-19.48900245085));
#3210 = CARTESIAN_POINT('',(-2.468394227821,-19.23156646778));
#3211 = CARTESIAN_POINT('',(-2.243994752563,-19.02029686922));
#3212 = CARTESIAN_POINT('',(-2.019595277308,-18.87343584076));
#3213 = CARTESIAN_POINT('',(-1.795195802051,-18.8));
#3214 = CARTESIAN_POINT('',(-1.570796326795,-18.8));
#3215 = ( GEOMETRIC_REPRESENTATION_CONTEXT(2) 
PARAMETRIC_REPRESENTATION_CONTEXT() REPRESENTATION_CONTEXT('2D SPACE',''
  ) );
#3216 = ORIENTED_EDGE('',*,*,#3217,.T.);
#3217 = EDGE_CURVE('',#3184,#3218,#3220,.T.);
#3218 = VERTEX_POINT('',#3219);
#3219 = CARTESIAN_POINT('',(960.,40.,26.25));
#3220 = SURFACE_CURVE('',#3221,(#3226,#3238),.PCURVE_S1.);
#3221 = ELLIPSE('',#3222,1.767766952966,1.25);
#3222 = AXIS2_PLACEMENT_3D('',#3223,#3224,#3225);
#3223 = CARTESIAN_POINT('',(960.,40.,25.));
#3224 = DIRECTION('',(-0.707106781187,-0.707106781187,0.));
#3225 = DIRECTION('',(0.707106781187,-0.707106781187,-0.));
#3226 = PCURVE('',#2838,#3227);
#3227 = DEFINITIONAL_REPRESENTATION('',(#3228),#3237);
#3228 = B_SPLINE_CURVE_WITH_KNOTS('',7,(#3229,#3230,#3231,#3232,#3233,
    #3234,#3235,#3236),.UNSPECIFIED.,.F.,.F.,(8,8),(0.,1.570796326795),
  .PIECEWISE_BEZIER_KNOTS.);
#3229 = CARTESIAN_POINT('',(-3.14159265359,-18.8));
#3230 = CARTESIAN_POINT('',(-3.365992128846,-18.8));
#3231 = CARTESIAN_POINT('',(-3.590391604103,-18.87343584076));
#3232 = CARTESIAN_POINT('',(-3.81479107936,-19.02029686922));
#3233 = CARTESIAN_POINT('',(-4.039190554615,-19.23156646777));
#3234 = CARTESIAN_POINT('',(-4.263590029872,-19.48900245085));
#3235 = CARTESIAN_POINT('',(-4.487989505128,-19.76950065592));
#3236 = CARTESIAN_POINT('',(-4.712388980385,-20.05));
#3237 = ( GEOMETRIC_REPRESENTATION_CONTEXT(2) 
PARAMETRIC_REPRESENTATION_CONTEXT() REPRESENTATION_CONTEXT('2D SPACE',''
  ) );
#3238 = PCURVE('',#2993,#3239);
#3239 = DEFINITIONAL_REPRESENTATION('',(#3240),#3249);
#3240 = B_SPLINE_CURVE_WITH_KNOTS('',7,(#3241,#3242,#3243,#3244,#3245,
    #3246,#3247,#3248),.UNSPECIFIED.,.F.,.F.,(8,8),(0.,1.570796326795),
  .PIECEWISE_BEZIER_KNOTS.);
#3241 = CARTESIAN_POINT('',(-1.570796326795,-18.8));
#3242 = CARTESIAN_POINT('',(-1.346396851538,-18.8));
#3243 = CARTESIAN_POINT('',(-1.121997376282,-18.87343584076));
#3244 = CARTESIAN_POINT('',(-0.897597901025,-19.02029686923));
#3245 = CARTESIAN_POINT('',(-0.67319842577,-19.23156646777));
#3246 = CARTESIAN_POINT('',(-0.448798950513,-19.48900245085));
#3247 = CARTESIAN_POINT('',(-0.224399475256,-19.76950065592));
#3248 = CARTESIAN_POINT('',(0.,-20.05));
#3249 = ( GEOMETRIC_REPRESENTATION_CONTEXT(2) 
PARAMETRIC_REPRESENTATION_CONTEXT() REPRESENTATION_CONTEXT('2D SPACE',''
  ) );
#3250 = ORIENTED_EDGE('',*,*,#3251,.F.);
#3251 = EDGE_CURVE('',#3122,#3218,#3252,.T.);
#3252 = SURFACE_CURVE('',#3253,(#3258,#3270),.PCURVE_S1.);
#3253 = ELLIPSE('',#3254,1.767766952966,1.25);
#3254 = AXIS2_PLACEMENT_3D('',#3255,#3256,#3257);
#3255 = CARTESIAN_POINT('',(960.,40.,25.));
#3256 = DIRECTION('',(0.707106781187,-0.707106781187,-0.));
#3257 = DIRECTION('',(-0.707106781187,-0.707106781187,0.));
#3258 = PCURVE('',#2838,#3259);
#3259 = DEFINITIONAL_REPRESENTATION('',(#3260),#3269);
#3260 = B_SPLINE_CURVE_WITH_KNOTS('',7,(#3261,#3262,#3263,#3264,#3265,
    #3266,#3267,#3268),.UNSPECIFIED.,.F.,.F.,(8,8),(3.14159265359,
    4.712388980385),.PIECEWISE_BEZIER_KNOTS.);
#3261 = CARTESIAN_POINT('',(-6.28318530718,-18.8));
#3262 = CARTESIAN_POINT('',(-6.058785831923,-18.8));
#3263 = CARTESIAN_POINT('',(-5.834386356667,-18.87343584076));
#3264 = CARTESIAN_POINT('',(-5.60998688141,-19.02029686922));
#3265 = CARTESIAN_POINT('',(-5.385587406154,-19.23156646777));
#3266 = CARTESIAN_POINT('',(-5.161187930898,-19.48900245085));
#3267 = CARTESIAN_POINT('',(-4.936788455641,-19.76950065592));
#3268 = CARTESIAN_POINT('',(-4.712388980385,-20.05));
#3269 = ( GEOMETRIC_REPRESENTATION_CONTEXT(2) 
PARAMETRIC_REPRESENTATION_CONTEXT() REPRESENTATION_CONTEXT('2D SPACE',''
  ) );
#3270 = PCURVE('',#3166,#3271);
#3271 = DEFINITIONAL_REPRESENTATION('',(#3272),#3281);
#3272 = B_SPLINE_CURVE_WITH_KNOTS('',7,(#3273,#3274,#3275,#3276,#3277,
    #3278,#3279,#3280),.UNSPECIFIED.,.F.,.F.,(8,8),(3.14159265359,
    4.712388980385),.PIECEWISE_BEZIER_KNOTS.);
#3273 = CARTESIAN_POINT('',(-1.570796326795,-21.3));
#3274 = CARTESIAN_POINT('',(-1.346396851538,-21.3));
#3275 = CARTESIAN_POINT('',(-1.121997376282,-21.22656415923));
#3276 = CARTESIAN_POINT('',(-0.897597901025,-21.07970313079));
#3277 = CARTESIAN_POINT('',(-0.67319842577,-20.8684335322));
#3278 = CARTESIAN_POINT('',(-0.448798950513,-20.61099754915));
#3279 = CARTESIAN_POINT('',(-0.224399475256,-20.33049934407));
#3280 = CARTESIAN_POINT('',(0.,-20.05));
#3281 = ( GEOMETRIC_REPRESENTATION_CONTEXT(2) 
PARAMETRIC_REPRESENTATION_CONTEXT() REPRESENTATION_CONTEXT('2D SPACE',''
  ) );
#3282 = ORIENTED_EDGE('',*,*,#3121,.F.);
#3283 = ADVANCED_FACE('',(#3284),#2869,.F.);
#3284 = FACE_BOUND('',#3285,.T.);
#3285 = EDGE_LOOP('',(#3286,#3287,#3310,#3349,#3383,#3417,#3449));
#3286 = ORIENTED_EDGE('',*,*,#2852,.T.);
#3287 = ORIENTED_EDGE('',*,*,#3288,.T.);
#3288 = EDGE_CURVE('',#2853,#3289,#3291,.T.);
#3289 = VERTEX_POINT('',#3290);
#3290 = CARTESIAN_POINT('',(961.25000000002,41.25,120.));
#3291 = SEAM_CURVE('',#3292,(#3296,#3303),.PCURVE_S1.);
#3292 = LINE('',#3293,#3294);
#3293 = CARTESIAN_POINT('',(980.05,41.25,120.));
#3294 = VECTOR('',#3295,1.);
#3295 = DIRECTION('',(-1.,0.,0.));
#3296 = PCURVE('',#2869,#3297);
#3297 = DEFINITIONAL_REPRESENTATION('',(#3298),#3302);
#3298 = LINE('',#3299,#3300);
#3299 = CARTESIAN_POINT('',(-6.28318530718,0.));
#3300 = VECTOR('',#3301,1.);
#3301 = DIRECTION('',(-0.,-1.));
#3302 = ( GEOMETRIC_REPRESENTATION_CONTEXT(2) 
PARAMETRIC_REPRESENTATION_CONTEXT() REPRESENTATION_CONTEXT('2D SPACE',''
  ) );
#3303 = PCURVE('',#2869,#3304);
#3304 = DEFINITIONAL_REPRESENTATION('',(#3305),#3309);
#3305 = LINE('',#3306,#3307);
#3306 = CARTESIAN_POINT('',(-0.,0.));
#3307 = VECTOR('',#3308,1.);
#3308 = DIRECTION('',(-0.,-1.));
#3309 = ( GEOMETRIC_REPRESENTATION_CONTEXT(2) 
PARAMETRIC_REPRESENTATION_CONTEXT() REPRESENTATION_CONTEXT('2D SPACE',''
  ) );
#3310 = ORIENTED_EDGE('',*,*,#3311,.F.);
#3311 = EDGE_CURVE('',#3312,#3289,#3314,.T.);
#3312 = VERTEX_POINT('',#3313);
#3313 = CARTESIAN_POINT('',(960.,40.,118.75));
#3314 = SURFACE_CURVE('',#3315,(#3320,#3332),.PCURVE_S1.);
#3315 = ELLIPSE('',#3316,1.767766952966,1.25);
#3316 = AXIS2_PLACEMENT_3D('',#3317,#3318,#3319);
#3317 = CARTESIAN_POINT('',(960.,40.,120.));
#3318 = DIRECTION('',(0.707106781187,-0.707106781187,-0.));
#3319 = DIRECTION('',(-0.707106781187,-0.707106781187,0.));
#3320 = PCURVE('',#2869,#3321);
#3321 = DEFINITIONAL_REPRESENTATION('',(#3322),#3331);
#3322 = B_SPLINE_CURVE_WITH_KNOTS('',7,(#3323,#3324,#3325,#3326,#3327,
    #3328,#3329,#3330),.UNSPECIFIED.,.F.,.F.,(8,8),(1.570796326795,
    3.14159265359),.PIECEWISE_BEZIER_KNOTS.);
#3323 = CARTESIAN_POINT('',(-1.570796326795,-20.05));
#3324 = CARTESIAN_POINT('',(-1.346396851538,-19.76950065592));
#3325 = CARTESIAN_POINT('',(-1.121997376282,-19.48900245085));
#3326 = CARTESIAN_POINT('',(-0.897597901026,-19.23156646777));
#3327 = CARTESIAN_POINT('',(-0.673198425769,-19.02029686922));
#3328 = CARTESIAN_POINT('',(-0.448798950513,-18.87343584076));
#3329 = CARTESIAN_POINT('',(-0.224399475256,-18.8));
#3330 = CARTESIAN_POINT('',(0.,-18.8));
#3331 = ( GEOMETRIC_REPRESENTATION_CONTEXT(2) 
PARAMETRIC_REPRESENTATION_CONTEXT() REPRESENTATION_CONTEXT('2D SPACE',''
  ) );
#3332 = PCURVE('',#3333,#3338);
#3333 = CYLINDRICAL_SURFACE('',#3334,1.25);
#3334 = AXIS2_PLACEMENT_3D('',#3335,#3336,#3337);
#3335 = CARTESIAN_POINT('',(960.,19.95,120.));
#3336 = DIRECTION('',(-0.,-1.,-0.));
#3337 = DIRECTION('',(0.,0.,1.));
#3338 = DEFINITIONAL_REPRESENTATION('',(#3339),#3348);
#3339 = B_SPLINE_CURVE_WITH_KNOTS('',7,(#3340,#3341,#3342,#3343,#3344,
    #3345,#3346,#3347),.UNSPECIFIED.,.F.,.F.,(8,8),(1.570796326795,
    3.14159265359),.PIECEWISE_BEZIER_KNOTS.);
#3340 = CARTESIAN_POINT('',(-3.14159265359,-20.05));
#3341 = CARTESIAN_POINT('',(-2.917193178333,-20.33049934407));
#3342 = CARTESIAN_POINT('',(-2.692793703077,-20.61099754914));
#3343 = CARTESIAN_POINT('',(-2.46839422782,-20.86843353221));
#3344 = CARTESIAN_POINT('',(-2.243994752565,-21.07970313077));
#3345 = CARTESIAN_POINT('',(-2.019595277308,-21.22656415923));
#3346 = CARTESIAN_POINT('',(-1.795195802051,-21.3));
#3347 = CARTESIAN_POINT('',(-1.570796326795,-21.3));
#3348 = ( GEOMETRIC_REPRESENTATION_CONTEXT(2) 
PARAMETRIC_REPRESENTATION_CONTEXT() REPRESENTATION_CONTEXT('2D SPACE',''
  ) );
#3349 = ORIENTED_EDGE('',*,*,#3350,.T.);
#3350 = EDGE_CURVE('',#3312,#3351,#3353,.T.);
#3351 = VERTEX_POINT('',#3352);
#3352 = CARTESIAN_POINT('',(961.25,38.75,120.));
#3353 = SURFACE_CURVE('',#3354,(#3359,#3371),.PCURVE_S1.);
#3354 = ELLIPSE('',#3355,1.767766952966,1.25);
#3355 = AXIS2_PLACEMENT_3D('',#3356,#3357,#3358);
#3356 = CARTESIAN_POINT('',(960.,40.,120.));
#3357 = DIRECTION('',(-0.707106781187,-0.707106781187,0.));
#3358 = DIRECTION('',(0.707106781187,-0.707106781187,-0.));
#3359 = PCURVE('',#2869,#3360);
#3360 = DEFINITIONAL_REPRESENTATION('',(#3361),#3370);
#3361 = B_SPLINE_CURVE_WITH_KNOTS('',7,(#3362,#3363,#3364,#3365,#3366,
    #3367,#3368,#3369),.UNSPECIFIED.,.F.,.F.,(8,8),(4.712388980385,
    6.28318530718),.PIECEWISE_BEZIER_KNOTS.);
#3362 = CARTESIAN_POINT('',(-1.570796326795,-20.05));
#3363 = CARTESIAN_POINT('',(-1.795195802051,-19.76950065592));
#3364 = CARTESIAN_POINT('',(-2.019595277307,-19.48900245085));
#3365 = CARTESIAN_POINT('',(-2.243994752565,-19.23156646777));
#3366 = CARTESIAN_POINT('',(-2.46839422782,-19.02029686922));
#3367 = CARTESIAN_POINT('',(-2.692793703077,-18.87343584076));
#3368 = CARTESIAN_POINT('',(-2.917193178333,-18.8));
#3369 = CARTESIAN_POINT('',(-3.14159265359,-18.8));
#3370 = ( GEOMETRIC_REPRESENTATION_CONTEXT(2) 
PARAMETRIC_REPRESENTATION_CONTEXT() REPRESENTATION_CONTEXT('2D SPACE',''
  ) );
#3371 = PCURVE('',#3028,#3372);
#3372 = DEFINITIONAL_REPRESENTATION('',(#3373),#3382);
#3373 = B_SPLINE_CURVE_WITH_KNOTS('',7,(#3374,#3375,#3376,#3377,#3378,
    #3379,#3380,#3381),.UNSPECIFIED.,.F.,.F.,(8,8),(4.712388980385,
    6.28318530718),.PIECEWISE_BEZIER_KNOTS.);
#3374 = CARTESIAN_POINT('',(-3.14159265359,-20.05));
#3375 = CARTESIAN_POINT('',(-2.917193178333,-19.76950065592));
#3376 = CARTESIAN_POINT('',(-2.692793703077,-19.48900245085));
#3377 = CARTESIAN_POINT('',(-2.46839422782,-19.23156646778));
#3378 = CARTESIAN_POINT('',(-2.243994752565,-19.02029686922));
#3379 = CARTESIAN_POINT('',(-2.019595277308,-18.87343584076));
#3380 = CARTESIAN_POINT('',(-1.795195802051,-18.8));
#3381 = CARTESIAN_POINT('',(-1.570796326795,-18.8));
#3382 = ( GEOMETRIC_REPRESENTATION_CONTEXT(2) 
PARAMETRIC_REPRESENTATION_CONTEXT() REPRESENTATION_CONTEXT('2D SPACE',''
  ) );
#3383 = ORIENTED_EDGE('',*,*,#3384,.T.);
#3384 = EDGE_CURVE('',#3351,#3385,#3387,.T.);
#3385 = VERTEX_POINT('',#3386);
#3386 = CARTESIAN_POINT('',(960.,40.,121.25));
#3387 = SURFACE_CURVE('',#3388,(#3393,#3405),.PCURVE_S1.);
#3388 = ELLIPSE('',#3389,1.767766952966,1.25);
#3389 = AXIS2_PLACEMENT_3D('',#3390,#3391,#3392);
#3390 = CARTESIAN_POINT('',(960.,40.,120.));
#3391 = DIRECTION('',(-0.707106781187,-0.707106781187,0.));
#3392 = DIRECTION('',(0.707106781187,-0.707106781187,-0.));
#3393 = PCURVE('',#2869,#3394);
#3394 = DEFINITIONAL_REPRESENTATION('',(#3395),#3404);
#3395 = B_SPLINE_CURVE_WITH_KNOTS('',7,(#3396,#3397,#3398,#3399,#3400,
    #3401,#3402,#3403),.UNSPECIFIED.,.F.,.F.,(8,8),(0.,1.570796326795),
  .PIECEWISE_BEZIER_KNOTS.);
#3396 = CARTESIAN_POINT('',(-3.14159265359,-18.8));
#3397 = CARTESIAN_POINT('',(-3.365992128846,-18.8));
#3398 = CARTESIAN_POINT('',(-3.590391604102,-18.87343584076));
#3399 = CARTESIAN_POINT('',(-3.814791079359,-19.02029686922));
#3400 = CARTESIAN_POINT('',(-4.039190554615,-19.23156646777));
#3401 = CARTESIAN_POINT('',(-4.263590029871,-19.48900245085));
#3402 = CARTESIAN_POINT('',(-4.487989505128,-19.76950065592));
#3403 = CARTESIAN_POINT('',(-4.712388980385,-20.05));
#3404 = ( GEOMETRIC_REPRESENTATION_CONTEXT(2) 
PARAMETRIC_REPRESENTATION_CONTEXT() REPRESENTATION_CONTEXT('2D SPACE',''
  ) );
#3405 = PCURVE('',#3028,#3406);
#3406 = DEFINITIONAL_REPRESENTATION('',(#3407),#3416);
#3407 = B_SPLINE_CURVE_WITH_KNOTS('',7,(#3408,#3409,#3410,#3411,#3412,
    #3413,#3414,#3415),.UNSPECIFIED.,.F.,.F.,(8,8),(0.,1.570796326795),
  .PIECEWISE_BEZIER_KNOTS.);
#3408 = CARTESIAN_POINT('',(-1.570796326795,-18.8));
#3409 = CARTESIAN_POINT('',(-1.346396851538,-18.8));
#3410 = CARTESIAN_POINT('',(-1.121997376282,-18.87343584076));
#3411 = CARTESIAN_POINT('',(-0.897597901026,-19.02029686923));
#3412 = CARTESIAN_POINT('',(-0.673198425769,-19.23156646777));
#3413 = CARTESIAN_POINT('',(-0.448798950513,-19.48900245085));
#3414 = CARTESIAN_POINT('',(-0.224399475256,-19.76950065592));
#3415 = CARTESIAN_POINT('',(0.,-20.05));
#3416 = ( GEOMETRIC_REPRESENTATION_CONTEXT(2) 
PARAMETRIC_REPRESENTATION_CONTEXT() REPRESENTATION_CONTEXT('2D SPACE',''
  ) );
#3417 = ORIENTED_EDGE('',*,*,#3418,.F.);
#3418 = EDGE_CURVE('',#3289,#3385,#3419,.T.);
#3419 = SURFACE_CURVE('',#3420,(#3425,#3437),.PCURVE_S1.);
#3420 = ELLIPSE('',#3421,1.767766952966,1.25);
#3421 = AXIS2_PLACEMENT_3D('',#3422,#3423,#3424);
#3422 = CARTESIAN_POINT('',(960.,40.,120.));
#3423 = DIRECTION('',(0.707106781187,-0.707106781187,-0.));
#3424 = DIRECTION('',(-0.707106781187,-0.707106781187,0.));
#3425 = PCURVE('',#2869,#3426);
#3426 = DEFINITIONAL_REPRESENTATION('',(#3427),#3436);
#3427 = B_SPLINE_CURVE_WITH_KNOTS('',7,(#3428,#3429,#3430,#3431,#3432,
    #3433,#3434,#3435),.UNSPECIFIED.,.F.,.F.,(8,8),(3.14159265359,
    4.712388980385),.PIECEWISE_BEZIER_KNOTS.);
#3428 = CARTESIAN_POINT('',(-6.28318530718,-18.8));
#3429 = CARTESIAN_POINT('',(-6.058785831923,-18.8));
#3430 = CARTESIAN_POINT('',(-5.834386356667,-18.87343584076));
#3431 = CARTESIAN_POINT('',(-5.609986881411,-19.02029686922));
#3432 = CARTESIAN_POINT('',(-5.385587406154,-19.23156646777));
#3433 = CARTESIAN_POINT('',(-5.161187930898,-19.48900245085));
#3434 = CARTESIAN_POINT('',(-4.936788455641,-19.76950065592));
#3435 = CARTESIAN_POINT('',(-4.712388980385,-20.05));
#3436 = ( GEOMETRIC_REPRESENTATION_CONTEXT(2) 
PARAMETRIC_REPRESENTATION_CONTEXT() REPRESENTATION_CONTEXT('2D SPACE',''
  ) );
#3437 = PCURVE('',#3333,#3438);
#3438 = DEFINITIONAL_REPRESENTATION('',(#3439),#3448);
#3439 = B_SPLINE_CURVE_WITH_KNOTS('',7,(#3440,#3441,#3442,#3443,#3444,
    #3445,#3446,#3447),.UNSPECIFIED.,.F.,.F.,(8,8),(3.14159265359,
    4.712388980385),.PIECEWISE_BEZIER_KNOTS.);
#3440 = CARTESIAN_POINT('',(-1.570796326795,-21.3));
#3441 = CARTESIAN_POINT('',(-1.346396851538,-21.3));
#3442 = CARTESIAN_POINT('',(-1.121997376282,-21.22656415923));
#3443 = CARTESIAN_POINT('',(-0.897597901026,-21.07970313079));
#3444 = CARTESIAN_POINT('',(-0.673198425769,-20.8684335322));
#3445 = CARTESIAN_POINT('',(-0.448798950513,-20.61099754915));
#3446 = CARTESIAN_POINT('',(-0.224399475256,-20.33049934407));
#3447 = CARTESIAN_POINT('',(0.,-20.05));
#3448 = ( GEOMETRIC_REPRESENTATION_CONTEXT(2) 
PARAMETRIC_REPRESENTATION_CONTEXT() REPRESENTATION_CONTEXT('2D SPACE',''
  ) );
#3449 = ORIENTED_EDGE('',*,*,#3288,.F.);
#3450 = ADVANCED_FACE('',(#3451),#2900,.F.);
#3451 = FACE_BOUND('',#3452,.T.);
#3452 = EDGE_LOOP('',(#3453,#3454,#3477,#3516,#3550,#3584,#3616));
#3453 = ORIENTED_EDGE('',*,*,#2883,.T.);
#3454 = ORIENTED_EDGE('',*,*,#3455,.T.);
#3455 = EDGE_CURVE('',#2884,#3456,#3458,.T.);
#3456 = VERTEX_POINT('',#3457);
#3457 = CARTESIAN_POINT('',(961.25000000002,41.25,170.));
#3458 = SEAM_CURVE('',#3459,(#3463,#3470),.PCURVE_S1.);
#3459 = LINE('',#3460,#3461);
#3460 = CARTESIAN_POINT('',(980.05,41.25,170.));
#3461 = VECTOR('',#3462,1.);
#3462 = DIRECTION('',(-1.,0.,0.));
#3463 = PCURVE('',#2900,#3464);
#3464 = DEFINITIONAL_REPRESENTATION('',(#3465),#3469);
#3465 = LINE('',#3466,#3467);
#3466 = CARTESIAN_POINT('',(-6.28318530718,0.));
#3467 = VECTOR('',#3468,1.);
#3468 = DIRECTION('',(-0.,-1.));
#3469 = ( GEOMETRIC_REPRESENTATION_CONTEXT(2) 
PARAMETRIC_REPRESENTATION_CONTEXT() REPRESENTATION_CONTEXT('2D SPACE',''
  ) );
#3470 = PCURVE('',#2900,#3471);
#3471 = DEFINITIONAL_REPRESENTATION('',(#3472),#3476);
#3472 = LINE('',#3473,#3474);
#3473 = CARTESIAN_POINT('',(-0.,0.));
#3474 = VECTOR('',#3475,1.);
#3475 = DIRECTION('',(-0.,-1.));
#3476 = ( GEOMETRIC_REPRESENTATION_CONTEXT(2) 
PARAMETRIC_REPRESENTATION_CONTEXT() REPRESENTATION_CONTEXT('2D SPACE',''
  ) );
#3477 = ORIENTED_EDGE('',*,*,#3478,.F.);
#3478 = EDGE_CURVE('',#3479,#3456,#3481,.T.);
#3479 = VERTEX_POINT('',#3480);
#3480 = CARTESIAN_POINT('',(960.,40.,168.75));
#3481 = SURFACE_CURVE('',#3482,(#3487,#3499),.PCURVE_S1.);
#3482 = ELLIPSE('',#3483,1.767766952966,1.25);
#3483 = AXIS2_PLACEMENT_3D('',#3484,#3485,#3486);
#3484 = CARTESIAN_POINT('',(960.,40.,170.));
#3485 = DIRECTION('',(0.707106781187,-0.707106781187,-0.));
#3486 = DIRECTION('',(-0.707106781187,-0.707106781187,0.));
#3487 = PCURVE('',#2900,#3488);
#3488 = DEFINITIONAL_REPRESENTATION('',(#3489),#3498);
#3489 = B_SPLINE_CURVE_WITH_KNOTS('',7,(#3490,#3491,#3492,#3493,#3494,
    #3495,#3496,#3497),.UNSPECIFIED.,.F.,.F.,(8,8),(1.570796326795,
    3.14159265359),.PIECEWISE_BEZIER_KNOTS.);
#3490 = CARTESIAN_POINT('',(-1.570796326795,-20.05));
#3491 = CARTESIAN_POINT('',(-1.346396851538,-19.76950065592));
#3492 = CARTESIAN_POINT('',(-1.121997376282,-19.48900245085));
#3493 = CARTESIAN_POINT('',(-0.897597901026,-19.23156646777));
#3494 = CARTESIAN_POINT('',(-0.673198425769,-19.02029686922));
#3495 = CARTESIAN_POINT('',(-0.448798950513,-18.87343584076));
#3496 = CARTESIAN_POINT('',(-0.224399475256,-18.8));
#3497 = CARTESIAN_POINT('',(0.,-18.8));
#3498 = ( GEOMETRIC_REPRESENTATION_CONTEXT(2) 
PARAMETRIC_REPRESENTATION_CONTEXT() REPRESENTATION_CONTEXT('2D SPACE',''
  ) );
#3499 = PCURVE('',#3500,#3505);
#3500 = CYLINDRICAL_SURFACE('',#3501,1.25);
#3501 = AXIS2_PLACEMENT_3D('',#3502,#3503,#3504);
#3502 = CARTESIAN_POINT('',(960.,19.95,170.));
#3503 = DIRECTION('',(-0.,-1.,-0.));
#3504 = DIRECTION('',(0.,0.,1.));
#3505 = DEFINITIONAL_REPRESENTATION('',(#3506),#3515);
#3506 = B_SPLINE_CURVE_WITH_KNOTS('',7,(#3507,#3508,#3509,#3510,#3511,
    #3512,#3513,#3514),.UNSPECIFIED.,.F.,.F.,(8,8),(1.570796326795,
    3.14159265359),.PIECEWISE_BEZIER_KNOTS.);
#3507 = CARTESIAN_POINT('',(-3.14159265359,-20.05));
#3508 = CARTESIAN_POINT('',(-2.917193178333,-20.33049934407));
#3509 = CARTESIAN_POINT('',(-2.692793703077,-20.61099754914));
#3510 = CARTESIAN_POINT('',(-2.46839422782,-20.86843353221));
#3511 = CARTESIAN_POINT('',(-2.243994752565,-21.07970313077));
#3512 = CARTESIAN_POINT('',(-2.019595277308,-21.22656415923));
#3513 = CARTESIAN_POINT('',(-1.795195802051,-21.3));
#3514 = CARTESIAN_POINT('',(-1.570796326795,-21.3));
#3515 = ( GEOMETRIC_REPRESENTATION_CONTEXT(2) 
PARAMETRIC_REPRESENTATION_CONTEXT() REPRESENTATION_CONTEXT('2D SPACE',''
  ) );
#3516 = ORIENTED_EDGE('',*,*,#3517,.T.);
#3517 = EDGE_CURVE('',#3479,#3518,#3520,.T.);
#3518 = VERTEX_POINT('',#3519);
#3519 = CARTESIAN_POINT('',(961.25,38.75,170.));
#3520 = SURFACE_CURVE('',#3521,(#3526,#3538),.PCURVE_S1.);
#3521 = ELLIPSE('',#3522,1.767766952966,1.25);
#3522 = AXIS2_PLACEMENT_3D('',#3523,#3524,#3525);
#3523 = CARTESIAN_POINT('',(960.,40.,170.));
#3524 = DIRECTION('',(-0.707106781187,-0.707106781187,0.));
#3525 = DIRECTION('',(0.707106781187,-0.707106781187,-0.));
#3526 = PCURVE('',#2900,#3527);
#3527 = DEFINITIONAL_REPRESENTATION('',(#3528),#3537);
#3528 = B_SPLINE_CURVE_WITH_KNOTS('',7,(#3529,#3530,#3531,#3532,#3533,
    #3534,#3535,#3536),.UNSPECIFIED.,.F.,.F.,(8,8),(4.712388980385,
    6.28318530718),.PIECEWISE_BEZIER_KNOTS.);
#3529 = CARTESIAN_POINT('',(-1.570796326795,-20.05));
#3530 = CARTESIAN_POINT('',(-1.795195802051,-19.76950065592));
#3531 = CARTESIAN_POINT('',(-2.019595277307,-19.48900245085));
#3532 = CARTESIAN_POINT('',(-2.243994752564,-19.23156646777));
#3533 = CARTESIAN_POINT('',(-2.46839422782,-19.02029686922));
#3534 = CARTESIAN_POINT('',(-2.692793703077,-18.87343584076));
#3535 = CARTESIAN_POINT('',(-2.917193178333,-18.8));
#3536 = CARTESIAN_POINT('',(-3.14159265359,-18.8));
#3537 = ( GEOMETRIC_REPRESENTATION_CONTEXT(2) 
PARAMETRIC_REPRESENTATION_CONTEXT() REPRESENTATION_CONTEXT('2D SPACE',''
  ) );
#3538 = PCURVE('',#3063,#3539);
#3539 = DEFINITIONAL_REPRESENTATION('',(#3540),#3549);
#3540 = B_SPLINE_CURVE_WITH_KNOTS('',7,(#3541,#3542,#3543,#3544,#3545,
    #3546,#3547,#3548),.UNSPECIFIED.,.F.,.F.,(8,8),(4.712388980385,
    6.28318530718),.PIECEWISE_BEZIER_KNOTS.);
#3541 = CARTESIAN_POINT('',(-3.14159265359,-20.05));
#3542 = CARTESIAN_POINT('',(-2.917193178333,-19.76950065592));
#3543 = CARTESIAN_POINT('',(-2.692793703077,-19.48900245085));
#3544 = CARTESIAN_POINT('',(-2.46839422782,-19.23156646778));
#3545 = CARTESIAN_POINT('',(-2.243994752565,-19.02029686922));
#3546 = CARTESIAN_POINT('',(-2.019595277308,-18.87343584076));
#3547 = CARTESIAN_POINT('',(-1.795195802051,-18.8));
#3548 = CARTESIAN_POINT('',(-1.570796326795,-18.8));
#3549 = ( GEOMETRIC_REPRESENTATION_CONTEXT(2) 
PARAMETRIC_REPRESENTATION_CONTEXT() REPRESENTATION_CONTEXT('2D SPACE',''
  ) );
#3550 = ORIENTED_EDGE('',*,*,#3551,.T.);
#3551 = EDGE_CURVE('',#3518,#3552,#3554,.T.);
#3552 = VERTEX_POINT('',#3553);
#3553 = CARTESIAN_POINT('',(960.,40.,171.25));
#3554 = SURFACE_CURVE('',#3555,(#3560,#3572),.PCURVE_S1.);
#3555 = ELLIPSE('',#3556,1.767766952966,1.25);
#3556 = AXIS2_PLACEMENT_3D('',#3557,#3558,#3559);
#3557 = CARTESIAN_POINT('',(960.,40.,170.));
#3558 = DIRECTION('',(-0.707106781187,-0.707106781187,0.));
#3559 = DIRECTION('',(0.707106781187,-0.707106781187,-0.));
#3560 = PCURVE('',#2900,#3561);
#3561 = DEFINITIONAL_REPRESENTATION('',(#3562),#3571);
#3562 = B_SPLINE_CURVE_WITH_KNOTS('',7,(#3563,#3564,#3565,#3566,#3567,
    #3568,#3569,#3570),.UNSPECIFIED.,.F.,.F.,(8,8),(0.,1.570796326795),
  .PIECEWISE_BEZIER_KNOTS.);
#3563 = CARTESIAN_POINT('',(-3.14159265359,-18.8));
#3564 = CARTESIAN_POINT('',(-3.365992128846,-18.8));
#3565 = CARTESIAN_POINT('',(-3.590391604102,-18.87343584076));
#3566 = CARTESIAN_POINT('',(-3.81479107936,-19.02029686922));
#3567 = CARTESIAN_POINT('',(-4.039190554615,-19.23156646777));
#3568 = CARTESIAN_POINT('',(-4.263590029872,-19.48900245085));
#3569 = CARTESIAN_POINT('',(-4.487989505128,-19.76950065592));
#3570 = CARTESIAN_POINT('',(-4.712388980385,-20.05));
#3571 = ( GEOMETRIC_REPRESENTATION_CONTEXT(2) 
PARAMETRIC_REPRESENTATION_CONTEXT() REPRESENTATION_CONTEXT('2D SPACE',''
  ) );
#3572 = PCURVE('',#3063,#3573);
#3573 = DEFINITIONAL_REPRESENTATION('',(#3574),#3583);
#3574 = B_SPLINE_CURVE_WITH_KNOTS('',7,(#3575,#3576,#3577,#3578,#3579,
    #3580,#3581,#3582),.UNSPECIFIED.,.F.,.F.,(8,8),(0.,1.570796326795),
  .PIECEWISE_BEZIER_KNOTS.);
#3575 = CARTESIAN_POINT('',(-1.570796326795,-18.8));
#3576 = CARTESIAN_POINT('',(-1.346396851538,-18.8));
#3577 = CARTESIAN_POINT('',(-1.121997376282,-18.87343584076));
#3578 = CARTESIAN_POINT('',(-0.897597901025,-19.02029686923));
#3579 = CARTESIAN_POINT('',(-0.67319842577,-19.23156646777));
#3580 = CARTESIAN_POINT('',(-0.448798950513,-19.48900245085));
#3581 = CARTESIAN_POINT('',(-0.224399475256,-19.76950065592));
#3582 = CARTESIAN_POINT('',(0.,-20.05));
#3583 = ( GEOMETRIC_REPRESENTATION_CONTEXT(2) 
PARAMETRIC_REPRESENTATION_CONTEXT() REPRESENTATION_CONTEXT('2D SPACE',''
  ) );
#3584 = ORIENTED_EDGE('',*,*,#3585,.F.);
#3585 = EDGE_CURVE('',#3456,#3552,#3586,.T.);
#3586 = SURFACE_CURVE('',#3587,(#3592,#3604),.PCURVE_S1.);
#3587 = ELLIPSE('',#3588,1.767766952966,1.25);
#3588 = AXIS2_PLACEMENT_3D('',#3589,#3590,#3591);
#3589 = CARTESIAN_POINT('',(960.,40.,170.));
#3590 = DIRECTION('',(0.707106781187,-0.707106781187,-0.));
#3591 = DIRECTION('',(-0.707106781187,-0.707106781187,0.));
#3592 = PCURVE('',#2900,#3593);
#3593 = DEFINITIONAL_REPRESENTATION('',(#3594),#3603);
#3594 = B_SPLINE_CURVE_WITH_KNOTS('',7,(#3595,#3596,#3597,#3598,#3599,
    #3600,#3601,#3602),.UNSPECIFIED.,.F.,.F.,(8,8),(3.14159265359,
    4.712388980385),.PIECEWISE_BEZIER_KNOTS.);
#3595 = CARTESIAN_POINT('',(-6.28318530718,-18.8));
#3596 = CARTESIAN_POINT('',(-6.058785831923,-18.8));
#3597 = CARTESIAN_POINT('',(-5.834386356667,-18.87343584076));
#3598 = CARTESIAN_POINT('',(-5.60998688141,-19.02029686922));
#3599 = CARTESIAN_POINT('',(-5.385587406154,-19.23156646777));
#3600 = CARTESIAN_POINT('',(-5.161187930898,-19.48900245085));
#3601 = CARTESIAN_POINT('',(-4.936788455641,-19.76950065592));
#3602 = CARTESIAN_POINT('',(-4.712388980385,-20.05));
#3603 = ( GEOMETRIC_REPRESENTATION_CONTEXT(2) 
PARAMETRIC_REPRESENTATION_CONTEXT() REPRESENTATION_CONTEXT('2D SPACE',''
  ) );
#3604 = PCURVE('',#3500,#3605);
#3605 = DEFINITIONAL_REPRESENTATION('',(#3606),#3615);
#3606 = B_SPLINE_CURVE_WITH_KNOTS('',7,(#3607,#3608,#3609,#3610,#3611,
    #3612,#3613,#3614),.UNSPECIFIED.,.F.,.F.,(8,8),(3.14159265359,
    4.712388980385),.PIECEWISE_BEZIER_KNOTS.);
#3607 = CARTESIAN_POINT('',(-1.570796326795,-21.3));
#3608 = CARTESIAN_POINT('',(-1.346396851538,-21.3));
#3609 = CARTESIAN_POINT('',(-1.121997376282,-21.22656415923));
#3610 = CARTESIAN_POINT('',(-0.897597901026,-21.07970313079));
#3611 = CARTESIAN_POINT('',(-0.673198425769,-20.8684335322));
#3612 = CARTESIAN_POINT('',(-0.448798950513,-20.61099754915));
#3613 = CARTESIAN_POINT('',(-0.224399475256,-20.33049934407));
#3614 = CARTESIAN_POINT('',(0.,-20.05));
#3615 = ( GEOMETRIC_REPRESENTATION_CONTEXT(2) 
PARAMETRIC_REPRESENTATION_CONTEXT() REPRESENTATION_CONTEXT('2D SPACE',''
  ) );
#3616 = ORIENTED_EDGE('',*,*,#3455,.F.);
#3617 = ADVANCED_FACE('',(#3618),#2931,.F.);
#3618 = FACE_BOUND('',#3619,.T.);
#3619 = EDGE_LOOP('',(#3620,#3621,#3644,#3683,#3717,#3751,#3783));
#3620 = ORIENTED_EDGE('',*,*,#2914,.T.);
#3621 = ORIENTED_EDGE('',*,*,#3622,.T.);
#3622 = EDGE_CURVE('',#2915,#3623,#3625,.T.);
#3623 = VERTEX_POINT('',#3624);
#3624 = CARTESIAN_POINT('',(961.25000000002,41.25,265.));
#3625 = SEAM_CURVE('',#3626,(#3630,#3637),.PCURVE_S1.);
#3626 = LINE('',#3627,#3628);
#3627 = CARTESIAN_POINT('',(980.05,41.25,265.));
#3628 = VECTOR('',#3629,1.);
#3629 = DIRECTION('',(-1.,0.,0.));
#3630 = PCURVE('',#2931,#3631);
#3631 = DEFINITIONAL_REPRESENTATION('',(#3632),#3636);
#3632 = LINE('',#3633,#3634);
#3633 = CARTESIAN_POINT('',(-6.28318530718,0.));
#3634 = VECTOR('',#3635,1.);
#3635 = DIRECTION('',(-0.,-1.));
#3636 = ( GEOMETRIC_REPRESENTATION_CONTEXT(2) 
PARAMETRIC_REPRESENTATION_CONTEXT() REPRESENTATION_CONTEXT('2D SPACE',''
  ) );
#3637 = PCURVE('',#2931,#3638);
#3638 = DEFINITIONAL_REPRESENTATION('',(#3639),#3643);
#3639 = LINE('',#3640,#3641);
#3640 = CARTESIAN_POINT('',(-0.,0.));
#3641 = VECTOR('',#3642,1.);
#3642 = DIRECTION('',(-0.,-1.));
#3643 = ( GEOMETRIC_REPRESENTATION_CONTEXT(2) 
PARAMETRIC_REPRESENTATION_CONTEXT() REPRESENTATION_CONTEXT('2D SPACE',''
  ) );
#3644 = ORIENTED_EDGE('',*,*,#3645,.F.);
#3645 = EDGE_CURVE('',#3646,#3623,#3648,.T.);
#3646 = VERTEX_POINT('',#3647);
#3647 = CARTESIAN_POINT('',(960.,40.,263.75));
#3648 = SURFACE_CURVE('',#3649,(#3654,#3666),.PCURVE_S1.);
#3649 = ELLIPSE('',#3650,1.767766952966,1.25);
#3650 = AXIS2_PLACEMENT_3D('',#3651,#3652,#3653);
#3651 = CARTESIAN_POINT('',(960.,40.,265.));
#3652 = DIRECTION('',(0.707106781187,-0.707106781187,-0.));
#3653 = DIRECTION('',(-0.707106781187,-0.707106781187,0.));
#3654 = PCURVE('',#2931,#3655);
#3655 = DEFINITIONAL_REPRESENTATION('',(#3656),#3665);
#3656 = B_SPLINE_CURVE_WITH_KNOTS('',7,(#3657,#3658,#3659,#3660,#3661,
    #3662,#3663,#3664),.UNSPECIFIED.,.F.,.F.,(8,8),(1.570796326795,
    3.14159265359),.PIECEWISE_BEZIER_KNOTS.);
#3657 = CARTESIAN_POINT('',(-1.570796326795,-20.05));
#3658 = CARTESIAN_POINT('',(-1.346396851538,-19.76950065592));
#3659 = CARTESIAN_POINT('',(-1.121997376282,-19.48900245085));
#3660 = CARTESIAN_POINT('',(-0.897597901026,-19.23156646777));
#3661 = CARTESIAN_POINT('',(-0.673198425769,-19.02029686922));
#3662 = CARTESIAN_POINT('',(-0.448798950513,-18.87343584076));
#3663 = CARTESIAN_POINT('',(-0.224399475256,-18.8));
#3664 = CARTESIAN_POINT('',(0.,-18.8));
#3665 = ( GEOMETRIC_REPRESENTATION_CONTEXT(2) 
PARAMETRIC_REPRESENTATION_CONTEXT() REPRESENTATION_CONTEXT('2D SPACE',''
  ) );
#3666 = PCURVE('',#3667,#3672);
#3667 = CYLINDRICAL_SURFACE('',#3668,1.25);
#3668 = AXIS2_PLACEMENT_3D('',#3669,#3670,#3671);
#3669 = CARTESIAN_POINT('',(960.,19.95,265.));
#3670 = DIRECTION('',(-0.,-1.,-0.));
#3671 = DIRECTION('',(0.,0.,1.));
#3672 = DEFINITIONAL_REPRESENTATION('',(#3673),#3682);
#3673 = B_SPLINE_CURVE_WITH_KNOTS('',7,(#3674,#3675,#3676,#3677,#3678,
    #3679,#3680,#3681),.UNSPECIFIED.,.F.,.F.,(8,8),(1.570796326795,
    3.14159265359),.PIECEWISE_BEZIER_KNOTS.);
#3674 = CARTESIAN_POINT('',(-3.14159265359,-20.05));
#3675 = CARTESIAN_POINT('',(-2.917193178333,-20.33049934407));
#3676 = CARTESIAN_POINT('',(-2.692793703078,-20.61099754914));
#3677 = CARTESIAN_POINT('',(-2.468394227819,-20.86843353221));
#3678 = CARTESIAN_POINT('',(-2.243994752566,-21.07970313077));
#3679 = CARTESIAN_POINT('',(-2.019595277307,-21.22656415923));
#3680 = CARTESIAN_POINT('',(-1.795195802051,-21.3));
#3681 = CARTESIAN_POINT('',(-1.570796326795,-21.3));
#3682 = ( GEOMETRIC_REPRESENTATION_CONTEXT(2) 
PARAMETRIC_REPRESENTATION_CONTEXT() REPRESENTATION_CONTEXT('2D SPACE',''
  ) );
#3683 = ORIENTED_EDGE('',*,*,#3684,.T.);
#3684 = EDGE_CURVE('',#3646,#3685,#3687,.T.);
#3685 = VERTEX_POINT('',#3686);
#3686 = CARTESIAN_POINT('',(961.25,38.75,265.));
#3687 = SURFACE_CURVE('',#3688,(#3693,#3705),.PCURVE_S1.);
#3688 = ELLIPSE('',#3689,1.767766952966,1.25);
#3689 = AXIS2_PLACEMENT_3D('',#3690,#3691,#3692);
#3690 = CARTESIAN_POINT('',(960.,40.,265.));
#3691 = DIRECTION('',(-0.707106781187,-0.707106781187,0.));
#3692 = DIRECTION('',(0.707106781187,-0.707106781187,-0.));
#3693 = PCURVE('',#2931,#3694);
#3694 = DEFINITIONAL_REPRESENTATION('',(#3695),#3704);
#3695 = B_SPLINE_CURVE_WITH_KNOTS('',7,(#3696,#3697,#3698,#3699,#3700,
    #3701,#3702,#3703),.UNSPECIFIED.,.F.,.F.,(8,8),(4.712388980385,
    6.28318530718),.PIECEWISE_BEZIER_KNOTS.);
#3696 = CARTESIAN_POINT('',(-1.570796326795,-20.05));
#3697 = CARTESIAN_POINT('',(-1.795195802051,-19.76950065592));
#3698 = CARTESIAN_POINT('',(-2.019595277308,-19.48900245085));
#3699 = CARTESIAN_POINT('',(-2.243994752565,-19.23156646777));
#3700 = CARTESIAN_POINT('',(-2.46839422782,-19.02029686922));
#3701 = CARTESIAN_POINT('',(-2.692793703077,-18.87343584076));
#3702 = CARTESIAN_POINT('',(-2.917193178333,-18.8));
#3703 = CARTESIAN_POINT('',(-3.14159265359,-18.8));
#3704 = ( GEOMETRIC_REPRESENTATION_CONTEXT(2) 
PARAMETRIC_REPRESENTATION_CONTEXT() REPRESENTATION_CONTEXT('2D SPACE',''
  ) );
#3705 = PCURVE('',#3098,#3706);
#3706 = DEFINITIONAL_REPRESENTATION('',(#3707),#3716);
#3707 = B_SPLINE_CURVE_WITH_KNOTS('',7,(#3708,#3709,#3710,#3711,#3712,
    #3713,#3714,#3715),.UNSPECIFIED.,.F.,.F.,(8,8),(4.712388980385,
    6.28318530718),.PIECEWISE_BEZIER_KNOTS.);
#3708 = CARTESIAN_POINT('',(-3.14159265359,-20.05));
#3709 = CARTESIAN_POINT('',(-2.917193178333,-19.76950065592));
#3710 = CARTESIAN_POINT('',(-2.692793703078,-19.48900245085));
#3711 = CARTESIAN_POINT('',(-2.468394227819,-19.23156646778));
#3712 = CARTESIAN_POINT('',(-2.243994752566,-19.02029686922));
#3713 = CARTESIAN_POINT('',(-2.019595277307,-18.87343584076));
#3714 = CARTESIAN_POINT('',(-1.795195802051,-18.8));
#3715 = CARTESIAN_POINT('',(-1.570796326795,-18.8));
#3716 = ( GEOMETRIC_REPRESENTATION_CONTEXT(2) 
PARAMETRIC_REPRESENTATION_CONTEXT() REPRESENTATION_CONTEXT('2D SPACE',''
  ) );
#3717 = ORIENTED_EDGE('',*,*,#3718,.T.);
#3718 = EDGE_CURVE('',#3685,#3719,#3721,.T.);
#3719 = VERTEX_POINT('',#3720);
#3720 = CARTESIAN_POINT('',(960.,40.,266.25));
#3721 = SURFACE_CURVE('',#3722,(#3727,#3739),.PCURVE_S1.);
#3722 = ELLIPSE('',#3723,1.767766952966,1.25);
#3723 = AXIS2_PLACEMENT_3D('',#3724,#3725,#3726);
#3724 = CARTESIAN_POINT('',(960.,40.,265.));
#3725 = DIRECTION('',(-0.707106781187,-0.707106781187,0.));
#3726 = DIRECTION('',(0.707106781187,-0.707106781187,-0.));
#3727 = PCURVE('',#2931,#3728);
#3728 = DEFINITIONAL_REPRESENTATION('',(#3729),#3738);
#3729 = B_SPLINE_CURVE_WITH_KNOTS('',7,(#3730,#3731,#3732,#3733,#3734,
    #3735,#3736,#3737),.UNSPECIFIED.,.F.,.F.,(8,8),(0.,1.570796326795),
  .PIECEWISE_BEZIER_KNOTS.);
#3730 = CARTESIAN_POINT('',(-3.14159265359,-18.8));
#3731 = CARTESIAN_POINT('',(-3.365992128846,-18.8));
#3732 = CARTESIAN_POINT('',(-3.590391604102,-18.87343584076));
#3733 = CARTESIAN_POINT('',(-3.814791079358,-19.02029686922));
#3734 = CARTESIAN_POINT('',(-4.039190554617,-19.23156646777));
#3735 = CARTESIAN_POINT('',(-4.263590029872,-19.48900245085));
#3736 = CARTESIAN_POINT('',(-4.487989505128,-19.76950065592));
#3737 = CARTESIAN_POINT('',(-4.712388980385,-20.05));
#3738 = ( GEOMETRIC_REPRESENTATION_CONTEXT(2) 
PARAMETRIC_REPRESENTATION_CONTEXT() REPRESENTATION_CONTEXT('2D SPACE',''
  ) );
#3739 = PCURVE('',#3098,#3740);
#3740 = DEFINITIONAL_REPRESENTATION('',(#3741),#3750);
#3741 = B_SPLINE_CURVE_WITH_KNOTS('',7,(#3742,#3743,#3744,#3745,#3746,
    #3747,#3748,#3749),.UNSPECIFIED.,.F.,.F.,(8,8),(0.,1.570796326795),
  .PIECEWISE_BEZIER_KNOTS.);
#3742 = CARTESIAN_POINT('',(-1.570796326795,-18.8));
#3743 = CARTESIAN_POINT('',(-1.346396851538,-18.8));
#3744 = CARTESIAN_POINT('',(-1.121997376282,-18.87343584076));
#3745 = CARTESIAN_POINT('',(-0.897597901025,-19.02029686923));
#3746 = CARTESIAN_POINT('',(-0.67319842577,-19.23156646777));
#3747 = CARTESIAN_POINT('',(-0.448798950513,-19.48900245085));
#3748 = CARTESIAN_POINT('',(-0.224399475256,-19.76950065592));
#3749 = CARTESIAN_POINT('',(0.,-20.05));
#3750 = ( GEOMETRIC_REPRESENTATION_CONTEXT(2) 
PARAMETRIC_REPRESENTATION_CONTEXT() REPRESENTATION_CONTEXT('2D SPACE',''
  ) );
#3751 = ORIENTED_EDGE('',*,*,#3752,.F.);
#3752 = EDGE_CURVE('',#3623,#3719,#3753,.T.);
#3753 = SURFACE_CURVE('',#3754,(#3759,#3771),.PCURVE_S1.);
#3754 = ELLIPSE('',#3755,1.767766952966,1.25);
#3755 = AXIS2_PLACEMENT_3D('',#3756,#3757,#3758);
#3756 = CARTESIAN_POINT('',(960.,40.,265.));
#3757 = DIRECTION('',(0.707106781187,-0.707106781187,-0.));
#3758 = DIRECTION('',(-0.707106781187,-0.707106781187,0.));
#3759 = PCURVE('',#2931,#3760);
#3760 = DEFINITIONAL_REPRESENTATION('',(#3761),#3770);
#3761 = B_SPLINE_CURVE_WITH_KNOTS('',7,(#3762,#3763,#3764,#3765,#3766,
    #3767,#3768,#3769),.UNSPECIFIED.,.F.,.F.,(8,8),(3.14159265359,
    4.712388980385),.PIECEWISE_BEZIER_KNOTS.);
#3762 = CARTESIAN_POINT('',(-6.28318530718,-18.8));
#3763 = CARTESIAN_POINT('',(-6.058785831923,-18.8));
#3764 = CARTESIAN_POINT('',(-5.834386356667,-18.87343584076));
#3765 = CARTESIAN_POINT('',(-5.609986881411,-19.02029686922));
#3766 = CARTESIAN_POINT('',(-5.385587406154,-19.23156646777));
#3767 = CARTESIAN_POINT('',(-5.161187930898,-19.48900245085));
#3768 = CARTESIAN_POINT('',(-4.936788455641,-19.76950065592));
#3769 = CARTESIAN_POINT('',(-4.712388980385,-20.05));
#3770 = ( GEOMETRIC_REPRESENTATION_CONTEXT(2) 
PARAMETRIC_REPRESENTATION_CONTEXT() REPRESENTATION_CONTEXT('2D SPACE',''
  ) );
#3771 = PCURVE('',#3667,#3772);
#3772 = DEFINITIONAL_REPRESENTATION('',(#3773),#3782);
#3773 = B_SPLINE_CURVE_WITH_KNOTS('',7,(#3774,#3775,#3776,#3777,#3778,
    #3779,#3780,#3781),.UNSPECIFIED.,.F.,.F.,(8,8),(3.14159265359,
    4.712388980385),.PIECEWISE_BEZIER_KNOTS.);
#3774 = CARTESIAN_POINT('',(-1.570796326795,-21.3));
#3775 = CARTESIAN_POINT('',(-1.346396851538,-21.3));
#3776 = CARTESIAN_POINT('',(-1.121997376282,-21.22656415923));
#3777 = CARTESIAN_POINT('',(-0.897597901025,-21.07970313079));
#3778 = CARTESIAN_POINT('',(-0.67319842577,-20.8684335322));
#3779 = CARTESIAN_POINT('',(-0.448798950513,-20.61099754915));
#3780 = CARTESIAN_POINT('',(-0.224399475256,-20.33049934407));
#3781 = CARTESIAN_POINT('',(0.,-20.05));
#3782 = ( GEOMETRIC_REPRESENTATION_CONTEXT(2) 
PARAMETRIC_REPRESENTATION_CONTEXT() REPRESENTATION_CONTEXT('2D SPACE',''
  ) );
#3783 = ORIENTED_EDGE('',*,*,#3622,.F.);
#3784 = ADVANCED_FACE('',(#3785),#2993,.F.);
#3785 = FACE_BOUND('',#3786,.T.);
#3786 = EDGE_LOOP('',(#3787,#3808,#3809,#3810,#3811,#3812,#3851));
#3787 = ORIENTED_EDGE('',*,*,#3788,.F.);
#3788 = EDGE_CURVE('',#2973,#3218,#3789,.T.);
#3789 = SEAM_CURVE('',#3790,(#3794,#3801),.PCURVE_S1.);
#3790 = LINE('',#3791,#3792);
#3791 = CARTESIAN_POINT('',(960.,19.95,26.25));
#3792 = VECTOR('',#3793,1.);
#3793 = DIRECTION('',(0.,1.,0.));
#3794 = PCURVE('',#2993,#3795);
#3795 = DEFINITIONAL_REPRESENTATION('',(#3796),#3800);
#3796 = LINE('',#3797,#3798);
#3797 = CARTESIAN_POINT('',(-6.28318530718,0.));
#3798 = VECTOR('',#3799,1.);
#3799 = DIRECTION('',(-0.,-1.));
#3800 = ( GEOMETRIC_REPRESENTATION_CONTEXT(2) 
PARAMETRIC_REPRESENTATION_CONTEXT() REPRESENTATION_CONTEXT('2D SPACE',''
  ) );
#3801 = PCURVE('',#2993,#3802);
#3802 = DEFINITIONAL_REPRESENTATION('',(#3803),#3807);
#3803 = LINE('',#3804,#3805);
#3804 = CARTESIAN_POINT('',(-0.,0.));
#3805 = VECTOR('',#3806,1.);
#3806 = DIRECTION('',(-0.,-1.));
#3807 = ( GEOMETRIC_REPRESENTATION_CONTEXT(2) 
PARAMETRIC_REPRESENTATION_CONTEXT() REPRESENTATION_CONTEXT('2D SPACE',''
  ) );
#3808 = ORIENTED_EDGE('',*,*,#2972,.T.);
#3809 = ORIENTED_EDGE('',*,*,#3788,.T.);
#3810 = ORIENTED_EDGE('',*,*,#3217,.F.);
#3811 = ORIENTED_EDGE('',*,*,#3183,.F.);
#3812 = ORIENTED_EDGE('',*,*,#3813,.F.);
#3813 = EDGE_CURVE('',#3814,#3145,#3816,.T.);
#3814 = VERTEX_POINT('',#3815);
#3815 = CARTESIAN_POINT('',(958.75,38.75,25.));
#3816 = SURFACE_CURVE('',#3817,(#3822,#3834),.PCURVE_S1.);
#3817 = ELLIPSE('',#3818,1.767766952966,1.25);
#3818 = AXIS2_PLACEMENT_3D('',#3819,#3820,#3821);
#3819 = CARTESIAN_POINT('',(960.,40.,25.));
#3820 = DIRECTION('',(0.707106781187,-0.707106781187,-0.));
#3821 = DIRECTION('',(-0.707106781187,-0.707106781187,0.));
#3822 = PCURVE('',#2993,#3823);
#3823 = DEFINITIONAL_REPRESENTATION('',(#3824),#3833);
#3824 = B_SPLINE_CURVE_WITH_KNOTS('',7,(#3825,#3826,#3827,#3828,#3829,
    #3830,#3831,#3832),.UNSPECIFIED.,.F.,.F.,(8,8),(0.,1.570796326795),
  .PIECEWISE_BEZIER_KNOTS.);
#3825 = CARTESIAN_POINT('',(-4.712388980385,-18.8));
#3826 = CARTESIAN_POINT('',(-4.487989505128,-18.8));
#3827 = CARTESIAN_POINT('',(-4.263590029872,-18.87343584076));
#3828 = CARTESIAN_POINT('',(-4.039190554615,-19.02029686923));
#3829 = CARTESIAN_POINT('',(-3.81479107936,-19.23156646777));
#3830 = CARTESIAN_POINT('',(-3.590391604103,-19.48900245085));
#3831 = CARTESIAN_POINT('',(-3.365992128846,-19.76950065592));
#3832 = CARTESIAN_POINT('',(-3.14159265359,-20.05));
#3833 = ( GEOMETRIC_REPRESENTATION_CONTEXT(2) 
PARAMETRIC_REPRESENTATION_CONTEXT() REPRESENTATION_CONTEXT('2D SPACE',''
  ) );
#3834 = PCURVE('',#3835,#3840);
#3835 = CYLINDRICAL_SURFACE('',#3836,1.25);
#3836 = AXIS2_PLACEMENT_3D('',#3837,#3838,#3839);
#3837 = CARTESIAN_POINT('',(980.05,40.,25.));
#3838 = DIRECTION('',(1.,-0.,-0.));
#3839 = DIRECTION('',(0.,1.,0.));
#3840 = DEFINITIONAL_REPRESENTATION('',(#3841),#3850);
#3841 = B_SPLINE_CURVE_WITH_KNOTS('',7,(#3842,#3843,#3844,#3845,#3846,
    #3847,#3848,#3849),.UNSPECIFIED.,.F.,.F.,(8,8),(0.,1.570796326795),
  .PIECEWISE_BEZIER_KNOTS.);
#3842 = CARTESIAN_POINT('',(-3.14159265359,-21.3));
#3843 = CARTESIAN_POINT('',(-2.917193178333,-21.3));
#3844 = CARTESIAN_POINT('',(-2.692793703077,-21.22656415923));
#3845 = CARTESIAN_POINT('',(-2.46839422782,-21.07970313078));
#3846 = CARTESIAN_POINT('',(-2.243994752565,-20.86843353221));
#3847 = CARTESIAN_POINT('',(-2.019595277307,-20.61099754914));
#3848 = CARTESIAN_POINT('',(-1.795195802051,-20.33049934407));
#3849 = CARTESIAN_POINT('',(-1.570796326795,-20.05));
#3850 = ( GEOMETRIC_REPRESENTATION_CONTEXT(2) 
PARAMETRIC_REPRESENTATION_CONTEXT() REPRESENTATION_CONTEXT('2D SPACE',''
  ) );
#3851 = ORIENTED_EDGE('',*,*,#3852,.F.);
#3852 = EDGE_CURVE('',#3218,#3814,#3853,.T.);
#3853 = SURFACE_CURVE('',#3854,(#3859,#3871),.PCURVE_S1.);
#3854 = ELLIPSE('',#3855,1.767766952966,1.25);
#3855 = AXIS2_PLACEMENT_3D('',#3856,#3857,#3858);
#3856 = CARTESIAN_POINT('',(960.,40.,25.));
#3857 = DIRECTION('',(0.707106781187,-0.707106781187,-0.));
#3858 = DIRECTION('',(-0.707106781187,-0.707106781187,0.));
#3859 = PCURVE('',#2993,#3860);
#3860 = DEFINITIONAL_REPRESENTATION('',(#3861),#3870);
#3861 = B_SPLINE_CURVE_WITH_KNOTS('',7,(#3862,#3863,#3864,#3865,#3866,
    #3867,#3868,#3869),.UNSPECIFIED.,.F.,.F.,(8,8),(4.712388980385,
    6.28318530718),.PIECEWISE_BEZIER_KNOTS.);
#3862 = CARTESIAN_POINT('',(-6.28318530718,-20.05));
#3863 = CARTESIAN_POINT('',(-6.058785831923,-19.76950065592));
#3864 = CARTESIAN_POINT('',(-5.834386356667,-19.48900245085));
#3865 = CARTESIAN_POINT('',(-5.60998688141,-19.23156646778));
#3866 = CARTESIAN_POINT('',(-5.385587406154,-19.02029686922));
#3867 = CARTESIAN_POINT('',(-5.161187930897,-18.87343584076));
#3868 = CARTESIAN_POINT('',(-4.936788455641,-18.8));
#3869 = CARTESIAN_POINT('',(-4.712388980385,-18.8));
#3870 = ( GEOMETRIC_REPRESENTATION_CONTEXT(2) 
PARAMETRIC_REPRESENTATION_CONTEXT() REPRESENTATION_CONTEXT('2D SPACE',''
  ) );
#3871 = PCURVE('',#3835,#3872);
#3872 = DEFINITIONAL_REPRESENTATION('',(#3873),#3882);
#3873 = B_SPLINE_CURVE_WITH_KNOTS('',7,(#3874,#3875,#3876,#3877,#3878,
    #3879,#3880,#3881),.UNSPECIFIED.,.F.,.F.,(8,8),(4.712388980385,
    6.28318530718),.PIECEWISE_BEZIER_KNOTS.);
#3874 = CARTESIAN_POINT('',(-4.712388980385,-20.05));
#3875 = CARTESIAN_POINT('',(-4.487989505128,-20.33049934407));
#3876 = CARTESIAN_POINT('',(-4.263590029872,-20.61099754914));
#3877 = CARTESIAN_POINT('',(-4.039190554615,-20.86843353223));
#3878 = CARTESIAN_POINT('',(-3.81479107936,-21.07970313077));
#3879 = CARTESIAN_POINT('',(-3.590391604102,-21.22656415924));
#3880 = CARTESIAN_POINT('',(-3.365992128846,-21.3));
#3881 = CARTESIAN_POINT('',(-3.14159265359,-21.3));
#3882 = ( GEOMETRIC_REPRESENTATION_CONTEXT(2) 
PARAMETRIC_REPRESENTATION_CONTEXT() REPRESENTATION_CONTEXT('2D SPACE',''
  ) );
#3883 = ADVANCED_FACE('',(#3884),#3028,.F.);
#3884 = FACE_BOUND('',#3885,.T.);
#3885 = EDGE_LOOP('',(#3886,#3907,#3908,#3909,#3910,#3911,#3950));
#3886 = ORIENTED_EDGE('',*,*,#3887,.F.);
#3887 = EDGE_CURVE('',#3008,#3385,#3888,.T.);
#3888 = SEAM_CURVE('',#3889,(#3893,#3900),.PCURVE_S1.);
#3889 = LINE('',#3890,#3891);
#3890 = CARTESIAN_POINT('',(960.,19.95,121.25));
#3891 = VECTOR('',#3892,1.);
#3892 = DIRECTION('',(0.,1.,0.));
#3893 = PCURVE('',#3028,#3894);
#3894 = DEFINITIONAL_REPRESENTATION('',(#3895),#3899);
#3895 = LINE('',#3896,#3897);
#3896 = CARTESIAN_POINT('',(-6.28318530718,0.));
#3897 = VECTOR('',#3898,1.);
#3898 = DIRECTION('',(-0.,-1.));
#3899 = ( GEOMETRIC_REPRESENTATION_CONTEXT(2) 
PARAMETRIC_REPRESENTATION_CONTEXT() REPRESENTATION_CONTEXT('2D SPACE',''
  ) );
#3900 = PCURVE('',#3028,#3901);
#3901 = DEFINITIONAL_REPRESENTATION('',(#3902),#3906);
#3902 = LINE('',#3903,#3904);
#3903 = CARTESIAN_POINT('',(-0.,0.));
#3904 = VECTOR('',#3905,1.);
#3905 = DIRECTION('',(-0.,-1.));
#3906 = ( GEOMETRIC_REPRESENTATION_CONTEXT(2) 
PARAMETRIC_REPRESENTATION_CONTEXT() REPRESENTATION_CONTEXT('2D SPACE',''
  ) );
#3907 = ORIENTED_EDGE('',*,*,#3007,.T.);
#3908 = ORIENTED_EDGE('',*,*,#3887,.T.);
#3909 = ORIENTED_EDGE('',*,*,#3384,.F.);
#3910 = ORIENTED_EDGE('',*,*,#3350,.F.);
#3911 = ORIENTED_EDGE('',*,*,#3912,.F.);
#3912 = EDGE_CURVE('',#3913,#3312,#3915,.T.);
#3913 = VERTEX_POINT('',#3914);
#3914 = CARTESIAN_POINT('',(958.75,38.75,120.));
#3915 = SURFACE_CURVE('',#3916,(#3921,#3933),.PCURVE_S1.);
#3916 = ELLIPSE('',#3917,1.767766952966,1.25);
#3917 = AXIS2_PLACEMENT_3D('',#3918,#3919,#3920);
#3918 = CARTESIAN_POINT('',(960.,40.,120.));
#3919 = DIRECTION('',(0.707106781187,-0.707106781187,-0.));
#3920 = DIRECTION('',(-0.707106781187,-0.707106781187,0.));
#3921 = PCURVE('',#3028,#3922);
#3922 = DEFINITIONAL_REPRESENTATION('',(#3923),#3932);
#3923 = B_SPLINE_CURVE_WITH_KNOTS('',7,(#3924,#3925,#3926,#3927,#3928,
    #3929,#3930,#3931),.UNSPECIFIED.,.F.,.F.,(8,8),(0.,1.570796326795),
  .PIECEWISE_BEZIER_KNOTS.);
#3924 = CARTESIAN_POINT('',(-4.712388980385,-18.8));
#3925 = CARTESIAN_POINT('',(-4.487989505128,-18.8));
#3926 = CARTESIAN_POINT('',(-4.263590029871,-18.87343584076));
#3927 = CARTESIAN_POINT('',(-4.039190554618,-19.02029686923));
#3928 = CARTESIAN_POINT('',(-3.814791079358,-19.23156646777));
#3929 = CARTESIAN_POINT('',(-3.590391604103,-19.48900245085));
#3930 = CARTESIAN_POINT('',(-3.365992128846,-19.76950065592));
#3931 = CARTESIAN_POINT('',(-3.14159265359,-20.05));
#3932 = ( GEOMETRIC_REPRESENTATION_CONTEXT(2) 
PARAMETRIC_REPRESENTATION_CONTEXT() REPRESENTATION_CONTEXT('2D SPACE',''
  ) );
#3933 = PCURVE('',#3934,#3939);
#3934 = CYLINDRICAL_SURFACE('',#3935,1.25);
#3935 = AXIS2_PLACEMENT_3D('',#3936,#3937,#3938);
#3936 = CARTESIAN_POINT('',(980.05,40.,120.));
#3937 = DIRECTION('',(1.,-0.,-0.));
#3938 = DIRECTION('',(0.,1.,0.));
#3939 = DEFINITIONAL_REPRESENTATION('',(#3940),#3949);
#3940 = B_SPLINE_CURVE_WITH_KNOTS('',7,(#3941,#3942,#3943,#3944,#3945,
    #3946,#3947,#3948),.UNSPECIFIED.,.F.,.F.,(8,8),(0.,1.570796326795),
  .PIECEWISE_BEZIER_KNOTS.);
#3941 = CARTESIAN_POINT('',(-3.14159265359,-21.3));
#3942 = CARTESIAN_POINT('',(-2.917193178333,-21.3));
#3943 = CARTESIAN_POINT('',(-2.692793703077,-21.22656415923));
#3944 = CARTESIAN_POINT('',(-2.468394227822,-21.07970313078));
#3945 = CARTESIAN_POINT('',(-2.243994752562,-20.86843353221));
#3946 = CARTESIAN_POINT('',(-2.019595277308,-20.61099754914));
#3947 = CARTESIAN_POINT('',(-1.795195802051,-20.33049934407));
#3948 = CARTESIAN_POINT('',(-1.570796326795,-20.05));
#3949 = ( GEOMETRIC_REPRESENTATION_CONTEXT(2) 
PARAMETRIC_REPRESENTATION_CONTEXT() REPRESENTATION_CONTEXT('2D SPACE',''
  ) );
#3950 = ORIENTED_EDGE('',*,*,#3951,.F.);
#3951 = EDGE_CURVE('',#3385,#3913,#3952,.T.);
#3952 = SURFACE_CURVE('',#3953,(#3958,#3970),.PCURVE_S1.);
#3953 = ELLIPSE('',#3954,1.767766952966,1.25);
#3954 = AXIS2_PLACEMENT_3D('',#3955,#3956,#3957);
#3955 = CARTESIAN_POINT('',(960.,40.,120.));
#3956 = DIRECTION('',(0.707106781187,-0.707106781187,-0.));
#3957 = DIRECTION('',(-0.707106781187,-0.707106781187,0.));
#3958 = PCURVE('',#3028,#3959);
#3959 = DEFINITIONAL_REPRESENTATION('',(#3960),#3969);
#3960 = B_SPLINE_CURVE_WITH_KNOTS('',7,(#3961,#3962,#3963,#3964,#3965,
    #3966,#3967,#3968),.UNSPECIFIED.,.F.,.F.,(8,8),(4.712388980385,
    6.28318530718),.PIECEWISE_BEZIER_KNOTS.);
#3961 = CARTESIAN_POINT('',(-6.28318530718,-20.05));
#3962 = CARTESIAN_POINT('',(-6.058785831923,-19.76950065592));
#3963 = CARTESIAN_POINT('',(-5.834386356667,-19.48900245085));
#3964 = CARTESIAN_POINT('',(-5.60998688141,-19.23156646778));
#3965 = CARTESIAN_POINT('',(-5.385587406154,-19.02029686922));
#3966 = CARTESIAN_POINT('',(-5.161187930898,-18.87343584076));
#3967 = CARTESIAN_POINT('',(-4.936788455641,-18.8));
#3968 = CARTESIAN_POINT('',(-4.712388980385,-18.8));
#3969 = ( GEOMETRIC_REPRESENTATION_CONTEXT(2) 
PARAMETRIC_REPRESENTATION_CONTEXT() REPRESENTATION_CONTEXT('2D SPACE',''
  ) );
#3970 = PCURVE('',#3934,#3971);
#3971 = DEFINITIONAL_REPRESENTATION('',(#3972),#3981);
#3972 = B_SPLINE_CURVE_WITH_KNOTS('',7,(#3973,#3974,#3975,#3976,#3977,
    #3978,#3979,#3980),.UNSPECIFIED.,.F.,.F.,(8,8),(4.712388980385,
    6.28318530718),.PIECEWISE_BEZIER_KNOTS.);
#3973 = CARTESIAN_POINT('',(-4.712388980385,-20.05));
#3974 = CARTESIAN_POINT('',(-4.487989505128,-20.33049934407));
#3975 = CARTESIAN_POINT('',(-4.26359002987,-20.61099754914));
#3976 = CARTESIAN_POINT('',(-4.039190554619,-20.86843353223));
#3977 = CARTESIAN_POINT('',(-3.814791079356,-21.07970313077));
#3978 = CARTESIAN_POINT('',(-3.590391604103,-21.22656415924));
#3979 = CARTESIAN_POINT('',(-3.365992128846,-21.3));
#3980 = CARTESIAN_POINT('',(-3.14159265359,-21.3));
#3981 = ( GEOMETRIC_REPRESENTATION_CONTEXT(2) 
PARAMETRIC_REPRESENTATION_CONTEXT() REPRESENTATION_CONTEXT('2D SPACE',''
  ) );
#3982 = ADVANCED_FACE('',(#3983),#3063,.F.);
#3983 = FACE_BOUND('',#3984,.T.);
#3984 = EDGE_LOOP('',(#3985,#4006,#4007,#4008,#4009,#4010,#4049));
#3985 = ORIENTED_EDGE('',*,*,#3986,.F.);
#3986 = EDGE_CURVE('',#3043,#3552,#3987,.T.);
#3987 = SEAM_CURVE('',#3988,(#3992,#3999),.PCURVE_S1.);
#3988 = LINE('',#3989,#3990);
#3989 = CARTESIAN_POINT('',(960.,19.95,171.25));
#3990 = VECTOR('',#3991,1.);
#3991 = DIRECTION('',(0.,1.,0.));
#3992 = PCURVE('',#3063,#3993);
#3993 = DEFINITIONAL_REPRESENTATION('',(#3994),#3998);
#3994 = LINE('',#3995,#3996);
#3995 = CARTESIAN_POINT('',(-6.28318530718,0.));
#3996 = VECTOR('',#3997,1.);
#3997 = DIRECTION('',(-0.,-1.));
#3998 = ( GEOMETRIC_REPRESENTATION_CONTEXT(2) 
PARAMETRIC_REPRESENTATION_CONTEXT() REPRESENTATION_CONTEXT('2D SPACE',''
  ) );
#3999 = PCURVE('',#3063,#4000);
#4000 = DEFINITIONAL_REPRESENTATION('',(#4001),#4005);
#4001 = LINE('',#4002,#4003);
#4002 = CARTESIAN_POINT('',(-0.,0.));
#4003 = VECTOR('',#4004,1.);
#4004 = DIRECTION('',(-0.,-1.));
#4005 = ( GEOMETRIC_REPRESENTATION_CONTEXT(2) 
PARAMETRIC_REPRESENTATION_CONTEXT() REPRESENTATION_CONTEXT('2D SPACE',''
  ) );
#4006 = ORIENTED_EDGE('',*,*,#3042,.T.);
#4007 = ORIENTED_EDGE('',*,*,#3986,.T.);
#4008 = ORIENTED_EDGE('',*,*,#3551,.F.);
#4009 = ORIENTED_EDGE('',*,*,#3517,.F.);
#4010 = ORIENTED_EDGE('',*,*,#4011,.F.);
#4011 = EDGE_CURVE('',#4012,#3479,#4014,.T.);
#4012 = VERTEX_POINT('',#4013);
#4013 = CARTESIAN_POINT('',(958.75,38.75,170.));
#4014 = SURFACE_CURVE('',#4015,(#4020,#4032),.PCURVE_S1.);
#4015 = ELLIPSE('',#4016,1.767766952966,1.25);
#4016 = AXIS2_PLACEMENT_3D('',#4017,#4018,#4019);
#4017 = CARTESIAN_POINT('',(960.,40.,170.));
#4018 = DIRECTION('',(0.707106781187,-0.707106781187,-0.));
#4019 = DIRECTION('',(-0.707106781187,-0.707106781187,0.));
#4020 = PCURVE('',#3063,#4021);
#4021 = DEFINITIONAL_REPRESENTATION('',(#4022),#4031);
#4022 = B_SPLINE_CURVE_WITH_KNOTS('',7,(#4023,#4024,#4025,#4026,#4027,
    #4028,#4029,#4030),.UNSPECIFIED.,.F.,.F.,(8,8),(0.,1.570796326795),
  .PIECEWISE_BEZIER_KNOTS.);
#4023 = CARTESIAN_POINT('',(-4.712388980385,-18.8));
#4024 = CARTESIAN_POINT('',(-4.487989505128,-18.8));
#4025 = CARTESIAN_POINT('',(-4.263590029871,-18.87343584076));
#4026 = CARTESIAN_POINT('',(-4.039190554616,-19.02029686923));
#4027 = CARTESIAN_POINT('',(-3.814791079359,-19.23156646777));
#4028 = CARTESIAN_POINT('',(-3.590391604103,-19.48900245085));
#4029 = CARTESIAN_POINT('',(-3.365992128846,-19.76950065592));
#4030 = CARTESIAN_POINT('',(-3.14159265359,-20.05));
#4031 = ( GEOMETRIC_REPRESENTATION_CONTEXT(2) 
PARAMETRIC_REPRESENTATION_CONTEXT() REPRESENTATION_CONTEXT('2D SPACE',''
  ) );
#4032 = PCURVE('',#4033,#4038);
#4033 = CYLINDRICAL_SURFACE('',#4034,1.25);
#4034 = AXIS2_PLACEMENT_3D('',#4035,#4036,#4037);
#4035 = CARTESIAN_POINT('',(980.05,40.,170.));
#4036 = DIRECTION('',(1.,-0.,-0.));
#4037 = DIRECTION('',(0.,1.,0.));
#4038 = DEFINITIONAL_REPRESENTATION('',(#4039),#4048);
#4039 = B_SPLINE_CURVE_WITH_KNOTS('',7,(#4040,#4041,#4042,#4043,#4044,
    #4045,#4046,#4047),.UNSPECIFIED.,.F.,.F.,(8,8),(0.,1.570796326795),
  .PIECEWISE_BEZIER_KNOTS.);
#4040 = CARTESIAN_POINT('',(-3.14159265359,-21.3));
#4041 = CARTESIAN_POINT('',(-2.917193178333,-21.3));
#4042 = CARTESIAN_POINT('',(-2.692793703077,-21.22656415923));
#4043 = CARTESIAN_POINT('',(-2.46839422782,-21.07970313078));
#4044 = CARTESIAN_POINT('',(-2.243994752564,-20.86843353221));
#4045 = CARTESIAN_POINT('',(-2.019595277308,-20.61099754914));
#4046 = CARTESIAN_POINT('',(-1.795195802051,-20.33049934407));
#4047 = CARTESIAN_POINT('',(-1.570796326795,-20.05));
#4048 = ( GEOMETRIC_REPRESENTATION_CONTEXT(2) 
PARAMETRIC_REPRESENTATION_CONTEXT() REPRESENTATION_CONTEXT('2D SPACE',''
  ) );
#4049 = ORIENTED_EDGE('',*,*,#4050,.F.);
#4050 = EDGE_CURVE('',#3552,#4012,#4051,.T.);
#4051 = SURFACE_CURVE('',#4052,(#4057,#4069),.PCURVE_S1.);
#4052 = ELLIPSE('',#4053,1.767766952966,1.25);
#4053 = AXIS2_PLACEMENT_3D('',#4054,#4055,#4056);
#4054 = CARTESIAN_POINT('',(960.,40.,170.));
#4055 = DIRECTION('',(0.707106781187,-0.707106781187,-0.));
#4056 = DIRECTION('',(-0.707106781187,-0.707106781187,0.));
#4057 = PCURVE('',#3063,#4058);
#4058 = DEFINITIONAL_REPRESENTATION('',(#4059),#4068);
#4059 = B_SPLINE_CURVE_WITH_KNOTS('',7,(#4060,#4061,#4062,#4063,#4064,
    #4065,#4066,#4067),.UNSPECIFIED.,.F.,.F.,(8,8),(4.712388980385,
    6.28318530718),.PIECEWISE_BEZIER_KNOTS.);
#4060 = CARTESIAN_POINT('',(-6.28318530718,-20.05));
#4061 = CARTESIAN_POINT('',(-6.058785831923,-19.76950065592));
#4062 = CARTESIAN_POINT('',(-5.834386356667,-19.48900245085));
#4063 = CARTESIAN_POINT('',(-5.60998688141,-19.23156646778));
#4064 = CARTESIAN_POINT('',(-5.385587406154,-19.02029686922));
#4065 = CARTESIAN_POINT('',(-5.161187930897,-18.87343584076));
#4066 = CARTESIAN_POINT('',(-4.936788455641,-18.8));
#4067 = CARTESIAN_POINT('',(-4.712388980385,-18.8));
#4068 = ( GEOMETRIC_REPRESENTATION_CONTEXT(2) 
PARAMETRIC_REPRESENTATION_CONTEXT() REPRESENTATION_CONTEXT('2D SPACE',''
  ) );
#4069 = PCURVE('',#4033,#4070);
#4070 = DEFINITIONAL_REPRESENTATION('',(#4071),#4080);
#4071 = B_SPLINE_CURVE_WITH_KNOTS('',7,(#4072,#4073,#4074,#4075,#4076,
    #4077,#4078,#4079),.UNSPECIFIED.,.F.,.F.,(8,8),(4.712388980385,
    6.28318530718),.PIECEWISE_BEZIER_KNOTS.);
#4072 = CARTESIAN_POINT('',(-4.712388980385,-20.05));
#4073 = CARTESIAN_POINT('',(-4.487989505128,-20.33049934407));
#4074 = CARTESIAN_POINT('',(-4.263590029872,-20.61099754914));
#4075 = CARTESIAN_POINT('',(-4.039190554614,-20.86843353223));
#4076 = CARTESIAN_POINT('',(-3.814791079361,-21.07970313077));
#4077 = CARTESIAN_POINT('',(-3.590391604102,-21.22656415924));
#4078 = CARTESIAN_POINT('',(-3.365992128846,-21.3));
#4079 = CARTESIAN_POINT('',(-3.14159265359,-21.3));
#4080 = ( GEOMETRIC_REPRESENTATION_CONTEXT(2) 
PARAMETRIC_REPRESENTATION_CONTEXT() REPRESENTATION_CONTEXT('2D SPACE',''
  ) );
#4081 = ADVANCED_FACE('',(#4082),#3098,.F.);
#4082 = FACE_BOUND('',#4083,.T.);
#4083 = EDGE_LOOP('',(#4084,#4105,#4106,#4107,#4108,#4109,#4148));
#4084 = ORIENTED_EDGE('',*,*,#4085,.F.);
#4085 = EDGE_CURVE('',#3078,#3719,#4086,.T.);
#4086 = SEAM_CURVE('',#4087,(#4091,#4098),.PCURVE_S1.);
#4087 = LINE('',#4088,#4089);
#4088 = CARTESIAN_POINT('',(960.,19.95,266.25));
#4089 = VECTOR('',#4090,1.);
#4090 = DIRECTION('',(0.,1.,0.));
#4091 = PCURVE('',#3098,#4092);
#4092 = DEFINITIONAL_REPRESENTATION('',(#4093),#4097);
#4093 = LINE('',#4094,#4095);
#4094 = CARTESIAN_POINT('',(-6.28318530718,0.));
#4095 = VECTOR('',#4096,1.);
#4096 = DIRECTION('',(-0.,-1.));
#4097 = ( GEOMETRIC_REPRESENTATION_CONTEXT(2) 
PARAMETRIC_REPRESENTATION_CONTEXT() REPRESENTATION_CONTEXT('2D SPACE',''
  ) );
#4098 = PCURVE('',#3098,#4099);
#4099 = DEFINITIONAL_REPRESENTATION('',(#4100),#4104);
#4100 = LINE('',#4101,#4102);
#4101 = CARTESIAN_POINT('',(-0.,0.));
#4102 = VECTOR('',#4103,1.);
#4103 = DIRECTION('',(-0.,-1.));
#4104 = ( GEOMETRIC_REPRESENTATION_CONTEXT(2) 
PARAMETRIC_REPRESENTATION_CONTEXT() REPRESENTATION_CONTEXT('2D SPACE',''
  ) );
#4105 = ORIENTED_EDGE('',*,*,#3077,.T.);
#4106 = ORIENTED_EDGE('',*,*,#4085,.T.);
#4107 = ORIENTED_EDGE('',*,*,#3718,.F.);
#4108 = ORIENTED_EDGE('',*,*,#3684,.F.);
#4109 = ORIENTED_EDGE('',*,*,#4110,.F.);
#4110 = EDGE_CURVE('',#4111,#3646,#4113,.T.);
#4111 = VERTEX_POINT('',#4112);
#4112 = CARTESIAN_POINT('',(958.75,38.75,265.));
#4113 = SURFACE_CURVE('',#4114,(#4119,#4131),.PCURVE_S1.);
#4114 = ELLIPSE('',#4115,1.767766952966,1.25);
#4115 = AXIS2_PLACEMENT_3D('',#4116,#4117,#4118);
#4116 = CARTESIAN_POINT('',(960.,40.,265.));
#4117 = DIRECTION('',(0.707106781187,-0.707106781187,-0.));
#4118 = DIRECTION('',(-0.707106781187,-0.707106781187,0.));
#4119 = PCURVE('',#3098,#4120);
#4120 = DEFINITIONAL_REPRESENTATION('',(#4121),#4130);
#4121 = B_SPLINE_CURVE_WITH_KNOTS('',7,(#4122,#4123,#4124,#4125,#4126,
    #4127,#4128,#4129),.UNSPECIFIED.,.F.,.F.,(8,8),(0.,1.570796326795),
  .PIECEWISE_BEZIER_KNOTS.);
#4122 = CARTESIAN_POINT('',(-4.712388980385,-18.8));
#4123 = CARTESIAN_POINT('',(-4.487989505128,-18.8));
#4124 = CARTESIAN_POINT('',(-4.263590029871,-18.87343584076));
#4125 = CARTESIAN_POINT('',(-4.039190554614,-19.02029686923));
#4126 = CARTESIAN_POINT('',(-3.81479107936,-19.23156646777));
#4127 = CARTESIAN_POINT('',(-3.590391604102,-19.48900245085));
#4128 = CARTESIAN_POINT('',(-3.365992128846,-19.76950065592));
#4129 = CARTESIAN_POINT('',(-3.14159265359,-20.05));
#4130 = ( GEOMETRIC_REPRESENTATION_CONTEXT(2) 
PARAMETRIC_REPRESENTATION_CONTEXT() REPRESENTATION_CONTEXT('2D SPACE',''
  ) );
#4131 = PCURVE('',#4132,#4137);
#4132 = CYLINDRICAL_SURFACE('',#4133,1.25);
#4133 = AXIS2_PLACEMENT_3D('',#4134,#4135,#4136);
#4134 = CARTESIAN_POINT('',(980.05,40.,265.));
#4135 = DIRECTION('',(1.,-0.,-0.));
#4136 = DIRECTION('',(0.,1.,0.));
#4137 = DEFINITIONAL_REPRESENTATION('',(#4138),#4147);
#4138 = B_SPLINE_CURVE_WITH_KNOTS('',7,(#4139,#4140,#4141,#4142,#4143,
    #4144,#4145,#4146),.UNSPECIFIED.,.F.,.F.,(8,8),(0.,1.570796326795),
  .PIECEWISE_BEZIER_KNOTS.);
#4139 = CARTESIAN_POINT('',(-3.14159265359,-21.3));
#4140 = CARTESIAN_POINT('',(-2.917193178333,-21.3));
#4141 = CARTESIAN_POINT('',(-2.692793703077,-21.22656415923));
#4142 = CARTESIAN_POINT('',(-2.468394227821,-21.07970313078));
#4143 = CARTESIAN_POINT('',(-2.243994752564,-20.86843353221));
#4144 = CARTESIAN_POINT('',(-2.019595277308,-20.61099754914));
#4145 = CARTESIAN_POINT('',(-1.795195802051,-20.33049934407));
#4146 = CARTESIAN_POINT('',(-1.570796326795,-20.05));
#4147 = ( GEOMETRIC_REPRESENTATION_CONTEXT(2) 
PARAMETRIC_REPRESENTATION_CONTEXT() REPRESENTATION_CONTEXT('2D SPACE',''
  ) );
#4148 = ORIENTED_EDGE('',*,*,#4149,.F.);
#4149 = EDGE_CURVE('',#3719,#4111,#4150,.T.);
#4150 = SURFACE_CURVE('',#4151,(#4156,#4168),.PCURVE_S1.);
#4151 = ELLIPSE('',#4152,1.767766952966,1.25);
#4152 = AXIS2_PLACEMENT_3D('',#4153,#4154,#4155);
#4153 = CARTESIAN_POINT('',(960.,40.,265.));
#4154 = DIRECTION('',(0.707106781187,-0.707106781187,-0.));
#4155 = DIRECTION('',(-0.707106781187,-0.707106781187,0.));
#4156 = PCURVE('',#3098,#4157);
#4157 = DEFINITIONAL_REPRESENTATION('',(#4158),#4167);
#4158 = B_SPLINE_CURVE_WITH_KNOTS('',7,(#4159,#4160,#4161,#4162,#4163,
    #4164,#4165,#4166),.UNSPECIFIED.,.F.,.F.,(8,8),(4.712388980385,
    6.28318530718),.PIECEWISE_BEZIER_KNOTS.);
#4159 = CARTESIAN_POINT('',(-6.28318530718,-20.05));
#4160 = CARTESIAN_POINT('',(-6.058785831923,-19.76950065592));
#4161 = CARTESIAN_POINT('',(-5.834386356667,-19.48900245085));
#4162 = CARTESIAN_POINT('',(-5.60998688141,-19.23156646778));
#4163 = CARTESIAN_POINT('',(-5.385587406154,-19.02029686922));
#4164 = CARTESIAN_POINT('',(-5.161187930898,-18.87343584076));
#4165 = CARTESIAN_POINT('',(-4.936788455641,-18.8));
#4166 = CARTESIAN_POINT('',(-4.712388980385,-18.8));
#4167 = ( GEOMETRIC_REPRESENTATION_CONTEXT(2) 
PARAMETRIC_REPRESENTATION_CONTEXT() REPRESENTATION_CONTEXT('2D SPACE',''
  ) );
#4168 = PCURVE('',#4132,#4169);
#4169 = DEFINITIONAL_REPRESENTATION('',(#4170),#4179);
#4170 = B_SPLINE_CURVE_WITH_KNOTS('',7,(#4171,#4172,#4173,#4174,#4175,
    #4176,#4177,#4178),.UNSPECIFIED.,.F.,.F.,(8,8),(4.712388980385,
    6.28318530718),.PIECEWISE_BEZIER_KNOTS.);
#4171 = CARTESIAN_POINT('',(-4.712388980385,-20.05));
#4172 = CARTESIAN_POINT('',(-4.487989505128,-20.33049934407));
#4173 = CARTESIAN_POINT('',(-4.263590029871,-20.61099754914));
#4174 = CARTESIAN_POINT('',(-4.039190554617,-20.86843353223));
#4175 = CARTESIAN_POINT('',(-3.814791079358,-21.07970313077));
#4176 = CARTESIAN_POINT('',(-3.590391604103,-21.22656415924));
#4177 = CARTESIAN_POINT('',(-3.365992128846,-21.3));
#4178 = CARTESIAN_POINT('',(-3.14159265359,-21.3));
#4179 = ( GEOMETRIC_REPRESENTATION_CONTEXT(2) 
PARAMETRIC_REPRESENTATION_CONTEXT() REPRESENTATION_CONTEXT('2D SPACE',''
  ) );
#4180 = ADVANCED_FACE('',(#4181),#3166,.F.);
#4181 = FACE_BOUND('',#4182,.T.);
#4182 = EDGE_LOOP('',(#4183,#4184,#4207,#4234,#4235,#4269,#4301));
#4183 = ORIENTED_EDGE('',*,*,#3251,.T.);
#4184 = ORIENTED_EDGE('',*,*,#4185,.T.);
#4185 = EDGE_CURVE('',#3218,#4186,#4188,.T.);
#4186 = VERTEX_POINT('',#4187);
#4187 = CARTESIAN_POINT('',(960.,51.05,26.25));
#4188 = SEAM_CURVE('',#4189,(#4193,#4200),.PCURVE_S1.);
#4189 = LINE('',#4190,#4191);
#4190 = CARTESIAN_POINT('',(960.,19.95,26.25));
#4191 = VECTOR('',#4192,1.);
#4192 = DIRECTION('',(0.,1.,0.));
#4193 = PCURVE('',#3166,#4194);
#4194 = DEFINITIONAL_REPRESENTATION('',(#4195),#4199);
#4195 = LINE('',#4196,#4197);
#4196 = CARTESIAN_POINT('',(-6.28318530718,0.));
#4197 = VECTOR('',#4198,1.);
#4198 = DIRECTION('',(-0.,-1.));
#4199 = ( GEOMETRIC_REPRESENTATION_CONTEXT(2) 
PARAMETRIC_REPRESENTATION_CONTEXT() REPRESENTATION_CONTEXT('2D SPACE',''
  ) );
#4200 = PCURVE('',#3166,#4201);
#4201 = DEFINITIONAL_REPRESENTATION('',(#4202),#4206);
#4202 = LINE('',#4203,#4204);
#4203 = CARTESIAN_POINT('',(-0.,0.));
#4204 = VECTOR('',#4205,1.);
#4205 = DIRECTION('',(-0.,-1.));
#4206 = ( GEOMETRIC_REPRESENTATION_CONTEXT(2) 
PARAMETRIC_REPRESENTATION_CONTEXT() REPRESENTATION_CONTEXT('2D SPACE',''
  ) );
#4207 = ORIENTED_EDGE('',*,*,#4208,.T.);
#4208 = EDGE_CURVE('',#4186,#4186,#4209,.T.);
#4209 = SURFACE_CURVE('',#4210,(#4215,#4222),.PCURVE_S1.);
#4210 = CIRCLE('',#4211,1.25);
#4211 = AXIS2_PLACEMENT_3D('',#4212,#4213,#4214);
#4212 = CARTESIAN_POINT('',(960.,51.05,25.));
#4213 = DIRECTION('',(0.,1.,0.));
#4214 = DIRECTION('',(0.,0.,1.));
#4215 = PCURVE('',#3166,#4216);
#4216 = DEFINITIONAL_REPRESENTATION('',(#4217),#4221);
#4217 = LINE('',#4218,#4219);
#4218 = CARTESIAN_POINT('',(-0.,-31.1));
#4219 = VECTOR('',#4220,1.);
#4220 = DIRECTION('',(-1.,0.));
#4221 = ( GEOMETRIC_REPRESENTATION_CONTEXT(2) 
PARAMETRIC_REPRESENTATION_CONTEXT() REPRESENTATION_CONTEXT('2D SPACE',''
  ) );
#4222 = PCURVE('',#4223,#4228);
#4223 = PLANE('',#4224);
#4224 = AXIS2_PLACEMENT_3D('',#4225,#4226,#4227);
#4225 = CARTESIAN_POINT('',(960.,51.05,25.));
#4226 = DIRECTION('',(0.,1.,0.));
#4227 = DIRECTION('',(0.,-0.,1.));
#4228 = DEFINITIONAL_REPRESENTATION('',(#4229),#4233);
#4229 = CIRCLE('',#4230,1.25);
#4230 = AXIS2_PLACEMENT_2D('',#4231,#4232);
#4231 = CARTESIAN_POINT('',(-3.552713678801E-15,0.));
#4232 = DIRECTION('',(1.,0.));
#4233 = ( GEOMETRIC_REPRESENTATION_CONTEXT(2) 
PARAMETRIC_REPRESENTATION_CONTEXT() REPRESENTATION_CONTEXT('2D SPACE',''
  ) );
#4234 = ORIENTED_EDGE('',*,*,#4185,.F.);
#4235 = ORIENTED_EDGE('',*,*,#4236,.T.);
#4236 = EDGE_CURVE('',#3218,#4237,#4239,.T.);
#4237 = VERTEX_POINT('',#4238);
#4238 = CARTESIAN_POINT('',(958.74999999997,41.25,25.));
#4239 = SURFACE_CURVE('',#4240,(#4245,#4257),.PCURVE_S1.);
#4240 = ELLIPSE('',#4241,1.767766952966,1.25);
#4241 = AXIS2_PLACEMENT_3D('',#4242,#4243,#4244);
#4242 = CARTESIAN_POINT('',(960.,40.,25.));
#4243 = DIRECTION('',(-0.707106781187,-0.707106781187,0.));
#4244 = DIRECTION('',(0.707106781187,-0.707106781187,-0.));
#4245 = PCURVE('',#3166,#4246);
#4246 = DEFINITIONAL_REPRESENTATION('',(#4247),#4256);
#4247 = B_SPLINE_CURVE_WITH_KNOTS('',7,(#4248,#4249,#4250,#4251,#4252,
    #4253,#4254,#4255),.UNSPECIFIED.,.F.,.F.,(8,8),(1.570796326795,
    3.14159265359),.PIECEWISE_BEZIER_KNOTS.);
#4248 = CARTESIAN_POINT('',(-6.28318530718,-20.05));
#4249 = CARTESIAN_POINT('',(-6.058785831923,-20.33049934407));
#4250 = CARTESIAN_POINT('',(-5.834386356667,-20.61099754914));
#4251 = CARTESIAN_POINT('',(-5.60998688141,-20.86843353221));
#4252 = CARTESIAN_POINT('',(-5.385587406155,-21.07970313077));
#4253 = CARTESIAN_POINT('',(-5.161187930897,-21.22656415923));
#4254 = CARTESIAN_POINT('',(-4.936788455641,-21.3));
#4255 = CARTESIAN_POINT('',(-4.712388980385,-21.3));
#4256 = ( GEOMETRIC_REPRESENTATION_CONTEXT(2) 
PARAMETRIC_REPRESENTATION_CONTEXT() REPRESENTATION_CONTEXT('2D SPACE',''
  ) );
#4257 = PCURVE('',#3835,#4258);
#4258 = DEFINITIONAL_REPRESENTATION('',(#4259),#4268);
#4259 = B_SPLINE_CURVE_WITH_KNOTS('',7,(#4260,#4261,#4262,#4263,#4264,
    #4265,#4266,#4267),.UNSPECIFIED.,.F.,.F.,(8,8),(1.570796326795,
    3.14159265359),.PIECEWISE_BEZIER_KNOTS.);
#4260 = CARTESIAN_POINT('',(-4.712388980385,-20.05));
#4261 = CARTESIAN_POINT('',(-4.936788455641,-20.33049934407));
#4262 = CARTESIAN_POINT('',(-5.161187930898,-20.61099754914));
#4263 = CARTESIAN_POINT('',(-5.385587406154,-20.86843353223));
#4264 = CARTESIAN_POINT('',(-5.60998688141,-21.07970313077));
#4265 = CARTESIAN_POINT('',(-5.834386356667,-21.22656415924));
#4266 = CARTESIAN_POINT('',(-6.058785831923,-21.3));
#4267 = CARTESIAN_POINT('',(-6.28318530718,-21.3));
#4268 = ( GEOMETRIC_REPRESENTATION_CONTEXT(2) 
PARAMETRIC_REPRESENTATION_CONTEXT() REPRESENTATION_CONTEXT('2D SPACE',''
  ) );
#4269 = ORIENTED_EDGE('',*,*,#4270,.T.);
#4270 = EDGE_CURVE('',#4237,#3145,#4271,.T.);
#4271 = SURFACE_CURVE('',#4272,(#4277,#4289),.PCURVE_S1.);
#4272 = ELLIPSE('',#4273,1.767766952966,1.25);
#4273 = AXIS2_PLACEMENT_3D('',#4274,#4275,#4276);
#4274 = CARTESIAN_POINT('',(960.,40.,25.));
#4275 = DIRECTION('',(-0.707106781187,-0.707106781187,0.));
#4276 = DIRECTION('',(0.707106781187,-0.707106781187,-0.));
#4277 = PCURVE('',#3166,#4278);
#4278 = DEFINITIONAL_REPRESENTATION('',(#4279),#4288);
#4279 = B_SPLINE_CURVE_WITH_KNOTS('',7,(#4280,#4281,#4282,#4283,#4284,
    #4285,#4286,#4287),.UNSPECIFIED.,.F.,.F.,(8,8),(3.14159265359,
    4.712388980385),.PIECEWISE_BEZIER_KNOTS.);
#4280 = CARTESIAN_POINT('',(-4.712388980385,-21.3));
#4281 = CARTESIAN_POINT('',(-4.487989505128,-21.3));
#4282 = CARTESIAN_POINT('',(-4.263590029872,-21.22656415923));
#4283 = CARTESIAN_POINT('',(-4.039190554617,-21.07970313079));
#4284 = CARTESIAN_POINT('',(-3.814791079359,-20.8684335322));
#4285 = CARTESIAN_POINT('',(-3.590391604103,-20.61099754915));
#4286 = CARTESIAN_POINT('',(-3.365992128846,-20.33049934407));
#4287 = CARTESIAN_POINT('',(-3.14159265359,-20.05));
#4288 = ( GEOMETRIC_REPRESENTATION_CONTEXT(2) 
PARAMETRIC_REPRESENTATION_CONTEXT() REPRESENTATION_CONTEXT('2D SPACE',''
  ) );
#4289 = PCURVE('',#3835,#4290);
#4290 = DEFINITIONAL_REPRESENTATION('',(#4291),#4300);
#4291 = B_SPLINE_CURVE_WITH_KNOTS('',7,(#4292,#4293,#4294,#4295,#4296,
    #4297,#4298,#4299),.UNSPECIFIED.,.F.,.F.,(8,8),(3.14159265359,
    4.712388980385),.PIECEWISE_BEZIER_KNOTS.);
#4292 = CARTESIAN_POINT('',(0.,-21.3));
#4293 = CARTESIAN_POINT('',(-0.224399475256,-21.3));
#4294 = CARTESIAN_POINT('',(-0.448798950513,-21.22656415923));
#4295 = CARTESIAN_POINT('',(-0.673198425769,-21.07970313078));
#4296 = CARTESIAN_POINT('',(-0.897597901026,-20.86843353221));
#4297 = CARTESIAN_POINT('',(-1.121997376282,-20.61099754914));
#4298 = CARTESIAN_POINT('',(-1.346396851538,-20.33049934407));
#4299 = CARTESIAN_POINT('',(-1.570796326795,-20.05));
#4300 = ( GEOMETRIC_REPRESENTATION_CONTEXT(2) 
PARAMETRIC_REPRESENTATION_CONTEXT() REPRESENTATION_CONTEXT('2D SPACE',''
  ) );
#4301 = ORIENTED_EDGE('',*,*,#3144,.T.);
#4302 = ADVANCED_FACE('',(#4303),#3333,.F.);
#4303 = FACE_BOUND('',#4304,.T.);
#4304 = EDGE_LOOP('',(#4305,#4306,#4329,#4356,#4357,#4391,#4423));
#4305 = ORIENTED_EDGE('',*,*,#3418,.T.);
#4306 = ORIENTED_EDGE('',*,*,#4307,.T.);
#4307 = EDGE_CURVE('',#3385,#4308,#4310,.T.);
#4308 = VERTEX_POINT('',#4309);
#4309 = CARTESIAN_POINT('',(960.,51.05,121.25));
#4310 = SEAM_CURVE('',#4311,(#4315,#4322),.PCURVE_S1.);
#4311 = LINE('',#4312,#4313);
#4312 = CARTESIAN_POINT('',(960.,19.95,121.25));
#4313 = VECTOR('',#4314,1.);
#4314 = DIRECTION('',(0.,1.,0.));
#4315 = PCURVE('',#3333,#4316);
#4316 = DEFINITIONAL_REPRESENTATION('',(#4317),#4321);
#4317 = LINE('',#4318,#4319);
#4318 = CARTESIAN_POINT('',(-6.28318530718,0.));
#4319 = VECTOR('',#4320,1.);
#4320 = DIRECTION('',(-0.,-1.));
#4321 = ( GEOMETRIC_REPRESENTATION_CONTEXT(2) 
PARAMETRIC_REPRESENTATION_CONTEXT() REPRESENTATION_CONTEXT('2D SPACE',''
  ) );
#4322 = PCURVE('',#3333,#4323);
#4323 = DEFINITIONAL_REPRESENTATION('',(#4324),#4328);
#4324 = LINE('',#4325,#4326);
#4325 = CARTESIAN_POINT('',(-0.,0.));
#4326 = VECTOR('',#4327,1.);
#4327 = DIRECTION('',(-0.,-1.));
#4328 = ( GEOMETRIC_REPRESENTATION_CONTEXT(2) 
PARAMETRIC_REPRESENTATION_CONTEXT() REPRESENTATION_CONTEXT('2D SPACE',''
  ) );
#4329 = ORIENTED_EDGE('',*,*,#4330,.T.);
#4330 = EDGE_CURVE('',#4308,#4308,#4331,.T.);
#4331 = SURFACE_CURVE('',#4332,(#4337,#4344),.PCURVE_S1.);
#4332 = CIRCLE('',#4333,1.25);
#4333 = AXIS2_PLACEMENT_3D('',#4334,#4335,#4336);
#4334 = CARTESIAN_POINT('',(960.,51.05,120.));
#4335 = DIRECTION('',(0.,1.,0.));
#4336 = DIRECTION('',(0.,0.,1.));
#4337 = PCURVE('',#3333,#4338);
#4338 = DEFINITIONAL_REPRESENTATION('',(#4339),#4343);
#4339 = LINE('',#4340,#4341);
#4340 = CARTESIAN_POINT('',(-0.,-31.1));
#4341 = VECTOR('',#4342,1.);
#4342 = DIRECTION('',(-1.,0.));
#4343 = ( GEOMETRIC_REPRESENTATION_CONTEXT(2) 
PARAMETRIC_REPRESENTATION_CONTEXT() REPRESENTATION_CONTEXT('2D SPACE',''
  ) );
#4344 = PCURVE('',#4345,#4350);
#4345 = PLANE('',#4346);
#4346 = AXIS2_PLACEMENT_3D('',#4347,#4348,#4349);
#4347 = CARTESIAN_POINT('',(960.,51.05,120.));
#4348 = DIRECTION('',(0.,1.,0.));
#4349 = DIRECTION('',(0.,-0.,1.));
#4350 = DEFINITIONAL_REPRESENTATION('',(#4351),#4355);
#4351 = CIRCLE('',#4352,1.25);
#4352 = AXIS2_PLACEMENT_2D('',#4353,#4354);
#4353 = CARTESIAN_POINT('',(-1.42108547152E-14,0.));
#4354 = DIRECTION('',(1.,0.));
#4355 = ( GEOMETRIC_REPRESENTATION_CONTEXT(2) 
PARAMETRIC_REPRESENTATION_CONTEXT() REPRESENTATION_CONTEXT('2D SPACE',''
  ) );
#4356 = ORIENTED_EDGE('',*,*,#4307,.F.);
#4357 = ORIENTED_EDGE('',*,*,#4358,.T.);
#4358 = EDGE_CURVE('',#3385,#4359,#4361,.T.);
#4359 = VERTEX_POINT('',#4360);
#4360 = CARTESIAN_POINT('',(958.74999999997,41.25,120.));
#4361 = SURFACE_CURVE('',#4362,(#4367,#4379),.PCURVE_S1.);
#4362 = ELLIPSE('',#4363,1.767766952966,1.25);
#4363 = AXIS2_PLACEMENT_3D('',#4364,#4365,#4366);
#4364 = CARTESIAN_POINT('',(960.,40.,120.));
#4365 = DIRECTION('',(-0.707106781187,-0.707106781187,0.));
#4366 = DIRECTION('',(0.707106781187,-0.707106781187,-0.));
#4367 = PCURVE('',#3333,#4368);
#4368 = DEFINITIONAL_REPRESENTATION('',(#4369),#4378);
#4369 = B_SPLINE_CURVE_WITH_KNOTS('',7,(#4370,#4371,#4372,#4373,#4374,
    #4375,#4376,#4377),.UNSPECIFIED.,.F.,.F.,(8,8),(1.570796326795,
    3.14159265359),.PIECEWISE_BEZIER_KNOTS.);
#4370 = CARTESIAN_POINT('',(-6.28318530718,-20.05));
#4371 = CARTESIAN_POINT('',(-6.058785831923,-20.33049934407));
#4372 = CARTESIAN_POINT('',(-5.834386356667,-20.61099754914));
#4373 = CARTESIAN_POINT('',(-5.60998688141,-20.86843353221));
#4374 = CARTESIAN_POINT('',(-5.385587406154,-21.07970313077));
#4375 = CARTESIAN_POINT('',(-5.161187930898,-21.22656415923));
#4376 = CARTESIAN_POINT('',(-4.936788455641,-21.3));
#4377 = CARTESIAN_POINT('',(-4.712388980385,-21.3));
#4378 = ( GEOMETRIC_REPRESENTATION_CONTEXT(2) 
PARAMETRIC_REPRESENTATION_CONTEXT() REPRESENTATION_CONTEXT('2D SPACE',''
  ) );
#4379 = PCURVE('',#3934,#4380);
#4380 = DEFINITIONAL_REPRESENTATION('',(#4381),#4390);
#4381 = B_SPLINE_CURVE_WITH_KNOTS('',7,(#4382,#4383,#4384,#4385,#4386,
    #4387,#4388,#4389),.UNSPECIFIED.,.F.,.F.,(8,8),(1.570796326795,
    3.14159265359),.PIECEWISE_BEZIER_KNOTS.);
#4382 = CARTESIAN_POINT('',(-4.712388980385,-20.05));
#4383 = CARTESIAN_POINT('',(-4.936788455641,-20.33049934407));
#4384 = CARTESIAN_POINT('',(-5.161187930897,-20.61099754914));
#4385 = CARTESIAN_POINT('',(-5.385587406154,-20.86843353223));
#4386 = CARTESIAN_POINT('',(-5.60998688141,-21.07970313077));
#4387 = CARTESIAN_POINT('',(-5.834386356667,-21.22656415924));
#4388 = CARTESIAN_POINT('',(-6.058785831923,-21.3));
#4389 = CARTESIAN_POINT('',(-6.28318530718,-21.3));
#4390 = ( GEOMETRIC_REPRESENTATION_CONTEXT(2) 
PARAMETRIC_REPRESENTATION_CONTEXT() REPRESENTATION_CONTEXT('2D SPACE',''
  ) );
#4391 = ORIENTED_EDGE('',*,*,#4392,.T.);
#4392 = EDGE_CURVE('',#4359,#3312,#4393,.T.);
#4393 = SURFACE_CURVE('',#4394,(#4399,#4411),.PCURVE_S1.);
#4394 = ELLIPSE('',#4395,1.767766952966,1.25);
#4395 = AXIS2_PLACEMENT_3D('',#4396,#4397,#4398);
#4396 = CARTESIAN_POINT('',(960.,40.,120.));
#4397 = DIRECTION('',(-0.707106781187,-0.707106781187,0.));
#4398 = DIRECTION('',(0.707106781187,-0.707106781187,-0.));
#4399 = PCURVE('',#3333,#4400);
#4400 = DEFINITIONAL_REPRESENTATION('',(#4401),#4410);
#4401 = B_SPLINE_CURVE_WITH_KNOTS('',7,(#4402,#4403,#4404,#4405,#4406,
    #4407,#4408,#4409),.UNSPECIFIED.,.F.,.F.,(8,8),(3.14159265359,
    4.712388980385),.PIECEWISE_BEZIER_KNOTS.);
#4402 = CARTESIAN_POINT('',(-4.712388980385,-21.3));
#4403 = CARTESIAN_POINT('',(-4.487989505128,-21.3));
#4404 = CARTESIAN_POINT('',(-4.263590029871,-21.22656415923));
#4405 = CARTESIAN_POINT('',(-4.039190554618,-21.07970313079));
#4406 = CARTESIAN_POINT('',(-3.814791079358,-20.8684335322));
#4407 = CARTESIAN_POINT('',(-3.590391604103,-20.61099754915));
#4408 = CARTESIAN_POINT('',(-3.365992128846,-20.33049934407));
#4409 = CARTESIAN_POINT('',(-3.14159265359,-20.05));
#4410 = ( GEOMETRIC_REPRESENTATION_CONTEXT(2) 
PARAMETRIC_REPRESENTATION_CONTEXT() REPRESENTATION_CONTEXT('2D SPACE',''
  ) );
#4411 = PCURVE('',#3934,#4412);
#4412 = DEFINITIONAL_REPRESENTATION('',(#4413),#4422);
#4413 = B_SPLINE_CURVE_WITH_KNOTS('',7,(#4414,#4415,#4416,#4417,#4418,
    #4419,#4420,#4421),.UNSPECIFIED.,.F.,.F.,(8,8),(3.14159265359,
    4.712388980385),.PIECEWISE_BEZIER_KNOTS.);
#4414 = CARTESIAN_POINT('',(0.,-21.3));
#4415 = CARTESIAN_POINT('',(-0.224399475256,-21.3));
#4416 = CARTESIAN_POINT('',(-0.448798950513,-21.22656415923));
#4417 = CARTESIAN_POINT('',(-0.673198425769,-21.07970313078));
#4418 = CARTESIAN_POINT('',(-0.897597901026,-20.86843353221));
#4419 = CARTESIAN_POINT('',(-1.121997376282,-20.61099754914));
#4420 = CARTESIAN_POINT('',(-1.346396851538,-20.33049934407));
#4421 = CARTESIAN_POINT('',(-1.570796326795,-20.05));
#4422 = ( GEOMETRIC_REPRESENTATION_CONTEXT(2) 
PARAMETRIC_REPRESENTATION_CONTEXT() REPRESENTATION_CONTEXT('2D SPACE',''
  ) );
#4423 = ORIENTED_EDGE('',*,*,#3311,.T.);
#4424 = ADVANCED_FACE('',(#4425),#3500,.F.);
#4425 = FACE_BOUND('',#4426,.T.);
#4426 = EDGE_LOOP('',(#4427,#4428,#4451,#4478,#4479,#4513,#4545));
#4427 = ORIENTED_EDGE('',*,*,#3585,.T.);
#4428 = ORIENTED_EDGE('',*,*,#4429,.T.);
#4429 = EDGE_CURVE('',#3552,#4430,#4432,.T.);
#4430 = VERTEX_POINT('',#4431);
#4431 = CARTESIAN_POINT('',(960.,51.05,171.25));
#4432 = SEAM_CURVE('',#4433,(#4437,#4444),.PCURVE_S1.);
#4433 = LINE('',#4434,#4435);
#4434 = CARTESIAN_POINT('',(960.,19.95,171.25));
#4435 = VECTOR('',#4436,1.);
#4436 = DIRECTION('',(0.,1.,0.));
#4437 = PCURVE('',#3500,#4438);
#4438 = DEFINITIONAL_REPRESENTATION('',(#4439),#4443);
#4439 = LINE('',#4440,#4441);
#4440 = CARTESIAN_POINT('',(-6.28318530718,0.));
#4441 = VECTOR('',#4442,1.);
#4442 = DIRECTION('',(-0.,-1.));
#4443 = ( GEOMETRIC_REPRESENTATION_CONTEXT(2) 
PARAMETRIC_REPRESENTATION_CONTEXT() REPRESENTATION_CONTEXT('2D SPACE',''
  ) );
#4444 = PCURVE('',#3500,#4445);
#4445 = DEFINITIONAL_REPRESENTATION('',(#4446),#4450);
#4446 = LINE('',#4447,#4448);
#4447 = CARTESIAN_POINT('',(-0.,0.));
#4448 = VECTOR('',#4449,1.);
#4449 = DIRECTION('',(-0.,-1.));
#4450 = ( GEOMETRIC_REPRESENTATION_CONTEXT(2) 
PARAMETRIC_REPRESENTATION_CONTEXT() REPRESENTATION_CONTEXT('2D SPACE',''
  ) );
#4451 = ORIENTED_EDGE('',*,*,#4452,.T.);
#4452 = EDGE_CURVE('',#4430,#4430,#4453,.T.);
#4453 = SURFACE_CURVE('',#4454,(#4459,#4466),.PCURVE_S1.);
#4454 = CIRCLE('',#4455,1.25);
#4455 = AXIS2_PLACEMENT_3D('',#4456,#4457,#4458);
#4456 = CARTESIAN_POINT('',(960.,51.05,170.));
#4457 = DIRECTION('',(0.,1.,0.));
#4458 = DIRECTION('',(0.,0.,1.));
#4459 = PCURVE('',#3500,#4460);
#4460 = DEFINITIONAL_REPRESENTATION('',(#4461),#4465);
#4461 = LINE('',#4462,#4463);
#4462 = CARTESIAN_POINT('',(-0.,-31.1));
#4463 = VECTOR('',#4464,1.);
#4464 = DIRECTION('',(-1.,0.));
#4465 = ( GEOMETRIC_REPRESENTATION_CONTEXT(2) 
PARAMETRIC_REPRESENTATION_CONTEXT() REPRESENTATION_CONTEXT('2D SPACE',''
  ) );
#4466 = PCURVE('',#4467,#4472);
#4467 = PLANE('',#4468);
#4468 = AXIS2_PLACEMENT_3D('',#4469,#4470,#4471);
#4469 = CARTESIAN_POINT('',(960.,51.05,170.));
#4470 = DIRECTION('',(0.,1.,0.));
#4471 = DIRECTION('',(0.,-0.,1.));
#4472 = DEFINITIONAL_REPRESENTATION('',(#4473),#4477);
#4473 = CIRCLE('',#4474,1.25);
#4474 = AXIS2_PLACEMENT_2D('',#4475,#4476);
#4475 = CARTESIAN_POINT('',(0.,0.));
#4476 = DIRECTION('',(1.,0.));
#4477 = ( GEOMETRIC_REPRESENTATION_CONTEXT(2) 
PARAMETRIC_REPRESENTATION_CONTEXT() REPRESENTATION_CONTEXT('2D SPACE',''
  ) );
#4478 = ORIENTED_EDGE('',*,*,#4429,.F.);
#4479 = ORIENTED_EDGE('',*,*,#4480,.T.);
#4480 = EDGE_CURVE('',#3552,#4481,#4483,.T.);
#4481 = VERTEX_POINT('',#4482);
#4482 = CARTESIAN_POINT('',(958.74999999997,41.25,170.));
#4483 = SURFACE_CURVE('',#4484,(#4489,#4501),.PCURVE_S1.);
#4484 = ELLIPSE('',#4485,1.767766952966,1.25);
#4485 = AXIS2_PLACEMENT_3D('',#4486,#4487,#4488);
#4486 = CARTESIAN_POINT('',(960.,40.,170.));
#4487 = DIRECTION('',(-0.707106781187,-0.707106781187,0.));
#4488 = DIRECTION('',(0.707106781187,-0.707106781187,-0.));
#4489 = PCURVE('',#3500,#4490);
#4490 = DEFINITIONAL_REPRESENTATION('',(#4491),#4500);
#4491 = B_SPLINE_CURVE_WITH_KNOTS('',7,(#4492,#4493,#4494,#4495,#4496,
    #4497,#4498,#4499),.UNSPECIFIED.,.F.,.F.,(8,8),(1.570796326795,
    3.14159265359),.PIECEWISE_BEZIER_KNOTS.);
#4492 = CARTESIAN_POINT('',(-6.28318530718,-20.05));
#4493 = CARTESIAN_POINT('',(-6.058785831923,-20.33049934407));
#4494 = CARTESIAN_POINT('',(-5.834386356667,-20.61099754914));
#4495 = CARTESIAN_POINT('',(-5.60998688141,-20.86843353221));
#4496 = CARTESIAN_POINT('',(-5.385587406154,-21.07970313077));
#4497 = CARTESIAN_POINT('',(-5.161187930897,-21.22656415923));
#4498 = CARTESIAN_POINT('',(-4.936788455641,-21.3));
#4499 = CARTESIAN_POINT('',(-4.712388980385,-21.3));
#4500 = ( GEOMETRIC_REPRESENTATION_CONTEXT(2) 
PARAMETRIC_REPRESENTATION_CONTEXT() REPRESENTATION_CONTEXT('2D SPACE',''
  ) );
#4501 = PCURVE('',#4033,#4502);
#4502 = DEFINITIONAL_REPRESENTATION('',(#4503),#4512);
#4503 = B_SPLINE_CURVE_WITH_KNOTS('',7,(#4504,#4505,#4506,#4507,#4508,
    #4509,#4510,#4511),.UNSPECIFIED.,.F.,.F.,(8,8),(1.570796326795,
    3.14159265359),.PIECEWISE_BEZIER_KNOTS.);
#4504 = CARTESIAN_POINT('',(-4.712388980385,-20.05));
#4505 = CARTESIAN_POINT('',(-4.936788455641,-20.33049934407));
#4506 = CARTESIAN_POINT('',(-5.161187930898,-20.61099754914));
#4507 = CARTESIAN_POINT('',(-5.385587406154,-20.86843353223));
#4508 = CARTESIAN_POINT('',(-5.60998688141,-21.07970313077));
#4509 = CARTESIAN_POINT('',(-5.834386356667,-21.22656415924));
#4510 = CARTESIAN_POINT('',(-6.058785831923,-21.3));
#4511 = CARTESIAN_POINT('',(-6.28318530718,-21.3));
#4512 = ( GEOMETRIC_REPRESENTATION_CONTEXT(2) 
PARAMETRIC_REPRESENTATION_CONTEXT() REPRESENTATION_CONTEXT('2D SPACE',''
  ) );
#4513 = ORIENTED_EDGE('',*,*,#4514,.T.);
#4514 = EDGE_CURVE('',#4481,#3479,#4515,.T.);
#4515 = SURFACE_CURVE('',#4516,(#4521,#4533),.PCURVE_S1.);
#4516 = ELLIPSE('',#4517,1.767766952966,1.25);
#4517 = AXIS2_PLACEMENT_3D('',#4518,#4519,#4520);
#4518 = CARTESIAN_POINT('',(960.,40.,170.));
#4519 = DIRECTION('',(-0.707106781187,-0.707106781187,0.));
#4520 = DIRECTION('',(0.707106781187,-0.707106781187,-0.));
#4521 = PCURVE('',#3500,#4522);
#4522 = DEFINITIONAL_REPRESENTATION('',(#4523),#4532);
#4523 = B_SPLINE_CURVE_WITH_KNOTS('',7,(#4524,#4525,#4526,#4527,#4528,
    #4529,#4530,#4531),.UNSPECIFIED.,.F.,.F.,(8,8),(3.14159265359,
    4.712388980385),.PIECEWISE_BEZIER_KNOTS.);
#4524 = CARTESIAN_POINT('',(-4.712388980385,-21.3));
#4525 = CARTESIAN_POINT('',(-4.487989505128,-21.3));
#4526 = CARTESIAN_POINT('',(-4.263590029871,-21.22656415923));
#4527 = CARTESIAN_POINT('',(-4.039190554617,-21.07970313079));
#4528 = CARTESIAN_POINT('',(-3.814791079357,-20.8684335322));
#4529 = CARTESIAN_POINT('',(-3.590391604104,-20.61099754915));
#4530 = CARTESIAN_POINT('',(-3.365992128846,-20.33049934407));
#4531 = CARTESIAN_POINT('',(-3.14159265359,-20.05));
#4532 = ( GEOMETRIC_REPRESENTATION_CONTEXT(2) 
PARAMETRIC_REPRESENTATION_CONTEXT() REPRESENTATION_CONTEXT('2D SPACE',''
  ) );
#4533 = PCURVE('',#4033,#4534);
#4534 = DEFINITIONAL_REPRESENTATION('',(#4535),#4544);
#4535 = B_SPLINE_CURVE_WITH_KNOTS('',7,(#4536,#4537,#4538,#4539,#4540,
    #4541,#4542,#4543),.UNSPECIFIED.,.F.,.F.,(8,8),(3.14159265359,
    4.712388980385),.PIECEWISE_BEZIER_KNOTS.);
#4536 = CARTESIAN_POINT('',(0.,-21.3));
#4537 = CARTESIAN_POINT('',(-0.224399475256,-21.3));
#4538 = CARTESIAN_POINT('',(-0.448798950513,-21.22656415923));
#4539 = CARTESIAN_POINT('',(-0.673198425769,-21.07970313078));
#4540 = CARTESIAN_POINT('',(-0.897597901026,-20.86843353221));
#4541 = CARTESIAN_POINT('',(-1.121997376282,-20.61099754914));
#4542 = CARTESIAN_POINT('',(-1.346396851538,-20.33049934407));
#4543 = CARTESIAN_POINT('',(-1.570796326795,-20.05));
#4544 = ( GEOMETRIC_REPRESENTATION_CONTEXT(2) 
PARAMETRIC_REPRESENTATION_CONTEXT() REPRESENTATION_CONTEXT('2D SPACE',''
  ) );
#4545 = ORIENTED_EDGE('',*,*,#3478,.T.);
#4546 = ADVANCED_FACE('',(#4547),#3667,.F.);
#4547 = FACE_BOUND('',#4548,.T.);
#4548 = EDGE_LOOP('',(#4549,#4550,#4573,#4600,#4601,#4635,#4667));
#4549 = ORIENTED_EDGE('',*,*,#3752,.T.);
#4550 = ORIENTED_EDGE('',*,*,#4551,.T.);
#4551 = EDGE_CURVE('',#3719,#4552,#4554,.T.);
#4552 = VERTEX_POINT('',#4553);
#4553 = CARTESIAN_POINT('',(960.,51.05,266.25));
#4554 = SEAM_CURVE('',#4555,(#4559,#4566),.PCURVE_S1.);
#4555 = LINE('',#4556,#4557);
#4556 = CARTESIAN_POINT('',(960.,19.95,266.25));
#4557 = VECTOR('',#4558,1.);
#4558 = DIRECTION('',(0.,1.,0.));
#4559 = PCURVE('',#3667,#4560);
#4560 = DEFINITIONAL_REPRESENTATION('',(#4561),#4565);
#4561 = LINE('',#4562,#4563);
#4562 = CARTESIAN_POINT('',(-6.28318530718,0.));
#4563 = VECTOR('',#4564,1.);
#4564 = DIRECTION('',(-0.,-1.));
#4565 = ( GEOMETRIC_REPRESENTATION_CONTEXT(2) 
PARAMETRIC_REPRESENTATION_CONTEXT() REPRESENTATION_CONTEXT('2D SPACE',''
  ) );
#4566 = PCURVE('',#3667,#4567);
#4567 = DEFINITIONAL_REPRESENTATION('',(#4568),#4572);
#4568 = LINE('',#4569,#4570);
#4569 = CARTESIAN_POINT('',(-0.,0.));
#4570 = VECTOR('',#4571,1.);
#4571 = DIRECTION('',(-0.,-1.));
#4572 = ( GEOMETRIC_REPRESENTATION_CONTEXT(2) 
PARAMETRIC_REPRESENTATION_CONTEXT() REPRESENTATION_CONTEXT('2D SPACE',''
  ) );
#4573 = ORIENTED_EDGE('',*,*,#4574,.T.);
#4574 = EDGE_CURVE('',#4552,#4552,#4575,.T.);
#4575 = SURFACE_CURVE('',#4576,(#4581,#4588),.PCURVE_S1.);
#4576 = CIRCLE('',#4577,1.25);
#4577 = AXIS2_PLACEMENT_3D('',#4578,#4579,#4580);
#4578 = CARTESIAN_POINT('',(960.,51.05,265.));
#4579 = DIRECTION('',(0.,1.,0.));
#4580 = DIRECTION('',(0.,0.,1.));
#4581 = PCURVE('',#3667,#4582);
#4582 = DEFINITIONAL_REPRESENTATION('',(#4583),#4587);
#4583 = LINE('',#4584,#4585);
#4584 = CARTESIAN_POINT('',(-0.,-31.1));
#4585 = VECTOR('',#4586,1.);
#4586 = DIRECTION('',(-1.,0.));
#4587 = ( GEOMETRIC_REPRESENTATION_CONTEXT(2) 
PARAMETRIC_REPRESENTATION_CONTEXT() REPRESENTATION_CONTEXT('2D SPACE',''
  ) );
#4588 = PCURVE('',#4589,#4594);
#4589 = PLANE('',#4590);
#4590 = AXIS2_PLACEMENT_3D('',#4591,#4592,#4593);
#4591 = CARTESIAN_POINT('',(960.,51.05,265.));
#4592 = DIRECTION('',(0.,1.,0.));
#4593 = DIRECTION('',(0.,-0.,1.));
#4594 = DEFINITIONAL_REPRESENTATION('',(#4595),#4599);
#4595 = CIRCLE('',#4596,1.25);
#4596 = AXIS2_PLACEMENT_2D('',#4597,#4598);
#4597 = CARTESIAN_POINT('',(0.,0.));
#4598 = DIRECTION('',(1.,0.));
#4599 = ( GEOMETRIC_REPRESENTATION_CONTEXT(2) 
PARAMETRIC_REPRESENTATION_CONTEXT() REPRESENTATION_CONTEXT('2D SPACE',''
  ) );
#4600 = ORIENTED_EDGE('',*,*,#4551,.F.);
#4601 = ORIENTED_EDGE('',*,*,#4602,.T.);
#4602 = EDGE_CURVE('',#3719,#4603,#4605,.T.);
#4603 = VERTEX_POINT('',#4604);
#4604 = CARTESIAN_POINT('',(958.74999999997,41.25,265.));
#4605 = SURFACE_CURVE('',#4606,(#4611,#4623),.PCURVE_S1.);
#4606 = ELLIPSE('',#4607,1.767766952966,1.25);
#4607 = AXIS2_PLACEMENT_3D('',#4608,#4609,#4610);
#4608 = CARTESIAN_POINT('',(960.,40.,265.));
#4609 = DIRECTION('',(-0.707106781187,-0.707106781187,0.));
#4610 = DIRECTION('',(0.707106781187,-0.707106781187,-0.));
#4611 = PCURVE('',#3667,#4612);
#4612 = DEFINITIONAL_REPRESENTATION('',(#4613),#4622);
#4613 = B_SPLINE_CURVE_WITH_KNOTS('',7,(#4614,#4615,#4616,#4617,#4618,
    #4619,#4620,#4621),.UNSPECIFIED.,.F.,.F.,(8,8),(1.570796326795,
    3.14159265359),.PIECEWISE_BEZIER_KNOTS.);
#4614 = CARTESIAN_POINT('',(-6.28318530718,-20.05));
#4615 = CARTESIAN_POINT('',(-6.058785831923,-20.33049934407));
#4616 = CARTESIAN_POINT('',(-5.834386356667,-20.61099754914));
#4617 = CARTESIAN_POINT('',(-5.60998688141,-20.86843353221));
#4618 = CARTESIAN_POINT('',(-5.385587406154,-21.07970313077));
#4619 = CARTESIAN_POINT('',(-5.161187930898,-21.22656415923));
#4620 = CARTESIAN_POINT('',(-4.936788455641,-21.3));
#4621 = CARTESIAN_POINT('',(-4.712388980385,-21.3));
#4622 = ( GEOMETRIC_REPRESENTATION_CONTEXT(2) 
PARAMETRIC_REPRESENTATION_CONTEXT() REPRESENTATION_CONTEXT('2D SPACE',''
  ) );
#4623 = PCURVE('',#4132,#4624);
#4624 = DEFINITIONAL_REPRESENTATION('',(#4625),#4634);
#4625 = B_SPLINE_CURVE_WITH_KNOTS('',7,(#4626,#4627,#4628,#4629,#4630,
    #4631,#4632,#4633),.UNSPECIFIED.,.F.,.F.,(8,8),(1.570796326795,
    3.14159265359),.PIECEWISE_BEZIER_KNOTS.);
#4626 = CARTESIAN_POINT('',(-4.712388980385,-20.05));
#4627 = CARTESIAN_POINT('',(-4.936788455641,-20.33049934407));
#4628 = CARTESIAN_POINT('',(-5.161187930898,-20.61099754914));
#4629 = CARTESIAN_POINT('',(-5.385587406154,-20.86843353223));
#4630 = CARTESIAN_POINT('',(-5.60998688141,-21.07970313077));
#4631 = CARTESIAN_POINT('',(-5.834386356667,-21.22656415924));
#4632 = CARTESIAN_POINT('',(-6.058785831923,-21.3));
#4633 = CARTESIAN_POINT('',(-6.28318530718,-21.3));
#4634 = ( GEOMETRIC_REPRESENTATION_CONTEXT(2) 
PARAMETRIC_REPRESENTATION_CONTEXT() REPRESENTATION_CONTEXT('2D SPACE',''
  ) );
#4635 = ORIENTED_EDGE('',*,*,#4636,.T.);
#4636 = EDGE_CURVE('',#4603,#3646,#4637,.T.);
#4637 = SURFACE_CURVE('',#4638,(#4643,#4655),.PCURVE_S1.);
#4638 = ELLIPSE('',#4639,1.767766952966,1.25);
#4639 = AXIS2_PLACEMENT_3D('',#4640,#4641,#4642);
#4640 = CARTESIAN_POINT('',(960.,40.,265.));
#4641 = DIRECTION('',(-0.707106781187,-0.707106781187,0.));
#4642 = DIRECTION('',(0.707106781187,-0.707106781187,-0.));
#4643 = PCURVE('',#3667,#4644);
#4644 = DEFINITIONAL_REPRESENTATION('',(#4645),#4654);
#4645 = B_SPLINE_CURVE_WITH_KNOTS('',7,(#4646,#4647,#4648,#4649,#4650,
    #4651,#4652,#4653),.UNSPECIFIED.,.F.,.F.,(8,8),(3.14159265359,
    4.712388980385),.PIECEWISE_BEZIER_KNOTS.);
#4646 = CARTESIAN_POINT('',(-4.712388980385,-21.3));
#4647 = CARTESIAN_POINT('',(-4.487989505128,-21.3));
#4648 = CARTESIAN_POINT('',(-4.263590029871,-21.22656415923));
#4649 = CARTESIAN_POINT('',(-4.039190554614,-21.07970313079));
#4650 = CARTESIAN_POINT('',(-3.81479107936,-20.8684335322));
#4651 = CARTESIAN_POINT('',(-3.590391604102,-20.61099754915));
#4652 = CARTESIAN_POINT('',(-3.365992128846,-20.33049934407));
#4653 = CARTESIAN_POINT('',(-3.14159265359,-20.05));
#4654 = ( GEOMETRIC_REPRESENTATION_CONTEXT(2) 
PARAMETRIC_REPRESENTATION_CONTEXT() REPRESENTATION_CONTEXT('2D SPACE',''
  ) );
#4655 = PCURVE('',#4132,#4656);
#4656 = DEFINITIONAL_REPRESENTATION('',(#4657),#4666);
#4657 = B_SPLINE_CURVE_WITH_KNOTS('',7,(#4658,#4659,#4660,#4661,#4662,
    #4663,#4664,#4665),.UNSPECIFIED.,.F.,.F.,(8,8),(3.14159265359,
    4.712388980385),.PIECEWISE_BEZIER_KNOTS.);
#4658 = CARTESIAN_POINT('',(0.,-21.3));
#4659 = CARTESIAN_POINT('',(-0.224399475256,-21.3));
#4660 = CARTESIAN_POINT('',(-0.448798950513,-21.22656415923));
#4661 = CARTESIAN_POINT('',(-0.673198425769,-21.07970313078));
#4662 = CARTESIAN_POINT('',(-0.897597901026,-20.86843353221));
#4663 = CARTESIAN_POINT('',(-1.121997376282,-20.61099754914));
#4664 = CARTESIAN_POINT('',(-1.346396851538,-20.33049934407));
#4665 = CARTESIAN_POINT('',(-1.570796326795,-20.05));
#4666 = ( GEOMETRIC_REPRESENTATION_CONTEXT(2) 
PARAMETRIC_REPRESENTATION_CONTEXT() REPRESENTATION_CONTEXT('2D SPACE',''
  ) );
#4667 = ORIENTED_EDGE('',*,*,#3645,.T.);
#4668 = ADVANCED_FACE('',(#4669),#3835,.F.);
#4669 = FACE_BOUND('',#4670,.T.);
#4670 = EDGE_LOOP('',(#4671,#4672,#4695,#4722,#4723,#4724,#4725));
#4671 = ORIENTED_EDGE('',*,*,#4270,.F.);
#4672 = ORIENTED_EDGE('',*,*,#4673,.T.);
#4673 = EDGE_CURVE('',#4237,#4674,#4676,.T.);
#4674 = VERTEX_POINT('',#4675);
#4675 = CARTESIAN_POINT('',(948.95,41.25,25.));
#4676 = SEAM_CURVE('',#4677,(#4681,#4688),.PCURVE_S1.);
#4677 = LINE('',#4678,#4679);
#4678 = CARTESIAN_POINT('',(980.05,41.25,25.));
#4679 = VECTOR('',#4680,1.);
#4680 = DIRECTION('',(-1.,0.,0.));
#4681 = PCURVE('',#3835,#4682);
#4682 = DEFINITIONAL_REPRESENTATION('',(#4683),#4687);
#4683 = LINE('',#4684,#4685);
#4684 = CARTESIAN_POINT('',(-6.28318530718,0.));
#4685 = VECTOR('',#4686,1.);
#4686 = DIRECTION('',(-0.,-1.));
#4687 = ( GEOMETRIC_REPRESENTATION_CONTEXT(2) 
PARAMETRIC_REPRESENTATION_CONTEXT() REPRESENTATION_CONTEXT('2D SPACE',''
  ) );
#4688 = PCURVE('',#3835,#4689);
#4689 = DEFINITIONAL_REPRESENTATION('',(#4690),#4694);
#4690 = LINE('',#4691,#4692);
#4691 = CARTESIAN_POINT('',(-0.,0.));
#4692 = VECTOR('',#4693,1.);
#4693 = DIRECTION('',(-0.,-1.));
#4694 = ( GEOMETRIC_REPRESENTATION_CONTEXT(2) 
PARAMETRIC_REPRESENTATION_CONTEXT() REPRESENTATION_CONTEXT('2D SPACE',''
  ) );
#4695 = ORIENTED_EDGE('',*,*,#4696,.T.);
#4696 = EDGE_CURVE('',#4674,#4674,#4697,.T.);
#4697 = SURFACE_CURVE('',#4698,(#4703,#4710),.PCURVE_S1.);
#4698 = CIRCLE('',#4699,1.25);
#4699 = AXIS2_PLACEMENT_3D('',#4700,#4701,#4702);
#4700 = CARTESIAN_POINT('',(948.95,40.,25.));
#4701 = DIRECTION('',(-1.,0.,0.));
#4702 = DIRECTION('',(0.,1.,0.));
#4703 = PCURVE('',#3835,#4704);
#4704 = DEFINITIONAL_REPRESENTATION('',(#4705),#4709);
#4705 = LINE('',#4706,#4707);
#4706 = CARTESIAN_POINT('',(-0.,-31.1));
#4707 = VECTOR('',#4708,1.);
#4708 = DIRECTION('',(-1.,0.));
#4709 = ( GEOMETRIC_REPRESENTATION_CONTEXT(2) 
PARAMETRIC_REPRESENTATION_CONTEXT() REPRESENTATION_CONTEXT('2D SPACE',''
  ) );
#4710 = PCURVE('',#4711,#4716);
#4711 = PLANE('',#4712);
#4712 = AXIS2_PLACEMENT_3D('',#4713,#4714,#4715);
#4713 = CARTESIAN_POINT('',(948.95,40.,25.));
#4714 = DIRECTION('',(-1.,-0.,-0.));
#4715 = DIRECTION('',(0.,0.,-1.));
#4716 = DEFINITIONAL_REPRESENTATION('',(#4717),#4721);
#4717 = CIRCLE('',#4718,1.25);
#4718 = AXIS2_PLACEMENT_2D('',#4719,#4720);
#4719 = CARTESIAN_POINT('',(0.,-7.105427357601E-15));
#4720 = DIRECTION('',(0.,-1.));
#4721 = ( GEOMETRIC_REPRESENTATION_CONTEXT(2) 
PARAMETRIC_REPRESENTATION_CONTEXT() REPRESENTATION_CONTEXT('2D SPACE',''
  ) );
#4722 = ORIENTED_EDGE('',*,*,#4673,.F.);
#4723 = ORIENTED_EDGE('',*,*,#4236,.F.);
#4724 = ORIENTED_EDGE('',*,*,#3852,.T.);
#4725 = ORIENTED_EDGE('',*,*,#3813,.T.);
#4726 = ADVANCED_FACE('',(#4727),#3934,.F.);
#4727 = FACE_BOUND('',#4728,.T.);
#4728 = EDGE_LOOP('',(#4729,#4730,#4753,#4780,#4781,#4782,#4783));
#4729 = ORIENTED_EDGE('',*,*,#4392,.F.);
#4730 = ORIENTED_EDGE('',*,*,#4731,.T.);
#4731 = EDGE_CURVE('',#4359,#4732,#4734,.T.);
#4732 = VERTEX_POINT('',#4733);
#4733 = CARTESIAN_POINT('',(948.95,41.25,120.));
#4734 = SEAM_CURVE('',#4735,(#4739,#4746),.PCURVE_S1.);
#4735 = LINE('',#4736,#4737);
#4736 = CARTESIAN_POINT('',(980.05,41.25,120.));
#4737 = VECTOR('',#4738,1.);
#4738 = DIRECTION('',(-1.,0.,0.));
#4739 = PCURVE('',#3934,#4740);
#4740 = DEFINITIONAL_REPRESENTATION('',(#4741),#4745);
#4741 = LINE('',#4742,#4743);
#4742 = CARTESIAN_POINT('',(-6.28318530718,0.));
#4743 = VECTOR('',#4744,1.);
#4744 = DIRECTION('',(-0.,-1.));
#4745 = ( GEOMETRIC_REPRESENTATION_CONTEXT(2) 
PARAMETRIC_REPRESENTATION_CONTEXT() REPRESENTATION_CONTEXT('2D SPACE',''
  ) );
#4746 = PCURVE('',#3934,#4747);
#4747 = DEFINITIONAL_REPRESENTATION('',(#4748),#4752);
#4748 = LINE('',#4749,#4750);
#4749 = CARTESIAN_POINT('',(-0.,0.));
#4750 = VECTOR('',#4751,1.);
#4751 = DIRECTION('',(-0.,-1.));
#4752 = ( GEOMETRIC_REPRESENTATION_CONTEXT(2) 
PARAMETRIC_REPRESENTATION_CONTEXT() REPRESENTATION_CONTEXT('2D SPACE',''
  ) );
#4753 = ORIENTED_EDGE('',*,*,#4754,.T.);
#4754 = EDGE_CURVE('',#4732,#4732,#4755,.T.);
#4755 = SURFACE_CURVE('',#4756,(#4761,#4768),.PCURVE_S1.);
#4756 = CIRCLE('',#4757,1.25);
#4757 = AXIS2_PLACEMENT_3D('',#4758,#4759,#4760);
#4758 = CARTESIAN_POINT('',(948.95,40.,120.));
#4759 = DIRECTION('',(-1.,0.,0.));
#4760 = DIRECTION('',(0.,1.,0.));
#4761 = PCURVE('',#3934,#4762);
#4762 = DEFINITIONAL_REPRESENTATION('',(#4763),#4767);
#4763 = LINE('',#4764,#4765);
#4764 = CARTESIAN_POINT('',(-0.,-31.1));
#4765 = VECTOR('',#4766,1.);
#4766 = DIRECTION('',(-1.,0.));
#4767 = ( GEOMETRIC_REPRESENTATION_CONTEXT(2) 
PARAMETRIC_REPRESENTATION_CONTEXT() REPRESENTATION_CONTEXT('2D SPACE',''
  ) );
#4768 = PCURVE('',#4769,#4774);
#4769 = PLANE('',#4770);
#4770 = AXIS2_PLACEMENT_3D('',#4771,#4772,#4773);
#4771 = CARTESIAN_POINT('',(948.95,40.,120.));
#4772 = DIRECTION('',(-1.,-0.,-0.));
#4773 = DIRECTION('',(0.,0.,-1.));
#4774 = DEFINITIONAL_REPRESENTATION('',(#4775),#4779);
#4775 = CIRCLE('',#4776,1.25);
#4776 = AXIS2_PLACEMENT_2D('',#4777,#4778);
#4777 = CARTESIAN_POINT('',(-1.42108547152E-14,0.));
#4778 = DIRECTION('',(0.,-1.));
#4779 = ( GEOMETRIC_REPRESENTATION_CONTEXT(2) 
PARAMETRIC_REPRESENTATION_CONTEXT() REPRESENTATION_CONTEXT('2D SPACE',''
  ) );
#4780 = ORIENTED_EDGE('',*,*,#4731,.F.);
#4781 = ORIENTED_EDGE('',*,*,#4358,.F.);
#4782 = ORIENTED_EDGE('',*,*,#3951,.T.);
#4783 = ORIENTED_EDGE('',*,*,#3912,.T.);
#4784 = ADVANCED_FACE('',(#4785),#4033,.F.);
#4785 = FACE_BOUND('',#4786,.T.);
#4786 = EDGE_LOOP('',(#4787,#4788,#4811,#4838,#4839,#4840,#4841));
#4787 = ORIENTED_EDGE('',*,*,#4514,.F.);
#4788 = ORIENTED_EDGE('',*,*,#4789,.T.);
#4789 = EDGE_CURVE('',#4481,#4790,#4792,.T.);
#4790 = VERTEX_POINT('',#4791);
#4791 = CARTESIAN_POINT('',(948.95,41.25,170.));
#4792 = SEAM_CURVE('',#4793,(#4797,#4804),.PCURVE_S1.);
#4793 = LINE('',#4794,#4795);
#4794 = CARTESIAN_POINT('',(980.05,41.25,170.));
#4795 = VECTOR('',#4796,1.);
#4796 = DIRECTION('',(-1.,0.,0.));
#4797 = PCURVE('',#4033,#4798);
#4798 = DEFINITIONAL_REPRESENTATION('',(#4799),#4803);
#4799 = LINE('',#4800,#4801);
#4800 = CARTESIAN_POINT('',(-6.28318530718,0.));
#4801 = VECTOR('',#4802,1.);
#4802 = DIRECTION('',(-0.,-1.));
#4803 = ( GEOMETRIC_REPRESENTATION_CONTEXT(2) 
PARAMETRIC_REPRESENTATION_CONTEXT() REPRESENTATION_CONTEXT('2D SPACE',''
  ) );
#4804 = PCURVE('',#4033,#4805);
#4805 = DEFINITIONAL_REPRESENTATION('',(#4806),#4810);
#4806 = LINE('',#4807,#4808);
#4807 = CARTESIAN_POINT('',(-0.,0.));
#4808 = VECTOR('',#4809,1.);
#4809 = DIRECTION('',(-0.,-1.));
#4810 = ( GEOMETRIC_REPRESENTATION_CONTEXT(2) 
PARAMETRIC_REPRESENTATION_CONTEXT() REPRESENTATION_CONTEXT('2D SPACE',''
  ) );
#4811 = ORIENTED_EDGE('',*,*,#4812,.T.);
#4812 = EDGE_CURVE('',#4790,#4790,#4813,.T.);
#4813 = SURFACE_CURVE('',#4814,(#4819,#4826),.PCURVE_S1.);
#4814 = CIRCLE('',#4815,1.25);
#4815 = AXIS2_PLACEMENT_3D('',#4816,#4817,#4818);
#4816 = CARTESIAN_POINT('',(948.95,40.,170.));
#4817 = DIRECTION('',(-1.,0.,0.));
#4818 = DIRECTION('',(0.,1.,0.));
#4819 = PCURVE('',#4033,#4820);
#4820 = DEFINITIONAL_REPRESENTATION('',(#4821),#4825);
#4821 = LINE('',#4822,#4823);
#4822 = CARTESIAN_POINT('',(-0.,-31.1));
#4823 = VECTOR('',#4824,1.);
#4824 = DIRECTION('',(-1.,0.));
#4825 = ( GEOMETRIC_REPRESENTATION_CONTEXT(2) 
PARAMETRIC_REPRESENTATION_CONTEXT() REPRESENTATION_CONTEXT('2D SPACE',''
  ) );
#4826 = PCURVE('',#4827,#4832);
#4827 = PLANE('',#4828);
#4828 = AXIS2_PLACEMENT_3D('',#4829,#4830,#4831);
#4829 = CARTESIAN_POINT('',(948.95,40.,170.));
#4830 = DIRECTION('',(-1.,-0.,-0.));
#4831 = DIRECTION('',(0.,0.,-1.));
#4832 = DEFINITIONAL_REPRESENTATION('',(#4833),#4837);
#4833 = CIRCLE('',#4834,1.25);
#4834 = AXIS2_PLACEMENT_2D('',#4835,#4836);
#4835 = CARTESIAN_POINT('',(0.,0.));
#4836 = DIRECTION('',(0.,-1.));
#4837 = ( GEOMETRIC_REPRESENTATION_CONTEXT(2) 
PARAMETRIC_REPRESENTATION_CONTEXT() REPRESENTATION_CONTEXT('2D SPACE',''
  ) );
#4838 = ORIENTED_EDGE('',*,*,#4789,.F.);
#4839 = ORIENTED_EDGE('',*,*,#4480,.F.);
#4840 = ORIENTED_EDGE('',*,*,#4050,.T.);
#4841 = ORIENTED_EDGE('',*,*,#4011,.T.);
#4842 = ADVANCED_FACE('',(#4843),#4132,.F.);
#4843 = FACE_BOUND('',#4844,.T.);
#4844 = EDGE_LOOP('',(#4845,#4846,#4869,#4896,#4897,#4898,#4899));
#4845 = ORIENTED_EDGE('',*,*,#4636,.F.);
#4846 = ORIENTED_EDGE('',*,*,#4847,.T.);
#4847 = EDGE_CURVE('',#4603,#4848,#4850,.T.);
#4848 = VERTEX_POINT('',#4849);
#4849 = CARTESIAN_POINT('',(948.95,41.25,265.));
#4850 = SEAM_CURVE('',#4851,(#4855,#4862),.PCURVE_S1.);
#4851 = LINE('',#4852,#4853);
#4852 = CARTESIAN_POINT('',(980.05,41.25,265.));
#4853 = VECTOR('',#4854,1.);
#4854 = DIRECTION('',(-1.,0.,0.));
#4855 = PCURVE('',#4132,#4856);
#4856 = DEFINITIONAL_REPRESENTATION('',(#4857),#4861);
#4857 = LINE('',#4858,#4859);
#4858 = CARTESIAN_POINT('',(-6.28318530718,0.));
#4859 = VECTOR('',#4860,1.);
#4860 = DIRECTION('',(-0.,-1.));
#4861 = ( GEOMETRIC_REPRESENTATION_CONTEXT(2) 
PARAMETRIC_REPRESENTATION_CONTEXT() REPRESENTATION_CONTEXT('2D SPACE',''
  ) );
#4862 = PCURVE('',#4132,#4863);
#4863 = DEFINITIONAL_REPRESENTATION('',(#4864),#4868);
#4864 = LINE('',#4865,#4866);
#4865 = CARTESIAN_POINT('',(-0.,0.));
#4866 = VECTOR('',#4867,1.);
#4867 = DIRECTION('',(-0.,-1.));
#4868 = ( GEOMETRIC_REPRESENTATION_CONTEXT(2) 
PARAMETRIC_REPRESENTATION_CONTEXT() REPRESENTATION_CONTEXT('2D SPACE',''
  ) );
#4869 = ORIENTED_EDGE('',*,*,#4870,.T.);
#4870 = EDGE_CURVE('',#4848,#4848,#4871,.T.);
#4871 = SURFACE_CURVE('',#4872,(#4877,#4884),.PCURVE_S1.);
#4872 = CIRCLE('',#4873,1.25);
#4873 = AXIS2_PLACEMENT_3D('',#4874,#4875,#4876);
#4874 = CARTESIAN_POINT('',(948.95,40.,265.));
#4875 = DIRECTION('',(-1.,0.,0.));
#4876 = DIRECTION('',(0.,1.,0.));
#4877 = PCURVE('',#4132,#4878);
#4878 = DEFINITIONAL_REPRESENTATION('',(#4879),#4883);
#4879 = LINE('',#4880,#4881);
#4880 = CARTESIAN_POINT('',(-0.,-31.1));
#4881 = VECTOR('',#4882,1.);
#4882 = DIRECTION('',(-1.,0.));
#4883 = ( GEOMETRIC_REPRESENTATION_CONTEXT(2) 
PARAMETRIC_REPRESENTATION_CONTEXT() REPRESENTATION_CONTEXT('2D SPACE',''
  ) );
#4884 = PCURVE('',#4885,#4890);
#4885 = PLANE('',#4886);
#4886 = AXIS2_PLACEMENT_3D('',#4887,#4888,#4889);
#4887 = CARTESIAN_POINT('',(948.95,40.,265.));
#4888 = DIRECTION('',(-1.,-0.,-0.));
#4889 = DIRECTION('',(0.,0.,-1.));
#4890 = DEFINITIONAL_REPRESENTATION('',(#4891),#4895);
#4891 = CIRCLE('',#4892,1.25);
#4892 = AXIS2_PLACEMENT_2D('',#4893,#4894);
#4893 = CARTESIAN_POINT('',(0.,0.));
#4894 = DIRECTION('',(0.,-1.));
#4895 = ( GEOMETRIC_REPRESENTATION_CONTEXT(2) 
PARAMETRIC_REPRESENTATION_CONTEXT() REPRESENTATION_CONTEXT('2D SPACE',''
  ) );
#4896 = ORIENTED_EDGE('',*,*,#4847,.F.);
#4897 = ORIENTED_EDGE('',*,*,#4602,.F.);
#4898 = ORIENTED_EDGE('',*,*,#4149,.T.);
#4899 = ORIENTED_EDGE('',*,*,#4110,.T.);
#4900 = ADVANCED_FACE('',(#4901),#4223,.F.);
#4901 = FACE_BOUND('',#4902,.F.);
#4902 = EDGE_LOOP('',(#4903));
#4903 = ORIENTED_EDGE('',*,*,#4208,.T.);
#4904 = ADVANCED_FACE('',(#4905),#4345,.F.);
#4905 = FACE_BOUND('',#4906,.F.);
#4906 = EDGE_LOOP('',(#4907));
#4907 = ORIENTED_EDGE('',*,*,#4330,.T.);
#4908 = ADVANCED_FACE('',(#4909),#4467,.F.);
#4909 = FACE_BOUND('',#4910,.F.);
#4910 = EDGE_LOOP('',(#4911));
#4911 = ORIENTED_EDGE('',*,*,#4452,.T.);
#4912 = ADVANCED_FACE('',(#4913),#4589,.F.);
#4913 = FACE_BOUND('',#4914,.F.);
#4914 = EDGE_LOOP('',(#4915));
#4915 = ORIENTED_EDGE('',*,*,#4574,.T.);
#4916 = ADVANCED_FACE('',(#4917),#4711,.F.);
#4917 = FACE_BOUND('',#4918,.F.);
#4918 = EDGE_LOOP('',(#4919));
#4919 = ORIENTED_EDGE('',*,*,#4696,.T.);
#4920 = ADVANCED_FACE('',(#4921),#4769,.F.);
#4921 = FACE_BOUND('',#4922,.F.);
#4922 = EDGE_LOOP('',(#4923));
#4923 = ORIENTED_EDGE('',*,*,#4754,.T.);
#4924 = ADVANCED_FACE('',(#4925),#4827,.F.);
#4925 = FACE_BOUND('',#4926,.F.);
#4926 = EDGE_LOOP('',(#4927));
#4927 = ORIENTED_EDGE('',*,*,#4812,.T.);
#4928 = ADVANCED_FACE('',(#4929),#4885,.F.);
#4929 = FACE_BOUND('',#4930,.F.);
#4930 = EDGE_LOOP('',(#4931));
#4931 = ORIENTED_EDGE('',*,*,#4870,.T.);
#4932 = ( GEOMETRIC_REPRESENTATION_CONTEXT(3) 
GLOBAL_UNCERTAINTY_ASSIGNED_CONTEXT((#4936)) 
GLOBAL_UNIT_ASSIGNED_CONTEXT((#4933,#4934,#4935)) REPRESENTATION_CONTEXT
('Context #1','3D Context with UNIT and UNCERTAINTY') );
#4933 = ( LENGTH_UNIT() NAMED_UNIT(*) SI_UNIT(.MILLI.,.METRE.) );
#4934 = ( NAMED_UNIT(*) PLANE_ANGLE_UNIT() SI_UNIT($,.RADIAN.) );
#4935 = ( NAMED_UNIT(*) SI_UNIT($,.STERADIAN.) SOLID_ANGLE_UNIT() );
#4936 = UNCERTAINTY_MEASURE_WITH_UNIT(LENGTH_MEASURE(1.E-07),#4933,
  'distance_accuracy_value','confusion accuracy');
#4937 = CONTEXT_DEPENDENT_SHAPE_REPRESENTATION(#4938,#4940);
#4938 = ( REPRESENTATION_RELATIONSHIP('','',#2521,#10) 
REPRESENTATION_RELATIONSHIP_WITH_TRANSFORMATION(#4939) 
SHAPE_REPRESENTATION_RELATIONSHIP() );
#4939 = ITEM_DEFINED_TRANSFORMATION('','',#11,#19);
#4940 = PRODUCT_DEFINITION_SHAPE('Placement','Placement of an item',
  #4941);
#4941 = NEXT_ASSEMBLY_USAGE_OCCURRENCE('2','post_fr','',#5,#2516,$);
#4942 = PRODUCT_RELATED_PRODUCT_CATEGORY('part',$,(#2518));
#4943 = SHAPE_DEFINITION_REPRESENTATION(#4944,#4950);
#4944 = PRODUCT_DEFINITION_SHAPE('','',#4945);
#4945 = PRODUCT_DEFINITION('design','',#4946,#4949);
#4946 = PRODUCT_DEFINITION_FORMATION('','',#4947);
#4947 = PRODUCT('post_bl','post_bl','',(#4948));
#4948 = PRODUCT_CONTEXT('',#2,'mechanical');
#4949 = PRODUCT_DEFINITION_CONTEXT('part definition',#2,'design');
#4950 = ADVANCED_BREP_SHAPE_REPRESENTATION('',(#11,#4951),#7177);
#4951 = MANIFOLD_SOLID_BREP('',#4952);
#4952 = CLOSED_SHELL('',(#4953,#5073,#5289,#5462,#5511,#5538,#5545,#5690
    ,#5835,#5980,#6125,#6224,#6323,#6422,#6521,#6620,#6719,#6818,#6917,
    #6974,#7031,#7088,#7145,#7149,#7153,#7157,#7161,#7165,#7169,#7173));
#4953 = ADVANCED_FACE('',(#4954),#4968,.F.);
#4954 = FACE_BOUND('',#4955,.F.);
#4955 = EDGE_LOOP('',(#4956,#4991,#5019,#5047));
#4956 = ORIENTED_EDGE('',*,*,#4957,.F.);
#4957 = EDGE_CURVE('',#4958,#4960,#4962,.T.);
#4958 = VERTEX_POINT('',#4959);
#4959 = CARTESIAN_POINT('',(20.,940.,-60.));
#4960 = VERTEX_POINT('',#4961);
#4961 = CARTESIAN_POINT('',(20.,980.,-60.));
#4962 = SURFACE_CURVE('',#4963,(#4967,#4979),.PCURVE_S1.);
#4963 = LINE('',#4964,#4965);
#4964 = CARTESIAN_POINT('',(20.,940.,-60.));
#4965 = VECTOR('',#4966,1.);
#4966 = DIRECTION('',(0.,1.,0.));
#4967 = PCURVE('',#4968,#4973);
#4968 = PLANE('',#4969);
#4969 = AXIS2_PLACEMENT_3D('',#4970,#4971,#4972);
#4970 = CARTESIAN_POINT('',(20.,940.,-60.));
#4971 = DIRECTION('',(0.,0.,1.));
#4972 = DIRECTION('',(0.,1.,0.));
#4973 = DEFINITIONAL_REPRESENTATION('',(#4974),#4978);
#4974 = LINE('',#4975,#4976);
#4975 = CARTESIAN_POINT('',(0.,0.));
#4976 = VECTOR('',#4977,1.);
#4977 = DIRECTION('',(1.,0.));
#4978 = ( GEOMETRIC_REPRESENTATION_CONTEXT(2) 
PARAMETRIC_REPRESENTATION_CONTEXT() REPRESENTATION_CONTEXT('2D SPACE',''
  ) );
#4979 = PCURVE('',#4980,#4985);
#4980 = PLANE('',#4981);
#4981 = AXIS2_PLACEMENT_3D('',#4982,#4983,#4984);
#4982 = CARTESIAN_POINT('',(20.,940.,-60.));
#4983 = DIRECTION('',(1.,0.,0.));
#4984 = DIRECTION('',(0.,1.,0.));
#4985 = DEFINITIONAL_REPRESENTATION('',(#4986),#4990);
#4986 = LINE('',#4987,#4988);
#4987 = CARTESIAN_POINT('',(0.,0.));
#4988 = VECTOR('',#4989,1.);
#4989 = DIRECTION('',(1.,0.));
#4990 = ( GEOMETRIC_REPRESENTATION_CONTEXT(2) 
PARAMETRIC_REPRESENTATION_CONTEXT() REPRESENTATION_CONTEXT('2D SPACE',''
  ) );
#4991 = ORIENTED_EDGE('',*,*,#4992,.T.);
#4992 = EDGE_CURVE('',#4958,#4993,#4995,.T.);
#4993 = VERTEX_POINT('',#4994);
#4994 = CARTESIAN_POINT('',(60.,940.,-60.));
#4995 = SURFACE_CURVE('',#4996,(#5000,#5007),.PCURVE_S1.);
#4996 = LINE('',#4997,#4998);
#4997 = CARTESIAN_POINT('',(20.,940.,-60.));
#4998 = VECTOR('',#4999,1.);
#4999 = DIRECTION('',(1.,0.,0.));
#5000 = PCURVE('',#4968,#5001);
#5001 = DEFINITIONAL_REPRESENTATION('',(#5002),#5006);
#5002 = LINE('',#5003,#5004);
#5003 = CARTESIAN_POINT('',(0.,0.));
#5004 = VECTOR('',#5005,1.);
#5005 = DIRECTION('',(0.,-1.));
#5006 = ( GEOMETRIC_REPRESENTATION_CONTEXT(2) 
PARAMETRIC_REPRESENTATION_CONTEXT() REPRESENTATION_CONTEXT('2D SPACE',''
  ) );
#5007 = PCURVE('',#5008,#5013);
#5008 = PLANE('',#5009);
#5009 = AXIS2_PLACEMENT_3D('',#5010,#5011,#5012);
#5010 = CARTESIAN_POINT('',(20.,940.,-60.));
#5011 = DIRECTION('',(0.,1.,0.));
#5012 = DIRECTION('',(0.,0.,1.));
#5013 = DEFINITIONAL_REPRESENTATION('',(#5014),#5018);
#5014 = LINE('',#5015,#5016);
#5015 = CARTESIAN_POINT('',(0.,0.));
#5016 = VECTOR('',#5017,1.);
#5017 = DIRECTION('',(0.,1.));
#5018 = ( GEOMETRIC_REPRESENTATION_CONTEXT(2) 
PARAMETRIC_REPRESENTATION_CONTEXT() REPRESENTATION_CONTEXT('2D SPACE',''
  ) );
#5019 = ORIENTED_EDGE('',*,*,#5020,.T.);
#5020 = EDGE_CURVE('',#4993,#5021,#5023,.T.);
#5021 = VERTEX_POINT('',#5022);
#5022 = CARTESIAN_POINT('',(60.,980.,-60.));
#5023 = SURFACE_CURVE('',#5024,(#5028,#5035),.PCURVE_S1.);
#5024 = LINE('',#5025,#5026);
#5025 = CARTESIAN_POINT('',(60.,940.,-60.));
#5026 = VECTOR('',#5027,1.);
#5027 = DIRECTION('',(0.,1.,0.));
#5028 = PCURVE('',#4968,#5029);
#5029 = DEFINITIONAL_REPRESENTATION('',(#5030),#5034);
#5030 = LINE('',#5031,#5032);
#5031 = CARTESIAN_POINT('',(0.,-40.));
#5032 = VECTOR('',#5033,1.);
#5033 = DIRECTION('',(1.,0.));
#5034 = ( GEOMETRIC_REPRESENTATION_CONTEXT(2) 
PARAMETRIC_REPRESENTATION_CONTEXT() REPRESENTATION_CONTEXT('2D SPACE',''
  ) );
#5035 = PCURVE('',#5036,#5041);
#5036 = PLANE('',#5037);
#5037 = AXIS2_PLACEMENT_3D('',#5038,#5039,#5040);
#5038 = CARTESIAN_POINT('',(60.,940.,-60.));
#5039 = DIRECTION('',(1.,0.,0.));
#5040 = DIRECTION('',(0.,1.,0.));
#5041 = DEFINITIONAL_REPRESENTATION('',(#5042),#5046);
#5042 = LINE('',#5043,#5044);
#5043 = CARTESIAN_POINT('',(0.,0.));
#5044 = VECTOR('',#5045,1.);
#5045 = DIRECTION('',(1.,0.));
#5046 = ( GEOMETRIC_REPRESENTATION_CONTEXT(2) 
PARAMETRIC_REPRESENTATION_CONTEXT() REPRESENTATION_CONTEXT('2D SPACE',''
  ) );
#5047 = ORIENTED_EDGE('',*,*,#5048,.F.);
#5048 = EDGE_CURVE('',#4960,#5021,#5049,.T.);
#5049 = SURFACE_CURVE('',#5050,(#5054,#5061),.PCURVE_S1.);
#5050 = LINE('',#5051,#5052);
#5051 = CARTESIAN_POINT('',(20.,980.,-60.));
#5052 = VECTOR('',#5053,1.);
#5053 = DIRECTION('',(1.,0.,0.));
#5054 = PCURVE('',#4968,#5055);
#5055 = DEFINITIONAL_REPRESENTATION('',(#5056),#5060);
#5056 = LINE('',#5057,#5058);
#5057 = CARTESIAN_POINT('',(40.,0.));
#5058 = VECTOR('',#5059,1.);
#5059 = DIRECTION('',(0.,-1.));
#5060 = ( GEOMETRIC_REPRESENTATION_CONTEXT(2) 
PARAMETRIC_REPRESENTATION_CONTEXT() REPRESENTATION_CONTEXT('2D SPACE',''
  ) );
#5061 = PCURVE('',#5062,#5067);
#5062 = PLANE('',#5063);
#5063 = AXIS2_PLACEMENT_3D('',#5064,#5065,#5066);
#5064 = CARTESIAN_POINT('',(20.,980.,-60.));
#5065 = DIRECTION('',(0.,1.,0.));
#5066 = DIRECTION('',(0.,0.,1.));
#5067 = DEFINITIONAL_REPRESENTATION('',(#5068),#5072);
#5068 = LINE('',#5069,#5070);
#5069 = CARTESIAN_POINT('',(0.,0.));
#5070 = VECTOR('',#5071,1.);
#5071 = DIRECTION('',(0.,1.));
#5072 = ( GEOMETRIC_REPRESENTATION_CONTEXT(2) 
PARAMETRIC_REPRESENTATION_CONTEXT() REPRESENTATION_CONTEXT('2D SPACE',''
  ) );
#5073 = ADVANCED_FACE('',(#5074,#5149,#5184,#5219,#5254),#4980,.F.);
#5074 = FACE_BOUND('',#5075,.F.);
#5075 = EDGE_LOOP('',(#5076,#5099,#5100,#5123));
#5076 = ORIENTED_EDGE('',*,*,#5077,.F.);
#5077 = EDGE_CURVE('',#4958,#5078,#5080,.T.);
#5078 = VERTEX_POINT('',#5079);
#5079 = CARTESIAN_POINT('',(20.,940.,290.));
#5080 = SURFACE_CURVE('',#5081,(#5085,#5092),.PCURVE_S1.);
#5081 = LINE('',#5082,#5083);
#5082 = CARTESIAN_POINT('',(20.,940.,-60.));
#5083 = VECTOR('',#5084,1.);
#5084 = DIRECTION('',(0.,0.,1.));
#5085 = PCURVE('',#4980,#5086);
#5086 = DEFINITIONAL_REPRESENTATION('',(#5087),#5091);
#5087 = LINE('',#5088,#5089);
#5088 = CARTESIAN_POINT('',(0.,0.));
#5089 = VECTOR('',#5090,1.);
#5090 = DIRECTION('',(0.,1.));
#5091 = ( GEOMETRIC_REPRESENTATION_CONTEXT(2) 
PARAMETRIC_REPRESENTATION_CONTEXT() REPRESENTATION_CONTEXT('2D SPACE',''
  ) );
#5092 = PCURVE('',#5008,#5093);
#5093 = DEFINITIONAL_REPRESENTATION('',(#5094),#5098);
#5094 = LINE('',#5095,#5096);
#5095 = CARTESIAN_POINT('',(0.,0.));
#5096 = VECTOR('',#5097,1.);
#5097 = DIRECTION('',(1.,0.));
#5098 = ( GEOMETRIC_REPRESENTATION_CONTEXT(2) 
PARAMETRIC_REPRESENTATION_CONTEXT() REPRESENTATION_CONTEXT('2D SPACE',''
  ) );
#5099 = ORIENTED_EDGE('',*,*,#4957,.T.);
#5100 = ORIENTED_EDGE('',*,*,#5101,.T.);
#5101 = EDGE_CURVE('',#4960,#5102,#5104,.T.);
#5102 = VERTEX_POINT('',#5103);
#5103 = CARTESIAN_POINT('',(20.,980.,290.));
#5104 = SURFACE_CURVE('',#5105,(#5109,#5116),.PCURVE_S1.);
#5105 = LINE('',#5106,#5107);
#5106 = CARTESIAN_POINT('',(20.,980.,-60.));
#5107 = VECTOR('',#5108,1.);
#5108 = DIRECTION('',(0.,0.,1.));
#5109 = PCURVE('',#4980,#5110);
#5110 = DEFINITIONAL_REPRESENTATION('',(#5111),#5115);
#5111 = LINE('',#5112,#5113);
#5112 = CARTESIAN_POINT('',(40.,0.));
#5113 = VECTOR('',#5114,1.);
#5114 = DIRECTION('',(0.,1.));
#5115 = ( GEOMETRIC_REPRESENTATION_CONTEXT(2) 
PARAMETRIC_REPRESENTATION_CONTEXT() REPRESENTATION_CONTEXT('2D SPACE',''
  ) );
#5116 = PCURVE('',#5062,#5117);
#5117 = DEFINITIONAL_REPRESENTATION('',(#5118),#5122);
#5118 = LINE('',#5119,#5120);
#5119 = CARTESIAN_POINT('',(0.,0.));
#5120 = VECTOR('',#5121,1.);
#5121 = DIRECTION('',(1.,0.));
#5122 = ( GEOMETRIC_REPRESENTATION_CONTEXT(2) 
PARAMETRIC_REPRESENTATION_CONTEXT() REPRESENTATION_CONTEXT('2D SPACE',''
  ) );
#5123 = ORIENTED_EDGE('',*,*,#5124,.F.);
#5124 = EDGE_CURVE('',#5078,#5102,#5125,.T.);
#5125 = SURFACE_CURVE('',#5126,(#5130,#5137),.PCURVE_S1.);
#5126 = LINE('',#5127,#5128);
#5127 = CARTESIAN_POINT('',(20.,940.,290.));
#5128 = VECTOR('',#5129,1.);
#5129 = DIRECTION('',(0.,1.,0.));
#5130 = PCURVE('',#4980,#5131);
#5131 = DEFINITIONAL_REPRESENTATION('',(#5132),#5136);
#5132 = LINE('',#5133,#5134);
#5133 = CARTESIAN_POINT('',(0.,350.));
#5134 = VECTOR('',#5135,1.);
#5135 = DIRECTION('',(1.,0.));
#5136 = ( GEOMETRIC_REPRESENTATION_CONTEXT(2) 
PARAMETRIC_REPRESENTATION_CONTEXT() REPRESENTATION_CONTEXT('2D SPACE',''
  ) );
#5137 = PCURVE('',#5138,#5143);
#5138 = PLANE('',#5139);
#5139 = AXIS2_PLACEMENT_3D('',#5140,#5141,#5142);
#5140 = CARTESIAN_POINT('',(20.,940.,290.));
#5141 = DIRECTION('',(0.,0.,1.));
#5142 = DIRECTION('',(0.,1.,0.));
#5143 = DEFINITIONAL_REPRESENTATION('',(#5144),#5148);
#5144 = LINE('',#5145,#5146);
#5145 = CARTESIAN_POINT('',(0.,0.));
#5146 = VECTOR('',#5147,1.);
#5147 = DIRECTION('',(1.,0.));
#5148 = ( GEOMETRIC_REPRESENTATION_CONTEXT(2) 
PARAMETRIC_REPRESENTATION_CONTEXT() REPRESENTATION_CONTEXT('2D SPACE',''
  ) );
#5149 = FACE_BOUND('',#5150,.F.);
#5150 = EDGE_LOOP('',(#5151));
#5151 = ORIENTED_EDGE('',*,*,#5152,.T.);
#5152 = EDGE_CURVE('',#5153,#5153,#5155,.T.);
#5153 = VERTEX_POINT('',#5154);
#5154 = CARTESIAN_POINT('',(20.,961.25,25.));
#5155 = SURFACE_CURVE('',#5156,(#5161,#5172),.PCURVE_S1.);
#5156 = CIRCLE('',#5157,1.25);
#5157 = AXIS2_PLACEMENT_3D('',#5158,#5159,#5160);
#5158 = CARTESIAN_POINT('',(20.,960.,25.));
#5159 = DIRECTION('',(-1.,0.,0.));
#5160 = DIRECTION('',(0.,1.,0.));
#5161 = PCURVE('',#4980,#5162);
#5162 = DEFINITIONAL_REPRESENTATION('',(#5163),#5171);
#5163 = ( BOUNDED_CURVE() B_SPLINE_CURVE(2,(#5164,#5165,#5166,#5167,
#5168,#5169,#5170),.UNSPECIFIED.,.T.,.F.) B_SPLINE_CURVE_WITH_KNOTS((1,2
    ,2,2,2,1),(-2.094395102393,0.,2.094395102393,4.188790204786,
6.28318530718,8.377580409573),.UNSPECIFIED.) CURVE() 
GEOMETRIC_REPRESENTATION_ITEM() RATIONAL_B_SPLINE_CURVE((1.,0.5,1.,0.5,
1.,0.5,1.)) REPRESENTATION_ITEM('') );
#5164 = CARTESIAN_POINT('',(21.25,85.));
#5165 = CARTESIAN_POINT('',(21.25,82.834936490539));
#5166 = CARTESIAN_POINT('',(19.375,83.917468245269));
#5167 = CARTESIAN_POINT('',(17.5,85.));
#5168 = CARTESIAN_POINT('',(19.375,86.082531754731));
#5169 = CARTESIAN_POINT('',(21.25,87.165063509461));
#5170 = CARTESIAN_POINT('',(21.25,85.));
#5171 = ( GEOMETRIC_REPRESENTATION_CONTEXT(2) 
PARAMETRIC_REPRESENTATION_CONTEXT() REPRESENTATION_CONTEXT('2D SPACE',''
  ) );
#5172 = PCURVE('',#5173,#5178);
#5173 = CYLINDRICAL_SURFACE('',#5174,1.25);
#5174 = AXIS2_PLACEMENT_3D('',#5175,#5176,#5177);
#5175 = CARTESIAN_POINT('',(19.95,960.,25.));
#5176 = DIRECTION('',(-1.,-0.,-0.));
#5177 = DIRECTION('',(0.,1.,0.));
#5178 = DEFINITIONAL_REPRESENTATION('',(#5179),#5183);
#5179 = LINE('',#5180,#5181);
#5180 = CARTESIAN_POINT('',(-6.28318530718,-5.E-02));
#5181 = VECTOR('',#5182,1.);
#5182 = DIRECTION('',(1.,-0.));
#5183 = ( GEOMETRIC_REPRESENTATION_CONTEXT(2) 
PARAMETRIC_REPRESENTATION_CONTEXT() REPRESENTATION_CONTEXT('2D SPACE',''
  ) );
#5184 = FACE_BOUND('',#5185,.F.);
#5185 = EDGE_LOOP('',(#5186));
#5186 = ORIENTED_EDGE('',*,*,#5187,.T.);
#5187 = EDGE_CURVE('',#5188,#5188,#5190,.T.);
#5188 = VERTEX_POINT('',#5189);
#5189 = CARTESIAN_POINT('',(20.,961.25,120.));
#5190 = SURFACE_CURVE('',#5191,(#5196,#5207),.PCURVE_S1.);
#5191 = CIRCLE('',#5192,1.25);
#5192 = AXIS2_PLACEMENT_3D('',#5193,#5194,#5195);
#5193 = CARTESIAN_POINT('',(20.,960.,120.));
#5194 = DIRECTION('',(-1.,0.,0.));
#5195 = DIRECTION('',(0.,1.,0.));
#5196 = PCURVE('',#4980,#5197);
#5197 = DEFINITIONAL_REPRESENTATION('',(#5198),#5206);
#5198 = ( BOUNDED_CURVE() B_SPLINE_CURVE(2,(#5199,#5200,#5201,#5202,
#5203,#5204,#5205),.UNSPECIFIED.,.T.,.F.) B_SPLINE_CURVE_WITH_KNOTS((1,2
    ,2,2,2,1),(-2.094395102393,0.,2.094395102393,4.188790204786,
6.28318530718,8.377580409573),.UNSPECIFIED.) CURVE() 
GEOMETRIC_REPRESENTATION_ITEM() RATIONAL_B_SPLINE_CURVE((1.,0.5,1.,0.5,
1.,0.5,1.)) REPRESENTATION_ITEM('') );
#5199 = CARTESIAN_POINT('',(21.25,180.));
#5200 = CARTESIAN_POINT('',(21.25,177.83493649053));
#5201 = CARTESIAN_POINT('',(19.375,178.91746824526));
#5202 = CARTESIAN_POINT('',(17.5,180.));
#5203 = CARTESIAN_POINT('',(19.375,181.08253175473));
#5204 = CARTESIAN_POINT('',(21.25,182.16506350946));
#5205 = CARTESIAN_POINT('',(21.25,180.));
#5206 = ( GEOMETRIC_REPRESENTATION_CONTEXT(2) 
PARAMETRIC_REPRESENTATION_CONTEXT() REPRESENTATION_CONTEXT('2D SPACE',''
  ) );
#5207 = PCURVE('',#5208,#5213);
#5208 = CYLINDRICAL_SURFACE('',#5209,1.25);
#5209 = AXIS2_PLACEMENT_3D('',#5210,#5211,#5212);
#5210 = CARTESIAN_POINT('',(19.95,960.,120.));
#5211 = DIRECTION('',(-1.,-0.,-0.));
#5212 = DIRECTION('',(0.,1.,0.));
#5213 = DEFINITIONAL_REPRESENTATION('',(#5214),#5218);
#5214 = LINE('',#5215,#5216);
#5215 = CARTESIAN_POINT('',(-6.28318530718,-5.E-02));
#5216 = VECTOR('',#5217,1.);
#5217 = DIRECTION('',(1.,-0.));
#5218 = ( GEOMETRIC_REPRESENTATION_CONTEXT(2) 
PARAMETRIC_REPRESENTATION_CONTEXT() REPRESENTATION_CONTEXT('2D SPACE',''
  ) );
#5219 = FACE_BOUND('',#5220,.F.);
#5220 = EDGE_LOOP('',(#5221));
#5221 = ORIENTED_EDGE('',*,*,#5222,.T.);
#5222 = EDGE_CURVE('',#5223,#5223,#5225,.T.);
#5223 = VERTEX_POINT('',#5224);
#5224 = CARTESIAN_POINT('',(20.,961.25,170.));
#5225 = SURFACE_CURVE('',#5226,(#5231,#5242),.PCURVE_S1.);
#5226 = CIRCLE('',#5227,1.25);
#5227 = AXIS2_PLACEMENT_3D('',#5228,#5229,#5230);
#5228 = CARTESIAN_POINT('',(20.,960.,170.));
#5229 = DIRECTION('',(-1.,0.,0.));
#5230 = DIRECTION('',(0.,1.,0.));
#5231 = PCURVE('',#4980,#5232);
#5232 = DEFINITIONAL_REPRESENTATION('',(#5233),#5241);
#5233 = ( BOUNDED_CURVE() B_SPLINE_CURVE(2,(#5234,#5235,#5236,#5237,
#5238,#5239,#5240),.UNSPECIFIED.,.T.,.F.) B_SPLINE_CURVE_WITH_KNOTS((1,2
    ,2,2,2,1),(-2.094395102393,0.,2.094395102393,4.188790204786,
6.28318530718,8.377580409573),.UNSPECIFIED.) CURVE() 
GEOMETRIC_REPRESENTATION_ITEM() RATIONAL_B_SPLINE_CURVE((1.,0.5,1.,0.5,
1.,0.5,1.)) REPRESENTATION_ITEM('') );
#5234 = CARTESIAN_POINT('',(21.25,230.));
#5235 = CARTESIAN_POINT('',(21.25,227.83493649053));
#5236 = CARTESIAN_POINT('',(19.375,228.91746824526));
#5237 = CARTESIAN_POINT('',(17.5,230.));
#5238 = CARTESIAN_POINT('',(19.375,231.08253175473));
#5239 = CARTESIAN_POINT('',(21.25,232.16506350946));
#5240 = CARTESIAN_POINT('',(21.25,230.));
#5241 = ( GEOMETRIC_REPRESENTATION_CONTEXT(2) 
PARAMETRIC_REPRESENTATION_CONTEXT() REPRESENTATION_CONTEXT('2D SPACE',''
  ) );
#5242 = PCURVE('',#5243,#5248);
#5243 = CYLINDRICAL_SURFACE('',#5244,1.25);
#5244 = AXIS2_PLACEMENT_3D('',#5245,#5246,#5247);
#5245 = CARTESIAN_POINT('',(19.95,960.,170.));
#5246 = DIRECTION('',(-1.,-0.,-0.));
#5247 = DIRECTION('',(0.,1.,0.));
#5248 = DEFINITIONAL_REPRESENTATION('',(#5249),#5253);
#5249 = LINE('',#5250,#5251);
#5250 = CARTESIAN_POINT('',(-6.28318530718,-5.E-02));
#5251 = VECTOR('',#5252,1.);
#5252 = DIRECTION('',(1.,-0.));
#5253 = ( GEOMETRIC_REPRESENTATION_CONTEXT(2) 
PARAMETRIC_REPRESENTATION_CONTEXT() REPRESENTATION_CONTEXT('2D SPACE',''
  ) );
#5254 = FACE_BOUND('',#5255,.F.);
#5255 = EDGE_LOOP('',(#5256));
#5256 = ORIENTED_EDGE('',*,*,#5257,.T.);
#5257 = EDGE_CURVE('',#5258,#5258,#5260,.T.);
#5258 = VERTEX_POINT('',#5259);
#5259 = CARTESIAN_POINT('',(20.,961.25,265.));
#5260 = SURFACE_CURVE('',#5261,(#5266,#5277),.PCURVE_S1.);
#5261 = CIRCLE('',#5262,1.25);
#5262 = AXIS2_PLACEMENT_3D('',#5263,#5264,#5265);
#5263 = CARTESIAN_POINT('',(20.,960.,265.));
#5264 = DIRECTION('',(-1.,0.,0.));
#5265 = DIRECTION('',(0.,1.,0.));
#5266 = PCURVE('',#4980,#5267);
#5267 = DEFINITIONAL_REPRESENTATION('',(#5268),#5276);
#5268 = ( BOUNDED_CURVE() B_SPLINE_CURVE(2,(#5269,#5270,#5271,#5272,
#5273,#5274,#5275),.UNSPECIFIED.,.T.,.F.) B_SPLINE_CURVE_WITH_KNOTS((1,2
    ,2,2,2,1),(-2.094395102393,0.,2.094395102393,4.188790204786,
6.28318530718,8.377580409573),.UNSPECIFIED.) CURVE() 
GEOMETRIC_REPRESENTATION_ITEM() RATIONAL_B_SPLINE_CURVE((1.,0.5,1.,0.5,
1.,0.5,1.)) REPRESENTATION_ITEM('') );
#5269 = CARTESIAN_POINT('',(21.25,325.));
#5270 = CARTESIAN_POINT('',(21.25,322.83493649053));
#5271 = CARTESIAN_POINT('',(19.375,323.91746824526));
#5272 = CARTESIAN_POINT('',(17.5,325.));
#5273 = CARTESIAN_POINT('',(19.375,326.08253175473));
#5274 = CARTESIAN_POINT('',(21.25,327.16506350946));
#5275 = CARTESIAN_POINT('',(21.25,325.));
#5276 = ( GEOMETRIC_REPRESENTATION_CONTEXT(2) 
PARAMETRIC_REPRESENTATION_CONTEXT() REPRESENTATION_CONTEXT('2D SPACE',''
  ) );
#5277 = PCURVE('',#5278,#5283);
#5278 = CYLINDRICAL_SURFACE('',#5279,1.25);
#5279 = AXIS2_PLACEMENT_3D('',#5280,#5281,#5282);
#5280 = CARTESIAN_POINT('',(19.95,960.,265.));
#5281 = DIRECTION('',(-1.,-0.,-0.));
#5282 = DIRECTION('',(0.,1.,0.));
#5283 = DEFINITIONAL_REPRESENTATION('',(#5284),#5288);
#5284 = LINE('',#5285,#5286);
#5285 = CARTESIAN_POINT('',(-6.28318530718,-5.E-02));
#5286 = VECTOR('',#5287,1.);
#5287 = DIRECTION('',(1.,-0.));
#5288 = ( GEOMETRIC_REPRESENTATION_CONTEXT(2) 
PARAMETRIC_REPRESENTATION_CONTEXT() REPRESENTATION_CONTEXT('2D SPACE',''
  ) );
#5289 = ADVANCED_FACE('',(#5290,#5338,#5369,#5400,#5431),#5062,.T.);
#5290 = FACE_BOUND('',#5291,.T.);
#5291 = EDGE_LOOP('',(#5292,#5293,#5294,#5317));
#5292 = ORIENTED_EDGE('',*,*,#5048,.F.);
#5293 = ORIENTED_EDGE('',*,*,#5101,.T.);
#5294 = ORIENTED_EDGE('',*,*,#5295,.T.);
#5295 = EDGE_CURVE('',#5102,#5296,#5298,.T.);
#5296 = VERTEX_POINT('',#5297);
#5297 = CARTESIAN_POINT('',(60.,980.,290.));
#5298 = SURFACE_CURVE('',#5299,(#5303,#5310),.PCURVE_S1.);
#5299 = LINE('',#5300,#5301);
#5300 = CARTESIAN_POINT('',(20.,980.,290.));
#5301 = VECTOR('',#5302,1.);
#5302 = DIRECTION('',(1.,0.,0.));
#5303 = PCURVE('',#5062,#5304);
#5304 = DEFINITIONAL_REPRESENTATION('',(#5305),#5309);
#5305 = LINE('',#5306,#5307);
#5306 = CARTESIAN_POINT('',(350.,0.));
#5307 = VECTOR('',#5308,1.);
#5308 = DIRECTION('',(0.,1.));
#5309 = ( GEOMETRIC_REPRESENTATION_CONTEXT(2) 
PARAMETRIC_REPRESENTATION_CONTEXT() REPRESENTATION_CONTEXT('2D SPACE',''
  ) );
#5310 = PCURVE('',#5138,#5311);
#5311 = DEFINITIONAL_REPRESENTATION('',(#5312),#5316);
#5312 = LINE('',#5313,#5314);
#5313 = CARTESIAN_POINT('',(40.,0.));
#5314 = VECTOR('',#5315,1.);
#5315 = DIRECTION('',(0.,-1.));
#5316 = ( GEOMETRIC_REPRESENTATION_CONTEXT(2) 
PARAMETRIC_REPRESENTATION_CONTEXT() REPRESENTATION_CONTEXT('2D SPACE',''
  ) );
#5317 = ORIENTED_EDGE('',*,*,#5318,.F.);
#5318 = EDGE_CURVE('',#5021,#5296,#5319,.T.);
#5319 = SURFACE_CURVE('',#5320,(#5324,#5331),.PCURVE_S1.);
#5320 = LINE('',#5321,#5322);
#5321 = CARTESIAN_POINT('',(60.,980.,-60.));
#5322 = VECTOR('',#5323,1.);
#5323 = DIRECTION('',(0.,0.,1.));
#5324 = PCURVE('',#5062,#5325);
#5325 = DEFINITIONAL_REPRESENTATION('',(#5326),#5330);
#5326 = LINE('',#5327,#5328);
#5327 = CARTESIAN_POINT('',(0.,40.));
#5328 = VECTOR('',#5329,1.);
#5329 = DIRECTION('',(1.,0.));
#5330 = ( GEOMETRIC_REPRESENTATION_CONTEXT(2) 
PARAMETRIC_REPRESENTATION_CONTEXT() REPRESENTATION_CONTEXT('2D SPACE',''
  ) );
#5331 = PCURVE('',#5036,#5332);
#5332 = DEFINITIONAL_REPRESENTATION('',(#5333),#5337);
#5333 = LINE('',#5334,#5335);
#5334 = CARTESIAN_POINT('',(40.,0.));
#5335 = VECTOR('',#5336,1.);
#5336 = DIRECTION('',(0.,1.));
#5337 = ( GEOMETRIC_REPRESENTATION_CONTEXT(2) 
PARAMETRIC_REPRESENTATION_CONTEXT() REPRESENTATION_CONTEXT('2D SPACE',''
  ) );
#5338 = FACE_BOUND('',#5339,.T.);
#5339 = EDGE_LOOP('',(#5340));
#5340 = ORIENTED_EDGE('',*,*,#5341,.F.);
#5341 = EDGE_CURVE('',#5342,#5342,#5344,.T.);
#5342 = VERTEX_POINT('',#5343);
#5343 = CARTESIAN_POINT('',(40.,980.,26.25));
#5344 = SURFACE_CURVE('',#5345,(#5350,#5357),.PCURVE_S1.);
#5345 = CIRCLE('',#5346,1.25);
#5346 = AXIS2_PLACEMENT_3D('',#5347,#5348,#5349);
#5347 = CARTESIAN_POINT('',(40.,980.,25.));
#5348 = DIRECTION('',(-0.,1.,0.));
#5349 = DIRECTION('',(0.,0.,1.));
#5350 = PCURVE('',#5062,#5351);
#5351 = DEFINITIONAL_REPRESENTATION('',(#5352),#5356);
#5352 = CIRCLE('',#5353,1.25);
#5353 = AXIS2_PLACEMENT_2D('',#5354,#5355);
#5354 = CARTESIAN_POINT('',(85.,20.));
#5355 = DIRECTION('',(1.,0.));
#5356 = ( GEOMETRIC_REPRESENTATION_CONTEXT(2) 
PARAMETRIC_REPRESENTATION_CONTEXT() REPRESENTATION_CONTEXT('2D SPACE',''
  ) );
#5357 = PCURVE('',#5358,#5363);
#5358 = CYLINDRICAL_SURFACE('',#5359,1.25);
#5359 = AXIS2_PLACEMENT_3D('',#5360,#5361,#5362);
#5360 = CARTESIAN_POINT('',(40.,980.05,25.));
#5361 = DIRECTION('',(-0.,1.,-0.));
#5362 = DIRECTION('',(0.,0.,1.));
#5363 = DEFINITIONAL_REPRESENTATION('',(#5364),#5368);
#5364 = LINE('',#5365,#5366);
#5365 = CARTESIAN_POINT('',(-6.28318530718,-4.999999999995E-02));
#5366 = VECTOR('',#5367,1.);
#5367 = DIRECTION('',(1.,-0.));
#5368 = ( GEOMETRIC_REPRESENTATION_CONTEXT(2) 
PARAMETRIC_REPRESENTATION_CONTEXT() REPRESENTATION_CONTEXT('2D SPACE',''
  ) );
#5369 = FACE_BOUND('',#5370,.T.);
#5370 = EDGE_LOOP('',(#5371));
#5371 = ORIENTED_EDGE('',*,*,#5372,.F.);
#5372 = EDGE_CURVE('',#5373,#5373,#5375,.T.);
#5373 = VERTEX_POINT('',#5374);
#5374 = CARTESIAN_POINT('',(40.,980.,121.25));
#5375 = SURFACE_CURVE('',#5376,(#5381,#5388),.PCURVE_S1.);
#5376 = CIRCLE('',#5377,1.25);
#5377 = AXIS2_PLACEMENT_3D('',#5378,#5379,#5380);
#5378 = CARTESIAN_POINT('',(40.,980.,120.));
#5379 = DIRECTION('',(-0.,1.,0.));
#5380 = DIRECTION('',(0.,0.,1.));
#5381 = PCURVE('',#5062,#5382);
#5382 = DEFINITIONAL_REPRESENTATION('',(#5383),#5387);
#5383 = CIRCLE('',#5384,1.25);
#5384 = AXIS2_PLACEMENT_2D('',#5385,#5386);
#5385 = CARTESIAN_POINT('',(180.,20.));
#5386 = DIRECTION('',(1.,0.));
#5387 = ( GEOMETRIC_REPRESENTATION_CONTEXT(2) 
PARAMETRIC_REPRESENTATION_CONTEXT() REPRESENTATION_CONTEXT('2D SPACE',''
  ) );
#5388 = PCURVE('',#5389,#5394);
#5389 = CYLINDRICAL_SURFACE('',#5390,1.25);
#5390 = AXIS2_PLACEMENT_3D('',#5391,#5392,#5393);
#5391 = CARTESIAN_POINT('',(40.,980.05,120.));
#5392 = DIRECTION('',(-0.,1.,-0.));
#5393 = DIRECTION('',(0.,0.,1.));
#5394 = DEFINITIONAL_REPRESENTATION('',(#5395),#5399);
#5395 = LINE('',#5396,#5397);
#5396 = CARTESIAN_POINT('',(-6.28318530718,-4.999999999995E-02));
#5397 = VECTOR('',#5398,1.);
#5398 = DIRECTION('',(1.,-0.));
#5399 = ( GEOMETRIC_REPRESENTATION_CONTEXT(2) 
PARAMETRIC_REPRESENTATION_CONTEXT() REPRESENTATION_CONTEXT('2D SPACE',''
  ) );
#5400 = FACE_BOUND('',#5401,.T.);
#5401 = EDGE_LOOP('',(#5402));
#5402 = ORIENTED_EDGE('',*,*,#5403,.F.);
#5403 = EDGE_CURVE('',#5404,#5404,#5406,.T.);
#5404 = VERTEX_POINT('',#5405);
#5405 = CARTESIAN_POINT('',(40.,980.,171.25));
#5406 = SURFACE_CURVE('',#5407,(#5412,#5419),.PCURVE_S1.);
#5407 = CIRCLE('',#5408,1.25);
#5408 = AXIS2_PLACEMENT_3D('',#5409,#5410,#5411);
#5409 = CARTESIAN_POINT('',(40.,980.,170.));
#5410 = DIRECTION('',(-0.,1.,0.));
#5411 = DIRECTION('',(0.,0.,1.));
#5412 = PCURVE('',#5062,#5413);
#5413 = DEFINITIONAL_REPRESENTATION('',(#5414),#5418);
#5414 = CIRCLE('',#5415,1.25);
#5415 = AXIS2_PLACEMENT_2D('',#5416,#5417);
#5416 = CARTESIAN_POINT('',(230.,20.));
#5417 = DIRECTION('',(1.,0.));
#5418 = ( GEOMETRIC_REPRESENTATION_CONTEXT(2) 
PARAMETRIC_REPRESENTATION_CONTEXT() REPRESENTATION_CONTEXT('2D SPACE',''
  ) );
#5419 = PCURVE('',#5420,#5425);
#5420 = CYLINDRICAL_SURFACE('',#5421,1.25);
#5421 = AXIS2_PLACEMENT_3D('',#5422,#5423,#5424);
#5422 = CARTESIAN_POINT('',(40.,980.05,170.));
#5423 = DIRECTION('',(-0.,1.,-0.));
#5424 = DIRECTION('',(0.,0.,1.));
#5425 = DEFINITIONAL_REPRESENTATION('',(#5426),#5430);
#5426 = LINE('',#5427,#5428);
#5427 = CARTESIAN_POINT('',(-6.28318530718,-4.999999999995E-02));
#5428 = VECTOR('',#5429,1.);
#5429 = DIRECTION('',(1.,-0.));
#5430 = ( GEOMETRIC_REPRESENTATION_CONTEXT(2) 
PARAMETRIC_REPRESENTATION_CONTEXT() REPRESENTATION_CONTEXT('2D SPACE',''
  ) );
#5431 = FACE_BOUND('',#5432,.T.);
#5432 = EDGE_LOOP('',(#5433));
#5433 = ORIENTED_EDGE('',*,*,#5434,.F.);
#5434 = EDGE_CURVE('',#5435,#5435,#5437,.T.);
#5435 = VERTEX_POINT('',#5436);
#5436 = CARTESIAN_POINT('',(40.,980.,266.25));
#5437 = SURFACE_CURVE('',#5438,(#5443,#5450),.PCURVE_S1.);
#5438 = CIRCLE('',#5439,1.25);
#5439 = AXIS2_PLACEMENT_3D('',#5440,#5441,#5442);
#5440 = CARTESIAN_POINT('',(40.,980.,265.));
#5441 = DIRECTION('',(-0.,1.,0.));
#5442 = DIRECTION('',(0.,0.,1.));
#5443 = PCURVE('',#5062,#5444);
#5444 = DEFINITIONAL_REPRESENTATION('',(#5445),#5449);
#5445 = CIRCLE('',#5446,1.25);
#5446 = AXIS2_PLACEMENT_2D('',#5447,#5448);
#5447 = CARTESIAN_POINT('',(325.,20.));
#5448 = DIRECTION('',(1.,0.));
#5449 = ( GEOMETRIC_REPRESENTATION_CONTEXT(2) 
PARAMETRIC_REPRESENTATION_CONTEXT() REPRESENTATION_CONTEXT('2D SPACE',''
  ) );
#5450 = PCURVE('',#5451,#5456);
#5451 = CYLINDRICAL_SURFACE('',#5452,1.25);
#5452 = AXIS2_PLACEMENT_3D('',#5453,#5454,#5455);
#5453 = CARTESIAN_POINT('',(40.,980.05,265.));
#5454 = DIRECTION('',(-0.,1.,-0.));
#5455 = DIRECTION('',(0.,0.,1.));
#5456 = DEFINITIONAL_REPRESENTATION('',(#5457),#5461);
#5457 = LINE('',#5458,#5459);
#5458 = CARTESIAN_POINT('',(-6.28318530718,-4.999999999995E-02));
#5459 = VECTOR('',#5460,1.);
#5460 = DIRECTION('',(1.,-0.));
#5461 = ( GEOMETRIC_REPRESENTATION_CONTEXT(2) 
PARAMETRIC_REPRESENTATION_CONTEXT() REPRESENTATION_CONTEXT('2D SPACE',''
  ) );
#5462 = ADVANCED_FACE('',(#5463),#5036,.T.);
#5463 = FACE_BOUND('',#5464,.T.);
#5464 = EDGE_LOOP('',(#5465,#5488,#5489,#5490));
#5465 = ORIENTED_EDGE('',*,*,#5466,.F.);
#5466 = EDGE_CURVE('',#4993,#5467,#5469,.T.);
#5467 = VERTEX_POINT('',#5468);
#5468 = CARTESIAN_POINT('',(60.,940.,290.));
#5469 = SURFACE_CURVE('',#5470,(#5474,#5481),.PCURVE_S1.);
#5470 = LINE('',#5471,#5472);
#5471 = CARTESIAN_POINT('',(60.,940.,-60.));
#5472 = VECTOR('',#5473,1.);
#5473 = DIRECTION('',(0.,0.,1.));
#5474 = PCURVE('',#5036,#5475);
#5475 = DEFINITIONAL_REPRESENTATION('',(#5476),#5480);
#5476 = LINE('',#5477,#5478);
#5477 = CARTESIAN_POINT('',(0.,0.));
#5478 = VECTOR('',#5479,1.);
#5479 = DIRECTION('',(0.,1.));
#5480 = ( GEOMETRIC_REPRESENTATION_CONTEXT(2) 
PARAMETRIC_REPRESENTATION_CONTEXT() REPRESENTATION_CONTEXT('2D SPACE',''
  ) );
#5481 = PCURVE('',#5008,#5482);
#5482 = DEFINITIONAL_REPRESENTATION('',(#5483),#5487);
#5483 = LINE('',#5484,#5485);
#5484 = CARTESIAN_POINT('',(0.,40.));
#5485 = VECTOR('',#5486,1.);
#5486 = DIRECTION('',(1.,0.));
#5487 = ( GEOMETRIC_REPRESENTATION_CONTEXT(2) 
PARAMETRIC_REPRESENTATION_CONTEXT() REPRESENTATION_CONTEXT('2D SPACE',''
  ) );
#5488 = ORIENTED_EDGE('',*,*,#5020,.T.);
#5489 = ORIENTED_EDGE('',*,*,#5318,.T.);
#5490 = ORIENTED_EDGE('',*,*,#5491,.F.);
#5491 = EDGE_CURVE('',#5467,#5296,#5492,.T.);
#5492 = SURFACE_CURVE('',#5493,(#5497,#5504),.PCURVE_S1.);
#5493 = LINE('',#5494,#5495);
#5494 = CARTESIAN_POINT('',(60.,940.,290.));
#5495 = VECTOR('',#5496,1.);
#5496 = DIRECTION('',(0.,1.,0.));
#5497 = PCURVE('',#5036,#5498);
#5498 = DEFINITIONAL_REPRESENTATION('',(#5499),#5503);
#5499 = LINE('',#5500,#5501);
#5500 = CARTESIAN_POINT('',(0.,350.));
#5501 = VECTOR('',#5502,1.);
#5502 = DIRECTION('',(1.,0.));
#5503 = ( GEOMETRIC_REPRESENTATION_CONTEXT(2) 
PARAMETRIC_REPRESENTATION_CONTEXT() REPRESENTATION_CONTEXT('2D SPACE',''
  ) );
#5504 = PCURVE('',#5138,#5505);
#5505 = DEFINITIONAL_REPRESENTATION('',(#5506),#5510);
#5506 = LINE('',#5507,#5508);
#5507 = CARTESIAN_POINT('',(0.,-40.));
#5508 = VECTOR('',#5509,1.);
#5509 = DIRECTION('',(1.,0.));
#5510 = ( GEOMETRIC_REPRESENTATION_CONTEXT(2) 
PARAMETRIC_REPRESENTATION_CONTEXT() REPRESENTATION_CONTEXT('2D SPACE',''
  ) );
#5511 = ADVANCED_FACE('',(#5512),#5008,.F.);
#5512 = FACE_BOUND('',#5513,.F.);
#5513 = EDGE_LOOP('',(#5514,#5515,#5516,#5537));
#5514 = ORIENTED_EDGE('',*,*,#4992,.F.);
#5515 = ORIENTED_EDGE('',*,*,#5077,.T.);
#5516 = ORIENTED_EDGE('',*,*,#5517,.T.);
#5517 = EDGE_CURVE('',#5078,#5467,#5518,.T.);
#5518 = SURFACE_CURVE('',#5519,(#5523,#5530),.PCURVE_S1.);
#5519 = LINE('',#5520,#5521);
#5520 = CARTESIAN_POINT('',(20.,940.,290.));
#5521 = VECTOR('',#5522,1.);
#5522 = DIRECTION('',(1.,0.,0.));
#5523 = PCURVE('',#5008,#5524);
#5524 = DEFINITIONAL_REPRESENTATION('',(#5525),#5529);
#5525 = LINE('',#5526,#5527);
#5526 = CARTESIAN_POINT('',(350.,0.));
#5527 = VECTOR('',#5528,1.);
#5528 = DIRECTION('',(0.,1.));
#5529 = ( GEOMETRIC_REPRESENTATION_CONTEXT(2) 
PARAMETRIC_REPRESENTATION_CONTEXT() REPRESENTATION_CONTEXT('2D SPACE',''
  ) );
#5530 = PCURVE('',#5138,#5531);
#5531 = DEFINITIONAL_REPRESENTATION('',(#5532),#5536);
#5532 = LINE('',#5533,#5534);
#5533 = CARTESIAN_POINT('',(0.,0.));
#5534 = VECTOR('',#5535,1.);
#5535 = DIRECTION('',(0.,-1.));
#5536 = ( GEOMETRIC_REPRESENTATION_CONTEXT(2) 
PARAMETRIC_REPRESENTATION_CONTEXT() REPRESENTATION_CONTEXT('2D SPACE',''
  ) );
#5537 = ORIENTED_EDGE('',*,*,#5466,.F.);
#5538 = ADVANCED_FACE('',(#5539),#5138,.T.);
#5539 = FACE_BOUND('',#5540,.T.);
#5540 = EDGE_LOOP('',(#5541,#5542,#5543,#5544));
#5541 = ORIENTED_EDGE('',*,*,#5124,.F.);
#5542 = ORIENTED_EDGE('',*,*,#5517,.T.);
#5543 = ORIENTED_EDGE('',*,*,#5491,.T.);
#5544 = ORIENTED_EDGE('',*,*,#5295,.F.);
#5545 = ADVANCED_FACE('',(#5546),#5173,.F.);
#5546 = FACE_BOUND('',#5547,.T.);
#5547 = EDGE_LOOP('',(#5548,#5549,#5572,#5606,#5657,#5689));
#5548 = ORIENTED_EDGE('',*,*,#5152,.T.);
#5549 = ORIENTED_EDGE('',*,*,#5550,.T.);
#5550 = EDGE_CURVE('',#5153,#5551,#5553,.T.);
#5551 = VERTEX_POINT('',#5552);
#5552 = CARTESIAN_POINT('',(38.75,961.25,25.));
#5553 = SEAM_CURVE('',#5554,(#5558,#5565),.PCURVE_S1.);
#5554 = LINE('',#5555,#5556);
#5555 = CARTESIAN_POINT('',(19.95,961.25,25.));
#5556 = VECTOR('',#5557,1.);
#5557 = DIRECTION('',(1.,0.,0.));
#5558 = PCURVE('',#5173,#5559);
#5559 = DEFINITIONAL_REPRESENTATION('',(#5560),#5564);
#5560 = LINE('',#5561,#5562);
#5561 = CARTESIAN_POINT('',(-6.28318530718,0.));
#5562 = VECTOR('',#5563,1.);
#5563 = DIRECTION('',(-0.,-1.));
#5564 = ( GEOMETRIC_REPRESENTATION_CONTEXT(2) 
PARAMETRIC_REPRESENTATION_CONTEXT() REPRESENTATION_CONTEXT('2D SPACE',''
  ) );
#5565 = PCURVE('',#5173,#5566);
#5566 = DEFINITIONAL_REPRESENTATION('',(#5567),#5571);
#5567 = LINE('',#5568,#5569);
#5568 = CARTESIAN_POINT('',(-0.,0.));
#5569 = VECTOR('',#5570,1.);
#5570 = DIRECTION('',(-0.,-1.));
#5571 = ( GEOMETRIC_REPRESENTATION_CONTEXT(2) 
PARAMETRIC_REPRESENTATION_CONTEXT() REPRESENTATION_CONTEXT('2D SPACE',''
  ) );
#5572 = ORIENTED_EDGE('',*,*,#5573,.T.);
#5573 = EDGE_CURVE('',#5551,#5574,#5576,.T.);
#5574 = VERTEX_POINT('',#5575);
#5575 = CARTESIAN_POINT('',(40.,960.,26.25));
#5576 = SURFACE_CURVE('',#5577,(#5582,#5594),.PCURVE_S1.);
#5577 = ELLIPSE('',#5578,1.767766952966,1.25);
#5578 = AXIS2_PLACEMENT_3D('',#5579,#5580,#5581);
#5579 = CARTESIAN_POINT('',(40.,960.,25.));
#5580 = DIRECTION('',(0.707106781187,0.707106781187,0.));
#5581 = DIRECTION('',(-0.707106781187,0.707106781187,0.));
#5582 = PCURVE('',#5173,#5583);
#5583 = DEFINITIONAL_REPRESENTATION('',(#5584),#5593);
#5584 = B_SPLINE_CURVE_WITH_KNOTS('',7,(#5585,#5586,#5587,#5588,#5589,
    #5590,#5591,#5592),.UNSPECIFIED.,.F.,.F.,(8,8),(0.,1.570796326795),
  .PIECEWISE_BEZIER_KNOTS.);
#5585 = CARTESIAN_POINT('',(0.,-18.8));
#5586 = CARTESIAN_POINT('',(-0.224399475256,-18.8));
#5587 = CARTESIAN_POINT('',(-0.448798950513,-18.87343584076));
#5588 = CARTESIAN_POINT('',(-0.67319842577,-19.02029686923));
#5589 = CARTESIAN_POINT('',(-0.897597901025,-19.23156646777));
#5590 = CARTESIAN_POINT('',(-1.121997376282,-19.48900245085));
#5591 = CARTESIAN_POINT('',(-1.346396851538,-19.76950065592));
#5592 = CARTESIAN_POINT('',(-1.570796326795,-20.05));
#5593 = ( GEOMETRIC_REPRESENTATION_CONTEXT(2) 
PARAMETRIC_REPRESENTATION_CONTEXT() REPRESENTATION_CONTEXT('2D SPACE',''
  ) );
#5594 = PCURVE('',#5358,#5595);
#5595 = DEFINITIONAL_REPRESENTATION('',(#5596),#5605);
#5596 = B_SPLINE_CURVE_WITH_KNOTS('',7,(#5597,#5598,#5599,#5600,#5601,
    #5602,#5603,#5604),.UNSPECIFIED.,.F.,.F.,(8,8),(0.,1.570796326795),
  .PIECEWISE_BEZIER_KNOTS.);
#5597 = CARTESIAN_POINT('',(-1.570796326795,-18.8));
#5598 = CARTESIAN_POINT('',(-1.346396851538,-18.8));
#5599 = CARTESIAN_POINT('',(-1.121997376282,-18.87343584076));
#5600 = CARTESIAN_POINT('',(-0.897597901026,-19.02029686922));
#5601 = CARTESIAN_POINT('',(-0.673198425769,-19.23156646777));
#5602 = CARTESIAN_POINT('',(-0.448798950513,-19.48900245085));
#5603 = CARTESIAN_POINT('',(-0.224399475256,-19.76950065592));
#5604 = CARTESIAN_POINT('',(0.,-20.05));
#5605 = ( GEOMETRIC_REPRESENTATION_CONTEXT(2) 
PARAMETRIC_REPRESENTATION_CONTEXT() REPRESENTATION_CONTEXT('2D SPACE',''
  ) );
#5606 = ORIENTED_EDGE('',*,*,#5607,.F.);
#5607 = EDGE_CURVE('',#5608,#5574,#5610,.T.);
#5608 = VERTEX_POINT('',#5609);
#5609 = CARTESIAN_POINT('',(40.,960.,23.75));
#5610 = SURFACE_CURVE('',#5611,(#5616,#5634),.PCURVE_S1.);
#5611 = ELLIPSE('',#5612,1.767766952966,1.25);
#5612 = AXIS2_PLACEMENT_3D('',#5613,#5614,#5615);
#5613 = CARTESIAN_POINT('',(40.,960.,25.));
#5614 = DIRECTION('',(-0.707106781187,0.707106781187,0.));
#5615 = DIRECTION('',(0.707106781187,0.707106781187,0.));
#5616 = PCURVE('',#5173,#5617);
#5617 = DEFINITIONAL_REPRESENTATION('',(#5618),#5633);
#5618 = B_SPLINE_CURVE_WITH_KNOTS('',7,(#5619,#5620,#5621,#5622,#5623,
    #5624,#5625,#5626,#5627,#5628,#5629,#5630,#5631,#5632),
  .UNSPECIFIED.,.F.,.F.,(8,6,8),(1.570796326795,3.14159265359,
    4.712388980385),.UNSPECIFIED.);
#5619 = CARTESIAN_POINT('',(-4.712388980385,-20.05));
#5620 = CARTESIAN_POINT('',(-4.487989505128,-19.76950065592));
#5621 = CARTESIAN_POINT('',(-4.263590029872,-19.48900245085));
#5622 = CARTESIAN_POINT('',(-4.039190554616,-19.23156646778));
#5623 = CARTESIAN_POINT('',(-3.814791079357,-19.02029686922));
#5624 = CARTESIAN_POINT('',(-3.590391604103,-18.87343584076));
#5625 = CARTESIAN_POINT('',(-3.365992128846,-18.8));
#5626 = CARTESIAN_POINT('',(-2.917193178333,-18.8));
#5627 = CARTESIAN_POINT('',(-2.692793703077,-18.87343584076));
#5628 = CARTESIAN_POINT('',(-2.468394227821,-19.02029686923));
#5629 = CARTESIAN_POINT('',(-2.243994752565,-19.23156646777));
#5630 = CARTESIAN_POINT('',(-2.019595277308,-19.48900245085));
#5631 = CARTESIAN_POINT('',(-1.795195802051,-19.76950065592));
#5632 = CARTESIAN_POINT('',(-1.570796326795,-20.05));
#5633 = ( GEOMETRIC_REPRESENTATION_CONTEXT(2) 
PARAMETRIC_REPRESENTATION_CONTEXT() REPRESENTATION_CONTEXT('2D SPACE',''
  ) );
#5634 = PCURVE('',#5635,#5640);
#5635 = CYLINDRICAL_SURFACE('',#5636,1.25);
#5636 = AXIS2_PLACEMENT_3D('',#5637,#5638,#5639);
#5637 = CARTESIAN_POINT('',(40.,980.05,25.));
#5638 = DIRECTION('',(-0.,1.,-0.));
#5639 = DIRECTION('',(0.,0.,1.));
#5640 = DEFINITIONAL_REPRESENTATION('',(#5641),#5656);
#5641 = B_SPLINE_CURVE_WITH_KNOTS('',7,(#5642,#5643,#5644,#5645,#5646,
    #5647,#5648,#5649,#5650,#5651,#5652,#5653,#5654,#5655),
  .UNSPECIFIED.,.F.,.F.,(8,6,8),(1.570796326795,3.14159265359,
    4.712388980385),.UNSPECIFIED.);
#5642 = CARTESIAN_POINT('',(-3.14159265359,-20.05));
#5643 = CARTESIAN_POINT('',(-2.917193178333,-20.33049934407));
#5644 = CARTESIAN_POINT('',(-2.692793703077,-20.61099754914));
#5645 = CARTESIAN_POINT('',(-2.46839422782,-20.86843353223));
#5646 = CARTESIAN_POINT('',(-2.243994752565,-21.07970313077));
#5647 = CARTESIAN_POINT('',(-2.019595277307,-21.22656415924));
#5648 = CARTESIAN_POINT('',(-1.795195802051,-21.3));
#5649 = CARTESIAN_POINT('',(-1.346396851538,-21.3));
#5650 = CARTESIAN_POINT('',(-1.121997376282,-21.22656415923));
#5651 = CARTESIAN_POINT('',(-0.897597901026,-21.07970313078));
#5652 = CARTESIAN_POINT('',(-0.673198425769,-20.86843353221));
#5653 = CARTESIAN_POINT('',(-0.448798950513,-20.61099754914));
#5654 = CARTESIAN_POINT('',(-0.224399475256,-20.33049934407));
#5655 = CARTESIAN_POINT('',(0.,-20.05));
#5656 = ( GEOMETRIC_REPRESENTATION_CONTEXT(2) 
PARAMETRIC_REPRESENTATION_CONTEXT() REPRESENTATION_CONTEXT('2D SPACE',''
  ) );
#5657 = ORIENTED_EDGE('',*,*,#5658,.T.);
#5658 = EDGE_CURVE('',#5608,#5551,#5659,.T.);
#5659 = SURFACE_CURVE('',#5660,(#5665,#5677),.PCURVE_S1.);
#5660 = ELLIPSE('',#5661,1.767766952966,1.25);
#5661 = AXIS2_PLACEMENT_3D('',#5662,#5663,#5664);
#5662 = CARTESIAN_POINT('',(40.,960.,25.));
#5663 = DIRECTION('',(0.707106781187,0.707106781187,0.));
#5664 = DIRECTION('',(-0.707106781187,0.707106781187,0.));
#5665 = PCURVE('',#5173,#5666);
#5666 = DEFINITIONAL_REPRESENTATION('',(#5667),#5676);
#5667 = B_SPLINE_CURVE_WITH_KNOTS('',7,(#5668,#5669,#5670,#5671,#5672,
    #5673,#5674,#5675),.UNSPECIFIED.,.F.,.F.,(8,8),(4.712388980385,
    6.28318530718),.PIECEWISE_BEZIER_KNOTS.);
#5668 = CARTESIAN_POINT('',(-4.712388980385,-20.05));
#5669 = CARTESIAN_POINT('',(-4.936788455641,-19.76950065592));
#5670 = CARTESIAN_POINT('',(-5.161187930897,-19.48900245085));
#5671 = CARTESIAN_POINT('',(-5.385587406154,-19.23156646778));
#5672 = CARTESIAN_POINT('',(-5.60998688141,-19.02029686922));
#5673 = CARTESIAN_POINT('',(-5.834386356667,-18.87343584076));
#5674 = CARTESIAN_POINT('',(-6.058785831923,-18.8));
#5675 = CARTESIAN_POINT('',(-6.28318530718,-18.8));
#5676 = ( GEOMETRIC_REPRESENTATION_CONTEXT(2) 
PARAMETRIC_REPRESENTATION_CONTEXT() REPRESENTATION_CONTEXT('2D SPACE',''
  ) );
#5677 = PCURVE('',#5358,#5678);
#5678 = DEFINITIONAL_REPRESENTATION('',(#5679),#5688);
#5679 = B_SPLINE_CURVE_WITH_KNOTS('',7,(#5680,#5681,#5682,#5683,#5684,
    #5685,#5686,#5687),.UNSPECIFIED.,.F.,.F.,(8,8),(4.712388980385,
    6.28318530718),.PIECEWISE_BEZIER_KNOTS.);
#5680 = CARTESIAN_POINT('',(-3.14159265359,-20.05));
#5681 = CARTESIAN_POINT('',(-2.917193178333,-19.76950065592));
#5682 = CARTESIAN_POINT('',(-2.692793703077,-19.48900245085));
#5683 = CARTESIAN_POINT('',(-2.46839422782,-19.23156646777));
#5684 = CARTESIAN_POINT('',(-2.243994752565,-19.02029686922));
#5685 = CARTESIAN_POINT('',(-2.019595277307,-18.87343584076));
#5686 = CARTESIAN_POINT('',(-1.795195802051,-18.8));
#5687 = CARTESIAN_POINT('',(-1.570796326795,-18.8));
#5688 = ( GEOMETRIC_REPRESENTATION_CONTEXT(2) 
PARAMETRIC_REPRESENTATION_CONTEXT() REPRESENTATION_CONTEXT('2D SPACE',''
  ) );
#5689 = ORIENTED_EDGE('',*,*,#5550,.F.);
#5690 = ADVANCED_FACE('',(#5691),#5208,.F.);
#5691 = FACE_BOUND('',#5692,.T.);
#5692 = EDGE_LOOP('',(#5693,#5694,#5717,#5751,#5802,#5834));
#5693 = ORIENTED_EDGE('',*,*,#5187,.T.);
#5694 = ORIENTED_EDGE('',*,*,#5695,.T.);
#5695 = EDGE_CURVE('',#5188,#5696,#5698,.T.);
#5696 = VERTEX_POINT('',#5697);
#5697 = CARTESIAN_POINT('',(38.749999999999,961.25,120.));
#5698 = SEAM_CURVE('',#5699,(#5703,#5710),.PCURVE_S1.);
#5699 = LINE('',#5700,#5701);
#5700 = CARTESIAN_POINT('',(19.95,961.25,120.));
#5701 = VECTOR('',#5702,1.);
#5702 = DIRECTION('',(1.,0.,0.));
#5703 = PCURVE('',#5208,#5704);
#5704 = DEFINITIONAL_REPRESENTATION('',(#5705),#5709);
#5705 = LINE('',#5706,#5707);
#5706 = CARTESIAN_POINT('',(-6.28318530718,0.));
#5707 = VECTOR('',#5708,1.);
#5708 = DIRECTION('',(-0.,-1.));
#5709 = ( GEOMETRIC_REPRESENTATION_CONTEXT(2) 
PARAMETRIC_REPRESENTATION_CONTEXT() REPRESENTATION_CONTEXT('2D SPACE',''
  ) );
#5710 = PCURVE('',#5208,#5711);
#5711 = DEFINITIONAL_REPRESENTATION('',(#5712),#5716);
#5712 = LINE('',#5713,#5714);
#5713 = CARTESIAN_POINT('',(-0.,0.));
#5714 = VECTOR('',#5715,1.);
#5715 = DIRECTION('',(-0.,-1.));
#5716 = ( GEOMETRIC_REPRESENTATION_CONTEXT(2) 
PARAMETRIC_REPRESENTATION_CONTEXT() REPRESENTATION_CONTEXT('2D SPACE',''
  ) );
#5717 = ORIENTED_EDGE('',*,*,#5718,.T.);
#5718 = EDGE_CURVE('',#5696,#5719,#5721,.T.);
#5719 = VERTEX_POINT('',#5720);
#5720 = CARTESIAN_POINT('',(40.,960.,121.25));
#5721 = SURFACE_CURVE('',#5722,(#5727,#5739),.PCURVE_S1.);
#5722 = ELLIPSE('',#5723,1.767766952966,1.25);
#5723 = AXIS2_PLACEMENT_3D('',#5724,#5725,#5726);
#5724 = CARTESIAN_POINT('',(40.,960.,120.));
#5725 = DIRECTION('',(0.707106781187,0.707106781187,0.));
#5726 = DIRECTION('',(-0.707106781187,0.707106781187,0.));
#5727 = PCURVE('',#5208,#5728);
#5728 = DEFINITIONAL_REPRESENTATION('',(#5729),#5738);
#5729 = B_SPLINE_CURVE_WITH_KNOTS('',7,(#5730,#5731,#5732,#5733,#5734,
    #5735,#5736,#5737),.UNSPECIFIED.,.F.,.F.,(8,8),(0.,1.570796326795),
  .PIECEWISE_BEZIER_KNOTS.);
#5730 = CARTESIAN_POINT('',(0.,-18.8));
#5731 = CARTESIAN_POINT('',(-0.224399475256,-18.8));
#5732 = CARTESIAN_POINT('',(-0.448798950513,-18.87343584076));
#5733 = CARTESIAN_POINT('',(-0.67319842577,-19.02029686923));
#5734 = CARTESIAN_POINT('',(-0.897597901026,-19.23156646777));
#5735 = CARTESIAN_POINT('',(-1.121997376282,-19.48900245085));
#5736 = CARTESIAN_POINT('',(-1.346396851538,-19.76950065592));
#5737 = CARTESIAN_POINT('',(-1.570796326795,-20.05));
#5738 = ( GEOMETRIC_REPRESENTATION_CONTEXT(2) 
PARAMETRIC_REPRESENTATION_CONTEXT() REPRESENTATION_CONTEXT('2D SPACE',''
  ) );
#5739 = PCURVE('',#5389,#5740);
#5740 = DEFINITIONAL_REPRESENTATION('',(#5741),#5750);
#5741 = B_SPLINE_CURVE_WITH_KNOTS('',7,(#5742,#5743,#5744,#5745,#5746,
    #5747,#5748,#5749),.UNSPECIFIED.,.F.,.F.,(8,8),(0.,1.570796326795),
  .PIECEWISE_BEZIER_KNOTS.);
#5742 = CARTESIAN_POINT('',(-1.570796326795,-18.8));
#5743 = CARTESIAN_POINT('',(-1.346396851538,-18.8));
#5744 = CARTESIAN_POINT('',(-1.121997376282,-18.87343584076));
#5745 = CARTESIAN_POINT('',(-0.897597901026,-19.02029686922));
#5746 = CARTESIAN_POINT('',(-0.673198425769,-19.23156646777));
#5747 = CARTESIAN_POINT('',(-0.448798950513,-19.48900245085));
#5748 = CARTESIAN_POINT('',(-0.224399475256,-19.76950065592));
#5749 = CARTESIAN_POINT('',(0.,-20.05));
#5750 = ( GEOMETRIC_REPRESENTATION_CONTEXT(2) 
PARAMETRIC_REPRESENTATION_CONTEXT() REPRESENTATION_CONTEXT('2D SPACE',''
  ) );
#5751 = ORIENTED_EDGE('',*,*,#5752,.F.);
#5752 = EDGE_CURVE('',#5753,#5719,#5755,.T.);
#5753 = VERTEX_POINT('',#5754);
#5754 = CARTESIAN_POINT('',(40.,960.,118.75));
#5755 = SURFACE_CURVE('',#5756,(#5761,#5779),.PCURVE_S1.);
#5756 = ELLIPSE('',#5757,1.767766952966,1.25);
#5757 = AXIS2_PLACEMENT_3D('',#5758,#5759,#5760);
#5758 = CARTESIAN_POINT('',(40.,960.,120.));
#5759 = DIRECTION('',(-0.707106781187,0.707106781187,0.));
#5760 = DIRECTION('',(0.707106781187,0.707106781187,0.));
#5761 = PCURVE('',#5208,#5762);
#5762 = DEFINITIONAL_REPRESENTATION('',(#5763),#5778);
#5763 = B_SPLINE_CURVE_WITH_KNOTS('',7,(#5764,#5765,#5766,#5767,#5768,
    #5769,#5770,#5771,#5772,#5773,#5774,#5775,#5776,#5777),
  .UNSPECIFIED.,.F.,.F.,(8,6,8),(1.570796326795,3.14159265359,
    4.712388980385),.UNSPECIFIED.);
#5764 = CARTESIAN_POINT('',(-4.712388980385,-20.05));
#5765 = CARTESIAN_POINT('',(-4.487989505128,-19.76950065592));
#5766 = CARTESIAN_POINT('',(-4.263590029871,-19.48900245085));
#5767 = CARTESIAN_POINT('',(-4.039190554616,-19.23156646778));
#5768 = CARTESIAN_POINT('',(-3.814791079359,-19.02029686922));
#5769 = CARTESIAN_POINT('',(-3.590391604103,-18.87343584076));
#5770 = CARTESIAN_POINT('',(-3.365992128846,-18.8));
#5771 = CARTESIAN_POINT('',(-2.917193178333,-18.8));
#5772 = CARTESIAN_POINT('',(-2.692793703077,-18.87343584076));
#5773 = CARTESIAN_POINT('',(-2.468394227821,-19.02029686923));
#5774 = CARTESIAN_POINT('',(-2.243994752564,-19.23156646777));
#5775 = CARTESIAN_POINT('',(-2.019595277308,-19.48900245085));
#5776 = CARTESIAN_POINT('',(-1.795195802051,-19.76950065592));
#5777 = CARTESIAN_POINT('',(-1.570796326795,-20.05));
#5778 = ( GEOMETRIC_REPRESENTATION_CONTEXT(2) 
PARAMETRIC_REPRESENTATION_CONTEXT() REPRESENTATION_CONTEXT('2D SPACE',''
  ) );
#5779 = PCURVE('',#5780,#5785);
#5780 = CYLINDRICAL_SURFACE('',#5781,1.25);
#5781 = AXIS2_PLACEMENT_3D('',#5782,#5783,#5784);
#5782 = CARTESIAN_POINT('',(40.,980.05,120.));
#5783 = DIRECTION('',(-0.,1.,-0.));
#5784 = DIRECTION('',(0.,0.,1.));
#5785 = DEFINITIONAL_REPRESENTATION('',(#5786),#5801);
#5786 = B_SPLINE_CURVE_WITH_KNOTS('',7,(#5787,#5788,#5789,#5790,#5791,
    #5792,#5793,#5794,#5795,#5796,#5797,#5798,#5799,#5800),
  .UNSPECIFIED.,.F.,.F.,(8,6,8),(1.570796326795,3.14159265359,
    4.712388980385),.UNSPECIFIED.);
#5787 = CARTESIAN_POINT('',(-3.14159265359,-20.05));
#5788 = CARTESIAN_POINT('',(-2.917193178333,-20.33049934407));
#5789 = CARTESIAN_POINT('',(-2.692793703077,-20.61099754914));
#5790 = CARTESIAN_POINT('',(-2.468394227823,-20.86843353223));
#5791 = CARTESIAN_POINT('',(-2.243994752564,-21.07970313077));
#5792 = CARTESIAN_POINT('',(-2.019595277308,-21.22656415924));
#5793 = CARTESIAN_POINT('',(-1.795195802051,-21.3));
#5794 = CARTESIAN_POINT('',(-1.346396851538,-21.3));
#5795 = CARTESIAN_POINT('',(-1.121997376282,-21.22656415923));
#5796 = CARTESIAN_POINT('',(-0.897597901025,-21.07970313078));
#5797 = CARTESIAN_POINT('',(-0.673198425769,-20.86843353221));
#5798 = CARTESIAN_POINT('',(-0.448798950513,-20.61099754914));
#5799 = CARTESIAN_POINT('',(-0.224399475256,-20.33049934407));
#5800 = CARTESIAN_POINT('',(0.,-20.05));
#5801 = ( GEOMETRIC_REPRESENTATION_CONTEXT(2) 
PARAMETRIC_REPRESENTATION_CONTEXT() REPRESENTATION_CONTEXT('2D SPACE',''
  ) );
#5802 = ORIENTED_EDGE('',*,*,#5803,.T.);
#5803 = EDGE_CURVE('',#5753,#5696,#5804,.T.);
#5804 = SURFACE_CURVE('',#5805,(#5810,#5822),.PCURVE_S1.);
#5805 = ELLIPSE('',#5806,1.767766952966,1.25);
#5806 = AXIS2_PLACEMENT_3D('',#5807,#5808,#5809);
#5807 = CARTESIAN_POINT('',(40.,960.,120.));
#5808 = DIRECTION('',(0.707106781187,0.707106781187,0.));
#5809 = DIRECTION('',(-0.707106781187,0.707106781187,0.));
#5810 = PCURVE('',#5208,#5811);
#5811 = DEFINITIONAL_REPRESENTATION('',(#5812),#5821);
#5812 = B_SPLINE_CURVE_WITH_KNOTS('',7,(#5813,#5814,#5815,#5816,#5817,
    #5818,#5819,#5820),.UNSPECIFIED.,.F.,.F.,(8,8),(4.712388980385,
    6.28318530718),.PIECEWISE_BEZIER_KNOTS.);
#5813 = CARTESIAN_POINT('',(-4.712388980385,-20.05));
#5814 = CARTESIAN_POINT('',(-4.936788455641,-19.76950065592));
#5815 = CARTESIAN_POINT('',(-5.161187930898,-19.48900245085));
#5816 = CARTESIAN_POINT('',(-5.385587406154,-19.23156646778));
#5817 = CARTESIAN_POINT('',(-5.60998688141,-19.02029686922));
#5818 = CARTESIAN_POINT('',(-5.834386356667,-18.87343584076));
#5819 = CARTESIAN_POINT('',(-6.058785831923,-18.8));
#5820 = CARTESIAN_POINT('',(-6.28318530718,-18.8));
#5821 = ( GEOMETRIC_REPRESENTATION_CONTEXT(2) 
PARAMETRIC_REPRESENTATION_CONTEXT() REPRESENTATION_CONTEXT('2D SPACE',''
  ) );
#5822 = PCURVE('',#5389,#5823);
#5823 = DEFINITIONAL_REPRESENTATION('',(#5824),#5833);
#5824 = B_SPLINE_CURVE_WITH_KNOTS('',7,(#5825,#5826,#5827,#5828,#5829,
    #5830,#5831,#5832),.UNSPECIFIED.,.F.,.F.,(8,8),(4.712388980385,
    6.28318530718),.PIECEWISE_BEZIER_KNOTS.);
#5825 = CARTESIAN_POINT('',(-3.14159265359,-20.05));
#5826 = CARTESIAN_POINT('',(-2.917193178333,-19.76950065592));
#5827 = CARTESIAN_POINT('',(-2.692793703077,-19.48900245085));
#5828 = CARTESIAN_POINT('',(-2.468394227823,-19.23156646777));
#5829 = CARTESIAN_POINT('',(-2.243994752564,-19.02029686922));
#5830 = CARTESIAN_POINT('',(-2.019595277308,-18.87343584076));
#5831 = CARTESIAN_POINT('',(-1.795195802051,-18.8));
#5832 = CARTESIAN_POINT('',(-1.570796326795,-18.8));
#5833 = ( GEOMETRIC_REPRESENTATION_CONTEXT(2) 
PARAMETRIC_REPRESENTATION_CONTEXT() REPRESENTATION_CONTEXT('2D SPACE',''
  ) );
#5834 = ORIENTED_EDGE('',*,*,#5695,.F.);
#5835 = ADVANCED_FACE('',(#5836),#5243,.F.);
#5836 = FACE_BOUND('',#5837,.T.);
#5837 = EDGE_LOOP('',(#5838,#5839,#5862,#5896,#5947,#5979));
#5838 = ORIENTED_EDGE('',*,*,#5222,.T.);
#5839 = ORIENTED_EDGE('',*,*,#5840,.T.);
#5840 = EDGE_CURVE('',#5223,#5841,#5843,.T.);
#5841 = VERTEX_POINT('',#5842);
#5842 = CARTESIAN_POINT('',(38.750000000001,961.25,170.));
#5843 = SEAM_CURVE('',#5844,(#5848,#5855),.PCURVE_S1.);
#5844 = LINE('',#5845,#5846);
#5845 = CARTESIAN_POINT('',(19.95,961.25,170.));
#5846 = VECTOR('',#5847,1.);
#5847 = DIRECTION('',(1.,0.,0.));
#5848 = PCURVE('',#5243,#5849);
#5849 = DEFINITIONAL_REPRESENTATION('',(#5850),#5854);
#5850 = LINE('',#5851,#5852);
#5851 = CARTESIAN_POINT('',(-6.28318530718,0.));
#5852 = VECTOR('',#5853,1.);
#5853 = DIRECTION('',(-0.,-1.));
#5854 = ( GEOMETRIC_REPRESENTATION_CONTEXT(2) 
PARAMETRIC_REPRESENTATION_CONTEXT() REPRESENTATION_CONTEXT('2D SPACE',''
  ) );
#5855 = PCURVE('',#5243,#5856);
#5856 = DEFINITIONAL_REPRESENTATION('',(#5857),#5861);
#5857 = LINE('',#5858,#5859);
#5858 = CARTESIAN_POINT('',(-0.,0.));
#5859 = VECTOR('',#5860,1.);
#5860 = DIRECTION('',(-0.,-1.));
#5861 = ( GEOMETRIC_REPRESENTATION_CONTEXT(2) 
PARAMETRIC_REPRESENTATION_CONTEXT() REPRESENTATION_CONTEXT('2D SPACE',''
  ) );
#5862 = ORIENTED_EDGE('',*,*,#5863,.T.);
#5863 = EDGE_CURVE('',#5841,#5864,#5866,.T.);
#5864 = VERTEX_POINT('',#5865);
#5865 = CARTESIAN_POINT('',(40.,960.,171.25));
#5866 = SURFACE_CURVE('',#5867,(#5872,#5884),.PCURVE_S1.);
#5867 = ELLIPSE('',#5868,1.767766952966,1.25);
#5868 = AXIS2_PLACEMENT_3D('',#5869,#5870,#5871);
#5869 = CARTESIAN_POINT('',(40.,960.,170.));
#5870 = DIRECTION('',(0.707106781187,0.707106781187,0.));
#5871 = DIRECTION('',(-0.707106781187,0.707106781187,0.));
#5872 = PCURVE('',#5243,#5873);
#5873 = DEFINITIONAL_REPRESENTATION('',(#5874),#5883);
#5874 = B_SPLINE_CURVE_WITH_KNOTS('',7,(#5875,#5876,#5877,#5878,#5879,
    #5880,#5881,#5882),.UNSPECIFIED.,.F.,.F.,(8,8),(0.,1.570796326795),
  .PIECEWISE_BEZIER_KNOTS.);
#5875 = CARTESIAN_POINT('',(0.,-18.8));
#5876 = CARTESIAN_POINT('',(-0.224399475256,-18.8));
#5877 = CARTESIAN_POINT('',(-0.448798950513,-18.87343584076));
#5878 = CARTESIAN_POINT('',(-0.67319842577,-19.02029686923));
#5879 = CARTESIAN_POINT('',(-0.897597901025,-19.23156646777));
#5880 = CARTESIAN_POINT('',(-1.121997376282,-19.48900245085));
#5881 = CARTESIAN_POINT('',(-1.346396851538,-19.76950065592));
#5882 = CARTESIAN_POINT('',(-1.570796326795,-20.05));
#5883 = ( GEOMETRIC_REPRESENTATION_CONTEXT(2) 
PARAMETRIC_REPRESENTATION_CONTEXT() REPRESENTATION_CONTEXT('2D SPACE',''
  ) );
#5884 = PCURVE('',#5420,#5885);
#5885 = DEFINITIONAL_REPRESENTATION('',(#5886),#5895);
#5886 = B_SPLINE_CURVE_WITH_KNOTS('',7,(#5887,#5888,#5889,#5890,#5891,
    #5892,#5893,#5894),.UNSPECIFIED.,.F.,.F.,(8,8),(0.,1.570796326795),
  .PIECEWISE_BEZIER_KNOTS.);
#5887 = CARTESIAN_POINT('',(-1.570796326795,-18.8));
#5888 = CARTESIAN_POINT('',(-1.346396851538,-18.8));
#5889 = CARTESIAN_POINT('',(-1.121997376282,-18.87343584076));
#5890 = CARTESIAN_POINT('',(-0.897597901026,-19.02029686922));
#5891 = CARTESIAN_POINT('',(-0.67319842577,-19.23156646777));
#5892 = CARTESIAN_POINT('',(-0.448798950513,-19.48900245085));
#5893 = CARTESIAN_POINT('',(-0.224399475256,-19.76950065592));
#5894 = CARTESIAN_POINT('',(0.,-20.05));
#5895 = ( GEOMETRIC_REPRESENTATION_CONTEXT(2) 
PARAMETRIC_REPRESENTATION_CONTEXT() REPRESENTATION_CONTEXT('2D SPACE',''
  ) );
#5896 = ORIENTED_EDGE('',*,*,#5897,.F.);
#5897 = EDGE_CURVE('',#5898,#5864,#5900,.T.);
#5898 = VERTEX_POINT('',#5899);
#5899 = CARTESIAN_POINT('',(40.,960.,168.75));
#5900 = SURFACE_CURVE('',#5901,(#5906,#5924),.PCURVE_S1.);
#5901 = ELLIPSE('',#5902,1.767766952966,1.25);
#5902 = AXIS2_PLACEMENT_3D('',#5903,#5904,#5905);
#5903 = CARTESIAN_POINT('',(40.,960.,170.));
#5904 = DIRECTION('',(-0.707106781187,0.707106781187,0.));
#5905 = DIRECTION('',(0.707106781187,0.707106781187,0.));
#5906 = PCURVE('',#5243,#5907);
#5907 = DEFINITIONAL_REPRESENTATION('',(#5908),#5923);
#5908 = B_SPLINE_CURVE_WITH_KNOTS('',7,(#5909,#5910,#5911,#5912,#5913,
    #5914,#5915,#5916,#5917,#5918,#5919,#5920,#5921,#5922),
  .UNSPECIFIED.,.F.,.F.,(8,6,8),(1.570796326795,3.14159265359,
    4.712388980385),.UNSPECIFIED.);
#5909 = CARTESIAN_POINT('',(-4.712388980385,-20.05));
#5910 = CARTESIAN_POINT('',(-4.487989505128,-19.76950065592));
#5911 = CARTESIAN_POINT('',(-4.263590029871,-19.48900245085));
#5912 = CARTESIAN_POINT('',(-4.039190554616,-19.23156646778));
#5913 = CARTESIAN_POINT('',(-3.814791079359,-19.02029686922));
#5914 = CARTESIAN_POINT('',(-3.590391604103,-18.87343584076));
#5915 = CARTESIAN_POINT('',(-3.365992128846,-18.8));
#5916 = CARTESIAN_POINT('',(-2.917193178333,-18.8));
#5917 = CARTESIAN_POINT('',(-2.692793703077,-18.87343584076));
#5918 = CARTESIAN_POINT('',(-2.468394227821,-19.02029686923));
#5919 = CARTESIAN_POINT('',(-2.243994752565,-19.23156646777));
#5920 = CARTESIAN_POINT('',(-2.019595277308,-19.48900245085));
#5921 = CARTESIAN_POINT('',(-1.795195802051,-19.76950065592));
#5922 = CARTESIAN_POINT('',(-1.570796326795,-20.05));
#5923 = ( GEOMETRIC_REPRESENTATION_CONTEXT(2) 
PARAMETRIC_REPRESENTATION_CONTEXT() REPRESENTATION_CONTEXT('2D SPACE',''
  ) );
#5924 = PCURVE('',#5925,#5930);
#5925 = CYLINDRICAL_SURFACE('',#5926,1.25);
#5926 = AXIS2_PLACEMENT_3D('',#5927,#5928,#5929);
#5927 = CARTESIAN_POINT('',(40.,980.05,170.));
#5928 = DIRECTION('',(-0.,1.,-0.));
#5929 = DIRECTION('',(0.,0.,1.));
#5930 = DEFINITIONAL_REPRESENTATION('',(#5931),#5946);
#5931 = B_SPLINE_CURVE_WITH_KNOTS('',7,(#5932,#5933,#5934,#5935,#5936,
    #5937,#5938,#5939,#5940,#5941,#5942,#5943,#5944,#5945),
  .UNSPECIFIED.,.F.,.F.,(8,6,8),(1.570796326795,3.14159265359,
    4.712388980385),.UNSPECIFIED.);
#5932 = CARTESIAN_POINT('',(-3.14159265359,-20.05));
#5933 = CARTESIAN_POINT('',(-2.917193178333,-20.33049934407));
#5934 = CARTESIAN_POINT('',(-2.692793703077,-20.61099754914));
#5935 = CARTESIAN_POINT('',(-2.468394227821,-20.86843353223));
#5936 = CARTESIAN_POINT('',(-2.243994752564,-21.07970313077));
#5937 = CARTESIAN_POINT('',(-2.019595277308,-21.22656415924));
#5938 = CARTESIAN_POINT('',(-1.795195802051,-21.3));
#5939 = CARTESIAN_POINT('',(-1.346396851538,-21.3));
#5940 = CARTESIAN_POINT('',(-1.121997376282,-21.22656415923));
#5941 = CARTESIAN_POINT('',(-0.897597901026,-21.07970313078));
#5942 = CARTESIAN_POINT('',(-0.673198425769,-20.86843353221));
#5943 = CARTESIAN_POINT('',(-0.448798950513,-20.61099754914));
#5944 = CARTESIAN_POINT('',(-0.224399475256,-20.33049934407));
#5945 = CARTESIAN_POINT('',(0.,-20.05));
#5946 = ( GEOMETRIC_REPRESENTATION_CONTEXT(2) 
PARAMETRIC_REPRESENTATION_CONTEXT() REPRESENTATION_CONTEXT('2D SPACE',''
  ) );
#5947 = ORIENTED_EDGE('',*,*,#5948,.T.);
#5948 = EDGE_CURVE('',#5898,#5841,#5949,.T.);
#5949 = SURFACE_CURVE('',#5950,(#5955,#5967),.PCURVE_S1.);
#5950 = ELLIPSE('',#5951,1.767766952966,1.25);
#5951 = AXIS2_PLACEMENT_3D('',#5952,#5953,#5954);
#5952 = CARTESIAN_POINT('',(40.,960.,170.));
#5953 = DIRECTION('',(0.707106781187,0.707106781187,0.));
#5954 = DIRECTION('',(-0.707106781187,0.707106781187,0.));
#5955 = PCURVE('',#5243,#5956);
#5956 = DEFINITIONAL_REPRESENTATION('',(#5957),#5966);
#5957 = B_SPLINE_CURVE_WITH_KNOTS('',7,(#5958,#5959,#5960,#5961,#5962,
    #5963,#5964,#5965),.UNSPECIFIED.,.F.,.F.,(8,8),(4.712388980385,
    6.28318530718),.PIECEWISE_BEZIER_KNOTS.);
#5958 = CARTESIAN_POINT('',(-4.712388980385,-20.05));
#5959 = CARTESIAN_POINT('',(-4.936788455641,-19.76950065592));
#5960 = CARTESIAN_POINT('',(-5.161187930898,-19.48900245085));
#5961 = CARTESIAN_POINT('',(-5.385587406154,-19.23156646778));
#5962 = CARTESIAN_POINT('',(-5.60998688141,-19.02029686922));
#5963 = CARTESIAN_POINT('',(-5.834386356667,-18.87343584076));
#5964 = CARTESIAN_POINT('',(-6.058785831923,-18.8));
#5965 = CARTESIAN_POINT('',(-6.28318530718,-18.8));
#5966 = ( GEOMETRIC_REPRESENTATION_CONTEXT(2) 
PARAMETRIC_REPRESENTATION_CONTEXT() REPRESENTATION_CONTEXT('2D SPACE',''
  ) );
#5967 = PCURVE('',#5420,#5968);
#5968 = DEFINITIONAL_REPRESENTATION('',(#5969),#5978);
#5969 = B_SPLINE_CURVE_WITH_KNOTS('',7,(#5970,#5971,#5972,#5973,#5974,
    #5975,#5976,#5977),.UNSPECIFIED.,.F.,.F.,(8,8),(4.712388980385,
    6.28318530718),.PIECEWISE_BEZIER_KNOTS.);
#5970 = CARTESIAN_POINT('',(-3.14159265359,-20.05));
#5971 = CARTESIAN_POINT('',(-2.917193178333,-19.76950065592));
#5972 = CARTESIAN_POINT('',(-2.692793703077,-19.48900245085));
#5973 = CARTESIAN_POINT('',(-2.468394227821,-19.23156646777));
#5974 = CARTESIAN_POINT('',(-2.243994752564,-19.02029686922));
#5975 = CARTESIAN_POINT('',(-2.019595277308,-18.87343584076));
#5976 = CARTESIAN_POINT('',(-1.795195802051,-18.8));
#5977 = CARTESIAN_POINT('',(-1.570796326795,-18.8));
#5978 = ( GEOMETRIC_REPRESENTATION_CONTEXT(2) 
PARAMETRIC_REPRESENTATION_CONTEXT() REPRESENTATION_CONTEXT('2D SPACE',''
  ) );
#5979 = ORIENTED_EDGE('',*,*,#5840,.F.);
#5980 = ADVANCED_FACE('',(#5981),#5278,.F.);
#5981 = FACE_BOUND('',#5982,.T.);
#5982 = EDGE_LOOP('',(#5983,#5984,#6007,#6041,#6092,#6124));
#5983 = ORIENTED_EDGE('',*,*,#5257,.T.);
#5984 = ORIENTED_EDGE('',*,*,#5985,.T.);
#5985 = EDGE_CURVE('',#5258,#5986,#5988,.T.);
#5986 = VERTEX_POINT('',#5987);
#5987 = CARTESIAN_POINT('',(38.750000000001,961.25,265.));
#5988 = SEAM_CURVE('',#5989,(#5993,#6000),.PCURVE_S1.);
#5989 = LINE('',#5990,#5991);
#5990 = CARTESIAN_POINT('',(19.95,961.25,265.));
#5991 = VECTOR('',#5992,1.);
#5992 = DIRECTION('',(1.,0.,0.));
#5993 = PCURVE('',#5278,#5994);
#5994 = DEFINITIONAL_REPRESENTATION('',(#5995),#5999);
#5995 = LINE('',#5996,#5997);
#5996 = CARTESIAN_POINT('',(-6.28318530718,0.));
#5997 = VECTOR('',#5998,1.);
#5998 = DIRECTION('',(-0.,-1.));
#5999 = ( GEOMETRIC_REPRESENTATION_CONTEXT(2) 
PARAMETRIC_REPRESENTATION_CONTEXT() REPRESENTATION_CONTEXT('2D SPACE',''
  ) );
#6000 = PCURVE('',#5278,#6001);
#6001 = DEFINITIONAL_REPRESENTATION('',(#6002),#6006);
#6002 = LINE('',#6003,#6004);
#6003 = CARTESIAN_POINT('',(-0.,0.));
#6004 = VECTOR('',#6005,1.);
#6005 = DIRECTION('',(-0.,-1.));
#6006 = ( GEOMETRIC_REPRESENTATION_CONTEXT(2) 
PARAMETRIC_REPRESENTATION_CONTEXT() REPRESENTATION_CONTEXT('2D SPACE',''
  ) );
#6007 = ORIENTED_EDGE('',*,*,#6008,.T.);
#6008 = EDGE_CURVE('',#5986,#6009,#6011,.T.);
#6009 = VERTEX_POINT('',#6010);
#6010 = CARTESIAN_POINT('',(40.,960.,266.25));
#6011 = SURFACE_CURVE('',#6012,(#6017,#6029),.PCURVE_S1.);
#6012 = ELLIPSE('',#6013,1.767766952966,1.25);
#6013 = AXIS2_PLACEMENT_3D('',#6014,#6015,#6016);
#6014 = CARTESIAN_POINT('',(40.,960.,265.));
#6015 = DIRECTION('',(0.707106781187,0.707106781187,0.));
#6016 = DIRECTION('',(-0.707106781187,0.707106781187,0.));
#6017 = PCURVE('',#5278,#6018);
#6018 = DEFINITIONAL_REPRESENTATION('',(#6019),#6028);
#6019 = B_SPLINE_CURVE_WITH_KNOTS('',7,(#6020,#6021,#6022,#6023,#6024,
    #6025,#6026,#6027),.UNSPECIFIED.,.F.,.F.,(8,8),(0.,1.570796326795),
  .PIECEWISE_BEZIER_KNOTS.);
#6020 = CARTESIAN_POINT('',(0.,-18.8));
#6021 = CARTESIAN_POINT('',(-0.224399475256,-18.8));
#6022 = CARTESIAN_POINT('',(-0.448798950513,-18.87343584076));
#6023 = CARTESIAN_POINT('',(-0.673198425769,-19.02029686923));
#6024 = CARTESIAN_POINT('',(-0.897597901026,-19.23156646777));
#6025 = CARTESIAN_POINT('',(-1.121997376282,-19.48900245085));
#6026 = CARTESIAN_POINT('',(-1.346396851538,-19.76950065592));
#6027 = CARTESIAN_POINT('',(-1.570796326795,-20.05));
#6028 = ( GEOMETRIC_REPRESENTATION_CONTEXT(2) 
PARAMETRIC_REPRESENTATION_CONTEXT() REPRESENTATION_CONTEXT('2D SPACE',''
  ) );
#6029 = PCURVE('',#5451,#6030);
#6030 = DEFINITIONAL_REPRESENTATION('',(#6031),#6040);
#6031 = B_SPLINE_CURVE_WITH_KNOTS('',7,(#6032,#6033,#6034,#6035,#6036,
    #6037,#6038,#6039),.UNSPECIFIED.,.F.,.F.,(8,8),(0.,1.570796326795),
  .PIECEWISE_BEZIER_KNOTS.);
#6032 = CARTESIAN_POINT('',(-1.570796326795,-18.8));
#6033 = CARTESIAN_POINT('',(-1.346396851538,-18.8));
#6034 = CARTESIAN_POINT('',(-1.121997376282,-18.87343584076));
#6035 = CARTESIAN_POINT('',(-0.897597901026,-19.02029686922));
#6036 = CARTESIAN_POINT('',(-0.673198425769,-19.23156646777));
#6037 = CARTESIAN_POINT('',(-0.448798950513,-19.48900245085));
#6038 = CARTESIAN_POINT('',(-0.224399475256,-19.76950065592));
#6039 = CARTESIAN_POINT('',(0.,-20.05));
#6040 = ( GEOMETRIC_REPRESENTATION_CONTEXT(2) 
PARAMETRIC_REPRESENTATION_CONTEXT() REPRESENTATION_CONTEXT('2D SPACE',''
  ) );
#6041 = ORIENTED_EDGE('',*,*,#6042,.F.);
#6042 = EDGE_CURVE('',#6043,#6009,#6045,.T.);
#6043 = VERTEX_POINT('',#6044);
#6044 = CARTESIAN_POINT('',(40.,960.,263.75));
#6045 = SURFACE_CURVE('',#6046,(#6051,#6069),.PCURVE_S1.);
#6046 = ELLIPSE('',#6047,1.767766952966,1.25);
#6047 = AXIS2_PLACEMENT_3D('',#6048,#6049,#6050);
#6048 = CARTESIAN_POINT('',(40.,960.,265.));
#6049 = DIRECTION('',(-0.707106781187,0.707106781187,0.));
#6050 = DIRECTION('',(0.707106781187,0.707106781187,0.));
#6051 = PCURVE('',#5278,#6052);
#6052 = DEFINITIONAL_REPRESENTATION('',(#6053),#6068);
#6053 = B_SPLINE_CURVE_WITH_KNOTS('',7,(#6054,#6055,#6056,#6057,#6058,
    #6059,#6060,#6061,#6062,#6063,#6064,#6065,#6066,#6067),
  .UNSPECIFIED.,.F.,.F.,(8,6,8),(1.570796326795,3.14159265359,
    4.712388980385),.UNSPECIFIED.);
#6054 = CARTESIAN_POINT('',(-4.712388980385,-20.05));
#6055 = CARTESIAN_POINT('',(-4.487989505128,-19.76950065592));
#6056 = CARTESIAN_POINT('',(-4.263590029871,-19.48900245085));
#6057 = CARTESIAN_POINT('',(-4.039190554618,-19.23156646778));
#6058 = CARTESIAN_POINT('',(-3.814791079359,-19.02029686922));
#6059 = CARTESIAN_POINT('',(-3.590391604103,-18.87343584076));
#6060 = CARTESIAN_POINT('',(-3.365992128846,-18.8));
#6061 = CARTESIAN_POINT('',(-2.917193178333,-18.8));
#6062 = CARTESIAN_POINT('',(-2.692793703077,-18.87343584076));
#6063 = CARTESIAN_POINT('',(-2.46839422782,-19.02029686923));
#6064 = CARTESIAN_POINT('',(-2.243994752565,-19.23156646777));
#6065 = CARTESIAN_POINT('',(-2.019595277308,-19.48900245085));
#6066 = CARTESIAN_POINT('',(-1.795195802051,-19.76950065592));
#6067 = CARTESIAN_POINT('',(-1.570796326795,-20.05));
#6068 = ( GEOMETRIC_REPRESENTATION_CONTEXT(2) 
PARAMETRIC_REPRESENTATION_CONTEXT() REPRESENTATION_CONTEXT('2D SPACE',''
  ) );
#6069 = PCURVE('',#6070,#6075);
#6070 = CYLINDRICAL_SURFACE('',#6071,1.25);
#6071 = AXIS2_PLACEMENT_3D('',#6072,#6073,#6074);
#6072 = CARTESIAN_POINT('',(40.,980.05,265.));
#6073 = DIRECTION('',(-0.,1.,-0.));
#6074 = DIRECTION('',(0.,0.,1.));
#6075 = DEFINITIONAL_REPRESENTATION('',(#6076),#6091);
#6076 = B_SPLINE_CURVE_WITH_KNOTS('',7,(#6077,#6078,#6079,#6080,#6081,
    #6082,#6083,#6084,#6085,#6086,#6087,#6088,#6089,#6090),
  .UNSPECIFIED.,.F.,.F.,(8,6,8),(1.570796326795,3.14159265359,
    4.712388980385),.UNSPECIFIED.);
#6077 = CARTESIAN_POINT('',(-3.14159265359,-20.05));
#6078 = CARTESIAN_POINT('',(-2.917193178333,-20.33049934407));
#6079 = CARTESIAN_POINT('',(-2.692793703077,-20.61099754914));
#6080 = CARTESIAN_POINT('',(-2.46839422782,-20.86843353223));
#6081 = CARTESIAN_POINT('',(-2.243994752565,-21.07970313077));
#6082 = CARTESIAN_POINT('',(-2.019595277308,-21.22656415924));
#6083 = CARTESIAN_POINT('',(-1.795195802051,-21.3));
#6084 = CARTESIAN_POINT('',(-1.346396851538,-21.3));
#6085 = CARTESIAN_POINT('',(-1.121997376282,-21.22656415923));
#6086 = CARTESIAN_POINT('',(-0.897597901026,-21.07970313078));
#6087 = CARTESIAN_POINT('',(-0.673198425769,-20.86843353221));
#6088 = CARTESIAN_POINT('',(-0.448798950513,-20.61099754914));
#6089 = CARTESIAN_POINT('',(-0.224399475256,-20.33049934407));
#6090 = CARTESIAN_POINT('',(0.,-20.05));
#6091 = ( GEOMETRIC_REPRESENTATION_CONTEXT(2) 
PARAMETRIC_REPRESENTATION_CONTEXT() REPRESENTATION_CONTEXT('2D SPACE',''
  ) );
#6092 = ORIENTED_EDGE('',*,*,#6093,.T.);
#6093 = EDGE_CURVE('',#6043,#5986,#6094,.T.);
#6094 = SURFACE_CURVE('',#6095,(#6100,#6112),.PCURVE_S1.);
#6095 = ELLIPSE('',#6096,1.767766952966,1.25);
#6096 = AXIS2_PLACEMENT_3D('',#6097,#6098,#6099);
#6097 = CARTESIAN_POINT('',(40.,960.,265.));
#6098 = DIRECTION('',(0.707106781187,0.707106781187,0.));
#6099 = DIRECTION('',(-0.707106781187,0.707106781187,0.));
#6100 = PCURVE('',#5278,#6101);
#6101 = DEFINITIONAL_REPRESENTATION('',(#6102),#6111);
#6102 = B_SPLINE_CURVE_WITH_KNOTS('',7,(#6103,#6104,#6105,#6106,#6107,
    #6108,#6109,#6110),.UNSPECIFIED.,.F.,.F.,(8,8),(4.712388980385,
    6.28318530718),.PIECEWISE_BEZIER_KNOTS.);
#6103 = CARTESIAN_POINT('',(-4.712388980385,-20.05));
#6104 = CARTESIAN_POINT('',(-4.936788455641,-19.76950065592));
#6105 = CARTESIAN_POINT('',(-5.161187930897,-19.48900245085));
#6106 = CARTESIAN_POINT('',(-5.385587406154,-19.23156646778));
#6107 = CARTESIAN_POINT('',(-5.60998688141,-19.02029686922));
#6108 = CARTESIAN_POINT('',(-5.834386356667,-18.87343584076));
#6109 = CARTESIAN_POINT('',(-6.058785831923,-18.8));
#6110 = CARTESIAN_POINT('',(-6.28318530718,-18.8));
#6111 = ( GEOMETRIC_REPRESENTATION_CONTEXT(2) 
PARAMETRIC_REPRESENTATION_CONTEXT() REPRESENTATION_CONTEXT('2D SPACE',''
  ) );
#6112 = PCURVE('',#5451,#6113);
#6113 = DEFINITIONAL_REPRESENTATION('',(#6114),#6123);
#6114 = B_SPLINE_CURVE_WITH_KNOTS('',7,(#6115,#6116,#6117,#6118,#6119,
    #6120,#6121,#6122),.UNSPECIFIED.,.F.,.F.,(8,8),(4.712388980385,
    6.28318530718),.PIECEWISE_BEZIER_KNOTS.);
#6115 = CARTESIAN_POINT('',(-3.14159265359,-20.05));
#6116 = CARTESIAN_POINT('',(-2.917193178333,-19.76950065592));
#6117 = CARTESIAN_POINT('',(-2.692793703077,-19.48900245085));
#6118 = CARTESIAN_POINT('',(-2.46839422782,-19.23156646777));
#6119 = CARTESIAN_POINT('',(-2.243994752565,-19.02029686922));
#6120 = CARTESIAN_POINT('',(-2.019595277308,-18.87343584076));
#6121 = CARTESIAN_POINT('',(-1.795195802051,-18.8));
#6122 = CARTESIAN_POINT('',(-1.570796326795,-18.8));
#6123 = ( GEOMETRIC_REPRESENTATION_CONTEXT(2) 
PARAMETRIC_REPRESENTATION_CONTEXT() REPRESENTATION_CONTEXT('2D SPACE',''
  ) );
#6124 = ORIENTED_EDGE('',*,*,#5985,.F.);
#6125 = ADVANCED_FACE('',(#6126),#5358,.F.);
#6126 = FACE_BOUND('',#6127,.T.);
#6127 = EDGE_LOOP('',(#6128,#6149,#6150,#6151,#6152,#6153,#6192));
#6128 = ORIENTED_EDGE('',*,*,#6129,.F.);
#6129 = EDGE_CURVE('',#5342,#5574,#6130,.T.);
#6130 = SEAM_CURVE('',#6131,(#6135,#6142),.PCURVE_S1.);
#6131 = LINE('',#6132,#6133);
#6132 = CARTESIAN_POINT('',(40.,980.05,26.25));
#6133 = VECTOR('',#6134,1.);
#6134 = DIRECTION('',(0.,-1.,0.));
#6135 = PCURVE('',#5358,#6136);
#6136 = DEFINITIONAL_REPRESENTATION('',(#6137),#6141);
#6137 = LINE('',#6138,#6139);
#6138 = CARTESIAN_POINT('',(-6.28318530718,0.));
#6139 = VECTOR('',#6140,1.);
#6140 = DIRECTION('',(-0.,-1.));
#6141 = ( GEOMETRIC_REPRESENTATION_CONTEXT(2) 
PARAMETRIC_REPRESENTATION_CONTEXT() REPRESENTATION_CONTEXT('2D SPACE',''
  ) );
#6142 = PCURVE('',#5358,#6143);
#6143 = DEFINITIONAL_REPRESENTATION('',(#6144),#6148);
#6144 = LINE('',#6145,#6146);
#6145 = CARTESIAN_POINT('',(-0.,0.));
#6146 = VECTOR('',#6147,1.);
#6147 = DIRECTION('',(-0.,-1.));
#6148 = ( GEOMETRIC_REPRESENTATION_CONTEXT(2) 
PARAMETRIC_REPRESENTATION_CONTEXT() REPRESENTATION_CONTEXT('2D SPACE',''
  ) );
#6149 = ORIENTED_EDGE('',*,*,#5341,.T.);
#6150 = ORIENTED_EDGE('',*,*,#6129,.T.);
#6151 = ORIENTED_EDGE('',*,*,#5573,.F.);
#6152 = ORIENTED_EDGE('',*,*,#5658,.F.);
#6153 = ORIENTED_EDGE('',*,*,#6154,.F.);
#6154 = EDGE_CURVE('',#6155,#5608,#6157,.T.);
#6155 = VERTEX_POINT('',#6156);
#6156 = CARTESIAN_POINT('',(41.25,961.25,25.));
#6157 = SURFACE_CURVE('',#6158,(#6163,#6175),.PCURVE_S1.);
#6158 = ELLIPSE('',#6159,1.767766952966,1.25);
#6159 = AXIS2_PLACEMENT_3D('',#6160,#6161,#6162);
#6160 = CARTESIAN_POINT('',(40.,960.,25.));
#6161 = DIRECTION('',(-0.707106781187,0.707106781187,0.));
#6162 = DIRECTION('',(0.707106781187,0.707106781187,0.));
#6163 = PCURVE('',#5358,#6164);
#6164 = DEFINITIONAL_REPRESENTATION('',(#6165),#6174);
#6165 = B_SPLINE_CURVE_WITH_KNOTS('',7,(#6166,#6167,#6168,#6169,#6170,
    #6171,#6172,#6173),.UNSPECIFIED.,.F.,.F.,(8,8),(0.,1.570796326795),
  .PIECEWISE_BEZIER_KNOTS.);
#6166 = CARTESIAN_POINT('',(-4.712388980385,-18.8));
#6167 = CARTESIAN_POINT('',(-4.487989505128,-18.8));
#6168 = CARTESIAN_POINT('',(-4.263590029871,-18.87343584076));
#6169 = CARTESIAN_POINT('',(-4.039190554617,-19.02029686922));
#6170 = CARTESIAN_POINT('',(-3.814791079358,-19.23156646777));
#6171 = CARTESIAN_POINT('',(-3.590391604103,-19.48900245085));
#6172 = CARTESIAN_POINT('',(-3.365992128846,-19.76950065592));
#6173 = CARTESIAN_POINT('',(-3.14159265359,-20.05));
#6174 = ( GEOMETRIC_REPRESENTATION_CONTEXT(2) 
PARAMETRIC_REPRESENTATION_CONTEXT() REPRESENTATION_CONTEXT('2D SPACE',''
  ) );
#6175 = PCURVE('',#6176,#6181);
#6176 = CYLINDRICAL_SURFACE('',#6177,1.25);
#6177 = AXIS2_PLACEMENT_3D('',#6178,#6179,#6180);
#6178 = CARTESIAN_POINT('',(19.95,960.,25.));
#6179 = DIRECTION('',(-1.,-0.,-0.));
#6180 = DIRECTION('',(0.,1.,0.));
#6181 = DEFINITIONAL_REPRESENTATION('',(#6182),#6191);
#6182 = B_SPLINE_CURVE_WITH_KNOTS('',7,(#6183,#6184,#6185,#6186,#6187,
    #6188,#6189,#6190),.UNSPECIFIED.,.F.,.F.,(8,8),(0.,1.570796326795),
  .PIECEWISE_BEZIER_KNOTS.);
#6183 = CARTESIAN_POINT('',(-6.28318530718,-21.3));
#6184 = CARTESIAN_POINT('',(-6.058785831923,-21.3));
#6185 = CARTESIAN_POINT('',(-5.834386356667,-21.22656415923));
#6186 = CARTESIAN_POINT('',(-5.60998688141,-21.07970313079));
#6187 = CARTESIAN_POINT('',(-5.385587406155,-20.8684335322));
#6188 = CARTESIAN_POINT('',(-5.161187930897,-20.61099754915));
#6189 = CARTESIAN_POINT('',(-4.936788455641,-20.33049934407));
#6190 = CARTESIAN_POINT('',(-4.712388980385,-20.05));
#6191 = ( GEOMETRIC_REPRESENTATION_CONTEXT(2) 
PARAMETRIC_REPRESENTATION_CONTEXT() REPRESENTATION_CONTEXT('2D SPACE',''
  ) );
#6192 = ORIENTED_EDGE('',*,*,#6193,.F.);
#6193 = EDGE_CURVE('',#5574,#6155,#6194,.T.);
#6194 = SURFACE_CURVE('',#6195,(#6200,#6212),.PCURVE_S1.);
#6195 = ELLIPSE('',#6196,1.767766952966,1.25);
#6196 = AXIS2_PLACEMENT_3D('',#6197,#6198,#6199);
#6197 = CARTESIAN_POINT('',(40.,960.,25.));
#6198 = DIRECTION('',(-0.707106781187,0.707106781187,0.));
#6199 = DIRECTION('',(0.707106781187,0.707106781187,0.));
#6200 = PCURVE('',#5358,#6201);
#6201 = DEFINITIONAL_REPRESENTATION('',(#6202),#6211);
#6202 = B_SPLINE_CURVE_WITH_KNOTS('',7,(#6203,#6204,#6205,#6206,#6207,
    #6208,#6209,#6210),.UNSPECIFIED.,.F.,.F.,(8,8),(4.712388980385,
    6.28318530718),.PIECEWISE_BEZIER_KNOTS.);
#6203 = CARTESIAN_POINT('',(-6.28318530718,-20.05));
#6204 = CARTESIAN_POINT('',(-6.058785831923,-19.76950065592));
#6205 = CARTESIAN_POINT('',(-5.834386356667,-19.48900245085));
#6206 = CARTESIAN_POINT('',(-5.60998688141,-19.23156646777));
#6207 = CARTESIAN_POINT('',(-5.385587406154,-19.02029686922));
#6208 = CARTESIAN_POINT('',(-5.161187930898,-18.87343584076));
#6209 = CARTESIAN_POINT('',(-4.936788455641,-18.8));
#6210 = CARTESIAN_POINT('',(-4.712388980385,-18.8));
#6211 = ( GEOMETRIC_REPRESENTATION_CONTEXT(2) 
PARAMETRIC_REPRESENTATION_CONTEXT() REPRESENTATION_CONTEXT('2D SPACE',''
  ) );
#6212 = PCURVE('',#6176,#6213);
#6213 = DEFINITIONAL_REPRESENTATION('',(#6214),#6223);
#6214 = B_SPLINE_CURVE_WITH_KNOTS('',7,(#6215,#6216,#6217,#6218,#6219,
    #6220,#6221,#6222),.UNSPECIFIED.,.F.,.F.,(8,8),(4.712388980385,
    6.28318530718),.PIECEWISE_BEZIER_KNOTS.);
#6215 = CARTESIAN_POINT('',(-1.570796326795,-20.05));
#6216 = CARTESIAN_POINT('',(-1.346396851538,-20.33049934407));
#6217 = CARTESIAN_POINT('',(-1.121997376282,-20.61099754914));
#6218 = CARTESIAN_POINT('',(-0.897597901025,-20.86843353221));
#6219 = CARTESIAN_POINT('',(-0.67319842577,-21.07970313077));
#6220 = CARTESIAN_POINT('',(-0.448798950513,-21.22656415923));
#6221 = CARTESIAN_POINT('',(-0.224399475256,-21.3));
#6222 = CARTESIAN_POINT('',(0.,-21.3));
#6223 = ( GEOMETRIC_REPRESENTATION_CONTEXT(2) 
PARAMETRIC_REPRESENTATION_CONTEXT() REPRESENTATION_CONTEXT('2D SPACE',''
  ) );
#6224 = ADVANCED_FACE('',(#6225),#5389,.F.);
#6225 = FACE_BOUND('',#6226,.T.);
#6226 = EDGE_LOOP('',(#6227,#6248,#6249,#6250,#6251,#6252,#6291));
#6227 = ORIENTED_EDGE('',*,*,#6228,.F.);
#6228 = EDGE_CURVE('',#5373,#5719,#6229,.T.);
#6229 = SEAM_CURVE('',#6230,(#6234,#6241),.PCURVE_S1.);
#6230 = LINE('',#6231,#6232);
#6231 = CARTESIAN_POINT('',(40.,980.05,121.25));
#6232 = VECTOR('',#6233,1.);
#6233 = DIRECTION('',(0.,-1.,0.));
#6234 = PCURVE('',#5389,#6235);
#6235 = DEFINITIONAL_REPRESENTATION('',(#6236),#6240);
#6236 = LINE('',#6237,#6238);
#6237 = CARTESIAN_POINT('',(-6.28318530718,0.));
#6238 = VECTOR('',#6239,1.);
#6239 = DIRECTION('',(-0.,-1.));
#6240 = ( GEOMETRIC_REPRESENTATION_CONTEXT(2) 
PARAMETRIC_REPRESENTATION_CONTEXT() REPRESENTATION_CONTEXT('2D SPACE',''
  ) );
#6241 = PCURVE('',#5389,#6242);
#6242 = DEFINITIONAL_REPRESENTATION('',(#6243),#6247);
#6243 = LINE('',#6244,#6245);
#6244 = CARTESIAN_POINT('',(-0.,0.));
#6245 = VECTOR('',#6246,1.);
#6246 = DIRECTION('',(-0.,-1.));
#6247 = ( GEOMETRIC_REPRESENTATION_CONTEXT(2) 
PARAMETRIC_REPRESENTATION_CONTEXT() REPRESENTATION_CONTEXT('2D SPACE',''
  ) );
#6248 = ORIENTED_EDGE('',*,*,#5372,.T.);
#6249 = ORIENTED_EDGE('',*,*,#6228,.T.);
#6250 = ORIENTED_EDGE('',*,*,#5718,.F.);
#6251 = ORIENTED_EDGE('',*,*,#5803,.F.);
#6252 = ORIENTED_EDGE('',*,*,#6253,.F.);
#6253 = EDGE_CURVE('',#6254,#5753,#6256,.T.);
#6254 = VERTEX_POINT('',#6255);
#6255 = CARTESIAN_POINT('',(41.250000000001,961.25,120.));
#6256 = SURFACE_CURVE('',#6257,(#6262,#6274),.PCURVE_S1.);
#6257 = ELLIPSE('',#6258,1.767766952966,1.25);
#6258 = AXIS2_PLACEMENT_3D('',#6259,#6260,#6261);
#6259 = CARTESIAN_POINT('',(40.,960.,120.));
#6260 = DIRECTION('',(-0.707106781187,0.707106781187,0.));
#6261 = DIRECTION('',(0.707106781187,0.707106781187,0.));
#6262 = PCURVE('',#5389,#6263);
#6263 = DEFINITIONAL_REPRESENTATION('',(#6264),#6273);
#6264 = B_SPLINE_CURVE_WITH_KNOTS('',7,(#6265,#6266,#6267,#6268,#6269,
    #6270,#6271,#6272),.UNSPECIFIED.,.F.,.F.,(8,8),(0.,1.570796326795),
  .PIECEWISE_BEZIER_KNOTS.);
#6265 = CARTESIAN_POINT('',(-4.712388980385,-18.8));
#6266 = CARTESIAN_POINT('',(-4.487989505128,-18.8));
#6267 = CARTESIAN_POINT('',(-4.263590029871,-18.87343584076));
#6268 = CARTESIAN_POINT('',(-4.039190554617,-19.02029686922));
#6269 = CARTESIAN_POINT('',(-3.814791079358,-19.23156646777));
#6270 = CARTESIAN_POINT('',(-3.590391604103,-19.48900245085));
#6271 = CARTESIAN_POINT('',(-3.365992128846,-19.76950065592));
#6272 = CARTESIAN_POINT('',(-3.14159265359,-20.05));
#6273 = ( GEOMETRIC_REPRESENTATION_CONTEXT(2) 
PARAMETRIC_REPRESENTATION_CONTEXT() REPRESENTATION_CONTEXT('2D SPACE',''
  ) );
#6274 = PCURVE('',#6275,#6280);
#6275 = CYLINDRICAL_SURFACE('',#6276,1.25);
#6276 = AXIS2_PLACEMENT_3D('',#6277,#6278,#6279);
#6277 = CARTESIAN_POINT('',(19.95,960.,120.));
#6278 = DIRECTION('',(-1.,-0.,-0.));
#6279 = DIRECTION('',(0.,1.,0.));
#6280 = DEFINITIONAL_REPRESENTATION('',(#6281),#6290);
#6281 = B_SPLINE_CURVE_WITH_KNOTS('',7,(#6282,#6283,#6284,#6285,#6286,
    #6287,#6288,#6289),.UNSPECIFIED.,.F.,.F.,(8,8),(0.,1.570796326795),
  .PIECEWISE_BEZIER_KNOTS.);
#6282 = CARTESIAN_POINT('',(-6.28318530718,-21.3));
#6283 = CARTESIAN_POINT('',(-6.058785831923,-21.3));
#6284 = CARTESIAN_POINT('',(-5.834386356667,-21.22656415923));
#6285 = CARTESIAN_POINT('',(-5.60998688141,-21.07970313079));
#6286 = CARTESIAN_POINT('',(-5.385587406155,-20.8684335322));
#6287 = CARTESIAN_POINT('',(-5.161187930897,-20.61099754915));
#6288 = CARTESIAN_POINT('',(-4.936788455641,-20.33049934407));
#6289 = CARTESIAN_POINT('',(-4.712388980385,-20.05));
#6290 = ( GEOMETRIC_REPRESENTATION_CONTEXT(2) 
PARAMETRIC_REPRESENTATION_CONTEXT() REPRESENTATION_CONTEXT('2D SPACE',''
  ) );
#6291 = ORIENTED_EDGE('',*,*,#6292,.F.);
#6292 = EDGE_CURVE('',#5719,#6254,#6293,.T.);
#6293 = SURFACE_CURVE('',#6294,(#6299,#6311),.PCURVE_S1.);
#6294 = ELLIPSE('',#6295,1.767766952966,1.25);
#6295 = AXIS2_PLACEMENT_3D('',#6296,#6297,#6298);
#6296 = CARTESIAN_POINT('',(40.,960.,120.));
#6297 = DIRECTION('',(-0.707106781187,0.707106781187,0.));
#6298 = DIRECTION('',(0.707106781187,0.707106781187,0.));
#6299 = PCURVE('',#5389,#6300);
#6300 = DEFINITIONAL_REPRESENTATION('',(#6301),#6310);
#6301 = B_SPLINE_CURVE_WITH_KNOTS('',7,(#6302,#6303,#6304,#6305,#6306,
    #6307,#6308,#6309),.UNSPECIFIED.,.F.,.F.,(8,8),(4.712388980385,
    6.28318530718),.PIECEWISE_BEZIER_KNOTS.);
#6302 = CARTESIAN_POINT('',(-6.28318530718,-20.05));
#6303 = CARTESIAN_POINT('',(-6.058785831923,-19.76950065592));
#6304 = CARTESIAN_POINT('',(-5.834386356667,-19.48900245085));
#6305 = CARTESIAN_POINT('',(-5.60998688141,-19.23156646777));
#6306 = CARTESIAN_POINT('',(-5.385587406154,-19.02029686922));
#6307 = CARTESIAN_POINT('',(-5.161187930898,-18.87343584076));
#6308 = CARTESIAN_POINT('',(-4.936788455641,-18.8));
#6309 = CARTESIAN_POINT('',(-4.712388980385,-18.8));
#6310 = ( GEOMETRIC_REPRESENTATION_CONTEXT(2) 
PARAMETRIC_REPRESENTATION_CONTEXT() REPRESENTATION_CONTEXT('2D SPACE',''
  ) );
#6311 = PCURVE('',#6275,#6312);
#6312 = DEFINITIONAL_REPRESENTATION('',(#6313),#6322);
#6313 = B_SPLINE_CURVE_WITH_KNOTS('',7,(#6314,#6315,#6316,#6317,#6318,
    #6319,#6320,#6321),.UNSPECIFIED.,.F.,.F.,(8,8),(4.712388980385,
    6.28318530718),.PIECEWISE_BEZIER_KNOTS.);
#6314 = CARTESIAN_POINT('',(-1.570796326795,-20.05));
#6315 = CARTESIAN_POINT('',(-1.346396851538,-20.33049934407));
#6316 = CARTESIAN_POINT('',(-1.121997376282,-20.61099754914));
#6317 = CARTESIAN_POINT('',(-0.897597901025,-20.86843353221));
#6318 = CARTESIAN_POINT('',(-0.67319842577,-21.07970313077));
#6319 = CARTESIAN_POINT('',(-0.448798950513,-21.22656415923));
#6320 = CARTESIAN_POINT('',(-0.224399475256,-21.3));
#6321 = CARTESIAN_POINT('',(0.,-21.3));
#6322 = ( GEOMETRIC_REPRESENTATION_CONTEXT(2) 
PARAMETRIC_REPRESENTATION_CONTEXT() REPRESENTATION_CONTEXT('2D SPACE',''
  ) );
#6323 = ADVANCED_FACE('',(#6324),#5420,.F.);
#6324 = FACE_BOUND('',#6325,.T.);
#6325 = EDGE_LOOP('',(#6326,#6347,#6348,#6349,#6350,#6351,#6390));
#6326 = ORIENTED_EDGE('',*,*,#6327,.F.);
#6327 = EDGE_CURVE('',#5404,#5864,#6328,.T.);
#6328 = SEAM_CURVE('',#6329,(#6333,#6340),.PCURVE_S1.);
#6329 = LINE('',#6330,#6331);
#6330 = CARTESIAN_POINT('',(40.,980.05,171.25));
#6331 = VECTOR('',#6332,1.);
#6332 = DIRECTION('',(0.,-1.,0.));
#6333 = PCURVE('',#5420,#6334);
#6334 = DEFINITIONAL_REPRESENTATION('',(#6335),#6339);
#6335 = LINE('',#6336,#6337);
#6336 = CARTESIAN_POINT('',(-6.28318530718,0.));
#6337 = VECTOR('',#6338,1.);
#6338 = DIRECTION('',(-0.,-1.));
#6339 = ( GEOMETRIC_REPRESENTATION_CONTEXT(2) 
PARAMETRIC_REPRESENTATION_CONTEXT() REPRESENTATION_CONTEXT('2D SPACE',''
  ) );
#6340 = PCURVE('',#5420,#6341);
#6341 = DEFINITIONAL_REPRESENTATION('',(#6342),#6346);
#6342 = LINE('',#6343,#6344);
#6343 = CARTESIAN_POINT('',(-0.,0.));
#6344 = VECTOR('',#6345,1.);
#6345 = DIRECTION('',(-0.,-1.));
#6346 = ( GEOMETRIC_REPRESENTATION_CONTEXT(2) 
PARAMETRIC_REPRESENTATION_CONTEXT() REPRESENTATION_CONTEXT('2D SPACE',''
  ) );
#6347 = ORIENTED_EDGE('',*,*,#5403,.T.);
#6348 = ORIENTED_EDGE('',*,*,#6327,.T.);
#6349 = ORIENTED_EDGE('',*,*,#5863,.F.);
#6350 = ORIENTED_EDGE('',*,*,#5948,.F.);
#6351 = ORIENTED_EDGE('',*,*,#6352,.F.);
#6352 = EDGE_CURVE('',#6353,#5898,#6355,.T.);
#6353 = VERTEX_POINT('',#6354);
#6354 = CARTESIAN_POINT('',(41.249999999999,961.25,170.));
#6355 = SURFACE_CURVE('',#6356,(#6361,#6373),.PCURVE_S1.);
#6356 = ELLIPSE('',#6357,1.767766952966,1.25);
#6357 = AXIS2_PLACEMENT_3D('',#6358,#6359,#6360);
#6358 = CARTESIAN_POINT('',(40.,960.,170.));
#6359 = DIRECTION('',(-0.707106781187,0.707106781187,0.));
#6360 = DIRECTION('',(0.707106781187,0.707106781187,0.));
#6361 = PCURVE('',#5420,#6362);
#6362 = DEFINITIONAL_REPRESENTATION('',(#6363),#6372);
#6363 = B_SPLINE_CURVE_WITH_KNOTS('',7,(#6364,#6365,#6366,#6367,#6368,
    #6369,#6370,#6371),.UNSPECIFIED.,.F.,.F.,(8,8),(0.,1.570796326795),
  .PIECEWISE_BEZIER_KNOTS.);
#6364 = CARTESIAN_POINT('',(-4.712388980385,-18.8));
#6365 = CARTESIAN_POINT('',(-4.487989505128,-18.8));
#6366 = CARTESIAN_POINT('',(-4.263590029872,-18.87343584076));
#6367 = CARTESIAN_POINT('',(-4.039190554613,-19.02029686922));
#6368 = CARTESIAN_POINT('',(-3.814791079362,-19.23156646777));
#6369 = CARTESIAN_POINT('',(-3.590391604102,-19.48900245085));
#6370 = CARTESIAN_POINT('',(-3.365992128846,-19.76950065592));
#6371 = CARTESIAN_POINT('',(-3.14159265359,-20.05));
#6372 = ( GEOMETRIC_REPRESENTATION_CONTEXT(2) 
PARAMETRIC_REPRESENTATION_CONTEXT() REPRESENTATION_CONTEXT('2D SPACE',''
  ) );
#6373 = PCURVE('',#6374,#6379);
#6374 = CYLINDRICAL_SURFACE('',#6375,1.25);
#6375 = AXIS2_PLACEMENT_3D('',#6376,#6377,#6378);
#6376 = CARTESIAN_POINT('',(19.95,960.,170.));
#6377 = DIRECTION('',(-1.,-0.,-0.));
#6378 = DIRECTION('',(0.,1.,0.));
#6379 = DEFINITIONAL_REPRESENTATION('',(#6380),#6389);
#6380 = B_SPLINE_CURVE_WITH_KNOTS('',7,(#6381,#6382,#6383,#6384,#6385,
    #6386,#6387,#6388),.UNSPECIFIED.,.F.,.F.,(8,8),(0.,1.570796326795),
  .PIECEWISE_BEZIER_KNOTS.);
#6381 = CARTESIAN_POINT('',(-6.28318530718,-21.3));
#6382 = CARTESIAN_POINT('',(-6.058785831923,-21.3));
#6383 = CARTESIAN_POINT('',(-5.834386356667,-21.22656415923));
#6384 = CARTESIAN_POINT('',(-5.609986881409,-21.07970313079));
#6385 = CARTESIAN_POINT('',(-5.385587406155,-20.8684335322));
#6386 = CARTESIAN_POINT('',(-5.161187930897,-20.61099754915));
#6387 = CARTESIAN_POINT('',(-4.936788455641,-20.33049934407));
#6388 = CARTESIAN_POINT('',(-4.712388980385,-20.05));
#6389 = ( GEOMETRIC_REPRESENTATION_CONTEXT(2) 
PARAMETRIC_REPRESENTATION_CONTEXT() REPRESENTATION_CONTEXT('2D SPACE',''
  ) );
#6390 = ORIENTED_EDGE('',*,*,#6391,.F.);
#6391 = EDGE_CURVE('',#5864,#6353,#6392,.T.);
#6392 = SURFACE_CURVE('',#6393,(#6398,#6410),.PCURVE_S1.);
#6393 = ELLIPSE('',#6394,1.767766952966,1.25);
#6394 = AXIS2_PLACEMENT_3D('',#6395,#6396,#6397);
#6395 = CARTESIAN_POINT('',(40.,960.,170.));
#6396 = DIRECTION('',(-0.707106781187,0.707106781187,0.));
#6397 = DIRECTION('',(0.707106781187,0.707106781187,0.));
#6398 = PCURVE('',#5420,#6399);
#6399 = DEFINITIONAL_REPRESENTATION('',(#6400),#6409);
#6400 = B_SPLINE_CURVE_WITH_KNOTS('',7,(#6401,#6402,#6403,#6404,#6405,
    #6406,#6407,#6408),.UNSPECIFIED.,.F.,.F.,(8,8),(4.712388980385,
    6.28318530718),.PIECEWISE_BEZIER_KNOTS.);
#6401 = CARTESIAN_POINT('',(-6.28318530718,-20.05));
#6402 = CARTESIAN_POINT('',(-6.058785831923,-19.76950065592));
#6403 = CARTESIAN_POINT('',(-5.834386356667,-19.48900245085));
#6404 = CARTESIAN_POINT('',(-5.60998688141,-19.23156646777));
#6405 = CARTESIAN_POINT('',(-5.385587406154,-19.02029686922));
#6406 = CARTESIAN_POINT('',(-5.161187930898,-18.87343584076));
#6407 = CARTESIAN_POINT('',(-4.936788455641,-18.8));
#6408 = CARTESIAN_POINT('',(-4.712388980385,-18.8));
#6409 = ( GEOMETRIC_REPRESENTATION_CONTEXT(2) 
PARAMETRIC_REPRESENTATION_CONTEXT() REPRESENTATION_CONTEXT('2D SPACE',''
  ) );
#6410 = PCURVE('',#6374,#6411);
#6411 = DEFINITIONAL_REPRESENTATION('',(#6412),#6421);
#6412 = B_SPLINE_CURVE_WITH_KNOTS('',7,(#6413,#6414,#6415,#6416,#6417,
    #6418,#6419,#6420),.UNSPECIFIED.,.F.,.F.,(8,8),(4.712388980385,
    6.28318530718),.PIECEWISE_BEZIER_KNOTS.);
#6413 = CARTESIAN_POINT('',(-1.570796326795,-20.05));
#6414 = CARTESIAN_POINT('',(-1.346396851538,-20.33049934407));
#6415 = CARTESIAN_POINT('',(-1.121997376282,-20.61099754914));
#6416 = CARTESIAN_POINT('',(-0.897597901025,-20.86843353221));
#6417 = CARTESIAN_POINT('',(-0.67319842577,-21.07970313077));
#6418 = CARTESIAN_POINT('',(-0.448798950513,-21.22656415923));
#6419 = CARTESIAN_POINT('',(-0.224399475256,-21.3));
#6420 = CARTESIAN_POINT('',(0.,-21.3));
#6421 = ( GEOMETRIC_REPRESENTATION_CONTEXT(2) 
PARAMETRIC_REPRESENTATION_CONTEXT() REPRESENTATION_CONTEXT('2D SPACE',''
  ) );
#6422 = ADVANCED_FACE('',(#6423),#5451,.F.);
#6423 = FACE_BOUND('',#6424,.T.);
#6424 = EDGE_LOOP('',(#6425,#6446,#6447,#6448,#6449,#6450,#6489));
#6425 = ORIENTED_EDGE('',*,*,#6426,.F.);
#6426 = EDGE_CURVE('',#5435,#6009,#6427,.T.);
#6427 = SEAM_CURVE('',#6428,(#6432,#6439),.PCURVE_S1.);
#6428 = LINE('',#6429,#6430);
#6429 = CARTESIAN_POINT('',(40.,980.05,266.25));
#6430 = VECTOR('',#6431,1.);
#6431 = DIRECTION('',(0.,-1.,0.));
#6432 = PCURVE('',#5451,#6433);
#6433 = DEFINITIONAL_REPRESENTATION('',(#6434),#6438);
#6434 = LINE('',#6435,#6436);
#6435 = CARTESIAN_POINT('',(-6.28318530718,0.));
#6436 = VECTOR('',#6437,1.);
#6437 = DIRECTION('',(-0.,-1.));
#6438 = ( GEOMETRIC_REPRESENTATION_CONTEXT(2) 
PARAMETRIC_REPRESENTATION_CONTEXT() REPRESENTATION_CONTEXT('2D SPACE',''
  ) );
#6439 = PCURVE('',#5451,#6440);
#6440 = DEFINITIONAL_REPRESENTATION('',(#6441),#6445);
#6441 = LINE('',#6442,#6443);
#6442 = CARTESIAN_POINT('',(-0.,0.));
#6443 = VECTOR('',#6444,1.);
#6444 = DIRECTION('',(-0.,-1.));
#6445 = ( GEOMETRIC_REPRESENTATION_CONTEXT(2) 
PARAMETRIC_REPRESENTATION_CONTEXT() REPRESENTATION_CONTEXT('2D SPACE',''
  ) );
#6446 = ORIENTED_EDGE('',*,*,#5434,.T.);
#6447 = ORIENTED_EDGE('',*,*,#6426,.T.);
#6448 = ORIENTED_EDGE('',*,*,#6008,.F.);
#6449 = ORIENTED_EDGE('',*,*,#6093,.F.);
#6450 = ORIENTED_EDGE('',*,*,#6451,.F.);
#6451 = EDGE_CURVE('',#6452,#6043,#6454,.T.);
#6452 = VERTEX_POINT('',#6453);
#6453 = CARTESIAN_POINT('',(41.249999999999,961.25,265.));
#6454 = SURFACE_CURVE('',#6455,(#6460,#6472),.PCURVE_S1.);
#6455 = ELLIPSE('',#6456,1.767766952966,1.25);
#6456 = AXIS2_PLACEMENT_3D('',#6457,#6458,#6459);
#6457 = CARTESIAN_POINT('',(40.,960.,265.));
#6458 = DIRECTION('',(-0.707106781187,0.707106781187,0.));
#6459 = DIRECTION('',(0.707106781187,0.707106781187,0.));
#6460 = PCURVE('',#5451,#6461);
#6461 = DEFINITIONAL_REPRESENTATION('',(#6462),#6471);
#6462 = B_SPLINE_CURVE_WITH_KNOTS('',7,(#6463,#6464,#6465,#6466,#6467,
    #6468,#6469,#6470),.UNSPECIFIED.,.F.,.F.,(8,8),(0.,1.570796326795),
  .PIECEWISE_BEZIER_KNOTS.);
#6463 = CARTESIAN_POINT('',(-4.712388980385,-18.8));
#6464 = CARTESIAN_POINT('',(-4.487989505128,-18.8));
#6465 = CARTESIAN_POINT('',(-4.263590029872,-18.87343584076));
#6466 = CARTESIAN_POINT('',(-4.039190554618,-19.02029686922));
#6467 = CARTESIAN_POINT('',(-3.814791079357,-19.23156646777));
#6468 = CARTESIAN_POINT('',(-3.590391604102,-19.48900245085));
#6469 = CARTESIAN_POINT('',(-3.365992128846,-19.76950065592));
#6470 = CARTESIAN_POINT('',(-3.14159265359,-20.05));
#6471 = ( GEOMETRIC_REPRESENTATION_CONTEXT(2) 
PARAMETRIC_REPRESENTATION_CONTEXT() REPRESENTATION_CONTEXT('2D SPACE',''
  ) );
#6472 = PCURVE('',#6473,#6478);
#6473 = CYLINDRICAL_SURFACE('',#6474,1.25);
#6474 = AXIS2_PLACEMENT_3D('',#6475,#6476,#6477);
#6475 = CARTESIAN_POINT('',(19.95,960.,265.));
#6476 = DIRECTION('',(-1.,-0.,-0.));
#6477 = DIRECTION('',(0.,1.,0.));
#6478 = DEFINITIONAL_REPRESENTATION('',(#6479),#6488);
#6479 = B_SPLINE_CURVE_WITH_KNOTS('',7,(#6480,#6481,#6482,#6483,#6484,
    #6485,#6486,#6487),.UNSPECIFIED.,.F.,.F.,(8,8),(0.,1.570796326795),
  .PIECEWISE_BEZIER_KNOTS.);
#6480 = CARTESIAN_POINT('',(-6.28318530718,-21.3));
#6481 = CARTESIAN_POINT('',(-6.058785831923,-21.3));
#6482 = CARTESIAN_POINT('',(-5.834386356667,-21.22656415923));
#6483 = CARTESIAN_POINT('',(-5.60998688141,-21.07970313079));
#6484 = CARTESIAN_POINT('',(-5.385587406154,-20.8684335322));
#6485 = CARTESIAN_POINT('',(-5.161187930897,-20.61099754915));
#6486 = CARTESIAN_POINT('',(-4.936788455641,-20.33049934407));
#6487 = CARTESIAN_POINT('',(-4.712388980385,-20.05));
#6488 = ( GEOMETRIC_REPRESENTATION_CONTEXT(2) 
PARAMETRIC_REPRESENTATION_CONTEXT() REPRESENTATION_CONTEXT('2D SPACE',''
  ) );
#6489 = ORIENTED_EDGE('',*,*,#6490,.F.);
#6490 = EDGE_CURVE('',#6009,#6452,#6491,.T.);
#6491 = SURFACE_CURVE('',#6492,(#6497,#6509),.PCURVE_S1.);
#6492 = ELLIPSE('',#6493,1.767766952966,1.25);
#6493 = AXIS2_PLACEMENT_3D('',#6494,#6495,#6496);
#6494 = CARTESIAN_POINT('',(40.,960.,265.));
#6495 = DIRECTION('',(-0.707106781187,0.707106781187,0.));
#6496 = DIRECTION('',(0.707106781187,0.707106781187,0.));
#6497 = PCURVE('',#5451,#6498);
#6498 = DEFINITIONAL_REPRESENTATION('',(#6499),#6508);
#6499 = B_SPLINE_CURVE_WITH_KNOTS('',7,(#6500,#6501,#6502,#6503,#6504,
    #6505,#6506,#6507),.UNSPECIFIED.,.F.,.F.,(8,8),(4.712388980385,
    6.28318530718),.PIECEWISE_BEZIER_KNOTS.);
#6500 = CARTESIAN_POINT('',(-6.28318530718,-20.05));
#6501 = CARTESIAN_POINT('',(-6.058785831923,-19.76950065592));
#6502 = CARTESIAN_POINT('',(-5.834386356667,-19.48900245085));
#6503 = CARTESIAN_POINT('',(-5.60998688141,-19.23156646777));
#6504 = CARTESIAN_POINT('',(-5.385587406154,-19.02029686922));
#6505 = CARTESIAN_POINT('',(-5.161187930898,-18.87343584076));
#6506 = CARTESIAN_POINT('',(-4.936788455641,-18.8));
#6507 = CARTESIAN_POINT('',(-4.712388980385,-18.8));
#6508 = ( GEOMETRIC_REPRESENTATION_CONTEXT(2) 
PARAMETRIC_REPRESENTATION_CONTEXT() REPRESENTATION_CONTEXT('2D SPACE',''
  ) );
#6509 = PCURVE('',#6473,#6510);
#6510 = DEFINITIONAL_REPRESENTATION('',(#6511),#6520);
#6511 = B_SPLINE_CURVE_WITH_KNOTS('',7,(#6512,#6513,#6514,#6515,#6516,
    #6517,#6518,#6519),.UNSPECIFIED.,.F.,.F.,(8,8),(4.712388980385,
    6.28318530718),.PIECEWISE_BEZIER_KNOTS.);
#6512 = CARTESIAN_POINT('',(-1.570796326795,-20.05));
#6513 = CARTESIAN_POINT('',(-1.346396851538,-20.33049934407));
#6514 = CARTESIAN_POINT('',(-1.121997376282,-20.61099754914));
#6515 = CARTESIAN_POINT('',(-0.897597901026,-20.86843353221));
#6516 = CARTESIAN_POINT('',(-0.673198425769,-21.07970313077));
#6517 = CARTESIAN_POINT('',(-0.448798950513,-21.22656415923));
#6518 = CARTESIAN_POINT('',(-0.224399475256,-21.3));
#6519 = CARTESIAN_POINT('',(0.,-21.3));
#6520 = ( GEOMETRIC_REPRESENTATION_CONTEXT(2) 
PARAMETRIC_REPRESENTATION_CONTEXT() REPRESENTATION_CONTEXT('2D SPACE',''
  ) );
#6521 = ADVANCED_FACE('',(#6522),#5635,.F.);
#6522 = FACE_BOUND('',#6523,.T.);
#6523 = EDGE_LOOP('',(#6524,#6525,#6548,#6575,#6576));
#6524 = ORIENTED_EDGE('',*,*,#5607,.T.);
#6525 = ORIENTED_EDGE('',*,*,#6526,.T.);
#6526 = EDGE_CURVE('',#5574,#6527,#6529,.T.);
#6527 = VERTEX_POINT('',#6528);
#6528 = CARTESIAN_POINT('',(40.,948.95,26.25));
#6529 = SEAM_CURVE('',#6530,(#6534,#6541),.PCURVE_S1.);
#6530 = LINE('',#6531,#6532);
#6531 = CARTESIAN_POINT('',(40.,980.05,26.25));
#6532 = VECTOR('',#6533,1.);
#6533 = DIRECTION('',(0.,-1.,0.));
#6534 = PCURVE('',#5635,#6535);
#6535 = DEFINITIONAL_REPRESENTATION('',(#6536),#6540);
#6536 = LINE('',#6537,#6538);
#6537 = CARTESIAN_POINT('',(-6.28318530718,0.));
#6538 = VECTOR('',#6539,1.);
#6539 = DIRECTION('',(-0.,-1.));
#6540 = ( GEOMETRIC_REPRESENTATION_CONTEXT(2) 
PARAMETRIC_REPRESENTATION_CONTEXT() REPRESENTATION_CONTEXT('2D SPACE',''
  ) );
#6541 = PCURVE('',#5635,#6542);
#6542 = DEFINITIONAL_REPRESENTATION('',(#6543),#6547);
#6543 = LINE('',#6544,#6545);
#6544 = CARTESIAN_POINT('',(-0.,0.));
#6545 = VECTOR('',#6546,1.);
#6546 = DIRECTION('',(-0.,-1.));
#6547 = ( GEOMETRIC_REPRESENTATION_CONTEXT(2) 
PARAMETRIC_REPRESENTATION_CONTEXT() REPRESENTATION_CONTEXT('2D SPACE',''
  ) );
#6548 = ORIENTED_EDGE('',*,*,#6549,.T.);
#6549 = EDGE_CURVE('',#6527,#6527,#6550,.T.);
#6550 = SURFACE_CURVE('',#6551,(#6556,#6563),.PCURVE_S1.);
#6551 = CIRCLE('',#6552,1.25);
#6552 = AXIS2_PLACEMENT_3D('',#6553,#6554,#6555);
#6553 = CARTESIAN_POINT('',(40.,948.95,25.));
#6554 = DIRECTION('',(0.,-1.,0.));
#6555 = DIRECTION('',(0.,0.,1.));
#6556 = PCURVE('',#5635,#6557);
#6557 = DEFINITIONAL_REPRESENTATION('',(#6558),#6562);
#6558 = LINE('',#6559,#6560);
#6559 = CARTESIAN_POINT('',(-0.,-31.1));
#6560 = VECTOR('',#6561,1.);
#6561 = DIRECTION('',(-1.,0.));
#6562 = ( GEOMETRIC_REPRESENTATION_CONTEXT(2) 
PARAMETRIC_REPRESENTATION_CONTEXT() REPRESENTATION_CONTEXT('2D SPACE',''
  ) );
#6563 = PCURVE('',#6564,#6569);
#6564 = PLANE('',#6565);
#6565 = AXIS2_PLACEMENT_3D('',#6566,#6567,#6568);
#6566 = CARTESIAN_POINT('',(40.,948.95,25.));
#6567 = DIRECTION('',(-0.,-1.,-0.));
#6568 = DIRECTION('',(0.,0.,-1.));
#6569 = DEFINITIONAL_REPRESENTATION('',(#6570),#6574);
#6570 = CIRCLE('',#6571,1.25);
#6571 = AXIS2_PLACEMENT_2D('',#6572,#6573);
#6572 = CARTESIAN_POINT('',(0.,0.));
#6573 = DIRECTION('',(-1.,0.));
#6574 = ( GEOMETRIC_REPRESENTATION_CONTEXT(2) 
PARAMETRIC_REPRESENTATION_CONTEXT() REPRESENTATION_CONTEXT('2D SPACE',''
  ) );
#6575 = ORIENTED_EDGE('',*,*,#6526,.F.);
#6576 = ORIENTED_EDGE('',*,*,#6577,.T.);
#6577 = EDGE_CURVE('',#5574,#5608,#6578,.T.);
#6578 = SURFACE_CURVE('',#6579,(#6584,#6602),.PCURVE_S1.);
#6579 = ELLIPSE('',#6580,1.767766952966,1.25);
#6580 = AXIS2_PLACEMENT_3D('',#6581,#6582,#6583);
#6581 = CARTESIAN_POINT('',(40.,960.,25.));
#6582 = DIRECTION('',(0.707106781187,0.707106781187,0.));
#6583 = DIRECTION('',(-0.707106781187,0.707106781187,0.));
#6584 = PCURVE('',#5635,#6585);
#6585 = DEFINITIONAL_REPRESENTATION('',(#6586),#6601);
#6586 = B_SPLINE_CURVE_WITH_KNOTS('',7,(#6587,#6588,#6589,#6590,#6591,
    #6592,#6593,#6594,#6595,#6596,#6597,#6598,#6599,#6600),
  .UNSPECIFIED.,.F.,.F.,(8,6,8),(1.570796326795,3.14159265359,
    4.712388980385),.UNSPECIFIED.);
#6587 = CARTESIAN_POINT('',(-6.28318530718,-20.05));
#6588 = CARTESIAN_POINT('',(-6.058785831923,-20.33049934407));
#6589 = CARTESIAN_POINT('',(-5.834386356667,-20.61099754914));
#6590 = CARTESIAN_POINT('',(-5.60998688141,-20.86843353223));
#6591 = CARTESIAN_POINT('',(-5.385587406154,-21.07970313077));
#6592 = CARTESIAN_POINT('',(-5.161187930897,-21.22656415924));
#6593 = CARTESIAN_POINT('',(-4.936788455641,-21.3));
#6594 = CARTESIAN_POINT('',(-4.487989505128,-21.3));
#6595 = CARTESIAN_POINT('',(-4.263590029872,-21.22656415923));
#6596 = CARTESIAN_POINT('',(-4.039190554615,-21.07970313078));
#6597 = CARTESIAN_POINT('',(-3.81479107936,-20.86843353221));
#6598 = CARTESIAN_POINT('',(-3.590391604102,-20.61099754914));
#6599 = CARTESIAN_POINT('',(-3.365992128846,-20.33049934407));
#6600 = CARTESIAN_POINT('',(-3.14159265359,-20.05));
#6601 = ( GEOMETRIC_REPRESENTATION_CONTEXT(2) 
PARAMETRIC_REPRESENTATION_CONTEXT() REPRESENTATION_CONTEXT('2D SPACE',''
  ) );
#6602 = PCURVE('',#6176,#6603);
#6603 = DEFINITIONAL_REPRESENTATION('',(#6604),#6619);
#6604 = B_SPLINE_CURVE_WITH_KNOTS('',7,(#6605,#6606,#6607,#6608,#6609,
    #6610,#6611,#6612,#6613,#6614,#6615,#6616,#6617,#6618),
  .UNSPECIFIED.,.F.,.F.,(8,6,8),(1.570796326795,3.14159265359,
    4.712388980385),.UNSPECIFIED.);
#6605 = CARTESIAN_POINT('',(-1.570796326795,-20.05));
#6606 = CARTESIAN_POINT('',(-1.795195802051,-20.33049934407));
#6607 = CARTESIAN_POINT('',(-2.019595277307,-20.61099754914));
#6608 = CARTESIAN_POINT('',(-2.243994752566,-20.86843353221));
#6609 = CARTESIAN_POINT('',(-2.468394227819,-21.07970313077));
#6610 = CARTESIAN_POINT('',(-2.692793703077,-21.22656415923));
#6611 = CARTESIAN_POINT('',(-2.917193178333,-21.3));
#6612 = CARTESIAN_POINT('',(-3.365992128846,-21.3));
#6613 = CARTESIAN_POINT('',(-3.590391604102,-21.22656415923));
#6614 = CARTESIAN_POINT('',(-3.814791079361,-21.07970313079));
#6615 = CARTESIAN_POINT('',(-4.039190554613,-20.8684335322));
#6616 = CARTESIAN_POINT('',(-4.263590029873,-20.61099754915));
#6617 = CARTESIAN_POINT('',(-4.487989505128,-20.33049934407));
#6618 = CARTESIAN_POINT('',(-4.712388980385,-20.05));
#6619 = ( GEOMETRIC_REPRESENTATION_CONTEXT(2) 
PARAMETRIC_REPRESENTATION_CONTEXT() REPRESENTATION_CONTEXT('2D SPACE',''
  ) );
#6620 = ADVANCED_FACE('',(#6621),#5780,.F.);
#6621 = FACE_BOUND('',#6622,.T.);
#6622 = EDGE_LOOP('',(#6623,#6624,#6647,#6674,#6675));
#6623 = ORIENTED_EDGE('',*,*,#5752,.T.);
#6624 = ORIENTED_EDGE('',*,*,#6625,.T.);
#6625 = EDGE_CURVE('',#5719,#6626,#6628,.T.);
#6626 = VERTEX_POINT('',#6627);
#6627 = CARTESIAN_POINT('',(40.,948.95,121.25));
#6628 = SEAM_CURVE('',#6629,(#6633,#6640),.PCURVE_S1.);
#6629 = LINE('',#6630,#6631);
#6630 = CARTESIAN_POINT('',(40.,980.05,121.25));
#6631 = VECTOR('',#6632,1.);
#6632 = DIRECTION('',(0.,-1.,0.));
#6633 = PCURVE('',#5780,#6634);
#6634 = DEFINITIONAL_REPRESENTATION('',(#6635),#6639);
#6635 = LINE('',#6636,#6637);
#6636 = CARTESIAN_POINT('',(-6.28318530718,0.));
#6637 = VECTOR('',#6638,1.);
#6638 = DIRECTION('',(-0.,-1.));
#6639 = ( GEOMETRIC_REPRESENTATION_CONTEXT(2) 
PARAMETRIC_REPRESENTATION_CONTEXT() REPRESENTATION_CONTEXT('2D SPACE',''
  ) );
#6640 = PCURVE('',#5780,#6641);
#6641 = DEFINITIONAL_REPRESENTATION('',(#6642),#6646);
#6642 = LINE('',#6643,#6644);
#6643 = CARTESIAN_POINT('',(-0.,0.));
#6644 = VECTOR('',#6645,1.);
#6645 = DIRECTION('',(-0.,-1.));
#6646 = ( GEOMETRIC_REPRESENTATION_CONTEXT(2) 
PARAMETRIC_REPRESENTATION_CONTEXT() REPRESENTATION_CONTEXT('2D SPACE',''
  ) );
#6647 = ORIENTED_EDGE('',*,*,#6648,.T.);
#6648 = EDGE_CURVE('',#6626,#6626,#6649,.T.);
#6649 = SURFACE_CURVE('',#6650,(#6655,#6662),.PCURVE_S1.);
#6650 = CIRCLE('',#6651,1.25);
#6651 = AXIS2_PLACEMENT_3D('',#6652,#6653,#6654);
#6652 = CARTESIAN_POINT('',(40.,948.95,120.));
#6653 = DIRECTION('',(0.,-1.,0.));
#6654 = DIRECTION('',(0.,0.,1.));
#6655 = PCURVE('',#5780,#6656);
#6656 = DEFINITIONAL_REPRESENTATION('',(#6657),#6661);
#6657 = LINE('',#6658,#6659);
#6658 = CARTESIAN_POINT('',(-0.,-31.1));
#6659 = VECTOR('',#6660,1.);
#6660 = DIRECTION('',(-1.,0.));
#6661 = ( GEOMETRIC_REPRESENTATION_CONTEXT(2) 
PARAMETRIC_REPRESENTATION_CONTEXT() REPRESENTATION_CONTEXT('2D SPACE',''
  ) );
#6662 = PCURVE('',#6663,#6668);
#6663 = PLANE('',#6664);
#6664 = AXIS2_PLACEMENT_3D('',#6665,#6666,#6667);
#6665 = CARTESIAN_POINT('',(40.,948.95,120.));
#6666 = DIRECTION('',(-0.,-1.,-0.));
#6667 = DIRECTION('',(0.,0.,-1.));
#6668 = DEFINITIONAL_REPRESENTATION('',(#6669),#6673);
#6669 = CIRCLE('',#6670,1.25);
#6670 = AXIS2_PLACEMENT_2D('',#6671,#6672);
#6671 = CARTESIAN_POINT('',(-1.42108547152E-14,0.));
#6672 = DIRECTION('',(-1.,0.));
#6673 = ( GEOMETRIC_REPRESENTATION_CONTEXT(2) 
PARAMETRIC_REPRESENTATION_CONTEXT() REPRESENTATION_CONTEXT('2D SPACE',''
  ) );
#6674 = ORIENTED_EDGE('',*,*,#6625,.F.);
#6675 = ORIENTED_EDGE('',*,*,#6676,.T.);
#6676 = EDGE_CURVE('',#5719,#5753,#6677,.T.);
#6677 = SURFACE_CURVE('',#6678,(#6683,#6701),.PCURVE_S1.);
#6678 = ELLIPSE('',#6679,1.767766952966,1.25);
#6679 = AXIS2_PLACEMENT_3D('',#6680,#6681,#6682);
#6680 = CARTESIAN_POINT('',(40.,960.,120.));
#6681 = DIRECTION('',(0.707106781187,0.707106781187,0.));
#6682 = DIRECTION('',(-0.707106781187,0.707106781187,0.));
#6683 = PCURVE('',#5780,#6684);
#6684 = DEFINITIONAL_REPRESENTATION('',(#6685),#6700);
#6685 = B_SPLINE_CURVE_WITH_KNOTS('',7,(#6686,#6687,#6688,#6689,#6690,
    #6691,#6692,#6693,#6694,#6695,#6696,#6697,#6698,#6699),
  .UNSPECIFIED.,.F.,.F.,(8,6,8),(1.570796326795,3.14159265359,
    4.712388980385),.UNSPECIFIED.);
#6686 = CARTESIAN_POINT('',(-6.28318530718,-20.05));
#6687 = CARTESIAN_POINT('',(-6.058785831923,-20.33049934407));
#6688 = CARTESIAN_POINT('',(-5.834386356667,-20.61099754914));
#6689 = CARTESIAN_POINT('',(-5.60998688141,-20.86843353223));
#6690 = CARTESIAN_POINT('',(-5.385587406154,-21.07970313077));
#6691 = CARTESIAN_POINT('',(-5.161187930898,-21.22656415924));
#6692 = CARTESIAN_POINT('',(-4.936788455641,-21.3));
#6693 = CARTESIAN_POINT('',(-4.487989505128,-21.3));
#6694 = CARTESIAN_POINT('',(-4.263590029872,-21.22656415923));
#6695 = CARTESIAN_POINT('',(-4.039190554615,-21.07970313078));
#6696 = CARTESIAN_POINT('',(-3.81479107936,-20.86843353221));
#6697 = CARTESIAN_POINT('',(-3.590391604103,-20.61099754914));
#6698 = CARTESIAN_POINT('',(-3.365992128846,-20.33049934407));
#6699 = CARTESIAN_POINT('',(-3.14159265359,-20.05));
#6700 = ( GEOMETRIC_REPRESENTATION_CONTEXT(2) 
PARAMETRIC_REPRESENTATION_CONTEXT() REPRESENTATION_CONTEXT('2D SPACE',''
  ) );
#6701 = PCURVE('',#6275,#6702);
#6702 = DEFINITIONAL_REPRESENTATION('',(#6703),#6718);
#6703 = B_SPLINE_CURVE_WITH_KNOTS('',7,(#6704,#6705,#6706,#6707,#6708,
    #6709,#6710,#6711,#6712,#6713,#6714,#6715,#6716,#6717),
  .UNSPECIFIED.,.F.,.F.,(8,6,8),(1.570796326795,3.14159265359,
    4.712388980385),.UNSPECIFIED.);
#6704 = CARTESIAN_POINT('',(-1.570796326795,-20.05));
#6705 = CARTESIAN_POINT('',(-1.795195802051,-20.33049934407));
#6706 = CARTESIAN_POINT('',(-2.019595277307,-20.61099754914));
#6707 = CARTESIAN_POINT('',(-2.243994752567,-20.86843353221));
#6708 = CARTESIAN_POINT('',(-2.468394227818,-21.07970313077));
#6709 = CARTESIAN_POINT('',(-2.692793703078,-21.22656415923));
#6710 = CARTESIAN_POINT('',(-2.917193178333,-21.3));
#6711 = CARTESIAN_POINT('',(-3.365992128846,-21.3));
#6712 = CARTESIAN_POINT('',(-3.590391604101,-21.22656415923));
#6713 = CARTESIAN_POINT('',(-3.814791079363,-21.07970313079));
#6714 = CARTESIAN_POINT('',(-4.039190554611,-20.8684335322));
#6715 = CARTESIAN_POINT('',(-4.263590029874,-20.61099754915));
#6716 = CARTESIAN_POINT('',(-4.487989505128,-20.33049934407));
#6717 = CARTESIAN_POINT('',(-4.712388980385,-20.05));
#6718 = ( GEOMETRIC_REPRESENTATION_CONTEXT(2) 
PARAMETRIC_REPRESENTATION_CONTEXT() REPRESENTATION_CONTEXT('2D SPACE',''
  ) );
#6719 = ADVANCED_FACE('',(#6720),#5925,.F.);
#6720 = FACE_BOUND('',#6721,.T.);
#6721 = EDGE_LOOP('',(#6722,#6723,#6746,#6773,#6774));
#6722 = ORIENTED_EDGE('',*,*,#5897,.T.);
#6723 = ORIENTED_EDGE('',*,*,#6724,.T.);
#6724 = EDGE_CURVE('',#5864,#6725,#6727,.T.);
#6725 = VERTEX_POINT('',#6726);
#6726 = CARTESIAN_POINT('',(40.,948.95,171.25));
#6727 = SEAM_CURVE('',#6728,(#6732,#6739),.PCURVE_S1.);
#6728 = LINE('',#6729,#6730);
#6729 = CARTESIAN_POINT('',(40.,980.05,171.25));
#6730 = VECTOR('',#6731,1.);
#6731 = DIRECTION('',(0.,-1.,0.));
#6732 = PCURVE('',#5925,#6733);
#6733 = DEFINITIONAL_REPRESENTATION('',(#6734),#6738);
#6734 = LINE('',#6735,#6736);
#6735 = CARTESIAN_POINT('',(-6.28318530718,0.));
#6736 = VECTOR('',#6737,1.);
#6737 = DIRECTION('',(-0.,-1.));
#6738 = ( GEOMETRIC_REPRESENTATION_CONTEXT(2) 
PARAMETRIC_REPRESENTATION_CONTEXT() REPRESENTATION_CONTEXT('2D SPACE',''
  ) );
#6739 = PCURVE('',#5925,#6740);
#6740 = DEFINITIONAL_REPRESENTATION('',(#6741),#6745);
#6741 = LINE('',#6742,#6743);
#6742 = CARTESIAN_POINT('',(-0.,0.));
#6743 = VECTOR('',#6744,1.);
#6744 = DIRECTION('',(-0.,-1.));
#6745 = ( GEOMETRIC_REPRESENTATION_CONTEXT(2) 
PARAMETRIC_REPRESENTATION_CONTEXT() REPRESENTATION_CONTEXT('2D SPACE',''
  ) );
#6746 = ORIENTED_EDGE('',*,*,#6747,.T.);
#6747 = EDGE_CURVE('',#6725,#6725,#6748,.T.);
#6748 = SURFACE_CURVE('',#6749,(#6754,#6761),.PCURVE_S1.);
#6749 = CIRCLE('',#6750,1.25);
#6750 = AXIS2_PLACEMENT_3D('',#6751,#6752,#6753);
#6751 = CARTESIAN_POINT('',(40.,948.95,170.));
#6752 = DIRECTION('',(0.,-1.,0.));
#6753 = DIRECTION('',(0.,0.,1.));
#6754 = PCURVE('',#5925,#6755);
#6755 = DEFINITIONAL_REPRESENTATION('',(#6756),#6760);
#6756 = LINE('',#6757,#6758);
#6757 = CARTESIAN_POINT('',(-0.,-31.1));
#6758 = VECTOR('',#6759,1.);
#6759 = DIRECTION('',(-1.,0.));
#6760 = ( GEOMETRIC_REPRESENTATION_CONTEXT(2) 
PARAMETRIC_REPRESENTATION_CONTEXT() REPRESENTATION_CONTEXT('2D SPACE',''
  ) );
#6761 = PCURVE('',#6762,#6767);
#6762 = PLANE('',#6763);
#6763 = AXIS2_PLACEMENT_3D('',#6764,#6765,#6766);
#6764 = CARTESIAN_POINT('',(40.,948.95,170.));
#6765 = DIRECTION('',(-0.,-1.,-0.));
#6766 = DIRECTION('',(0.,0.,-1.));
#6767 = DEFINITIONAL_REPRESENTATION('',(#6768),#6772);
#6768 = CIRCLE('',#6769,1.25);
#6769 = AXIS2_PLACEMENT_2D('',#6770,#6771);
#6770 = CARTESIAN_POINT('',(2.84217094304E-14,0.));
#6771 = DIRECTION('',(-1.,0.));
#6772 = ( GEOMETRIC_REPRESENTATION_CONTEXT(2) 
PARAMETRIC_REPRESENTATION_CONTEXT() REPRESENTATION_CONTEXT('2D SPACE',''
  ) );
#6773 = ORIENTED_EDGE('',*,*,#6724,.F.);
#6774 = ORIENTED_EDGE('',*,*,#6775,.T.);
#6775 = EDGE_CURVE('',#5864,#5898,#6776,.T.);
#6776 = SURFACE_CURVE('',#6777,(#6782,#6800),.PCURVE_S1.);
#6777 = ELLIPSE('',#6778,1.767766952966,1.25);
#6778 = AXIS2_PLACEMENT_3D('',#6779,#6780,#6781);
#6779 = CARTESIAN_POINT('',(40.,960.,170.));
#6780 = DIRECTION('',(0.707106781187,0.707106781187,0.));
#6781 = DIRECTION('',(-0.707106781187,0.707106781187,0.));
#6782 = PCURVE('',#5925,#6783);
#6783 = DEFINITIONAL_REPRESENTATION('',(#6784),#6799);
#6784 = B_SPLINE_CURVE_WITH_KNOTS('',7,(#6785,#6786,#6787,#6788,#6789,
    #6790,#6791,#6792,#6793,#6794,#6795,#6796,#6797,#6798),
  .UNSPECIFIED.,.F.,.F.,(8,6,8),(1.570796326795,3.14159265359,
    4.712388980385),.UNSPECIFIED.);
#6785 = CARTESIAN_POINT('',(-6.28318530718,-20.05));
#6786 = CARTESIAN_POINT('',(-6.058785831923,-20.33049934407));
#6787 = CARTESIAN_POINT('',(-5.834386356667,-20.61099754914));
#6788 = CARTESIAN_POINT('',(-5.60998688141,-20.86843353223));
#6789 = CARTESIAN_POINT('',(-5.385587406154,-21.07970313077));
#6790 = CARTESIAN_POINT('',(-5.161187930898,-21.22656415924));
#6791 = CARTESIAN_POINT('',(-4.936788455641,-21.3));
#6792 = CARTESIAN_POINT('',(-4.487989505128,-21.3));
#6793 = CARTESIAN_POINT('',(-4.263590029872,-21.22656415923));
#6794 = CARTESIAN_POINT('',(-4.039190554615,-21.07970313078));
#6795 = CARTESIAN_POINT('',(-3.814791079359,-20.86843353221));
#6796 = CARTESIAN_POINT('',(-3.590391604102,-20.61099754914));
#6797 = CARTESIAN_POINT('',(-3.365992128846,-20.33049934407));
#6798 = CARTESIAN_POINT('',(-3.14159265359,-20.05));
#6799 = ( GEOMETRIC_REPRESENTATION_CONTEXT(2) 
PARAMETRIC_REPRESENTATION_CONTEXT() REPRESENTATION_CONTEXT('2D SPACE',''
  ) );
#6800 = PCURVE('',#6374,#6801);
#6801 = DEFINITIONAL_REPRESENTATION('',(#6802),#6817);
#6802 = B_SPLINE_CURVE_WITH_KNOTS('',7,(#6803,#6804,#6805,#6806,#6807,
    #6808,#6809,#6810,#6811,#6812,#6813,#6814,#6815,#6816),
  .UNSPECIFIED.,.F.,.F.,(8,6,8),(1.570796326795,3.14159265359,
    4.712388980385),.UNSPECIFIED.);
#6803 = CARTESIAN_POINT('',(-1.570796326795,-20.05));
#6804 = CARTESIAN_POINT('',(-1.795195802051,-20.33049934407));
#6805 = CARTESIAN_POINT('',(-2.019595277307,-20.61099754914));
#6806 = CARTESIAN_POINT('',(-2.243994752566,-20.86843353221));
#6807 = CARTESIAN_POINT('',(-2.46839422782,-21.07970313077));
#6808 = CARTESIAN_POINT('',(-2.692793703077,-21.22656415923));
#6809 = CARTESIAN_POINT('',(-2.917193178333,-21.3));
#6810 = CARTESIAN_POINT('',(-3.365992128846,-21.3));
#6811 = CARTESIAN_POINT('',(-3.590391604102,-21.22656415923));
#6812 = CARTESIAN_POINT('',(-3.81479107936,-21.07970313079));
#6813 = CARTESIAN_POINT('',(-4.039190554612,-20.8684335322));
#6814 = CARTESIAN_POINT('',(-4.263590029873,-20.61099754915));
#6815 = CARTESIAN_POINT('',(-4.487989505128,-20.33049934407));
#6816 = CARTESIAN_POINT('',(-4.712388980385,-20.05));
#6817 = ( GEOMETRIC_REPRESENTATION_CONTEXT(2) 
PARAMETRIC_REPRESENTATION_CONTEXT() REPRESENTATION_CONTEXT('2D SPACE',''
  ) );
#6818 = ADVANCED_FACE('',(#6819),#6070,.F.);
#6819 = FACE_BOUND('',#6820,.T.);
#6820 = EDGE_LOOP('',(#6821,#6822,#6845,#6872,#6873));
#6821 = ORIENTED_EDGE('',*,*,#6042,.T.);
#6822 = ORIENTED_EDGE('',*,*,#6823,.T.);
#6823 = EDGE_CURVE('',#6009,#6824,#6826,.T.);
#6824 = VERTEX_POINT('',#6825);
#6825 = CARTESIAN_POINT('',(40.,948.95,266.25));
#6826 = SEAM_CURVE('',#6827,(#6831,#6838),.PCURVE_S1.);
#6827 = LINE('',#6828,#6829);
#6828 = CARTESIAN_POINT('',(40.,980.05,266.25));
#6829 = VECTOR('',#6830,1.);
#6830 = DIRECTION('',(0.,-1.,0.));
#6831 = PCURVE('',#6070,#6832);
#6832 = DEFINITIONAL_REPRESENTATION('',(#6833),#6837);
#6833 = LINE('',#6834,#6835);
#6834 = CARTESIAN_POINT('',(-6.28318530718,0.));
#6835 = VECTOR('',#6836,1.);
#6836 = DIRECTION('',(-0.,-1.));
#6837 = ( GEOMETRIC_REPRESENTATION_CONTEXT(2) 
PARAMETRIC_REPRESENTATION_CONTEXT() REPRESENTATION_CONTEXT('2D SPACE',''
  ) );
#6838 = PCURVE('',#6070,#6839);
#6839 = DEFINITIONAL_REPRESENTATION('',(#6840),#6844);
#6840 = LINE('',#6841,#6842);
#6841 = CARTESIAN_POINT('',(-0.,0.));
#6842 = VECTOR('',#6843,1.);
#6843 = DIRECTION('',(-0.,-1.));
#6844 = ( GEOMETRIC_REPRESENTATION_CONTEXT(2) 
PARAMETRIC_REPRESENTATION_CONTEXT() REPRESENTATION_CONTEXT('2D SPACE',''
  ) );
#6845 = ORIENTED_EDGE('',*,*,#6846,.T.);
#6846 = EDGE_CURVE('',#6824,#6824,#6847,.T.);
#6847 = SURFACE_CURVE('',#6848,(#6853,#6860),.PCURVE_S1.);
#6848 = CIRCLE('',#6849,1.25);
#6849 = AXIS2_PLACEMENT_3D('',#6850,#6851,#6852);
#6850 = CARTESIAN_POINT('',(40.,948.95,265.));
#6851 = DIRECTION('',(0.,-1.,0.));
#6852 = DIRECTION('',(0.,0.,1.));
#6853 = PCURVE('',#6070,#6854);
#6854 = DEFINITIONAL_REPRESENTATION('',(#6855),#6859);
#6855 = LINE('',#6856,#6857);
#6856 = CARTESIAN_POINT('',(-0.,-31.1));
#6857 = VECTOR('',#6858,1.);
#6858 = DIRECTION('',(-1.,0.));
#6859 = ( GEOMETRIC_REPRESENTATION_CONTEXT(2) 
PARAMETRIC_REPRESENTATION_CONTEXT() REPRESENTATION_CONTEXT('2D SPACE',''
  ) );
#6860 = PCURVE('',#6861,#6866);
#6861 = PLANE('',#6862);
#6862 = AXIS2_PLACEMENT_3D('',#6863,#6864,#6865);
#6863 = CARTESIAN_POINT('',(40.,948.95,265.));
#6864 = DIRECTION('',(-0.,-1.,-0.));
#6865 = DIRECTION('',(0.,0.,-1.));
#6866 = DEFINITIONAL_REPRESENTATION('',(#6867),#6871);
#6867 = CIRCLE('',#6868,1.25);
#6868 = AXIS2_PLACEMENT_2D('',#6869,#6870);
#6869 = CARTESIAN_POINT('',(0.,0.));
#6870 = DIRECTION('',(-1.,0.));
#6871 = ( GEOMETRIC_REPRESENTATION_CONTEXT(2) 
PARAMETRIC_REPRESENTATION_CONTEXT() REPRESENTATION_CONTEXT('2D SPACE',''
  ) );
#6872 = ORIENTED_EDGE('',*,*,#6823,.F.);
#6873 = ORIENTED_EDGE('',*,*,#6874,.T.);
#6874 = EDGE_CURVE('',#6009,#6043,#6875,.T.);
#6875 = SURFACE_CURVE('',#6876,(#6881,#6899),.PCURVE_S1.);
#6876 = ELLIPSE('',#6877,1.767766952966,1.25);
#6877 = AXIS2_PLACEMENT_3D('',#6878,#6879,#6880);
#6878 = CARTESIAN_POINT('',(40.,960.,265.));
#6879 = DIRECTION('',(0.707106781187,0.707106781187,0.));
#6880 = DIRECTION('',(-0.707106781187,0.707106781187,0.));
#6881 = PCURVE('',#6070,#6882);
#6882 = DEFINITIONAL_REPRESENTATION('',(#6883),#6898);
#6883 = B_SPLINE_CURVE_WITH_KNOTS('',7,(#6884,#6885,#6886,#6887,#6888,
    #6889,#6890,#6891,#6892,#6893,#6894,#6895,#6896,#6897),
  .UNSPECIFIED.,.F.,.F.,(8,6,8),(1.570796326795,3.14159265359,
    4.712388980385),.UNSPECIFIED.);
#6884 = CARTESIAN_POINT('',(-6.28318530718,-20.05));
#6885 = CARTESIAN_POINT('',(-6.058785831923,-20.33049934407));
#6886 = CARTESIAN_POINT('',(-5.834386356667,-20.61099754914));
#6887 = CARTESIAN_POINT('',(-5.60998688141,-20.86843353223));
#6888 = CARTESIAN_POINT('',(-5.385587406154,-21.07970313077));
#6889 = CARTESIAN_POINT('',(-5.161187930898,-21.22656415924));
#6890 = CARTESIAN_POINT('',(-4.936788455641,-21.3));
#6891 = CARTESIAN_POINT('',(-4.487989505128,-21.3));
#6892 = CARTESIAN_POINT('',(-4.263590029872,-21.22656415923));
#6893 = CARTESIAN_POINT('',(-4.039190554615,-21.07970313078));
#6894 = CARTESIAN_POINT('',(-3.814791079358,-20.86843353221));
#6895 = CARTESIAN_POINT('',(-3.590391604102,-20.61099754914));
#6896 = CARTESIAN_POINT('',(-3.365992128846,-20.33049934407));
#6897 = CARTESIAN_POINT('',(-3.14159265359,-20.05));
#6898 = ( GEOMETRIC_REPRESENTATION_CONTEXT(2) 
PARAMETRIC_REPRESENTATION_CONTEXT() REPRESENTATION_CONTEXT('2D SPACE',''
  ) );
#6899 = PCURVE('',#6473,#6900);
#6900 = DEFINITIONAL_REPRESENTATION('',(#6901),#6916);
#6901 = B_SPLINE_CURVE_WITH_KNOTS('',7,(#6902,#6903,#6904,#6905,#6906,
    #6907,#6908,#6909,#6910,#6911,#6912,#6913,#6914,#6915),
  .UNSPECIFIED.,.F.,.F.,(8,6,8),(1.570796326795,3.14159265359,
    4.712388980385),.UNSPECIFIED.);
#6902 = CARTESIAN_POINT('',(-1.570796326795,-20.05));
#6903 = CARTESIAN_POINT('',(-1.795195802051,-20.33049934407));
#6904 = CARTESIAN_POINT('',(-2.019595277308,-20.61099754914));
#6905 = CARTESIAN_POINT('',(-2.243994752566,-20.86843353221));
#6906 = CARTESIAN_POINT('',(-2.468394227821,-21.07970313077));
#6907 = CARTESIAN_POINT('',(-2.692793703077,-21.22656415923));
#6908 = CARTESIAN_POINT('',(-2.917193178333,-21.3));
#6909 = CARTESIAN_POINT('',(-3.365992128846,-21.3));
#6910 = CARTESIAN_POINT('',(-3.590391604103,-21.22656415923));
#6911 = CARTESIAN_POINT('',(-3.81479107936,-21.07970313079));
#6912 = CARTESIAN_POINT('',(-4.039190554617,-20.8684335322));
#6913 = CARTESIAN_POINT('',(-4.263590029872,-20.61099754915));
#6914 = CARTESIAN_POINT('',(-4.487989505128,-20.33049934407));
#6915 = CARTESIAN_POINT('',(-4.712388980385,-20.05));
#6916 = ( GEOMETRIC_REPRESENTATION_CONTEXT(2) 
PARAMETRIC_REPRESENTATION_CONTEXT() REPRESENTATION_CONTEXT('2D SPACE',''
  ) );
#6917 = ADVANCED_FACE('',(#6918),#6176,.F.);
#6918 = FACE_BOUND('',#6919,.T.);
#6919 = EDGE_LOOP('',(#6920,#6921,#6944,#6971,#6972,#6973));
#6920 = ORIENTED_EDGE('',*,*,#6193,.T.);
#6921 = ORIENTED_EDGE('',*,*,#6922,.T.);
#6922 = EDGE_CURVE('',#6155,#6923,#6925,.T.);
#6923 = VERTEX_POINT('',#6924);
#6924 = CARTESIAN_POINT('',(51.05,961.25,25.));
#6925 = SEAM_CURVE('',#6926,(#6930,#6937),.PCURVE_S1.);
#6926 = LINE('',#6927,#6928);
#6927 = CARTESIAN_POINT('',(19.95,961.25,25.));
#6928 = VECTOR('',#6929,1.);
#6929 = DIRECTION('',(1.,0.,0.));
#6930 = PCURVE('',#6176,#6931);
#6931 = DEFINITIONAL_REPRESENTATION('',(#6932),#6936);
#6932 = LINE('',#6933,#6934);
#6933 = CARTESIAN_POINT('',(-6.28318530718,0.));
#6934 = VECTOR('',#6935,1.);
#6935 = DIRECTION('',(-0.,-1.));
#6936 = ( GEOMETRIC_REPRESENTATION_CONTEXT(2) 
PARAMETRIC_REPRESENTATION_CONTEXT() REPRESENTATION_CONTEXT('2D SPACE',''
  ) );
#6937 = PCURVE('',#6176,#6938);
#6938 = DEFINITIONAL_REPRESENTATION('',(#6939),#6943);
#6939 = LINE('',#6940,#6941);
#6940 = CARTESIAN_POINT('',(-0.,0.));
#6941 = VECTOR('',#6942,1.);
#6942 = DIRECTION('',(-0.,-1.));
#6943 = ( GEOMETRIC_REPRESENTATION_CONTEXT(2) 
PARAMETRIC_REPRESENTATION_CONTEXT() REPRESENTATION_CONTEXT('2D SPACE',''
  ) );
#6944 = ORIENTED_EDGE('',*,*,#6945,.T.);
#6945 = EDGE_CURVE('',#6923,#6923,#6946,.T.);
#6946 = SURFACE_CURVE('',#6947,(#6952,#6959),.PCURVE_S1.);
#6947 = CIRCLE('',#6948,1.25);
#6948 = AXIS2_PLACEMENT_3D('',#6949,#6950,#6951);
#6949 = CARTESIAN_POINT('',(51.05,960.,25.));
#6950 = DIRECTION('',(1.,0.,0.));
#6951 = DIRECTION('',(0.,1.,0.));
#6952 = PCURVE('',#6176,#6953);
#6953 = DEFINITIONAL_REPRESENTATION('',(#6954),#6958);
#6954 = LINE('',#6955,#6956);
#6955 = CARTESIAN_POINT('',(-0.,-31.1));
#6956 = VECTOR('',#6957,1.);
#6957 = DIRECTION('',(-1.,0.));
#6958 = ( GEOMETRIC_REPRESENTATION_CONTEXT(2) 
PARAMETRIC_REPRESENTATION_CONTEXT() REPRESENTATION_CONTEXT('2D SPACE',''
  ) );
#6959 = PCURVE('',#6960,#6965);
#6960 = PLANE('',#6961);
#6961 = AXIS2_PLACEMENT_3D('',#6962,#6963,#6964);
#6962 = CARTESIAN_POINT('',(51.05,960.,25.));
#6963 = DIRECTION('',(1.,0.,0.));
#6964 = DIRECTION('',(-0.,0.,1.));
#6965 = DEFINITIONAL_REPRESENTATION('',(#6966),#6970);
#6966 = CIRCLE('',#6967,1.25);
#6967 = AXIS2_PLACEMENT_2D('',#6968,#6969);
#6968 = CARTESIAN_POINT('',(0.,0.));
#6969 = DIRECTION('',(0.,-1.));
#6970 = ( GEOMETRIC_REPRESENTATION_CONTEXT(2) 
PARAMETRIC_REPRESENTATION_CONTEXT() REPRESENTATION_CONTEXT('2D SPACE',''
  ) );
#6971 = ORIENTED_EDGE('',*,*,#6922,.F.);
#6972 = ORIENTED_EDGE('',*,*,#6154,.T.);
#6973 = ORIENTED_EDGE('',*,*,#6577,.F.);
#6974 = ADVANCED_FACE('',(#6975),#6275,.F.);
#6975 = FACE_BOUND('',#6976,.T.);
#6976 = EDGE_LOOP('',(#6977,#6978,#7001,#7028,#7029,#7030));
#6977 = ORIENTED_EDGE('',*,*,#6292,.T.);
#6978 = ORIENTED_EDGE('',*,*,#6979,.T.);
#6979 = EDGE_CURVE('',#6254,#6980,#6982,.T.);
#6980 = VERTEX_POINT('',#6981);
#6981 = CARTESIAN_POINT('',(51.05,961.25,120.));
#6982 = SEAM_CURVE('',#6983,(#6987,#6994),.PCURVE_S1.);
#6983 = LINE('',#6984,#6985);
#6984 = CARTESIAN_POINT('',(19.95,961.25,120.));
#6985 = VECTOR('',#6986,1.);
#6986 = DIRECTION('',(1.,0.,0.));
#6987 = PCURVE('',#6275,#6988);
#6988 = DEFINITIONAL_REPRESENTATION('',(#6989),#6993);
#6989 = LINE('',#6990,#6991);
#6990 = CARTESIAN_POINT('',(-6.28318530718,0.));
#6991 = VECTOR('',#6992,1.);
#6992 = DIRECTION('',(-0.,-1.));
#6993 = ( GEOMETRIC_REPRESENTATION_CONTEXT(2) 
PARAMETRIC_REPRESENTATION_CONTEXT() REPRESENTATION_CONTEXT('2D SPACE',''
  ) );
#6994 = PCURVE('',#6275,#6995);
#6995 = DEFINITIONAL_REPRESENTATION('',(#6996),#7000);
#6996 = LINE('',#6997,#6998);
#6997 = CARTESIAN_POINT('',(-0.,0.));
#6998 = VECTOR('',#6999,1.);
#6999 = DIRECTION('',(-0.,-1.));
#7000 = ( GEOMETRIC_REPRESENTATION_CONTEXT(2) 
PARAMETRIC_REPRESENTATION_CONTEXT() REPRESENTATION_CONTEXT('2D SPACE',''
  ) );
#7001 = ORIENTED_EDGE('',*,*,#7002,.T.);
#7002 = EDGE_CURVE('',#6980,#6980,#7003,.T.);
#7003 = SURFACE_CURVE('',#7004,(#7009,#7016),.PCURVE_S1.);
#7004 = CIRCLE('',#7005,1.25);
#7005 = AXIS2_PLACEMENT_3D('',#7006,#7007,#7008);
#7006 = CARTESIAN_POINT('',(51.05,960.,120.));
#7007 = DIRECTION('',(1.,0.,0.));
#7008 = DIRECTION('',(0.,1.,0.));
#7009 = PCURVE('',#6275,#7010);
#7010 = DEFINITIONAL_REPRESENTATION('',(#7011),#7015);
#7011 = LINE('',#7012,#7013);
#7012 = CARTESIAN_POINT('',(-0.,-31.1));
#7013 = VECTOR('',#7014,1.);
#7014 = DIRECTION('',(-1.,0.));
#7015 = ( GEOMETRIC_REPRESENTATION_CONTEXT(2) 
PARAMETRIC_REPRESENTATION_CONTEXT() REPRESENTATION_CONTEXT('2D SPACE',''
  ) );
#7016 = PCURVE('',#7017,#7022);
#7017 = PLANE('',#7018);
#7018 = AXIS2_PLACEMENT_3D('',#7019,#7020,#7021);
#7019 = CARTESIAN_POINT('',(51.05,960.,120.));
#7020 = DIRECTION('',(1.,0.,0.));
#7021 = DIRECTION('',(-0.,0.,1.));
#7022 = DEFINITIONAL_REPRESENTATION('',(#7023),#7027);
#7023 = CIRCLE('',#7024,1.25);
#7024 = AXIS2_PLACEMENT_2D('',#7025,#7026);
#7025 = CARTESIAN_POINT('',(0.,0.));
#7026 = DIRECTION('',(0.,-1.));
#7027 = ( GEOMETRIC_REPRESENTATION_CONTEXT(2) 
PARAMETRIC_REPRESENTATION_CONTEXT() REPRESENTATION_CONTEXT('2D SPACE',''
  ) );
#7028 = ORIENTED_EDGE('',*,*,#6979,.F.);
#7029 = ORIENTED_EDGE('',*,*,#6253,.T.);
#7030 = ORIENTED_EDGE('',*,*,#6676,.F.);
#7031 = ADVANCED_FACE('',(#7032),#6374,.F.);
#7032 = FACE_BOUND('',#7033,.T.);
#7033 = EDGE_LOOP('',(#7034,#7035,#7058,#7085,#7086,#7087));
#7034 = ORIENTED_EDGE('',*,*,#6391,.T.);
#7035 = ORIENTED_EDGE('',*,*,#7036,.T.);
#7036 = EDGE_CURVE('',#6353,#7037,#7039,.T.);
#7037 = VERTEX_POINT('',#7038);
#7038 = CARTESIAN_POINT('',(51.05,961.25,170.));
#7039 = SEAM_CURVE('',#7040,(#7044,#7051),.PCURVE_S1.);
#7040 = LINE('',#7041,#7042);
#7041 = CARTESIAN_POINT('',(19.95,961.25,170.));
#7042 = VECTOR('',#7043,1.);
#7043 = DIRECTION('',(1.,0.,0.));
#7044 = PCURVE('',#6374,#7045);
#7045 = DEFINITIONAL_REPRESENTATION('',(#7046),#7050);
#7046 = LINE('',#7047,#7048);
#7047 = CARTESIAN_POINT('',(-6.28318530718,0.));
#7048 = VECTOR('',#7049,1.);
#7049 = DIRECTION('',(-0.,-1.));
#7050 = ( GEOMETRIC_REPRESENTATION_CONTEXT(2) 
PARAMETRIC_REPRESENTATION_CONTEXT() REPRESENTATION_CONTEXT('2D SPACE',''
  ) );
#7051 = PCURVE('',#6374,#7052);
#7052 = DEFINITIONAL_REPRESENTATION('',(#7053),#7057);
#7053 = LINE('',#7054,#7055);
#7054 = CARTESIAN_POINT('',(-0.,0.));
#7055 = VECTOR('',#7056,1.);
#7056 = DIRECTION('',(-0.,-1.));
#7057 = ( GEOMETRIC_REPRESENTATION_CONTEXT(2) 
PARAMETRIC_REPRESENTATION_CONTEXT() REPRESENTATION_CONTEXT('2D SPACE',''
  ) );
#7058 = ORIENTED_EDGE('',*,*,#7059,.T.);
#7059 = EDGE_CURVE('',#7037,#7037,#7060,.T.);
#7060 = SURFACE_CURVE('',#7061,(#7066,#7073),.PCURVE_S1.);
#7061 = CIRCLE('',#7062,1.25);
#7062 = AXIS2_PLACEMENT_3D('',#7063,#7064,#7065);
#7063 = CARTESIAN_POINT('',(51.05,960.,170.));
#7064 = DIRECTION('',(1.,0.,0.));
#7065 = DIRECTION('',(0.,1.,0.));
#7066 = PCURVE('',#6374,#7067);
#7067 = DEFINITIONAL_REPRESENTATION('',(#7068),#7072);
#7068 = LINE('',#7069,#7070);
#7069 = CARTESIAN_POINT('',(-0.,-31.1));
#7070 = VECTOR('',#7071,1.);
#7071 = DIRECTION('',(-1.,0.));
#7072 = ( GEOMETRIC_REPRESENTATION_CONTEXT(2) 
PARAMETRIC_REPRESENTATION_CONTEXT() REPRESENTATION_CONTEXT('2D SPACE',''
  ) );
#7073 = PCURVE('',#7074,#7079);
#7074 = PLANE('',#7075);
#7075 = AXIS2_PLACEMENT_3D('',#7076,#7077,#7078);
#7076 = CARTESIAN_POINT('',(51.05,960.,170.));
#7077 = DIRECTION('',(1.,0.,0.));
#7078 = DIRECTION('',(-0.,0.,1.));
#7079 = DEFINITIONAL_REPRESENTATION('',(#7080),#7084);
#7080 = CIRCLE('',#7081,1.25);
#7081 = AXIS2_PLACEMENT_2D('',#7082,#7083);
#7082 = CARTESIAN_POINT('',(0.,0.));
#7083 = DIRECTION('',(0.,-1.));
#7084 = ( GEOMETRIC_REPRESENTATION_CONTEXT(2) 
PARAMETRIC_REPRESENTATION_CONTEXT() REPRESENTATION_CONTEXT('2D SPACE',''
  ) );
#7085 = ORIENTED_EDGE('',*,*,#7036,.F.);
#7086 = ORIENTED_EDGE('',*,*,#6352,.T.);
#7087 = ORIENTED_EDGE('',*,*,#6775,.F.);
#7088 = ADVANCED_FACE('',(#7089),#6473,.F.);
#7089 = FACE_BOUND('',#7090,.T.);
#7090 = EDGE_LOOP('',(#7091,#7092,#7115,#7142,#7143,#7144));
#7091 = ORIENTED_EDGE('',*,*,#6490,.T.);
#7092 = ORIENTED_EDGE('',*,*,#7093,.T.);
#7093 = EDGE_CURVE('',#6452,#7094,#7096,.T.);
#7094 = VERTEX_POINT('',#7095);
#7095 = CARTESIAN_POINT('',(51.05,961.25,265.));
#7096 = SEAM_CURVE('',#7097,(#7101,#7108),.PCURVE_S1.);
#7097 = LINE('',#7098,#7099);
#7098 = CARTESIAN_POINT('',(19.95,961.25,265.));
#7099 = VECTOR('',#7100,1.);
#7100 = DIRECTION('',(1.,0.,0.));
#7101 = PCURVE('',#6473,#7102);
#7102 = DEFINITIONAL_REPRESENTATION('',(#7103),#7107);
#7103 = LINE('',#7104,#7105);
#7104 = CARTESIAN_POINT('',(-6.28318530718,0.));
#7105 = VECTOR('',#7106,1.);
#7106 = DIRECTION('',(-0.,-1.));
#7107 = ( GEOMETRIC_REPRESENTATION_CONTEXT(2) 
PARAMETRIC_REPRESENTATION_CONTEXT() REPRESENTATION_CONTEXT('2D SPACE',''
  ) );
#7108 = PCURVE('',#6473,#7109);
#7109 = DEFINITIONAL_REPRESENTATION('',(#7110),#7114);
#7110 = LINE('',#7111,#7112);
#7111 = CARTESIAN_POINT('',(-0.,0.));
#7112 = VECTOR('',#7113,1.);
#7113 = DIRECTION('',(-0.,-1.));
#7114 = ( GEOMETRIC_REPRESENTATION_CONTEXT(2) 
PARAMETRIC_REPRESENTATION_CONTEXT() REPRESENTATION_CONTEXT('2D SPACE',''
  ) );
#7115 = ORIENTED_EDGE('',*,*,#7116,.T.);
#7116 = EDGE_CURVE('',#7094,#7094,#7117,.T.);
#7117 = SURFACE_CURVE('',#7118,(#7123,#7130),.PCURVE_S1.);
#7118 = CIRCLE('',#7119,1.25);
#7119 = AXIS2_PLACEMENT_3D('',#7120,#7121,#7122);
#7120 = CARTESIAN_POINT('',(51.05,960.,265.));
#7121 = DIRECTION('',(1.,0.,0.));
#7122 = DIRECTION('',(0.,1.,0.));
#7123 = PCURVE('',#6473,#7124);
#7124 = DEFINITIONAL_REPRESENTATION('',(#7125),#7129);
#7125 = LINE('',#7126,#7127);
#7126 = CARTESIAN_POINT('',(-0.,-31.1));
#7127 = VECTOR('',#7128,1.);
#7128 = DIRECTION('',(-1.,0.));
#7129 = ( GEOMETRIC_REPRESENTATION_CONTEXT(2) 
PARAMETRIC_REPRESENTATION_CONTEXT() REPRESENTATION_CONTEXT('2D SPACE',''
  ) );
#7130 = PCURVE('',#7131,#7136);
#7131 = PLANE('',#7132);
#7132 = AXIS2_PLACEMENT_3D('',#7133,#7134,#7135);
#7133 = CARTESIAN_POINT('',(51.05,960.,265.));
#7134 = DIRECTION('',(1.,0.,0.));
#7135 = DIRECTION('',(-0.,0.,1.));
#7136 = DEFINITIONAL_REPRESENTATION('',(#7137),#7141);
#7137 = CIRCLE('',#7138,1.25);
#7138 = AXIS2_PLACEMENT_2D('',#7139,#7140);
#7139 = CARTESIAN_POINT('',(0.,0.));
#7140 = DIRECTION('',(0.,-1.));
#7141 = ( GEOMETRIC_REPRESENTATION_CONTEXT(2) 
PARAMETRIC_REPRESENTATION_CONTEXT() REPRESENTATION_CONTEXT('2D SPACE',''
  ) );
#7142 = ORIENTED_EDGE('',*,*,#7093,.F.);
#7143 = ORIENTED_EDGE('',*,*,#6451,.T.);
#7144 = ORIENTED_EDGE('',*,*,#6874,.F.);
#7145 = ADVANCED_FACE('',(#7146),#6564,.F.);
#7146 = FACE_BOUND('',#7147,.F.);
#7147 = EDGE_LOOP('',(#7148));
#7148 = ORIENTED_EDGE('',*,*,#6549,.T.);
#7149 = ADVANCED_FACE('',(#7150),#6663,.F.);
#7150 = FACE_BOUND('',#7151,.F.);
#7151 = EDGE_LOOP('',(#7152));
#7152 = ORIENTED_EDGE('',*,*,#6648,.T.);
#7153 = ADVANCED_FACE('',(#7154),#6762,.F.);
#7154 = FACE_BOUND('',#7155,.F.);
#7155 = EDGE_LOOP('',(#7156));
#7156 = ORIENTED_EDGE('',*,*,#6747,.T.);
#7157 = ADVANCED_FACE('',(#7158),#6861,.F.);
#7158 = FACE_BOUND('',#7159,.F.);
#7159 = EDGE_LOOP('',(#7160));
#7160 = ORIENTED_EDGE('',*,*,#6846,.T.);
#7161 = ADVANCED_FACE('',(#7162),#6960,.F.);
#7162 = FACE_BOUND('',#7163,.F.);
#7163 = EDGE_LOOP('',(#7164));
#7164 = ORIENTED_EDGE('',*,*,#6945,.T.);
#7165 = ADVANCED_FACE('',(#7166),#7017,.F.);
#7166 = FACE_BOUND('',#7167,.F.);
#7167 = EDGE_LOOP('',(#7168));
#7168 = ORIENTED_EDGE('',*,*,#7002,.T.);
#7169 = ADVANCED_FACE('',(#7170),#7074,.F.);
#7170 = FACE_BOUND('',#7171,.F.);
#7171 = EDGE_LOOP('',(#7172));
#7172 = ORIENTED_EDGE('',*,*,#7059,.T.);
#7173 = ADVANCED_FACE('',(#7174),#7131,.F.);
#7174 = FACE_BOUND('',#7175,.F.);
#7175 = EDGE_LOOP('',(#7176));
#7176 = ORIENTED_EDGE('',*,*,#7116,.T.);
#7177 = ( GEOMETRIC_REPRESENTATION_CONTEXT(3) 
GLOBAL_UNCERTAINTY_ASSIGNED_CONTEXT((#7181)) 
GLOBAL_UNIT_ASSIGNED_CONTEXT((#7178,#7179,#7180)) REPRESENTATION_CONTEXT
('Context #1','3D Context with UNIT and UNCERTAINTY') );
#7178 = ( LENGTH_UNIT() NAMED_UNIT(*) SI_UNIT(.MILLI.,.METRE.) );
#7179 = ( NAMED_UNIT(*) PLANE_ANGLE_UNIT() SI_UNIT($,.RADIAN.) );
#7180 = ( NAMED_UNIT(*) SI_UNIT($,.STERADIAN.) SOLID_ANGLE_UNIT() );
#7181 = UNCERTAINTY_MEASURE_WITH_UNIT(LENGTH_MEASURE(1.E-07),#7178,
  'distance_accuracy_value','confusion accuracy');
#7182 = CONTEXT_DEPENDENT_SHAPE_REPRESENTATION(#7183,#7185);
#7183 = ( REPRESENTATION_RELATIONSHIP('','',#4950,#10) 
REPRESENTATION_RELATIONSHIP_WITH_TRANSFORMATION(#7184) 
SHAPE_REPRESENTATION_RELATIONSHIP() );
#7184 = ITEM_DEFINED_TRANSFORMATION('','',#11,#23);
#7185 = PRODUCT_DEFINITION_SHAPE('Placement','Placement of an item',
  #7186);
#7186 = NEXT_ASSEMBLY_USAGE_OCCURRENCE('3','post_bl','',#5,#4945,$);
#7187 = PRODUCT_RELATED_PRODUCT_CATEGORY('part',$,(#4947));
#7188 = SHAPE_DEFINITION_REPRESENTATION(#7189,#7195);
#7189 = PRODUCT_DEFINITION_SHAPE('','',#7190);
#7190 = PRODUCT_DEFINITION('design','',#7191,#7194);
#7191 = PRODUCT_DEFINITION_FORMATION('','',#7192);
#7192 = PRODUCT('post_br','post_br','',(#7193));
#7193 = PRODUCT_CONTEXT('',#2,'mechanical');
#7194 = PRODUCT_DEFINITION_CONTEXT('part definition',#2,'design');
#7195 = ADVANCED_BREP_SHAPE_REPRESENTATION('',(#11,#7196),#9406);
#7196 = MANIFOLD_SOLID_BREP('',#7197);
#7197 = CLOSED_SHELL('',(#7198,#7318,#7394,#7567,#7740,#7767,#7774,#7941
    ,#8108,#8275,#8442,#8519,#8596,#8673,#8750,#8850,#8950,#9050,#9150,
    #9206,#9262,#9318,#9374,#9378,#9382,#9386,#9390,#9394,#9398,#9402));
#7198 = ADVANCED_FACE('',(#7199),#7213,.F.);
#7199 = FACE_BOUND('',#7200,.F.);
#7200 = EDGE_LOOP('',(#7201,#7236,#7264,#7292));
#7201 = ORIENTED_EDGE('',*,*,#7202,.F.);
#7202 = EDGE_CURVE('',#7203,#7205,#7207,.T.);
#7203 = VERTEX_POINT('',#7204);
#7204 = CARTESIAN_POINT('',(940.,940.,-60.));
#7205 = VERTEX_POINT('',#7206);
#7206 = CARTESIAN_POINT('',(940.,980.,-60.));
#7207 = SURFACE_CURVE('',#7208,(#7212,#7224),.PCURVE_S1.);
#7208 = LINE('',#7209,#7210);
#7209 = CARTESIAN_POINT('',(940.,940.,-60.));
#7210 = VECTOR('',#7211,1.);
#7211 = DIRECTION('',(0.,1.,0.));
#7212 = PCURVE('',#7213,#7218);
#7213 = PLANE('',#7214);
#7214 = AXIS2_PLACEMENT_3D('',#7215,#7216,#7217);
#7215 = CARTESIAN_POINT('',(940.,940.,-60.));
#7216 = DIRECTION('',(0.,0.,1.));
#7217 = DIRECTION('',(0.,1.,0.));
#7218 = DEFINITIONAL_REPRESENTATION('',(#7219),#7223);
#7219 = LINE('',#7220,#7221);
#7220 = CARTESIAN_POINT('',(0.,0.));
#7221 = VECTOR('',#7222,1.);
#7222 = DIRECTION('',(1.,0.));
#7223 = ( GEOMETRIC_REPRESENTATION_CONTEXT(2) 
PARAMETRIC_REPRESENTATION_CONTEXT() REPRESENTATION_CONTEXT('2D SPACE',''
  ) );
#7224 = PCURVE('',#7225,#7230);
#7225 = PLANE('',#7226);
#7226 = AXIS2_PLACEMENT_3D('',#7227,#7228,#7229);
#7227 = CARTESIAN_POINT('',(940.,940.,-60.));
#7228 = DIRECTION('',(1.,0.,0.));
#7229 = DIRECTION('',(0.,1.,0.));
#7230 = DEFINITIONAL_REPRESENTATION('',(#7231),#7235);
#7231 = LINE('',#7232,#7233);
#7232 = CARTESIAN_POINT('',(0.,0.));
#7233 = VECTOR('',#7234,1.);
#7234 = DIRECTION('',(1.,0.));
#7235 = ( GEOMETRIC_REPRESENTATION_CONTEXT(2) 
PARAMETRIC_REPRESENTATION_CONTEXT() REPRESENTATION_CONTEXT('2D SPACE',''
  ) );
#7236 = ORIENTED_EDGE('',*,*,#7237,.T.);
#7237 = EDGE_CURVE('',#7203,#7238,#7240,.T.);
#7238 = VERTEX_POINT('',#7239);
#7239 = CARTESIAN_POINT('',(980.,940.,-60.));
#7240 = SURFACE_CURVE('',#7241,(#7245,#7252),.PCURVE_S1.);
#7241 = LINE('',#7242,#7243);
#7242 = CARTESIAN_POINT('',(940.,940.,-60.));
#7243 = VECTOR('',#7244,1.);
#7244 = DIRECTION('',(1.,0.,0.));
#7245 = PCURVE('',#7213,#7246);
#7246 = DEFINITIONAL_REPRESENTATION('',(#7247),#7251);
#7247 = LINE('',#7248,#7249);
#7248 = CARTESIAN_POINT('',(0.,0.));
#7249 = VECTOR('',#7250,1.);
#7250 = DIRECTION('',(0.,-1.));
#7251 = ( GEOMETRIC_REPRESENTATION_CONTEXT(2) 
PARAMETRIC_REPRESENTATION_CONTEXT() REPRESENTATION_CONTEXT('2D SPACE',''
  ) );
#7252 = PCURVE('',#7253,#7258);
#7253 = PLANE('',#7254);
#7254 = AXIS2_PLACEMENT_3D('',#7255,#7256,#7257);
#7255 = CARTESIAN_POINT('',(940.,940.,-60.));
#7256 = DIRECTION('',(0.,1.,0.));
#7257 = DIRECTION('',(0.,0.,1.));
#7258 = DEFINITIONAL_REPRESENTATION('',(#7259),#7263);
#7259 = LINE('',#7260,#7261);
#7260 = CARTESIAN_POINT('',(0.,0.));
#7261 = VECTOR('',#7262,1.);
#7262 = DIRECTION('',(0.,1.));
#7263 = ( GEOMETRIC_REPRESENTATION_CONTEXT(2) 
PARAMETRIC_REPRESENTATION_CONTEXT() REPRESENTATION_CONTEXT('2D SPACE',''
  ) );
#7264 = ORIENTED_EDGE('',*,*,#7265,.T.);
#7265 = EDGE_CURVE('',#7238,#7266,#7268,.T.);
#7266 = VERTEX_POINT('',#7267);
#7267 = CARTESIAN_POINT('',(980.,980.,-60.));
#7268 = SURFACE_CURVE('',#7269,(#7273,#7280),.PCURVE_S1.);
#7269 = LINE('',#7270,#7271);
#7270 = CARTESIAN_POINT('',(980.,940.,-60.));
#7271 = VECTOR('',#7272,1.);
#7272 = DIRECTION('',(0.,1.,0.));
#7273 = PCURVE('',#7213,#7274);
#7274 = DEFINITIONAL_REPRESENTATION('',(#7275),#7279);
#7275 = LINE('',#7276,#7277);
#7276 = CARTESIAN_POINT('',(0.,-40.));
#7277 = VECTOR('',#7278,1.);
#7278 = DIRECTION('',(1.,0.));
#7279 = ( GEOMETRIC_REPRESENTATION_CONTEXT(2) 
PARAMETRIC_REPRESENTATION_CONTEXT() REPRESENTATION_CONTEXT('2D SPACE',''
  ) );
#7280 = PCURVE('',#7281,#7286);
#7281 = PLANE('',#7282);
#7282 = AXIS2_PLACEMENT_3D('',#7283,#7284,#7285);
#7283 = CARTESIAN_POINT('',(980.,940.,-60.));
#7284 = DIRECTION('',(1.,0.,0.));
#7285 = DIRECTION('',(0.,1.,0.));
#7286 = DEFINITIONAL_REPRESENTATION('',(#7287),#7291);
#7287 = LINE('',#7288,#7289);
#7288 = CARTESIAN_POINT('',(0.,0.));
#7289 = VECTOR('',#7290,1.);
#7290 = DIRECTION('',(1.,0.));
#7291 = ( GEOMETRIC_REPRESENTATION_CONTEXT(2) 
PARAMETRIC_REPRESENTATION_CONTEXT() REPRESENTATION_CONTEXT('2D SPACE',''
  ) );
#7292 = ORIENTED_EDGE('',*,*,#7293,.F.);
#7293 = EDGE_CURVE('',#7205,#7266,#7294,.T.);
#7294 = SURFACE_CURVE('',#7295,(#7299,#7306),.PCURVE_S1.);
#7295 = LINE('',#7296,#7297);
#7296 = CARTESIAN_POINT('',(940.,980.,-60.));
#7297 = VECTOR('',#7298,1.);
#7298 = DIRECTION('',(1.,0.,0.));
#7299 = PCURVE('',#7213,#7300);
#7300 = DEFINITIONAL_REPRESENTATION('',(#7301),#7305);
#7301 = LINE('',#7302,#7303);
#7302 = CARTESIAN_POINT('',(40.,0.));
#7303 = VECTOR('',#7304,1.);
#7304 = DIRECTION('',(0.,-1.));
#7305 = ( GEOMETRIC_REPRESENTATION_CONTEXT(2) 
PARAMETRIC_REPRESENTATION_CONTEXT() REPRESENTATION_CONTEXT('2D SPACE',''
  ) );
#7306 = PCURVE('',#7307,#7312);
#7307 = PLANE('',#7308);
#7308 = AXIS2_PLACEMENT_3D('',#7309,#7310,#7311);
#7309 = CARTESIAN_POINT('',(940.,980.,-60.));
#7310 = DIRECTION('',(0.,1.,0.));
#7311 = DIRECTION('',(0.,0.,1.));
#7312 = DEFINITIONAL_REPRESENTATION('',(#7313),#7317);
#7313 = LINE('',#7314,#7315);
#7314 = CARTESIAN_POINT('',(0.,0.));
#7315 = VECTOR('',#7316,1.);
#7316 = DIRECTION('',(0.,1.));
#7317 = ( GEOMETRIC_REPRESENTATION_CONTEXT(2) 
PARAMETRIC_REPRESENTATION_CONTEXT() REPRESENTATION_CONTEXT('2D SPACE',''
  ) );
#7318 = ADVANCED_FACE('',(#7319),#7225,.F.);
#7319 = FACE_BOUND('',#7320,.F.);
#7320 = EDGE_LOOP('',(#7321,#7344,#7345,#7368));
#7321 = ORIENTED_EDGE('',*,*,#7322,.F.);
#7322 = EDGE_CURVE('',#7203,#7323,#7325,.T.);
#7323 = VERTEX_POINT('',#7324);
#7324 = CARTESIAN_POINT('',(940.,940.,290.));
#7325 = SURFACE_CURVE('',#7326,(#7330,#7337),.PCURVE_S1.);
#7326 = LINE('',#7327,#7328);
#7327 = CARTESIAN_POINT('',(940.,940.,-60.));
#7328 = VECTOR('',#7329,1.);
#7329 = DIRECTION('',(0.,0.,1.));
#7330 = PCURVE('',#7225,#7331);
#7331 = DEFINITIONAL_REPRESENTATION('',(#7332),#7336);
#7332 = LINE('',#7333,#7334);
#7333 = CARTESIAN_POINT('',(0.,0.));
#7334 = VECTOR('',#7335,1.);
#7335 = DIRECTION('',(0.,1.));
#7336 = ( GEOMETRIC_REPRESENTATION_CONTEXT(2) 
PARAMETRIC_REPRESENTATION_CONTEXT() REPRESENTATION_CONTEXT('2D SPACE',''
  ) );
#7337 = PCURVE('',#7253,#7338);
#7338 = DEFINITIONAL_REPRESENTATION('',(#7339),#7343);
#7339 = LINE('',#7340,#7341);
#7340 = CARTESIAN_POINT('',(0.,0.));
#7341 = VECTOR('',#7342,1.);
#7342 = DIRECTION('',(1.,0.));
#7343 = ( GEOMETRIC_REPRESENTATION_CONTEXT(2) 
PARAMETRIC_REPRESENTATION_CONTEXT() REPRESENTATION_CONTEXT('2D SPACE',''
  ) );
#7344 = ORIENTED_EDGE('',*,*,#7202,.T.);
#7345 = ORIENTED_EDGE('',*,*,#7346,.T.);
#7346 = EDGE_CURVE('',#7205,#7347,#7349,.T.);
#7347 = VERTEX_POINT('',#7348);
#7348 = CARTESIAN_POINT('',(940.,980.,290.));
#7349 = SURFACE_CURVE('',#7350,(#7354,#7361),.PCURVE_S1.);
#7350 = LINE('',#7351,#7352);
#7351 = CARTESIAN_POINT('',(940.,980.,-60.));
#7352 = VECTOR('',#7353,1.);
#7353 = DIRECTION('',(0.,0.,1.));
#7354 = PCURVE('',#7225,#7355);
#7355 = DEFINITIONAL_REPRESENTATION('',(#7356),#7360);
#7356 = LINE('',#7357,#7358);
#7357 = CARTESIAN_POINT('',(40.,0.));
#7358 = VECTOR('',#7359,1.);
#7359 = DIRECTION('',(0.,1.));
#7360 = ( GEOMETRIC_REPRESENTATION_CONTEXT(2) 
PARAMETRIC_REPRESENTATION_CONTEXT() REPRESENTATION_CONTEXT('2D SPACE',''
  ) );
#7361 = PCURVE('',#7307,#7362);
#7362 = DEFINITIONAL_REPRESENTATION('',(#7363),#7367);
#7363 = LINE('',#7364,#7365);
#7364 = CARTESIAN_POINT('',(0.,0.));
#7365 = VECTOR('',#7366,1.);
#7366 = DIRECTION('',(1.,0.));
#7367 = ( GEOMETRIC_REPRESENTATION_CONTEXT(2) 
PARAMETRIC_REPRESENTATION_CONTEXT() REPRESENTATION_CONTEXT('2D SPACE',''
  ) );
#7368 = ORIENTED_EDGE('',*,*,#7369,.F.);
#7369 = EDGE_CURVE('',#7323,#7347,#7370,.T.);
#7370 = SURFACE_CURVE('',#7371,(#7375,#7382),.PCURVE_S1.);
#7371 = LINE('',#7372,#7373);
#7372 = CARTESIAN_POINT('',(940.,940.,290.));
#7373 = VECTOR('',#7374,1.);
#7374 = DIRECTION('',(0.,1.,0.));
#7375 = PCURVE('',#7225,#7376);
#7376 = DEFINITIONAL_REPRESENTATION('',(#7377),#7381);
#7377 = LINE('',#7378,#7379);
#7378 = CARTESIAN_POINT('',(0.,350.));
#7379 = VECTOR('',#7380,1.);
#7380 = DIRECTION('',(1.,0.));
#7381 = ( GEOMETRIC_REPRESENTATION_CONTEXT(2) 
PARAMETRIC_REPRESENTATION_CONTEXT() REPRESENTATION_CONTEXT('2D SPACE',''
  ) );
#7382 = PCURVE('',#7383,#7388);
#7383 = PLANE('',#7384);
#7384 = AXIS2_PLACEMENT_3D('',#7385,#7386,#7387);
#7385 = CARTESIAN_POINT('',(940.,940.,290.));
#7386 = DIRECTION('',(0.,0.,1.));
#7387 = DIRECTION('',(0.,1.,0.));
#7388 = DEFINITIONAL_REPRESENTATION('',(#7389),#7393);
#7389 = LINE('',#7390,#7391);
#7390 = CARTESIAN_POINT('',(0.,0.));
#7391 = VECTOR('',#7392,1.);
#7392 = DIRECTION('',(1.,0.));
#7393 = ( GEOMETRIC_REPRESENTATION_CONTEXT(2) 
PARAMETRIC_REPRESENTATION_CONTEXT() REPRESENTATION_CONTEXT('2D SPACE',''
  ) );
#7394 = ADVANCED_FACE('',(#7395,#7443,#7474,#7505,#7536),#7307,.T.);
#7395 = FACE_BOUND('',#7396,.T.);
#7396 = EDGE_LOOP('',(#7397,#7398,#7399,#7422));
#7397 = ORIENTED_EDGE('',*,*,#7293,.F.);
#7398 = ORIENTED_EDGE('',*,*,#7346,.T.);
#7399 = ORIENTED_EDGE('',*,*,#7400,.T.);
#7400 = EDGE_CURVE('',#7347,#7401,#7403,.T.);
#7401 = VERTEX_POINT('',#7402);
#7402 = CARTESIAN_POINT('',(980.,980.,290.));
#7403 = SURFACE_CURVE('',#7404,(#7408,#7415),.PCURVE_S1.);
#7404 = LINE('',#7405,#7406);
#7405 = CARTESIAN_POINT('',(940.,980.,290.));
#7406 = VECTOR('',#7407,1.);
#7407 = DIRECTION('',(1.,0.,0.));
#7408 = PCURVE('',#7307,#7409);
#7409 = DEFINITIONAL_REPRESENTATION('',(#7410),#7414);
#7410 = LINE('',#7411,#7412);
#7411 = CARTESIAN_POINT('',(350.,0.));
#7412 = VECTOR('',#7413,1.);
#7413 = DIRECTION('',(0.,1.));
#7414 = ( GEOMETRIC_REPRESENTATION_CONTEXT(2) 
PARAMETRIC_REPRESENTATION_CONTEXT() REPRESENTATION_CONTEXT('2D SPACE',''
  ) );
#7415 = PCURVE('',#7383,#7416);
#7416 = DEFINITIONAL_REPRESENTATION('',(#7417),#7421);
#7417 = LINE('',#7418,#7419);
#7418 = CARTESIAN_POINT('',(40.,0.));
#7419 = VECTOR('',#7420,1.);
#7420 = DIRECTION('',(0.,-1.));
#7421 = ( GEOMETRIC_REPRESENTATION_CONTEXT(2) 
PARAMETRIC_REPRESENTATION_CONTEXT() REPRESENTATION_CONTEXT('2D SPACE',''
  ) );
#7422 = ORIENTED_EDGE('',*,*,#7423,.F.);
#7423 = EDGE_CURVE('',#7266,#7401,#7424,.T.);
#7424 = SURFACE_CURVE('',#7425,(#7429,#7436),.PCURVE_S1.);
#7425 = LINE('',#7426,#7427);
#7426 = CARTESIAN_POINT('',(980.,980.,-60.));
#7427 = VECTOR('',#7428,1.);
#7428 = DIRECTION('',(0.,0.,1.));
#7429 = PCURVE('',#7307,#7430);
#7430 = DEFINITIONAL_REPRESENTATION('',(#7431),#7435);
#7431 = LINE('',#7432,#7433);
#7432 = CARTESIAN_POINT('',(0.,40.));
#7433 = VECTOR('',#7434,1.);
#7434 = DIRECTION('',(1.,0.));
#7435 = ( GEOMETRIC_REPRESENTATION_CONTEXT(2) 
PARAMETRIC_REPRESENTATION_CONTEXT() REPRESENTATION_CONTEXT('2D SPACE',''
  ) );
#7436 = PCURVE('',#7281,#7437);
#7437 = DEFINITIONAL_REPRESENTATION('',(#7438),#7442);
#7438 = LINE('',#7439,#7440);
#7439 = CARTESIAN_POINT('',(40.,0.));
#7440 = VECTOR('',#7441,1.);
#7441 = DIRECTION('',(0.,1.));
#7442 = ( GEOMETRIC_REPRESENTATION_CONTEXT(2) 
PARAMETRIC_REPRESENTATION_CONTEXT() REPRESENTATION_CONTEXT('2D SPACE',''
  ) );
#7443 = FACE_BOUND('',#7444,.T.);
#7444 = EDGE_LOOP('',(#7445));
#7445 = ORIENTED_EDGE('',*,*,#7446,.F.);
#7446 = EDGE_CURVE('',#7447,#7447,#7449,.T.);
#7447 = VERTEX_POINT('',#7448);
#7448 = CARTESIAN_POINT('',(960.,980.,26.25));
#7449 = SURFACE_CURVE('',#7450,(#7455,#7462),.PCURVE_S1.);
#7450 = CIRCLE('',#7451,1.25);
#7451 = AXIS2_PLACEMENT_3D('',#7452,#7453,#7454);
#7452 = CARTESIAN_POINT('',(960.,980.,25.));
#7453 = DIRECTION('',(-0.,1.,0.));
#7454 = DIRECTION('',(0.,0.,1.));
#7455 = PCURVE('',#7307,#7456);
#7456 = DEFINITIONAL_REPRESENTATION('',(#7457),#7461);
#7457 = CIRCLE('',#7458,1.25);
#7458 = AXIS2_PLACEMENT_2D('',#7459,#7460);
#7459 = CARTESIAN_POINT('',(85.,20.));
#7460 = DIRECTION('',(1.,0.));
#7461 = ( GEOMETRIC_REPRESENTATION_CONTEXT(2) 
PARAMETRIC_REPRESENTATION_CONTEXT() REPRESENTATION_CONTEXT('2D SPACE',''
  ) );
#7462 = PCURVE('',#7463,#7468);
#7463 = CYLINDRICAL_SURFACE('',#7464,1.25);
#7464 = AXIS2_PLACEMENT_3D('',#7465,#7466,#7467);
#7465 = CARTESIAN_POINT('',(960.,980.05,25.));
#7466 = DIRECTION('',(-0.,1.,-0.));
#7467 = DIRECTION('',(0.,0.,1.));
#7468 = DEFINITIONAL_REPRESENTATION('',(#7469),#7473);
#7469 = LINE('',#7470,#7471);
#7470 = CARTESIAN_POINT('',(-6.28318530718,-4.999999999995E-02));
#7471 = VECTOR('',#7472,1.);
#7472 = DIRECTION('',(1.,-0.));
#7473 = ( GEOMETRIC_REPRESENTATION_CONTEXT(2) 
PARAMETRIC_REPRESENTATION_CONTEXT() REPRESENTATION_CONTEXT('2D SPACE',''
  ) );
#7474 = FACE_BOUND('',#7475,.T.);
#7475 = EDGE_LOOP('',(#7476));
#7476 = ORIENTED_EDGE('',*,*,#7477,.F.);
#7477 = EDGE_CURVE('',#7478,#7478,#7480,.T.);
#7478 = VERTEX_POINT('',#7479);
#7479 = CARTESIAN_POINT('',(960.,980.,121.25));
#7480 = SURFACE_CURVE('',#7481,(#7486,#7493),.PCURVE_S1.);
#7481 = CIRCLE('',#7482,1.25);
#7482 = AXIS2_PLACEMENT_3D('',#7483,#7484,#7485);
#7483 = CARTESIAN_POINT('',(960.,980.,120.));
#7484 = DIRECTION('',(-0.,1.,0.));
#7485 = DIRECTION('',(0.,0.,1.));
#7486 = PCURVE('',#7307,#7487);
#7487 = DEFINITIONAL_REPRESENTATION('',(#7488),#7492);
#7488 = CIRCLE('',#7489,1.25);
#7489 = AXIS2_PLACEMENT_2D('',#7490,#7491);
#7490 = CARTESIAN_POINT('',(180.,20.));
#7491 = DIRECTION('',(1.,0.));
#7492 = ( GEOMETRIC_REPRESENTATION_CONTEXT(2) 
PARAMETRIC_REPRESENTATION_CONTEXT() REPRESENTATION_CONTEXT('2D SPACE',''
  ) );
#7493 = PCURVE('',#7494,#7499);
#7494 = CYLINDRICAL_SURFACE('',#7495,1.25);
#7495 = AXIS2_PLACEMENT_3D('',#7496,#7497,#7498);
#7496 = CARTESIAN_POINT('',(960.,980.05,120.));
#7497 = DIRECTION('',(-0.,1.,-0.));
#7498 = DIRECTION('',(0.,0.,1.));
#7499 = DEFINITIONAL_REPRESENTATION('',(#7500),#7504);
#7500 = LINE('',#7501,#7502);
#7501 = CARTESIAN_POINT('',(-6.28318530718,-4.999999999995E-02));
#7502 = VECTOR('',#7503,1.);
#7503 = DIRECTION('',(1.,-0.));
#7504 = ( GEOMETRIC_REPRESENTATION_CONTEXT(2) 
PARAMETRIC_REPRESENTATION_CONTEXT() REPRESENTATION_CONTEXT('2D SPACE',''
  ) );
#7505 = FACE_BOUND('',#7506,.T.);
#7506 = EDGE_LOOP('',(#7507));
#7507 = ORIENTED_EDGE('',*,*,#7508,.F.);
#7508 = EDGE_CURVE('',#7509,#7509,#7511,.T.);
#7509 = VERTEX_POINT('',#7510);
#7510 = CARTESIAN_POINT('',(960.,980.,171.25));
#7511 = SURFACE_CURVE('',#7512,(#7517,#7524),.PCURVE_S1.);
#7512 = CIRCLE('',#7513,1.25);
#7513 = AXIS2_PLACEMENT_3D('',#7514,#7515,#7516);
#7514 = CARTESIAN_POINT('',(960.,980.,170.));
#7515 = DIRECTION('',(-0.,1.,0.));
#7516 = DIRECTION('',(0.,0.,1.));
#7517 = PCURVE('',#7307,#7518);
#7518 = DEFINITIONAL_REPRESENTATION('',(#7519),#7523);
#7519 = CIRCLE('',#7520,1.25);
#7520 = AXIS2_PLACEMENT_2D('',#7521,#7522);
#7521 = CARTESIAN_POINT('',(230.,20.));
#7522 = DIRECTION('',(1.,0.));
#7523 = ( GEOMETRIC_REPRESENTATION_CONTEXT(2) 
PARAMETRIC_REPRESENTATION_CONTEXT() REPRESENTATION_CONTEXT('2D SPACE',''
  ) );
#7524 = PCURVE('',#7525,#7530);
#7525 = CYLINDRICAL_SURFACE('',#7526,1.25);
#7526 = AXIS2_PLACEMENT_3D('',#7527,#7528,#7529);
#7527 = CARTESIAN_POINT('',(960.,980.05,170.));
#7528 = DIRECTION('',(-0.,1.,-0.));
#7529 = DIRECTION('',(0.,0.,1.));
#7530 = DEFINITIONAL_REPRESENTATION('',(#7531),#7535);
#7531 = LINE('',#7532,#7533);
#7532 = CARTESIAN_POINT('',(-6.28318530718,-4.999999999995E-02));
#7533 = VECTOR('',#7534,1.);
#7534 = DIRECTION('',(1.,-0.));
#7535 = ( GEOMETRIC_REPRESENTATION_CONTEXT(2) 
PARAMETRIC_REPRESENTATION_CONTEXT() REPRESENTATION_CONTEXT('2D SPACE',''
  ) );
#7536 = FACE_BOUND('',#7537,.T.);
#7537 = EDGE_LOOP('',(#7538));
#7538 = ORIENTED_EDGE('',*,*,#7539,.F.);
#7539 = EDGE_CURVE('',#7540,#7540,#7542,.T.);
#7540 = VERTEX_POINT('',#7541);
#7541 = CARTESIAN_POINT('',(960.,980.,266.25));
#7542 = SURFACE_CURVE('',#7543,(#7548,#7555),.PCURVE_S1.);
#7543 = CIRCLE('',#7544,1.25);
#7544 = AXIS2_PLACEMENT_3D('',#7545,#7546,#7547);
#7545 = CARTESIAN_POINT('',(960.,980.,265.));
#7546 = DIRECTION('',(-0.,1.,0.));
#7547 = DIRECTION('',(0.,0.,1.));
#7548 = PCURVE('',#7307,#7549);
#7549 = DEFINITIONAL_REPRESENTATION('',(#7550),#7554);
#7550 = CIRCLE('',#7551,1.25);
#7551 = AXIS2_PLACEMENT_2D('',#7552,#7553);
#7552 = CARTESIAN_POINT('',(325.,20.));
#7553 = DIRECTION('',(1.,0.));
#7554 = ( GEOMETRIC_REPRESENTATION_CONTEXT(2) 
PARAMETRIC_REPRESENTATION_CONTEXT() REPRESENTATION_CONTEXT('2D SPACE',''
  ) );
#7555 = PCURVE('',#7556,#7561);
#7556 = CYLINDRICAL_SURFACE('',#7557,1.25);
#7557 = AXIS2_PLACEMENT_3D('',#7558,#7559,#7560);
#7558 = CARTESIAN_POINT('',(960.,980.05,265.));
#7559 = DIRECTION('',(-0.,1.,-0.));
#7560 = DIRECTION('',(0.,0.,1.));
#7561 = DEFINITIONAL_REPRESENTATION('',(#7562),#7566);
#7562 = LINE('',#7563,#7564);
#7563 = CARTESIAN_POINT('',(-6.28318530718,-4.999999999995E-02));
#7564 = VECTOR('',#7565,1.);
#7565 = DIRECTION('',(1.,-0.));
#7566 = ( GEOMETRIC_REPRESENTATION_CONTEXT(2) 
PARAMETRIC_REPRESENTATION_CONTEXT() REPRESENTATION_CONTEXT('2D SPACE',''
  ) );
#7567 = ADVANCED_FACE('',(#7568,#7616,#7647,#7678,#7709),#7281,.T.);
#7568 = FACE_BOUND('',#7569,.T.);
#7569 = EDGE_LOOP('',(#7570,#7593,#7594,#7595));
#7570 = ORIENTED_EDGE('',*,*,#7571,.F.);
#7571 = EDGE_CURVE('',#7238,#7572,#7574,.T.);
#7572 = VERTEX_POINT('',#7573);
#7573 = CARTESIAN_POINT('',(980.,940.,290.));
#7574 = SURFACE_CURVE('',#7575,(#7579,#7586),.PCURVE_S1.);
#7575 = LINE('',#7576,#7577);
#7576 = CARTESIAN_POINT('',(980.,940.,-60.));
#7577 = VECTOR('',#7578,1.);
#7578 = DIRECTION('',(0.,0.,1.));
#7579 = PCURVE('',#7281,#7580);
#7580 = DEFINITIONAL_REPRESENTATION('',(#7581),#7585);
#7581 = LINE('',#7582,#7583);
#7582 = CARTESIAN_POINT('',(0.,0.));
#7583 = VECTOR('',#7584,1.);
#7584 = DIRECTION('',(0.,1.));
#7585 = ( GEOMETRIC_REPRESENTATION_CONTEXT(2) 
PARAMETRIC_REPRESENTATION_CONTEXT() REPRESENTATION_CONTEXT('2D SPACE',''
  ) );
#7586 = PCURVE('',#7253,#7587);
#7587 = DEFINITIONAL_REPRESENTATION('',(#7588),#7592);
#7588 = LINE('',#7589,#7590);
#7589 = CARTESIAN_POINT('',(0.,40.));
#7590 = VECTOR('',#7591,1.);
#7591 = DIRECTION('',(1.,0.));
#7592 = ( GEOMETRIC_REPRESENTATION_CONTEXT(2) 
PARAMETRIC_REPRESENTATION_CONTEXT() REPRESENTATION_CONTEXT('2D SPACE',''
  ) );
#7593 = ORIENTED_EDGE('',*,*,#7265,.T.);
#7594 = ORIENTED_EDGE('',*,*,#7423,.T.);
#7595 = ORIENTED_EDGE('',*,*,#7596,.F.);
#7596 = EDGE_CURVE('',#7572,#7401,#7597,.T.);
#7597 = SURFACE_CURVE('',#7598,(#7602,#7609),.PCURVE_S1.);
#7598 = LINE('',#7599,#7600);
#7599 = CARTESIAN_POINT('',(980.,940.,290.));
#7600 = VECTOR('',#7601,1.);
#7601 = DIRECTION('',(0.,1.,0.));
#7602 = PCURVE('',#7281,#7603);
#7603 = DEFINITIONAL_REPRESENTATION('',(#7604),#7608);
#7604 = LINE('',#7605,#7606);
#7605 = CARTESIAN_POINT('',(0.,350.));
#7606 = VECTOR('',#7607,1.);
#7607 = DIRECTION('',(1.,0.));
#7608 = ( GEOMETRIC_REPRESENTATION_CONTEXT(2) 
PARAMETRIC_REPRESENTATION_CONTEXT() REPRESENTATION_CONTEXT('2D SPACE',''
  ) );
#7609 = PCURVE('',#7383,#7610);
#7610 = DEFINITIONAL_REPRESENTATION('',(#7611),#7615);
#7611 = LINE('',#7612,#7613);
#7612 = CARTESIAN_POINT('',(0.,-40.));
#7613 = VECTOR('',#7614,1.);
#7614 = DIRECTION('',(1.,0.));
#7615 = ( GEOMETRIC_REPRESENTATION_CONTEXT(2) 
PARAMETRIC_REPRESENTATION_CONTEXT() REPRESENTATION_CONTEXT('2D SPACE',''
  ) );
#7616 = FACE_BOUND('',#7617,.T.);
#7617 = EDGE_LOOP('',(#7618));
#7618 = ORIENTED_EDGE('',*,*,#7619,.F.);
#7619 = EDGE_CURVE('',#7620,#7620,#7622,.T.);
#7620 = VERTEX_POINT('',#7621);
#7621 = CARTESIAN_POINT('',(980.,961.25,25.));
#7622 = SURFACE_CURVE('',#7623,(#7628,#7635),.PCURVE_S1.);
#7623 = CIRCLE('',#7624,1.25);
#7624 = AXIS2_PLACEMENT_3D('',#7625,#7626,#7627);
#7625 = CARTESIAN_POINT('',(980.,960.,25.));
#7626 = DIRECTION('',(1.,0.,-0.));
#7627 = DIRECTION('',(0.,1.,0.));
#7628 = PCURVE('',#7281,#7629);
#7629 = DEFINITIONAL_REPRESENTATION('',(#7630),#7634);
#7630 = CIRCLE('',#7631,1.25);
#7631 = AXIS2_PLACEMENT_2D('',#7632,#7633);
#7632 = CARTESIAN_POINT('',(20.,85.));
#7633 = DIRECTION('',(1.,0.));
#7634 = ( GEOMETRIC_REPRESENTATION_CONTEXT(2) 
PARAMETRIC_REPRESENTATION_CONTEXT() REPRESENTATION_CONTEXT('2D SPACE',''
  ) );
#7635 = PCURVE('',#7636,#7641);
#7636 = CYLINDRICAL_SURFACE('',#7637,1.25);
#7637 = AXIS2_PLACEMENT_3D('',#7638,#7639,#7640);
#7638 = CARTESIAN_POINT('',(980.05,960.,25.));
#7639 = DIRECTION('',(1.,-0.,-0.));
#7640 = DIRECTION('',(0.,1.,0.));
#7641 = DEFINITIONAL_REPRESENTATION('',(#7642),#7646);
#7642 = LINE('',#7643,#7644);
#7643 = CARTESIAN_POINT('',(-6.28318530718,-4.999999999995E-02));
#7644 = VECTOR('',#7645,1.);
#7645 = DIRECTION('',(1.,-0.));
#7646 = ( GEOMETRIC_REPRESENTATION_CONTEXT(2) 
PARAMETRIC_REPRESENTATION_CONTEXT() REPRESENTATION_CONTEXT('2D SPACE',''
  ) );
#7647 = FACE_BOUND('',#7648,.T.);
#7648 = EDGE_LOOP('',(#7649));
#7649 = ORIENTED_EDGE('',*,*,#7650,.F.);
#7650 = EDGE_CURVE('',#7651,#7651,#7653,.T.);
#7651 = VERTEX_POINT('',#7652);
#7652 = CARTESIAN_POINT('',(980.,961.25,120.));
#7653 = SURFACE_CURVE('',#7654,(#7659,#7666),.PCURVE_S1.);
#7654 = CIRCLE('',#7655,1.25);
#7655 = AXIS2_PLACEMENT_3D('',#7656,#7657,#7658);
#7656 = CARTESIAN_POINT('',(980.,960.,120.));
#7657 = DIRECTION('',(1.,0.,-0.));
#7658 = DIRECTION('',(0.,1.,0.));
#7659 = PCURVE('',#7281,#7660);
#7660 = DEFINITIONAL_REPRESENTATION('',(#7661),#7665);
#7661 = CIRCLE('',#7662,1.25);
#7662 = AXIS2_PLACEMENT_2D('',#7663,#7664);
#7663 = CARTESIAN_POINT('',(20.,180.));
#7664 = DIRECTION('',(1.,0.));
#7665 = ( GEOMETRIC_REPRESENTATION_CONTEXT(2) 
PARAMETRIC_REPRESENTATION_CONTEXT() REPRESENTATION_CONTEXT('2D SPACE',''
  ) );
#7666 = PCURVE('',#7667,#7672);
#7667 = CYLINDRICAL_SURFACE('',#7668,1.25);
#7668 = AXIS2_PLACEMENT_3D('',#7669,#7670,#7671);
#7669 = CARTESIAN_POINT('',(980.05,960.,120.));
#7670 = DIRECTION('',(1.,-0.,-0.));
#7671 = DIRECTION('',(0.,1.,0.));
#7672 = DEFINITIONAL_REPRESENTATION('',(#7673),#7677);
#7673 = LINE('',#7674,#7675);
#7674 = CARTESIAN_POINT('',(-6.28318530718,-4.999999999995E-02));
#7675 = VECTOR('',#7676,1.);
#7676 = DIRECTION('',(1.,-0.));
#7677 = ( GEOMETRIC_REPRESENTATION_CONTEXT(2) 
PARAMETRIC_REPRESENTATION_CONTEXT() REPRESENTATION_CONTEXT('2D SPACE',''
  ) );
#7678 = FACE_BOUND('',#7679,.T.);
#7679 = EDGE_LOOP('',(#7680));
#7680 = ORIENTED_EDGE('',*,*,#7681,.F.);
#7681 = EDGE_CURVE('',#7682,#7682,#7684,.T.);
#7682 = VERTEX_POINT('',#7683);
#7683 = CARTESIAN_POINT('',(980.,961.25,170.));
#7684 = SURFACE_CURVE('',#7685,(#7690,#7697),.PCURVE_S1.);
#7685 = CIRCLE('',#7686,1.25);
#7686 = AXIS2_PLACEMENT_3D('',#7687,#7688,#7689);
#7687 = CARTESIAN_POINT('',(980.,960.,170.));
#7688 = DIRECTION('',(1.,0.,-0.));
#7689 = DIRECTION('',(0.,1.,0.));
#7690 = PCURVE('',#7281,#7691);
#7691 = DEFINITIONAL_REPRESENTATION('',(#7692),#7696);
#7692 = CIRCLE('',#7693,1.25);
#7693 = AXIS2_PLACEMENT_2D('',#7694,#7695);
#7694 = CARTESIAN_POINT('',(20.,230.));
#7695 = DIRECTION('',(1.,0.));
#7696 = ( GEOMETRIC_REPRESENTATION_CONTEXT(2) 
PARAMETRIC_REPRESENTATION_CONTEXT() REPRESENTATION_CONTEXT('2D SPACE',''
  ) );
#7697 = PCURVE('',#7698,#7703);
#7698 = CYLINDRICAL_SURFACE('',#7699,1.25);
#7699 = AXIS2_PLACEMENT_3D('',#7700,#7701,#7702);
#7700 = CARTESIAN_POINT('',(980.05,960.,170.));
#7701 = DIRECTION('',(1.,-0.,-0.));
#7702 = DIRECTION('',(0.,1.,0.));
#7703 = DEFINITIONAL_REPRESENTATION('',(#7704),#7708);
#7704 = LINE('',#7705,#7706);
#7705 = CARTESIAN_POINT('',(-6.28318530718,-4.999999999995E-02));
#7706 = VECTOR('',#7707,1.);
#7707 = DIRECTION('',(1.,-0.));
#7708 = ( GEOMETRIC_REPRESENTATION_CONTEXT(2) 
PARAMETRIC_REPRESENTATION_CONTEXT() REPRESENTATION_CONTEXT('2D SPACE',''
  ) );
#7709 = FACE_BOUND('',#7710,.T.);
#7710 = EDGE_LOOP('',(#7711));
#7711 = ORIENTED_EDGE('',*,*,#7712,.F.);
#7712 = EDGE_CURVE('',#7713,#7713,#7715,.T.);
#7713 = VERTEX_POINT('',#7714);
#7714 = CARTESIAN_POINT('',(980.,961.25,265.));
#7715 = SURFACE_CURVE('',#7716,(#7721,#7728),.PCURVE_S1.);
#7716 = CIRCLE('',#7717,1.25);
#7717 = AXIS2_PLACEMENT_3D('',#7718,#7719,#7720);
#7718 = CARTESIAN_POINT('',(980.,960.,265.));
#7719 = DIRECTION('',(1.,0.,-0.));
#7720 = DIRECTION('',(0.,1.,0.));
#7721 = PCURVE('',#7281,#7722);
#7722 = DEFINITIONAL_REPRESENTATION('',(#7723),#7727);
#7723 = CIRCLE('',#7724,1.25);
#7724 = AXIS2_PLACEMENT_2D('',#7725,#7726);
#7725 = CARTESIAN_POINT('',(20.,325.));
#7726 = DIRECTION('',(1.,0.));
#7727 = ( GEOMETRIC_REPRESENTATION_CONTEXT(2) 
PARAMETRIC_REPRESENTATION_CONTEXT() REPRESENTATION_CONTEXT('2D SPACE',''
  ) );
#7728 = PCURVE('',#7729,#7734);
#7729 = CYLINDRICAL_SURFACE('',#7730,1.25);
#7730 = AXIS2_PLACEMENT_3D('',#7731,#7732,#7733);
#7731 = CARTESIAN_POINT('',(980.05,960.,265.));
#7732 = DIRECTION('',(1.,-0.,-0.));
#7733 = DIRECTION('',(0.,1.,0.));
#7734 = DEFINITIONAL_REPRESENTATION('',(#7735),#7739);
#7735 = LINE('',#7736,#7737);
#7736 = CARTESIAN_POINT('',(-6.28318530718,-4.999999999995E-02));
#7737 = VECTOR('',#7738,1.);
#7738 = DIRECTION('',(1.,-0.));
#7739 = ( GEOMETRIC_REPRESENTATION_CONTEXT(2) 
PARAMETRIC_REPRESENTATION_CONTEXT() REPRESENTATION_CONTEXT('2D SPACE',''
  ) );
#7740 = ADVANCED_FACE('',(#7741),#7253,.F.);
#7741 = FACE_BOUND('',#7742,.F.);
#7742 = EDGE_LOOP('',(#7743,#7744,#7745,#7766));
#7743 = ORIENTED_EDGE('',*,*,#7237,.F.);
#7744 = ORIENTED_EDGE('',*,*,#7322,.T.);
#7745 = ORIENTED_EDGE('',*,*,#7746,.T.);
#7746 = EDGE_CURVE('',#7323,#7572,#7747,.T.);
#7747 = SURFACE_CURVE('',#7748,(#7752,#7759),.PCURVE_S1.);
#7748 = LINE('',#7749,#7750);
#7749 = CARTESIAN_POINT('',(940.,940.,290.));
#7750 = VECTOR('',#7751,1.);
#7751 = DIRECTION('',(1.,0.,0.));
#7752 = PCURVE('',#7253,#7753);
#7753 = DEFINITIONAL_REPRESENTATION('',(#7754),#7758);
#7754 = LINE('',#7755,#7756);
#7755 = CARTESIAN_POINT('',(350.,0.));
#7756 = VECTOR('',#7757,1.);
#7757 = DIRECTION('',(0.,1.));
#7758 = ( GEOMETRIC_REPRESENTATION_CONTEXT(2) 
PARAMETRIC_REPRESENTATION_CONTEXT() REPRESENTATION_CONTEXT('2D SPACE',''
  ) );
#7759 = PCURVE('',#7383,#7760);
#7760 = DEFINITIONAL_REPRESENTATION('',(#7761),#7765);
#7761 = LINE('',#7762,#7763);
#7762 = CARTESIAN_POINT('',(0.,0.));
#7763 = VECTOR('',#7764,1.);
#7764 = DIRECTION('',(0.,-1.));
#7765 = ( GEOMETRIC_REPRESENTATION_CONTEXT(2) 
PARAMETRIC_REPRESENTATION_CONTEXT() REPRESENTATION_CONTEXT('2D SPACE',''
  ) );
#7766 = ORIENTED_EDGE('',*,*,#7571,.F.);
#7767 = ADVANCED_FACE('',(#7768),#7383,.T.);
#7768 = FACE_BOUND('',#7769,.T.);
#7769 = EDGE_LOOP('',(#7770,#7771,#7772,#7773));
#7770 = ORIENTED_EDGE('',*,*,#7369,.F.);
#7771 = ORIENTED_EDGE('',*,*,#7746,.T.);
#7772 = ORIENTED_EDGE('',*,*,#7596,.T.);
#7773 = ORIENTED_EDGE('',*,*,#7400,.F.);
#7774 = ADVANCED_FACE('',(#7775),#7463,.F.);
#7775 = FACE_BOUND('',#7776,.T.);
#7776 = EDGE_LOOP('',(#7777,#7800,#7801,#7802,#7841,#7875,#7909));
#7777 = ORIENTED_EDGE('',*,*,#7778,.F.);
#7778 = EDGE_CURVE('',#7447,#7779,#7781,.T.);
#7779 = VERTEX_POINT('',#7780);
#7780 = CARTESIAN_POINT('',(960.,960.,26.25));
#7781 = SEAM_CURVE('',#7782,(#7786,#7793),.PCURVE_S1.);
#7782 = LINE('',#7783,#7784);
#7783 = CARTESIAN_POINT('',(960.,980.05,26.25));
#7784 = VECTOR('',#7785,1.);
#7785 = DIRECTION('',(0.,-1.,0.));
#7786 = PCURVE('',#7463,#7787);
#7787 = DEFINITIONAL_REPRESENTATION('',(#7788),#7792);
#7788 = LINE('',#7789,#7790);
#7789 = CARTESIAN_POINT('',(-6.28318530718,0.));
#7790 = VECTOR('',#7791,1.);
#7791 = DIRECTION('',(-0.,-1.));
#7792 = ( GEOMETRIC_REPRESENTATION_CONTEXT(2) 
PARAMETRIC_REPRESENTATION_CONTEXT() REPRESENTATION_CONTEXT('2D SPACE',''
  ) );
#7793 = PCURVE('',#7463,#7794);
#7794 = DEFINITIONAL_REPRESENTATION('',(#7795),#7799);
#7795 = LINE('',#7796,#7797);
#7796 = CARTESIAN_POINT('',(-0.,0.));
#7797 = VECTOR('',#7798,1.);
#7798 = DIRECTION('',(-0.,-1.));
#7799 = ( GEOMETRIC_REPRESENTATION_CONTEXT(2) 
PARAMETRIC_REPRESENTATION_CONTEXT() REPRESENTATION_CONTEXT('2D SPACE',''
  ) );
#7800 = ORIENTED_EDGE('',*,*,#7446,.T.);
#7801 = ORIENTED_EDGE('',*,*,#7778,.T.);
#7802 = ORIENTED_EDGE('',*,*,#7803,.F.);
#7803 = EDGE_CURVE('',#7804,#7779,#7806,.T.);
#7804 = VERTEX_POINT('',#7805);
#7805 = CARTESIAN_POINT('',(958.74999999997,961.25,25.));
#7806 = SURFACE_CURVE('',#7807,(#7812,#7824),.PCURVE_S1.);
#7807 = ELLIPSE('',#7808,1.767766952966,1.25);
#7808 = AXIS2_PLACEMENT_3D('',#7809,#7810,#7811);
#7809 = CARTESIAN_POINT('',(960.,960.,25.));
#7810 = DIRECTION('',(0.707106781187,0.707106781187,-0.));
#7811 = DIRECTION('',(-0.707106781187,0.707106781187,0.));
#7812 = PCURVE('',#7463,#7813);
#7813 = DEFINITIONAL_REPRESENTATION('',(#7814),#7823);
#7814 = B_SPLINE_CURVE_WITH_KNOTS('',7,(#7815,#7816,#7817,#7818,#7819,
    #7820,#7821,#7822),.UNSPECIFIED.,.F.,.F.,(8,8),(0.,1.570796326795),
  .PIECEWISE_BEZIER_KNOTS.);
#7815 = CARTESIAN_POINT('',(-1.570796326795,-18.8));
#7816 = CARTESIAN_POINT('',(-1.346396851538,-18.8));
#7817 = CARTESIAN_POINT('',(-1.121997376282,-18.87343584076));
#7818 = CARTESIAN_POINT('',(-0.897597901025,-19.02029686922));
#7819 = CARTESIAN_POINT('',(-0.67319842577,-19.23156646777));
#7820 = CARTESIAN_POINT('',(-0.448798950513,-19.48900245085));
#7821 = CARTESIAN_POINT('',(-0.224399475256,-19.76950065592));
#7822 = CARTESIAN_POINT('',(0.,-20.05));
#7823 = ( GEOMETRIC_REPRESENTATION_CONTEXT(2) 
PARAMETRIC_REPRESENTATION_CONTEXT() REPRESENTATION_CONTEXT('2D SPACE',''
  ) );
#7824 = PCURVE('',#7825,#7830);
#7825 = CYLINDRICAL_SURFACE('',#7826,1.25);
#7826 = AXIS2_PLACEMENT_3D('',#7827,#7828,#7829);
#7827 = CARTESIAN_POINT('',(980.05,960.,25.));
#7828 = DIRECTION('',(1.,-0.,-0.));
#7829 = DIRECTION('',(0.,1.,0.));
#7830 = DEFINITIONAL_REPRESENTATION('',(#7831),#7840);
#7831 = B_SPLINE_CURVE_WITH_KNOTS('',7,(#7832,#7833,#7834,#7835,#7836,
    #7837,#7838,#7839),.UNSPECIFIED.,.F.,.F.,(8,8),(0.,1.570796326795),
  .PIECEWISE_BEZIER_KNOTS.);
#7832 = CARTESIAN_POINT('',(-6.28318530718,-21.3));
#7833 = CARTESIAN_POINT('',(-6.058785831923,-21.3));
#7834 = CARTESIAN_POINT('',(-5.834386356667,-21.22656415923));
#7835 = CARTESIAN_POINT('',(-5.60998688141,-21.07970313078));
#7836 = CARTESIAN_POINT('',(-5.385587406155,-20.86843353221));
#7837 = CARTESIAN_POINT('',(-5.161187930897,-20.61099754914));
#7838 = CARTESIAN_POINT('',(-4.936788455641,-20.33049934407));
#7839 = CARTESIAN_POINT('',(-4.712388980385,-20.05));
#7840 = ( GEOMETRIC_REPRESENTATION_CONTEXT(2) 
PARAMETRIC_REPRESENTATION_CONTEXT() REPRESENTATION_CONTEXT('2D SPACE',''
  ) );
#7841 = ORIENTED_EDGE('',*,*,#7842,.F.);
#7842 = EDGE_CURVE('',#7843,#7804,#7845,.T.);
#7843 = VERTEX_POINT('',#7844);
#7844 = CARTESIAN_POINT('',(960.,960.,23.75));
#7845 = SURFACE_CURVE('',#7846,(#7851,#7863),.PCURVE_S1.);
#7846 = ELLIPSE('',#7847,1.767766952966,1.25);
#7847 = AXIS2_PLACEMENT_3D('',#7848,#7849,#7850);
#7848 = CARTESIAN_POINT('',(960.,960.,25.));
#7849 = DIRECTION('',(0.707106781187,0.707106781187,-0.));
#7850 = DIRECTION('',(-0.707106781187,0.707106781187,0.));
#7851 = PCURVE('',#7463,#7852);
#7852 = DEFINITIONAL_REPRESENTATION('',(#7853),#7862);
#7853 = B_SPLINE_CURVE_WITH_KNOTS('',7,(#7854,#7855,#7856,#7857,#7858,
    #7859,#7860,#7861),.UNSPECIFIED.,.F.,.F.,(8,8),(4.712388980385,
    6.28318530718),.PIECEWISE_BEZIER_KNOTS.);
#7854 = CARTESIAN_POINT('',(-3.14159265359,-20.05));
#7855 = CARTESIAN_POINT('',(-2.917193178333,-19.76950065592));
#7856 = CARTESIAN_POINT('',(-2.692793703077,-19.48900245085));
#7857 = CARTESIAN_POINT('',(-2.468394227821,-19.23156646777));
#7858 = CARTESIAN_POINT('',(-2.243994752563,-19.02029686922));
#7859 = CARTESIAN_POINT('',(-2.019595277308,-18.87343584076));
#7860 = CARTESIAN_POINT('',(-1.795195802051,-18.8));
#7861 = CARTESIAN_POINT('',(-1.570796326795,-18.8));
#7862 = ( GEOMETRIC_REPRESENTATION_CONTEXT(2) 
PARAMETRIC_REPRESENTATION_CONTEXT() REPRESENTATION_CONTEXT('2D SPACE',''
  ) );
#7863 = PCURVE('',#7825,#7864);
#7864 = DEFINITIONAL_REPRESENTATION('',(#7865),#7874);
#7865 = B_SPLINE_CURVE_WITH_KNOTS('',7,(#7866,#7867,#7868,#7869,#7870,
    #7871,#7872,#7873),.UNSPECIFIED.,.F.,.F.,(8,8),(4.712388980385,
    6.28318530718),.PIECEWISE_BEZIER_KNOTS.);
#7866 = CARTESIAN_POINT('',(-1.570796326795,-20.05));
#7867 = CARTESIAN_POINT('',(-1.346396851538,-20.33049934407));
#7868 = CARTESIAN_POINT('',(-1.121997376282,-20.61099754914));
#7869 = CARTESIAN_POINT('',(-0.897597901025,-20.86843353223));
#7870 = CARTESIAN_POINT('',(-0.67319842577,-21.07970313077));
#7871 = CARTESIAN_POINT('',(-0.448798950513,-21.22656415924));
#7872 = CARTESIAN_POINT('',(-0.224399475256,-21.3));
#7873 = CARTESIAN_POINT('',(0.,-21.3));
#7874 = ( GEOMETRIC_REPRESENTATION_CONTEXT(2) 
PARAMETRIC_REPRESENTATION_CONTEXT() REPRESENTATION_CONTEXT('2D SPACE',''
  ) );
#7875 = ORIENTED_EDGE('',*,*,#7876,.F.);
#7876 = EDGE_CURVE('',#7877,#7843,#7879,.T.);
#7877 = VERTEX_POINT('',#7878);
#7878 = CARTESIAN_POINT('',(961.25000000002,961.25,25.));
#7879 = SURFACE_CURVE('',#7880,(#7885,#7897),.PCURVE_S1.);
#7880 = ELLIPSE('',#7881,1.767766952966,1.25);
#7881 = AXIS2_PLACEMENT_3D('',#7882,#7883,#7884);
#7882 = CARTESIAN_POINT('',(960.,960.,25.));
#7883 = DIRECTION('',(-0.707106781187,0.707106781187,0.));
#7884 = DIRECTION('',(0.707106781187,0.707106781187,-0.));
#7885 = PCURVE('',#7463,#7886);
#7886 = DEFINITIONAL_REPRESENTATION('',(#7887),#7896);
#7887 = B_SPLINE_CURVE_WITH_KNOTS('',7,(#7888,#7889,#7890,#7891,#7892,
    #7893,#7894,#7895),.UNSPECIFIED.,.F.,.F.,(8,8),(0.,1.570796326795),
  .PIECEWISE_BEZIER_KNOTS.);
#7888 = CARTESIAN_POINT('',(-4.712388980385,-18.8));
#7889 = CARTESIAN_POINT('',(-4.487989505128,-18.8));
#7890 = CARTESIAN_POINT('',(-4.263590029872,-18.87343584076));
#7891 = CARTESIAN_POINT('',(-4.039190554615,-19.02029686922));
#7892 = CARTESIAN_POINT('',(-3.81479107936,-19.23156646777));
#7893 = CARTESIAN_POINT('',(-3.590391604103,-19.48900245085));
#7894 = CARTESIAN_POINT('',(-3.365992128846,-19.76950065592));
#7895 = CARTESIAN_POINT('',(-3.14159265359,-20.05));
#7896 = ( GEOMETRIC_REPRESENTATION_CONTEXT(2) 
PARAMETRIC_REPRESENTATION_CONTEXT() REPRESENTATION_CONTEXT('2D SPACE',''
  ) );
#7897 = PCURVE('',#7636,#7898);
#7898 = DEFINITIONAL_REPRESENTATION('',(#7899),#7908);
#7899 = B_SPLINE_CURVE_WITH_KNOTS('',7,(#7900,#7901,#7902,#7903,#7904,
    #7905,#7906,#7907),.UNSPECIFIED.,.F.,.F.,(8,8),(0.,1.570796326795),
  .PIECEWISE_BEZIER_KNOTS.);
#7900 = CARTESIAN_POINT('',(0.,-18.8));
#7901 = CARTESIAN_POINT('',(-0.224399475256,-18.8));
#7902 = CARTESIAN_POINT('',(-0.448798950513,-18.87343584076));
#7903 = CARTESIAN_POINT('',(-0.67319842577,-19.02029686922));
#7904 = CARTESIAN_POINT('',(-0.897597901025,-19.23156646777));
#7905 = CARTESIAN_POINT('',(-1.121997376282,-19.48900245085));
#7906 = CARTESIAN_POINT('',(-1.346396851538,-19.76950065592));
#7907 = CARTESIAN_POINT('',(-1.570796326795,-20.05));
#7908 = ( GEOMETRIC_REPRESENTATION_CONTEXT(2) 
PARAMETRIC_REPRESENTATION_CONTEXT() REPRESENTATION_CONTEXT('2D SPACE',''
  ) );
#7909 = ORIENTED_EDGE('',*,*,#7910,.F.);
#7910 = EDGE_CURVE('',#7779,#7877,#7911,.T.);
#7911 = SURFACE_CURVE('',#7912,(#7917,#7929),.PCURVE_S1.);
#7912 = ELLIPSE('',#7913,1.767766952966,1.25);
#7913 = AXIS2_PLACEMENT_3D('',#7914,#7915,#7916);
#7914 = CARTESIAN_POINT('',(960.,960.,25.));
#7915 = DIRECTION('',(-0.707106781187,0.707106781187,0.));
#7916 = DIRECTION('',(0.707106781187,0.707106781187,-0.));
#7917 = PCURVE('',#7463,#7918);
#7918 = DEFINITIONAL_REPRESENTATION('',(#7919),#7928);
#7919 = B_SPLINE_CURVE_WITH_KNOTS('',7,(#7920,#7921,#7922,#7923,#7924,
    #7925,#7926,#7927),.UNSPECIFIED.,.F.,.F.,(8,8),(4.712388980385,
    6.28318530718),.PIECEWISE_BEZIER_KNOTS.);
#7920 = CARTESIAN_POINT('',(-6.28318530718,-20.05));
#7921 = CARTESIAN_POINT('',(-6.058785831923,-19.76950065592));
#7922 = CARTESIAN_POINT('',(-5.834386356667,-19.48900245085));
#7923 = CARTESIAN_POINT('',(-5.60998688141,-19.23156646777));
#7924 = CARTESIAN_POINT('',(-5.385587406154,-19.02029686922));
#7925 = CARTESIAN_POINT('',(-5.161187930897,-18.87343584076));
#7926 = CARTESIAN_POINT('',(-4.936788455641,-18.8));
#7927 = CARTESIAN_POINT('',(-4.712388980385,-18.8));
#7928 = ( GEOMETRIC_REPRESENTATION_CONTEXT(2) 
PARAMETRIC_REPRESENTATION_CONTEXT() REPRESENTATION_CONTEXT('2D SPACE',''
  ) );
#7929 = PCURVE('',#7636,#7930);
#7930 = DEFINITIONAL_REPRESENTATION('',(#7931),#7940);
#7931 = B_SPLINE_CURVE_WITH_KNOTS('',7,(#7932,#7933,#7934,#7935,#7936,
    #7937,#7938,#7939),.UNSPECIFIED.,.F.,.F.,(8,8),(4.712388980385,
    6.28318530718),.PIECEWISE_BEZIER_KNOTS.);
#7932 = CARTESIAN_POINT('',(-4.712388980385,-20.05));
#7933 = CARTESIAN_POINT('',(-4.936788455641,-19.76950065592));
#7934 = CARTESIAN_POINT('',(-5.161187930897,-19.48900245085));
#7935 = CARTESIAN_POINT('',(-5.385587406154,-19.23156646777));
#7936 = CARTESIAN_POINT('',(-5.60998688141,-19.02029686922));
#7937 = CARTESIAN_POINT('',(-5.834386356667,-18.87343584076));
#7938 = CARTESIAN_POINT('',(-6.058785831923,-18.8));
#7939 = CARTESIAN_POINT('',(-6.28318530718,-18.8));
#7940 = ( GEOMETRIC_REPRESENTATION_CONTEXT(2) 
PARAMETRIC_REPRESENTATION_CONTEXT() REPRESENTATION_CONTEXT('2D SPACE',''
  ) );
#7941 = ADVANCED_FACE('',(#7942),#7494,.F.);
#7942 = FACE_BOUND('',#7943,.T.);
#7943 = EDGE_LOOP('',(#7944,#7967,#7968,#7969,#8008,#8042,#8076));
#7944 = ORIENTED_EDGE('',*,*,#7945,.F.);
#7945 = EDGE_CURVE('',#7478,#7946,#7948,.T.);
#7946 = VERTEX_POINT('',#7947);
#7947 = CARTESIAN_POINT('',(960.,960.,121.25));
#7948 = SEAM_CURVE('',#7949,(#7953,#7960),.PCURVE_S1.);
#7949 = LINE('',#7950,#7951);
#7950 = CARTESIAN_POINT('',(960.,980.05,121.25));
#7951 = VECTOR('',#7952,1.);
#7952 = DIRECTION('',(0.,-1.,0.));
#7953 = PCURVE('',#7494,#7954);
#7954 = DEFINITIONAL_REPRESENTATION('',(#7955),#7959);
#7955 = LINE('',#7956,#7957);
#7956 = CARTESIAN_POINT('',(-6.28318530718,0.));
#7957 = VECTOR('',#7958,1.);
#7958 = DIRECTION('',(-0.,-1.));
#7959 = ( GEOMETRIC_REPRESENTATION_CONTEXT(2) 
PARAMETRIC_REPRESENTATION_CONTEXT() REPRESENTATION_CONTEXT('2D SPACE',''
  ) );
#7960 = PCURVE('',#7494,#7961);
#7961 = DEFINITIONAL_REPRESENTATION('',(#7962),#7966);
#7962 = LINE('',#7963,#7964);
#7963 = CARTESIAN_POINT('',(-0.,0.));
#7964 = VECTOR('',#7965,1.);
#7965 = DIRECTION('',(-0.,-1.));
#7966 = ( GEOMETRIC_REPRESENTATION_CONTEXT(2) 
PARAMETRIC_REPRESENTATION_CONTEXT() REPRESENTATION_CONTEXT('2D SPACE',''
  ) );
#7967 = ORIENTED_EDGE('',*,*,#7477,.T.);
#7968 = ORIENTED_EDGE('',*,*,#7945,.T.);
#7969 = ORIENTED_EDGE('',*,*,#7970,.F.);
#7970 = EDGE_CURVE('',#7971,#7946,#7973,.T.);
#7971 = VERTEX_POINT('',#7972);
#7972 = CARTESIAN_POINT('',(958.74999999997,961.25,120.));
#7973 = SURFACE_CURVE('',#7974,(#7979,#7991),.PCURVE_S1.);
#7974 = ELLIPSE('',#7975,1.767766952966,1.25);
#7975 = AXIS2_PLACEMENT_3D('',#7976,#7977,#7978);
#7976 = CARTESIAN_POINT('',(960.,960.,120.));
#7977 = DIRECTION('',(0.707106781187,0.707106781187,-0.));
#7978 = DIRECTION('',(-0.707106781187,0.707106781187,0.));
#7979 = PCURVE('',#7494,#7980);
#7980 = DEFINITIONAL_REPRESENTATION('',(#7981),#7990);
#7981 = B_SPLINE_CURVE_WITH_KNOTS('',7,(#7982,#7983,#7984,#7985,#7986,
    #7987,#7988,#7989),.UNSPECIFIED.,.F.,.F.,(8,8),(0.,1.570796326795),
  .PIECEWISE_BEZIER_KNOTS.);
#7982 = CARTESIAN_POINT('',(-1.570796326795,-18.8));
#7983 = CARTESIAN_POINT('',(-1.346396851538,-18.8));
#7984 = CARTESIAN_POINT('',(-1.121997376282,-18.87343584076));
#7985 = CARTESIAN_POINT('',(-0.897597901026,-19.02029686922));
#7986 = CARTESIAN_POINT('',(-0.673198425769,-19.23156646777));
#7987 = CARTESIAN_POINT('',(-0.448798950513,-19.48900245085));
#7988 = CARTESIAN_POINT('',(-0.224399475256,-19.76950065592));
#7989 = CARTESIAN_POINT('',(0.,-20.05));
#7990 = ( GEOMETRIC_REPRESENTATION_CONTEXT(2) 
PARAMETRIC_REPRESENTATION_CONTEXT() REPRESENTATION_CONTEXT('2D SPACE',''
  ) );
#7991 = PCURVE('',#7992,#7997);
#7992 = CYLINDRICAL_SURFACE('',#7993,1.25);
#7993 = AXIS2_PLACEMENT_3D('',#7994,#7995,#7996);
#7994 = CARTESIAN_POINT('',(980.05,960.,120.));
#7995 = DIRECTION('',(1.,-0.,-0.));
#7996 = DIRECTION('',(0.,1.,0.));
#7997 = DEFINITIONAL_REPRESENTATION('',(#7998),#8007);
#7998 = B_SPLINE_CURVE_WITH_KNOTS('',7,(#7999,#8000,#8001,#8002,#8003,
    #8004,#8005,#8006),.UNSPECIFIED.,.F.,.F.,(8,8),(0.,1.570796326795),
  .PIECEWISE_BEZIER_KNOTS.);
#7999 = CARTESIAN_POINT('',(-6.28318530718,-21.3));
#8000 = CARTESIAN_POINT('',(-6.058785831923,-21.3));
#8001 = CARTESIAN_POINT('',(-5.834386356667,-21.22656415923));
#8002 = CARTESIAN_POINT('',(-5.60998688141,-21.07970313078));
#8003 = CARTESIAN_POINT('',(-5.385587406155,-20.86843353221));
#8004 = CARTESIAN_POINT('',(-5.161187930897,-20.61099754914));
#8005 = CARTESIAN_POINT('',(-4.936788455641,-20.33049934407));
#8006 = CARTESIAN_POINT('',(-4.712388980385,-20.05));
#8007 = ( GEOMETRIC_REPRESENTATION_CONTEXT(2) 
PARAMETRIC_REPRESENTATION_CONTEXT() REPRESENTATION_CONTEXT('2D SPACE',''
  ) );
#8008 = ORIENTED_EDGE('',*,*,#8009,.F.);
#8009 = EDGE_CURVE('',#8010,#7971,#8012,.T.);
#8010 = VERTEX_POINT('',#8011);
#8011 = CARTESIAN_POINT('',(960.,960.,118.75));
#8012 = SURFACE_CURVE('',#8013,(#8018,#8030),.PCURVE_S1.);
#8013 = ELLIPSE('',#8014,1.767766952966,1.25);
#8014 = AXIS2_PLACEMENT_3D('',#8015,#8016,#8017);
#8015 = CARTESIAN_POINT('',(960.,960.,120.));
#8016 = DIRECTION('',(0.707106781187,0.707106781187,-0.));
#8017 = DIRECTION('',(-0.707106781187,0.707106781187,0.));
#8018 = PCURVE('',#7494,#8019);
#8019 = DEFINITIONAL_REPRESENTATION('',(#8020),#8029);
#8020 = B_SPLINE_CURVE_WITH_KNOTS('',7,(#8021,#8022,#8023,#8024,#8025,
    #8026,#8027,#8028),.UNSPECIFIED.,.F.,.F.,(8,8),(4.712388980385,
    6.28318530718),.PIECEWISE_BEZIER_KNOTS.);
#8021 = CARTESIAN_POINT('',(-3.14159265359,-20.05));
#8022 = CARTESIAN_POINT('',(-2.917193178333,-19.76950065592));
#8023 = CARTESIAN_POINT('',(-2.692793703077,-19.48900245085));
#8024 = CARTESIAN_POINT('',(-2.46839422782,-19.23156646777));
#8025 = CARTESIAN_POINT('',(-2.243994752565,-19.02029686922));
#8026 = CARTESIAN_POINT('',(-2.019595277308,-18.87343584076));
#8027 = CARTESIAN_POINT('',(-1.795195802051,-18.8));
#8028 = CARTESIAN_POINT('',(-1.570796326795,-18.8));
#8029 = ( GEOMETRIC_REPRESENTATION_CONTEXT(2) 
PARAMETRIC_REPRESENTATION_CONTEXT() REPRESENTATION_CONTEXT('2D SPACE',''
  ) );
#8030 = PCURVE('',#7992,#8031);
#8031 = DEFINITIONAL_REPRESENTATION('',(#8032),#8041);
#8032 = B_SPLINE_CURVE_WITH_KNOTS('',7,(#8033,#8034,#8035,#8036,#8037,
    #8038,#8039,#8040),.UNSPECIFIED.,.F.,.F.,(8,8),(4.712388980385,
    6.28318530718),.PIECEWISE_BEZIER_KNOTS.);
#8033 = CARTESIAN_POINT('',(-1.570796326795,-20.05));
#8034 = CARTESIAN_POINT('',(-1.346396851538,-20.33049934407));
#8035 = CARTESIAN_POINT('',(-1.121997376282,-20.61099754914));
#8036 = CARTESIAN_POINT('',(-0.897597901025,-20.86843353223));
#8037 = CARTESIAN_POINT('',(-0.67319842577,-21.07970313077));
#8038 = CARTESIAN_POINT('',(-0.448798950513,-21.22656415924));
#8039 = CARTESIAN_POINT('',(-0.224399475256,-21.3));
#8040 = CARTESIAN_POINT('',(0.,-21.3));
#8041 = ( GEOMETRIC_REPRESENTATION_CONTEXT(2) 
PARAMETRIC_REPRESENTATION_CONTEXT() REPRESENTATION_CONTEXT('2D SPACE',''
  ) );
#8042 = ORIENTED_EDGE('',*,*,#8043,.F.);
#8043 = EDGE_CURVE('',#8044,#8010,#8046,.T.);
#8044 = VERTEX_POINT('',#8045);
#8045 = CARTESIAN_POINT('',(961.25000000002,961.25,120.));
#8046 = SURFACE_CURVE('',#8047,(#8052,#8064),.PCURVE_S1.);
#8047 = ELLIPSE('',#8048,1.767766952966,1.25);
#8048 = AXIS2_PLACEMENT_3D('',#8049,#8050,#8051);
#8049 = CARTESIAN_POINT('',(960.,960.,120.));
#8050 = DIRECTION('',(-0.707106781187,0.707106781187,0.));
#8051 = DIRECTION('',(0.707106781187,0.707106781187,-0.));
#8052 = PCURVE('',#7494,#8053);
#8053 = DEFINITIONAL_REPRESENTATION('',(#8054),#8063);
#8054 = B_SPLINE_CURVE_WITH_KNOTS('',7,(#8055,#8056,#8057,#8058,#8059,
    #8060,#8061,#8062),.UNSPECIFIED.,.F.,.F.,(8,8),(0.,1.570796326795),
  .PIECEWISE_BEZIER_KNOTS.);
#8055 = CARTESIAN_POINT('',(-4.712388980385,-18.8));
#8056 = CARTESIAN_POINT('',(-4.487989505128,-18.8));
#8057 = CARTESIAN_POINT('',(-4.263590029871,-18.87343584076));
#8058 = CARTESIAN_POINT('',(-4.039190554618,-19.02029686922));
#8059 = CARTESIAN_POINT('',(-3.814791079358,-19.23156646777));
#8060 = CARTESIAN_POINT('',(-3.590391604103,-19.48900245085));
#8061 = CARTESIAN_POINT('',(-3.365992128846,-19.76950065592));
#8062 = CARTESIAN_POINT('',(-3.14159265359,-20.05));
#8063 = ( GEOMETRIC_REPRESENTATION_CONTEXT(2) 
PARAMETRIC_REPRESENTATION_CONTEXT() REPRESENTATION_CONTEXT('2D SPACE',''
  ) );
#8064 = PCURVE('',#7667,#8065);
#8065 = DEFINITIONAL_REPRESENTATION('',(#8066),#8075);
#8066 = B_SPLINE_CURVE_WITH_KNOTS('',7,(#8067,#8068,#8069,#8070,#8071,
    #8072,#8073,#8074),.UNSPECIFIED.,.F.,.F.,(8,8),(0.,1.570796326795),
  .PIECEWISE_BEZIER_KNOTS.);
#8067 = CARTESIAN_POINT('',(0.,-18.8));
#8068 = CARTESIAN_POINT('',(-0.224399475256,-18.8));
#8069 = CARTESIAN_POINT('',(-0.448798950513,-18.87343584076));
#8070 = CARTESIAN_POINT('',(-0.67319842577,-19.02029686922));
#8071 = CARTESIAN_POINT('',(-0.897597901026,-19.23156646777));
#8072 = CARTESIAN_POINT('',(-1.121997376282,-19.48900245085));
#8073 = CARTESIAN_POINT('',(-1.346396851538,-19.76950065592));
#8074 = CARTESIAN_POINT('',(-1.570796326795,-20.05));
#8075 = ( GEOMETRIC_REPRESENTATION_CONTEXT(2) 
PARAMETRIC_REPRESENTATION_CONTEXT() REPRESENTATION_CONTEXT('2D SPACE',''
  ) );
#8076 = ORIENTED_EDGE('',*,*,#8077,.F.);
#8077 = EDGE_CURVE('',#7946,#8044,#8078,.T.);
#8078 = SURFACE_CURVE('',#8079,(#8084,#8096),.PCURVE_S1.);
#8079 = ELLIPSE('',#8080,1.767766952966,1.25);
#8080 = AXIS2_PLACEMENT_3D('',#8081,#8082,#8083);
#8081 = CARTESIAN_POINT('',(960.,960.,120.));
#8082 = DIRECTION('',(-0.707106781187,0.707106781187,0.));
#8083 = DIRECTION('',(0.707106781187,0.707106781187,-0.));
#8084 = PCURVE('',#7494,#8085);
#8085 = DEFINITIONAL_REPRESENTATION('',(#8086),#8095);
#8086 = B_SPLINE_CURVE_WITH_KNOTS('',7,(#8087,#8088,#8089,#8090,#8091,
    #8092,#8093,#8094),.UNSPECIFIED.,.F.,.F.,(8,8),(4.712388980385,
    6.28318530718),.PIECEWISE_BEZIER_KNOTS.);
#8087 = CARTESIAN_POINT('',(-6.28318530718,-20.05));
#8088 = CARTESIAN_POINT('',(-6.058785831923,-19.76950065592));
#8089 = CARTESIAN_POINT('',(-5.834386356667,-19.48900245085));
#8090 = CARTESIAN_POINT('',(-5.60998688141,-19.23156646777));
#8091 = CARTESIAN_POINT('',(-5.385587406154,-19.02029686922));
#8092 = CARTESIAN_POINT('',(-5.161187930898,-18.87343584076));
#8093 = CARTESIAN_POINT('',(-4.936788455641,-18.8));
#8094 = CARTESIAN_POINT('',(-4.712388980385,-18.8));
#8095 = ( GEOMETRIC_REPRESENTATION_CONTEXT(2) 
PARAMETRIC_REPRESENTATION_CONTEXT() REPRESENTATION_CONTEXT('2D SPACE',''
  ) );
#8096 = PCURVE('',#7667,#8097);
#8097 = DEFINITIONAL_REPRESENTATION('',(#8098),#8107);
#8098 = B_SPLINE_CURVE_WITH_KNOTS('',7,(#8099,#8100,#8101,#8102,#8103,
    #8104,#8105,#8106),.UNSPECIFIED.,.F.,.F.,(8,8),(4.712388980385,
    6.28318530718),.PIECEWISE_BEZIER_KNOTS.);
#8099 = CARTESIAN_POINT('',(-4.712388980385,-20.05));
#8100 = CARTESIAN_POINT('',(-4.936788455641,-19.76950065592));
#8101 = CARTESIAN_POINT('',(-5.161187930898,-19.48900245085));
#8102 = CARTESIAN_POINT('',(-5.385587406154,-19.23156646777));
#8103 = CARTESIAN_POINT('',(-5.60998688141,-19.02029686922));
#8104 = CARTESIAN_POINT('',(-5.834386356667,-18.87343584076));
#8105 = CARTESIAN_POINT('',(-6.058785831923,-18.8));
#8106 = CARTESIAN_POINT('',(-6.28318530718,-18.8));
#8107 = ( GEOMETRIC_REPRESENTATION_CONTEXT(2) 
PARAMETRIC_REPRESENTATION_CONTEXT() REPRESENTATION_CONTEXT('2D SPACE',''
  ) );
#8108 = ADVANCED_FACE('',(#8109),#7525,.F.);
#8109 = FACE_BOUND('',#8110,.T.);
#8110 = EDGE_LOOP('',(#8111,#8134,#8135,#8136,#8175,#8209,#8243));
#8111 = ORIENTED_EDGE('',*,*,#8112,.F.);
#8112 = EDGE_CURVE('',#7509,#8113,#8115,.T.);
#8113 = VERTEX_POINT('',#8114);
#8114 = CARTESIAN_POINT('',(960.,960.,171.25));
#8115 = SEAM_CURVE('',#8116,(#8120,#8127),.PCURVE_S1.);
#8116 = LINE('',#8117,#8118);
#8117 = CARTESIAN_POINT('',(960.,980.05,171.25));
#8118 = VECTOR('',#8119,1.);
#8119 = DIRECTION('',(0.,-1.,0.));
#8120 = PCURVE('',#7525,#8121);
#8121 = DEFINITIONAL_REPRESENTATION('',(#8122),#8126);
#8122 = LINE('',#8123,#8124);
#8123 = CARTESIAN_POINT('',(-6.28318530718,0.));
#8124 = VECTOR('',#8125,1.);
#8125 = DIRECTION('',(-0.,-1.));
#8126 = ( GEOMETRIC_REPRESENTATION_CONTEXT(2) 
PARAMETRIC_REPRESENTATION_CONTEXT() REPRESENTATION_CONTEXT('2D SPACE',''
  ) );
#8127 = PCURVE('',#7525,#8128);
#8128 = DEFINITIONAL_REPRESENTATION('',(#8129),#8133);
#8129 = LINE('',#8130,#8131);
#8130 = CARTESIAN_POINT('',(-0.,0.));
#8131 = VECTOR('',#8132,1.);
#8132 = DIRECTION('',(-0.,-1.));
#8133 = ( GEOMETRIC_REPRESENTATION_CONTEXT(2) 
PARAMETRIC_REPRESENTATION_CONTEXT() REPRESENTATION_CONTEXT('2D SPACE',''
  ) );
#8134 = ORIENTED_EDGE('',*,*,#7508,.T.);
#8135 = ORIENTED_EDGE('',*,*,#8112,.T.);
#8136 = ORIENTED_EDGE('',*,*,#8137,.F.);
#8137 = EDGE_CURVE('',#8138,#8113,#8140,.T.);
#8138 = VERTEX_POINT('',#8139);
#8139 = CARTESIAN_POINT('',(958.74999999997,961.25,170.));
#8140 = SURFACE_CURVE('',#8141,(#8146,#8158),.PCURVE_S1.);
#8141 = ELLIPSE('',#8142,1.767766952966,1.25);
#8142 = AXIS2_PLACEMENT_3D('',#8143,#8144,#8145);
#8143 = CARTESIAN_POINT('',(960.,960.,170.));
#8144 = DIRECTION('',(0.707106781187,0.707106781187,-0.));
#8145 = DIRECTION('',(-0.707106781187,0.707106781187,0.));
#8146 = PCURVE('',#7525,#8147);
#8147 = DEFINITIONAL_REPRESENTATION('',(#8148),#8157);
#8148 = B_SPLINE_CURVE_WITH_KNOTS('',7,(#8149,#8150,#8151,#8152,#8153,
    #8154,#8155,#8156),.UNSPECIFIED.,.F.,.F.,(8,8),(0.,1.570796326795),
  .PIECEWISE_BEZIER_KNOTS.);
#8149 = CARTESIAN_POINT('',(-1.570796326795,-18.8));
#8150 = CARTESIAN_POINT('',(-1.346396851538,-18.8));
#8151 = CARTESIAN_POINT('',(-1.121997376282,-18.87343584076));
#8152 = CARTESIAN_POINT('',(-0.897597901025,-19.02029686922));
#8153 = CARTESIAN_POINT('',(-0.67319842577,-19.23156646777));
#8154 = CARTESIAN_POINT('',(-0.448798950513,-19.48900245085));
#8155 = CARTESIAN_POINT('',(-0.224399475256,-19.76950065592));
#8156 = CARTESIAN_POINT('',(0.,-20.05));
#8157 = ( GEOMETRIC_REPRESENTATION_CONTEXT(2) 
PARAMETRIC_REPRESENTATION_CONTEXT() REPRESENTATION_CONTEXT('2D SPACE',''
  ) );
#8158 = PCURVE('',#8159,#8164);
#8159 = CYLINDRICAL_SURFACE('',#8160,1.25);
#8160 = AXIS2_PLACEMENT_3D('',#8161,#8162,#8163);
#8161 = CARTESIAN_POINT('',(980.05,960.,170.));
#8162 = DIRECTION('',(1.,-0.,-0.));
#8163 = DIRECTION('',(0.,1.,0.));
#8164 = DEFINITIONAL_REPRESENTATION('',(#8165),#8174);
#8165 = B_SPLINE_CURVE_WITH_KNOTS('',7,(#8166,#8167,#8168,#8169,#8170,
    #8171,#8172,#8173),.UNSPECIFIED.,.F.,.F.,(8,8),(0.,1.570796326795),
  .PIECEWISE_BEZIER_KNOTS.);
#8166 = CARTESIAN_POINT('',(-6.28318530718,-21.3));
#8167 = CARTESIAN_POINT('',(-6.058785831923,-21.3));
#8168 = CARTESIAN_POINT('',(-5.834386356667,-21.22656415923));
#8169 = CARTESIAN_POINT('',(-5.609986881409,-21.07970313078));
#8170 = CARTESIAN_POINT('',(-5.385587406155,-20.86843353221));
#8171 = CARTESIAN_POINT('',(-5.161187930897,-20.61099754914));
#8172 = CARTESIAN_POINT('',(-4.936788455641,-20.33049934407));
#8173 = CARTESIAN_POINT('',(-4.712388980385,-20.05));
#8174 = ( GEOMETRIC_REPRESENTATION_CONTEXT(2) 
PARAMETRIC_REPRESENTATION_CONTEXT() REPRESENTATION_CONTEXT('2D SPACE',''
  ) );
#8175 = ORIENTED_EDGE('',*,*,#8176,.F.);
#8176 = EDGE_CURVE('',#8177,#8138,#8179,.T.);
#8177 = VERTEX_POINT('',#8178);
#8178 = CARTESIAN_POINT('',(960.,960.,168.75));
#8179 = SURFACE_CURVE('',#8180,(#8185,#8197),.PCURVE_S1.);
#8180 = ELLIPSE('',#8181,1.767766952966,1.25);
#8181 = AXIS2_PLACEMENT_3D('',#8182,#8183,#8184);
#8182 = CARTESIAN_POINT('',(960.,960.,170.));
#8183 = DIRECTION('',(0.707106781187,0.707106781187,-0.));
#8184 = DIRECTION('',(-0.707106781187,0.707106781187,0.));
#8185 = PCURVE('',#7525,#8186);
#8186 = DEFINITIONAL_REPRESENTATION('',(#8187),#8196);
#8187 = B_SPLINE_CURVE_WITH_KNOTS('',7,(#8188,#8189,#8190,#8191,#8192,
    #8193,#8194,#8195),.UNSPECIFIED.,.F.,.F.,(8,8),(4.712388980385,
    6.28318530718),.PIECEWISE_BEZIER_KNOTS.);
#8188 = CARTESIAN_POINT('',(-3.14159265359,-20.05));
#8189 = CARTESIAN_POINT('',(-2.917193178333,-19.76950065592));
#8190 = CARTESIAN_POINT('',(-2.692793703077,-19.48900245085));
#8191 = CARTESIAN_POINT('',(-2.46839422782,-19.23156646777));
#8192 = CARTESIAN_POINT('',(-2.243994752565,-19.02029686922));
#8193 = CARTESIAN_POINT('',(-2.019595277308,-18.87343584076));
#8194 = CARTESIAN_POINT('',(-1.795195802051,-18.8));
#8195 = CARTESIAN_POINT('',(-1.570796326795,-18.8));
#8196 = ( GEOMETRIC_REPRESENTATION_CONTEXT(2) 
PARAMETRIC_REPRESENTATION_CONTEXT() REPRESENTATION_CONTEXT('2D SPACE',''
  ) );
#8197 = PCURVE('',#8159,#8198);
#8198 = DEFINITIONAL_REPRESENTATION('',(#8199),#8208);
#8199 = B_SPLINE_CURVE_WITH_KNOTS('',7,(#8200,#8201,#8202,#8203,#8204,
    #8205,#8206,#8207),.UNSPECIFIED.,.F.,.F.,(8,8),(4.712388980385,
    6.28318530718),.PIECEWISE_BEZIER_KNOTS.);
#8200 = CARTESIAN_POINT('',(-1.570796326795,-20.05));
#8201 = CARTESIAN_POINT('',(-1.346396851538,-20.33049934407));
#8202 = CARTESIAN_POINT('',(-1.121997376282,-20.61099754914));
#8203 = CARTESIAN_POINT('',(-0.897597901025,-20.86843353223));
#8204 = CARTESIAN_POINT('',(-0.67319842577,-21.07970313077));
#8205 = CARTESIAN_POINT('',(-0.448798950513,-21.22656415924));
#8206 = CARTESIAN_POINT('',(-0.224399475256,-21.3));
#8207 = CARTESIAN_POINT('',(0.,-21.3));
#8208 = ( GEOMETRIC_REPRESENTATION_CONTEXT(2) 
PARAMETRIC_REPRESENTATION_CONTEXT() REPRESENTATION_CONTEXT('2D SPACE',''
  ) );
#8209 = ORIENTED_EDGE('',*,*,#8210,.F.);
#8210 = EDGE_CURVE('',#8211,#8177,#8213,.T.);
#8211 = VERTEX_POINT('',#8212);
#8212 = CARTESIAN_POINT('',(961.25000000002,961.25,170.));
#8213 = SURFACE_CURVE('',#8214,(#8219,#8231),.PCURVE_S1.);
#8214 = ELLIPSE('',#8215,1.767766952966,1.25);
#8215 = AXIS2_PLACEMENT_3D('',#8216,#8217,#8218);
#8216 = CARTESIAN_POINT('',(960.,960.,170.));
#8217 = DIRECTION('',(-0.707106781187,0.707106781187,0.));
#8218 = DIRECTION('',(0.707106781187,0.707106781187,-0.));
#8219 = PCURVE('',#7525,#8220);
#8220 = DEFINITIONAL_REPRESENTATION('',(#8221),#8230);
#8221 = B_SPLINE_CURVE_WITH_KNOTS('',7,(#8222,#8223,#8224,#8225,#8226,
    #8227,#8228,#8229),.UNSPECIFIED.,.F.,.F.,(8,8),(0.,1.570796326795),
  .PIECEWISE_BEZIER_KNOTS.);
#8222 = CARTESIAN_POINT('',(-4.712388980385,-18.8));
#8223 = CARTESIAN_POINT('',(-4.487989505128,-18.8));
#8224 = CARTESIAN_POINT('',(-4.263590029871,-18.87343584076));
#8225 = CARTESIAN_POINT('',(-4.039190554616,-19.02029686922));
#8226 = CARTESIAN_POINT('',(-3.814791079359,-19.23156646777));
#8227 = CARTESIAN_POINT('',(-3.590391604103,-19.48900245085));
#8228 = CARTESIAN_POINT('',(-3.365992128846,-19.76950065592));
#8229 = CARTESIAN_POINT('',(-3.14159265359,-20.05));
#8230 = ( GEOMETRIC_REPRESENTATION_CONTEXT(2) 
PARAMETRIC_REPRESENTATION_CONTEXT() REPRESENTATION_CONTEXT('2D SPACE',''
  ) );
#8231 = PCURVE('',#7698,#8232);
#8232 = DEFINITIONAL_REPRESENTATION('',(#8233),#8242);
#8233 = B_SPLINE_CURVE_WITH_KNOTS('',7,(#8234,#8235,#8236,#8237,#8238,
    #8239,#8240,#8241),.UNSPECIFIED.,.F.,.F.,(8,8),(0.,1.570796326795),
  .PIECEWISE_BEZIER_KNOTS.);
#8234 = CARTESIAN_POINT('',(0.,-18.8));
#8235 = CARTESIAN_POINT('',(-0.224399475256,-18.8));
#8236 = CARTESIAN_POINT('',(-0.448798950513,-18.87343584076));
#8237 = CARTESIAN_POINT('',(-0.67319842577,-19.02029686922));
#8238 = CARTESIAN_POINT('',(-0.897597901025,-19.23156646777));
#8239 = CARTESIAN_POINT('',(-1.121997376282,-19.48900245085));
#8240 = CARTESIAN_POINT('',(-1.346396851538,-19.76950065592));
#8241 = CARTESIAN_POINT('',(-1.570796326795,-20.05));
#8242 = ( GEOMETRIC_REPRESENTATION_CONTEXT(2) 
PARAMETRIC_REPRESENTATION_CONTEXT() REPRESENTATION_CONTEXT('2D SPACE',''
  ) );
#8243 = ORIENTED_EDGE('',*,*,#8244,.F.);
#8244 = EDGE_CURVE('',#8113,#8211,#8245,.T.);
#8245 = SURFACE_CURVE('',#8246,(#8251,#8263),.PCURVE_S1.);
#8246 = ELLIPSE('',#8247,1.767766952966,1.25);
#8247 = AXIS2_PLACEMENT_3D('',#8248,#8249,#8250);
#8248 = CARTESIAN_POINT('',(960.,960.,170.));
#8249 = DIRECTION('',(-0.707106781187,0.707106781187,0.));
#8250 = DIRECTION('',(0.707106781187,0.707106781187,-0.));
#8251 = PCURVE('',#7525,#8252);
#8252 = DEFINITIONAL_REPRESENTATION('',(#8253),#8262);
#8253 = B_SPLINE_CURVE_WITH_KNOTS('',7,(#8254,#8255,#8256,#8257,#8258,
    #8259,#8260,#8261),.UNSPECIFIED.,.F.,.F.,(8,8),(4.712388980385,
    6.28318530718),.PIECEWISE_BEZIER_KNOTS.);
#8254 = CARTESIAN_POINT('',(-6.28318530718,-20.05));
#8255 = CARTESIAN_POINT('',(-6.058785831923,-19.76950065592));
#8256 = CARTESIAN_POINT('',(-5.834386356667,-19.48900245085));
#8257 = CARTESIAN_POINT('',(-5.60998688141,-19.23156646777));
#8258 = CARTESIAN_POINT('',(-5.385587406154,-19.02029686922));
#8259 = CARTESIAN_POINT('',(-5.161187930897,-18.87343584076));
#8260 = CARTESIAN_POINT('',(-4.936788455641,-18.8));
#8261 = CARTESIAN_POINT('',(-4.712388980385,-18.8));
#8262 = ( GEOMETRIC_REPRESENTATION_CONTEXT(2) 
PARAMETRIC_REPRESENTATION_CONTEXT() REPRESENTATION_CONTEXT('2D SPACE',''
  ) );
#8263 = PCURVE('',#7698,#8264);
#8264 = DEFINITIONAL_REPRESENTATION('',(#8265),#8274);
#8265 = B_SPLINE_CURVE_WITH_KNOTS('',7,(#8266,#8267,#8268,#8269,#8270,
    #8271,#8272,#8273),.UNSPECIFIED.,.F.,.F.,(8,8),(4.712388980385,
    6.28318530718),.PIECEWISE_BEZIER_KNOTS.);
#8266 = CARTESIAN_POINT('',(-4.712388980385,-20.05));
#8267 = CARTESIAN_POINT('',(-4.936788455641,-19.76950065592));
#8268 = CARTESIAN_POINT('',(-5.161187930898,-19.48900245085));
#8269 = CARTESIAN_POINT('',(-5.385587406154,-19.23156646777));
#8270 = CARTESIAN_POINT('',(-5.60998688141,-19.02029686922));
#8271 = CARTESIAN_POINT('',(-5.834386356667,-18.87343584076));
#8272 = CARTESIAN_POINT('',(-6.058785831923,-18.8));
#8273 = CARTESIAN_POINT('',(-6.28318530718,-18.8));
#8274 = ( GEOMETRIC_REPRESENTATION_CONTEXT(2) 
PARAMETRIC_REPRESENTATION_CONTEXT() REPRESENTATION_CONTEXT('2D SPACE',''
  ) );
#8275 = ADVANCED_FACE('',(#8276),#7556,.F.);
#8276 = FACE_BOUND('',#8277,.T.);
#8277 = EDGE_LOOP('',(#8278,#8301,#8302,#8303,#8342,#8376,#8410));
#8278 = ORIENTED_EDGE('',*,*,#8279,.F.);
#8279 = EDGE_CURVE('',#7540,#8280,#8282,.T.);
#8280 = VERTEX_POINT('',#8281);
#8281 = CARTESIAN_POINT('',(960.,960.,266.25));
#8282 = SEAM_CURVE('',#8283,(#8287,#8294),.PCURVE_S1.);
#8283 = LINE('',#8284,#8285);
#8284 = CARTESIAN_POINT('',(960.,980.05,266.25));
#8285 = VECTOR('',#8286,1.);
#8286 = DIRECTION('',(0.,-1.,0.));
#8287 = PCURVE('',#7556,#8288);
#8288 = DEFINITIONAL_REPRESENTATION('',(#8289),#8293);
#8289 = LINE('',#8290,#8291);
#8290 = CARTESIAN_POINT('',(-6.28318530718,0.));
#8291 = VECTOR('',#8292,1.);
#8292 = DIRECTION('',(-0.,-1.));
#8293 = ( GEOMETRIC_REPRESENTATION_CONTEXT(2) 
PARAMETRIC_REPRESENTATION_CONTEXT() REPRESENTATION_CONTEXT('2D SPACE',''
  ) );
#8294 = PCURVE('',#7556,#8295);
#8295 = DEFINITIONAL_REPRESENTATION('',(#8296),#8300);
#8296 = LINE('',#8297,#8298);
#8297 = CARTESIAN_POINT('',(-0.,0.));
#8298 = VECTOR('',#8299,1.);
#8299 = DIRECTION('',(-0.,-1.));
#8300 = ( GEOMETRIC_REPRESENTATION_CONTEXT(2) 
PARAMETRIC_REPRESENTATION_CONTEXT() REPRESENTATION_CONTEXT('2D SPACE',''
  ) );
#8301 = ORIENTED_EDGE('',*,*,#7539,.T.);
#8302 = ORIENTED_EDGE('',*,*,#8279,.T.);
#8303 = ORIENTED_EDGE('',*,*,#8304,.F.);
#8304 = EDGE_CURVE('',#8305,#8280,#8307,.T.);
#8305 = VERTEX_POINT('',#8306);
#8306 = CARTESIAN_POINT('',(958.74999999997,961.25,265.));
#8307 = SURFACE_CURVE('',#8308,(#8313,#8325),.PCURVE_S1.);
#8308 = ELLIPSE('',#8309,1.767766952966,1.25);
#8309 = AXIS2_PLACEMENT_3D('',#8310,#8311,#8312);
#8310 = CARTESIAN_POINT('',(960.,960.,265.));
#8311 = DIRECTION('',(0.707106781187,0.707106781187,-0.));
#8312 = DIRECTION('',(-0.707106781187,0.707106781187,0.));
#8313 = PCURVE('',#7556,#8314);
#8314 = DEFINITIONAL_REPRESENTATION('',(#8315),#8324);
#8315 = B_SPLINE_CURVE_WITH_KNOTS('',7,(#8316,#8317,#8318,#8319,#8320,
    #8321,#8322,#8323),.UNSPECIFIED.,.F.,.F.,(8,8),(0.,1.570796326795),
  .PIECEWISE_BEZIER_KNOTS.);
#8316 = CARTESIAN_POINT('',(-1.570796326795,-18.8));
#8317 = CARTESIAN_POINT('',(-1.346396851538,-18.8));
#8318 = CARTESIAN_POINT('',(-1.121997376282,-18.87343584076));
#8319 = CARTESIAN_POINT('',(-0.897597901025,-19.02029686922));
#8320 = CARTESIAN_POINT('',(-0.67319842577,-19.23156646777));
#8321 = CARTESIAN_POINT('',(-0.448798950513,-19.48900245085));
#8322 = CARTESIAN_POINT('',(-0.224399475256,-19.76950065592));
#8323 = CARTESIAN_POINT('',(0.,-20.05));
#8324 = ( GEOMETRIC_REPRESENTATION_CONTEXT(2) 
PARAMETRIC_REPRESENTATION_CONTEXT() REPRESENTATION_CONTEXT('2D SPACE',''
  ) );
#8325 = PCURVE('',#8326,#8331);
#8326 = CYLINDRICAL_SURFACE('',#8327,1.25);
#8327 = AXIS2_PLACEMENT_3D('',#8328,#8329,#8330);
#8328 = CARTESIAN_POINT('',(980.05,960.,265.));
#8329 = DIRECTION('',(1.,-0.,-0.));
#8330 = DIRECTION('',(0.,1.,0.));
#8331 = DEFINITIONAL_REPRESENTATION('',(#8332),#8341);
#8332 = B_SPLINE_CURVE_WITH_KNOTS('',7,(#8333,#8334,#8335,#8336,#8337,
    #8338,#8339,#8340),.UNSPECIFIED.,.F.,.F.,(8,8),(0.,1.570796326795),
  .PIECEWISE_BEZIER_KNOTS.);
#8333 = CARTESIAN_POINT('',(-6.28318530718,-21.3));
#8334 = CARTESIAN_POINT('',(-6.058785831923,-21.3));
#8335 = CARTESIAN_POINT('',(-5.834386356667,-21.22656415923));
#8336 = CARTESIAN_POINT('',(-5.60998688141,-21.07970313078));
#8337 = CARTESIAN_POINT('',(-5.385587406154,-20.86843353221));
#8338 = CARTESIAN_POINT('',(-5.161187930897,-20.61099754914));
#8339 = CARTESIAN_POINT('',(-4.936788455641,-20.33049934407));
#8340 = CARTESIAN_POINT('',(-4.712388980385,-20.05));
#8341 = ( GEOMETRIC_REPRESENTATION_CONTEXT(2) 
PARAMETRIC_REPRESENTATION_CONTEXT() REPRESENTATION_CONTEXT('2D SPACE',''
  ) );
#8342 = ORIENTED_EDGE('',*,*,#8343,.F.);
#8343 = EDGE_CURVE('',#8344,#8305,#8346,.T.);
#8344 = VERTEX_POINT('',#8345);
#8345 = CARTESIAN_POINT('',(960.,960.,263.75));
#8346 = SURFACE_CURVE('',#8347,(#8352,#8364),.PCURVE_S1.);
#8347 = ELLIPSE('',#8348,1.767766952966,1.25);
#8348 = AXIS2_PLACEMENT_3D('',#8349,#8350,#8351);
#8349 = CARTESIAN_POINT('',(960.,960.,265.));
#8350 = DIRECTION('',(0.707106781187,0.707106781187,-0.));
#8351 = DIRECTION('',(-0.707106781187,0.707106781187,0.));
#8352 = PCURVE('',#7556,#8353);
#8353 = DEFINITIONAL_REPRESENTATION('',(#8354),#8363);
#8354 = B_SPLINE_CURVE_WITH_KNOTS('',7,(#8355,#8356,#8357,#8358,#8359,
    #8360,#8361,#8362),.UNSPECIFIED.,.F.,.F.,(8,8),(4.712388980385,
    6.28318530718),.PIECEWISE_BEZIER_KNOTS.);
#8355 = CARTESIAN_POINT('',(-3.14159265359,-20.05));
#8356 = CARTESIAN_POINT('',(-2.917193178333,-19.76950065592));
#8357 = CARTESIAN_POINT('',(-2.692793703078,-19.48900245085));
#8358 = CARTESIAN_POINT('',(-2.468394227819,-19.23156646777));
#8359 = CARTESIAN_POINT('',(-2.243994752566,-19.02029686922));
#8360 = CARTESIAN_POINT('',(-2.019595277307,-18.87343584076));
#8361 = CARTESIAN_POINT('',(-1.795195802051,-18.8));
#8362 = CARTESIAN_POINT('',(-1.570796326795,-18.8));
#8363 = ( GEOMETRIC_REPRESENTATION_CONTEXT(2) 
PARAMETRIC_REPRESENTATION_CONTEXT() REPRESENTATION_CONTEXT('2D SPACE',''
  ) );
#8364 = PCURVE('',#8326,#8365);
#8365 = DEFINITIONAL_REPRESENTATION('',(#8366),#8375);
#8366 = B_SPLINE_CURVE_WITH_KNOTS('',7,(#8367,#8368,#8369,#8370,#8371,
    #8372,#8373,#8374),.UNSPECIFIED.,.F.,.F.,(8,8),(4.712388980385,
    6.28318530718),.PIECEWISE_BEZIER_KNOTS.);
#8367 = CARTESIAN_POINT('',(-1.570796326795,-20.05));
#8368 = CARTESIAN_POINT('',(-1.346396851538,-20.33049934407));
#8369 = CARTESIAN_POINT('',(-1.121997376282,-20.61099754914));
#8370 = CARTESIAN_POINT('',(-0.897597901026,-20.86843353223));
#8371 = CARTESIAN_POINT('',(-0.673198425769,-21.07970313077));
#8372 = CARTESIAN_POINT('',(-0.448798950513,-21.22656415924));
#8373 = CARTESIAN_POINT('',(-0.224399475256,-21.3));
#8374 = CARTESIAN_POINT('',(0.,-21.3));
#8375 = ( GEOMETRIC_REPRESENTATION_CONTEXT(2) 
PARAMETRIC_REPRESENTATION_CONTEXT() REPRESENTATION_CONTEXT('2D SPACE',''
  ) );
#8376 = ORIENTED_EDGE('',*,*,#8377,.F.);
#8377 = EDGE_CURVE('',#8378,#8344,#8380,.T.);
#8378 = VERTEX_POINT('',#8379);
#8379 = CARTESIAN_POINT('',(961.25000000002,961.25,265.));
#8380 = SURFACE_CURVE('',#8381,(#8386,#8398),.PCURVE_S1.);
#8381 = ELLIPSE('',#8382,1.767766952966,1.25);
#8382 = AXIS2_PLACEMENT_3D('',#8383,#8384,#8385);
#8383 = CARTESIAN_POINT('',(960.,960.,265.));
#8384 = DIRECTION('',(-0.707106781187,0.707106781187,0.));
#8385 = DIRECTION('',(0.707106781187,0.707106781187,-0.));
#8386 = PCURVE('',#7556,#8387);
#8387 = DEFINITIONAL_REPRESENTATION('',(#8388),#8397);
#8388 = B_SPLINE_CURVE_WITH_KNOTS('',7,(#8389,#8390,#8391,#8392,#8393,
    #8394,#8395,#8396),.UNSPECIFIED.,.F.,.F.,(8,8),(0.,1.570796326795),
  .PIECEWISE_BEZIER_KNOTS.);
#8389 = CARTESIAN_POINT('',(-4.712388980385,-18.8));
#8390 = CARTESIAN_POINT('',(-4.487989505128,-18.8));
#8391 = CARTESIAN_POINT('',(-4.263590029871,-18.87343584076));
#8392 = CARTESIAN_POINT('',(-4.039190554614,-19.02029686922));
#8393 = CARTESIAN_POINT('',(-3.81479107936,-19.23156646777));
#8394 = CARTESIAN_POINT('',(-3.590391604102,-19.48900245085));
#8395 = CARTESIAN_POINT('',(-3.365992128846,-19.76950065592));
#8396 = CARTESIAN_POINT('',(-3.14159265359,-20.05));
#8397 = ( GEOMETRIC_REPRESENTATION_CONTEXT(2) 
PARAMETRIC_REPRESENTATION_CONTEXT() REPRESENTATION_CONTEXT('2D SPACE',''
  ) );
#8398 = PCURVE('',#7729,#8399);
#8399 = DEFINITIONAL_REPRESENTATION('',(#8400),#8409);
#8400 = B_SPLINE_CURVE_WITH_KNOTS('',7,(#8401,#8402,#8403,#8404,#8405,
    #8406,#8407,#8408),.UNSPECIFIED.,.F.,.F.,(8,8),(0.,1.570796326795),
  .PIECEWISE_BEZIER_KNOTS.);
#8401 = CARTESIAN_POINT('',(0.,-18.8));
#8402 = CARTESIAN_POINT('',(-0.224399475256,-18.8));
#8403 = CARTESIAN_POINT('',(-0.448798950513,-18.87343584076));
#8404 = CARTESIAN_POINT('',(-0.673198425769,-19.02029686922));
#8405 = CARTESIAN_POINT('',(-0.897597901026,-19.23156646777));
#8406 = CARTESIAN_POINT('',(-1.121997376282,-19.48900245085));
#8407 = CARTESIAN_POINT('',(-1.346396851538,-19.76950065592));
#8408 = CARTESIAN_POINT('',(-1.570796326795,-20.05));
#8409 = ( GEOMETRIC_REPRESENTATION_CONTEXT(2) 
PARAMETRIC_REPRESENTATION_CONTEXT() REPRESENTATION_CONTEXT('2D SPACE',''
  ) );
#8410 = ORIENTED_EDGE('',*,*,#8411,.F.);
#8411 = EDGE_CURVE('',#8280,#8378,#8412,.T.);
#8412 = SURFACE_CURVE('',#8413,(#8418,#8430),.PCURVE_S1.);
#8413 = ELLIPSE('',#8414,1.767766952966,1.25);
#8414 = AXIS2_PLACEMENT_3D('',#8415,#8416,#8417);
#8415 = CARTESIAN_POINT('',(960.,960.,265.));
#8416 = DIRECTION('',(-0.707106781187,0.707106781187,0.));
#8417 = DIRECTION('',(0.707106781187,0.707106781187,-0.));
#8418 = PCURVE('',#7556,#8419);
#8419 = DEFINITIONAL_REPRESENTATION('',(#8420),#8429);
#8420 = B_SPLINE_CURVE_WITH_KNOTS('',7,(#8421,#8422,#8423,#8424,#8425,
    #8426,#8427,#8428),.UNSPECIFIED.,.F.,.F.,(8,8),(4.712388980385,
    6.28318530718),.PIECEWISE_BEZIER_KNOTS.);
#8421 = CARTESIAN_POINT('',(-6.28318530718,-20.05));
#8422 = CARTESIAN_POINT('',(-6.058785831923,-19.76950065592));
#8423 = CARTESIAN_POINT('',(-5.834386356667,-19.48900245085));
#8424 = CARTESIAN_POINT('',(-5.60998688141,-19.23156646777));
#8425 = CARTESIAN_POINT('',(-5.385587406154,-19.02029686922));
#8426 = CARTESIAN_POINT('',(-5.161187930898,-18.87343584076));
#8427 = CARTESIAN_POINT('',(-4.936788455641,-18.8));
#8428 = CARTESIAN_POINT('',(-4.712388980385,-18.8));
#8429 = ( GEOMETRIC_REPRESENTATION_CONTEXT(2) 
PARAMETRIC_REPRESENTATION_CONTEXT() REPRESENTATION_CONTEXT('2D SPACE',''
  ) );
#8430 = PCURVE('',#7729,#8431);
#8431 = DEFINITIONAL_REPRESENTATION('',(#8432),#8441);
#8432 = B_SPLINE_CURVE_WITH_KNOTS('',7,(#8433,#8434,#8435,#8436,#8437,
    #8438,#8439,#8440),.UNSPECIFIED.,.F.,.F.,(8,8),(4.712388980385,
    6.28318530718),.PIECEWISE_BEZIER_KNOTS.);
#8433 = CARTESIAN_POINT('',(-4.712388980385,-20.05));
#8434 = CARTESIAN_POINT('',(-4.936788455641,-19.76950065592));
#8435 = CARTESIAN_POINT('',(-5.161187930897,-19.48900245085));
#8436 = CARTESIAN_POINT('',(-5.385587406154,-19.23156646777));
#8437 = CARTESIAN_POINT('',(-5.60998688141,-19.02029686922));
#8438 = CARTESIAN_POINT('',(-5.834386356667,-18.87343584076));
#8439 = CARTESIAN_POINT('',(-6.058785831923,-18.8));
#8440 = CARTESIAN_POINT('',(-6.28318530718,-18.8));
#8441 = ( GEOMETRIC_REPRESENTATION_CONTEXT(2) 
PARAMETRIC_REPRESENTATION_CONTEXT() REPRESENTATION_CONTEXT('2D SPACE',''
  ) );
#8442 = ADVANCED_FACE('',(#8443),#7636,.F.);
#8443 = FACE_BOUND('',#8444,.T.);
#8444 = EDGE_LOOP('',(#8445,#8446,#8467,#8468,#8517,#8518));
#8445 = ORIENTED_EDGE('',*,*,#7619,.T.);
#8446 = ORIENTED_EDGE('',*,*,#8447,.T.);
#8447 = EDGE_CURVE('',#7620,#7877,#8448,.T.);
#8448 = SEAM_CURVE('',#8449,(#8453,#8460),.PCURVE_S1.);
#8449 = LINE('',#8450,#8451);
#8450 = CARTESIAN_POINT('',(980.05,961.25,25.));
#8451 = VECTOR('',#8452,1.);
#8452 = DIRECTION('',(-1.,0.,0.));
#8453 = PCURVE('',#7636,#8454);
#8454 = DEFINITIONAL_REPRESENTATION('',(#8455),#8459);
#8455 = LINE('',#8456,#8457);
#8456 = CARTESIAN_POINT('',(-6.28318530718,0.));
#8457 = VECTOR('',#8458,1.);
#8458 = DIRECTION('',(-0.,-1.));
#8459 = ( GEOMETRIC_REPRESENTATION_CONTEXT(2) 
PARAMETRIC_REPRESENTATION_CONTEXT() REPRESENTATION_CONTEXT('2D SPACE',''
  ) );
#8460 = PCURVE('',#7636,#8461);
#8461 = DEFINITIONAL_REPRESENTATION('',(#8462),#8466);
#8462 = LINE('',#8463,#8464);
#8463 = CARTESIAN_POINT('',(-0.,0.));
#8464 = VECTOR('',#8465,1.);
#8465 = DIRECTION('',(-0.,-1.));
#8466 = ( GEOMETRIC_REPRESENTATION_CONTEXT(2) 
PARAMETRIC_REPRESENTATION_CONTEXT() REPRESENTATION_CONTEXT('2D SPACE',''
  ) );
#8467 = ORIENTED_EDGE('',*,*,#7876,.T.);
#8468 = ORIENTED_EDGE('',*,*,#8469,.F.);
#8469 = EDGE_CURVE('',#7779,#7843,#8470,.T.);
#8470 = SURFACE_CURVE('',#8471,(#8476,#8494),.PCURVE_S1.);
#8471 = ELLIPSE('',#8472,1.767766952966,1.25);
#8472 = AXIS2_PLACEMENT_3D('',#8473,#8474,#8475);
#8473 = CARTESIAN_POINT('',(960.,960.,25.));
#8474 = DIRECTION('',(0.707106781187,0.707106781187,-0.));
#8475 = DIRECTION('',(-0.707106781187,0.707106781187,0.));
#8476 = PCURVE('',#7636,#8477);
#8477 = DEFINITIONAL_REPRESENTATION('',(#8478),#8493);
#8478 = B_SPLINE_CURVE_WITH_KNOTS('',7,(#8479,#8480,#8481,#8482,#8483,
    #8484,#8485,#8486,#8487,#8488,#8489,#8490,#8491,#8492),
  .UNSPECIFIED.,.F.,.F.,(8,6,8),(1.570796326795,3.14159265359,
    4.712388980385),.UNSPECIFIED.);
#8479 = CARTESIAN_POINT('',(-4.712388980385,-20.05));
#8480 = CARTESIAN_POINT('',(-4.487989505128,-19.76950065592));
#8481 = CARTESIAN_POINT('',(-4.263590029872,-19.48900245085));
#8482 = CARTESIAN_POINT('',(-4.039190554616,-19.23156646777));
#8483 = CARTESIAN_POINT('',(-3.814791079357,-19.02029686922));
#8484 = CARTESIAN_POINT('',(-3.590391604103,-18.87343584076));
#8485 = CARTESIAN_POINT('',(-3.365992128846,-18.8));
#8486 = CARTESIAN_POINT('',(-2.917193178333,-18.8));
#8487 = CARTESIAN_POINT('',(-2.692793703077,-18.87343584076));
#8488 = CARTESIAN_POINT('',(-2.468394227821,-19.02029686922));
#8489 = CARTESIAN_POINT('',(-2.243994752565,-19.23156646777));
#8490 = CARTESIAN_POINT('',(-2.019595277308,-19.48900245085));
#8491 = CARTESIAN_POINT('',(-1.795195802051,-19.76950065592));
#8492 = CARTESIAN_POINT('',(-1.570796326795,-20.05));
#8493 = ( GEOMETRIC_REPRESENTATION_CONTEXT(2) 
PARAMETRIC_REPRESENTATION_CONTEXT() REPRESENTATION_CONTEXT('2D SPACE',''
  ) );
#8494 = PCURVE('',#8495,#8500);
#8495 = CYLINDRICAL_SURFACE('',#8496,1.25);
#8496 = AXIS2_PLACEMENT_3D('',#8497,#8498,#8499);
#8497 = CARTESIAN_POINT('',(960.,980.05,25.));
#8498 = DIRECTION('',(-0.,1.,-0.));
#8499 = DIRECTION('',(0.,0.,1.));
#8500 = DEFINITIONAL_REPRESENTATION('',(#8501),#8516);
#8501 = B_SPLINE_CURVE_WITH_KNOTS('',7,(#8502,#8503,#8504,#8505,#8506,
    #8507,#8508,#8509,#8510,#8511,#8512,#8513,#8514,#8515),
  .UNSPECIFIED.,.F.,.F.,(8,6,8),(1.570796326795,3.14159265359,
    4.712388980385),.UNSPECIFIED.);
#8502 = CARTESIAN_POINT('',(-6.28318530718,-20.05));
#8503 = CARTESIAN_POINT('',(-6.058785831923,-20.33049934407));
#8504 = CARTESIAN_POINT('',(-5.834386356667,-20.61099754914));
#8505 = CARTESIAN_POINT('',(-5.60998688141,-20.86843353223));
#8506 = CARTESIAN_POINT('',(-5.385587406155,-21.07970313077));
#8507 = CARTESIAN_POINT('',(-5.161187930897,-21.22656415924));
#8508 = CARTESIAN_POINT('',(-4.936788455641,-21.3));
#8509 = CARTESIAN_POINT('',(-4.487989505128,-21.3));
#8510 = CARTESIAN_POINT('',(-4.263590029872,-21.22656415923));
#8511 = CARTESIAN_POINT('',(-4.039190554615,-21.07970313078));
#8512 = CARTESIAN_POINT('',(-3.814791079359,-20.86843353221));
#8513 = CARTESIAN_POINT('',(-3.590391604103,-20.61099754914));
#8514 = CARTESIAN_POINT('',(-3.365992128846,-20.33049934407));
#8515 = CARTESIAN_POINT('',(-3.14159265359,-20.05));
#8516 = ( GEOMETRIC_REPRESENTATION_CONTEXT(2) 
PARAMETRIC_REPRESENTATION_CONTEXT() REPRESENTATION_CONTEXT('2D SPACE',''
  ) );
#8517 = ORIENTED_EDGE('',*,*,#7910,.T.);
#8518 = ORIENTED_EDGE('',*,*,#8447,.F.);
#8519 = ADVANCED_FACE('',(#8520),#7667,.F.);
#8520 = FACE_BOUND('',#8521,.T.);
#8521 = EDGE_LOOP('',(#8522,#8523,#8544,#8545,#8594,#8595));
#8522 = ORIENTED_EDGE('',*,*,#7650,.T.);
#8523 = ORIENTED_EDGE('',*,*,#8524,.T.);
#8524 = EDGE_CURVE('',#7651,#8044,#8525,.T.);
#8525 = SEAM_CURVE('',#8526,(#8530,#8537),.PCURVE_S1.);
#8526 = LINE('',#8527,#8528);
#8527 = CARTESIAN_POINT('',(980.05,961.25,120.));
#8528 = VECTOR('',#8529,1.);
#8529 = DIRECTION('',(-1.,0.,0.));
#8530 = PCURVE('',#7667,#8531);
#8531 = DEFINITIONAL_REPRESENTATION('',(#8532),#8536);
#8532 = LINE('',#8533,#8534);
#8533 = CARTESIAN_POINT('',(-6.28318530718,0.));
#8534 = VECTOR('',#8535,1.);
#8535 = DIRECTION('',(-0.,-1.));
#8536 = ( GEOMETRIC_REPRESENTATION_CONTEXT(2) 
PARAMETRIC_REPRESENTATION_CONTEXT() REPRESENTATION_CONTEXT('2D SPACE',''
  ) );
#8537 = PCURVE('',#7667,#8538);
#8538 = DEFINITIONAL_REPRESENTATION('',(#8539),#8543);
#8539 = LINE('',#8540,#8541);
#8540 = CARTESIAN_POINT('',(-0.,0.));
#8541 = VECTOR('',#8542,1.);
#8542 = DIRECTION('',(-0.,-1.));
#8543 = ( GEOMETRIC_REPRESENTATION_CONTEXT(2) 
PARAMETRIC_REPRESENTATION_CONTEXT() REPRESENTATION_CONTEXT('2D SPACE',''
  ) );
#8544 = ORIENTED_EDGE('',*,*,#8043,.T.);
#8545 = ORIENTED_EDGE('',*,*,#8546,.F.);
#8546 = EDGE_CURVE('',#7946,#8010,#8547,.T.);
#8547 = SURFACE_CURVE('',#8548,(#8553,#8571),.PCURVE_S1.);
#8548 = ELLIPSE('',#8549,1.767766952966,1.25);
#8549 = AXIS2_PLACEMENT_3D('',#8550,#8551,#8552);
#8550 = CARTESIAN_POINT('',(960.,960.,120.));
#8551 = DIRECTION('',(0.707106781187,0.707106781187,-0.));
#8552 = DIRECTION('',(-0.707106781187,0.707106781187,0.));
#8553 = PCURVE('',#7667,#8554);
#8554 = DEFINITIONAL_REPRESENTATION('',(#8555),#8570);
#8555 = B_SPLINE_CURVE_WITH_KNOTS('',7,(#8556,#8557,#8558,#8559,#8560,
    #8561,#8562,#8563,#8564,#8565,#8566,#8567,#8568,#8569),
  .UNSPECIFIED.,.F.,.F.,(8,6,8),(1.570796326795,3.14159265359,
    4.712388980385),.UNSPECIFIED.);
#8556 = CARTESIAN_POINT('',(-4.712388980385,-20.05));
#8557 = CARTESIAN_POINT('',(-4.487989505128,-19.76950065592));
#8558 = CARTESIAN_POINT('',(-4.263590029871,-19.48900245085));
#8559 = CARTESIAN_POINT('',(-4.039190554616,-19.23156646777));
#8560 = CARTESIAN_POINT('',(-3.814791079359,-19.02029686922));
#8561 = CARTESIAN_POINT('',(-3.590391604103,-18.87343584076));
#8562 = CARTESIAN_POINT('',(-3.365992128846,-18.8));
#8563 = CARTESIAN_POINT('',(-2.917193178333,-18.8));
#8564 = CARTESIAN_POINT('',(-2.692793703077,-18.87343584076));
#8565 = CARTESIAN_POINT('',(-2.468394227821,-19.02029686922));
#8566 = CARTESIAN_POINT('',(-2.243994752564,-19.23156646777));
#8567 = CARTESIAN_POINT('',(-2.019595277308,-19.48900245085));
#8568 = CARTESIAN_POINT('',(-1.795195802051,-19.76950065592));
#8569 = CARTESIAN_POINT('',(-1.570796326795,-20.05));
#8570 = ( GEOMETRIC_REPRESENTATION_CONTEXT(2) 
PARAMETRIC_REPRESENTATION_CONTEXT() REPRESENTATION_CONTEXT('2D SPACE',''
  ) );
#8571 = PCURVE('',#8572,#8577);
#8572 = CYLINDRICAL_SURFACE('',#8573,1.25);
#8573 = AXIS2_PLACEMENT_3D('',#8574,#8575,#8576);
#8574 = CARTESIAN_POINT('',(960.,980.05,120.));
#8575 = DIRECTION('',(-0.,1.,-0.));
#8576 = DIRECTION('',(0.,0.,1.));
#8577 = DEFINITIONAL_REPRESENTATION('',(#8578),#8593);
#8578 = B_SPLINE_CURVE_WITH_KNOTS('',7,(#8579,#8580,#8581,#8582,#8583,
    #8584,#8585,#8586,#8587,#8588,#8589,#8590,#8591,#8592),
  .UNSPECIFIED.,.F.,.F.,(8,6,8),(1.570796326795,3.14159265359,
    4.712388980385),.UNSPECIFIED.);
#8579 = CARTESIAN_POINT('',(-6.28318530718,-20.05));
#8580 = CARTESIAN_POINT('',(-6.058785831923,-20.33049934407));
#8581 = CARTESIAN_POINT('',(-5.834386356667,-20.61099754914));
#8582 = CARTESIAN_POINT('',(-5.60998688141,-20.86843353223));
#8583 = CARTESIAN_POINT('',(-5.385587406154,-21.07970313077));
#8584 = CARTESIAN_POINT('',(-5.161187930898,-21.22656415924));
#8585 = CARTESIAN_POINT('',(-4.936788455641,-21.3));
#8586 = CARTESIAN_POINT('',(-4.487989505128,-21.3));
#8587 = CARTESIAN_POINT('',(-4.263590029872,-21.22656415923));
#8588 = CARTESIAN_POINT('',(-4.039190554613,-21.07970313078));
#8589 = CARTESIAN_POINT('',(-3.81479107936,-20.86843353221));
#8590 = CARTESIAN_POINT('',(-3.590391604102,-20.61099754914));
#8591 = CARTESIAN_POINT('',(-3.365992128846,-20.33049934407));
#8592 = CARTESIAN_POINT('',(-3.14159265359,-20.05));
#8593 = ( GEOMETRIC_REPRESENTATION_CONTEXT(2) 
PARAMETRIC_REPRESENTATION_CONTEXT() REPRESENTATION_CONTEXT('2D SPACE',''
  ) );
#8594 = ORIENTED_EDGE('',*,*,#8077,.T.);
#8595 = ORIENTED_EDGE('',*,*,#8524,.F.);
#8596 = ADVANCED_FACE('',(#8597),#7698,.F.);
#8597 = FACE_BOUND('',#8598,.T.);
#8598 = EDGE_LOOP('',(#8599,#8600,#8621,#8622,#8671,#8672));
#8599 = ORIENTED_EDGE('',*,*,#7681,.T.);
#8600 = ORIENTED_EDGE('',*,*,#8601,.T.);
#8601 = EDGE_CURVE('',#7682,#8211,#8602,.T.);
#8602 = SEAM_CURVE('',#8603,(#8607,#8614),.PCURVE_S1.);
#8603 = LINE('',#8604,#8605);
#8604 = CARTESIAN_POINT('',(980.05,961.25,170.));
#8605 = VECTOR('',#8606,1.);
#8606 = DIRECTION('',(-1.,0.,0.));
#8607 = PCURVE('',#7698,#8608);
#8608 = DEFINITIONAL_REPRESENTATION('',(#8609),#8613);
#8609 = LINE('',#8610,#8611);
#8610 = CARTESIAN_POINT('',(-6.28318530718,0.));
#8611 = VECTOR('',#8612,1.);
#8612 = DIRECTION('',(-0.,-1.));
#8613 = ( GEOMETRIC_REPRESENTATION_CONTEXT(2) 
PARAMETRIC_REPRESENTATION_CONTEXT() REPRESENTATION_CONTEXT('2D SPACE',''
  ) );
#8614 = PCURVE('',#7698,#8615);
#8615 = DEFINITIONAL_REPRESENTATION('',(#8616),#8620);
#8616 = LINE('',#8617,#8618);
#8617 = CARTESIAN_POINT('',(-0.,0.));
#8618 = VECTOR('',#8619,1.);
#8619 = DIRECTION('',(-0.,-1.));
#8620 = ( GEOMETRIC_REPRESENTATION_CONTEXT(2) 
PARAMETRIC_REPRESENTATION_CONTEXT() REPRESENTATION_CONTEXT('2D SPACE',''
  ) );
#8621 = ORIENTED_EDGE('',*,*,#8210,.T.);
#8622 = ORIENTED_EDGE('',*,*,#8623,.F.);
#8623 = EDGE_CURVE('',#8113,#8177,#8624,.T.);
#8624 = SURFACE_CURVE('',#8625,(#8630,#8648),.PCURVE_S1.);
#8625 = ELLIPSE('',#8626,1.767766952966,1.25);
#8626 = AXIS2_PLACEMENT_3D('',#8627,#8628,#8629);
#8627 = CARTESIAN_POINT('',(960.,960.,170.));
#8628 = DIRECTION('',(0.707106781187,0.707106781187,-0.));
#8629 = DIRECTION('',(-0.707106781187,0.707106781187,0.));
#8630 = PCURVE('',#7698,#8631);
#8631 = DEFINITIONAL_REPRESENTATION('',(#8632),#8647);
#8632 = B_SPLINE_CURVE_WITH_KNOTS('',7,(#8633,#8634,#8635,#8636,#8637,
    #8638,#8639,#8640,#8641,#8642,#8643,#8644,#8645,#8646),
  .UNSPECIFIED.,.F.,.F.,(8,6,8),(1.570796326795,3.14159265359,
    4.712388980385),.UNSPECIFIED.);
#8633 = CARTESIAN_POINT('',(-4.712388980385,-20.05));
#8634 = CARTESIAN_POINT('',(-4.487989505128,-19.76950065592));
#8635 = CARTESIAN_POINT('',(-4.263590029871,-19.48900245085));
#8636 = CARTESIAN_POINT('',(-4.039190554616,-19.23156646777));
#8637 = CARTESIAN_POINT('',(-3.814791079359,-19.02029686922));
#8638 = CARTESIAN_POINT('',(-3.590391604103,-18.87343584076));
#8639 = CARTESIAN_POINT('',(-3.365992128846,-18.8));
#8640 = CARTESIAN_POINT('',(-2.917193178333,-18.8));
#8641 = CARTESIAN_POINT('',(-2.692793703077,-18.87343584076));
#8642 = CARTESIAN_POINT('',(-2.468394227821,-19.02029686922));
#8643 = CARTESIAN_POINT('',(-2.243994752565,-19.23156646777));
#8644 = CARTESIAN_POINT('',(-2.019595277308,-19.48900245085));
#8645 = CARTESIAN_POINT('',(-1.795195802051,-19.76950065592));
#8646 = CARTESIAN_POINT('',(-1.570796326795,-20.05));
#8647 = ( GEOMETRIC_REPRESENTATION_CONTEXT(2) 
PARAMETRIC_REPRESENTATION_CONTEXT() REPRESENTATION_CONTEXT('2D SPACE',''
  ) );
#8648 = PCURVE('',#8649,#8654);
#8649 = CYLINDRICAL_SURFACE('',#8650,1.25);
#8650 = AXIS2_PLACEMENT_3D('',#8651,#8652,#8653);
#8651 = CARTESIAN_POINT('',(960.,980.05,170.));
#8652 = DIRECTION('',(-0.,1.,-0.));
#8653 = DIRECTION('',(0.,0.,1.));
#8654 = DEFINITIONAL_REPRESENTATION('',(#8655),#8670);
#8655 = B_SPLINE_CURVE_WITH_KNOTS('',7,(#8656,#8657,#8658,#8659,#8660,
    #8661,#8662,#8663,#8664,#8665,#8666,#8667,#8668,#8669),
  .UNSPECIFIED.,.F.,.F.,(8,6,8),(1.570796326795,3.14159265359,
    4.712388980385),.UNSPECIFIED.);
#8656 = CARTESIAN_POINT('',(-6.28318530718,-20.05));
#8657 = CARTESIAN_POINT('',(-6.058785831923,-20.33049934407));
#8658 = CARTESIAN_POINT('',(-5.834386356667,-20.61099754914));
#8659 = CARTESIAN_POINT('',(-5.60998688141,-20.86843353223));
#8660 = CARTESIAN_POINT('',(-5.385587406154,-21.07970313077));
#8661 = CARTESIAN_POINT('',(-5.161187930897,-21.22656415924));
#8662 = CARTESIAN_POINT('',(-4.936788455641,-21.3));
#8663 = CARTESIAN_POINT('',(-4.487989505128,-21.3));
#8664 = CARTESIAN_POINT('',(-4.263590029872,-21.22656415923));
#8665 = CARTESIAN_POINT('',(-4.039190554615,-21.07970313078));
#8666 = CARTESIAN_POINT('',(-3.81479107936,-20.86843353221));
#8667 = CARTESIAN_POINT('',(-3.590391604103,-20.61099754914));
#8668 = CARTESIAN_POINT('',(-3.365992128846,-20.33049934407));
#8669 = CARTESIAN_POINT('',(-3.14159265359,-20.05));
#8670 = ( GEOMETRIC_REPRESENTATION_CONTEXT(2) 
PARAMETRIC_REPRESENTATION_CONTEXT() REPRESENTATION_CONTEXT('2D SPACE',''
  ) );
#8671 = ORIENTED_EDGE('',*,*,#8244,.T.);
#8672 = ORIENTED_EDGE('',*,*,#8601,.F.);
#8673 = ADVANCED_FACE('',(#8674),#7729,.F.);
#8674 = FACE_BOUND('',#8675,.T.);
#8675 = EDGE_LOOP('',(#8676,#8677,#8698,#8699,#8748,#8749));
#8676 = ORIENTED_EDGE('',*,*,#7712,.T.);
#8677 = ORIENTED_EDGE('',*,*,#8678,.T.);
#8678 = EDGE_CURVE('',#7713,#8378,#8679,.T.);
#8679 = SEAM_CURVE('',#8680,(#8684,#8691),.PCURVE_S1.);
#8680 = LINE('',#8681,#8682);
#8681 = CARTESIAN_POINT('',(980.05,961.25,265.));
#8682 = VECTOR('',#8683,1.);
#8683 = DIRECTION('',(-1.,0.,0.));
#8684 = PCURVE('',#7729,#8685);
#8685 = DEFINITIONAL_REPRESENTATION('',(#8686),#8690);
#8686 = LINE('',#8687,#8688);
#8687 = CARTESIAN_POINT('',(-6.28318530718,0.));
#8688 = VECTOR('',#8689,1.);
#8689 = DIRECTION('',(-0.,-1.));
#8690 = ( GEOMETRIC_REPRESENTATION_CONTEXT(2) 
PARAMETRIC_REPRESENTATION_CONTEXT() REPRESENTATION_CONTEXT('2D SPACE',''
  ) );
#8691 = PCURVE('',#7729,#8692);
#8692 = DEFINITIONAL_REPRESENTATION('',(#8693),#8697);
#8693 = LINE('',#8694,#8695);
#8694 = CARTESIAN_POINT('',(-0.,0.));
#8695 = VECTOR('',#8696,1.);
#8696 = DIRECTION('',(-0.,-1.));
#8697 = ( GEOMETRIC_REPRESENTATION_CONTEXT(2) 
PARAMETRIC_REPRESENTATION_CONTEXT() REPRESENTATION_CONTEXT('2D SPACE',''
  ) );
#8698 = ORIENTED_EDGE('',*,*,#8377,.T.);
#8699 = ORIENTED_EDGE('',*,*,#8700,.F.);
#8700 = EDGE_CURVE('',#8280,#8344,#8701,.T.);
#8701 = SURFACE_CURVE('',#8702,(#8707,#8725),.PCURVE_S1.);
#8702 = ELLIPSE('',#8703,1.767766952966,1.25);
#8703 = AXIS2_PLACEMENT_3D('',#8704,#8705,#8706);
#8704 = CARTESIAN_POINT('',(960.,960.,265.));
#8705 = DIRECTION('',(0.707106781187,0.707106781187,-0.));
#8706 = DIRECTION('',(-0.707106781187,0.707106781187,0.));
#8707 = PCURVE('',#7729,#8708);
#8708 = DEFINITIONAL_REPRESENTATION('',(#8709),#8724);
#8709 = B_SPLINE_CURVE_WITH_KNOTS('',7,(#8710,#8711,#8712,#8713,#8714,
    #8715,#8716,#8717,#8718,#8719,#8720,#8721,#8722,#8723),
  .UNSPECIFIED.,.F.,.F.,(8,6,8),(1.570796326795,3.14159265359,
    4.712388980385),.UNSPECIFIED.);
#8710 = CARTESIAN_POINT('',(-4.712388980385,-20.05));
#8711 = CARTESIAN_POINT('',(-4.487989505128,-19.76950065592));
#8712 = CARTESIAN_POINT('',(-4.263590029871,-19.48900245085));
#8713 = CARTESIAN_POINT('',(-4.039190554618,-19.23156646777));
#8714 = CARTESIAN_POINT('',(-3.814791079359,-19.02029686922));
#8715 = CARTESIAN_POINT('',(-3.590391604103,-18.87343584076));
#8716 = CARTESIAN_POINT('',(-3.365992128846,-18.8));
#8717 = CARTESIAN_POINT('',(-2.917193178333,-18.8));
#8718 = CARTESIAN_POINT('',(-2.692793703077,-18.87343584076));
#8719 = CARTESIAN_POINT('',(-2.46839422782,-19.02029686922));
#8720 = CARTESIAN_POINT('',(-2.243994752565,-19.23156646777));
#8721 = CARTESIAN_POINT('',(-2.019595277308,-19.48900245085));
#8722 = CARTESIAN_POINT('',(-1.795195802051,-19.76950065592));
#8723 = CARTESIAN_POINT('',(-1.570796326795,-20.05));
#8724 = ( GEOMETRIC_REPRESENTATION_CONTEXT(2) 
PARAMETRIC_REPRESENTATION_CONTEXT() REPRESENTATION_CONTEXT('2D SPACE',''
  ) );
#8725 = PCURVE('',#8726,#8731);
#8726 = CYLINDRICAL_SURFACE('',#8727,1.25);
#8727 = AXIS2_PLACEMENT_3D('',#8728,#8729,#8730);
#8728 = CARTESIAN_POINT('',(960.,980.05,265.));
#8729 = DIRECTION('',(-0.,1.,-0.));
#8730 = DIRECTION('',(0.,0.,1.));
#8731 = DEFINITIONAL_REPRESENTATION('',(#8732),#8747);
#8732 = B_SPLINE_CURVE_WITH_KNOTS('',7,(#8733,#8734,#8735,#8736,#8737,
    #8738,#8739,#8740,#8741,#8742,#8743,#8744,#8745,#8746),
  .UNSPECIFIED.,.F.,.F.,(8,6,8),(1.570796326795,3.14159265359,
    4.712388980385),.UNSPECIFIED.);
#8733 = CARTESIAN_POINT('',(-6.28318530718,-20.05));
#8734 = CARTESIAN_POINT('',(-6.058785831923,-20.33049934407));
#8735 = CARTESIAN_POINT('',(-5.834386356667,-20.61099754914));
#8736 = CARTESIAN_POINT('',(-5.60998688141,-20.86843353223));
#8737 = CARTESIAN_POINT('',(-5.385587406154,-21.07970313077));
#8738 = CARTESIAN_POINT('',(-5.161187930898,-21.22656415924));
#8739 = CARTESIAN_POINT('',(-4.936788455641,-21.3));
#8740 = CARTESIAN_POINT('',(-4.487989505128,-21.3));
#8741 = CARTESIAN_POINT('',(-4.263590029872,-21.22656415923));
#8742 = CARTESIAN_POINT('',(-4.039190554616,-21.07970313078));
#8743 = CARTESIAN_POINT('',(-3.81479107936,-20.86843353221));
#8744 = CARTESIAN_POINT('',(-3.590391604103,-20.61099754914));
#8745 = CARTESIAN_POINT('',(-3.365992128846,-20.33049934407));
#8746 = CARTESIAN_POINT('',(-3.14159265359,-20.05));
#8747 = ( GEOMETRIC_REPRESENTATION_CONTEXT(2) 
PARAMETRIC_REPRESENTATION_CONTEXT() REPRESENTATION_CONTEXT('2D SPACE',''
  ) );
#8748 = ORIENTED_EDGE('',*,*,#8411,.T.);
#8749 = ORIENTED_EDGE('',*,*,#8678,.F.);
#8750 = ADVANCED_FACE('',(#8751),#7825,.F.);
#8751 = FACE_BOUND('',#8752,.T.);
#8752 = EDGE_LOOP('',(#8753,#8754,#8777,#8804,#8805,#8806));
#8753 = ORIENTED_EDGE('',*,*,#7842,.T.);
#8754 = ORIENTED_EDGE('',*,*,#8755,.T.);
#8755 = EDGE_CURVE('',#7804,#8756,#8758,.T.);
#8756 = VERTEX_POINT('',#8757);
#8757 = CARTESIAN_POINT('',(948.95,961.25,25.));
#8758 = SEAM_CURVE('',#8759,(#8763,#8770),.PCURVE_S1.);
#8759 = LINE('',#8760,#8761);
#8760 = CARTESIAN_POINT('',(980.05,961.25,25.));
#8761 = VECTOR('',#8762,1.);
#8762 = DIRECTION('',(-1.,0.,0.));
#8763 = PCURVE('',#7825,#8764);
#8764 = DEFINITIONAL_REPRESENTATION('',(#8765),#8769);
#8765 = LINE('',#8766,#8767);
#8766 = CARTESIAN_POINT('',(-6.28318530718,0.));
#8767 = VECTOR('',#8768,1.);
#8768 = DIRECTION('',(-0.,-1.));
#8769 = ( GEOMETRIC_REPRESENTATION_CONTEXT(2) 
PARAMETRIC_REPRESENTATION_CONTEXT() REPRESENTATION_CONTEXT('2D SPACE',''
  ) );
#8770 = PCURVE('',#7825,#8771);
#8771 = DEFINITIONAL_REPRESENTATION('',(#8772),#8776);
#8772 = LINE('',#8773,#8774);
#8773 = CARTESIAN_POINT('',(-0.,0.));
#8774 = VECTOR('',#8775,1.);
#8775 = DIRECTION('',(-0.,-1.));
#8776 = ( GEOMETRIC_REPRESENTATION_CONTEXT(2) 
PARAMETRIC_REPRESENTATION_CONTEXT() REPRESENTATION_CONTEXT('2D SPACE',''
  ) );
#8777 = ORIENTED_EDGE('',*,*,#8778,.T.);
#8778 = EDGE_CURVE('',#8756,#8756,#8779,.T.);
#8779 = SURFACE_CURVE('',#8780,(#8785,#8792),.PCURVE_S1.);
#8780 = CIRCLE('',#8781,1.25);
#8781 = AXIS2_PLACEMENT_3D('',#8782,#8783,#8784);
#8782 = CARTESIAN_POINT('',(948.95,960.,25.));
#8783 = DIRECTION('',(-1.,0.,0.));
#8784 = DIRECTION('',(0.,1.,0.));
#8785 = PCURVE('',#7825,#8786);
#8786 = DEFINITIONAL_REPRESENTATION('',(#8787),#8791);
#8787 = LINE('',#8788,#8789);
#8788 = CARTESIAN_POINT('',(-0.,-31.1));
#8789 = VECTOR('',#8790,1.);
#8790 = DIRECTION('',(-1.,0.));
#8791 = ( GEOMETRIC_REPRESENTATION_CONTEXT(2) 
PARAMETRIC_REPRESENTATION_CONTEXT() REPRESENTATION_CONTEXT('2D SPACE',''
  ) );
#8792 = PCURVE('',#8793,#8798);
#8793 = PLANE('',#8794);
#8794 = AXIS2_PLACEMENT_3D('',#8795,#8796,#8797);
#8795 = CARTESIAN_POINT('',(948.95,960.,25.));
#8796 = DIRECTION('',(-1.,-0.,-0.));
#8797 = DIRECTION('',(0.,0.,-1.));
#8798 = DEFINITIONAL_REPRESENTATION('',(#8799),#8803);
#8799 = CIRCLE('',#8800,1.25);
#8800 = AXIS2_PLACEMENT_2D('',#8801,#8802);
#8801 = CARTESIAN_POINT('',(0.,0.));
#8802 = DIRECTION('',(0.,-1.));
#8803 = ( GEOMETRIC_REPRESENTATION_CONTEXT(2) 
PARAMETRIC_REPRESENTATION_CONTEXT() REPRESENTATION_CONTEXT('2D SPACE',''
  ) );
#8804 = ORIENTED_EDGE('',*,*,#8755,.F.);
#8805 = ORIENTED_EDGE('',*,*,#7803,.T.);
#8806 = ORIENTED_EDGE('',*,*,#8807,.F.);
#8807 = EDGE_CURVE('',#7843,#7779,#8808,.T.);
#8808 = SURFACE_CURVE('',#8809,(#8814,#8832),.PCURVE_S1.);
#8809 = ELLIPSE('',#8810,1.767766952966,1.25);
#8810 = AXIS2_PLACEMENT_3D('',#8811,#8812,#8813);
#8811 = CARTESIAN_POINT('',(960.,960.,25.));
#8812 = DIRECTION('',(-0.707106781187,0.707106781187,0.));
#8813 = DIRECTION('',(0.707106781187,0.707106781187,-0.));
#8814 = PCURVE('',#7825,#8815);
#8815 = DEFINITIONAL_REPRESENTATION('',(#8816),#8831);
#8816 = B_SPLINE_CURVE_WITH_KNOTS('',7,(#8817,#8818,#8819,#8820,#8821,
    #8822,#8823,#8824,#8825,#8826,#8827,#8828,#8829,#8830),
  .UNSPECIFIED.,.F.,.F.,(8,6,8),(1.570796326795,3.14159265359,
    4.712388980385),.UNSPECIFIED.);
#8817 = CARTESIAN_POINT('',(-1.570796326795,-20.05));
#8818 = CARTESIAN_POINT('',(-1.795195802051,-20.33049934407));
#8819 = CARTESIAN_POINT('',(-2.019595277307,-20.61099754914));
#8820 = CARTESIAN_POINT('',(-2.243994752566,-20.86843353223));
#8821 = CARTESIAN_POINT('',(-2.468394227819,-21.07970313077));
#8822 = CARTESIAN_POINT('',(-2.692793703077,-21.22656415924));
#8823 = CARTESIAN_POINT('',(-2.917193178333,-21.3));
#8824 = CARTESIAN_POINT('',(-3.365992128846,-21.3));
#8825 = CARTESIAN_POINT('',(-3.590391604102,-21.22656415923));
#8826 = CARTESIAN_POINT('',(-3.814791079361,-21.07970313078));
#8827 = CARTESIAN_POINT('',(-4.039190554613,-20.86843353221));
#8828 = CARTESIAN_POINT('',(-4.263590029873,-20.61099754914));
#8829 = CARTESIAN_POINT('',(-4.487989505128,-20.33049934407));
#8830 = CARTESIAN_POINT('',(-4.712388980385,-20.05));
#8831 = ( GEOMETRIC_REPRESENTATION_CONTEXT(2) 
PARAMETRIC_REPRESENTATION_CONTEXT() REPRESENTATION_CONTEXT('2D SPACE',''
  ) );
#8832 = PCURVE('',#8495,#8833);
#8833 = DEFINITIONAL_REPRESENTATION('',(#8834),#8849);
#8834 = B_SPLINE_CURVE_WITH_KNOTS('',7,(#8835,#8836,#8837,#8838,#8839,
    #8840,#8841,#8842,#8843,#8844,#8845,#8846,#8847,#8848),
  .UNSPECIFIED.,.F.,.F.,(8,6,8),(1.570796326795,3.14159265359,
    4.712388980385),.UNSPECIFIED.);
#8835 = CARTESIAN_POINT('',(-3.14159265359,-20.05));
#8836 = CARTESIAN_POINT('',(-2.917193178333,-20.33049934407));
#8837 = CARTESIAN_POINT('',(-2.692793703077,-20.61099754914));
#8838 = CARTESIAN_POINT('',(-2.468394227819,-20.86843353223));
#8839 = CARTESIAN_POINT('',(-2.243994752566,-21.07970313077));
#8840 = CARTESIAN_POINT('',(-2.019595277308,-21.22656415924));
#8841 = CARTESIAN_POINT('',(-1.795195802051,-21.3));
#8842 = CARTESIAN_POINT('',(-1.346396851538,-21.3));
#8843 = CARTESIAN_POINT('',(-1.121997376282,-21.22656415923));
#8844 = CARTESIAN_POINT('',(-0.897597901025,-21.07970313078));
#8845 = CARTESIAN_POINT('',(-0.67319842577,-20.86843353221));
#8846 = CARTESIAN_POINT('',(-0.448798950513,-20.61099754914));
#8847 = CARTESIAN_POINT('',(-0.224399475256,-20.33049934407));
#8848 = CARTESIAN_POINT('',(0.,-20.05));
#8849 = ( GEOMETRIC_REPRESENTATION_CONTEXT(2) 
PARAMETRIC_REPRESENTATION_CONTEXT() REPRESENTATION_CONTEXT('2D SPACE',''
  ) );
#8850 = ADVANCED_FACE('',(#8851),#7992,.F.);
#8851 = FACE_BOUND('',#8852,.T.);
#8852 = EDGE_LOOP('',(#8853,#8854,#8877,#8904,#8905,#8906));
#8853 = ORIENTED_EDGE('',*,*,#8009,.T.);
#8854 = ORIENTED_EDGE('',*,*,#8855,.T.);
#8855 = EDGE_CURVE('',#7971,#8856,#8858,.T.);
#8856 = VERTEX_POINT('',#8857);
#8857 = CARTESIAN_POINT('',(948.95,961.25,120.));
#8858 = SEAM_CURVE('',#8859,(#8863,#8870),.PCURVE_S1.);
#8859 = LINE('',#8860,#8861);
#8860 = CARTESIAN_POINT('',(980.05,961.25,120.));
#8861 = VECTOR('',#8862,1.);
#8862 = DIRECTION('',(-1.,0.,0.));
#8863 = PCURVE('',#7992,#8864);
#8864 = DEFINITIONAL_REPRESENTATION('',(#8865),#8869);
#8865 = LINE('',#8866,#8867);
#8866 = CARTESIAN_POINT('',(-6.28318530718,0.));
#8867 = VECTOR('',#8868,1.);
#8868 = DIRECTION('',(-0.,-1.));
#8869 = ( GEOMETRIC_REPRESENTATION_CONTEXT(2) 
PARAMETRIC_REPRESENTATION_CONTEXT() REPRESENTATION_CONTEXT('2D SPACE',''
  ) );
#8870 = PCURVE('',#7992,#8871);
#8871 = DEFINITIONAL_REPRESENTATION('',(#8872),#8876);
#8872 = LINE('',#8873,#8874);
#8873 = CARTESIAN_POINT('',(-0.,0.));
#8874 = VECTOR('',#8875,1.);
#8875 = DIRECTION('',(-0.,-1.));
#8876 = ( GEOMETRIC_REPRESENTATION_CONTEXT(2) 
PARAMETRIC_REPRESENTATION_CONTEXT() REPRESENTATION_CONTEXT('2D SPACE',''
  ) );
#8877 = ORIENTED_EDGE('',*,*,#8878,.T.);
#8878 = EDGE_CURVE('',#8856,#8856,#8879,.T.);
#8879 = SURFACE_CURVE('',#8880,(#8885,#8892),.PCURVE_S1.);
#8880 = CIRCLE('',#8881,1.25);
#8881 = AXIS2_PLACEMENT_3D('',#8882,#8883,#8884);
#8882 = CARTESIAN_POINT('',(948.95,960.,120.));
#8883 = DIRECTION('',(-1.,0.,0.));
#8884 = DIRECTION('',(0.,1.,0.));
#8885 = PCURVE('',#7992,#8886);
#8886 = DEFINITIONAL_REPRESENTATION('',(#8887),#8891);
#8887 = LINE('',#8888,#8889);
#8888 = CARTESIAN_POINT('',(-0.,-31.1));
#8889 = VECTOR('',#8890,1.);
#8890 = DIRECTION('',(-1.,0.));
#8891 = ( GEOMETRIC_REPRESENTATION_CONTEXT(2) 
PARAMETRIC_REPRESENTATION_CONTEXT() REPRESENTATION_CONTEXT('2D SPACE',''
  ) );
#8892 = PCURVE('',#8893,#8898);
#8893 = PLANE('',#8894);
#8894 = AXIS2_PLACEMENT_3D('',#8895,#8896,#8897);
#8895 = CARTESIAN_POINT('',(948.95,960.,120.));
#8896 = DIRECTION('',(-1.,-0.,-0.));
#8897 = DIRECTION('',(0.,0.,-1.));
#8898 = DEFINITIONAL_REPRESENTATION('',(#8899),#8903);
#8899 = CIRCLE('',#8900,1.25);
#8900 = AXIS2_PLACEMENT_2D('',#8901,#8902);
#8901 = CARTESIAN_POINT('',(-1.42108547152E-14,0.));
#8902 = DIRECTION('',(0.,-1.));
#8903 = ( GEOMETRIC_REPRESENTATION_CONTEXT(2) 
PARAMETRIC_REPRESENTATION_CONTEXT() REPRESENTATION_CONTEXT('2D SPACE',''
  ) );
#8904 = ORIENTED_EDGE('',*,*,#8855,.F.);
#8905 = ORIENTED_EDGE('',*,*,#7970,.T.);
#8906 = ORIENTED_EDGE('',*,*,#8907,.F.);
#8907 = EDGE_CURVE('',#8010,#7946,#8908,.T.);
#8908 = SURFACE_CURVE('',#8909,(#8914,#8932),.PCURVE_S1.);
#8909 = ELLIPSE('',#8910,1.767766952966,1.25);
#8910 = AXIS2_PLACEMENT_3D('',#8911,#8912,#8913);
#8911 = CARTESIAN_POINT('',(960.,960.,120.));
#8912 = DIRECTION('',(-0.707106781187,0.707106781187,0.));
#8913 = DIRECTION('',(0.707106781187,0.707106781187,-0.));
#8914 = PCURVE('',#7992,#8915);
#8915 = DEFINITIONAL_REPRESENTATION('',(#8916),#8931);
#8916 = B_SPLINE_CURVE_WITH_KNOTS('',7,(#8917,#8918,#8919,#8920,#8921,
    #8922,#8923,#8924,#8925,#8926,#8927,#8928,#8929,#8930),
  .UNSPECIFIED.,.F.,.F.,(8,6,8),(1.570796326795,3.14159265359,
    4.712388980385),.UNSPECIFIED.);
#8917 = CARTESIAN_POINT('',(-1.570796326795,-20.05));
#8918 = CARTESIAN_POINT('',(-1.795195802051,-20.33049934407));
#8919 = CARTESIAN_POINT('',(-2.019595277307,-20.61099754914));
#8920 = CARTESIAN_POINT('',(-2.243994752567,-20.86843353223));
#8921 = CARTESIAN_POINT('',(-2.468394227818,-21.07970313077));
#8922 = CARTESIAN_POINT('',(-2.692793703078,-21.22656415924));
#8923 = CARTESIAN_POINT('',(-2.917193178333,-21.3));
#8924 = CARTESIAN_POINT('',(-3.365992128846,-21.3));
#8925 = CARTESIAN_POINT('',(-3.590391604101,-21.22656415923));
#8926 = CARTESIAN_POINT('',(-3.814791079363,-21.07970313078));
#8927 = CARTESIAN_POINT('',(-4.039190554611,-20.86843353221));
#8928 = CARTESIAN_POINT('',(-4.263590029874,-20.61099754914));
#8929 = CARTESIAN_POINT('',(-4.487989505128,-20.33049934407));
#8930 = CARTESIAN_POINT('',(-4.712388980385,-20.05));
#8931 = ( GEOMETRIC_REPRESENTATION_CONTEXT(2) 
PARAMETRIC_REPRESENTATION_CONTEXT() REPRESENTATION_CONTEXT('2D SPACE',''
  ) );
#8932 = PCURVE('',#8572,#8933);
#8933 = DEFINITIONAL_REPRESENTATION('',(#8934),#8949);
#8934 = B_SPLINE_CURVE_WITH_KNOTS('',7,(#8935,#8936,#8937,#8938,#8939,
    #8940,#8941,#8942,#8943,#8944,#8945,#8946,#8947,#8948),
  .UNSPECIFIED.,.F.,.F.,(8,6,8),(1.570796326795,3.14159265359,
    4.712388980385),.UNSPECIFIED.);
#8935 = CARTESIAN_POINT('',(-3.14159265359,-20.05));
#8936 = CARTESIAN_POINT('',(-2.917193178333,-20.33049934407));
#8937 = CARTESIAN_POINT('',(-2.692793703077,-20.61099754914));
#8938 = CARTESIAN_POINT('',(-2.46839422782,-20.86843353223));
#8939 = CARTESIAN_POINT('',(-2.243994752565,-21.07970313077));
#8940 = CARTESIAN_POINT('',(-2.019595277308,-21.22656415924));
#8941 = CARTESIAN_POINT('',(-1.795195802051,-21.3));
#8942 = CARTESIAN_POINT('',(-1.346396851538,-21.3));
#8943 = CARTESIAN_POINT('',(-1.121997376282,-21.22656415923));
#8944 = CARTESIAN_POINT('',(-0.897597901026,-21.07970313078));
#8945 = CARTESIAN_POINT('',(-0.673198425769,-20.86843353221));
#8946 = CARTESIAN_POINT('',(-0.448798950513,-20.61099754914));
#8947 = CARTESIAN_POINT('',(-0.224399475256,-20.33049934407));
#8948 = CARTESIAN_POINT('',(0.,-20.05));
#8949 = ( GEOMETRIC_REPRESENTATION_CONTEXT(2) 
PARAMETRIC_REPRESENTATION_CONTEXT() REPRESENTATION_CONTEXT('2D SPACE',''
  ) );
#8950 = ADVANCED_FACE('',(#8951),#8159,.F.);
#8951 = FACE_BOUND('',#8952,.T.);
#8952 = EDGE_LOOP('',(#8953,#8954,#8977,#9004,#9005,#9006));
#8953 = ORIENTED_EDGE('',*,*,#8176,.T.);
#8954 = ORIENTED_EDGE('',*,*,#8955,.T.);
#8955 = EDGE_CURVE('',#8138,#8956,#8958,.T.);
#8956 = VERTEX_POINT('',#8957);
#8957 = CARTESIAN_POINT('',(948.95,961.25,170.));
#8958 = SEAM_CURVE('',#8959,(#8963,#8970),.PCURVE_S1.);
#8959 = LINE('',#8960,#8961);
#8960 = CARTESIAN_POINT('',(980.05,961.25,170.));
#8961 = VECTOR('',#8962,1.);
#8962 = DIRECTION('',(-1.,0.,0.));
#8963 = PCURVE('',#8159,#8964);
#8964 = DEFINITIONAL_REPRESENTATION('',(#8965),#8969);
#8965 = LINE('',#8966,#8967);
#8966 = CARTESIAN_POINT('',(-6.28318530718,0.));
#8967 = VECTOR('',#8968,1.);
#8968 = DIRECTION('',(-0.,-1.));
#8969 = ( GEOMETRIC_REPRESENTATION_CONTEXT(2) 
PARAMETRIC_REPRESENTATION_CONTEXT() REPRESENTATION_CONTEXT('2D SPACE',''
  ) );
#8970 = PCURVE('',#8159,#8971);
#8971 = DEFINITIONAL_REPRESENTATION('',(#8972),#8976);
#8972 = LINE('',#8973,#8974);
#8973 = CARTESIAN_POINT('',(-0.,0.));
#8974 = VECTOR('',#8975,1.);
#8975 = DIRECTION('',(-0.,-1.));
#8976 = ( GEOMETRIC_REPRESENTATION_CONTEXT(2) 
PARAMETRIC_REPRESENTATION_CONTEXT() REPRESENTATION_CONTEXT('2D SPACE',''
  ) );
#8977 = ORIENTED_EDGE('',*,*,#8978,.T.);
#8978 = EDGE_CURVE('',#8956,#8956,#8979,.T.);
#8979 = SURFACE_CURVE('',#8980,(#8985,#8992),.PCURVE_S1.);
#8980 = CIRCLE('',#8981,1.25);
#8981 = AXIS2_PLACEMENT_3D('',#8982,#8983,#8984);
#8982 = CARTESIAN_POINT('',(948.95,960.,170.));
#8983 = DIRECTION('',(-1.,0.,0.));
#8984 = DIRECTION('',(0.,1.,0.));
#8985 = PCURVE('',#8159,#8986);
#8986 = DEFINITIONAL_REPRESENTATION('',(#8987),#8991);
#8987 = LINE('',#8988,#8989);
#8988 = CARTESIAN_POINT('',(-0.,-31.1));
#8989 = VECTOR('',#8990,1.);
#8990 = DIRECTION('',(-1.,0.));
#8991 = ( GEOMETRIC_REPRESENTATION_CONTEXT(2) 
PARAMETRIC_REPRESENTATION_CONTEXT() REPRESENTATION_CONTEXT('2D SPACE',''
  ) );
#8992 = PCURVE('',#8993,#8998);
#8993 = PLANE('',#8994);
#8994 = AXIS2_PLACEMENT_3D('',#8995,#8996,#8997);
#8995 = CARTESIAN_POINT('',(948.95,960.,170.));
#8996 = DIRECTION('',(-1.,-0.,-0.));
#8997 = DIRECTION('',(0.,0.,-1.));
#8998 = DEFINITIONAL_REPRESENTATION('',(#8999),#9003);
#8999 = CIRCLE('',#9000,1.25);
#9000 = AXIS2_PLACEMENT_2D('',#9001,#9002);
#9001 = CARTESIAN_POINT('',(0.,0.));
#9002 = DIRECTION('',(0.,-1.));
#9003 = ( GEOMETRIC_REPRESENTATION_CONTEXT(2) 
PARAMETRIC_REPRESENTATION_CONTEXT() REPRESENTATION_CONTEXT('2D SPACE',''
  ) );
#9004 = ORIENTED_EDGE('',*,*,#8955,.F.);
#9005 = ORIENTED_EDGE('',*,*,#8137,.T.);
#9006 = ORIENTED_EDGE('',*,*,#9007,.F.);
#9007 = EDGE_CURVE('',#8177,#8113,#9008,.T.);
#9008 = SURFACE_CURVE('',#9009,(#9014,#9032),.PCURVE_S1.);
#9009 = ELLIPSE('',#9010,1.767766952966,1.25);
#9010 = AXIS2_PLACEMENT_3D('',#9011,#9012,#9013);
#9011 = CARTESIAN_POINT('',(960.,960.,170.));
#9012 = DIRECTION('',(-0.707106781187,0.707106781187,0.));
#9013 = DIRECTION('',(0.707106781187,0.707106781187,-0.));
#9014 = PCURVE('',#8159,#9015);
#9015 = DEFINITIONAL_REPRESENTATION('',(#9016),#9031);
#9016 = B_SPLINE_CURVE_WITH_KNOTS('',7,(#9017,#9018,#9019,#9020,#9021,
    #9022,#9023,#9024,#9025,#9026,#9027,#9028,#9029,#9030),
  .UNSPECIFIED.,.F.,.F.,(8,6,8),(1.570796326795,3.14159265359,
    4.712388980385),.UNSPECIFIED.);
#9017 = CARTESIAN_POINT('',(-1.570796326795,-20.05));
#9018 = CARTESIAN_POINT('',(-1.795195802051,-20.33049934407));
#9019 = CARTESIAN_POINT('',(-2.019595277307,-20.61099754914));
#9020 = CARTESIAN_POINT('',(-2.243994752566,-20.86843353223));
#9021 = CARTESIAN_POINT('',(-2.46839422782,-21.07970313077));
#9022 = CARTESIAN_POINT('',(-2.692793703077,-21.22656415924));
#9023 = CARTESIAN_POINT('',(-2.917193178333,-21.3));
#9024 = CARTESIAN_POINT('',(-3.365992128846,-21.3));
#9025 = CARTESIAN_POINT('',(-3.590391604102,-21.22656415923));
#9026 = CARTESIAN_POINT('',(-3.81479107936,-21.07970313078));
#9027 = CARTESIAN_POINT('',(-4.039190554612,-20.86843353221));
#9028 = CARTESIAN_POINT('',(-4.263590029873,-20.61099754914));
#9029 = CARTESIAN_POINT('',(-4.487989505128,-20.33049934407));
#9030 = CARTESIAN_POINT('',(-4.712388980385,-20.05));
#9031 = ( GEOMETRIC_REPRESENTATION_CONTEXT(2) 
PARAMETRIC_REPRESENTATION_CONTEXT() REPRESENTATION_CONTEXT('2D SPACE',''
  ) );
#9032 = PCURVE('',#8649,#9033);
#9033 = DEFINITIONAL_REPRESENTATION('',(#9034),#9049);
#9034 = B_SPLINE_CURVE_WITH_KNOTS('',7,(#9035,#9036,#9037,#9038,#9039,
    #9040,#9041,#9042,#9043,#9044,#9045,#9046,#9047,#9048),
  .UNSPECIFIED.,.F.,.F.,(8,6,8),(1.570796326795,3.14159265359,
    4.712388980385),.UNSPECIFIED.);
#9035 = CARTESIAN_POINT('',(-3.14159265359,-20.05));
#9036 = CARTESIAN_POINT('',(-2.917193178333,-20.33049934407));
#9037 = CARTESIAN_POINT('',(-2.692793703077,-20.61099754914));
#9038 = CARTESIAN_POINT('',(-2.46839422782,-20.86843353223));
#9039 = CARTESIAN_POINT('',(-2.243994752565,-21.07970313077));
#9040 = CARTESIAN_POINT('',(-2.019595277308,-21.22656415924));
#9041 = CARTESIAN_POINT('',(-1.795195802051,-21.3));
#9042 = CARTESIAN_POINT('',(-1.346396851538,-21.3));
#9043 = CARTESIAN_POINT('',(-1.121997376282,-21.22656415923));
#9044 = CARTESIAN_POINT('',(-0.897597901026,-21.07970313078));
#9045 = CARTESIAN_POINT('',(-0.673198425769,-20.86843353221));
#9046 = CARTESIAN_POINT('',(-0.448798950513,-20.61099754914));
#9047 = CARTESIAN_POINT('',(-0.224399475256,-20.33049934407));
#9048 = CARTESIAN_POINT('',(0.,-20.05));
#9049 = ( GEOMETRIC_REPRESENTATION_CONTEXT(2) 
PARAMETRIC_REPRESENTATION_CONTEXT() REPRESENTATION_CONTEXT('2D SPACE',''
  ) );
#9050 = ADVANCED_FACE('',(#9051),#8326,.F.);
#9051 = FACE_BOUND('',#9052,.T.);
#9052 = EDGE_LOOP('',(#9053,#9054,#9077,#9104,#9105,#9106));
#9053 = ORIENTED_EDGE('',*,*,#8343,.T.);
#9054 = ORIENTED_EDGE('',*,*,#9055,.T.);
#9055 = EDGE_CURVE('',#8305,#9056,#9058,.T.);
#9056 = VERTEX_POINT('',#9057);
#9057 = CARTESIAN_POINT('',(948.95,961.25,265.));
#9058 = SEAM_CURVE('',#9059,(#9063,#9070),.PCURVE_S1.);
#9059 = LINE('',#9060,#9061);
#9060 = CARTESIAN_POINT('',(980.05,961.25,265.));
#9061 = VECTOR('',#9062,1.);
#9062 = DIRECTION('',(-1.,0.,0.));
#9063 = PCURVE('',#8326,#9064);
#9064 = DEFINITIONAL_REPRESENTATION('',(#9065),#9069);
#9065 = LINE('',#9066,#9067);
#9066 = CARTESIAN_POINT('',(-6.28318530718,0.));
#9067 = VECTOR('',#9068,1.);
#9068 = DIRECTION('',(-0.,-1.));
#9069 = ( GEOMETRIC_REPRESENTATION_CONTEXT(2) 
PARAMETRIC_REPRESENTATION_CONTEXT() REPRESENTATION_CONTEXT('2D SPACE',''
  ) );
#9070 = PCURVE('',#8326,#9071);
#9071 = DEFINITIONAL_REPRESENTATION('',(#9072),#9076);
#9072 = LINE('',#9073,#9074);
#9073 = CARTESIAN_POINT('',(-0.,0.));
#9074 = VECTOR('',#9075,1.);
#9075 = DIRECTION('',(-0.,-1.));
#9076 = ( GEOMETRIC_REPRESENTATION_CONTEXT(2) 
PARAMETRIC_REPRESENTATION_CONTEXT() REPRESENTATION_CONTEXT('2D SPACE',''
  ) );
#9077 = ORIENTED_EDGE('',*,*,#9078,.T.);
#9078 = EDGE_CURVE('',#9056,#9056,#9079,.T.);
#9079 = SURFACE_CURVE('',#9080,(#9085,#9092),.PCURVE_S1.);
#9080 = CIRCLE('',#9081,1.25);
#9081 = AXIS2_PLACEMENT_3D('',#9082,#9083,#9084);
#9082 = CARTESIAN_POINT('',(948.95,960.,265.));
#9083 = DIRECTION('',(-1.,0.,0.));
#9084 = DIRECTION('',(0.,1.,0.));
#9085 = PCURVE('',#8326,#9086);
#9086 = DEFINITIONAL_REPRESENTATION('',(#9087),#9091);
#9087 = LINE('',#9088,#9089);
#9088 = CARTESIAN_POINT('',(-0.,-31.1));
#9089 = VECTOR('',#9090,1.);
#9090 = DIRECTION('',(-1.,0.));
#9091 = ( GEOMETRIC_REPRESENTATION_CONTEXT(2) 
PARAMETRIC_REPRESENTATION_CONTEXT() REPRESENTATION_CONTEXT('2D SPACE',''
  ) );
#9092 = PCURVE('',#9093,#9098);
#9093 = PLANE('',#9094);
#9094 = AXIS2_PLACEMENT_3D('',#9095,#9096,#9097);
#9095 = CARTESIAN_POINT('',(948.95,960.,265.));
#9096 = DIRECTION('',(-1.,-0.,-0.));
#9097 = DIRECTION('',(0.,0.,-1.));
#9098 = DEFINITIONAL_REPRESENTATION('',(#9099),#9103);
#9099 = CIRCLE('',#9100,1.25);
#9100 = AXIS2_PLACEMENT_2D('',#9101,#9102);
#9101 = CARTESIAN_POINT('',(0.,0.));
#9102 = DIRECTION('',(0.,-1.));
#9103 = ( GEOMETRIC_REPRESENTATION_CONTEXT(2) 
PARAMETRIC_REPRESENTATION_CONTEXT() REPRESENTATION_CONTEXT('2D SPACE',''
  ) );
#9104 = ORIENTED_EDGE('',*,*,#9055,.F.);
#9105 = ORIENTED_EDGE('',*,*,#8304,.T.);
#9106 = ORIENTED_EDGE('',*,*,#9107,.F.);
#9107 = EDGE_CURVE('',#8344,#8280,#9108,.T.);
#9108 = SURFACE_CURVE('',#9109,(#9114,#9132),.PCURVE_S1.);
#9109 = ELLIPSE('',#9110,1.767766952966,1.25);
#9110 = AXIS2_PLACEMENT_3D('',#9111,#9112,#9113);
#9111 = CARTESIAN_POINT('',(960.,960.,265.));
#9112 = DIRECTION('',(-0.707106781187,0.707106781187,0.));
#9113 = DIRECTION('',(0.707106781187,0.707106781187,-0.));
#9114 = PCURVE('',#8326,#9115);
#9115 = DEFINITIONAL_REPRESENTATION('',(#9116),#9131);
#9116 = B_SPLINE_CURVE_WITH_KNOTS('',7,(#9117,#9118,#9119,#9120,#9121,
    #9122,#9123,#9124,#9125,#9126,#9127,#9128,#9129,#9130),
  .UNSPECIFIED.,.F.,.F.,(8,6,8),(1.570796326795,3.14159265359,
    4.712388980385),.UNSPECIFIED.);
#9117 = CARTESIAN_POINT('',(-1.570796326795,-20.05));
#9118 = CARTESIAN_POINT('',(-1.795195802051,-20.33049934407));
#9119 = CARTESIAN_POINT('',(-2.019595277308,-20.61099754914));
#9120 = CARTESIAN_POINT('',(-2.243994752566,-20.86843353223));
#9121 = CARTESIAN_POINT('',(-2.468394227821,-21.07970313077));
#9122 = CARTESIAN_POINT('',(-2.692793703077,-21.22656415924));
#9123 = CARTESIAN_POINT('',(-2.917193178333,-21.3));
#9124 = CARTESIAN_POINT('',(-3.365992128846,-21.3));
#9125 = CARTESIAN_POINT('',(-3.590391604103,-21.22656415923));
#9126 = CARTESIAN_POINT('',(-3.81479107936,-21.07970313078));
#9127 = CARTESIAN_POINT('',(-4.039190554617,-20.86843353221));
#9128 = CARTESIAN_POINT('',(-4.263590029872,-20.61099754914));
#9129 = CARTESIAN_POINT('',(-4.487989505128,-20.33049934407));
#9130 = CARTESIAN_POINT('',(-4.712388980385,-20.05));
#9131 = ( GEOMETRIC_REPRESENTATION_CONTEXT(2) 
PARAMETRIC_REPRESENTATION_CONTEXT() REPRESENTATION_CONTEXT('2D SPACE',''
  ) );
#9132 = PCURVE('',#8726,#9133);
#9133 = DEFINITIONAL_REPRESENTATION('',(#9134),#9149);
#9134 = B_SPLINE_CURVE_WITH_KNOTS('',7,(#9135,#9136,#9137,#9138,#9139,
    #9140,#9141,#9142,#9143,#9144,#9145,#9146,#9147,#9148),
  .UNSPECIFIED.,.F.,.F.,(8,6,8),(1.570796326795,3.14159265359,
    4.712388980385),.UNSPECIFIED.);
#9135 = CARTESIAN_POINT('',(-3.14159265359,-20.05));
#9136 = CARTESIAN_POINT('',(-2.917193178333,-20.33049934407));
#9137 = CARTESIAN_POINT('',(-2.692793703078,-20.61099754914));
#9138 = CARTESIAN_POINT('',(-2.468394227819,-20.86843353223));
#9139 = CARTESIAN_POINT('',(-2.243994752566,-21.07970313077));
#9140 = CARTESIAN_POINT('',(-2.019595277307,-21.22656415924));
#9141 = CARTESIAN_POINT('',(-1.795195802051,-21.3));
#9142 = CARTESIAN_POINT('',(-1.346396851538,-21.3));
#9143 = CARTESIAN_POINT('',(-1.121997376282,-21.22656415923));
#9144 = CARTESIAN_POINT('',(-0.897597901025,-21.07970313078));
#9145 = CARTESIAN_POINT('',(-0.67319842577,-20.86843353221));
#9146 = CARTESIAN_POINT('',(-0.448798950513,-20.61099754914));
#9147 = CARTESIAN_POINT('',(-0.224399475256,-20.33049934407));
#9148 = CARTESIAN_POINT('',(0.,-20.05));
#9149 = ( GEOMETRIC_REPRESENTATION_CONTEXT(2) 
PARAMETRIC_REPRESENTATION_CONTEXT() REPRESENTATION_CONTEXT('2D SPACE',''
  ) );
#9150 = ADVANCED_FACE('',(#9151),#8495,.F.);
#9151 = FACE_BOUND('',#9152,.T.);
#9152 = EDGE_LOOP('',(#9153,#9154,#9177,#9204,#9205));
#9153 = ORIENTED_EDGE('',*,*,#8807,.T.);
#9154 = ORIENTED_EDGE('',*,*,#9155,.T.);
#9155 = EDGE_CURVE('',#7779,#9156,#9158,.T.);
#9156 = VERTEX_POINT('',#9157);
#9157 = CARTESIAN_POINT('',(960.,948.95,26.25));
#9158 = SEAM_CURVE('',#9159,(#9163,#9170),.PCURVE_S1.);
#9159 = LINE('',#9160,#9161);
#9160 = CARTESIAN_POINT('',(960.,980.05,26.25));
#9161 = VECTOR('',#9162,1.);
#9162 = DIRECTION('',(0.,-1.,0.));
#9163 = PCURVE('',#8495,#9164);
#9164 = DEFINITIONAL_REPRESENTATION('',(#9165),#9169);
#9165 = LINE('',#9166,#9167);
#9166 = CARTESIAN_POINT('',(-6.28318530718,0.));
#9167 = VECTOR('',#9168,1.);
#9168 = DIRECTION('',(-0.,-1.));
#9169 = ( GEOMETRIC_REPRESENTATION_CONTEXT(2) 
PARAMETRIC_REPRESENTATION_CONTEXT() REPRESENTATION_CONTEXT('2D SPACE',''
  ) );
#9170 = PCURVE('',#8495,#9171);
#9171 = DEFINITIONAL_REPRESENTATION('',(#9172),#9176);
#9172 = LINE('',#9173,#9174);
#9173 = CARTESIAN_POINT('',(-0.,0.));
#9174 = VECTOR('',#9175,1.);
#9175 = DIRECTION('',(-0.,-1.));
#9176 = ( GEOMETRIC_REPRESENTATION_CONTEXT(2) 
PARAMETRIC_REPRESENTATION_CONTEXT() REPRESENTATION_CONTEXT('2D SPACE',''
  ) );
#9177 = ORIENTED_EDGE('',*,*,#9178,.T.);
#9178 = EDGE_CURVE('',#9156,#9156,#9179,.T.);
#9179 = SURFACE_CURVE('',#9180,(#9185,#9192),.PCURVE_S1.);
#9180 = CIRCLE('',#9181,1.25);
#9181 = AXIS2_PLACEMENT_3D('',#9182,#9183,#9184);
#9182 = CARTESIAN_POINT('',(960.,948.95,25.));
#9183 = DIRECTION('',(0.,-1.,0.));
#9184 = DIRECTION('',(0.,0.,1.));
#9185 = PCURVE('',#8495,#9186);
#9186 = DEFINITIONAL_REPRESENTATION('',(#9187),#9191);
#9187 = LINE('',#9188,#9189);
#9188 = CARTESIAN_POINT('',(-0.,-31.1));
#9189 = VECTOR('',#9190,1.);
#9190 = DIRECTION('',(-1.,0.));
#9191 = ( GEOMETRIC_REPRESENTATION_CONTEXT(2) 
PARAMETRIC_REPRESENTATION_CONTEXT() REPRESENTATION_CONTEXT('2D SPACE',''
  ) );
#9192 = PCURVE('',#9193,#9198);
#9193 = PLANE('',#9194);
#9194 = AXIS2_PLACEMENT_3D('',#9195,#9196,#9197);
#9195 = CARTESIAN_POINT('',(960.,948.95,25.));
#9196 = DIRECTION('',(-0.,-1.,-0.));
#9197 = DIRECTION('',(0.,0.,-1.));
#9198 = DEFINITIONAL_REPRESENTATION('',(#9199),#9203);
#9199 = CIRCLE('',#9200,1.25);
#9200 = AXIS2_PLACEMENT_2D('',#9201,#9202);
#9201 = CARTESIAN_POINT('',(3.552713678801E-15,1.136868377216E-13));
#9202 = DIRECTION('',(-1.,0.));
#9203 = ( GEOMETRIC_REPRESENTATION_CONTEXT(2) 
PARAMETRIC_REPRESENTATION_CONTEXT() REPRESENTATION_CONTEXT('2D SPACE',''
  ) );
#9204 = ORIENTED_EDGE('',*,*,#9155,.F.);
#9205 = ORIENTED_EDGE('',*,*,#8469,.T.);
#9206 = ADVANCED_FACE('',(#9207),#8572,.F.);
#9207 = FACE_BOUND('',#9208,.T.);
#9208 = EDGE_LOOP('',(#9209,#9210,#9233,#9260,#9261));
#9209 = ORIENTED_EDGE('',*,*,#8907,.T.);
#9210 = ORIENTED_EDGE('',*,*,#9211,.T.);
#9211 = EDGE_CURVE('',#7946,#9212,#9214,.T.);
#9212 = VERTEX_POINT('',#9213);
#9213 = CARTESIAN_POINT('',(960.,948.95,121.25));
#9214 = SEAM_CURVE('',#9215,(#9219,#9226),.PCURVE_S1.);
#9215 = LINE('',#9216,#9217);
#9216 = CARTESIAN_POINT('',(960.,980.05,121.25));
#9217 = VECTOR('',#9218,1.);
#9218 = DIRECTION('',(0.,-1.,0.));
#9219 = PCURVE('',#8572,#9220);
#9220 = DEFINITIONAL_REPRESENTATION('',(#9221),#9225);
#9221 = LINE('',#9222,#9223);
#9222 = CARTESIAN_POINT('',(-6.28318530718,0.));
#9223 = VECTOR('',#9224,1.);
#9224 = DIRECTION('',(-0.,-1.));
#9225 = ( GEOMETRIC_REPRESENTATION_CONTEXT(2) 
PARAMETRIC_REPRESENTATION_CONTEXT() REPRESENTATION_CONTEXT('2D SPACE',''
  ) );
#9226 = PCURVE('',#8572,#9227);
#9227 = DEFINITIONAL_REPRESENTATION('',(#9228),#9232);
#9228 = LINE('',#9229,#9230);
#9229 = CARTESIAN_POINT('',(-0.,0.));
#9230 = VECTOR('',#9231,1.);
#9231 = DIRECTION('',(-0.,-1.));
#9232 = ( GEOMETRIC_REPRESENTATION_CONTEXT(2) 
PARAMETRIC_REPRESENTATION_CONTEXT() REPRESENTATION_CONTEXT('2D SPACE',''
  ) );
#9233 = ORIENTED_EDGE('',*,*,#9234,.T.);
#9234 = EDGE_CURVE('',#9212,#9212,#9235,.T.);
#9235 = SURFACE_CURVE('',#9236,(#9241,#9248),.PCURVE_S1.);
#9236 = CIRCLE('',#9237,1.25);
#9237 = AXIS2_PLACEMENT_3D('',#9238,#9239,#9240);
#9238 = CARTESIAN_POINT('',(960.,948.95,120.));
#9239 = DIRECTION('',(0.,-1.,0.));
#9240 = DIRECTION('',(0.,0.,1.));
#9241 = PCURVE('',#8572,#9242);
#9242 = DEFINITIONAL_REPRESENTATION('',(#9243),#9247);
#9243 = LINE('',#9244,#9245);
#9244 = CARTESIAN_POINT('',(-0.,-31.1));
#9245 = VECTOR('',#9246,1.);
#9246 = DIRECTION('',(-1.,0.));
#9247 = ( GEOMETRIC_REPRESENTATION_CONTEXT(2) 
PARAMETRIC_REPRESENTATION_CONTEXT() REPRESENTATION_CONTEXT('2D SPACE',''
  ) );
#9248 = PCURVE('',#9249,#9254);
#9249 = PLANE('',#9250);
#9250 = AXIS2_PLACEMENT_3D('',#9251,#9252,#9253);
#9251 = CARTESIAN_POINT('',(960.,948.95,120.));
#9252 = DIRECTION('',(-0.,-1.,-0.));
#9253 = DIRECTION('',(0.,0.,-1.));
#9254 = DEFINITIONAL_REPRESENTATION('',(#9255),#9259);
#9255 = CIRCLE('',#9256,1.25);
#9256 = AXIS2_PLACEMENT_2D('',#9257,#9258);
#9257 = CARTESIAN_POINT('',(1.42108547152E-14,1.136868377216E-13));
#9258 = DIRECTION('',(-1.,0.));
#9259 = ( GEOMETRIC_REPRESENTATION_CONTEXT(2) 
PARAMETRIC_REPRESENTATION_CONTEXT() REPRESENTATION_CONTEXT('2D SPACE',''
  ) );
#9260 = ORIENTED_EDGE('',*,*,#9211,.F.);
#9261 = ORIENTED_EDGE('',*,*,#8546,.T.);
#9262 = ADVANCED_FACE('',(#9263),#8649,.F.);
#9263 = FACE_BOUND('',#9264,.T.);
#9264 = EDGE_LOOP('',(#9265,#9266,#9289,#9316,#9317));
#9265 = ORIENTED_EDGE('',*,*,#9007,.T.);
#9266 = ORIENTED_EDGE('',*,*,#9267,.T.);
#9267 = EDGE_CURVE('',#8113,#9268,#9270,.T.);
#9268 = VERTEX_POINT('',#9269);
#9269 = CARTESIAN_POINT('',(960.,948.95,171.25));
#9270 = SEAM_CURVE('',#9271,(#9275,#9282),.PCURVE_S1.);
#9271 = LINE('',#9272,#9273);
#9272 = CARTESIAN_POINT('',(960.,980.05,171.25));
#9273 = VECTOR('',#9274,1.);
#9274 = DIRECTION('',(0.,-1.,0.));
#9275 = PCURVE('',#8649,#9276);
#9276 = DEFINITIONAL_REPRESENTATION('',(#9277),#9281);
#9277 = LINE('',#9278,#9279);
#9278 = CARTESIAN_POINT('',(-6.28318530718,0.));
#9279 = VECTOR('',#9280,1.);
#9280 = DIRECTION('',(-0.,-1.));
#9281 = ( GEOMETRIC_REPRESENTATION_CONTEXT(2) 
PARAMETRIC_REPRESENTATION_CONTEXT() REPRESENTATION_CONTEXT('2D SPACE',''
  ) );
#9282 = PCURVE('',#8649,#9283);
#9283 = DEFINITIONAL_REPRESENTATION('',(#9284),#9288);
#9284 = LINE('',#9285,#9286);
#9285 = CARTESIAN_POINT('',(-0.,0.));
#9286 = VECTOR('',#9287,1.);
#9287 = DIRECTION('',(-0.,-1.));
#9288 = ( GEOMETRIC_REPRESENTATION_CONTEXT(2) 
PARAMETRIC_REPRESENTATION_CONTEXT() REPRESENTATION_CONTEXT('2D SPACE',''
  ) );
#9289 = ORIENTED_EDGE('',*,*,#9290,.T.);
#9290 = EDGE_CURVE('',#9268,#9268,#9291,.T.);
#9291 = SURFACE_CURVE('',#9292,(#9297,#9304),.PCURVE_S1.);
#9292 = CIRCLE('',#9293,1.25);
#9293 = AXIS2_PLACEMENT_3D('',#9294,#9295,#9296);
#9294 = CARTESIAN_POINT('',(960.,948.95,170.));
#9295 = DIRECTION('',(0.,-1.,0.));
#9296 = DIRECTION('',(0.,0.,1.));
#9297 = PCURVE('',#8649,#9298);
#9298 = DEFINITIONAL_REPRESENTATION('',(#9299),#9303);
#9299 = LINE('',#9300,#9301);
#9300 = CARTESIAN_POINT('',(-0.,-31.1));
#9301 = VECTOR('',#9302,1.);
#9302 = DIRECTION('',(-1.,0.));
#9303 = ( GEOMETRIC_REPRESENTATION_CONTEXT(2) 
PARAMETRIC_REPRESENTATION_CONTEXT() REPRESENTATION_CONTEXT('2D SPACE',''
  ) );
#9304 = PCURVE('',#9305,#9310);
#9305 = PLANE('',#9306);
#9306 = AXIS2_PLACEMENT_3D('',#9307,#9308,#9309);
#9307 = CARTESIAN_POINT('',(960.,948.95,170.));
#9308 = DIRECTION('',(-0.,-1.,-0.));
#9309 = DIRECTION('',(0.,0.,-1.));
#9310 = DEFINITIONAL_REPRESENTATION('',(#9311),#9315);
#9311 = CIRCLE('',#9312,1.25);
#9312 = AXIS2_PLACEMENT_2D('',#9313,#9314);
#9313 = CARTESIAN_POINT('',(0.,1.136868377216E-13));
#9314 = DIRECTION('',(-1.,0.));
#9315 = ( GEOMETRIC_REPRESENTATION_CONTEXT(2) 
PARAMETRIC_REPRESENTATION_CONTEXT() REPRESENTATION_CONTEXT('2D SPACE',''
  ) );
#9316 = ORIENTED_EDGE('',*,*,#9267,.F.);
#9317 = ORIENTED_EDGE('',*,*,#8623,.T.);
#9318 = ADVANCED_FACE('',(#9319),#8726,.F.);
#9319 = FACE_BOUND('',#9320,.T.);
#9320 = EDGE_LOOP('',(#9321,#9322,#9345,#9372,#9373));
#9321 = ORIENTED_EDGE('',*,*,#9107,.T.);
#9322 = ORIENTED_EDGE('',*,*,#9323,.T.);
#9323 = EDGE_CURVE('',#8280,#9324,#9326,.T.);
#9324 = VERTEX_POINT('',#9325);
#9325 = CARTESIAN_POINT('',(960.,948.95,266.25));
#9326 = SEAM_CURVE('',#9327,(#9331,#9338),.PCURVE_S1.);
#9327 = LINE('',#9328,#9329);
#9328 = CARTESIAN_POINT('',(960.,980.05,266.25));
#9329 = VECTOR('',#9330,1.);
#9330 = DIRECTION('',(0.,-1.,0.));
#9331 = PCURVE('',#8726,#9332);
#9332 = DEFINITIONAL_REPRESENTATION('',(#9333),#9337);
#9333 = LINE('',#9334,#9335);
#9334 = CARTESIAN_POINT('',(-6.28318530718,0.));
#9335 = VECTOR('',#9336,1.);
#9336 = DIRECTION('',(-0.,-1.));
#9337 = ( GEOMETRIC_REPRESENTATION_CONTEXT(2) 
PARAMETRIC_REPRESENTATION_CONTEXT() REPRESENTATION_CONTEXT('2D SPACE',''
  ) );
#9338 = PCURVE('',#8726,#9339);
#9339 = DEFINITIONAL_REPRESENTATION('',(#9340),#9344);
#9340 = LINE('',#9341,#9342);
#9341 = CARTESIAN_POINT('',(-0.,0.));
#9342 = VECTOR('',#9343,1.);
#9343 = DIRECTION('',(-0.,-1.));
#9344 = ( GEOMETRIC_REPRESENTATION_CONTEXT(2) 
PARAMETRIC_REPRESENTATION_CONTEXT() REPRESENTATION_CONTEXT('2D SPACE',''
  ) );
#9345 = ORIENTED_EDGE('',*,*,#9346,.T.);
#9346 = EDGE_CURVE('',#9324,#9324,#9347,.T.);
#9347 = SURFACE_CURVE('',#9348,(#9353,#9360),.PCURVE_S1.);
#9348 = CIRCLE('',#9349,1.25);
#9349 = AXIS2_PLACEMENT_3D('',#9350,#9351,#9352);
#9350 = CARTESIAN_POINT('',(960.,948.95,265.));
#9351 = DIRECTION('',(0.,-1.,0.));
#9352 = DIRECTION('',(0.,0.,1.));
#9353 = PCURVE('',#8726,#9354);
#9354 = DEFINITIONAL_REPRESENTATION('',(#9355),#9359);
#9355 = LINE('',#9356,#9357);
#9356 = CARTESIAN_POINT('',(-0.,-31.1));
#9357 = VECTOR('',#9358,1.);
#9358 = DIRECTION('',(-1.,0.));
#9359 = ( GEOMETRIC_REPRESENTATION_CONTEXT(2) 
PARAMETRIC_REPRESENTATION_CONTEXT() REPRESENTATION_CONTEXT('2D SPACE',''
  ) );
#9360 = PCURVE('',#9361,#9366);
#9361 = PLANE('',#9362);
#9362 = AXIS2_PLACEMENT_3D('',#9363,#9364,#9365);
#9363 = CARTESIAN_POINT('',(960.,948.95,265.));
#9364 = DIRECTION('',(-0.,-1.,-0.));
#9365 = DIRECTION('',(0.,0.,-1.));
#9366 = DEFINITIONAL_REPRESENTATION('',(#9367),#9371);
#9367 = CIRCLE('',#9368,1.25);
#9368 = AXIS2_PLACEMENT_2D('',#9369,#9370);
#9369 = CARTESIAN_POINT('',(0.,1.136868377216E-13));
#9370 = DIRECTION('',(-1.,0.));
#9371 = ( GEOMETRIC_REPRESENTATION_CONTEXT(2) 
PARAMETRIC_REPRESENTATION_CONTEXT() REPRESENTATION_CONTEXT('2D SPACE',''
  ) );
#9372 = ORIENTED_EDGE('',*,*,#9323,.F.);
#9373 = ORIENTED_EDGE('',*,*,#8700,.T.);
#9374 = ADVANCED_FACE('',(#9375),#8793,.F.);
#9375 = FACE_BOUND('',#9376,.F.);
#9376 = EDGE_LOOP('',(#9377));
#9377 = ORIENTED_EDGE('',*,*,#8778,.T.);
#9378 = ADVANCED_FACE('',(#9379),#8893,.F.);
#9379 = FACE_BOUND('',#9380,.F.);
#9380 = EDGE_LOOP('',(#9381));
#9381 = ORIENTED_EDGE('',*,*,#8878,.T.);
#9382 = ADVANCED_FACE('',(#9383),#8993,.F.);
#9383 = FACE_BOUND('',#9384,.F.);
#9384 = EDGE_LOOP('',(#9385));
#9385 = ORIENTED_EDGE('',*,*,#8978,.T.);
#9386 = ADVANCED_FACE('',(#9387),#9093,.F.);
#9387 = FACE_BOUND('',#9388,.F.);
#9388 = EDGE_LOOP('',(#9389));
#9389 = ORIENTED_EDGE('',*,*,#9078,.T.);
#9390 = ADVANCED_FACE('',(#9391),#9193,.F.);
#9391 = FACE_BOUND('',#9392,.F.);
#9392 = EDGE_LOOP('',(#9393));
#9393 = ORIENTED_EDGE('',*,*,#9178,.T.);
#9394 = ADVANCED_FACE('',(#9395),#9249,.F.);
#9395 = FACE_BOUND('',#9396,.F.);
#9396 = EDGE_LOOP('',(#9397));
#9397 = ORIENTED_EDGE('',*,*,#9234,.T.);
#9398 = ADVANCED_FACE('',(#9399),#9305,.F.);
#9399 = FACE_BOUND('',#9400,.F.);
#9400 = EDGE_LOOP('',(#9401));
#9401 = ORIENTED_EDGE('',*,*,#9290,.T.);
#9402 = ADVANCED_FACE('',(#9403),#9361,.F.);
#9403 = FACE_BOUND('',#9404,.F.);
#9404 = EDGE_LOOP('',(#9405));
#9405 = ORIENTED_EDGE('',*,*,#9346,.T.);
#9406 = ( GEOMETRIC_REPRESENTATION_CONTEXT(3) 
GLOBAL_UNCERTAINTY_ASSIGNED_CONTEXT((#9410)) 
GLOBAL_UNIT_ASSIGNED_CONTEXT((#9407,#9408,#9409)) REPRESENTATION_CONTEXT
('Context #1','3D Context with UNIT and UNCERTAINTY') );
#9407 = ( LENGTH_UNIT() NAMED_UNIT(*) SI_UNIT(.MILLI.,.METRE.) );
#9408 = ( NAMED_UNIT(*) PLANE_ANGLE_UNIT() SI_UNIT($,.RADIAN.) );
#9409 = ( NAMED_UNIT(*) SI_UNIT($,.STERADIAN.) SOLID_ANGLE_UNIT() );
#9410 = UNCERTAINTY_MEASURE_WITH_UNIT(LENGTH_MEASURE(1.E-07),#9407,
  'distance_accuracy_value','confusion accuracy');
#9411 = CONTEXT_DEPENDENT_SHAPE_REPRESENTATION(#9412,#9414);
#9412 = ( REPRESENTATION_RELATIONSHIP('','',#7195,#10) 
REPRESENTATION_RELATIONSHIP_WITH_TRANSFORMATION(#9413) 
SHAPE_REPRESENTATION_RELATIONSHIP() );
#9413 = ITEM_DEFINED_TRANSFORMATION('','',#11,#27);
#9414 = PRODUCT_DEFINITION_SHAPE('Placement','Placement of an item',
  #9415);
#9415 = NEXT_ASSEMBLY_USAGE_OCCURRENCE('4','post_br','',#5,#7190,$);
#9416 = PRODUCT_RELATED_PRODUCT_CATEGORY('part',$,(#7192));
#9417 = SHAPE_DEFINITION_REPRESENTATION(#9418,#9424);
#9418 = PRODUCT_DEFINITION_SHAPE('','',#9419);
#9419 = PRODUCT_DEFINITION('design','',#9420,#9423);
#9420 = PRODUCT_DEFINITION_FORMATION('','',#9421);
#9421 = PRODUCT('front_1','front_1','',(#9422));
#9422 = PRODUCT_CONTEXT('',#2,'mechanical');
#9423 = PRODUCT_DEFINITION_CONTEXT('part definition',#2,'design');
#9424 = ADVANCED_BREP_SHAPE_REPRESENTATION('',(#11,#9425),#10327);
#9425 = MANIFOLD_SOLID_BREP('',#9426);
#9426 = CLOSED_SHELL('',(#9427,#9547,#9623,#9812,#9861,#10012,#10019,
    #10069,#10119,#10169,#10219,#10246,#10273,#10300));
#9427 = ADVANCED_FACE('',(#9428),#9442,.F.);
#9428 = FACE_BOUND('',#9429,.F.);
#9429 = EDGE_LOOP('',(#9430,#9465,#9493,#9521));
#9430 = ORIENTED_EDGE('',*,*,#9431,.F.);
#9431 = EDGE_CURVE('',#9432,#9434,#9436,.T.);
#9432 = VERTEX_POINT('',#9433);
#9433 = CARTESIAN_POINT('',(0.,20.,0.));
#9434 = VERTEX_POINT('',#9435);
#9435 = CARTESIAN_POINT('',(0.,0.,0.));
#9436 = SURFACE_CURVE('',#9437,(#9441,#9453),.PCURVE_S1.);
#9437 = LINE('',#9438,#9439);
#9438 = CARTESIAN_POINT('',(0.,20.,0.));
#9439 = VECTOR('',#9440,1.);
#9440 = DIRECTION('',(0.,-1.,0.));
#9441 = PCURVE('',#9442,#9447);
#9442 = PLANE('',#9443);
#9443 = AXIS2_PLACEMENT_3D('',#9444,#9445,#9446);
#9444 = CARTESIAN_POINT('',(0.,20.,0.));
#9445 = DIRECTION('',(1.,0.,0.));
#9446 = DIRECTION('',(0.,-1.,0.));
#9447 = DEFINITIONAL_REPRESENTATION('',(#9448),#9452);
#9448 = LINE('',#9449,#9450);
#9449 = CARTESIAN_POINT('',(0.,0.));
#9450 = VECTOR('',#9451,1.);
#9451 = DIRECTION('',(1.,0.));
#9452 = ( GEOMETRIC_REPRESENTATION_CONTEXT(2) 
PARAMETRIC_REPRESENTATION_CONTEXT() REPRESENTATION_CONTEXT('2D SPACE',''
  ) );
#9453 = PCURVE('',#9454,#9459);
#9454 = PLANE('',#9455);
#9455 = AXIS2_PLACEMENT_3D('',#9456,#9457,#9458);
#9456 = CARTESIAN_POINT('',(0.,20.,0.));
#9457 = DIRECTION('',(0.,0.,1.));
#9458 = DIRECTION('',(0.,-1.,0.));
#9459 = DEFINITIONAL_REPRESENTATION('',(#9460),#9464);
#9460 = LINE('',#9461,#9462);
#9461 = CARTESIAN_POINT('',(0.,0.));
#9462 = VECTOR('',#9463,1.);
#9463 = DIRECTION('',(1.,0.));
#9464 = ( GEOMETRIC_REPRESENTATION_CONTEXT(2) 
PARAMETRIC_REPRESENTATION_CONTEXT() REPRESENTATION_CONTEXT('2D SPACE',''
  ) );
#9465 = ORIENTED_EDGE('',*,*,#9466,.T.);
#9466 = EDGE_CURVE('',#9432,#9467,#9469,.T.);
#9467 = VERTEX_POINT('',#9468);
#9468 = CARTESIAN_POINT('',(0.,20.,145.));
#9469 = SURFACE_CURVE('',#9470,(#9474,#9481),.PCURVE_S1.);
#9470 = LINE('',#9471,#9472);
#9471 = CARTESIAN_POINT('',(0.,20.,0.));
#9472 = VECTOR('',#9473,1.);
#9473 = DIRECTION('',(0.,0.,1.));
#9474 = PCURVE('',#9442,#9475);
#9475 = DEFINITIONAL_REPRESENTATION('',(#9476),#9480);
#9476 = LINE('',#9477,#9478);
#9477 = CARTESIAN_POINT('',(0.,0.));
#9478 = VECTOR('',#9479,1.);
#9479 = DIRECTION('',(0.,-1.));
#9480 = ( GEOMETRIC_REPRESENTATION_CONTEXT(2) 
PARAMETRIC_REPRESENTATION_CONTEXT() REPRESENTATION_CONTEXT('2D SPACE',''
  ) );
#9481 = PCURVE('',#9482,#9487);
#9482 = PLANE('',#9483);
#9483 = AXIS2_PLACEMENT_3D('',#9484,#9485,#9486);
#9484 = CARTESIAN_POINT('',(0.,20.,0.));
#9485 = DIRECTION('',(0.,-1.,0.));
#9486 = DIRECTION('',(1.,0.,0.));
#9487 = DEFINITIONAL_REPRESENTATION('',(#9488),#9492);
#9488 = LINE('',#9489,#9490);
#9489 = CARTESIAN_POINT('',(0.,0.));
#9490 = VECTOR('',#9491,1.);
#9491 = DIRECTION('',(0.,1.));
#9492 = ( GEOMETRIC_REPRESENTATION_CONTEXT(2) 
PARAMETRIC_REPRESENTATION_CONTEXT() REPRESENTATION_CONTEXT('2D SPACE',''
  ) );
#9493 = ORIENTED_EDGE('',*,*,#9494,.T.);
#9494 = EDGE_CURVE('',#9467,#9495,#9497,.T.);
#9495 = VERTEX_POINT('',#9496);
#9496 = CARTESIAN_POINT('',(0.,0.,145.));
#9497 = SURFACE_CURVE('',#9498,(#9502,#9509),.PCURVE_S1.);
#9498 = LINE('',#9499,#9500);
#9499 = CARTESIAN_POINT('',(0.,20.,145.));
#9500 = VECTOR('',#9501,1.);
#9501 = DIRECTION('',(0.,-1.,0.));
#9502 = PCURVE('',#9442,#9503);
#9503 = DEFINITIONAL_REPRESENTATION('',(#9504),#9508);
#9504 = LINE('',#9505,#9506);
#9505 = CARTESIAN_POINT('',(0.,-145.));
#9506 = VECTOR('',#9507,1.);
#9507 = DIRECTION('',(1.,0.));
#9508 = ( GEOMETRIC_REPRESENTATION_CONTEXT(2) 
PARAMETRIC_REPRESENTATION_CONTEXT() REPRESENTATION_CONTEXT('2D SPACE',''
  ) );
#9509 = PCURVE('',#9510,#9515);
#9510 = PLANE('',#9511);
#9511 = AXIS2_PLACEMENT_3D('',#9512,#9513,#9514);
#9512 = CARTESIAN_POINT('',(0.,20.,145.));
#9513 = DIRECTION('',(0.,0.,1.));
#9514 = DIRECTION('',(0.,-1.,0.));
#9515 = DEFINITIONAL_REPRESENTATION('',(#9516),#9520);
#9516 = LINE('',#9517,#9518);
#9517 = CARTESIAN_POINT('',(0.,0.));
#9518 = VECTOR('',#9519,1.);
#9519 = DIRECTION('',(1.,0.));
#9520 = ( GEOMETRIC_REPRESENTATION_CONTEXT(2) 
PARAMETRIC_REPRESENTATION_CONTEXT() REPRESENTATION_CONTEXT('2D SPACE',''
  ) );
#9521 = ORIENTED_EDGE('',*,*,#9522,.F.);
#9522 = EDGE_CURVE('',#9434,#9495,#9523,.T.);
#9523 = SURFACE_CURVE('',#9524,(#9528,#9535),.PCURVE_S1.);
#9524 = LINE('',#9525,#9526);
#9525 = CARTESIAN_POINT('',(0.,0.,0.));
#9526 = VECTOR('',#9527,1.);
#9527 = DIRECTION('',(0.,0.,1.));
#9528 = PCURVE('',#9442,#9529);
#9529 = DEFINITIONAL_REPRESENTATION('',(#9530),#9534);
#9530 = LINE('',#9531,#9532);
#9531 = CARTESIAN_POINT('',(20.,0.));
#9532 = VECTOR('',#9533,1.);
#9533 = DIRECTION('',(0.,-1.));
#9534 = ( GEOMETRIC_REPRESENTATION_CONTEXT(2) 
PARAMETRIC_REPRESENTATION_CONTEXT() REPRESENTATION_CONTEXT('2D SPACE',''
  ) );
#9535 = PCURVE('',#9536,#9541);
#9536 = PLANE('',#9537);
#9537 = AXIS2_PLACEMENT_3D('',#9538,#9539,#9540);
#9538 = CARTESIAN_POINT('',(0.,0.,0.));
#9539 = DIRECTION('',(0.,-1.,0.));
#9540 = DIRECTION('',(1.,0.,0.));
#9541 = DEFINITIONAL_REPRESENTATION('',(#9542),#9546);
#9542 = LINE('',#9543,#9544);
#9543 = CARTESIAN_POINT('',(0.,0.));
#9544 = VECTOR('',#9545,1.);
#9545 = DIRECTION('',(0.,1.));
#9546 = ( GEOMETRIC_REPRESENTATION_CONTEXT(2) 
PARAMETRIC_REPRESENTATION_CONTEXT() REPRESENTATION_CONTEXT('2D SPACE',''
  ) );
#9547 = ADVANCED_FACE('',(#9548),#9454,.F.);
#9548 = FACE_BOUND('',#9549,.F.);
#9549 = EDGE_LOOP('',(#9550,#9573,#9574,#9597));
#9550 = ORIENTED_EDGE('',*,*,#9551,.F.);
#9551 = EDGE_CURVE('',#9432,#9552,#9554,.T.);
#9552 = VERTEX_POINT('',#9553);
#9553 = CARTESIAN_POINT('',(1.E+03,20.,0.));
#9554 = SURFACE_CURVE('',#9555,(#9559,#9566),.PCURVE_S1.);
#9555 = LINE('',#9556,#9557);
#9556 = CARTESIAN_POINT('',(0.,20.,0.));
#9557 = VECTOR('',#9558,1.);
#9558 = DIRECTION('',(1.,0.,0.));
#9559 = PCURVE('',#9454,#9560);
#9560 = DEFINITIONAL_REPRESENTATION('',(#9561),#9565);
#9561 = LINE('',#9562,#9563);
#9562 = CARTESIAN_POINT('',(0.,0.));
#9563 = VECTOR('',#9564,1.);
#9564 = DIRECTION('',(0.,1.));
#9565 = ( GEOMETRIC_REPRESENTATION_CONTEXT(2) 
PARAMETRIC_REPRESENTATION_CONTEXT() REPRESENTATION_CONTEXT('2D SPACE',''
  ) );
#9566 = PCURVE('',#9482,#9567);
#9567 = DEFINITIONAL_REPRESENTATION('',(#9568),#9572);
#9568 = LINE('',#9569,#9570);
#9569 = CARTESIAN_POINT('',(0.,0.));
#9570 = VECTOR('',#9571,1.);
#9571 = DIRECTION('',(1.,0.));
#9572 = ( GEOMETRIC_REPRESENTATION_CONTEXT(2) 
PARAMETRIC_REPRESENTATION_CONTEXT() REPRESENTATION_CONTEXT('2D SPACE',''
  ) );
#9573 = ORIENTED_EDGE('',*,*,#9431,.T.);
#9574 = ORIENTED_EDGE('',*,*,#9575,.T.);
#9575 = EDGE_CURVE('',#9434,#9576,#9578,.T.);
#9576 = VERTEX_POINT('',#9577);
#9577 = CARTESIAN_POINT('',(1.E+03,0.,0.));
#9578 = SURFACE_CURVE('',#9579,(#9583,#9590),.PCURVE_S1.);
#9579 = LINE('',#9580,#9581);
#9580 = CARTESIAN_POINT('',(0.,0.,0.));
#9581 = VECTOR('',#9582,1.);
#9582 = DIRECTION('',(1.,0.,0.));
#9583 = PCURVE('',#9454,#9584);
#9584 = DEFINITIONAL_REPRESENTATION('',(#9585),#9589);
#9585 = LINE('',#9586,#9587);
#9586 = CARTESIAN_POINT('',(20.,0.));
#9587 = VECTOR('',#9588,1.);
#9588 = DIRECTION('',(0.,1.));
#9589 = ( GEOMETRIC_REPRESENTATION_CONTEXT(2) 
PARAMETRIC_REPRESENTATION_CONTEXT() REPRESENTATION_CONTEXT('2D SPACE',''
  ) );
#9590 = PCURVE('',#9536,#9591);
#9591 = DEFINITIONAL_REPRESENTATION('',(#9592),#9596);
#9592 = LINE('',#9593,#9594);
#9593 = CARTESIAN_POINT('',(0.,0.));
#9594 = VECTOR('',#9595,1.);
#9595 = DIRECTION('',(1.,0.));
#9596 = ( GEOMETRIC_REPRESENTATION_CONTEXT(2) 
PARAMETRIC_REPRESENTATION_CONTEXT() REPRESENTATION_CONTEXT('2D SPACE',''
  ) );
#9597 = ORIENTED_EDGE('',*,*,#9598,.F.);
#9598 = EDGE_CURVE('',#9552,#9576,#9599,.T.);
#9599 = SURFACE_CURVE('',#9600,(#9604,#9611),.PCURVE_S1.);
#9600 = LINE('',#9601,#9602);
#9601 = CARTESIAN_POINT('',(1.E+03,20.,0.));
#9602 = VECTOR('',#9603,1.);
#9603 = DIRECTION('',(0.,-1.,0.));
#9604 = PCURVE('',#9454,#9605);
#9605 = DEFINITIONAL_REPRESENTATION('',(#9606),#9610);
#9606 = LINE('',#9607,#9608);
#9607 = CARTESIAN_POINT('',(0.,1.E+03));
#9608 = VECTOR('',#9609,1.);
#9609 = DIRECTION('',(1.,0.));
#9610 = ( GEOMETRIC_REPRESENTATION_CONTEXT(2) 
PARAMETRIC_REPRESENTATION_CONTEXT() REPRESENTATION_CONTEXT('2D SPACE',''
  ) );
#9611 = PCURVE('',#9612,#9617);
#9612 = PLANE('',#9613);
#9613 = AXIS2_PLACEMENT_3D('',#9614,#9615,#9616);
#9614 = CARTESIAN_POINT('',(1.E+03,20.,0.));
#9615 = DIRECTION('',(1.,0.,0.));
#9616 = DIRECTION('',(0.,-1.,0.));
#9617 = DEFINITIONAL_REPRESENTATION('',(#9618),#9622);
#9618 = LINE('',#9619,#9620);
#9619 = CARTESIAN_POINT('',(0.,0.));
#9620 = VECTOR('',#9621,1.);
#9621 = DIRECTION('',(1.,0.));
#9622 = ( GEOMETRIC_REPRESENTATION_CONTEXT(2) 
PARAMETRIC_REPRESENTATION_CONTEXT() REPRESENTATION_CONTEXT('2D SPACE',''
  ) );
#9623 = ADVANCED_FACE('',(#9624,#9672,#9707,#9742,#9777),#9536,.T.);
#9624 = FACE_BOUND('',#9625,.T.);
#9625 = EDGE_LOOP('',(#9626,#9627,#9628,#9651));
#9626 = ORIENTED_EDGE('',*,*,#9522,.F.);
#9627 = ORIENTED_EDGE('',*,*,#9575,.T.);
#9628 = ORIENTED_EDGE('',*,*,#9629,.T.);
#9629 = EDGE_CURVE('',#9576,#9630,#9632,.T.);
#9630 = VERTEX_POINT('',#9631);
#9631 = CARTESIAN_POINT('',(1.E+03,0.,145.));
#9632 = SURFACE_CURVE('',#9633,(#9637,#9644),.PCURVE_S1.);
#9633 = LINE('',#9634,#9635);
#9634 = CARTESIAN_POINT('',(1.E+03,0.,0.));
#9635 = VECTOR('',#9636,1.);
#9636 = DIRECTION('',(0.,0.,1.));
#9637 = PCURVE('',#9536,#9638);
#9638 = DEFINITIONAL_REPRESENTATION('',(#9639),#9643);
#9639 = LINE('',#9640,#9641);
#9640 = CARTESIAN_POINT('',(1.E+03,0.));
#9641 = VECTOR('',#9642,1.);
#9642 = DIRECTION('',(0.,1.));
#9643 = ( GEOMETRIC_REPRESENTATION_CONTEXT(2) 
PARAMETRIC_REPRESENTATION_CONTEXT() REPRESENTATION_CONTEXT('2D SPACE',''
  ) );
#9644 = PCURVE('',#9612,#9645);
#9645 = DEFINITIONAL_REPRESENTATION('',(#9646),#9650);
#9646 = LINE('',#9647,#9648);
#9647 = CARTESIAN_POINT('',(20.,0.));
#9648 = VECTOR('',#9649,1.);
#9649 = DIRECTION('',(0.,-1.));
#9650 = ( GEOMETRIC_REPRESENTATION_CONTEXT(2) 
PARAMETRIC_REPRESENTATION_CONTEXT() REPRESENTATION_CONTEXT('2D SPACE',''
  ) );
#9651 = ORIENTED_EDGE('',*,*,#9652,.F.);
#9652 = EDGE_CURVE('',#9495,#9630,#9653,.T.);
#9653 = SURFACE_CURVE('',#9654,(#9658,#9665),.PCURVE_S1.);
#9654 = LINE('',#9655,#9656);
#9655 = CARTESIAN_POINT('',(0.,0.,145.));
#9656 = VECTOR('',#9657,1.);
#9657 = DIRECTION('',(1.,0.,0.));
#9658 = PCURVE('',#9536,#9659);
#9659 = DEFINITIONAL_REPRESENTATION('',(#9660),#9664);
#9660 = LINE('',#9661,#9662);
#9661 = CARTESIAN_POINT('',(0.,145.));
#9662 = VECTOR('',#9663,1.);
#9663 = DIRECTION('',(1.,0.));
#9664 = ( GEOMETRIC_REPRESENTATION_CONTEXT(2) 
PARAMETRIC_REPRESENTATION_CONTEXT() REPRESENTATION_CONTEXT('2D SPACE',''
  ) );
#9665 = PCURVE('',#9510,#9666);
#9666 = DEFINITIONAL_REPRESENTATION('',(#9667),#9671);
#9667 = LINE('',#9668,#9669);
#9668 = CARTESIAN_POINT('',(20.,0.));
#9669 = VECTOR('',#9670,1.);
#9670 = DIRECTION('',(0.,1.));
#9671 = ( GEOMETRIC_REPRESENTATION_CONTEXT(2) 
PARAMETRIC_REPRESENTATION_CONTEXT() REPRESENTATION_CONTEXT('2D SPACE',''
  ) );
#9672 = FACE_BOUND('',#9673,.T.);
#9673 = EDGE_LOOP('',(#9674));
#9674 = ORIENTED_EDGE('',*,*,#9675,.T.);
#9675 = EDGE_CURVE('',#9676,#9676,#9678,.T.);
#9676 = VERTEX_POINT('',#9677);
#9677 = CARTESIAN_POINT('',(40.,0.,28.8));
#9678 = SURFACE_CURVE('',#9679,(#9684,#9695),.PCURVE_S1.);
#9679 = CIRCLE('',#9680,3.8);
#9680 = AXIS2_PLACEMENT_3D('',#9681,#9682,#9683);
#9681 = CARTESIAN_POINT('',(40.,0.,25.));
#9682 = DIRECTION('',(0.,1.,0.));
#9683 = DIRECTION('',(0.,-0.,1.));
#9684 = PCURVE('',#9536,#9685);
#9685 = DEFINITIONAL_REPRESENTATION('',(#9686),#9694);
#9686 = ( BOUNDED_CURVE() B_SPLINE_CURVE(2,(#9687,#9688,#9689,#9690,
#9691,#9692,#9693),.UNSPECIFIED.,.T.,.F.) B_SPLINE_CURVE_WITH_KNOTS((1,2
    ,2,2,2,1),(-2.094395102393,0.,2.094395102393,4.188790204786,
6.28318530718,8.377580409573),.UNSPECIFIED.) CURVE() 
GEOMETRIC_REPRESENTATION_ITEM() RATIONAL_B_SPLINE_CURVE((1.,0.5,1.,0.5,
1.,0.5,1.)) REPRESENTATION_ITEM('') );
#9687 = CARTESIAN_POINT('',(40.,28.8));
#9688 = CARTESIAN_POINT('',(46.581793068762,28.8));
#9689 = CARTESIAN_POINT('',(43.290896534381,23.1));
#9690 = CARTESIAN_POINT('',(40.,17.4));
#9691 = CARTESIAN_POINT('',(36.709103465619,23.1));
#9692 = CARTESIAN_POINT('',(33.418206931238,28.8));
#9693 = CARTESIAN_POINT('',(40.,28.8));
#9694 = ( GEOMETRIC_REPRESENTATION_CONTEXT(2) 
PARAMETRIC_REPRESENTATION_CONTEXT() REPRESENTATION_CONTEXT('2D SPACE',''
  ) );
#9695 = PCURVE('',#9696,#9701);
#9696 = CONICAL_SURFACE('',#9697,3.85,0.785398163397);
#9697 = AXIS2_PLACEMENT_3D('',#9698,#9699,#9700);
#9698 = CARTESIAN_POINT('',(40.,-5.E-02,25.));
#9699 = DIRECTION('',(-0.,-1.,-0.));
#9700 = DIRECTION('',(0.,-0.,1.));
#9701 = DEFINITIONAL_REPRESENTATION('',(#9702),#9706);
#9702 = LINE('',#9703,#9704);
#9703 = CARTESIAN_POINT('',(-0.,-5.E-02));
#9704 = VECTOR('',#9705,1.);
#9705 = DIRECTION('',(-1.,-0.));
#9706 = ( GEOMETRIC_REPRESENTATION_CONTEXT(2) 
PARAMETRIC_REPRESENTATION_CONTEXT() REPRESENTATION_CONTEXT('2D SPACE',''
  ) );
#9707 = FACE_BOUND('',#9708,.T.);
#9708 = EDGE_LOOP('',(#9709));
#9709 = ORIENTED_EDGE('',*,*,#9710,.T.);
#9710 = EDGE_CURVE('',#9711,#9711,#9713,.T.);
#9711 = VERTEX_POINT('',#9712);
#9712 = CARTESIAN_POINT('',(960.,0.,28.8));
#9713 = SURFACE_CURVE('',#9714,(#9719,#9730),.PCURVE_S1.);
#9714 = CIRCLE('',#9715,3.8);
#9715 = AXIS2_PLACEMENT_3D('',#9716,#9717,#9718);
#9716 = CARTESIAN_POINT('',(960.,0.,25.));
#9717 = DIRECTION('',(0.,1.,0.));
#9718 = DIRECTION('',(0.,-0.,1.));
#9719 = PCURVE('',#9536,#9720);
#9720 = DEFINITIONAL_REPRESENTATION('',(#9721),#9729);
#9721 = ( BOUNDED_CURVE() B_SPLINE_CURVE(2,(#9722,#9723,#9724,#9725,
#9726,#9727,#9728),.UNSPECIFIED.,.T.,.F.) B_SPLINE_CURVE_WITH_KNOTS((1,2
    ,2,2,2,1),(-2.094395102393,0.,2.094395102393,4.188790204786,
6.28318530718,8.377580409573),.UNSPECIFIED.) CURVE() 
GEOMETRIC_REPRESENTATION_ITEM() RATIONAL_B_SPLINE_CURVE((1.,0.5,1.,0.5,
1.,0.5,1.)) REPRESENTATION_ITEM('') );
#9722 = CARTESIAN_POINT('',(960.,28.8));
#9723 = CARTESIAN_POINT('',(966.58179306876,28.8));
#9724 = CARTESIAN_POINT('',(963.29089653438,23.1));
#9725 = CARTESIAN_POINT('',(960.,17.4));
#9726 = CARTESIAN_POINT('',(956.70910346561,23.1));
#9727 = CARTESIAN_POINT('',(953.41820693123,28.8));
#9728 = CARTESIAN_POINT('',(960.,28.8));
#9729 = ( GEOMETRIC_REPRESENTATION_CONTEXT(2) 
PARAMETRIC_REPRESENTATION_CONTEXT() REPRESENTATION_CONTEXT('2D SPACE',''
  ) );
#9730 = PCURVE('',#9731,#9736);
#9731 = CONICAL_SURFACE('',#9732,3.85,0.785398163397);
#9732 = AXIS2_PLACEMENT_3D('',#9733,#9734,#9735);
#9733 = CARTESIAN_POINT('',(960.,-5.E-02,25.));
#9734 = DIRECTION('',(-0.,-1.,-0.));
#9735 = DIRECTION('',(0.,-0.,1.));
#9736 = DEFINITIONAL_REPRESENTATION('',(#9737),#9741);
#9737 = LINE('',#9738,#9739);
#9738 = CARTESIAN_POINT('',(-0.,-5.E-02));
#9739 = VECTOR('',#9740,1.);
#9740 = DIRECTION('',(-1.,-0.));
#9741 = ( GEOMETRIC_REPRESENTATION_CONTEXT(2) 
PARAMETRIC_REPRESENTATION_CONTEXT() REPRESENTATION_CONTEXT('2D SPACE',''
  ) );
#9742 = FACE_BOUND('',#9743,.T.);
#9743 = EDGE_LOOP('',(#9744));
#9744 = ORIENTED_EDGE('',*,*,#9745,.T.);
#9745 = EDGE_CURVE('',#9746,#9746,#9748,.T.);
#9746 = VERTEX_POINT('',#9747);
#9747 = CARTESIAN_POINT('',(40.,0.,123.8));
#9748 = SURFACE_CURVE('',#9749,(#9754,#9765),.PCURVE_S1.);
#9749 = CIRCLE('',#9750,3.8);
#9750 = AXIS2_PLACEMENT_3D('',#9751,#9752,#9753);
#9751 = CARTESIAN_POINT('',(40.,0.,120.));
#9752 = DIRECTION('',(0.,1.,0.));
#9753 = DIRECTION('',(0.,-0.,1.));
#9754 = PCURVE('',#9536,#9755);
#9755 = DEFINITIONAL_REPRESENTATION('',(#9756),#9764);
#9756 = ( BOUNDED_CURVE() B_SPLINE_CURVE(2,(#9757,#9758,#9759,#9760,
#9761,#9762,#9763),.UNSPECIFIED.,.T.,.F.) B_SPLINE_CURVE_WITH_KNOTS((1,2
    ,2,2,2,1),(-2.094395102393,0.,2.094395102393,4.188790204786,
6.28318530718,8.377580409573),.UNSPECIFIED.) CURVE() 
GEOMETRIC_REPRESENTATION_ITEM() RATIONAL_B_SPLINE_CURVE((1.,0.5,1.,0.5,
1.,0.5,1.)) REPRESENTATION_ITEM('') );
#9757 = CARTESIAN_POINT('',(40.,123.8));
#9758 = CARTESIAN_POINT('',(46.581793068762,123.8));
#9759 = CARTESIAN_POINT('',(43.290896534381,118.1));
#9760 = CARTESIAN_POINT('',(40.,112.4));
#9761 = CARTESIAN_POINT('',(36.709103465619,118.1));
#9762 = CARTESIAN_POINT('',(33.418206931238,123.8));
#9763 = CARTESIAN_POINT('',(40.,123.8));
#9764 = ( GEOMETRIC_REPRESENTATION_CONTEXT(2) 
PARAMETRIC_REPRESENTATION_CONTEXT() REPRESENTATION_CONTEXT('2D SPACE',''
  ) );
#9765 = PCURVE('',#9766,#9771);
#9766 = CONICAL_SURFACE('',#9767,3.85,0.785398163397);
#9767 = AXIS2_PLACEMENT_3D('',#9768,#9769,#9770);
#9768 = CARTESIAN_POINT('',(40.,-5.E-02,120.));
#9769 = DIRECTION('',(-0.,-1.,-0.));
#9770 = DIRECTION('',(0.,-0.,1.));
#9771 = DEFINITIONAL_REPRESENTATION('',(#9772),#9776);
#9772 = LINE('',#9773,#9774);
#9773 = CARTESIAN_POINT('',(-0.,-5.E-02));
#9774 = VECTOR('',#9775,1.);
#9775 = DIRECTION('',(-1.,-0.));
#9776 = ( GEOMETRIC_REPRESENTATION_CONTEXT(2) 
PARAMETRIC_REPRESENTATION_CONTEXT() REPRESENTATION_CONTEXT('2D SPACE',''
  ) );
#9777 = FACE_BOUND('',#9778,.T.);
#9778 = EDGE_LOOP('',(#9779));
#9779 = ORIENTED_EDGE('',*,*,#9780,.T.);
#9780 = EDGE_CURVE('',#9781,#9781,#9783,.T.);
#9781 = VERTEX_POINT('',#9782);
#9782 = CARTESIAN_POINT('',(960.,0.,123.8));
#9783 = SURFACE_CURVE('',#9784,(#9789,#9800),.PCURVE_S1.);
#9784 = CIRCLE('',#9785,3.8);
#9785 = AXIS2_PLACEMENT_3D('',#9786,#9787,#9788);
#9786 = CARTESIAN_POINT('',(960.,0.,120.));
#9787 = DIRECTION('',(0.,1.,0.));
#9788 = DIRECTION('',(0.,-0.,1.));
#9789 = PCURVE('',#9536,#9790);
#9790 = DEFINITIONAL_REPRESENTATION('',(#9791),#9799);
#9791 = ( BOUNDED_CURVE() B_SPLINE_CURVE(2,(#9792,#9793,#9794,#9795,
#9796,#9797,#9798),.UNSPECIFIED.,.T.,.F.) B_SPLINE_CURVE_WITH_KNOTS((1,2
    ,2,2,2,1),(-2.094395102393,0.,2.094395102393,4.188790204786,
6.28318530718,8.377580409573),.UNSPECIFIED.) CURVE() 
GEOMETRIC_REPRESENTATION_ITEM() RATIONAL_B_SPLINE_CURVE((1.,0.5,1.,0.5,
1.,0.5,1.)) REPRESENTATION_ITEM('') );
#9792 = CARTESIAN_POINT('',(960.,123.8));
#9793 = CARTESIAN_POINT('',(966.58179306876,123.8));
#9794 = CARTESIAN_POINT('',(963.29089653438,118.1));
#9795 = CARTESIAN_POINT('',(960.,112.4));
#9796 = CARTESIAN_POINT('',(956.70910346561,118.1));
#9797 = CARTESIAN_POINT('',(953.41820693123,123.8));
#9798 = CARTESIAN_POINT('',(960.,123.8));
#9799 = ( GEOMETRIC_REPRESENTATION_CONTEXT(2) 
PARAMETRIC_REPRESENTATION_CONTEXT() REPRESENTATION_CONTEXT('2D SPACE',''
  ) );
#9800 = PCURVE('',#9801,#9806);
#9801 = CONICAL_SURFACE('',#9802,3.85,0.785398163397);
#9802 = AXIS2_PLACEMENT_3D('',#9803,#9804,#9805);
#9803 = CARTESIAN_POINT('',(960.,-5.E-02,120.));
#9804 = DIRECTION('',(-0.,-1.,-0.));
#9805 = DIRECTION('',(0.,-0.,1.));
#9806 = DEFINITIONAL_REPRESENTATION('',(#9807),#9811);
#9807 = LINE('',#9808,#9809);
#9808 = CARTESIAN_POINT('',(-0.,-5.E-02));
#9809 = VECTOR('',#9810,1.);
#9810 = DIRECTION('',(-1.,-0.));
#9811 = ( GEOMETRIC_REPRESENTATION_CONTEXT(2) 
PARAMETRIC_REPRESENTATION_CONTEXT() REPRESENTATION_CONTEXT('2D SPACE',''
  ) );
#9812 = ADVANCED_FACE('',(#9813),#9510,.T.);
#9813 = FACE_BOUND('',#9814,.T.);
#9814 = EDGE_LOOP('',(#9815,#9838,#9839,#9840));
#9815 = ORIENTED_EDGE('',*,*,#9816,.F.);
#9816 = EDGE_CURVE('',#9467,#9817,#9819,.T.);
#9817 = VERTEX_POINT('',#9818);
#9818 = CARTESIAN_POINT('',(1.E+03,20.,145.));
#9819 = SURFACE_CURVE('',#9820,(#9824,#9831),.PCURVE_S1.);
#9820 = LINE('',#9821,#9822);
#9821 = CARTESIAN_POINT('',(0.,20.,145.));
#9822 = VECTOR('',#9823,1.);
#9823 = DIRECTION('',(1.,0.,0.));
#9824 = PCURVE('',#9510,#9825);
#9825 = DEFINITIONAL_REPRESENTATION('',(#9826),#9830);
#9826 = LINE('',#9827,#9828);
#9827 = CARTESIAN_POINT('',(0.,0.));
#9828 = VECTOR('',#9829,1.);
#9829 = DIRECTION('',(0.,1.));
#9830 = ( GEOMETRIC_REPRESENTATION_CONTEXT(2) 
PARAMETRIC_REPRESENTATION_CONTEXT() REPRESENTATION_CONTEXT('2D SPACE',''
  ) );
#9831 = PCURVE('',#9482,#9832);
#9832 = DEFINITIONAL_REPRESENTATION('',(#9833),#9837);
#9833 = LINE('',#9834,#9835);
#9834 = CARTESIAN_POINT('',(0.,145.));
#9835 = VECTOR('',#9836,1.);
#9836 = DIRECTION('',(1.,0.));
#9837 = ( GEOMETRIC_REPRESENTATION_CONTEXT(2) 
PARAMETRIC_REPRESENTATION_CONTEXT() REPRESENTATION_CONTEXT('2D SPACE',''
  ) );
#9838 = ORIENTED_EDGE('',*,*,#9494,.T.);
#9839 = ORIENTED_EDGE('',*,*,#9652,.T.);
#9840 = ORIENTED_EDGE('',*,*,#9841,.F.);
#9841 = EDGE_CURVE('',#9817,#9630,#9842,.T.);
#9842 = SURFACE_CURVE('',#9843,(#9847,#9854),.PCURVE_S1.);
#9843 = LINE('',#9844,#9845);
#9844 = CARTESIAN_POINT('',(1.E+03,20.,145.));
#9845 = VECTOR('',#9846,1.);
#9846 = DIRECTION('',(0.,-1.,0.));
#9847 = PCURVE('',#9510,#9848);
#9848 = DEFINITIONAL_REPRESENTATION('',(#9849),#9853);
#9849 = LINE('',#9850,#9851);
#9850 = CARTESIAN_POINT('',(0.,1.E+03));
#9851 = VECTOR('',#9852,1.);
#9852 = DIRECTION('',(1.,0.));
#9853 = ( GEOMETRIC_REPRESENTATION_CONTEXT(2) 
PARAMETRIC_REPRESENTATION_CONTEXT() REPRESENTATION_CONTEXT('2D SPACE',''
  ) );
#9854 = PCURVE('',#9612,#9855);
#9855 = DEFINITIONAL_REPRESENTATION('',(#9856),#9860);
#9856 = LINE('',#9857,#9858);
#9857 = CARTESIAN_POINT('',(0.,-145.));
#9858 = VECTOR('',#9859,1.);
#9859 = DIRECTION('',(1.,0.));
#9860 = ( GEOMETRIC_REPRESENTATION_CONTEXT(2) 
PARAMETRIC_REPRESENTATION_CONTEXT() REPRESENTATION_CONTEXT('2D SPACE',''
  ) );
#9861 = ADVANCED_FACE('',(#9862,#9888,#9919,#9950,#9981),#9482,.F.);
#9862 = FACE_BOUND('',#9863,.F.);
#9863 = EDGE_LOOP('',(#9864,#9865,#9866,#9887));
#9864 = ORIENTED_EDGE('',*,*,#9466,.F.);
#9865 = ORIENTED_EDGE('',*,*,#9551,.T.);
#9866 = ORIENTED_EDGE('',*,*,#9867,.T.);
#9867 = EDGE_CURVE('',#9552,#9817,#9868,.T.);
#9868 = SURFACE_CURVE('',#9869,(#9873,#9880),.PCURVE_S1.);
#9869 = LINE('',#9870,#9871);
#9870 = CARTESIAN_POINT('',(1.E+03,20.,0.));
#9871 = VECTOR('',#9872,1.);
#9872 = DIRECTION('',(0.,0.,1.));
#9873 = PCURVE('',#9482,#9874);
#9874 = DEFINITIONAL_REPRESENTATION('',(#9875),#9879);
#9875 = LINE('',#9876,#9877);
#9876 = CARTESIAN_POINT('',(1.E+03,0.));
#9877 = VECTOR('',#9878,1.);
#9878 = DIRECTION('',(0.,1.));
#9879 = ( GEOMETRIC_REPRESENTATION_CONTEXT(2) 
PARAMETRIC_REPRESENTATION_CONTEXT() REPRESENTATION_CONTEXT('2D SPACE',''
  ) );
#9880 = PCURVE('',#9612,#9881);
#9881 = DEFINITIONAL_REPRESENTATION('',(#9882),#9886);
#9882 = LINE('',#9883,#9884);
#9883 = CARTESIAN_POINT('',(0.,0.));
#9884 = VECTOR('',#9885,1.);
#9885 = DIRECTION('',(0.,-1.));
#9886 = ( GEOMETRIC_REPRESENTATION_CONTEXT(2) 
PARAMETRIC_REPRESENTATION_CONTEXT() REPRESENTATION_CONTEXT('2D SPACE',''
  ) );
#9887 = ORIENTED_EDGE('',*,*,#9816,.F.);
#9888 = FACE_BOUND('',#9889,.F.);
#9889 = EDGE_LOOP('',(#9890));
#9890 = ORIENTED_EDGE('',*,*,#9891,.F.);
#9891 = EDGE_CURVE('',#9892,#9892,#9894,.T.);
#9892 = VERTEX_POINT('',#9893);
#9893 = CARTESIAN_POINT('',(40.,20.,26.25));
#9894 = SURFACE_CURVE('',#9895,(#9900,#9907),.PCURVE_S1.);
#9895 = CIRCLE('',#9896,1.25);
#9896 = AXIS2_PLACEMENT_3D('',#9897,#9898,#9899);
#9897 = CARTESIAN_POINT('',(40.,20.,25.));
#9898 = DIRECTION('',(0.,-1.,0.));
#9899 = DIRECTION('',(0.,0.,1.));
#9900 = PCURVE('',#9482,#9901);
#9901 = DEFINITIONAL_REPRESENTATION('',(#9902),#9906);
#9902 = CIRCLE('',#9903,1.25);
#9903 = AXIS2_PLACEMENT_2D('',#9904,#9905);
#9904 = CARTESIAN_POINT('',(40.,25.));
#9905 = DIRECTION('',(0.,1.));
#9906 = ( GEOMETRIC_REPRESENTATION_CONTEXT(2) 
PARAMETRIC_REPRESENTATION_CONTEXT() REPRESENTATION_CONTEXT('2D SPACE',''
  ) );
#9907 = PCURVE('',#9908,#9913);
#9908 = CYLINDRICAL_SURFACE('',#9909,1.25);
#9909 = AXIS2_PLACEMENT_3D('',#9910,#9911,#9912);
#9910 = CARTESIAN_POINT('',(40.,-5.E-02,25.));
#9911 = DIRECTION('',(-0.,-1.,-0.));
#9912 = DIRECTION('',(0.,0.,1.));
#9913 = DEFINITIONAL_REPRESENTATION('',(#9914),#9918);
#9914 = LINE('',#9915,#9916);
#9915 = CARTESIAN_POINT('',(-6.28318530718,-20.05));
#9916 = VECTOR('',#9917,1.);
#9917 = DIRECTION('',(1.,-0.));
#9918 = ( GEOMETRIC_REPRESENTATION_CONTEXT(2) 
PARAMETRIC_REPRESENTATION_CONTEXT() REPRESENTATION_CONTEXT('2D SPACE',''
  ) );
#9919 = FACE_BOUND('',#9920,.F.);
#9920 = EDGE_LOOP('',(#9921));
#9921 = ORIENTED_EDGE('',*,*,#9922,.F.);
#9922 = EDGE_CURVE('',#9923,#9923,#9925,.T.);
#9923 = VERTEX_POINT('',#9924);
#9924 = CARTESIAN_POINT('',(960.,20.,26.25));
#9925 = SURFACE_CURVE('',#9926,(#9931,#9938),.PCURVE_S1.);
#9926 = CIRCLE('',#9927,1.25);
#9927 = AXIS2_PLACEMENT_3D('',#9928,#9929,#9930);
#9928 = CARTESIAN_POINT('',(960.,20.,25.));
#9929 = DIRECTION('',(0.,-1.,0.));
#9930 = DIRECTION('',(0.,0.,1.));
#9931 = PCURVE('',#9482,#9932);
#9932 = DEFINITIONAL_REPRESENTATION('',(#9933),#9937);
#9933 = CIRCLE('',#9934,1.25);
#9934 = AXIS2_PLACEMENT_2D('',#9935,#9936);
#9935 = CARTESIAN_POINT('',(960.,25.));
#9936 = DIRECTION('',(0.,1.));
#9937 = ( GEOMETRIC_REPRESENTATION_CONTEXT(2) 
PARAMETRIC_REPRESENTATION_CONTEXT() REPRESENTATION_CONTEXT('2D SPACE',''
  ) );
#9938 = PCURVE('',#9939,#9944);
#9939 = CYLINDRICAL_SURFACE('',#9940,1.25);
#9940 = AXIS2_PLACEMENT_3D('',#9941,#9942,#9943);
#9941 = CARTESIAN_POINT('',(960.,-5.E-02,25.));
#9942 = DIRECTION('',(-0.,-1.,-0.));
#9943 = DIRECTION('',(0.,0.,1.));
#9944 = DEFINITIONAL_REPRESENTATION('',(#9945),#9949);
#9945 = LINE('',#9946,#9947);
#9946 = CARTESIAN_POINT('',(-6.28318530718,-20.05));
#9947 = VECTOR('',#9948,1.);
#9948 = DIRECTION('',(1.,-0.));
#9949 = ( GEOMETRIC_REPRESENTATION_CONTEXT(2) 
PARAMETRIC_REPRESENTATION_CONTEXT() REPRESENTATION_CONTEXT('2D SPACE',''
  ) );
#9950 = FACE_BOUND('',#9951,.F.);
#9951 = EDGE_LOOP('',(#9952));
#9952 = ORIENTED_EDGE('',*,*,#9953,.F.);
#9953 = EDGE_CURVE('',#9954,#9954,#9956,.T.);
#9954 = VERTEX_POINT('',#9955);
#9955 = CARTESIAN_POINT('',(40.,20.,121.25));
#9956 = SURFACE_CURVE('',#9957,(#9962,#9969),.PCURVE_S1.);
#9957 = CIRCLE('',#9958,1.25);
#9958 = AXIS2_PLACEMENT_3D('',#9959,#9960,#9961);
#9959 = CARTESIAN_POINT('',(40.,20.,120.));
#9960 = DIRECTION('',(0.,-1.,0.));
#9961 = DIRECTION('',(0.,0.,1.));
#9962 = PCURVE('',#9482,#9963);
#9963 = DEFINITIONAL_REPRESENTATION('',(#9964),#9968);
#9964 = CIRCLE('',#9965,1.25);
#9965 = AXIS2_PLACEMENT_2D('',#9966,#9967);
#9966 = CARTESIAN_POINT('',(40.,120.));
#9967 = DIRECTION('',(0.,1.));
#9968 = ( GEOMETRIC_REPRESENTATION_CONTEXT(2) 
PARAMETRIC_REPRESENTATION_CONTEXT() REPRESENTATION_CONTEXT('2D SPACE',''
  ) );
#9969 = PCURVE('',#9970,#9975);
#9970 = CYLINDRICAL_SURFACE('',#9971,1.25);
#9971 = AXIS2_PLACEMENT_3D('',#9972,#9973,#9974);
#9972 = CARTESIAN_POINT('',(40.,-5.E-02,120.));
#9973 = DIRECTION('',(-0.,-1.,-0.));
#9974 = DIRECTION('',(0.,0.,1.));
#9975 = DEFINITIONAL_REPRESENTATION('',(#9976),#9980);
#9976 = LINE('',#9977,#9978);
#9977 = CARTESIAN_POINT('',(-6.28318530718,-20.05));
#9978 = VECTOR('',#9979,1.);
#9979 = DIRECTION('',(1.,-0.));
#9980 = ( GEOMETRIC_REPRESENTATION_CONTEXT(2) 
PARAMETRIC_REPRESENTATION_CONTEXT() REPRESENTATION_CONTEXT('2D SPACE',''
  ) );
#9981 = FACE_BOUND('',#9982,.F.);
#9982 = EDGE_LOOP('',(#9983));
#9983 = ORIENTED_EDGE('',*,*,#9984,.F.);
#9984 = EDGE_CURVE('',#9985,#9985,#9987,.T.);
#9985 = VERTEX_POINT('',#9986);
#9986 = CARTESIAN_POINT('',(960.,20.,121.25));
#9987 = SURFACE_CURVE('',#9988,(#9993,#10000),.PCURVE_S1.);
#9988 = CIRCLE('',#9989,1.25);
#9989 = AXIS2_PLACEMENT_3D('',#9990,#9991,#9992);
#9990 = CARTESIAN_POINT('',(960.,20.,120.));
#9991 = DIRECTION('',(0.,-1.,0.));
#9992 = DIRECTION('',(0.,0.,1.));
#9993 = PCURVE('',#9482,#9994);
#9994 = DEFINITIONAL_REPRESENTATION('',(#9995),#9999);
#9995 = CIRCLE('',#9996,1.25);
#9996 = AXIS2_PLACEMENT_2D('',#9997,#9998);
#9997 = CARTESIAN_POINT('',(960.,120.));
#9998 = DIRECTION('',(0.,1.));
#9999 = ( GEOMETRIC_REPRESENTATION_CONTEXT(2) 
PARAMETRIC_REPRESENTATION_CONTEXT() REPRESENTATION_CONTEXT('2D SPACE',''
  ) );
#10000 = PCURVE('',#10001,#10006);
#10001 = CYLINDRICAL_SURFACE('',#10002,1.25);
#10002 = AXIS2_PLACEMENT_3D('',#10003,#10004,#10005);
#10003 = CARTESIAN_POINT('',(960.,-5.E-02,120.));
#10004 = DIRECTION('',(-0.,-1.,-0.));
#10005 = DIRECTION('',(0.,0.,1.));
#10006 = DEFINITIONAL_REPRESENTATION('',(#10007),#10011);
#10007 = LINE('',#10008,#10009);
#10008 = CARTESIAN_POINT('',(-6.28318530718,-20.05));
#10009 = VECTOR('',#10010,1.);
#10010 = DIRECTION('',(1.,-0.));
#10011 = ( GEOMETRIC_REPRESENTATION_CONTEXT(2) 
PARAMETRIC_REPRESENTATION_CONTEXT() REPRESENTATION_CONTEXT('2D SPACE',''
  ) );
#10012 = ADVANCED_FACE('',(#10013),#9612,.T.);
#10013 = FACE_BOUND('',#10014,.T.);
#10014 = EDGE_LOOP('',(#10015,#10016,#10017,#10018));
#10015 = ORIENTED_EDGE('',*,*,#9598,.F.);
#10016 = ORIENTED_EDGE('',*,*,#9867,.T.);
#10017 = ORIENTED_EDGE('',*,*,#9841,.T.);
#10018 = ORIENTED_EDGE('',*,*,#9629,.F.);
#10019 = ADVANCED_FACE('',(#10020),#9696,.F.);
#10020 = FACE_BOUND('',#10021,.F.);
#10021 = EDGE_LOOP('',(#10022,#10045,#10067,#10068));
#10022 = ORIENTED_EDGE('',*,*,#10023,.T.);
#10023 = EDGE_CURVE('',#9676,#10024,#10026,.T.);
#10024 = VERTEX_POINT('',#10025);
#10025 = CARTESIAN_POINT('',(40.,2.55,26.25));
#10026 = SEAM_CURVE('',#10027,(#10031,#10038),.PCURVE_S1.);
#10027 = LINE('',#10028,#10029);
#10028 = CARTESIAN_POINT('',(40.,-5.E-02,28.85));
#10029 = VECTOR('',#10030,1.);
#10030 = DIRECTION('',(1.731912112471E-16,0.707106781187,-0.707106781187
    ));
#10031 = PCURVE('',#9696,#10032);
#10032 = DEFINITIONAL_REPRESENTATION('',(#10033),#10037);
#10033 = LINE('',#10034,#10035);
#10034 = CARTESIAN_POINT('',(-6.28318530718,0.));
#10035 = VECTOR('',#10036,1.);
#10036 = DIRECTION('',(-0.,-1.));
#10037 = ( GEOMETRIC_REPRESENTATION_CONTEXT(2) 
PARAMETRIC_REPRESENTATION_CONTEXT() REPRESENTATION_CONTEXT('2D SPACE',''
  ) );
#10038 = PCURVE('',#9696,#10039);
#10039 = DEFINITIONAL_REPRESENTATION('',(#10040),#10044);
#10040 = LINE('',#10041,#10042);
#10041 = CARTESIAN_POINT('',(0.,-0.));
#10042 = VECTOR('',#10043,1.);
#10043 = DIRECTION('',(-0.,-1.));
#10044 = ( GEOMETRIC_REPRESENTATION_CONTEXT(2) 
PARAMETRIC_REPRESENTATION_CONTEXT() REPRESENTATION_CONTEXT('2D SPACE',''
  ) );
#10045 = ORIENTED_EDGE('',*,*,#10046,.F.);
#10046 = EDGE_CURVE('',#10024,#10024,#10047,.T.);
#10047 = SURFACE_CURVE('',#10048,(#10053,#10060),.PCURVE_S1.);
#10048 = CIRCLE('',#10049,1.25);
#10049 = AXIS2_PLACEMENT_3D('',#10050,#10051,#10052);
#10050 = CARTESIAN_POINT('',(40.,2.55,25.));
#10051 = DIRECTION('',(0.,1.,0.));
#10052 = DIRECTION('',(0.,-0.,1.));
#10053 = PCURVE('',#9696,#10054);
#10054 = DEFINITIONAL_REPRESENTATION('',(#10055),#10059);
#10055 = LINE('',#10056,#10057);
#10056 = CARTESIAN_POINT('',(-0.,-2.6));
#10057 = VECTOR('',#10058,1.);
#10058 = DIRECTION('',(-1.,-0.));
#10059 = ( GEOMETRIC_REPRESENTATION_CONTEXT(2) 
PARAMETRIC_REPRESENTATION_CONTEXT() REPRESENTATION_CONTEXT('2D SPACE',''
  ) );
#10060 = PCURVE('',#9908,#10061);
#10061 = DEFINITIONAL_REPRESENTATION('',(#10062),#10066);
#10062 = LINE('',#10063,#10064);
#10063 = CARTESIAN_POINT('',(-0.,-2.6));
#10064 = VECTOR('',#10065,1.);
#10065 = DIRECTION('',(-1.,0.));
#10066 = ( GEOMETRIC_REPRESENTATION_CONTEXT(2) 
PARAMETRIC_REPRESENTATION_CONTEXT() REPRESENTATION_CONTEXT('2D SPACE',''
  ) );
#10067 = ORIENTED_EDGE('',*,*,#10023,.F.);
#10068 = ORIENTED_EDGE('',*,*,#9675,.T.);
#10069 = ADVANCED_FACE('',(#10070),#9731,.F.);
#10070 = FACE_BOUND('',#10071,.F.);
#10071 = EDGE_LOOP('',(#10072,#10095,#10117,#10118));
#10072 = ORIENTED_EDGE('',*,*,#10073,.T.);
#10073 = EDGE_CURVE('',#9711,#10074,#10076,.T.);
#10074 = VERTEX_POINT('',#10075);
#10075 = CARTESIAN_POINT('',(960.,2.55,26.25));
#10076 = SEAM_CURVE('',#10077,(#10081,#10088),.PCURVE_S1.);
#10077 = LINE('',#10078,#10079);
#10078 = CARTESIAN_POINT('',(960.,-5.E-02,28.85));
#10079 = VECTOR('',#10080,1.);
#10080 = DIRECTION('',(1.731912112471E-16,0.707106781187,-0.707106781187
    ));
#10081 = PCURVE('',#9731,#10082);
#10082 = DEFINITIONAL_REPRESENTATION('',(#10083),#10087);
#10083 = LINE('',#10084,#10085);
#10084 = CARTESIAN_POINT('',(-6.28318530718,0.));
#10085 = VECTOR('',#10086,1.);
#10086 = DIRECTION('',(-0.,-1.));
#10087 = ( GEOMETRIC_REPRESENTATION_CONTEXT(2) 
PARAMETRIC_REPRESENTATION_CONTEXT() REPRESENTATION_CONTEXT('2D SPACE',''
  ) );
#10088 = PCURVE('',#9731,#10089);
#10089 = DEFINITIONAL_REPRESENTATION('',(#10090),#10094);
#10090 = LINE('',#10091,#10092);
#10091 = CARTESIAN_POINT('',(0.,-0.));
#10092 = VECTOR('',#10093,1.);
#10093 = DIRECTION('',(-0.,-1.));
#10094 = ( GEOMETRIC_REPRESENTATION_CONTEXT(2) 
PARAMETRIC_REPRESENTATION_CONTEXT() REPRESENTATION_CONTEXT('2D SPACE',''
  ) );
#10095 = ORIENTED_EDGE('',*,*,#10096,.F.);
#10096 = EDGE_CURVE('',#10074,#10074,#10097,.T.);
#10097 = SURFACE_CURVE('',#10098,(#10103,#10110),.PCURVE_S1.);
#10098 = CIRCLE('',#10099,1.25);
#10099 = AXIS2_PLACEMENT_3D('',#10100,#10101,#10102);
#10100 = CARTESIAN_POINT('',(960.,2.55,25.));
#10101 = DIRECTION('',(0.,1.,0.));
#10102 = DIRECTION('',(0.,-0.,1.));
#10103 = PCURVE('',#9731,#10104);
#10104 = DEFINITIONAL_REPRESENTATION('',(#10105),#10109);
#10105 = LINE('',#10106,#10107);
#10106 = CARTESIAN_POINT('',(-0.,-2.6));
#10107 = VECTOR('',#10108,1.);
#10108 = DIRECTION('',(-1.,-0.));
#10109 = ( GEOMETRIC_REPRESENTATION_CONTEXT(2) 
PARAMETRIC_REPRESENTATION_CONTEXT() REPRESENTATION_CONTEXT('2D SPACE',''
  ) );
#10110 = PCURVE('',#9939,#10111);
#10111 = DEFINITIONAL_REPRESENTATION('',(#10112),#10116);
#10112 = LINE('',#10113,#10114);
#10113 = CARTESIAN_POINT('',(-0.,-2.6));
#10114 = VECTOR('',#10115,1.);
#10115 = DIRECTION('',(-1.,0.));
#10116 = ( GEOMETRIC_REPRESENTATION_CONTEXT(2) 
PARAMETRIC_REPRESENTATION_CONTEXT() REPRESENTATION_CONTEXT('2D SPACE',''
  ) );
#10117 = ORIENTED_EDGE('',*,*,#10073,.F.);
#10118 = ORIENTED_EDGE('',*,*,#9710,.T.);
#10119 = ADVANCED_FACE('',(#10120),#9766,.F.);
#10120 = FACE_BOUND('',#10121,.F.);
#10121 = EDGE_LOOP('',(#10122,#10145,#10167,#10168));
#10122 = ORIENTED_EDGE('',*,*,#10123,.T.);
#10123 = EDGE_CURVE('',#9746,#10124,#10126,.T.);
#10124 = VERTEX_POINT('',#10125);
#10125 = CARTESIAN_POINT('',(40.,2.55,121.25));
#10126 = SEAM_CURVE('',#10127,(#10131,#10138),.PCURVE_S1.);
#10127 = LINE('',#10128,#10129);
#10128 = CARTESIAN_POINT('',(40.,-5.E-02,123.85));
#10129 = VECTOR('',#10130,1.);
#10130 = DIRECTION('',(1.731912112471E-16,0.707106781187,-0.707106781187
    ));
#10131 = PCURVE('',#9766,#10132);
#10132 = DEFINITIONAL_REPRESENTATION('',(#10133),#10137);
#10133 = LINE('',#10134,#10135);
#10134 = CARTESIAN_POINT('',(-6.28318530718,0.));
#10135 = VECTOR('',#10136,1.);
#10136 = DIRECTION('',(-0.,-1.));
#10137 = ( GEOMETRIC_REPRESENTATION_CONTEXT(2) 
PARAMETRIC_REPRESENTATION_CONTEXT() REPRESENTATION_CONTEXT('2D SPACE',''
  ) );
#10138 = PCURVE('',#9766,#10139);
#10139 = DEFINITIONAL_REPRESENTATION('',(#10140),#10144);
#10140 = LINE('',#10141,#10142);
#10141 = CARTESIAN_POINT('',(0.,-0.));
#10142 = VECTOR('',#10143,1.);
#10143 = DIRECTION('',(-0.,-1.));
#10144 = ( GEOMETRIC_REPRESENTATION_CONTEXT(2) 
PARAMETRIC_REPRESENTATION_CONTEXT() REPRESENTATION_CONTEXT('2D SPACE',''
  ) );
#10145 = ORIENTED_EDGE('',*,*,#10146,.F.);
#10146 = EDGE_CURVE('',#10124,#10124,#10147,.T.);
#10147 = SURFACE_CURVE('',#10148,(#10153,#10160),.PCURVE_S1.);
#10148 = CIRCLE('',#10149,1.25);
#10149 = AXIS2_PLACEMENT_3D('',#10150,#10151,#10152);
#10150 = CARTESIAN_POINT('',(40.,2.55,120.));
#10151 = DIRECTION('',(0.,1.,0.));
#10152 = DIRECTION('',(0.,-0.,1.));
#10153 = PCURVE('',#9766,#10154);
#10154 = DEFINITIONAL_REPRESENTATION('',(#10155),#10159);
#10155 = LINE('',#10156,#10157);
#10156 = CARTESIAN_POINT('',(-0.,-2.6));
#10157 = VECTOR('',#10158,1.);
#10158 = DIRECTION('',(-1.,-0.));
#10159 = ( GEOMETRIC_REPRESENTATION_CONTEXT(2) 
PARAMETRIC_REPRESENTATION_CONTEXT() REPRESENTATION_CONTEXT('2D SPACE',''
  ) );
#10160 = PCURVE('',#9970,#10161);
#10161 = DEFINITIONAL_REPRESENTATION('',(#10162),#10166);
#10162 = LINE('',#10163,#10164);
#10163 = CARTESIAN_POINT('',(-0.,-2.6));
#10164 = VECTOR('',#10165,1.);
#10165 = DIRECTION('',(-1.,0.));
#10166 = ( GEOMETRIC_REPRESENTATION_CONTEXT(2) 
PARAMETRIC_REPRESENTATION_CONTEXT() REPRESENTATION_CONTEXT('2D SPACE',''
  ) );
#10167 = ORIENTED_EDGE('',*,*,#10123,.F.);
#10168 = ORIENTED_EDGE('',*,*,#9745,.T.);
#10169 = ADVANCED_FACE('',(#10170),#9801,.F.);
#10170 = FACE_BOUND('',#10171,.F.);
#10171 = EDGE_LOOP('',(#10172,#10195,#10217,#10218));
#10172 = ORIENTED_EDGE('',*,*,#10173,.T.);
#10173 = EDGE_CURVE('',#9781,#10174,#10176,.T.);
#10174 = VERTEX_POINT('',#10175);
#10175 = CARTESIAN_POINT('',(960.,2.55,121.25));
#10176 = SEAM_CURVE('',#10177,(#10181,#10188),.PCURVE_S1.);
#10177 = LINE('',#10178,#10179);
#10178 = CARTESIAN_POINT('',(960.,-5.E-02,123.85));
#10179 = VECTOR('',#10180,1.);
#10180 = DIRECTION('',(1.731912112471E-16,0.707106781187,-0.707106781187
    ));
#10181 = PCURVE('',#9801,#10182);
#10182 = DEFINITIONAL_REPRESENTATION('',(#10183),#10187);
#10183 = LINE('',#10184,#10185);
#10184 = CARTESIAN_POINT('',(-6.28318530718,0.));
#10185 = VECTOR('',#10186,1.);
#10186 = DIRECTION('',(-0.,-1.));
#10187 = ( GEOMETRIC_REPRESENTATION_CONTEXT(2) 
PARAMETRIC_REPRESENTATION_CONTEXT() REPRESENTATION_CONTEXT('2D SPACE',''
  ) );
#10188 = PCURVE('',#9801,#10189);
#10189 = DEFINITIONAL_REPRESENTATION('',(#10190),#10194);
#10190 = LINE('',#10191,#10192);
#10191 = CARTESIAN_POINT('',(0.,-0.));
#10192 = VECTOR('',#10193,1.);
#10193 = DIRECTION('',(-0.,-1.));
#10194 = ( GEOMETRIC_REPRESENTATION_CONTEXT(2) 
PARAMETRIC_REPRESENTATION_CONTEXT() REPRESENTATION_CONTEXT('2D SPACE',''
  ) );
#10195 = ORIENTED_EDGE('',*,*,#10196,.F.);
#10196 = EDGE_CURVE('',#10174,#10174,#10197,.T.);
#10197 = SURFACE_CURVE('',#10198,(#10203,#10210),.PCURVE_S1.);
#10198 = CIRCLE('',#10199,1.25);
#10199 = AXIS2_PLACEMENT_3D('',#10200,#10201,#10202);
#10200 = CARTESIAN_POINT('',(960.,2.55,120.));
#10201 = DIRECTION('',(0.,1.,0.));
#10202 = DIRECTION('',(0.,-0.,1.));
#10203 = PCURVE('',#9801,#10204);
#10204 = DEFINITIONAL_REPRESENTATION('',(#10205),#10209);
#10205 = LINE('',#10206,#10207);
#10206 = CARTESIAN_POINT('',(-0.,-2.6));
#10207 = VECTOR('',#10208,1.);
#10208 = DIRECTION('',(-1.,-0.));
#10209 = ( GEOMETRIC_REPRESENTATION_CONTEXT(2) 
PARAMETRIC_REPRESENTATION_CONTEXT() REPRESENTATION_CONTEXT('2D SPACE',''
  ) );
#10210 = PCURVE('',#10001,#10211);
#10211 = DEFINITIONAL_REPRESENTATION('',(#10212),#10216);
#10212 = LINE('',#10213,#10214);
#10213 = CARTESIAN_POINT('',(-0.,-2.6));
#10214 = VECTOR('',#10215,1.);
#10215 = DIRECTION('',(-1.,0.));
#10216 = ( GEOMETRIC_REPRESENTATION_CONTEXT(2) 
PARAMETRIC_REPRESENTATION_CONTEXT() REPRESENTATION_CONTEXT('2D SPACE',''
  ) );
#10217 = ORIENTED_EDGE('',*,*,#10173,.F.);
#10218 = ORIENTED_EDGE('',*,*,#9780,.T.);
#10219 = ADVANCED_FACE('',(#10220),#9908,.F.);
#10220 = FACE_BOUND('',#10221,.T.);
#10221 = EDGE_LOOP('',(#10222,#10243,#10244,#10245));
#10222 = ORIENTED_EDGE('',*,*,#10223,.F.);
#10223 = EDGE_CURVE('',#10024,#9892,#10224,.T.);
#10224 = SEAM_CURVE('',#10225,(#10229,#10236),.PCURVE_S1.);
#10225 = LINE('',#10226,#10227);
#10226 = CARTESIAN_POINT('',(40.,-5.E-02,26.25));
#10227 = VECTOR('',#10228,1.);
#10228 = DIRECTION('',(0.,1.,0.));
#10229 = PCURVE('',#9908,#10230);
#10230 = DEFINITIONAL_REPRESENTATION('',(#10231),#10235);
#10231 = LINE('',#10232,#10233);
#10232 = CARTESIAN_POINT('',(-6.28318530718,0.));
#10233 = VECTOR('',#10234,1.);
#10234 = DIRECTION('',(-0.,-1.));
#10235 = ( GEOMETRIC_REPRESENTATION_CONTEXT(2) 
PARAMETRIC_REPRESENTATION_CONTEXT() REPRESENTATION_CONTEXT('2D SPACE',''
  ) );
#10236 = PCURVE('',#9908,#10237);
#10237 = DEFINITIONAL_REPRESENTATION('',(#10238),#10242);
#10238 = LINE('',#10239,#10240);
#10239 = CARTESIAN_POINT('',(-0.,0.));
#10240 = VECTOR('',#10241,1.);
#10241 = DIRECTION('',(-0.,-1.));
#10242 = ( GEOMETRIC_REPRESENTATION_CONTEXT(2) 
PARAMETRIC_REPRESENTATION_CONTEXT() REPRESENTATION_CONTEXT('2D SPACE',''
  ) );
#10243 = ORIENTED_EDGE('',*,*,#10046,.F.);
#10244 = ORIENTED_EDGE('',*,*,#10223,.T.);
#10245 = ORIENTED_EDGE('',*,*,#9891,.F.);
#10246 = ADVANCED_FACE('',(#10247),#9939,.F.);
#10247 = FACE_BOUND('',#10248,.T.);
#10248 = EDGE_LOOP('',(#10249,#10270,#10271,#10272));
#10249 = ORIENTED_EDGE('',*,*,#10250,.F.);
#10250 = EDGE_CURVE('',#10074,#9923,#10251,.T.);
#10251 = SEAM_CURVE('',#10252,(#10256,#10263),.PCURVE_S1.);
#10252 = LINE('',#10253,#10254);
#10253 = CARTESIAN_POINT('',(960.,-5.E-02,26.25));
#10254 = VECTOR('',#10255,1.);
#10255 = DIRECTION('',(0.,1.,0.));
#10256 = PCURVE('',#9939,#10257);
#10257 = DEFINITIONAL_REPRESENTATION('',(#10258),#10262);
#10258 = LINE('',#10259,#10260);
#10259 = CARTESIAN_POINT('',(-6.28318530718,0.));
#10260 = VECTOR('',#10261,1.);
#10261 = DIRECTION('',(-0.,-1.));
#10262 = ( GEOMETRIC_REPRESENTATION_CONTEXT(2) 
PARAMETRIC_REPRESENTATION_CONTEXT() REPRESENTATION_CONTEXT('2D SPACE',''
  ) );
#10263 = PCURVE('',#9939,#10264);
#10264 = DEFINITIONAL_REPRESENTATION('',(#10265),#10269);
#10265 = LINE('',#10266,#10267);
#10266 = CARTESIAN_POINT('',(-0.,0.));
#10267 = VECTOR('',#10268,1.);
#10268 = DIRECTION('',(-0.,-1.));
#10269 = ( GEOMETRIC_REPRESENTATION_CONTEXT(2) 
PARAMETRIC_REPRESENTATION_CONTEXT() REPRESENTATION_CONTEXT('2D SPACE',''
  ) );
#10270 = ORIENTED_EDGE('',*,*,#10096,.F.);
#10271 = ORIENTED_EDGE('',*,*,#10250,.T.);
#10272 = ORIENTED_EDGE('',*,*,#9922,.F.);
#10273 = ADVANCED_FACE('',(#10274),#9970,.F.);
#10274 = FACE_BOUND('',#10275,.T.);
#10275 = EDGE_LOOP('',(#10276,#10297,#10298,#10299));
#10276 = ORIENTED_EDGE('',*,*,#10277,.F.);
#10277 = EDGE_CURVE('',#10124,#9954,#10278,.T.);
#10278 = SEAM_CURVE('',#10279,(#10283,#10290),.PCURVE_S1.);
#10279 = LINE('',#10280,#10281);
#10280 = CARTESIAN_POINT('',(40.,-5.E-02,121.25));
#10281 = VECTOR('',#10282,1.);
#10282 = DIRECTION('',(0.,1.,0.));
#10283 = PCURVE('',#9970,#10284);
#10284 = DEFINITIONAL_REPRESENTATION('',(#10285),#10289);
#10285 = LINE('',#10286,#10287);
#10286 = CARTESIAN_POINT('',(-6.28318530718,0.));
#10287 = VECTOR('',#10288,1.);
#10288 = DIRECTION('',(-0.,-1.));
#10289 = ( GEOMETRIC_REPRESENTATION_CONTEXT(2) 
PARAMETRIC_REPRESENTATION_CONTEXT() REPRESENTATION_CONTEXT('2D SPACE',''
  ) );
#10290 = PCURVE('',#9970,#10291);
#10291 = DEFINITIONAL_REPRESENTATION('',(#10292),#10296);
#10292 = LINE('',#10293,#10294);
#10293 = CARTESIAN_POINT('',(-0.,0.));
#10294 = VECTOR('',#10295,1.);
#10295 = DIRECTION('',(-0.,-1.));
#10296 = ( GEOMETRIC_REPRESENTATION_CONTEXT(2) 
PARAMETRIC_REPRESENTATION_CONTEXT() REPRESENTATION_CONTEXT('2D SPACE',''
  ) );
#10297 = ORIENTED_EDGE('',*,*,#10146,.F.);
#10298 = ORIENTED_EDGE('',*,*,#10277,.T.);
#10299 = ORIENTED_EDGE('',*,*,#9953,.F.);
#10300 = ADVANCED_FACE('',(#10301),#10001,.F.);
#10301 = FACE_BOUND('',#10302,.T.);
#10302 = EDGE_LOOP('',(#10303,#10324,#10325,#10326));
#10303 = ORIENTED_EDGE('',*,*,#10304,.F.);
#10304 = EDGE_CURVE('',#10174,#9985,#10305,.T.);
#10305 = SEAM_CURVE('',#10306,(#10310,#10317),.PCURVE_S1.);
#10306 = LINE('',#10307,#10308);
#10307 = CARTESIAN_POINT('',(960.,-5.E-02,121.25));
#10308 = VECTOR('',#10309,1.);
#10309 = DIRECTION('',(0.,1.,0.));
#10310 = PCURVE('',#10001,#10311);
#10311 = DEFINITIONAL_REPRESENTATION('',(#10312),#10316);
#10312 = LINE('',#10313,#10314);
#10313 = CARTESIAN_POINT('',(-6.28318530718,0.));
#10314 = VECTOR('',#10315,1.);
#10315 = DIRECTION('',(-0.,-1.));
#10316 = ( GEOMETRIC_REPRESENTATION_CONTEXT(2) 
PARAMETRIC_REPRESENTATION_CONTEXT() REPRESENTATION_CONTEXT('2D SPACE',''
  ) );
#10317 = PCURVE('',#10001,#10318);
#10318 = DEFINITIONAL_REPRESENTATION('',(#10319),#10323);
#10319 = LINE('',#10320,#10321);
#10320 = CARTESIAN_POINT('',(-0.,0.));
#10321 = VECTOR('',#10322,1.);
#10322 = DIRECTION('',(-0.,-1.));
#10323 = ( GEOMETRIC_REPRESENTATION_CONTEXT(2) 
PARAMETRIC_REPRESENTATION_CONTEXT() REPRESENTATION_CONTEXT('2D SPACE',''
  ) );
#10324 = ORIENTED_EDGE('',*,*,#10196,.F.);
#10325 = ORIENTED_EDGE('',*,*,#10304,.T.);
#10326 = ORIENTED_EDGE('',*,*,#9984,.F.);
#10327 = ( GEOMETRIC_REPRESENTATION_CONTEXT(3) 
GLOBAL_UNCERTAINTY_ASSIGNED_CONTEXT((#10331)) 
GLOBAL_UNIT_ASSIGNED_CONTEXT((#10328,#10329,#10330)) 
REPRESENTATION_CONTEXT('Context #1',
  '3D Context with UNIT and UNCERTAINTY') );
#10328 = ( LENGTH_UNIT() NAMED_UNIT(*) SI_UNIT(.MILLI.,.METRE.) );
#10329 = ( NAMED_UNIT(*) PLANE_ANGLE_UNIT() SI_UNIT($,.RADIAN.) );
#10330 = ( NAMED_UNIT(*) SI_UNIT($,.STERADIAN.) SOLID_ANGLE_UNIT() );
#10331 = UNCERTAINTY_MEASURE_WITH_UNIT(LENGTH_MEASURE(1.E-07),#10328,
  'distance_accuracy_value','confusion accuracy');
#10332 = CONTEXT_DEPENDENT_SHAPE_REPRESENTATION(#10333,#10335);
#10333 = ( REPRESENTATION_RELATIONSHIP('','',#9424,#10) 
REPRESENTATION_RELATIONSHIP_WITH_TRANSFORMATION(#10334) 
SHAPE_REPRESENTATION_RELATIONSHIP() );
#10334 = ITEM_DEFINED_TRANSFORMATION('','',#11,#31);
#10335 = PRODUCT_DEFINITION_SHAPE('Placement','Placement of an item',
  #10336);
#10336 = NEXT_ASSEMBLY_USAGE_OCCURRENCE('5','front_1','',#5,#9419,$);
#10337 = PRODUCT_RELATED_PRODUCT_CATEGORY('part',$,(#9421));
#10338 = SHAPE_DEFINITION_REPRESENTATION(#10339,#10345);
#10339 = PRODUCT_DEFINITION_SHAPE('','',#10340);
#10340 = PRODUCT_DEFINITION('design','',#10341,#10344);
#10341 = PRODUCT_DEFINITION_FORMATION('','',#10342);
#10342 = PRODUCT('front_2','front_2','',(#10343));
#10343 = PRODUCT_CONTEXT('',#2,'mechanical');
#10344 = PRODUCT_DEFINITION_CONTEXT('part definition',#2,'design');
#10345 = ADVANCED_BREP_SHAPE_REPRESENTATION('',(#11,#10346),#11248);
#10346 = MANIFOLD_SOLID_BREP('',#10347);
#10347 = CLOSED_SHELL('',(#10348,#10468,#10544,#10733,#10782,#10933,
    #10940,#10990,#11040,#11090,#11140,#11167,#11194,#11221));
#10348 = ADVANCED_FACE('',(#10349),#10363,.F.);
#10349 = FACE_BOUND('',#10350,.F.);
#10350 = EDGE_LOOP('',(#10351,#10386,#10414,#10442));
#10351 = ORIENTED_EDGE('',*,*,#10352,.F.);
#10352 = EDGE_CURVE('',#10353,#10355,#10357,.T.);
#10353 = VERTEX_POINT('',#10354);
#10354 = CARTESIAN_POINT('',(0.,20.,145.));
#10355 = VERTEX_POINT('',#10356);
#10356 = CARTESIAN_POINT('',(0.,0.,145.));
#10357 = SURFACE_CURVE('',#10358,(#10362,#10374),.PCURVE_S1.);
#10358 = LINE('',#10359,#10360);
#10359 = CARTESIAN_POINT('',(0.,20.,145.));
#10360 = VECTOR('',#10361,1.);
#10361 = DIRECTION('',(0.,-1.,0.));
#10362 = PCURVE('',#10363,#10368);
#10363 = PLANE('',#10364);
#10364 = AXIS2_PLACEMENT_3D('',#10365,#10366,#10367);
#10365 = CARTESIAN_POINT('',(0.,20.,145.));
#10366 = DIRECTION('',(1.,0.,0.));
#10367 = DIRECTION('',(0.,-1.,0.));
#10368 = DEFINITIONAL_REPRESENTATION('',(#10369),#10373);
#10369 = LINE('',#10370,#10371);
#10370 = CARTESIAN_POINT('',(0.,0.));
#10371 = VECTOR('',#10372,1.);
#10372 = DIRECTION('',(1.,0.));
#10373 = ( GEOMETRIC_REPRESENTATION_CONTEXT(2) 
PARAMETRIC_REPRESENTATION_CONTEXT() REPRESENTATION_CONTEXT('2D SPACE',''
  ) );
#10374 = PCURVE('',#10375,#10380);
#10375 = PLANE('',#10376);
#10376 = AXIS2_PLACEMENT_3D('',#10377,#10378,#10379);
#10377 = CARTESIAN_POINT('',(0.,20.,145.));
#10378 = DIRECTION('',(0.,0.,1.));
#10379 = DIRECTION('',(0.,-1.,0.));
#10380 = DEFINITIONAL_REPRESENTATION('',(#10381),#10385);
#10381 = LINE('',#10382,#10383);
#10382 = CARTESIAN_POINT('',(0.,0.));
#10383 = VECTOR('',#10384,1.);
#10384 = DIRECTION('',(1.,0.));
#10385 = ( GEOMETRIC_REPRESENTATION_CONTEXT(2) 
PARAMETRIC_REPRESENTATION_CONTEXT() REPRESENTATION_CONTEXT('2D SPACE',''
  ) );
#10386 = ORIENTED_EDGE('',*,*,#10387,.T.);
#10387 = EDGE_CURVE('',#10353,#10388,#10390,.T.);
#10388 = VERTEX_POINT('',#10389);
#10389 = CARTESIAN_POINT('',(0.,20.,290.));
#10390 = SURFACE_CURVE('',#10391,(#10395,#10402),.PCURVE_S1.);
#10391 = LINE('',#10392,#10393);
#10392 = CARTESIAN_POINT('',(0.,20.,145.));
#10393 = VECTOR('',#10394,1.);
#10394 = DIRECTION('',(0.,0.,1.));
#10395 = PCURVE('',#10363,#10396);
#10396 = DEFINITIONAL_REPRESENTATION('',(#10397),#10401);
#10397 = LINE('',#10398,#10399);
#10398 = CARTESIAN_POINT('',(0.,0.));
#10399 = VECTOR('',#10400,1.);
#10400 = DIRECTION('',(0.,-1.));
#10401 = ( GEOMETRIC_REPRESENTATION_CONTEXT(2) 
PARAMETRIC_REPRESENTATION_CONTEXT() REPRESENTATION_CONTEXT('2D SPACE',''
  ) );
#10402 = PCURVE('',#10403,#10408);
#10403 = PLANE('',#10404);
#10404 = AXIS2_PLACEMENT_3D('',#10405,#10406,#10407);
#10405 = CARTESIAN_POINT('',(0.,20.,145.));
#10406 = DIRECTION('',(0.,-1.,0.));
#10407 = DIRECTION('',(1.,0.,0.));
#10408 = DEFINITIONAL_REPRESENTATION('',(#10409),#10413);
#10409 = LINE('',#10410,#10411);
#10410 = CARTESIAN_POINT('',(0.,0.));
#10411 = VECTOR('',#10412,1.);
#10412 = DIRECTION('',(0.,1.));
#10413 = ( GEOMETRIC_REPRESENTATION_CONTEXT(2) 
PARAMETRIC_REPRESENTATION_CONTEXT() REPRESENTATION_CONTEXT('2D SPACE',''
  ) );
#10414 = ORIENTED_EDGE('',*,*,#10415,.T.);
#10415 = EDGE_CURVE('',#10388,#10416,#10418,.T.);
#10416 = VERTEX_POINT('',#10417);
#10417 = CARTESIAN_POINT('',(0.,0.,290.));
#10418 = SURFACE_CURVE('',#10419,(#10423,#10430),.PCURVE_S1.);
#10419 = LINE('',#10420,#10421);
#10420 = CARTESIAN_POINT('',(0.,20.,290.));
#10421 = VECTOR('',#10422,1.);
#10422 = DIRECTION('',(0.,-1.,0.));
#10423 = PCURVE('',#10363,#10424);
#10424 = DEFINITIONAL_REPRESENTATION('',(#10425),#10429);
#10425 = LINE('',#10426,#10427);
#10426 = CARTESIAN_POINT('',(0.,-145.));
#10427 = VECTOR('',#10428,1.);
#10428 = DIRECTION('',(1.,0.));
#10429 = ( GEOMETRIC_REPRESENTATION_CONTEXT(2) 
PARAMETRIC_REPRESENTATION_CONTEXT() REPRESENTATION_CONTEXT('2D SPACE',''
  ) );
#10430 = PCURVE('',#10431,#10436);
#10431 = PLANE('',#10432);
#10432 = AXIS2_PLACEMENT_3D('',#10433,#10434,#10435);
#10433 = CARTESIAN_POINT('',(0.,20.,290.));
#10434 = DIRECTION('',(0.,0.,1.));
#10435 = DIRECTION('',(0.,-1.,0.));
#10436 = DEFINITIONAL_REPRESENTATION('',(#10437),#10441);
#10437 = LINE('',#10438,#10439);
#10438 = CARTESIAN_POINT('',(0.,0.));
#10439 = VECTOR('',#10440,1.);
#10440 = DIRECTION('',(1.,0.));
#10441 = ( GEOMETRIC_REPRESENTATION_CONTEXT(2) 
PARAMETRIC_REPRESENTATION_CONTEXT() REPRESENTATION_CONTEXT('2D SPACE',''
  ) );
#10442 = ORIENTED_EDGE('',*,*,#10443,.F.);
#10443 = EDGE_CURVE('',#10355,#10416,#10444,.T.);
#10444 = SURFACE_CURVE('',#10445,(#10449,#10456),.PCURVE_S1.);
#10445 = LINE('',#10446,#10447);
#10446 = CARTESIAN_POINT('',(0.,0.,145.));
#10447 = VECTOR('',#10448,1.);
#10448 = DIRECTION('',(0.,0.,1.));
#10449 = PCURVE('',#10363,#10450);
#10450 = DEFINITIONAL_REPRESENTATION('',(#10451),#10455);
#10451 = LINE('',#10452,#10453);
#10452 = CARTESIAN_POINT('',(20.,0.));
#10453 = VECTOR('',#10454,1.);
#10454 = DIRECTION('',(0.,-1.));
#10455 = ( GEOMETRIC_REPRESENTATION_CONTEXT(2) 
PARAMETRIC_REPRESENTATION_CONTEXT() REPRESENTATION_CONTEXT('2D SPACE',''
  ) );
#10456 = PCURVE('',#10457,#10462);
#10457 = PLANE('',#10458);
#10458 = AXIS2_PLACEMENT_3D('',#10459,#10460,#10461);
#10459 = CARTESIAN_POINT('',(0.,0.,145.));
#10460 = DIRECTION('',(0.,-1.,0.));
#10461 = DIRECTION('',(1.,0.,0.));
#10462 = DEFINITIONAL_REPRESENTATION('',(#10463),#10467);
#10463 = LINE('',#10464,#10465);
#10464 = CARTESIAN_POINT('',(0.,0.));
#10465 = VECTOR('',#10466,1.);
#10466 = DIRECTION('',(0.,1.));
#10467 = ( GEOMETRIC_REPRESENTATION_CONTEXT(2) 
PARAMETRIC_REPRESENTATION_CONTEXT() REPRESENTATION_CONTEXT('2D SPACE',''
  ) );
#10468 = ADVANCED_FACE('',(#10469),#10375,.F.);
#10469 = FACE_BOUND('',#10470,.F.);
#10470 = EDGE_LOOP('',(#10471,#10494,#10495,#10518));
#10471 = ORIENTED_EDGE('',*,*,#10472,.F.);
#10472 = EDGE_CURVE('',#10353,#10473,#10475,.T.);
#10473 = VERTEX_POINT('',#10474);
#10474 = CARTESIAN_POINT('',(1.E+03,20.,145.));
#10475 = SURFACE_CURVE('',#10476,(#10480,#10487),.PCURVE_S1.);
#10476 = LINE('',#10477,#10478);
#10477 = CARTESIAN_POINT('',(0.,20.,145.));
#10478 = VECTOR('',#10479,1.);
#10479 = DIRECTION('',(1.,0.,0.));
#10480 = PCURVE('',#10375,#10481);
#10481 = DEFINITIONAL_REPRESENTATION('',(#10482),#10486);
#10482 = LINE('',#10483,#10484);
#10483 = CARTESIAN_POINT('',(0.,0.));
#10484 = VECTOR('',#10485,1.);
#10485 = DIRECTION('',(0.,1.));
#10486 = ( GEOMETRIC_REPRESENTATION_CONTEXT(2) 
PARAMETRIC_REPRESENTATION_CONTEXT() REPRESENTATION_CONTEXT('2D SPACE',''
  ) );
#10487 = PCURVE('',#10403,#10488);
#10488 = DEFINITIONAL_REPRESENTATION('',(#10489),#10493);
#10489 = LINE('',#10490,#10491);
#10490 = CARTESIAN_POINT('',(0.,0.));
#10491 = VECTOR('',#10492,1.);
#10492 = DIRECTION('',(1.,0.));
#10493 = ( GEOMETRIC_REPRESENTATION_CONTEXT(2) 
PARAMETRIC_REPRESENTATION_CONTEXT() REPRESENTATION_CONTEXT('2D SPACE',''
  ) );
#10494 = ORIENTED_EDGE('',*,*,#10352,.T.);
#10495 = ORIENTED_EDGE('',*,*,#10496,.T.);
#10496 = EDGE_CURVE('',#10355,#10497,#10499,.T.);
#10497 = VERTEX_POINT('',#10498);
#10498 = CARTESIAN_POINT('',(1.E+03,0.,145.));
#10499 = SURFACE_CURVE('',#10500,(#10504,#10511),.PCURVE_S1.);
#10500 = LINE('',#10501,#10502);
#10501 = CARTESIAN_POINT('',(0.,0.,145.));
#10502 = VECTOR('',#10503,1.);
#10503 = DIRECTION('',(1.,0.,0.));
#10504 = PCURVE('',#10375,#10505);
#10505 = DEFINITIONAL_REPRESENTATION('',(#10506),#10510);
#10506 = LINE('',#10507,#10508);
#10507 = CARTESIAN_POINT('',(20.,0.));
#10508 = VECTOR('',#10509,1.);
#10509 = DIRECTION('',(0.,1.));
#10510 = ( GEOMETRIC_REPRESENTATION_CONTEXT(2) 
PARAMETRIC_REPRESENTATION_CONTEXT() REPRESENTATION_CONTEXT('2D SPACE',''
  ) );
#10511 = PCURVE('',#10457,#10512);
#10512 = DEFINITIONAL_REPRESENTATION('',(#10513),#10517);
#10513 = LINE('',#10514,#10515);
#10514 = CARTESIAN_POINT('',(0.,0.));
#10515 = VECTOR('',#10516,1.);
#10516 = DIRECTION('',(1.,0.));
#10517 = ( GEOMETRIC_REPRESENTATION_CONTEXT(2) 
PARAMETRIC_REPRESENTATION_CONTEXT() REPRESENTATION_CONTEXT('2D SPACE',''
  ) );
#10518 = ORIENTED_EDGE('',*,*,#10519,.F.);
#10519 = EDGE_CURVE('',#10473,#10497,#10520,.T.);
#10520 = SURFACE_CURVE('',#10521,(#10525,#10532),.PCURVE_S1.);
#10521 = LINE('',#10522,#10523);
#10522 = CARTESIAN_POINT('',(1.E+03,20.,145.));
#10523 = VECTOR('',#10524,1.);
#10524 = DIRECTION('',(0.,-1.,0.));
#10525 = PCURVE('',#10375,#10526);
#10526 = DEFINITIONAL_REPRESENTATION('',(#10527),#10531);
#10527 = LINE('',#10528,#10529);
#10528 = CARTESIAN_POINT('',(0.,1.E+03));
#10529 = VECTOR('',#10530,1.);
#10530 = DIRECTION('',(1.,0.));
#10531 = ( GEOMETRIC_REPRESENTATION_CONTEXT(2) 
PARAMETRIC_REPRESENTATION_CONTEXT() REPRESENTATION_CONTEXT('2D SPACE',''
  ) );
#10532 = PCURVE('',#10533,#10538);
#10533 = PLANE('',#10534);
#10534 = AXIS2_PLACEMENT_3D('',#10535,#10536,#10537);
#10535 = CARTESIAN_POINT('',(1.E+03,20.,145.));
#10536 = DIRECTION('',(1.,0.,0.));
#10537 = DIRECTION('',(0.,-1.,0.));
#10538 = DEFINITIONAL_REPRESENTATION('',(#10539),#10543);
#10539 = LINE('',#10540,#10541);
#10540 = CARTESIAN_POINT('',(0.,0.));
#10541 = VECTOR('',#10542,1.);
#10542 = DIRECTION('',(1.,0.));
#10543 = ( GEOMETRIC_REPRESENTATION_CONTEXT(2) 
PARAMETRIC_REPRESENTATION_CONTEXT() REPRESENTATION_CONTEXT('2D SPACE',''
  ) );
#10544 = ADVANCED_FACE('',(#10545,#10593,#10628,#10663,#10698),#10457,
  .T.);
#10545 = FACE_BOUND('',#10546,.T.);
#10546 = EDGE_LOOP('',(#10547,#10548,#10549,#10572));
#10547 = ORIENTED_EDGE('',*,*,#10443,.F.);
#10548 = ORIENTED_EDGE('',*,*,#10496,.T.);
#10549 = ORIENTED_EDGE('',*,*,#10550,.T.);
#10550 = EDGE_CURVE('',#10497,#10551,#10553,.T.);
#10551 = VERTEX_POINT('',#10552);
#10552 = CARTESIAN_POINT('',(1.E+03,0.,290.));
#10553 = SURFACE_CURVE('',#10554,(#10558,#10565),.PCURVE_S1.);
#10554 = LINE('',#10555,#10556);
#10555 = CARTESIAN_POINT('',(1.E+03,0.,145.));
#10556 = VECTOR('',#10557,1.);
#10557 = DIRECTION('',(0.,0.,1.));
#10558 = PCURVE('',#10457,#10559);
#10559 = DEFINITIONAL_REPRESENTATION('',(#10560),#10564);
#10560 = LINE('',#10561,#10562);
#10561 = CARTESIAN_POINT('',(1.E+03,0.));
#10562 = VECTOR('',#10563,1.);
#10563 = DIRECTION('',(0.,1.));
#10564 = ( GEOMETRIC_REPRESENTATION_CONTEXT(2) 
PARAMETRIC_REPRESENTATION_CONTEXT() REPRESENTATION_CONTEXT('2D SPACE',''
  ) );
#10565 = PCURVE('',#10533,#10566);
#10566 = DEFINITIONAL_REPRESENTATION('',(#10567),#10571);
#10567 = LINE('',#10568,#10569);
#10568 = CARTESIAN_POINT('',(20.,0.));
#10569 = VECTOR('',#10570,1.);
#10570 = DIRECTION('',(0.,-1.));
#10571 = ( GEOMETRIC_REPRESENTATION_CONTEXT(2) 
PARAMETRIC_REPRESENTATION_CONTEXT() REPRESENTATION_CONTEXT('2D SPACE',''
  ) );
#10572 = ORIENTED_EDGE('',*,*,#10573,.F.);
#10573 = EDGE_CURVE('',#10416,#10551,#10574,.T.);
#10574 = SURFACE_CURVE('',#10575,(#10579,#10586),.PCURVE_S1.);
#10575 = LINE('',#10576,#10577);
#10576 = CARTESIAN_POINT('',(0.,0.,290.));
#10577 = VECTOR('',#10578,1.);
#10578 = DIRECTION('',(1.,0.,0.));
#10579 = PCURVE('',#10457,#10580);
#10580 = DEFINITIONAL_REPRESENTATION('',(#10581),#10585);
#10581 = LINE('',#10582,#10583);
#10582 = CARTESIAN_POINT('',(0.,145.));
#10583 = VECTOR('',#10584,1.);
#10584 = DIRECTION('',(1.,0.));
#10585 = ( GEOMETRIC_REPRESENTATION_CONTEXT(2) 
PARAMETRIC_REPRESENTATION_CONTEXT() REPRESENTATION_CONTEXT('2D SPACE',''
  ) );
#10586 = PCURVE('',#10431,#10587);
#10587 = DEFINITIONAL_REPRESENTATION('',(#10588),#10592);
#10588 = LINE('',#10589,#10590);
#10589 = CARTESIAN_POINT('',(20.,0.));
#10590 = VECTOR('',#10591,1.);
#10591 = DIRECTION('',(0.,1.));
#10592 = ( GEOMETRIC_REPRESENTATION_CONTEXT(2) 
PARAMETRIC_REPRESENTATION_CONTEXT() REPRESENTATION_CONTEXT('2D SPACE',''
  ) );
#10593 = FACE_BOUND('',#10594,.T.);
#10594 = EDGE_LOOP('',(#10595));
#10595 = ORIENTED_EDGE('',*,*,#10596,.T.);
#10596 = EDGE_CURVE('',#10597,#10597,#10599,.T.);
#10597 = VERTEX_POINT('',#10598);
#10598 = CARTESIAN_POINT('',(40.,0.,173.8));
#10599 = SURFACE_CURVE('',#10600,(#10605,#10616),.PCURVE_S1.);
#10600 = CIRCLE('',#10601,3.8);
#10601 = AXIS2_PLACEMENT_3D('',#10602,#10603,#10604);
#10602 = CARTESIAN_POINT('',(40.,0.,170.));
#10603 = DIRECTION('',(0.,1.,0.));
#10604 = DIRECTION('',(0.,-0.,1.));
#10605 = PCURVE('',#10457,#10606);
#10606 = DEFINITIONAL_REPRESENTATION('',(#10607),#10615);
#10607 = ( BOUNDED_CURVE() B_SPLINE_CURVE(2,(#10608,#10609,#10610,#10611
    ,#10612,#10613,#10614),.UNSPECIFIED.,.T.,.F.) 
B_SPLINE_CURVE_WITH_KNOTS((1,2,2,2,2,1),(-2.094395102393,0.,
    2.094395102393,4.188790204786,6.28318530718,8.377580409573),
.UNSPECIFIED.) CURVE() GEOMETRIC_REPRESENTATION_ITEM() 
RATIONAL_B_SPLINE_CURVE((1.,0.5,1.,0.5,1.,0.5,1.)) REPRESENTATION_ITEM(
  '') );
#10608 = CARTESIAN_POINT('',(40.,28.8));
#10609 = CARTESIAN_POINT('',(46.581793068762,28.8));
#10610 = CARTESIAN_POINT('',(43.290896534381,23.1));
#10611 = CARTESIAN_POINT('',(40.,17.4));
#10612 = CARTESIAN_POINT('',(36.709103465619,23.1));
#10613 = CARTESIAN_POINT('',(33.418206931238,28.8));
#10614 = CARTESIAN_POINT('',(40.,28.8));
#10615 = ( GEOMETRIC_REPRESENTATION_CONTEXT(2) 
PARAMETRIC_REPRESENTATION_CONTEXT() REPRESENTATION_CONTEXT('2D SPACE',''
  ) );
#10616 = PCURVE('',#10617,#10622);
#10617 = CONICAL_SURFACE('',#10618,3.85,0.785398163397);
#10618 = AXIS2_PLACEMENT_3D('',#10619,#10620,#10621);
#10619 = CARTESIAN_POINT('',(40.,-5.E-02,170.));
#10620 = DIRECTION('',(-0.,-1.,-0.));
#10621 = DIRECTION('',(0.,-0.,1.));
#10622 = DEFINITIONAL_REPRESENTATION('',(#10623),#10627);
#10623 = LINE('',#10624,#10625);
#10624 = CARTESIAN_POINT('',(-0.,-5.E-02));
#10625 = VECTOR('',#10626,1.);
#10626 = DIRECTION('',(-1.,-0.));
#10627 = ( GEOMETRIC_REPRESENTATION_CONTEXT(2) 
PARAMETRIC_REPRESENTATION_CONTEXT() REPRESENTATION_CONTEXT('2D SPACE',''
  ) );
#10628 = FACE_BOUND('',#10629,.T.);
#10629 = EDGE_LOOP('',(#10630));
#10630 = ORIENTED_EDGE('',*,*,#10631,.T.);
#10631 = EDGE_CURVE('',#10632,#10632,#10634,.T.);
#10632 = VERTEX_POINT('',#10633);
#10633 = CARTESIAN_POINT('',(960.,0.,173.8));
#10634 = SURFACE_CURVE('',#10635,(#10640,#10651),.PCURVE_S1.);
#10635 = CIRCLE('',#10636,3.8);
#10636 = AXIS2_PLACEMENT_3D('',#10637,#10638,#10639);
#10637 = CARTESIAN_POINT('',(960.,0.,170.));
#10638 = DIRECTION('',(0.,1.,0.));
#10639 = DIRECTION('',(0.,-0.,1.));
#10640 = PCURVE('',#10457,#10641);
#10641 = DEFINITIONAL_REPRESENTATION('',(#10642),#10650);
#10642 = ( BOUNDED_CURVE() B_SPLINE_CURVE(2,(#10643,#10644,#10645,#10646
    ,#10647,#10648,#10649),.UNSPECIFIED.,.T.,.F.) 
B_SPLINE_CURVE_WITH_KNOTS((1,2,2,2,2,1),(-2.094395102393,0.,
    2.094395102393,4.188790204786,6.28318530718,8.377580409573),
.UNSPECIFIED.) CURVE() GEOMETRIC_REPRESENTATION_ITEM() 
RATIONAL_B_SPLINE_CURVE((1.,0.5,1.,0.5,1.,0.5,1.)) REPRESENTATION_ITEM(
  '') );
#10643 = CARTESIAN_POINT('',(960.,28.8));
#10644 = CARTESIAN_POINT('',(966.58179306876,28.8));
#10645 = CARTESIAN_POINT('',(963.29089653438,23.1));
#10646 = CARTESIAN_POINT('',(960.,17.4));
#10647 = CARTESIAN_POINT('',(956.70910346561,23.1));
#10648 = CARTESIAN_POINT('',(953.41820693123,28.8));
#10649 = CARTESIAN_POINT('',(960.,28.8));
#10650 = ( GEOMETRIC_REPRESENTATION_CONTEXT(2) 
PARAMETRIC_REPRESENTATION_CONTEXT() REPRESENTATION_CONTEXT('2D SPACE',''
  ) );
#10651 = PCURVE('',#10652,#10657);
#10652 = CONICAL_SURFACE('',#10653,3.85,0.785398163397);
#10653 = AXIS2_PLACEMENT_3D('',#10654,#10655,#10656);
#10654 = CARTESIAN_POINT('',(960.,-5.E-02,170.));
#10655 = DIRECTION('',(-0.,-1.,-0.));
#10656 = DIRECTION('',(0.,-0.,1.));
#10657 = DEFINITIONAL_REPRESENTATION('',(#10658),#10662);
#10658 = LINE('',#10659,#10660);
#10659 = CARTESIAN_POINT('',(-0.,-5.E-02));
#10660 = VECTOR('',#10661,1.);
#10661 = DIRECTION('',(-1.,-0.));
#10662 = ( GEOMETRIC_REPRESENTATION_CONTEXT(2) 
PARAMETRIC_REPRESENTATION_CONTEXT() REPRESENTATION_CONTEXT('2D SPACE',''
  ) );
#10663 = FACE_BOUND('',#10664,.T.);
#10664 = EDGE_LOOP('',(#10665));
#10665 = ORIENTED_EDGE('',*,*,#10666,.T.);
#10666 = EDGE_CURVE('',#10667,#10667,#10669,.T.);
#10667 = VERTEX_POINT('',#10668);
#10668 = CARTESIAN_POINT('',(40.,0.,268.8));
#10669 = SURFACE_CURVE('',#10670,(#10675,#10686),.PCURVE_S1.);
#10670 = CIRCLE('',#10671,3.8);
#10671 = AXIS2_PLACEMENT_3D('',#10672,#10673,#10674);
#10672 = CARTESIAN_POINT('',(40.,0.,265.));
#10673 = DIRECTION('',(0.,1.,0.));
#10674 = DIRECTION('',(0.,-0.,1.));
#10675 = PCURVE('',#10457,#10676);
#10676 = DEFINITIONAL_REPRESENTATION('',(#10677),#10685);
#10677 = ( BOUNDED_CURVE() B_SPLINE_CURVE(2,(#10678,#10679,#10680,#10681
    ,#10682,#10683,#10684),.UNSPECIFIED.,.T.,.F.) 
B_SPLINE_CURVE_WITH_KNOTS((1,2,2,2,2,1),(-2.094395102393,0.,
    2.094395102393,4.188790204786,6.28318530718,8.377580409573),
.UNSPECIFIED.) CURVE() GEOMETRIC_REPRESENTATION_ITEM() 
RATIONAL_B_SPLINE_CURVE((1.,0.5,1.,0.5,1.,0.5,1.)) REPRESENTATION_ITEM(
  '') );
#10678 = CARTESIAN_POINT('',(40.,123.8));
#10679 = CARTESIAN_POINT('',(46.581793068762,123.8));
#10680 = CARTESIAN_POINT('',(43.290896534381,118.1));
#10681 = CARTESIAN_POINT('',(40.,112.4));
#10682 = CARTESIAN_POINT('',(36.709103465619,118.1));
#10683 = CARTESIAN_POINT('',(33.418206931238,123.8));
#10684 = CARTESIAN_POINT('',(40.,123.8));
#10685 = ( GEOMETRIC_REPRESENTATION_CONTEXT(2) 
PARAMETRIC_REPRESENTATION_CONTEXT() REPRESENTATION_CONTEXT('2D SPACE',''
  ) );
#10686 = PCURVE('',#10687,#10692);
#10687 = CONICAL_SURFACE('',#10688,3.85,0.785398163397);
#10688 = AXIS2_PLACEMENT_3D('',#10689,#10690,#10691);
#10689 = CARTESIAN_POINT('',(40.,-5.E-02,265.));
#10690 = DIRECTION('',(-0.,-1.,-0.));
#10691 = DIRECTION('',(0.,-0.,1.));
#10692 = DEFINITIONAL_REPRESENTATION('',(#10693),#10697);
#10693 = LINE('',#10694,#10695);
#10694 = CARTESIAN_POINT('',(-0.,-5.E-02));
#10695 = VECTOR('',#10696,1.);
#10696 = DIRECTION('',(-1.,-0.));
#10697 = ( GEOMETRIC_REPRESENTATION_CONTEXT(2) 
PARAMETRIC_REPRESENTATION_CONTEXT() REPRESENTATION_CONTEXT('2D SPACE',''
  ) );
#10698 = FACE_BOUND('',#10699,.T.);
#10699 = EDGE_LOOP('',(#10700));
#10700 = ORIENTED_EDGE('',*,*,#10701,.T.);
#10701 = EDGE_CURVE('',#10702,#10702,#10704,.T.);
#10702 = VERTEX_POINT('',#10703);
#10703 = CARTESIAN_POINT('',(960.,0.,268.8));
#10704 = SURFACE_CURVE('',#10705,(#10710,#10721),.PCURVE_S1.);
#10705 = CIRCLE('',#10706,3.8);
#10706 = AXIS2_PLACEMENT_3D('',#10707,#10708,#10709);
#10707 = CARTESIAN_POINT('',(960.,0.,265.));
#10708 = DIRECTION('',(0.,1.,0.));
#10709 = DIRECTION('',(0.,-0.,1.));
#10710 = PCURVE('',#10457,#10711);
#10711 = DEFINITIONAL_REPRESENTATION('',(#10712),#10720);
#10712 = ( BOUNDED_CURVE() B_SPLINE_CURVE(2,(#10713,#10714,#10715,#10716
    ,#10717,#10718,#10719),.UNSPECIFIED.,.T.,.F.) 
B_SPLINE_CURVE_WITH_KNOTS((1,2,2,2,2,1),(-2.094395102393,0.,
    2.094395102393,4.188790204786,6.28318530718,8.377580409573),
.UNSPECIFIED.) CURVE() GEOMETRIC_REPRESENTATION_ITEM() 
RATIONAL_B_SPLINE_CURVE((1.,0.5,1.,0.5,1.,0.5,1.)) REPRESENTATION_ITEM(
  '') );
#10713 = CARTESIAN_POINT('',(960.,123.8));
#10714 = CARTESIAN_POINT('',(966.58179306876,123.8));
#10715 = CARTESIAN_POINT('',(963.29089653438,118.1));
#10716 = CARTESIAN_POINT('',(960.,112.4));
#10717 = CARTESIAN_POINT('',(956.70910346561,118.1));
#10718 = CARTESIAN_POINT('',(953.41820693123,123.8));
#10719 = CARTESIAN_POINT('',(960.,123.8));
#10720 = ( GEOMETRIC_REPRESENTATION_CONTEXT(2) 
PARAMETRIC_REPRESENTATION_CONTEXT() REPRESENTATION_CONTEXT('2D SPACE',''
  ) );
#10721 = PCURVE('',#10722,#10727);
#10722 = CONICAL_SURFACE('',#10723,3.85,0.785398163397);
#10723 = AXIS2_PLACEMENT_3D('',#10724,#10725,#10726);
#10724 = CARTESIAN_POINT('',(960.,-5.E-02,265.));
#10725 = DIRECTION('',(-0.,-1.,-0.));
#10726 = DIRECTION('',(0.,-0.,1.));
#10727 = DEFINITIONAL_REPRESENTATION('',(#10728),#10732);
#10728 = LINE('',#10729,#10730);
#10729 = CARTESIAN_POINT('',(-0.,-5.E-02));
#10730 = VECTOR('',#10731,1.);
#10731 = DIRECTION('',(-1.,-0.));
#10732 = ( GEOMETRIC_REPRESENTATION_CONTEXT(2) 
PARAMETRIC_REPRESENTATION_CONTEXT() REPRESENTATION_CONTEXT('2D SPACE',''
  ) );
#10733 = ADVANCED_FACE('',(#10734),#10431,.T.);
#10734 = FACE_BOUND('',#10735,.T.);
#10735 = EDGE_LOOP('',(#10736,#10759,#10760,#10761));
#10736 = ORIENTED_EDGE('',*,*,#10737,.F.);
#10737 = EDGE_CURVE('',#10388,#10738,#10740,.T.);
#10738 = VERTEX_POINT('',#10739);
#10739 = CARTESIAN_POINT('',(1.E+03,20.,290.));
#10740 = SURFACE_CURVE('',#10741,(#10745,#10752),.PCURVE_S1.);
#10741 = LINE('',#10742,#10743);
#10742 = CARTESIAN_POINT('',(0.,20.,290.));
#10743 = VECTOR('',#10744,1.);
#10744 = DIRECTION('',(1.,0.,0.));
#10745 = PCURVE('',#10431,#10746);
#10746 = DEFINITIONAL_REPRESENTATION('',(#10747),#10751);
#10747 = LINE('',#10748,#10749);
#10748 = CARTESIAN_POINT('',(0.,0.));
#10749 = VECTOR('',#10750,1.);
#10750 = DIRECTION('',(0.,1.));
#10751 = ( GEOMETRIC_REPRESENTATION_CONTEXT(2) 
PARAMETRIC_REPRESENTATION_CONTEXT() REPRESENTATION_CONTEXT('2D SPACE',''
  ) );
#10752 = PCURVE('',#10403,#10753);
#10753 = DEFINITIONAL_REPRESENTATION('',(#10754),#10758);
#10754 = LINE('',#10755,#10756);
#10755 = CARTESIAN_POINT('',(0.,145.));
#10756 = VECTOR('',#10757,1.);
#10757 = DIRECTION('',(1.,0.));
#10758 = ( GEOMETRIC_REPRESENTATION_CONTEXT(2) 
PARAMETRIC_REPRESENTATION_CONTEXT() REPRESENTATION_CONTEXT('2D SPACE',''
  ) );
#10759 = ORIENTED_EDGE('',*,*,#10415,.T.);
#10760 = ORIENTED_EDGE('',*,*,#10573,.T.);
#10761 = ORIENTED_EDGE('',*,*,#10762,.F.);
#10762 = EDGE_CURVE('',#10738,#10551,#10763,.T.);
#10763 = SURFACE_CURVE('',#10764,(#10768,#10775),.PCURVE_S1.);
#10764 = LINE('',#10765,#10766);
#10765 = CARTESIAN_POINT('',(1.E+03,20.,290.));
#10766 = VECTOR('',#10767,1.);
#10767 = DIRECTION('',(0.,-1.,0.));
#10768 = PCURVE('',#10431,#10769);
#10769 = DEFINITIONAL_REPRESENTATION('',(#10770),#10774);
#10770 = LINE('',#10771,#10772);
#10771 = CARTESIAN_POINT('',(0.,1.E+03));
#10772 = VECTOR('',#10773,1.);
#10773 = DIRECTION('',(1.,0.));
#10774 = ( GEOMETRIC_REPRESENTATION_CONTEXT(2) 
PARAMETRIC_REPRESENTATION_CONTEXT() REPRESENTATION_CONTEXT('2D SPACE',''
  ) );
#10775 = PCURVE('',#10533,#10776);
#10776 = DEFINITIONAL_REPRESENTATION('',(#10777),#10781);
#10777 = LINE('',#10778,#10779);
#10778 = CARTESIAN_POINT('',(0.,-145.));
#10779 = VECTOR('',#10780,1.);
#10780 = DIRECTION('',(1.,0.));
#10781 = ( GEOMETRIC_REPRESENTATION_CONTEXT(2) 
PARAMETRIC_REPRESENTATION_CONTEXT() REPRESENTATION_CONTEXT('2D SPACE',''
  ) );
#10782 = ADVANCED_FACE('',(#10783,#10809,#10840,#10871,#10902),#10403,
  .F.);
#10783 = FACE_BOUND('',#10784,.F.);
#10784 = EDGE_LOOP('',(#10785,#10786,#10787,#10808));
#10785 = ORIENTED_EDGE('',*,*,#10387,.F.);
#10786 = ORIENTED_EDGE('',*,*,#10472,.T.);
#10787 = ORIENTED_EDGE('',*,*,#10788,.T.);
#10788 = EDGE_CURVE('',#10473,#10738,#10789,.T.);
#10789 = SURFACE_CURVE('',#10790,(#10794,#10801),.PCURVE_S1.);
#10790 = LINE('',#10791,#10792);
#10791 = CARTESIAN_POINT('',(1.E+03,20.,145.));
#10792 = VECTOR('',#10793,1.);
#10793 = DIRECTION('',(0.,0.,1.));
#10794 = PCURVE('',#10403,#10795);
#10795 = DEFINITIONAL_REPRESENTATION('',(#10796),#10800);
#10796 = LINE('',#10797,#10798);
#10797 = CARTESIAN_POINT('',(1.E+03,0.));
#10798 = VECTOR('',#10799,1.);
#10799 = DIRECTION('',(0.,1.));
#10800 = ( GEOMETRIC_REPRESENTATION_CONTEXT(2) 
PARAMETRIC_REPRESENTATION_CONTEXT() REPRESENTATION_CONTEXT('2D SPACE',''
  ) );
#10801 = PCURVE('',#10533,#10802);
#10802 = DEFINITIONAL_REPRESENTATION('',(#10803),#10807);
#10803 = LINE('',#10804,#10805);
#10804 = CARTESIAN_POINT('',(0.,0.));
#10805 = VECTOR('',#10806,1.);
#10806 = DIRECTION('',(0.,-1.));
#10807 = ( GEOMETRIC_REPRESENTATION_CONTEXT(2) 
PARAMETRIC_REPRESENTATION_CONTEXT() REPRESENTATION_CONTEXT('2D SPACE',''
  ) );
#10808 = ORIENTED_EDGE('',*,*,#10737,.F.);
#10809 = FACE_BOUND('',#10810,.F.);
#10810 = EDGE_LOOP('',(#10811));
#10811 = ORIENTED_EDGE('',*,*,#10812,.F.);
#10812 = EDGE_CURVE('',#10813,#10813,#10815,.T.);
#10813 = VERTEX_POINT('',#10814);
#10814 = CARTESIAN_POINT('',(40.,20.,171.25));
#10815 = SURFACE_CURVE('',#10816,(#10821,#10828),.PCURVE_S1.);
#10816 = CIRCLE('',#10817,1.25);
#10817 = AXIS2_PLACEMENT_3D('',#10818,#10819,#10820);
#10818 = CARTESIAN_POINT('',(40.,20.,170.));
#10819 = DIRECTION('',(0.,-1.,0.));
#10820 = DIRECTION('',(0.,0.,1.));
#10821 = PCURVE('',#10403,#10822);
#10822 = DEFINITIONAL_REPRESENTATION('',(#10823),#10827);
#10823 = CIRCLE('',#10824,1.25);
#10824 = AXIS2_PLACEMENT_2D('',#10825,#10826);
#10825 = CARTESIAN_POINT('',(40.,25.));
#10826 = DIRECTION('',(0.,1.));
#10827 = ( GEOMETRIC_REPRESENTATION_CONTEXT(2) 
PARAMETRIC_REPRESENTATION_CONTEXT() REPRESENTATION_CONTEXT('2D SPACE',''
  ) );
#10828 = PCURVE('',#10829,#10834);
#10829 = CYLINDRICAL_SURFACE('',#10830,1.25);
#10830 = AXIS2_PLACEMENT_3D('',#10831,#10832,#10833);
#10831 = CARTESIAN_POINT('',(40.,-5.E-02,170.));
#10832 = DIRECTION('',(-0.,-1.,-0.));
#10833 = DIRECTION('',(0.,0.,1.));
#10834 = DEFINITIONAL_REPRESENTATION('',(#10835),#10839);
#10835 = LINE('',#10836,#10837);
#10836 = CARTESIAN_POINT('',(-6.28318530718,-20.05));
#10837 = VECTOR('',#10838,1.);
#10838 = DIRECTION('',(1.,-0.));
#10839 = ( GEOMETRIC_REPRESENTATION_CONTEXT(2) 
PARAMETRIC_REPRESENTATION_CONTEXT() REPRESENTATION_CONTEXT('2D SPACE',''
  ) );
#10840 = FACE_BOUND('',#10841,.F.);
#10841 = EDGE_LOOP('',(#10842));
#10842 = ORIENTED_EDGE('',*,*,#10843,.F.);
#10843 = EDGE_CURVE('',#10844,#10844,#10846,.T.);
#10844 = VERTEX_POINT('',#10845);
#10845 = CARTESIAN_POINT('',(960.,20.,171.25));
#10846 = SURFACE_CURVE('',#10847,(#10852,#10859),.PCURVE_S1.);
#10847 = CIRCLE('',#10848,1.25);
#10848 = AXIS2_PLACEMENT_3D('',#10849,#10850,#10851);
#10849 = CARTESIAN_POINT('',(960.,20.,170.));
#10850 = DIRECTION('',(0.,-1.,0.));
#10851 = DIRECTION('',(0.,0.,1.));
#10852 = PCURVE('',#10403,#10853);
#10853 = DEFINITIONAL_REPRESENTATION('',(#10854),#10858);
#10854 = CIRCLE('',#10855,1.25);
#10855 = AXIS2_PLACEMENT_2D('',#10856,#10857);
#10856 = CARTESIAN_POINT('',(960.,25.));
#10857 = DIRECTION('',(0.,1.));
#10858 = ( GEOMETRIC_REPRESENTATION_CONTEXT(2) 
PARAMETRIC_REPRESENTATION_CONTEXT() REPRESENTATION_CONTEXT('2D SPACE',''
  ) );
#10859 = PCURVE('',#10860,#10865);
#10860 = CYLINDRICAL_SURFACE('',#10861,1.25);
#10861 = AXIS2_PLACEMENT_3D('',#10862,#10863,#10864);
#10862 = CARTESIAN_POINT('',(960.,-5.E-02,170.));
#10863 = DIRECTION('',(-0.,-1.,-0.));
#10864 = DIRECTION('',(0.,0.,1.));
#10865 = DEFINITIONAL_REPRESENTATION('',(#10866),#10870);
#10866 = LINE('',#10867,#10868);
#10867 = CARTESIAN_POINT('',(-6.28318530718,-20.05));
#10868 = VECTOR('',#10869,1.);
#10869 = DIRECTION('',(1.,-0.));
#10870 = ( GEOMETRIC_REPRESENTATION_CONTEXT(2) 
PARAMETRIC_REPRESENTATION_CONTEXT() REPRESENTATION_CONTEXT('2D SPACE',''
  ) );
#10871 = FACE_BOUND('',#10872,.F.);
#10872 = EDGE_LOOP('',(#10873));
#10873 = ORIENTED_EDGE('',*,*,#10874,.F.);
#10874 = EDGE_CURVE('',#10875,#10875,#10877,.T.);
#10875 = VERTEX_POINT('',#10876);
#10876 = CARTESIAN_POINT('',(40.,20.,266.25));
#10877 = SURFACE_CURVE('',#10878,(#10883,#10890),.PCURVE_S1.);
#10878 = CIRCLE('',#10879,1.25);
#10879 = AXIS2_PLACEMENT_3D('',#10880,#10881,#10882);
#10880 = CARTESIAN_POINT('',(40.,20.,265.));
#10881 = DIRECTION('',(0.,-1.,0.));
#10882 = DIRECTION('',(0.,0.,1.));
#10883 = PCURVE('',#10403,#10884);
#10884 = DEFINITIONAL_REPRESENTATION('',(#10885),#10889);
#10885 = CIRCLE('',#10886,1.25);
#10886 = AXIS2_PLACEMENT_2D('',#10887,#10888);
#10887 = CARTESIAN_POINT('',(40.,120.));
#10888 = DIRECTION('',(0.,1.));
#10889 = ( GEOMETRIC_REPRESENTATION_CONTEXT(2) 
PARAMETRIC_REPRESENTATION_CONTEXT() REPRESENTATION_CONTEXT('2D SPACE',''
  ) );
#10890 = PCURVE('',#10891,#10896);
#10891 = CYLINDRICAL_SURFACE('',#10892,1.25);
#10892 = AXIS2_PLACEMENT_3D('',#10893,#10894,#10895);
#10893 = CARTESIAN_POINT('',(40.,-5.E-02,265.));
#10894 = DIRECTION('',(-0.,-1.,-0.));
#10895 = DIRECTION('',(0.,0.,1.));
#10896 = DEFINITIONAL_REPRESENTATION('',(#10897),#10901);
#10897 = LINE('',#10898,#10899);
#10898 = CARTESIAN_POINT('',(-6.28318530718,-20.05));
#10899 = VECTOR('',#10900,1.);
#10900 = DIRECTION('',(1.,-0.));
#10901 = ( GEOMETRIC_REPRESENTATION_CONTEXT(2) 
PARAMETRIC_REPRESENTATION_CONTEXT() REPRESENTATION_CONTEXT('2D SPACE',''
  ) );
#10902 = FACE_BOUND('',#10903,.F.);
#10903 = EDGE_LOOP('',(#10904));
#10904 = ORIENTED_EDGE('',*,*,#10905,.F.);
#10905 = EDGE_CURVE('',#10906,#10906,#10908,.T.);
#10906 = VERTEX_POINT('',#10907);
#10907 = CARTESIAN_POINT('',(960.,20.,266.25));
#10908 = SURFACE_CURVE('',#10909,(#10914,#10921),.PCURVE_S1.);
#10909 = CIRCLE('',#10910,1.25);
#10910 = AXIS2_PLACEMENT_3D('',#10911,#10912,#10913);
#10911 = CARTESIAN_POINT('',(960.,20.,265.));
#10912 = DIRECTION('',(0.,-1.,0.));
#10913 = DIRECTION('',(0.,0.,1.));
#10914 = PCURVE('',#10403,#10915);
#10915 = DEFINITIONAL_REPRESENTATION('',(#10916),#10920);
#10916 = CIRCLE('',#10917,1.25);
#10917 = AXIS2_PLACEMENT_2D('',#10918,#10919);
#10918 = CARTESIAN_POINT('',(960.,120.));
#10919 = DIRECTION('',(0.,1.));
#10920 = ( GEOMETRIC_REPRESENTATION_CONTEXT(2) 
PARAMETRIC_REPRESENTATION_CONTEXT() REPRESENTATION_CONTEXT('2D SPACE',''
  ) );
#10921 = PCURVE('',#10922,#10927);
#10922 = CYLINDRICAL_SURFACE('',#10923,1.25);
#10923 = AXIS2_PLACEMENT_3D('',#10924,#10925,#10926);
#10924 = CARTESIAN_POINT('',(960.,-5.E-02,265.));
#10925 = DIRECTION('',(-0.,-1.,-0.));
#10926 = DIRECTION('',(0.,0.,1.));
#10927 = DEFINITIONAL_REPRESENTATION('',(#10928),#10932);
#10928 = LINE('',#10929,#10930);
#10929 = CARTESIAN_POINT('',(-6.28318530718,-20.05));
#10930 = VECTOR('',#10931,1.);
#10931 = DIRECTION('',(1.,-0.));
#10932 = ( GEOMETRIC_REPRESENTATION_CONTEXT(2) 
PARAMETRIC_REPRESENTATION_CONTEXT() REPRESENTATION_CONTEXT('2D SPACE',''
  ) );
#10933 = ADVANCED_FACE('',(#10934),#10533,.T.);
#10934 = FACE_BOUND('',#10935,.T.);
#10935 = EDGE_LOOP('',(#10936,#10937,#10938,#10939));
#10936 = ORIENTED_EDGE('',*,*,#10519,.F.);
#10937 = ORIENTED_EDGE('',*,*,#10788,.T.);
#10938 = ORIENTED_EDGE('',*,*,#10762,.T.);
#10939 = ORIENTED_EDGE('',*,*,#10550,.F.);
#10940 = ADVANCED_FACE('',(#10941),#10617,.F.);
#10941 = FACE_BOUND('',#10942,.F.);
#10942 = EDGE_LOOP('',(#10943,#10966,#10988,#10989));
#10943 = ORIENTED_EDGE('',*,*,#10944,.T.);
#10944 = EDGE_CURVE('',#10597,#10945,#10947,.T.);
#10945 = VERTEX_POINT('',#10946);
#10946 = CARTESIAN_POINT('',(40.,2.55,171.25));
#10947 = SEAM_CURVE('',#10948,(#10952,#10959),.PCURVE_S1.);
#10948 = LINE('',#10949,#10950);
#10949 = CARTESIAN_POINT('',(40.,-5.E-02,173.85));
#10950 = VECTOR('',#10951,1.);
#10951 = DIRECTION('',(1.731912112471E-16,0.707106781187,-0.707106781187
    ));
#10952 = PCURVE('',#10617,#10953);
#10953 = DEFINITIONAL_REPRESENTATION('',(#10954),#10958);
#10954 = LINE('',#10955,#10956);
#10955 = CARTESIAN_POINT('',(-6.28318530718,0.));
#10956 = VECTOR('',#10957,1.);
#10957 = DIRECTION('',(-0.,-1.));
#10958 = ( GEOMETRIC_REPRESENTATION_CONTEXT(2) 
PARAMETRIC_REPRESENTATION_CONTEXT() REPRESENTATION_CONTEXT('2D SPACE',''
  ) );
#10959 = PCURVE('',#10617,#10960);
#10960 = DEFINITIONAL_REPRESENTATION('',(#10961),#10965);
#10961 = LINE('',#10962,#10963);
#10962 = CARTESIAN_POINT('',(0.,-0.));
#10963 = VECTOR('',#10964,1.);
#10964 = DIRECTION('',(-0.,-1.));
#10965 = ( GEOMETRIC_REPRESENTATION_CONTEXT(2) 
PARAMETRIC_REPRESENTATION_CONTEXT() REPRESENTATION_CONTEXT('2D SPACE',''
  ) );
#10966 = ORIENTED_EDGE('',*,*,#10967,.F.);
#10967 = EDGE_CURVE('',#10945,#10945,#10968,.T.);
#10968 = SURFACE_CURVE('',#10969,(#10974,#10981),.PCURVE_S1.);
#10969 = CIRCLE('',#10970,1.25);
#10970 = AXIS2_PLACEMENT_3D('',#10971,#10972,#10973);
#10971 = CARTESIAN_POINT('',(40.,2.55,170.));
#10972 = DIRECTION('',(0.,1.,0.));
#10973 = DIRECTION('',(0.,-0.,1.));
#10974 = PCURVE('',#10617,#10975);
#10975 = DEFINITIONAL_REPRESENTATION('',(#10976),#10980);
#10976 = LINE('',#10977,#10978);
#10977 = CARTESIAN_POINT('',(-0.,-2.6));
#10978 = VECTOR('',#10979,1.);
#10979 = DIRECTION('',(-1.,-0.));
#10980 = ( GEOMETRIC_REPRESENTATION_CONTEXT(2) 
PARAMETRIC_REPRESENTATION_CONTEXT() REPRESENTATION_CONTEXT('2D SPACE',''
  ) );
#10981 = PCURVE('',#10829,#10982);
#10982 = DEFINITIONAL_REPRESENTATION('',(#10983),#10987);
#10983 = LINE('',#10984,#10985);
#10984 = CARTESIAN_POINT('',(-0.,-2.6));
#10985 = VECTOR('',#10986,1.);
#10986 = DIRECTION('',(-1.,0.));
#10987 = ( GEOMETRIC_REPRESENTATION_CONTEXT(2) 
PARAMETRIC_REPRESENTATION_CONTEXT() REPRESENTATION_CONTEXT('2D SPACE',''
  ) );
#10988 = ORIENTED_EDGE('',*,*,#10944,.F.);
#10989 = ORIENTED_EDGE('',*,*,#10596,.T.);
#10990 = ADVANCED_FACE('',(#10991),#10652,.F.);
#10991 = FACE_BOUND('',#10992,.F.);
#10992 = EDGE_LOOP('',(#10993,#11016,#11038,#11039));
#10993 = ORIENTED_EDGE('',*,*,#10994,.T.);
#10994 = EDGE_CURVE('',#10632,#10995,#10997,.T.);
#10995 = VERTEX_POINT('',#10996);
#10996 = CARTESIAN_POINT('',(960.,2.55,171.25));
#10997 = SEAM_CURVE('',#10998,(#11002,#11009),.PCURVE_S1.);
#10998 = LINE('',#10999,#11000);
#10999 = CARTESIAN_POINT('',(960.,-5.E-02,173.85));
#11000 = VECTOR('',#11001,1.);
#11001 = DIRECTION('',(1.731912112471E-16,0.707106781187,-0.707106781187
    ));
#11002 = PCURVE('',#10652,#11003);
#11003 = DEFINITIONAL_REPRESENTATION('',(#11004),#11008);
#11004 = LINE('',#11005,#11006);
#11005 = CARTESIAN_POINT('',(-6.28318530718,0.));
#11006 = VECTOR('',#11007,1.);
#11007 = DIRECTION('',(-0.,-1.));
#11008 = ( GEOMETRIC_REPRESENTATION_CONTEXT(2) 
PARAMETRIC_REPRESENTATION_CONTEXT() REPRESENTATION_CONTEXT('2D SPACE',''
  ) );
#11009 = PCURVE('',#10652,#11010);
#11010 = DEFINITIONAL_REPRESENTATION('',(#11011),#11015);
#11011 = LINE('',#11012,#11013);
#11012 = CARTESIAN_POINT('',(0.,-0.));
#11013 = VECTOR('',#11014,1.);
#11014 = DIRECTION('',(-0.,-1.));
#11015 = ( GEOMETRIC_REPRESENTATION_CONTEXT(2) 
PARAMETRIC_REPRESENTATION_CONTEXT() REPRESENTATION_CONTEXT('2D SPACE',''
  ) );
#11016 = ORIENTED_EDGE('',*,*,#11017,.F.);
#11017 = EDGE_CURVE('',#10995,#10995,#11018,.T.);
#11018 = SURFACE_CURVE('',#11019,(#11024,#11031),.PCURVE_S1.);
#11019 = CIRCLE('',#11020,1.25);
#11020 = AXIS2_PLACEMENT_3D('',#11021,#11022,#11023);
#11021 = CARTESIAN_POINT('',(960.,2.55,170.));
#11022 = DIRECTION('',(0.,1.,0.));
#11023 = DIRECTION('',(0.,-0.,1.));
#11024 = PCURVE('',#10652,#11025);
#11025 = DEFINITIONAL_REPRESENTATION('',(#11026),#11030);
#11026 = LINE('',#11027,#11028);
#11027 = CARTESIAN_POINT('',(-0.,-2.6));
#11028 = VECTOR('',#11029,1.);
#11029 = DIRECTION('',(-1.,-0.));
#11030 = ( GEOMETRIC_REPRESENTATION_CONTEXT(2) 
PARAMETRIC_REPRESENTATION_CONTEXT() REPRESENTATION_CONTEXT('2D SPACE',''
  ) );
#11031 = PCURVE('',#10860,#11032);
#11032 = DEFINITIONAL_REPRESENTATION('',(#11033),#11037);
#11033 = LINE('',#11034,#11035);
#11034 = CARTESIAN_POINT('',(-0.,-2.6));
#11035 = VECTOR('',#11036,1.);
#11036 = DIRECTION('',(-1.,0.));
#11037 = ( GEOMETRIC_REPRESENTATION_CONTEXT(2) 
PARAMETRIC_REPRESENTATION_CONTEXT() REPRESENTATION_CONTEXT('2D SPACE',''
  ) );
#11038 = ORIENTED_EDGE('',*,*,#10994,.F.);
#11039 = ORIENTED_EDGE('',*,*,#10631,.T.);
#11040 = ADVANCED_FACE('',(#11041),#10687,.F.);
#11041 = FACE_BOUND('',#11042,.F.);
#11042 = EDGE_LOOP('',(#11043,#11066,#11088,#11089));
#11043 = ORIENTED_EDGE('',*,*,#11044,.T.);
#11044 = EDGE_CURVE('',#10667,#11045,#11047,.T.);
#11045 = VERTEX_POINT('',#11046);
#11046 = CARTESIAN_POINT('',(40.,2.55,266.25));
#11047 = SEAM_CURVE('',#11048,(#11052,#11059),.PCURVE_S1.);
#11048 = LINE('',#11049,#11050);
#11049 = CARTESIAN_POINT('',(40.,-5.000000000001E-02,268.85));
#11050 = VECTOR('',#11051,1.);
#11051 = DIRECTION('',(1.731912112471E-16,0.707106781187,-0.707106781187
    ));
#11052 = PCURVE('',#10687,#11053);
#11053 = DEFINITIONAL_REPRESENTATION('',(#11054),#11058);
#11054 = LINE('',#11055,#11056);
#11055 = CARTESIAN_POINT('',(-6.28318530718,0.));
#11056 = VECTOR('',#11057,1.);
#11057 = DIRECTION('',(-0.,-1.));
#11058 = ( GEOMETRIC_REPRESENTATION_CONTEXT(2) 
PARAMETRIC_REPRESENTATION_CONTEXT() REPRESENTATION_CONTEXT('2D SPACE',''
  ) );
#11059 = PCURVE('',#10687,#11060);
#11060 = DEFINITIONAL_REPRESENTATION('',(#11061),#11065);
#11061 = LINE('',#11062,#11063);
#11062 = CARTESIAN_POINT('',(0.,-0.));
#11063 = VECTOR('',#11064,1.);
#11064 = DIRECTION('',(-0.,-1.));
#11065 = ( GEOMETRIC_REPRESENTATION_CONTEXT(2) 
PARAMETRIC_REPRESENTATION_CONTEXT() REPRESENTATION_CONTEXT('2D SPACE',''
  ) );
#11066 = ORIENTED_EDGE('',*,*,#11067,.F.);
#11067 = EDGE_CURVE('',#11045,#11045,#11068,.T.);
#11068 = SURFACE_CURVE('',#11069,(#11074,#11081),.PCURVE_S1.);
#11069 = CIRCLE('',#11070,1.25);
#11070 = AXIS2_PLACEMENT_3D('',#11071,#11072,#11073);
#11071 = CARTESIAN_POINT('',(40.,2.55,265.));
#11072 = DIRECTION('',(0.,1.,0.));
#11073 = DIRECTION('',(0.,-0.,1.));
#11074 = PCURVE('',#10687,#11075);
#11075 = DEFINITIONAL_REPRESENTATION('',(#11076),#11080);
#11076 = LINE('',#11077,#11078);
#11077 = CARTESIAN_POINT('',(-0.,-2.6));
#11078 = VECTOR('',#11079,1.);
#11079 = DIRECTION('',(-1.,-0.));
#11080 = ( GEOMETRIC_REPRESENTATION_CONTEXT(2) 
PARAMETRIC_REPRESENTATION_CONTEXT() REPRESENTATION_CONTEXT('2D SPACE',''
  ) );
#11081 = PCURVE('',#10891,#11082);
#11082 = DEFINITIONAL_REPRESENTATION('',(#11083),#11087);
#11083 = LINE('',#11084,#11085);
#11084 = CARTESIAN_POINT('',(-0.,-2.6));
#11085 = VECTOR('',#11086,1.);
#11086 = DIRECTION('',(-1.,0.));
#11087 = ( GEOMETRIC_REPRESENTATION_CONTEXT(2) 
PARAMETRIC_REPRESENTATION_CONTEXT() REPRESENTATION_CONTEXT('2D SPACE',''
  ) );
#11088 = ORIENTED_EDGE('',*,*,#11044,.F.);
#11089 = ORIENTED_EDGE('',*,*,#10666,.T.);
#11090 = ADVANCED_FACE('',(#11091),#10722,.F.);
#11091 = FACE_BOUND('',#11092,.F.);
#11092 = EDGE_LOOP('',(#11093,#11116,#11138,#11139));
#11093 = ORIENTED_EDGE('',*,*,#11094,.T.);
#11094 = EDGE_CURVE('',#10702,#11095,#11097,.T.);
#11095 = VERTEX_POINT('',#11096);
#11096 = CARTESIAN_POINT('',(960.,2.55,266.25));
#11097 = SEAM_CURVE('',#11098,(#11102,#11109),.PCURVE_S1.);
#11098 = LINE('',#11099,#11100);
#11099 = CARTESIAN_POINT('',(960.,-5.000000000001E-02,268.85));
#11100 = VECTOR('',#11101,1.);
#11101 = DIRECTION('',(1.731912112471E-16,0.707106781187,-0.707106781187
    ));
#11102 = PCURVE('',#10722,#11103);
#11103 = DEFINITIONAL_REPRESENTATION('',(#11104),#11108);
#11104 = LINE('',#11105,#11106);
#11105 = CARTESIAN_POINT('',(-6.28318530718,0.));
#11106 = VECTOR('',#11107,1.);
#11107 = DIRECTION('',(-0.,-1.));
#11108 = ( GEOMETRIC_REPRESENTATION_CONTEXT(2) 
PARAMETRIC_REPRESENTATION_CONTEXT() REPRESENTATION_CONTEXT('2D SPACE',''
  ) );
#11109 = PCURVE('',#10722,#11110);
#11110 = DEFINITIONAL_REPRESENTATION('',(#11111),#11115);
#11111 = LINE('',#11112,#11113);
#11112 = CARTESIAN_POINT('',(0.,-0.));
#11113 = VECTOR('',#11114,1.);
#11114 = DIRECTION('',(-0.,-1.));
#11115 = ( GEOMETRIC_REPRESENTATION_CONTEXT(2) 
PARAMETRIC_REPRESENTATION_CONTEXT() REPRESENTATION_CONTEXT('2D SPACE',''
  ) );
#11116 = ORIENTED_EDGE('',*,*,#11117,.F.);
#11117 = EDGE_CURVE('',#11095,#11095,#11118,.T.);
#11118 = SURFACE_CURVE('',#11119,(#11124,#11131),.PCURVE_S1.);
#11119 = CIRCLE('',#11120,1.25);
#11120 = AXIS2_PLACEMENT_3D('',#11121,#11122,#11123);
#11121 = CARTESIAN_POINT('',(960.,2.55,265.));
#11122 = DIRECTION('',(0.,1.,0.));
#11123 = DIRECTION('',(0.,-0.,1.));
#11124 = PCURVE('',#10722,#11125);
#11125 = DEFINITIONAL_REPRESENTATION('',(#11126),#11130);
#11126 = LINE('',#11127,#11128);
#11127 = CARTESIAN_POINT('',(-0.,-2.6));
#11128 = VECTOR('',#11129,1.);
#11129 = DIRECTION('',(-1.,-0.));
#11130 = ( GEOMETRIC_REPRESENTATION_CONTEXT(2) 
PARAMETRIC_REPRESENTATION_CONTEXT() REPRESENTATION_CONTEXT('2D SPACE',''
  ) );
#11131 = PCURVE('',#10922,#11132);
#11132 = DEFINITIONAL_REPRESENTATION('',(#11133),#11137);
#11133 = LINE('',#11134,#11135);
#11134 = CARTESIAN_POINT('',(-0.,-2.6));
#11135 = VECTOR('',#11136,1.);
#11136 = DIRECTION('',(-1.,0.));
#11137 = ( GEOMETRIC_REPRESENTATION_CONTEXT(2) 
PARAMETRIC_REPRESENTATION_CONTEXT() REPRESENTATION_CONTEXT('2D SPACE',''
  ) );
#11138 = ORIENTED_EDGE('',*,*,#11094,.F.);
#11139 = ORIENTED_EDGE('',*,*,#10701,.T.);
#11140 = ADVANCED_FACE('',(#11141),#10829,.F.);
#11141 = FACE_BOUND('',#11142,.T.);
#11142 = EDGE_LOOP('',(#11143,#11164,#11165,#11166));
#11143 = ORIENTED_EDGE('',*,*,#11144,.F.);
#11144 = EDGE_CURVE('',#10945,#10813,#11145,.T.);
#11145 = SEAM_CURVE('',#11146,(#11150,#11157),.PCURVE_S1.);
#11146 = LINE('',#11147,#11148);
#11147 = CARTESIAN_POINT('',(40.,-5.E-02,171.25));
#11148 = VECTOR('',#11149,1.);
#11149 = DIRECTION('',(0.,1.,0.));
#11150 = PCURVE('',#10829,#11151);
#11151 = DEFINITIONAL_REPRESENTATION('',(#11152),#11156);
#11152 = LINE('',#11153,#11154);
#11153 = CARTESIAN_POINT('',(-6.28318530718,0.));
#11154 = VECTOR('',#11155,1.);
#11155 = DIRECTION('',(-0.,-1.));
#11156 = ( GEOMETRIC_REPRESENTATION_CONTEXT(2) 
PARAMETRIC_REPRESENTATION_CONTEXT() REPRESENTATION_CONTEXT('2D SPACE',''
  ) );
#11157 = PCURVE('',#10829,#11158);
#11158 = DEFINITIONAL_REPRESENTATION('',(#11159),#11163);
#11159 = LINE('',#11160,#11161);
#11160 = CARTESIAN_POINT('',(-0.,0.));
#11161 = VECTOR('',#11162,1.);
#11162 = DIRECTION('',(-0.,-1.));
#11163 = ( GEOMETRIC_REPRESENTATION_CONTEXT(2) 
PARAMETRIC_REPRESENTATION_CONTEXT() REPRESENTATION_CONTEXT('2D SPACE',''
  ) );
#11164 = ORIENTED_EDGE('',*,*,#10967,.F.);
#11165 = ORIENTED_EDGE('',*,*,#11144,.T.);
#11166 = ORIENTED_EDGE('',*,*,#10812,.F.);
#11167 = ADVANCED_FACE('',(#11168),#10860,.F.);
#11168 = FACE_BOUND('',#11169,.T.);
#11169 = EDGE_LOOP('',(#11170,#11191,#11192,#11193));
#11170 = ORIENTED_EDGE('',*,*,#11171,.F.);
#11171 = EDGE_CURVE('',#10995,#10844,#11172,.T.);
#11172 = SEAM_CURVE('',#11173,(#11177,#11184),.PCURVE_S1.);
#11173 = LINE('',#11174,#11175);
#11174 = CARTESIAN_POINT('',(960.,-5.E-02,171.25));
#11175 = VECTOR('',#11176,1.);
#11176 = DIRECTION('',(0.,1.,0.));
#11177 = PCURVE('',#10860,#11178);
#11178 = DEFINITIONAL_REPRESENTATION('',(#11179),#11183);
#11179 = LINE('',#11180,#11181);
#11180 = CARTESIAN_POINT('',(-6.28318530718,0.));
#11181 = VECTOR('',#11182,1.);
#11182 = DIRECTION('',(-0.,-1.));
#11183 = ( GEOMETRIC_REPRESENTATION_CONTEXT(2) 
PARAMETRIC_REPRESENTATION_CONTEXT() REPRESENTATION_CONTEXT('2D SPACE',''
  ) );
#11184 = PCURVE('',#10860,#11185);
#11185 = DEFINITIONAL_REPRESENTATION('',(#11186),#11190);
#11186 = LINE('',#11187,#11188);
#11187 = CARTESIAN_POINT('',(-0.,0.));
#11188 = VECTOR('',#11189,1.);
#11189 = DIRECTION('',(-0.,-1.));
#11190 = ( GEOMETRIC_REPRESENTATION_CONTEXT(2) 
PARAMETRIC_REPRESENTATION_CONTEXT() REPRESENTATION_CONTEXT('2D SPACE',''
  ) );
#11191 = ORIENTED_EDGE('',*,*,#11017,.F.);
#11192 = ORIENTED_EDGE('',*,*,#11171,.T.);
#11193 = ORIENTED_EDGE('',*,*,#10843,.F.);
#11194 = ADVANCED_FACE('',(#11195),#10891,.F.);
#11195 = FACE_BOUND('',#11196,.T.);
#11196 = EDGE_LOOP('',(#11197,#11218,#11219,#11220));
#11197 = ORIENTED_EDGE('',*,*,#11198,.F.);
#11198 = EDGE_CURVE('',#11045,#10875,#11199,.T.);
#11199 = SEAM_CURVE('',#11200,(#11204,#11211),.PCURVE_S1.);
#11200 = LINE('',#11201,#11202);
#11201 = CARTESIAN_POINT('',(40.,-5.E-02,266.25));
#11202 = VECTOR('',#11203,1.);
#11203 = DIRECTION('',(0.,1.,0.));
#11204 = PCURVE('',#10891,#11205);
#11205 = DEFINITIONAL_REPRESENTATION('',(#11206),#11210);
#11206 = LINE('',#11207,#11208);
#11207 = CARTESIAN_POINT('',(-6.28318530718,0.));
#11208 = VECTOR('',#11209,1.);
#11209 = DIRECTION('',(-0.,-1.));
#11210 = ( GEOMETRIC_REPRESENTATION_CONTEXT(2) 
PARAMETRIC_REPRESENTATION_CONTEXT() REPRESENTATION_CONTEXT('2D SPACE',''
  ) );
#11211 = PCURVE('',#10891,#11212);
#11212 = DEFINITIONAL_REPRESENTATION('',(#11213),#11217);
#11213 = LINE('',#11214,#11215);
#11214 = CARTESIAN_POINT('',(-0.,0.));
#11215 = VECTOR('',#11216,1.);
#11216 = DIRECTION('',(-0.,-1.));
#11217 = ( GEOMETRIC_REPRESENTATION_CONTEXT(2) 
PARAMETRIC_REPRESENTATION_CONTEXT() REPRESENTATION_CONTEXT('2D SPACE',''
  ) );
#11218 = ORIENTED_EDGE('',*,*,#11067,.F.);
#11219 = ORIENTED_EDGE('',*,*,#11198,.T.);
#11220 = ORIENTED_EDGE('',*,*,#10874,.F.);
#11221 = ADVANCED_FACE('',(#11222),#10922,.F.);
#11222 = FACE_BOUND('',#11223,.T.);
#11223 = EDGE_LOOP('',(#11224,#11245,#11246,#11247));
#11224 = ORIENTED_EDGE('',*,*,#11225,.F.);
#11225 = EDGE_CURVE('',#11095,#10906,#11226,.T.);
#11226 = SEAM_CURVE('',#11227,(#11231,#11238),.PCURVE_S1.);
#11227 = LINE('',#11228,#11229);
#11228 = CARTESIAN_POINT('',(960.,-5.E-02,266.25));
#11229 = VECTOR('',#11230,1.);
#11230 = DIRECTION('',(0.,1.,0.));
#11231 = PCURVE('',#10922,#11232);
#11232 = DEFINITIONAL_REPRESENTATION('',(#11233),#11237);
#11233 = LINE('',#11234,#11235);
#11234 = CARTESIAN_POINT('',(-6.28318530718,0.));
#11235 = VECTOR('',#11236,1.);
#11236 = DIRECTION('',(-0.,-1.));
#11237 = ( GEOMETRIC_REPRESENTATION_CONTEXT(2) 
PARAMETRIC_REPRESENTATION_CONTEXT() REPRESENTATION_CONTEXT('2D SPACE',''
  ) );
#11238 = PCURVE('',#10922,#11239);
#11239 = DEFINITIONAL_REPRESENTATION('',(#11240),#11244);
#11240 = LINE('',#11241,#11242);
#11241 = CARTESIAN_POINT('',(-0.,0.));
#11242 = VECTOR('',#11243,1.);
#11243 = DIRECTION('',(-0.,-1.));
#11244 = ( GEOMETRIC_REPRESENTATION_CONTEXT(2) 
PARAMETRIC_REPRESENTATION_CONTEXT() REPRESENTATION_CONTEXT('2D SPACE',''
  ) );
#11245 = ORIENTED_EDGE('',*,*,#11117,.F.);
#11246 = ORIENTED_EDGE('',*,*,#11225,.T.);
#11247 = ORIENTED_EDGE('',*,*,#10905,.F.);
#11248 = ( GEOMETRIC_REPRESENTATION_CONTEXT(3) 
GLOBAL_UNCERTAINTY_ASSIGNED_CONTEXT((#11252)) 
GLOBAL_UNIT_ASSIGNED_CONTEXT((#11249,#11250,#11251)) 
REPRESENTATION_CONTEXT('Context #1',
  '3D Context with UNIT and UNCERTAINTY') );
#11249 = ( LENGTH_UNIT() NAMED_UNIT(*) SI_UNIT(.MILLI.,.METRE.) );
#11250 = ( NAMED_UNIT(*) PLANE_ANGLE_UNIT() SI_UNIT($,.RADIAN.) );
#11251 = ( NAMED_UNIT(*) SI_UNIT($,.STERADIAN.) SOLID_ANGLE_UNIT() );
#11252 = UNCERTAINTY_MEASURE_WITH_UNIT(LENGTH_MEASURE(1.E-07),#11249,
  'distance_accuracy_value','confusion accuracy');
#11253 = CONTEXT_DEPENDENT_SHAPE_REPRESENTATION(#11254,#11256);
#11254 = ( REPRESENTATION_RELATIONSHIP('','',#10345,#10) 
REPRESENTATION_RELATIONSHIP_WITH_TRANSFORMATION(#11255) 
SHAPE_REPRESENTATION_RELATIONSHIP() );
#11255 = ITEM_DEFINED_TRANSFORMATION('','',#11,#35);
#11256 = PRODUCT_DEFINITION_SHAPE('Placement','Placement of an item',
  #11257);
#11257 = NEXT_ASSEMBLY_USAGE_OCCURRENCE('6','front_2','',#5,#10340,$);
#11258 = PRODUCT_RELATED_PRODUCT_CATEGORY('part',$,(#10342));
#11259 = SHAPE_DEFINITION_REPRESENTATION(#11260,#11266);
#11260 = PRODUCT_DEFINITION_SHAPE('','',#11261);
#11261 = PRODUCT_DEFINITION('design','',#11262,#11265);
#11262 = PRODUCT_DEFINITION_FORMATION('','',#11263);
#11263 = PRODUCT('back_1','back_1','',(#11264));
#11264 = PRODUCT_CONTEXT('',#2,'mechanical');
#11265 = PRODUCT_DEFINITION_CONTEXT('part definition',#2,'design');
#11266 = ADVANCED_BREP_SHAPE_REPRESENTATION('',(#11,#11267),#12269);
#11267 = MANIFOLD_SOLID_BREP('',#11268);
#11268 = CLOSED_SHELL('',(#11269,#11389,#11465,#11654,#11703,#11854,
    #11861,#11935,#12009,#12083,#12157,#12185,#12213,#12241));
#11269 = ADVANCED_FACE('',(#11270),#11284,.F.);
#11270 = FACE_BOUND('',#11271,.F.);
#11271 = EDGE_LOOP('',(#11272,#11307,#11335,#11363));
#11272 = ORIENTED_EDGE('',*,*,#11273,.F.);
#11273 = EDGE_CURVE('',#11274,#11276,#11278,.T.);
#11274 = VERTEX_POINT('',#11275);
#11275 = CARTESIAN_POINT('',(0.,1.E+03,0.));
#11276 = VERTEX_POINT('',#11277);
#11277 = CARTESIAN_POINT('',(0.,980.,0.));
#11278 = SURFACE_CURVE('',#11279,(#11283,#11295),.PCURVE_S1.);
#11279 = LINE('',#11280,#11281);
#11280 = CARTESIAN_POINT('',(0.,1.E+03,0.));
#11281 = VECTOR('',#11282,1.);
#11282 = DIRECTION('',(0.,-1.,0.));
#11283 = PCURVE('',#11284,#11289);
#11284 = PLANE('',#11285);
#11285 = AXIS2_PLACEMENT_3D('',#11286,#11287,#11288);
#11286 = CARTESIAN_POINT('',(0.,1.E+03,0.));
#11287 = DIRECTION('',(1.,0.,0.));
#11288 = DIRECTION('',(0.,-1.,0.));
#11289 = DEFINITIONAL_REPRESENTATION('',(#11290),#11294);
#11290 = LINE('',#11291,#11292);
#11291 = CARTESIAN_POINT('',(0.,0.));
#11292 = VECTOR('',#11293,1.);
#11293 = DIRECTION('',(1.,0.));
#11294 = ( GEOMETRIC_REPRESENTATION_CONTEXT(2) 
PARAMETRIC_REPRESENTATION_CONTEXT() REPRESENTATION_CONTEXT('2D SPACE',''
  ) );
#11295 = PCURVE('',#11296,#11301);
#11296 = PLANE('',#11297);
#11297 = AXIS2_PLACEMENT_3D('',#11298,#11299,#11300);
#11298 = CARTESIAN_POINT('',(0.,1.E+03,0.));
#11299 = DIRECTION('',(0.,0.,1.));
#11300 = DIRECTION('',(0.,-1.,0.));
#11301 = DEFINITIONAL_REPRESENTATION('',(#11302),#11306);
#11302 = LINE('',#11303,#11304);
#11303 = CARTESIAN_POINT('',(0.,0.));
#11304 = VECTOR('',#11305,1.);
#11305 = DIRECTION('',(1.,0.));
#11306 = ( GEOMETRIC_REPRESENTATION_CONTEXT(2) 
PARAMETRIC_REPRESENTATION_CONTEXT() REPRESENTATION_CONTEXT('2D SPACE',''
  ) );
#11307 = ORIENTED_EDGE('',*,*,#11308,.T.);
#11308 = EDGE_CURVE('',#11274,#11309,#11311,.T.);
#11309 = VERTEX_POINT('',#11310);
#11310 = CARTESIAN_POINT('',(0.,1.E+03,145.));
#11311 = SURFACE_CURVE('',#11312,(#11316,#11323),.PCURVE_S1.);
#11312 = LINE('',#11313,#11314);
#11313 = CARTESIAN_POINT('',(0.,1.E+03,0.));
#11314 = VECTOR('',#11315,1.);
#11315 = DIRECTION('',(0.,0.,1.));
#11316 = PCURVE('',#11284,#11317);
#11317 = DEFINITIONAL_REPRESENTATION('',(#11318),#11322);
#11318 = LINE('',#11319,#11320);
#11319 = CARTESIAN_POINT('',(0.,0.));
#11320 = VECTOR('',#11321,1.);
#11321 = DIRECTION('',(0.,-1.));
#11322 = ( GEOMETRIC_REPRESENTATION_CONTEXT(2) 
PARAMETRIC_REPRESENTATION_CONTEXT() REPRESENTATION_CONTEXT('2D SPACE',''
  ) );
#11323 = PCURVE('',#11324,#11329);
#11324 = PLANE('',#11325);
#11325 = AXIS2_PLACEMENT_3D('',#11326,#11327,#11328);
#11326 = CARTESIAN_POINT('',(0.,1.E+03,0.));
#11327 = DIRECTION('',(0.,-1.,0.));
#11328 = DIRECTION('',(1.,0.,0.));
#11329 = DEFINITIONAL_REPRESENTATION('',(#11330),#11334);
#11330 = LINE('',#11331,#11332);
#11331 = CARTESIAN_POINT('',(0.,0.));
#11332 = VECTOR('',#11333,1.);
#11333 = DIRECTION('',(0.,1.));
#11334 = ( GEOMETRIC_REPRESENTATION_CONTEXT(2) 
PARAMETRIC_REPRESENTATION_CONTEXT() REPRESENTATION_CONTEXT('2D SPACE',''
  ) );
#11335 = ORIENTED_EDGE('',*,*,#11336,.T.);
#11336 = EDGE_CURVE('',#11309,#11337,#11339,.T.);
#11337 = VERTEX_POINT('',#11338);
#11338 = CARTESIAN_POINT('',(0.,980.,145.));
#11339 = SURFACE_CURVE('',#11340,(#11344,#11351),.PCURVE_S1.);
#11340 = LINE('',#11341,#11342);
#11341 = CARTESIAN_POINT('',(0.,1.E+03,145.));
#11342 = VECTOR('',#11343,1.);
#11343 = DIRECTION('',(0.,-1.,0.));
#11344 = PCURVE('',#11284,#11345);
#11345 = DEFINITIONAL_REPRESENTATION('',(#11346),#11350);
#11346 = LINE('',#11347,#11348);
#11347 = CARTESIAN_POINT('',(0.,-145.));
#11348 = VECTOR('',#11349,1.);
#11349 = DIRECTION('',(1.,0.));
#11350 = ( GEOMETRIC_REPRESENTATION_CONTEXT(2) 
PARAMETRIC_REPRESENTATION_CONTEXT() REPRESENTATION_CONTEXT('2D SPACE',''
  ) );
#11351 = PCURVE('',#11352,#11357);
#11352 = PLANE('',#11353);
#11353 = AXIS2_PLACEMENT_3D('',#11354,#11355,#11356);
#11354 = CARTESIAN_POINT('',(0.,1.E+03,145.));
#11355 = DIRECTION('',(0.,0.,1.));
#11356 = DIRECTION('',(0.,-1.,0.));
#11357 = DEFINITIONAL_REPRESENTATION('',(#11358),#11362);
#11358 = LINE('',#11359,#11360);
#11359 = CARTESIAN_POINT('',(0.,0.));
#11360 = VECTOR('',#11361,1.);
#11361 = DIRECTION('',(1.,0.));
#11362 = ( GEOMETRIC_REPRESENTATION_CONTEXT(2) 
PARAMETRIC_REPRESENTATION_CONTEXT() REPRESENTATION_CONTEXT('2D SPACE',''
  ) );
#11363 = ORIENTED_EDGE('',*,*,#11364,.F.);
#11364 = EDGE_CURVE('',#11276,#11337,#11365,.T.);
#11365 = SURFACE_CURVE('',#11366,(#11370,#11377),.PCURVE_S1.);
#11366 = LINE('',#11367,#11368);
#11367 = CARTESIAN_POINT('',(0.,980.,0.));
#11368 = VECTOR('',#11369,1.);
#11369 = DIRECTION('',(0.,0.,1.));
#11370 = PCURVE('',#11284,#11371);
#11371 = DEFINITIONAL_REPRESENTATION('',(#11372),#11376);
#11372 = LINE('',#11373,#11374);
#11373 = CARTESIAN_POINT('',(20.,0.));
#11374 = VECTOR('',#11375,1.);
#11375 = DIRECTION('',(0.,-1.));
#11376 = ( GEOMETRIC_REPRESENTATION_CONTEXT(2) 
PARAMETRIC_REPRESENTATION_CONTEXT() REPRESENTATION_CONTEXT('2D SPACE',''
  ) );
#11377 = PCURVE('',#11378,#11383);
#11378 = PLANE('',#11379);
#11379 = AXIS2_PLACEMENT_3D('',#11380,#11381,#11382);
#11380 = CARTESIAN_POINT('',(0.,980.,0.));
#11381 = DIRECTION('',(0.,-1.,0.));
#11382 = DIRECTION('',(1.,0.,0.));
#11383 = DEFINITIONAL_REPRESENTATION('',(#11384),#11388);
#11384 = LINE('',#11385,#11386);
#11385 = CARTESIAN_POINT('',(0.,0.));
#11386 = VECTOR('',#11387,1.);
#11387 = DIRECTION('',(0.,1.));
#11388 = ( GEOMETRIC_REPRESENTATION_CONTEXT(2) 
PARAMETRIC_REPRESENTATION_CONTEXT() REPRESENTATION_CONTEXT('2D SPACE',''
  ) );
#11389 = ADVANCED_FACE('',(#11390),#11296,.F.);
#11390 = FACE_BOUND('',#11391,.F.);
#11391 = EDGE_LOOP('',(#11392,#11415,#11416,#11439));
#11392 = ORIENTED_EDGE('',*,*,#11393,.F.);
#11393 = EDGE_CURVE('',#11274,#11394,#11396,.T.);
#11394 = VERTEX_POINT('',#11395);
#11395 = CARTESIAN_POINT('',(1.E+03,1.E+03,0.));
#11396 = SURFACE_CURVE('',#11397,(#11401,#11408),.PCURVE_S1.);
#11397 = LINE('',#11398,#11399);
#11398 = CARTESIAN_POINT('',(0.,1.E+03,0.));
#11399 = VECTOR('',#11400,1.);
#11400 = DIRECTION('',(1.,0.,0.));
#11401 = PCURVE('',#11296,#11402);
#11402 = DEFINITIONAL_REPRESENTATION('',(#11403),#11407);
#11403 = LINE('',#11404,#11405);
#11404 = CARTESIAN_POINT('',(0.,0.));
#11405 = VECTOR('',#11406,1.);
#11406 = DIRECTION('',(0.,1.));
#11407 = ( GEOMETRIC_REPRESENTATION_CONTEXT(2) 
PARAMETRIC_REPRESENTATION_CONTEXT() REPRESENTATION_CONTEXT('2D SPACE',''
  ) );
#11408 = PCURVE('',#11324,#11409);
#11409 = DEFINITIONAL_REPRESENTATION('',(#11410),#11414);
#11410 = LINE('',#11411,#11412);
#11411 = CARTESIAN_POINT('',(0.,0.));
#11412 = VECTOR('',#11413,1.);
#11413 = DIRECTION('',(1.,0.));
#11414 = ( GEOMETRIC_REPRESENTATION_CONTEXT(2) 
PARAMETRIC_REPRESENTATION_CONTEXT() REPRESENTATION_CONTEXT('2D SPACE',''
  ) );
#11415 = ORIENTED_EDGE('',*,*,#11273,.T.);
#11416 = ORIENTED_EDGE('',*,*,#11417,.T.);
#11417 = EDGE_CURVE('',#11276,#11418,#11420,.T.);
#11418 = VERTEX_POINT('',#11419);
#11419 = CARTESIAN_POINT('',(1.E+03,980.,0.));
#11420 = SURFACE_CURVE('',#11421,(#11425,#11432),.PCURVE_S1.);
#11421 = LINE('',#11422,#11423);
#11422 = CARTESIAN_POINT('',(0.,980.,0.));
#11423 = VECTOR('',#11424,1.);
#11424 = DIRECTION('',(1.,0.,0.));
#11425 = PCURVE('',#11296,#11426);
#11426 = DEFINITIONAL_REPRESENTATION('',(#11427),#11431);
#11427 = LINE('',#11428,#11429);
#11428 = CARTESIAN_POINT('',(20.,0.));
#11429 = VECTOR('',#11430,1.);
#11430 = DIRECTION('',(0.,1.));
#11431 = ( GEOMETRIC_REPRESENTATION_CONTEXT(2) 
PARAMETRIC_REPRESENTATION_CONTEXT() REPRESENTATION_CONTEXT('2D SPACE',''
  ) );
#11432 = PCURVE('',#11378,#11433);
#11433 = DEFINITIONAL_REPRESENTATION('',(#11434),#11438);
#11434 = LINE('',#11435,#11436);
#11435 = CARTESIAN_POINT('',(0.,0.));
#11436 = VECTOR('',#11437,1.);
#11437 = DIRECTION('',(1.,0.));
#11438 = ( GEOMETRIC_REPRESENTATION_CONTEXT(2) 
PARAMETRIC_REPRESENTATION_CONTEXT() REPRESENTATION_CONTEXT('2D SPACE',''
  ) );
#11439 = ORIENTED_EDGE('',*,*,#11440,.F.);
#11440 = EDGE_CURVE('',#11394,#11418,#11441,.T.);
#11441 = SURFACE_CURVE('',#11442,(#11446,#11453),.PCURVE_S1.);
#11442 = LINE('',#11443,#11444);
#11443 = CARTESIAN_POINT('',(1.E+03,1.E+03,0.));
#11444 = VECTOR('',#11445,1.);
#11445 = DIRECTION('',(0.,-1.,0.));
#11446 = PCURVE('',#11296,#11447);
#11447 = DEFINITIONAL_REPRESENTATION('',(#11448),#11452);
#11448 = LINE('',#11449,#11450);
#11449 = CARTESIAN_POINT('',(0.,1.E+03));
#11450 = VECTOR('',#11451,1.);
#11451 = DIRECTION('',(1.,0.));
#11452 = ( GEOMETRIC_REPRESENTATION_CONTEXT(2) 
PARAMETRIC_REPRESENTATION_CONTEXT() REPRESENTATION_CONTEXT('2D SPACE',''
  ) );
#11453 = PCURVE('',#11454,#11459);
#11454 = PLANE('',#11455);
#11455 = AXIS2_PLACEMENT_3D('',#11456,#11457,#11458);
#11456 = CARTESIAN_POINT('',(1.E+03,1.E+03,0.));
#11457 = DIRECTION('',(1.,0.,0.));
#11458 = DIRECTION('',(0.,-1.,0.));
#11459 = DEFINITIONAL_REPRESENTATION('',(#11460),#11464);
#11460 = LINE('',#11461,#11462);
#11461 = CARTESIAN_POINT('',(0.,0.));
#11462 = VECTOR('',#11463,1.);
#11463 = DIRECTION('',(1.,0.));
#11464 = ( GEOMETRIC_REPRESENTATION_CONTEXT(2) 
PARAMETRIC_REPRESENTATION_CONTEXT() REPRESENTATION_CONTEXT('2D SPACE',''
  ) );
#11465 = ADVANCED_FACE('',(#11466,#11514,#11549,#11584,#11619),#11378,
  .T.);
#11466 = FACE_BOUND('',#11467,.T.);
#11467 = EDGE_LOOP('',(#11468,#11469,#11470,#11493));
#11468 = ORIENTED_EDGE('',*,*,#11364,.F.);
#11469 = ORIENTED_EDGE('',*,*,#11417,.T.);
#11470 = ORIENTED_EDGE('',*,*,#11471,.T.);
#11471 = EDGE_CURVE('',#11418,#11472,#11474,.T.);
#11472 = VERTEX_POINT('',#11473);
#11473 = CARTESIAN_POINT('',(1.E+03,980.,145.));
#11474 = SURFACE_CURVE('',#11475,(#11479,#11486),.PCURVE_S1.);
#11475 = LINE('',#11476,#11477);
#11476 = CARTESIAN_POINT('',(1.E+03,980.,0.));
#11477 = VECTOR('',#11478,1.);
#11478 = DIRECTION('',(0.,0.,1.));
#11479 = PCURVE('',#11378,#11480);
#11480 = DEFINITIONAL_REPRESENTATION('',(#11481),#11485);
#11481 = LINE('',#11482,#11483);
#11482 = CARTESIAN_POINT('',(1.E+03,0.));
#11483 = VECTOR('',#11484,1.);
#11484 = DIRECTION('',(0.,1.));
#11485 = ( GEOMETRIC_REPRESENTATION_CONTEXT(2) 
PARAMETRIC_REPRESENTATION_CONTEXT() REPRESENTATION_CONTEXT('2D SPACE',''
  ) );
#11486 = PCURVE('',#11454,#11487);
#11487 = DEFINITIONAL_REPRESENTATION('',(#11488),#11492);
#11488 = LINE('',#11489,#11490);
#11489 = CARTESIAN_POINT('',(20.,0.));
#11490 = VECTOR('',#11491,1.);
#11491 = DIRECTION('',(0.,-1.));
#11492 = ( GEOMETRIC_REPRESENTATION_CONTEXT(2) 
PARAMETRIC_REPRESENTATION_CONTEXT() REPRESENTATION_CONTEXT('2D SPACE',''
  ) );
#11493 = ORIENTED_EDGE('',*,*,#11494,.F.);
#11494 = EDGE_CURVE('',#11337,#11472,#11495,.T.);
#11495 = SURFACE_CURVE('',#11496,(#11500,#11507),.PCURVE_S1.);
#11496 = LINE('',#11497,#11498);
#11497 = CARTESIAN_POINT('',(0.,980.,145.));
#11498 = VECTOR('',#11499,1.);
#11499 = DIRECTION('',(1.,0.,0.));
#11500 = PCURVE('',#11378,#11501);
#11501 = DEFINITIONAL_REPRESENTATION('',(#11502),#11506);
#11502 = LINE('',#11503,#11504);
#11503 = CARTESIAN_POINT('',(0.,145.));
#11504 = VECTOR('',#11505,1.);
#11505 = DIRECTION('',(1.,0.));
#11506 = ( GEOMETRIC_REPRESENTATION_CONTEXT(2) 
PARAMETRIC_REPRESENTATION_CONTEXT() REPRESENTATION_CONTEXT('2D SPACE',''
  ) );
#11507 = PCURVE('',#11352,#11508);
#11508 = DEFINITIONAL_REPRESENTATION('',(#11509),#11513);
#11509 = LINE('',#11510,#11511);
#11510 = CARTESIAN_POINT('',(20.,0.));
#11511 = VECTOR('',#11512,1.);
#11512 = DIRECTION('',(0.,1.));
#11513 = ( GEOMETRIC_REPRESENTATION_CONTEXT(2) 
PARAMETRIC_REPRESENTATION_CONTEXT() REPRESENTATION_CONTEXT('2D SPACE',''
  ) );
#11514 = FACE_BOUND('',#11515,.T.);
#11515 = EDGE_LOOP('',(#11516));
#11516 = ORIENTED_EDGE('',*,*,#11517,.T.);
#11517 = EDGE_CURVE('',#11518,#11518,#11520,.T.);
#11518 = VERTEX_POINT('',#11519);
#11519 = CARTESIAN_POINT('',(40.,980.,26.25));
#11520 = SURFACE_CURVE('',#11521,(#11526,#11537),.PCURVE_S1.);
#11521 = CIRCLE('',#11522,1.25);
#11522 = AXIS2_PLACEMENT_3D('',#11523,#11524,#11525);
#11523 = CARTESIAN_POINT('',(40.,980.,25.));
#11524 = DIRECTION('',(-0.,1.,0.));
#11525 = DIRECTION('',(0.,0.,1.));
#11526 = PCURVE('',#11378,#11527);
#11527 = DEFINITIONAL_REPRESENTATION('',(#11528),#11536);
#11528 = ( BOUNDED_CURVE() B_SPLINE_CURVE(2,(#11529,#11530,#11531,#11532
    ,#11533,#11534,#11535),.UNSPECIFIED.,.T.,.F.) 
B_SPLINE_CURVE_WITH_KNOTS((1,2,2,2,2,1),(-2.094395102393,0.,
    2.094395102393,4.188790204786,6.28318530718,8.377580409573),
.UNSPECIFIED.) CURVE() GEOMETRIC_REPRESENTATION_ITEM() 
RATIONAL_B_SPLINE_CURVE((1.,0.5,1.,0.5,1.,0.5,1.)) REPRESENTATION_ITEM(
  '') );
#11529 = CARTESIAN_POINT('',(40.,26.25));
#11530 = CARTESIAN_POINT('',(42.165063509461,26.25));
#11531 = CARTESIAN_POINT('',(41.082531754731,24.375));
#11532 = CARTESIAN_POINT('',(40.,22.5));
#11533 = CARTESIAN_POINT('',(38.917468245269,24.375));
#11534 = CARTESIAN_POINT('',(37.834936490539,26.25));
#11535 = CARTESIAN_POINT('',(40.,26.25));
#11536 = ( GEOMETRIC_REPRESENTATION_CONTEXT(2) 
PARAMETRIC_REPRESENTATION_CONTEXT() REPRESENTATION_CONTEXT('2D SPACE',''
  ) );
#11537 = PCURVE('',#11538,#11543);
#11538 = CYLINDRICAL_SURFACE('',#11539,1.25);
#11539 = AXIS2_PLACEMENT_3D('',#11540,#11541,#11542);
#11540 = CARTESIAN_POINT('',(40.,1.00005E+03,25.));
#11541 = DIRECTION('',(-0.,1.,-0.));
#11542 = DIRECTION('',(0.,0.,1.));
#11543 = DEFINITIONAL_REPRESENTATION('',(#11544),#11548);
#11544 = LINE('',#11545,#11546);
#11545 = CARTESIAN_POINT('',(-6.28318530718,-20.05));
#11546 = VECTOR('',#11547,1.);
#11547 = DIRECTION('',(1.,-0.));
#11548 = ( GEOMETRIC_REPRESENTATION_CONTEXT(2) 
PARAMETRIC_REPRESENTATION_CONTEXT() REPRESENTATION_CONTEXT('2D SPACE',''
  ) );
#11549 = FACE_BOUND('',#11550,.T.);
#11550 = EDGE_LOOP('',(#11551));
#11551 = ORIENTED_EDGE('',*,*,#11552,.T.);
#11552 = EDGE_CURVE('',#11553,#11553,#11555,.T.);
#11553 = VERTEX_POINT('',#11554);
#11554 = CARTESIAN_POINT('',(960.,980.,26.25));
#11555 = SURFACE_CURVE('',#11556,(#11561,#11572),.PCURVE_S1.);
#11556 = CIRCLE('',#11557,1.25);
#11557 = AXIS2_PLACEMENT_3D('',#11558,#11559,#11560);
#11558 = CARTESIAN_POINT('',(960.,980.,25.));
#11559 = DIRECTION('',(-0.,1.,0.));
#11560 = DIRECTION('',(0.,0.,1.));
#11561 = PCURVE('',#11378,#11562);
#11562 = DEFINITIONAL_REPRESENTATION('',(#11563),#11571);
#11563 = ( BOUNDED_CURVE() B_SPLINE_CURVE(2,(#11564,#11565,#11566,#11567
    ,#11568,#11569,#11570),.UNSPECIFIED.,.T.,.F.) 
B_SPLINE_CURVE_WITH_KNOTS((1,2,2,2,2,1),(-2.094395102393,0.,
    2.094395102393,4.188790204786,6.28318530718,8.377580409573),
.UNSPECIFIED.) CURVE() GEOMETRIC_REPRESENTATION_ITEM() 
RATIONAL_B_SPLINE_CURVE((1.,0.5,1.,0.5,1.,0.5,1.)) REPRESENTATION_ITEM(
  '') );
#11564 = CARTESIAN_POINT('',(960.,26.25));
#11565 = CARTESIAN_POINT('',(962.16506350946,26.25));
#11566 = CARTESIAN_POINT('',(961.08253175473,24.375));
#11567 = CARTESIAN_POINT('',(960.,22.5));
#11568 = CARTESIAN_POINT('',(958.91746824526,24.375));
#11569 = CARTESIAN_POINT('',(957.83493649053,26.25));
#11570 = CARTESIAN_POINT('',(960.,26.25));
#11571 = ( GEOMETRIC_REPRESENTATION_CONTEXT(2) 
PARAMETRIC_REPRESENTATION_CONTEXT() REPRESENTATION_CONTEXT('2D SPACE',''
  ) );
#11572 = PCURVE('',#11573,#11578);
#11573 = CYLINDRICAL_SURFACE('',#11574,1.25);
#11574 = AXIS2_PLACEMENT_3D('',#11575,#11576,#11577);
#11575 = CARTESIAN_POINT('',(960.,1.00005E+03,25.));
#11576 = DIRECTION('',(-0.,1.,-0.));
#11577 = DIRECTION('',(0.,0.,1.));
#11578 = DEFINITIONAL_REPRESENTATION('',(#11579),#11583);
#11579 = LINE('',#11580,#11581);
#11580 = CARTESIAN_POINT('',(-6.28318530718,-20.05));
#11581 = VECTOR('',#11582,1.);
#11582 = DIRECTION('',(1.,-0.));
#11583 = ( GEOMETRIC_REPRESENTATION_CONTEXT(2) 
PARAMETRIC_REPRESENTATION_CONTEXT() REPRESENTATION_CONTEXT('2D SPACE',''
  ) );
#11584 = FACE_BOUND('',#11585,.T.);
#11585 = EDGE_LOOP('',(#11586));
#11586 = ORIENTED_EDGE('',*,*,#11587,.T.);
#11587 = EDGE_CURVE('',#11588,#11588,#11590,.T.);
#11588 = VERTEX_POINT('',#11589);
#11589 = CARTESIAN_POINT('',(40.,980.,121.25));
#11590 = SURFACE_CURVE('',#11591,(#11596,#11607),.PCURVE_S1.);
#11591 = CIRCLE('',#11592,1.25);
#11592 = AXIS2_PLACEMENT_3D('',#11593,#11594,#11595);
#11593 = CARTESIAN_POINT('',(40.,980.,120.));
#11594 = DIRECTION('',(-0.,1.,0.));
#11595 = DIRECTION('',(0.,0.,1.));
#11596 = PCURVE('',#11378,#11597);
#11597 = DEFINITIONAL_REPRESENTATION('',(#11598),#11606);
#11598 = ( BOUNDED_CURVE() B_SPLINE_CURVE(2,(#11599,#11600,#11601,#11602
    ,#11603,#11604,#11605),.UNSPECIFIED.,.T.,.F.) 
B_SPLINE_CURVE_WITH_KNOTS((1,2,2,2,2,1),(-2.094395102393,0.,
    2.094395102393,4.188790204786,6.28318530718,8.377580409573),
.UNSPECIFIED.) CURVE() GEOMETRIC_REPRESENTATION_ITEM() 
RATIONAL_B_SPLINE_CURVE((1.,0.5,1.,0.5,1.,0.5,1.)) REPRESENTATION_ITEM(
  '') );
#11599 = CARTESIAN_POINT('',(40.,121.25));
#11600 = CARTESIAN_POINT('',(42.165063509461,121.25));
#11601 = CARTESIAN_POINT('',(41.082531754731,119.375));
#11602 = CARTESIAN_POINT('',(40.,117.5));
#11603 = CARTESIAN_POINT('',(38.917468245269,119.375));
#11604 = CARTESIAN_POINT('',(37.834936490539,121.25));
#11605 = CARTESIAN_POINT('',(40.,121.25));
#11606 = ( GEOMETRIC_REPRESENTATION_CONTEXT(2) 
PARAMETRIC_REPRESENTATION_CONTEXT() REPRESENTATION_CONTEXT('2D SPACE',''
  ) );
#11607 = PCURVE('',#11608,#11613);
#11608 = CYLINDRICAL_SURFACE('',#11609,1.25);
#11609 = AXIS2_PLACEMENT_3D('',#11610,#11611,#11612);
#11610 = CARTESIAN_POINT('',(40.,1.00005E+03,120.));
#11611 = DIRECTION('',(-0.,1.,-0.));
#11612 = DIRECTION('',(0.,0.,1.));
#11613 = DEFINITIONAL_REPRESENTATION('',(#11614),#11618);
#11614 = LINE('',#11615,#11616);
#11615 = CARTESIAN_POINT('',(-6.28318530718,-20.05));
#11616 = VECTOR('',#11617,1.);
#11617 = DIRECTION('',(1.,-0.));
#11618 = ( GEOMETRIC_REPRESENTATION_CONTEXT(2) 
PARAMETRIC_REPRESENTATION_CONTEXT() REPRESENTATION_CONTEXT('2D SPACE',''
  ) );
#11619 = FACE_BOUND('',#11620,.T.);
#11620 = EDGE_LOOP('',(#11621));
#11621 = ORIENTED_EDGE('',*,*,#11622,.T.);
#11622 = EDGE_CURVE('',#11623,#11623,#11625,.T.);
#11623 = VERTEX_POINT('',#11624);
#11624 = CARTESIAN_POINT('',(960.,980.,121.25));
#11625 = SURFACE_CURVE('',#11626,(#11631,#11642),.PCURVE_S1.);
#11626 = CIRCLE('',#11627,1.25);
#11627 = AXIS2_PLACEMENT_3D('',#11628,#11629,#11630);
#11628 = CARTESIAN_POINT('',(960.,980.,120.));
#11629 = DIRECTION('',(-0.,1.,0.));
#11630 = DIRECTION('',(0.,0.,1.));
#11631 = PCURVE('',#11378,#11632);
#11632 = DEFINITIONAL_REPRESENTATION('',(#11633),#11641);
#11633 = ( BOUNDED_CURVE() B_SPLINE_CURVE(2,(#11634,#11635,#11636,#11637
    ,#11638,#11639,#11640),.UNSPECIFIED.,.T.,.F.) 
B_SPLINE_CURVE_WITH_KNOTS((1,2,2,2,2,1),(-2.094395102393,0.,
    2.094395102393,4.188790204786,6.28318530718,8.377580409573),
.UNSPECIFIED.) CURVE() GEOMETRIC_REPRESENTATION_ITEM() 
RATIONAL_B_SPLINE_CURVE((1.,0.5,1.,0.5,1.,0.5,1.)) REPRESENTATION_ITEM(
  '') );
#11634 = CARTESIAN_POINT('',(960.,121.25));
#11635 = CARTESIAN_POINT('',(962.16506350946,121.25));
#11636 = CARTESIAN_POINT('',(961.08253175473,119.375));
#11637 = CARTESIAN_POINT('',(960.,117.5));
#11638 = CARTESIAN_POINT('',(958.91746824526,119.375));
#11639 = CARTESIAN_POINT('',(957.83493649053,121.25));
#11640 = CARTESIAN_POINT('',(960.,121.25));
#11641 = ( GEOMETRIC_REPRESENTATION_CONTEXT(2) 
PARAMETRIC_REPRESENTATION_CONTEXT() REPRESENTATION_CONTEXT('2D SPACE',''
  ) );
#11642 = PCURVE('',#11643,#11648);
#11643 = CYLINDRICAL_SURFACE('',#11644,1.25);
#11644 = AXIS2_PLACEMENT_3D('',#11645,#11646,#11647);
#11645 = CARTESIAN_POINT('',(960.,1.00005E+03,120.));
#11646 = DIRECTION('',(-0.,1.,-0.));
#11647 = DIRECTION('',(0.,0.,1.));
#11648 = DEFINITIONAL_REPRESENTATION('',(#11649),#11653);
#11649 = LINE('',#11650,#11651);
#11650 = CARTESIAN_POINT('',(-6.28318530718,-20.05));
#11651 = VECTOR('',#11652,1.);
#11652 = DIRECTION('',(1.,-0.));
#11653 = ( GEOMETRIC_REPRESENTATION_CONTEXT(2) 
PARAMETRIC_REPRESENTATION_CONTEXT() REPRESENTATION_CONTEXT('2D SPACE',''
  ) );
#11654 = ADVANCED_FACE('',(#11655),#11352,.T.);
#11655 = FACE_BOUND('',#11656,.T.);
#11656 = EDGE_LOOP('',(#11657,#11680,#11681,#11682));
#11657 = ORIENTED_EDGE('',*,*,#11658,.F.);
#11658 = EDGE_CURVE('',#11309,#11659,#11661,.T.);
#11659 = VERTEX_POINT('',#11660);
#11660 = CARTESIAN_POINT('',(1.E+03,1.E+03,145.));
#11661 = SURFACE_CURVE('',#11662,(#11666,#11673),.PCURVE_S1.);
#11662 = LINE('',#11663,#11664);
#11663 = CARTESIAN_POINT('',(0.,1.E+03,145.));
#11664 = VECTOR('',#11665,1.);
#11665 = DIRECTION('',(1.,0.,0.));
#11666 = PCURVE('',#11352,#11667);
#11667 = DEFINITIONAL_REPRESENTATION('',(#11668),#11672);
#11668 = LINE('',#11669,#11670);
#11669 = CARTESIAN_POINT('',(0.,0.));
#11670 = VECTOR('',#11671,1.);
#11671 = DIRECTION('',(0.,1.));
#11672 = ( GEOMETRIC_REPRESENTATION_CONTEXT(2) 
PARAMETRIC_REPRESENTATION_CONTEXT() REPRESENTATION_CONTEXT('2D SPACE',''
  ) );
#11673 = PCURVE('',#11324,#11674);
#11674 = DEFINITIONAL_REPRESENTATION('',(#11675),#11679);
#11675 = LINE('',#11676,#11677);
#11676 = CARTESIAN_POINT('',(0.,145.));
#11677 = VECTOR('',#11678,1.);
#11678 = DIRECTION('',(1.,0.));
#11679 = ( GEOMETRIC_REPRESENTATION_CONTEXT(2) 
PARAMETRIC_REPRESENTATION_CONTEXT() REPRESENTATION_CONTEXT('2D SPACE',''
  ) );
#11680 = ORIENTED_EDGE('',*,*,#11336,.T.);
#11681 = ORIENTED_EDGE('',*,*,#11494,.T.);
#11682 = ORIENTED_EDGE('',*,*,#11683,.F.);
#11683 = EDGE_CURVE('',#11659,#11472,#11684,.T.);
#11684 = SURFACE_CURVE('',#11685,(#11689,#11696),.PCURVE_S1.);
#11685 = LINE('',#11686,#11687);
#11686 = CARTESIAN_POINT('',(1.E+03,1.E+03,145.));
#11687 = VECTOR('',#11688,1.);
#11688 = DIRECTION('',(0.,-1.,0.));
#11689 = PCURVE('',#11352,#11690);
#11690 = DEFINITIONAL_REPRESENTATION('',(#11691),#11695);
#11691 = LINE('',#11692,#11693);
#11692 = CARTESIAN_POINT('',(0.,1.E+03));
#11693 = VECTOR('',#11694,1.);
#11694 = DIRECTION('',(1.,0.));
#11695 = ( GEOMETRIC_REPRESENTATION_CONTEXT(2) 
PARAMETRIC_REPRESENTATION_CONTEXT() REPRESENTATION_CONTEXT('2D SPACE',''
  ) );
#11696 = PCURVE('',#11454,#11697);
#11697 = DEFINITIONAL_REPRESENTATION('',(#11698),#11702);
#11698 = LINE('',#11699,#11700);
#11699 = CARTESIAN_POINT('',(0.,-145.));
#11700 = VECTOR('',#11701,1.);
#11701 = DIRECTION('',(1.,0.));
#11702 = ( GEOMETRIC_REPRESENTATION_CONTEXT(2) 
PARAMETRIC_REPRESENTATION_CONTEXT() REPRESENTATION_CONTEXT('2D SPACE',''
  ) );
#11703 = ADVANCED_FACE('',(#11704,#11730,#11761,#11792,#11823),#11324,
  .F.);
#11704 = FACE_BOUND('',#11705,.F.);
#11705 = EDGE_LOOP('',(#11706,#11707,#11708,#11729));
#11706 = ORIENTED_EDGE('',*,*,#11308,.F.);
#11707 = ORIENTED_EDGE('',*,*,#11393,.T.);
#11708 = ORIENTED_EDGE('',*,*,#11709,.T.);
#11709 = EDGE_CURVE('',#11394,#11659,#11710,.T.);
#11710 = SURFACE_CURVE('',#11711,(#11715,#11722),.PCURVE_S1.);
#11711 = LINE('',#11712,#11713);
#11712 = CARTESIAN_POINT('',(1.E+03,1.E+03,0.));
#11713 = VECTOR('',#11714,1.);
#11714 = DIRECTION('',(0.,0.,1.));
#11715 = PCURVE('',#11324,#11716);
#11716 = DEFINITIONAL_REPRESENTATION('',(#11717),#11721);
#11717 = LINE('',#11718,#11719);
#11718 = CARTESIAN_POINT('',(1.E+03,0.));
#11719 = VECTOR('',#11720,1.);
#11720 = DIRECTION('',(0.,1.));
#11721 = ( GEOMETRIC_REPRESENTATION_CONTEXT(2) 
PARAMETRIC_REPRESENTATION_CONTEXT() REPRESENTATION_CONTEXT('2D SPACE',''
  ) );
#11722 = PCURVE('',#11454,#11723);
#11723 = DEFINITIONAL_REPRESENTATION('',(#11724),#11728);
#11724 = LINE('',#11725,#11726);
#11725 = CARTESIAN_POINT('',(0.,0.));
#11726 = VECTOR('',#11727,1.);
#11727 = DIRECTION('',(0.,-1.));
#11728 = ( GEOMETRIC_REPRESENTATION_CONTEXT(2) 
PARAMETRIC_REPRESENTATION_CONTEXT() REPRESENTATION_CONTEXT('2D SPACE',''
  ) );
#11729 = ORIENTED_EDGE('',*,*,#11658,.F.);
#11730 = FACE_BOUND('',#11731,.F.);
#11731 = EDGE_LOOP('',(#11732));
#11732 = ORIENTED_EDGE('',*,*,#11733,.F.);
#11733 = EDGE_CURVE('',#11734,#11734,#11736,.T.);
#11734 = VERTEX_POINT('',#11735);
#11735 = CARTESIAN_POINT('',(40.,1.E+03,21.2));
#11736 = SURFACE_CURVE('',#11737,(#11742,#11749),.PCURVE_S1.);
#11737 = CIRCLE('',#11738,3.8);
#11738 = AXIS2_PLACEMENT_3D('',#11739,#11740,#11741);
#11739 = CARTESIAN_POINT('',(40.,1.E+03,25.));
#11740 = DIRECTION('',(0.,-1.,0.));
#11741 = DIRECTION('',(0.,-0.,-1.));
#11742 = PCURVE('',#11324,#11743);
#11743 = DEFINITIONAL_REPRESENTATION('',(#11744),#11748);
#11744 = CIRCLE('',#11745,3.8);
#11745 = AXIS2_PLACEMENT_2D('',#11746,#11747);
#11746 = CARTESIAN_POINT('',(40.,25.));
#11747 = DIRECTION('',(0.,-1.));
#11748 = ( GEOMETRIC_REPRESENTATION_CONTEXT(2) 
PARAMETRIC_REPRESENTATION_CONTEXT() REPRESENTATION_CONTEXT('2D SPACE',''
  ) );
#11749 = PCURVE('',#11750,#11755);
#11750 = CONICAL_SURFACE('',#11751,3.85,0.785398163397);
#11751 = AXIS2_PLACEMENT_3D('',#11752,#11753,#11754);
#11752 = CARTESIAN_POINT('',(40.,1.00005E+03,25.));
#11753 = DIRECTION('',(-0.,1.,-0.));
#11754 = DIRECTION('',(0.,-0.,-1.));
#11755 = DEFINITIONAL_REPRESENTATION('',(#11756),#11760);
#11756 = LINE('',#11757,#11758);
#11757 = CARTESIAN_POINT('',(-0.,-4.999999999995E-02));
#11758 = VECTOR('',#11759,1.);
#11759 = DIRECTION('',(-1.,-0.));
#11760 = ( GEOMETRIC_REPRESENTATION_CONTEXT(2) 
PARAMETRIC_REPRESENTATION_CONTEXT() REPRESENTATION_CONTEXT('2D SPACE',''
  ) );
#11761 = FACE_BOUND('',#11762,.F.);
#11762 = EDGE_LOOP('',(#11763));
#11763 = ORIENTED_EDGE('',*,*,#11764,.F.);
#11764 = EDGE_CURVE('',#11765,#11765,#11767,.T.);
#11765 = VERTEX_POINT('',#11766);
#11766 = CARTESIAN_POINT('',(960.,1.E+03,21.2));
#11767 = SURFACE_CURVE('',#11768,(#11773,#11780),.PCURVE_S1.);
#11768 = CIRCLE('',#11769,3.8);
#11769 = AXIS2_PLACEMENT_3D('',#11770,#11771,#11772);
#11770 = CARTESIAN_POINT('',(960.,1.E+03,25.));
#11771 = DIRECTION('',(0.,-1.,0.));
#11772 = DIRECTION('',(0.,-0.,-1.));
#11773 = PCURVE('',#11324,#11774);
#11774 = DEFINITIONAL_REPRESENTATION('',(#11775),#11779);
#11775 = CIRCLE('',#11776,3.8);
#11776 = AXIS2_PLACEMENT_2D('',#11777,#11778);
#11777 = CARTESIAN_POINT('',(960.,25.));
#11778 = DIRECTION('',(0.,-1.));
#11779 = ( GEOMETRIC_REPRESENTATION_CONTEXT(2) 
PARAMETRIC_REPRESENTATION_CONTEXT() REPRESENTATION_CONTEXT('2D SPACE',''
  ) );
#11780 = PCURVE('',#11781,#11786);
#11781 = CONICAL_SURFACE('',#11782,3.85,0.785398163397);
#11782 = AXIS2_PLACEMENT_3D('',#11783,#11784,#11785);
#11783 = CARTESIAN_POINT('',(960.,1.00005E+03,25.));
#11784 = DIRECTION('',(-0.,1.,-0.));
#11785 = DIRECTION('',(0.,-0.,-1.));
#11786 = DEFINITIONAL_REPRESENTATION('',(#11787),#11791);
#11787 = LINE('',#11788,#11789);
#11788 = CARTESIAN_POINT('',(-0.,-4.999999999995E-02));
#11789 = VECTOR('',#11790,1.);
#11790 = DIRECTION('',(-1.,-0.));
#11791 = ( GEOMETRIC_REPRESENTATION_CONTEXT(2) 
PARAMETRIC_REPRESENTATION_CONTEXT() REPRESENTATION_CONTEXT('2D SPACE',''
  ) );
#11792 = FACE_BOUND('',#11793,.F.);
#11793 = EDGE_LOOP('',(#11794));
#11794 = ORIENTED_EDGE('',*,*,#11795,.F.);
#11795 = EDGE_CURVE('',#11796,#11796,#11798,.T.);
#11796 = VERTEX_POINT('',#11797);
#11797 = CARTESIAN_POINT('',(40.,1.E+03,116.2));
#11798 = SURFACE_CURVE('',#11799,(#11804,#11811),.PCURVE_S1.);
#11799 = CIRCLE('',#11800,3.8);
#11800 = AXIS2_PLACEMENT_3D('',#11801,#11802,#11803);
#11801 = CARTESIAN_POINT('',(40.,1.E+03,120.));
#11802 = DIRECTION('',(0.,-1.,0.));
#11803 = DIRECTION('',(0.,-0.,-1.));
#11804 = PCURVE('',#11324,#11805);
#11805 = DEFINITIONAL_REPRESENTATION('',(#11806),#11810);
#11806 = CIRCLE('',#11807,3.8);
#11807 = AXIS2_PLACEMENT_2D('',#11808,#11809);
#11808 = CARTESIAN_POINT('',(40.,120.));
#11809 = DIRECTION('',(0.,-1.));
#11810 = ( GEOMETRIC_REPRESENTATION_CONTEXT(2) 
PARAMETRIC_REPRESENTATION_CONTEXT() REPRESENTATION_CONTEXT('2D SPACE',''
  ) );
#11811 = PCURVE('',#11812,#11817);
#11812 = CONICAL_SURFACE('',#11813,3.85,0.785398163397);
#11813 = AXIS2_PLACEMENT_3D('',#11814,#11815,#11816);
#11814 = CARTESIAN_POINT('',(40.,1.00005E+03,120.));
#11815 = DIRECTION('',(-0.,1.,-0.));
#11816 = DIRECTION('',(0.,-0.,-1.));
#11817 = DEFINITIONAL_REPRESENTATION('',(#11818),#11822);
#11818 = LINE('',#11819,#11820);
#11819 = CARTESIAN_POINT('',(-0.,-4.999999999995E-02));
#11820 = VECTOR('',#11821,1.);
#11821 = DIRECTION('',(-1.,-0.));
#11822 = ( GEOMETRIC_REPRESENTATION_CONTEXT(2) 
PARAMETRIC_REPRESENTATION_CONTEXT() REPRESENTATION_CONTEXT('2D SPACE',''
  ) );
#11823 = FACE_BOUND('',#11824,.F.);
#11824 = EDGE_LOOP('',(#11825));
#11825 = ORIENTED_EDGE('',*,*,#11826,.F.);
#11826 = EDGE_CURVE('',#11827,#11827,#11829,.T.);
#11827 = VERTEX_POINT('',#11828);
#11828 = CARTESIAN_POINT('',(960.,1.E+03,116.2));
#11829 = SURFACE_CURVE('',#11830,(#11835,#11842),.PCURVE_S1.);
#11830 = CIRCLE('',#11831,3.8);
#11831 = AXIS2_PLACEMENT_3D('',#11832,#11833,#11834);
#11832 = CARTESIAN_POINT('',(960.,1.E+03,120.));
#11833 = DIRECTION('',(0.,-1.,0.));
#11834 = DIRECTION('',(0.,-0.,-1.));
#11835 = PCURVE('',#11324,#11836);
#11836 = DEFINITIONAL_REPRESENTATION('',(#11837),#11841);
#11837 = CIRCLE('',#11838,3.8);
#11838 = AXIS2_PLACEMENT_2D('',#11839,#11840);
#11839 = CARTESIAN_POINT('',(960.,120.));
#11840 = DIRECTION('',(0.,-1.));
#11841 = ( GEOMETRIC_REPRESENTATION_CONTEXT(2) 
PARAMETRIC_REPRESENTATION_CONTEXT() REPRESENTATION_CONTEXT('2D SPACE',''
  ) );
#11842 = PCURVE('',#11843,#11848);
#11843 = CONICAL_SURFACE('',#11844,3.85,0.785398163397);
#11844 = AXIS2_PLACEMENT_3D('',#11845,#11846,#11847);
#11845 = CARTESIAN_POINT('',(960.,1.00005E+03,120.));
#11846 = DIRECTION('',(-0.,1.,-0.));
#11847 = DIRECTION('',(0.,-0.,-1.));
#11848 = DEFINITIONAL_REPRESENTATION('',(#11849),#11853);
#11849 = LINE('',#11850,#11851);
#11850 = CARTESIAN_POINT('',(-0.,-4.999999999995E-02));
#11851 = VECTOR('',#11852,1.);
#11852 = DIRECTION('',(-1.,-0.));
#11853 = ( GEOMETRIC_REPRESENTATION_CONTEXT(2) 
PARAMETRIC_REPRESENTATION_CONTEXT() REPRESENTATION_CONTEXT('2D SPACE',''
  ) );
#11854 = ADVANCED_FACE('',(#11855),#11454,.T.);
#11855 = FACE_BOUND('',#11856,.T.);
#11856 = EDGE_LOOP('',(#11857,#11858,#11859,#11860));
#11857 = ORIENTED_EDGE('',*,*,#11440,.F.);
#11858 = ORIENTED_EDGE('',*,*,#11709,.T.);
#11859 = ORIENTED_EDGE('',*,*,#11683,.T.);
#11860 = ORIENTED_EDGE('',*,*,#11471,.F.);
#11861 = ADVANCED_FACE('',(#11862),#11538,.F.);
#11862 = FACE_BOUND('',#11863,.T.);
#11863 = EDGE_LOOP('',(#11864,#11887,#11911,#11933,#11934));
#11864 = ORIENTED_EDGE('',*,*,#11865,.F.);
#11865 = EDGE_CURVE('',#11866,#11518,#11868,.T.);
#11866 = VERTEX_POINT('',#11867);
#11867 = CARTESIAN_POINT('',(40.,997.45,26.25));
#11868 = SEAM_CURVE('',#11869,(#11873,#11880),.PCURVE_S1.);
#11869 = LINE('',#11870,#11871);
#11870 = CARTESIAN_POINT('',(40.,1.00005E+03,26.25));
#11871 = VECTOR('',#11872,1.);
#11872 = DIRECTION('',(0.,-1.,0.));
#11873 = PCURVE('',#11538,#11874);
#11874 = DEFINITIONAL_REPRESENTATION('',(#11875),#11879);
#11875 = LINE('',#11876,#11877);
#11876 = CARTESIAN_POINT('',(-6.28318530718,0.));
#11877 = VECTOR('',#11878,1.);
#11878 = DIRECTION('',(-0.,-1.));
#11879 = ( GEOMETRIC_REPRESENTATION_CONTEXT(2) 
PARAMETRIC_REPRESENTATION_CONTEXT() REPRESENTATION_CONTEXT('2D SPACE',''
  ) );
#11880 = PCURVE('',#11538,#11881);
#11881 = DEFINITIONAL_REPRESENTATION('',(#11882),#11886);
#11882 = LINE('',#11883,#11884);
#11883 = CARTESIAN_POINT('',(-0.,0.));
#11884 = VECTOR('',#11885,1.);
#11885 = DIRECTION('',(-0.,-1.));
#11886 = ( GEOMETRIC_REPRESENTATION_CONTEXT(2) 
PARAMETRIC_REPRESENTATION_CONTEXT() REPRESENTATION_CONTEXT('2D SPACE',''
  ) );
#11887 = ORIENTED_EDGE('',*,*,#11888,.F.);
#11888 = EDGE_CURVE('',#11889,#11866,#11891,.T.);
#11889 = VERTEX_POINT('',#11890);
#11890 = CARTESIAN_POINT('',(40.,997.45,23.75));
#11891 = SURFACE_CURVE('',#11892,(#11897,#11904),.PCURVE_S1.);
#11892 = CIRCLE('',#11893,1.25);
#11893 = AXIS2_PLACEMENT_3D('',#11894,#11895,#11896);
#11894 = CARTESIAN_POINT('',(40.,997.45,25.));
#11895 = DIRECTION('',(0.,-1.,0.));
#11896 = DIRECTION('',(0.,-0.,-1.));
#11897 = PCURVE('',#11538,#11898);
#11898 = DEFINITIONAL_REPRESENTATION('',(#11899),#11903);
#11899 = LINE('',#11900,#11901);
#11900 = CARTESIAN_POINT('',(-3.14159265359,-2.6));
#11901 = VECTOR('',#11902,1.);
#11902 = DIRECTION('',(-1.,0.));
#11903 = ( GEOMETRIC_REPRESENTATION_CONTEXT(2) 
PARAMETRIC_REPRESENTATION_CONTEXT() REPRESENTATION_CONTEXT('2D SPACE',''
  ) );
#11904 = PCURVE('',#11750,#11905);
#11905 = DEFINITIONAL_REPRESENTATION('',(#11906),#11910);
#11906 = LINE('',#11907,#11908);
#11907 = CARTESIAN_POINT('',(-0.,-2.6));
#11908 = VECTOR('',#11909,1.);
#11909 = DIRECTION('',(-1.,-0.));
#11910 = ( GEOMETRIC_REPRESENTATION_CONTEXT(2) 
PARAMETRIC_REPRESENTATION_CONTEXT() REPRESENTATION_CONTEXT('2D SPACE',''
  ) );
#11911 = ORIENTED_EDGE('',*,*,#11912,.F.);
#11912 = EDGE_CURVE('',#11866,#11889,#11913,.T.);
#11913 = SURFACE_CURVE('',#11914,(#11919,#11926),.PCURVE_S1.);
#11914 = CIRCLE('',#11915,1.25);
#11915 = AXIS2_PLACEMENT_3D('',#11916,#11917,#11918);
#11916 = CARTESIAN_POINT('',(40.,997.45,25.));
#11917 = DIRECTION('',(0.,-1.,0.));
#11918 = DIRECTION('',(0.,-0.,-1.));
#11919 = PCURVE('',#11538,#11920);
#11920 = DEFINITIONAL_REPRESENTATION('',(#11921),#11925);
#11921 = LINE('',#11922,#11923);
#11922 = CARTESIAN_POINT('',(3.14159265359,-2.6));
#11923 = VECTOR('',#11924,1.);
#11924 = DIRECTION('',(-1.,0.));
#11925 = ( GEOMETRIC_REPRESENTATION_CONTEXT(2) 
PARAMETRIC_REPRESENTATION_CONTEXT() REPRESENTATION_CONTEXT('2D SPACE',''
  ) );
#11926 = PCURVE('',#11750,#11927);
#11927 = DEFINITIONAL_REPRESENTATION('',(#11928),#11932);
#11928 = LINE('',#11929,#11930);
#11929 = CARTESIAN_POINT('',(-0.,-2.6));
#11930 = VECTOR('',#11931,1.);
#11931 = DIRECTION('',(-1.,-0.));
#11932 = ( GEOMETRIC_REPRESENTATION_CONTEXT(2) 
PARAMETRIC_REPRESENTATION_CONTEXT() REPRESENTATION_CONTEXT('2D SPACE',''
  ) );
#11933 = ORIENTED_EDGE('',*,*,#11865,.T.);
#11934 = ORIENTED_EDGE('',*,*,#11517,.F.);
#11935 = ADVANCED_FACE('',(#11936),#11573,.F.);
#11936 = FACE_BOUND('',#11937,.T.);
#11937 = EDGE_LOOP('',(#11938,#11961,#11985,#12007,#12008));
#11938 = ORIENTED_EDGE('',*,*,#11939,.F.);
#11939 = EDGE_CURVE('',#11940,#11553,#11942,.T.);
#11940 = VERTEX_POINT('',#11941);
#11941 = CARTESIAN_POINT('',(960.,997.45,26.25));
#11942 = SEAM_CURVE('',#11943,(#11947,#11954),.PCURVE_S1.);
#11943 = LINE('',#11944,#11945);
#11944 = CARTESIAN_POINT('',(960.,1.00005E+03,26.25));
#11945 = VECTOR('',#11946,1.);
#11946 = DIRECTION('',(0.,-1.,0.));
#11947 = PCURVE('',#11573,#11948);
#11948 = DEFINITIONAL_REPRESENTATION('',(#11949),#11953);
#11949 = LINE('',#11950,#11951);
#11950 = CARTESIAN_POINT('',(-6.28318530718,0.));
#11951 = VECTOR('',#11952,1.);
#11952 = DIRECTION('',(-0.,-1.));
#11953 = ( GEOMETRIC_REPRESENTATION_CONTEXT(2) 
PARAMETRIC_REPRESENTATION_CONTEXT() REPRESENTATION_CONTEXT('2D SPACE',''
  ) );
#11954 = PCURVE('',#11573,#11955);
#11955 = DEFINITIONAL_REPRESENTATION('',(#11956),#11960);
#11956 = LINE('',#11957,#11958);
#11957 = CARTESIAN_POINT('',(-0.,0.));
#11958 = VECTOR('',#11959,1.);
#11959 = DIRECTION('',(-0.,-1.));
#11960 = ( GEOMETRIC_REPRESENTATION_CONTEXT(2) 
PARAMETRIC_REPRESENTATION_CONTEXT() REPRESENTATION_CONTEXT('2D SPACE',''
  ) );
#11961 = ORIENTED_EDGE('',*,*,#11962,.F.);
#11962 = EDGE_CURVE('',#11963,#11940,#11965,.T.);
#11963 = VERTEX_POINT('',#11964);
#11964 = CARTESIAN_POINT('',(960.,997.45,23.75));
#11965 = SURFACE_CURVE('',#11966,(#11971,#11978),.PCURVE_S1.);
#11966 = CIRCLE('',#11967,1.25);
#11967 = AXIS2_PLACEMENT_3D('',#11968,#11969,#11970);
#11968 = CARTESIAN_POINT('',(960.,997.45,25.));
#11969 = DIRECTION('',(0.,-1.,0.));
#11970 = DIRECTION('',(0.,-0.,-1.));
#11971 = PCURVE('',#11573,#11972);
#11972 = DEFINITIONAL_REPRESENTATION('',(#11973),#11977);
#11973 = LINE('',#11974,#11975);
#11974 = CARTESIAN_POINT('',(-3.14159265359,-2.6));
#11975 = VECTOR('',#11976,1.);
#11976 = DIRECTION('',(-1.,0.));
#11977 = ( GEOMETRIC_REPRESENTATION_CONTEXT(2) 
PARAMETRIC_REPRESENTATION_CONTEXT() REPRESENTATION_CONTEXT('2D SPACE',''
  ) );
#11978 = PCURVE('',#11781,#11979);
#11979 = DEFINITIONAL_REPRESENTATION('',(#11980),#11984);
#11980 = LINE('',#11981,#11982);
#11981 = CARTESIAN_POINT('',(-0.,-2.6));
#11982 = VECTOR('',#11983,1.);
#11983 = DIRECTION('',(-1.,-0.));
#11984 = ( GEOMETRIC_REPRESENTATION_CONTEXT(2) 
PARAMETRIC_REPRESENTATION_CONTEXT() REPRESENTATION_CONTEXT('2D SPACE',''
  ) );
#11985 = ORIENTED_EDGE('',*,*,#11986,.F.);
#11986 = EDGE_CURVE('',#11940,#11963,#11987,.T.);
#11987 = SURFACE_CURVE('',#11988,(#11993,#12000),.PCURVE_S1.);
#11988 = CIRCLE('',#11989,1.25);
#11989 = AXIS2_PLACEMENT_3D('',#11990,#11991,#11992);
#11990 = CARTESIAN_POINT('',(960.,997.45,25.));
#11991 = DIRECTION('',(0.,-1.,0.));
#11992 = DIRECTION('',(0.,-0.,-1.));
#11993 = PCURVE('',#11573,#11994);
#11994 = DEFINITIONAL_REPRESENTATION('',(#11995),#11999);
#11995 = LINE('',#11996,#11997);
#11996 = CARTESIAN_POINT('',(3.14159265359,-2.6));
#11997 = VECTOR('',#11998,1.);
#11998 = DIRECTION('',(-1.,0.));
#11999 = ( GEOMETRIC_REPRESENTATION_CONTEXT(2) 
PARAMETRIC_REPRESENTATION_CONTEXT() REPRESENTATION_CONTEXT('2D SPACE',''
  ) );
#12000 = PCURVE('',#11781,#12001);
#12001 = DEFINITIONAL_REPRESENTATION('',(#12002),#12006);
#12002 = LINE('',#12003,#12004);
#12003 = CARTESIAN_POINT('',(-0.,-2.6));
#12004 = VECTOR('',#12005,1.);
#12005 = DIRECTION('',(-1.,-0.));
#12006 = ( GEOMETRIC_REPRESENTATION_CONTEXT(2) 
PARAMETRIC_REPRESENTATION_CONTEXT() REPRESENTATION_CONTEXT('2D SPACE',''
  ) );
#12007 = ORIENTED_EDGE('',*,*,#11939,.T.);
#12008 = ORIENTED_EDGE('',*,*,#11552,.F.);
#12009 = ADVANCED_FACE('',(#12010),#11608,.F.);
#12010 = FACE_BOUND('',#12011,.T.);
#12011 = EDGE_LOOP('',(#12012,#12035,#12059,#12081,#12082));
#12012 = ORIENTED_EDGE('',*,*,#12013,.F.);
#12013 = EDGE_CURVE('',#12014,#11588,#12016,.T.);
#12014 = VERTEX_POINT('',#12015);
#12015 = CARTESIAN_POINT('',(40.,997.45,121.25));
#12016 = SEAM_CURVE('',#12017,(#12021,#12028),.PCURVE_S1.);
#12017 = LINE('',#12018,#12019);
#12018 = CARTESIAN_POINT('',(40.,1.00005E+03,121.25));
#12019 = VECTOR('',#12020,1.);
#12020 = DIRECTION('',(0.,-1.,0.));
#12021 = PCURVE('',#11608,#12022);
#12022 = DEFINITIONAL_REPRESENTATION('',(#12023),#12027);
#12023 = LINE('',#12024,#12025);
#12024 = CARTESIAN_POINT('',(-6.28318530718,0.));
#12025 = VECTOR('',#12026,1.);
#12026 = DIRECTION('',(-0.,-1.));
#12027 = ( GEOMETRIC_REPRESENTATION_CONTEXT(2) 
PARAMETRIC_REPRESENTATION_CONTEXT() REPRESENTATION_CONTEXT('2D SPACE',''
  ) );
#12028 = PCURVE('',#11608,#12029);
#12029 = DEFINITIONAL_REPRESENTATION('',(#12030),#12034);
#12030 = LINE('',#12031,#12032);
#12031 = CARTESIAN_POINT('',(-0.,0.));
#12032 = VECTOR('',#12033,1.);
#12033 = DIRECTION('',(-0.,-1.));
#12034 = ( GEOMETRIC_REPRESENTATION_CONTEXT(2) 
PARAMETRIC_REPRESENTATION_CONTEXT() REPRESENTATION_CONTEXT('2D SPACE',''
  ) );
#12035 = ORIENTED_EDGE('',*,*,#12036,.F.);
#12036 = EDGE_CURVE('',#12037,#12014,#12039,.T.);
#12037 = VERTEX_POINT('',#12038);
#12038 = CARTESIAN_POINT('',(40.,997.45,118.75));
#12039 = SURFACE_CURVE('',#12040,(#12045,#12052),.PCURVE_S1.);
#12040 = CIRCLE('',#12041,1.25);
#12041 = AXIS2_PLACEMENT_3D('',#12042,#12043,#12044);
#12042 = CARTESIAN_POINT('',(40.,997.45,120.));
#12043 = DIRECTION('',(0.,-1.,0.));
#12044 = DIRECTION('',(0.,-0.,-1.));
#12045 = PCURVE('',#11608,#12046);
#12046 = DEFINITIONAL_REPRESENTATION('',(#12047),#12051);
#12047 = LINE('',#12048,#12049);
#12048 = CARTESIAN_POINT('',(-3.14159265359,-2.6));
#12049 = VECTOR('',#12050,1.);
#12050 = DIRECTION('',(-1.,0.));
#12051 = ( GEOMETRIC_REPRESENTATION_CONTEXT(2) 
PARAMETRIC_REPRESENTATION_CONTEXT() REPRESENTATION_CONTEXT('2D SPACE',''
  ) );
#12052 = PCURVE('',#11812,#12053);
#12053 = DEFINITIONAL_REPRESENTATION('',(#12054),#12058);
#12054 = LINE('',#12055,#12056);
#12055 = CARTESIAN_POINT('',(-0.,-2.6));
#12056 = VECTOR('',#12057,1.);
#12057 = DIRECTION('',(-1.,-0.));
#12058 = ( GEOMETRIC_REPRESENTATION_CONTEXT(2) 
PARAMETRIC_REPRESENTATION_CONTEXT() REPRESENTATION_CONTEXT('2D SPACE',''
  ) );
#12059 = ORIENTED_EDGE('',*,*,#12060,.F.);
#12060 = EDGE_CURVE('',#12014,#12037,#12061,.T.);
#12061 = SURFACE_CURVE('',#12062,(#12067,#12074),.PCURVE_S1.);
#12062 = CIRCLE('',#12063,1.25);
#12063 = AXIS2_PLACEMENT_3D('',#12064,#12065,#12066);
#12064 = CARTESIAN_POINT('',(40.,997.45,120.));
#12065 = DIRECTION('',(0.,-1.,0.));
#12066 = DIRECTION('',(0.,-0.,-1.));
#12067 = PCURVE('',#11608,#12068);
#12068 = DEFINITIONAL_REPRESENTATION('',(#12069),#12073);
#12069 = LINE('',#12070,#12071);
#12070 = CARTESIAN_POINT('',(3.14159265359,-2.6));
#12071 = VECTOR('',#12072,1.);
#12072 = DIRECTION('',(-1.,0.));
#12073 = ( GEOMETRIC_REPRESENTATION_CONTEXT(2) 
PARAMETRIC_REPRESENTATION_CONTEXT() REPRESENTATION_CONTEXT('2D SPACE',''
  ) );
#12074 = PCURVE('',#11812,#12075);
#12075 = DEFINITIONAL_REPRESENTATION('',(#12076),#12080);
#12076 = LINE('',#12077,#12078);
#12077 = CARTESIAN_POINT('',(-0.,-2.6));
#12078 = VECTOR('',#12079,1.);
#12079 = DIRECTION('',(-1.,-0.));
#12080 = ( GEOMETRIC_REPRESENTATION_CONTEXT(2) 
PARAMETRIC_REPRESENTATION_CONTEXT() REPRESENTATION_CONTEXT('2D SPACE',''
  ) );
#12081 = ORIENTED_EDGE('',*,*,#12013,.T.);
#12082 = ORIENTED_EDGE('',*,*,#11587,.F.);
#12083 = ADVANCED_FACE('',(#12084),#11643,.F.);
#12084 = FACE_BOUND('',#12085,.T.);
#12085 = EDGE_LOOP('',(#12086,#12109,#12133,#12155,#12156));
#12086 = ORIENTED_EDGE('',*,*,#12087,.F.);
#12087 = EDGE_CURVE('',#12088,#11623,#12090,.T.);
#12088 = VERTEX_POINT('',#12089);
#12089 = CARTESIAN_POINT('',(960.,997.45,121.25));
#12090 = SEAM_CURVE('',#12091,(#12095,#12102),.PCURVE_S1.);
#12091 = LINE('',#12092,#12093);
#12092 = CARTESIAN_POINT('',(960.,1.00005E+03,121.25));
#12093 = VECTOR('',#12094,1.);
#12094 = DIRECTION('',(0.,-1.,0.));
#12095 = PCURVE('',#11643,#12096);
#12096 = DEFINITIONAL_REPRESENTATION('',(#12097),#12101);
#12097 = LINE('',#12098,#12099);
#12098 = CARTESIAN_POINT('',(-6.28318530718,0.));
#12099 = VECTOR('',#12100,1.);
#12100 = DIRECTION('',(-0.,-1.));
#12101 = ( GEOMETRIC_REPRESENTATION_CONTEXT(2) 
PARAMETRIC_REPRESENTATION_CONTEXT() REPRESENTATION_CONTEXT('2D SPACE',''
  ) );
#12102 = PCURVE('',#11643,#12103);
#12103 = DEFINITIONAL_REPRESENTATION('',(#12104),#12108);
#12104 = LINE('',#12105,#12106);
#12105 = CARTESIAN_POINT('',(-0.,0.));
#12106 = VECTOR('',#12107,1.);
#12107 = DIRECTION('',(-0.,-1.));
#12108 = ( GEOMETRIC_REPRESENTATION_CONTEXT(2) 
PARAMETRIC_REPRESENTATION_CONTEXT() REPRESENTATION_CONTEXT('2D SPACE',''
  ) );
#12109 = ORIENTED_EDGE('',*,*,#12110,.F.);
#12110 = EDGE_CURVE('',#12111,#12088,#12113,.T.);
#12111 = VERTEX_POINT('',#12112);
#12112 = CARTESIAN_POINT('',(960.,997.45,118.75));
#12113 = SURFACE_CURVE('',#12114,(#12119,#12126),.PCURVE_S1.);
#12114 = CIRCLE('',#12115,1.25);
#12115 = AXIS2_PLACEMENT_3D('',#12116,#12117,#12118);
#12116 = CARTESIAN_POINT('',(960.,997.45,120.));
#12117 = DIRECTION('',(0.,-1.,0.));
#12118 = DIRECTION('',(0.,-0.,-1.));
#12119 = PCURVE('',#11643,#12120);
#12120 = DEFINITIONAL_REPRESENTATION('',(#12121),#12125);
#12121 = LINE('',#12122,#12123);
#12122 = CARTESIAN_POINT('',(-3.14159265359,-2.6));
#12123 = VECTOR('',#12124,1.);
#12124 = DIRECTION('',(-1.,0.));
#12125 = ( GEOMETRIC_REPRESENTATION_CONTEXT(2) 
PARAMETRIC_REPRESENTATION_CONTEXT() REPRESENTATION_CONTEXT('2D SPACE',''
  ) );
#12126 = PCURVE('',#11843,#12127);
#12127 = DEFINITIONAL_REPRESENTATION('',(#12128),#12132);
#12128 = LINE('',#12129,#12130);
#12129 = CARTESIAN_POINT('',(-0.,-2.6));
#12130 = VECTOR('',#12131,1.);
#12131 = DIRECTION('',(-1.,-0.));
#12132 = ( GEOMETRIC_REPRESENTATION_CONTEXT(2) 
PARAMETRIC_REPRESENTATION_CONTEXT() REPRESENTATION_CONTEXT('2D SPACE',''
  ) );
#12133 = ORIENTED_EDGE('',*,*,#12134,.F.);
#12134 = EDGE_CURVE('',#12088,#12111,#12135,.T.);
#12135 = SURFACE_CURVE('',#12136,(#12141,#12148),.PCURVE_S1.);
#12136 = CIRCLE('',#12137,1.25);
#12137 = AXIS2_PLACEMENT_3D('',#12138,#12139,#12140);
#12138 = CARTESIAN_POINT('',(960.,997.45,120.));
#12139 = DIRECTION('',(0.,-1.,0.));
#12140 = DIRECTION('',(0.,-0.,-1.));
#12141 = PCURVE('',#11643,#12142);
#12142 = DEFINITIONAL_REPRESENTATION('',(#12143),#12147);
#12143 = LINE('',#12144,#12145);
#12144 = CARTESIAN_POINT('',(3.14159265359,-2.6));
#12145 = VECTOR('',#12146,1.);
#12146 = DIRECTION('',(-1.,0.));
#12147 = ( GEOMETRIC_REPRESENTATION_CONTEXT(2) 
PARAMETRIC_REPRESENTATION_CONTEXT() REPRESENTATION_CONTEXT('2D SPACE',''
  ) );
#12148 = PCURVE('',#11843,#12149);
#12149 = DEFINITIONAL_REPRESENTATION('',(#12150),#12154);
#12150 = LINE('',#12151,#12152);
#12151 = CARTESIAN_POINT('',(-0.,-2.6));
#12152 = VECTOR('',#12153,1.);
#12153 = DIRECTION('',(-1.,-0.));
#12154 = ( GEOMETRIC_REPRESENTATION_CONTEXT(2) 
PARAMETRIC_REPRESENTATION_CONTEXT() REPRESENTATION_CONTEXT('2D SPACE',''
  ) );
#12155 = ORIENTED_EDGE('',*,*,#12087,.T.);
#12156 = ORIENTED_EDGE('',*,*,#11622,.F.);
#12157 = ADVANCED_FACE('',(#12158),#11750,.F.);
#12158 = FACE_BOUND('',#12159,.F.);
#12159 = EDGE_LOOP('',(#12160,#12161,#12182,#12183,#12184));
#12160 = ORIENTED_EDGE('',*,*,#11733,.T.);
#12161 = ORIENTED_EDGE('',*,*,#12162,.T.);
#12162 = EDGE_CURVE('',#11734,#11889,#12163,.T.);
#12163 = SEAM_CURVE('',#12164,(#12168,#12175),.PCURVE_S1.);
#12164 = LINE('',#12165,#12166);
#12165 = CARTESIAN_POINT('',(40.,1.00005E+03,21.15));
#12166 = VECTOR('',#12167,1.);
#12167 = DIRECTION('',(1.731912112471E-16,-0.707106781187,0.707106781187
    ));
#12168 = PCURVE('',#11750,#12169);
#12169 = DEFINITIONAL_REPRESENTATION('',(#12170),#12174);
#12170 = LINE('',#12171,#12172);
#12171 = CARTESIAN_POINT('',(0.,-0.));
#12172 = VECTOR('',#12173,1.);
#12173 = DIRECTION('',(-0.,-1.));
#12174 = ( GEOMETRIC_REPRESENTATION_CONTEXT(2) 
PARAMETRIC_REPRESENTATION_CONTEXT() REPRESENTATION_CONTEXT('2D SPACE',''
  ) );
#12175 = PCURVE('',#11750,#12176);
#12176 = DEFINITIONAL_REPRESENTATION('',(#12177),#12181);
#12177 = LINE('',#12178,#12179);
#12178 = CARTESIAN_POINT('',(-6.28318530718,0.));
#12179 = VECTOR('',#12180,1.);
#12180 = DIRECTION('',(-0.,-1.));
#12181 = ( GEOMETRIC_REPRESENTATION_CONTEXT(2) 
PARAMETRIC_REPRESENTATION_CONTEXT() REPRESENTATION_CONTEXT('2D SPACE',''
  ) );
#12182 = ORIENTED_EDGE('',*,*,#11912,.F.);
#12183 = ORIENTED_EDGE('',*,*,#11888,.F.);
#12184 = ORIENTED_EDGE('',*,*,#12162,.F.);
#12185 = ADVANCED_FACE('',(#12186),#11781,.F.);
#12186 = FACE_BOUND('',#12187,.F.);
#12187 = EDGE_LOOP('',(#12188,#12189,#12210,#12211,#12212));
#12188 = ORIENTED_EDGE('',*,*,#11764,.T.);
#12189 = ORIENTED_EDGE('',*,*,#12190,.T.);
#12190 = EDGE_CURVE('',#11765,#11963,#12191,.T.);
#12191 = SEAM_CURVE('',#12192,(#12196,#12203),.PCURVE_S1.);
#12192 = LINE('',#12193,#12194);
#12193 = CARTESIAN_POINT('',(960.,1.00005E+03,21.15));
#12194 = VECTOR('',#12195,1.);
#12195 = DIRECTION('',(1.731912112471E-16,-0.707106781187,0.707106781187
    ));
#12196 = PCURVE('',#11781,#12197);
#12197 = DEFINITIONAL_REPRESENTATION('',(#12198),#12202);
#12198 = LINE('',#12199,#12200);
#12199 = CARTESIAN_POINT('',(0.,-0.));
#12200 = VECTOR('',#12201,1.);
#12201 = DIRECTION('',(-0.,-1.));
#12202 = ( GEOMETRIC_REPRESENTATION_CONTEXT(2) 
PARAMETRIC_REPRESENTATION_CONTEXT() REPRESENTATION_CONTEXT('2D SPACE',''
  ) );
#12203 = PCURVE('',#11781,#12204);
#12204 = DEFINITIONAL_REPRESENTATION('',(#12205),#12209);
#12205 = LINE('',#12206,#12207);
#12206 = CARTESIAN_POINT('',(-6.28318530718,0.));
#12207 = VECTOR('',#12208,1.);
#12208 = DIRECTION('',(-0.,-1.));
#12209 = ( GEOMETRIC_REPRESENTATION_CONTEXT(2) 
PARAMETRIC_REPRESENTATION_CONTEXT() REPRESENTATION_CONTEXT('2D SPACE',''
  ) );
#12210 = ORIENTED_EDGE('',*,*,#11986,.F.);
#12211 = ORIENTED_EDGE('',*,*,#11962,.F.);
#12212 = ORIENTED_EDGE('',*,*,#12190,.F.);
#12213 = ADVANCED_FACE('',(#12214),#11812,.F.);
#12214 = FACE_BOUND('',#12215,.F.);
#12215 = EDGE_LOOP('',(#12216,#12217,#12238,#12239,#12240));
#12216 = ORIENTED_EDGE('',*,*,#11795,.T.);
#12217 = ORIENTED_EDGE('',*,*,#12218,.T.);
#12218 = EDGE_CURVE('',#11796,#12037,#12219,.T.);
#12219 = SEAM_CURVE('',#12220,(#12224,#12231),.PCURVE_S1.);
#12220 = LINE('',#12221,#12222);
#12221 = CARTESIAN_POINT('',(40.,1.00005E+03,116.15));
#12222 = VECTOR('',#12223,1.);
#12223 = DIRECTION('',(1.731912112471E-16,-0.707106781187,0.707106781187
    ));
#12224 = PCURVE('',#11812,#12225);
#12225 = DEFINITIONAL_REPRESENTATION('',(#12226),#12230);
#12226 = LINE('',#12227,#12228);
#12227 = CARTESIAN_POINT('',(0.,-0.));
#12228 = VECTOR('',#12229,1.);
#12229 = DIRECTION('',(-0.,-1.));
#12230 = ( GEOMETRIC_REPRESENTATION_CONTEXT(2) 
PARAMETRIC_REPRESENTATION_CONTEXT() REPRESENTATION_CONTEXT('2D SPACE',''
  ) );
#12231 = PCURVE('',#11812,#12232);
#12232 = DEFINITIONAL_REPRESENTATION('',(#12233),#12237);
#12233 = LINE('',#12234,#12235);
#12234 = CARTESIAN_POINT('',(-6.28318530718,0.));
#12235 = VECTOR('',#12236,1.);
#12236 = DIRECTION('',(-0.,-1.));
#12237 = ( GEOMETRIC_REPRESENTATION_CONTEXT(2) 
PARAMETRIC_REPRESENTATION_CONTEXT() REPRESENTATION_CONTEXT('2D SPACE',''
  ) );
#12238 = ORIENTED_EDGE('',*,*,#12060,.F.);
#12239 = ORIENTED_EDGE('',*,*,#12036,.F.);
#12240 = ORIENTED_EDGE('',*,*,#12218,.F.);
#12241 = ADVANCED_FACE('',(#12242),#11843,.F.);
#12242 = FACE_BOUND('',#12243,.F.);
#12243 = EDGE_LOOP('',(#12244,#12245,#12266,#12267,#12268));
#12244 = ORIENTED_EDGE('',*,*,#11826,.T.);
#12245 = ORIENTED_EDGE('',*,*,#12246,.T.);
#12246 = EDGE_CURVE('',#11827,#12111,#12247,.T.);
#12247 = SEAM_CURVE('',#12248,(#12252,#12259),.PCURVE_S1.);
#12248 = LINE('',#12249,#12250);
#12249 = CARTESIAN_POINT('',(960.,1.00005E+03,116.15));
#12250 = VECTOR('',#12251,1.);
#12251 = DIRECTION('',(1.731912112471E-16,-0.707106781187,0.707106781187
    ));
#12252 = PCURVE('',#11843,#12253);
#12253 = DEFINITIONAL_REPRESENTATION('',(#12254),#12258);
#12254 = LINE('',#12255,#12256);
#12255 = CARTESIAN_POINT('',(0.,-0.));
#12256 = VECTOR('',#12257,1.);
#12257 = DIRECTION('',(-0.,-1.));
#12258 = ( GEOMETRIC_REPRESENTATION_CONTEXT(2) 
PARAMETRIC_REPRESENTATION_CONTEXT() REPRESENTATION_CONTEXT('2D SPACE',''
  ) );
#12259 = PCURVE('',#11843,#12260);
#12260 = DEFINITIONAL_REPRESENTATION('',(#12261),#12265);
#12261 = LINE('',#12262,#12263);
#12262 = CARTESIAN_POINT('',(-6.28318530718,0.));
#12263 = VECTOR('',#12264,1.);
#12264 = DIRECTION('',(-0.,-1.));
#12265 = ( GEOMETRIC_REPRESENTATION_CONTEXT(2) 
PARAMETRIC_REPRESENTATION_CONTEXT() REPRESENTATION_CONTEXT('2D SPACE',''
  ) );
#12266 = ORIENTED_EDGE('',*,*,#12134,.F.);
#12267 = ORIENTED_EDGE('',*,*,#12110,.F.);
#12268 = ORIENTED_EDGE('',*,*,#12246,.F.);
#12269 = ( GEOMETRIC_REPRESENTATION_CONTEXT(3) 
GLOBAL_UNCERTAINTY_ASSIGNED_CONTEXT((#12273)) 
GLOBAL_UNIT_ASSIGNED_CONTEXT((#12270,#12271,#12272)) 
REPRESENTATION_CONTEXT('Context #1',
  '3D Context with UNIT and UNCERTAINTY') );
#12270 = ( LENGTH_UNIT() NAMED_UNIT(*) SI_UNIT(.MILLI.,.METRE.) );
#12271 = ( NAMED_UNIT(*) PLANE_ANGLE_UNIT() SI_UNIT($,.RADIAN.) );
#12272 = ( NAMED_UNIT(*) SI_UNIT($,.STERADIAN.) SOLID_ANGLE_UNIT() );
#12273 = UNCERTAINTY_MEASURE_WITH_UNIT(LENGTH_MEASURE(1.E-07),#12270,
  'distance_accuracy_value','confusion accuracy');
#12274 = CONTEXT_DEPENDENT_SHAPE_REPRESENTATION(#12275,#12277);
#12275 = ( REPRESENTATION_RELATIONSHIP('','',#11266,#10) 
REPRESENTATION_RELATIONSHIP_WITH_TRANSFORMATION(#12276) 
SHAPE_REPRESENTATION_RELATIONSHIP() );
#12276 = ITEM_DEFINED_TRANSFORMATION('','',#11,#39);
#12277 = PRODUCT_DEFINITION_SHAPE('Placement','Placement of an item',
  #12278);
#12278 = NEXT_ASSEMBLY_USAGE_OCCURRENCE('7','back_1','',#5,#11261,$);
#12279 = PRODUCT_RELATED_PRODUCT_CATEGORY('part',$,(#11263));
#12280 = SHAPE_DEFINITION_REPRESENTATION(#12281,#12287);
#12281 = PRODUCT_DEFINITION_SHAPE('','',#12282);
#12282 = PRODUCT_DEFINITION('design','',#12283,#12286);
#12283 = PRODUCT_DEFINITION_FORMATION('','',#12284);
#12284 = PRODUCT('back_2','back_2','',(#12285));
#12285 = PRODUCT_CONTEXT('',#2,'mechanical');
#12286 = PRODUCT_DEFINITION_CONTEXT('part definition',#2,'design');
#12287 = ADVANCED_BREP_SHAPE_REPRESENTATION('',(#11,#12288),#13290);
#12288 = MANIFOLD_SOLID_BREP('',#12289);
#12289 = CLOSED_SHELL('',(#12290,#12410,#12486,#12675,#12724,#12875,
    #12882,#12956,#13030,#13104,#13178,#13206,#13234,#13262));
#12290 = ADVANCED_FACE('',(#12291),#12305,.F.);
#12291 = FACE_BOUND('',#12292,.F.);
#12292 = EDGE_LOOP('',(#12293,#12328,#12356,#12384));
#12293 = ORIENTED_EDGE('',*,*,#12294,.F.);
#12294 = EDGE_CURVE('',#12295,#12297,#12299,.T.);
#12295 = VERTEX_POINT('',#12296);
#12296 = CARTESIAN_POINT('',(0.,1.E+03,145.));
#12297 = VERTEX_POINT('',#12298);
#12298 = CARTESIAN_POINT('',(0.,980.,145.));
#12299 = SURFACE_CURVE('',#12300,(#12304,#12316),.PCURVE_S1.);
#12300 = LINE('',#12301,#12302);
#12301 = CARTESIAN_POINT('',(0.,1.E+03,145.));
#12302 = VECTOR('',#12303,1.);
#12303 = DIRECTION('',(0.,-1.,0.));
#12304 = PCURVE('',#12305,#12310);
#12305 = PLANE('',#12306);
#12306 = AXIS2_PLACEMENT_3D('',#12307,#12308,#12309);
#12307 = CARTESIAN_POINT('',(0.,1.E+03,145.));
#12308 = DIRECTION('',(1.,0.,0.));
#12309 = DIRECTION('',(0.,-1.,0.));
#12310 = DEFINITIONAL_REPRESENTATION('',(#12311),#12315);
#12311 = LINE('',#12312,#12313);
#12312 = CARTESIAN_POINT('',(0.,0.));
#12313 = VECTOR('',#12314,1.);
#12314 = DIRECTION('',(1.,0.));
#12315 = ( GEOMETRIC_REPRESENTATION_CONTEXT(2) 
PARAMETRIC_REPRESENTATION_CONTEXT() REPRESENTATION_CONTEXT('2D SPACE',''
  ) );
#12316 = PCURVE('',#12317,#12322);
#12317 = PLANE('',#12318);
#12318 = AXIS2_PLACEMENT_3D('',#12319,#12320,#12321);
#12319 = CARTESIAN_POINT('',(0.,1.E+03,145.));
#12320 = DIRECTION('',(0.,0.,1.));
#12321 = DIRECTION('',(0.,-1.,0.));
#12322 = DEFINITIONAL_REPRESENTATION('',(#12323),#12327);
#12323 = LINE('',#12324,#12325);
#12324 = CARTESIAN_POINT('',(0.,0.));
#12325 = VECTOR('',#12326,1.);
#12326 = DIRECTION('',(1.,0.));
#12327 = ( GEOMETRIC_REPRESENTATION_CONTEXT(2) 
PARAMETRIC_REPRESENTATION_CONTEXT() REPRESENTATION_CONTEXT('2D SPACE',''
  ) );
#12328 = ORIENTED_EDGE('',*,*,#12329,.T.);
#12329 = EDGE_CURVE('',#12295,#12330,#12332,.T.);
#12330 = VERTEX_POINT('',#12331);
#12331 = CARTESIAN_POINT('',(0.,1.E+03,290.));
#12332 = SURFACE_CURVE('',#12333,(#12337,#12344),.PCURVE_S1.);
#12333 = LINE('',#12334,#12335);
#12334 = CARTESIAN_POINT('',(0.,1.E+03,145.));
#12335 = VECTOR('',#12336,1.);
#12336 = DIRECTION('',(0.,0.,1.));
#12337 = PCURVE('',#12305,#12338);
#12338 = DEFINITIONAL_REPRESENTATION('',(#12339),#12343);
#12339 = LINE('',#12340,#12341);
#12340 = CARTESIAN_POINT('',(0.,0.));
#12341 = VECTOR('',#12342,1.);
#12342 = DIRECTION('',(0.,-1.));
#12343 = ( GEOMETRIC_REPRESENTATION_CONTEXT(2) 
PARAMETRIC_REPRESENTATION_CONTEXT() REPRESENTATION_CONTEXT('2D SPACE',''
  ) );
#12344 = PCURVE('',#12345,#12350);
#12345 = PLANE('',#12346);
#12346 = AXIS2_PLACEMENT_3D('',#12347,#12348,#12349);
#12347 = CARTESIAN_POINT('',(0.,1.E+03,145.));
#12348 = DIRECTION('',(0.,-1.,0.));
#12349 = DIRECTION('',(1.,0.,0.));
#12350 = DEFINITIONAL_REPRESENTATION('',(#12351),#12355);
#12351 = LINE('',#12352,#12353);
#12352 = CARTESIAN_POINT('',(0.,0.));
#12353 = VECTOR('',#12354,1.);
#12354 = DIRECTION('',(0.,1.));
#12355 = ( GEOMETRIC_REPRESENTATION_CONTEXT(2) 
PARAMETRIC_REPRESENTATION_CONTEXT() REPRESENTATION_CONTEXT('2D SPACE',''
  ) );
#12356 = ORIENTED_EDGE('',*,*,#12357,.T.);
#12357 = EDGE_CURVE('',#12330,#12358,#12360,.T.);
#12358 = VERTEX_POINT('',#12359);
#12359 = CARTESIAN_POINT('',(0.,980.,290.));
#12360 = SURFACE_CURVE('',#12361,(#12365,#12372),.PCURVE_S1.);
#12361 = LINE('',#12362,#12363);
#12362 = CARTESIAN_POINT('',(0.,1.E+03,290.));
#12363 = VECTOR('',#12364,1.);
#12364 = DIRECTION('',(0.,-1.,0.));
#12365 = PCURVE('',#12305,#12366);
#12366 = DEFINITIONAL_REPRESENTATION('',(#12367),#12371);
#12367 = LINE('',#12368,#12369);
#12368 = CARTESIAN_POINT('',(0.,-145.));
#12369 = VECTOR('',#12370,1.);
#12370 = DIRECTION('',(1.,0.));
#12371 = ( GEOMETRIC_REPRESENTATION_CONTEXT(2) 
PARAMETRIC_REPRESENTATION_CONTEXT() REPRESENTATION_CONTEXT('2D SPACE',''
  ) );
#12372 = PCURVE('',#12373,#12378);
#12373 = PLANE('',#12374);
#12374 = AXIS2_PLACEMENT_3D('',#12375,#12376,#12377);
#12375 = CARTESIAN_POINT('',(0.,1.E+03,290.));
#12376 = DIRECTION('',(0.,0.,1.));
#12377 = DIRECTION('',(0.,-1.,0.));
#12378 = DEFINITIONAL_REPRESENTATION('',(#12379),#12383);
#12379 = LINE('',#12380,#12381);
#12380 = CARTESIAN_POINT('',(0.,0.));
#12381 = VECTOR('',#12382,1.);
#12382 = DIRECTION('',(1.,0.));
#12383 = ( GEOMETRIC_REPRESENTATION_CONTEXT(2) 
PARAMETRIC_REPRESENTATION_CONTEXT() REPRESENTATION_CONTEXT('2D SPACE',''
  ) );
#12384 = ORIENTED_EDGE('',*,*,#12385,.F.);
#12385 = EDGE_CURVE('',#12297,#12358,#12386,.T.);
#12386 = SURFACE_CURVE('',#12387,(#12391,#12398),.PCURVE_S1.);
#12387 = LINE('',#12388,#12389);
#12388 = CARTESIAN_POINT('',(0.,980.,145.));
#12389 = VECTOR('',#12390,1.);
#12390 = DIRECTION('',(0.,0.,1.));
#12391 = PCURVE('',#12305,#12392);
#12392 = DEFINITIONAL_REPRESENTATION('',(#12393),#12397);
#12393 = LINE('',#12394,#12395);
#12394 = CARTESIAN_POINT('',(20.,0.));
#12395 = VECTOR('',#12396,1.);
#12396 = DIRECTION('',(0.,-1.));
#12397 = ( GEOMETRIC_REPRESENTATION_CONTEXT(2) 
PARAMETRIC_REPRESENTATION_CONTEXT() REPRESENTATION_CONTEXT('2D SPACE',''
  ) );
#12398 = PCURVE('',#12399,#12404);
#12399 = PLANE('',#12400);
#12400 = AXIS2_PLACEMENT_3D('',#12401,#12402,#12403);
#12401 = CARTESIAN_POINT('',(0.,980.,145.));
#12402 = DIRECTION('',(0.,-1.,0.));
#12403 = DIRECTION('',(1.,0.,0.));
#12404 = DEFINITIONAL_REPRESENTATION('',(#12405),#12409);
#12405 = LINE('',#12406,#12407);
#12406 = CARTESIAN_POINT('',(0.,0.));
#12407 = VECTOR('',#12408,1.);
#12408 = DIRECTION('',(0.,1.));
#12409 = ( GEOMETRIC_REPRESENTATION_CONTEXT(2) 
PARAMETRIC_REPRESENTATION_CONTEXT() REPRESENTATION_CONTEXT('2D SPACE',''
  ) );
#12410 = ADVANCED_FACE('',(#12411),#12317,.F.);
#12411 = FACE_BOUND('',#12412,.F.);
#12412 = EDGE_LOOP('',(#12413,#12436,#12437,#12460));
#12413 = ORIENTED_EDGE('',*,*,#12414,.F.);
#12414 = EDGE_CURVE('',#12295,#12415,#12417,.T.);
#12415 = VERTEX_POINT('',#12416);
#12416 = CARTESIAN_POINT('',(1.E+03,1.E+03,145.));
#12417 = SURFACE_CURVE('',#12418,(#12422,#12429),.PCURVE_S1.);
#12418 = LINE('',#12419,#12420);
#12419 = CARTESIAN_POINT('',(0.,1.E+03,145.));
#12420 = VECTOR('',#12421,1.);
#12421 = DIRECTION('',(1.,0.,0.));
#12422 = PCURVE('',#12317,#12423);
#12423 = DEFINITIONAL_REPRESENTATION('',(#12424),#12428);
#12424 = LINE('',#12425,#12426);
#12425 = CARTESIAN_POINT('',(0.,0.));
#12426 = VECTOR('',#12427,1.);
#12427 = DIRECTION('',(0.,1.));
#12428 = ( GEOMETRIC_REPRESENTATION_CONTEXT(2) 
PARAMETRIC_REPRESENTATION_CONTEXT() REPRESENTATION_CONTEXT('2D SPACE',''
  ) );
#12429 = PCURVE('',#12345,#12430);
#12430 = DEFINITIONAL_REPRESENTATION('',(#12431),#12435);
#12431 = LINE('',#12432,#12433);
#12432 = CARTESIAN_POINT('',(0.,0.));
#12433 = VECTOR('',#12434,1.);
#12434 = DIRECTION('',(1.,0.));
#12435 = ( GEOMETRIC_REPRESENTATION_CONTEXT(2) 
PARAMETRIC_REPRESENTATION_CONTEXT() REPRESENTATION_CONTEXT('2D SPACE',''
  ) );
#12436 = ORIENTED_EDGE('',*,*,#12294,.T.);
#12437 = ORIENTED_EDGE('',*,*,#12438,.T.);
#12438 = EDGE_CURVE('',#12297,#12439,#12441,.T.);
#12439 = VERTEX_POINT('',#12440);
#12440 = CARTESIAN_POINT('',(1.E+03,980.,145.));
#12441 = SURFACE_CURVE('',#12442,(#12446,#12453),.PCURVE_S1.);
#12442 = LINE('',#12443,#12444);
#12443 = CARTESIAN_POINT('',(0.,980.,145.));
#12444 = VECTOR('',#12445,1.);
#12445 = DIRECTION('',(1.,0.,0.));
#12446 = PCURVE('',#12317,#12447);
#12447 = DEFINITIONAL_REPRESENTATION('',(#12448),#12452);
#12448 = LINE('',#12449,#12450);
#12449 = CARTESIAN_POINT('',(20.,0.));
#12450 = VECTOR('',#12451,1.);
#12451 = DIRECTION('',(0.,1.));
#12452 = ( GEOMETRIC_REPRESENTATION_CONTEXT(2) 
PARAMETRIC_REPRESENTATION_CONTEXT() REPRESENTATION_CONTEXT('2D SPACE',''
  ) );
#12453 = PCURVE('',#12399,#12454);
#12454 = DEFINITIONAL_REPRESENTATION('',(#12455),#12459);
#12455 = LINE('',#12456,#12457);
#12456 = CARTESIAN_POINT('',(0.,0.));
#12457 = VECTOR('',#12458,1.);
#12458 = DIRECTION('',(1.,0.));
#12459 = ( GEOMETRIC_REPRESENTATION_CONTEXT(2) 
PARAMETRIC_REPRESENTATION_CONTEXT() REPRESENTATION_CONTEXT('2D SPACE',''
  ) );
#12460 = ORIENTED_EDGE('',*,*,#12461,.F.);
#12461 = EDGE_CURVE('',#12415,#12439,#12462,.T.);
#12462 = SURFACE_CURVE('',#12463,(#12467,#12474),.PCURVE_S1.);
#12463 = LINE('',#12464,#12465);
#12464 = CARTESIAN_POINT('',(1.E+03,1.E+03,145.));
#12465 = VECTOR('',#12466,1.);
#12466 = DIRECTION('',(0.,-1.,0.));
#12467 = PCURVE('',#12317,#12468);
#12468 = DEFINITIONAL_REPRESENTATION('',(#12469),#12473);
#12469 = LINE('',#12470,#12471);
#12470 = CARTESIAN_POINT('',(0.,1.E+03));
#12471 = VECTOR('',#12472,1.);
#12472 = DIRECTION('',(1.,0.));
#12473 = ( GEOMETRIC_REPRESENTATION_CONTEXT(2) 
PARAMETRIC_REPRESENTATION_CONTEXT() REPRESENTATION_CONTEXT('2D SPACE',''
  ) );
#12474 = PCURVE('',#12475,#12480);
#12475 = PLANE('',#12476);
#12476 = AXIS2_PLACEMENT_3D('',#12477,#12478,#12479);
#12477 = CARTESIAN_POINT('',(1.E+03,1.E+03,145.));
#12478 = DIRECTION('',(1.,0.,0.));
#12479 = DIRECTION('',(0.,-1.,0.));
#12480 = DEFINITIONAL_REPRESENTATION('',(#12481),#12485);
#12481 = LINE('',#12482,#12483);
#12482 = CARTESIAN_POINT('',(0.,0.));
#12483 = VECTOR('',#12484,1.);
#12484 = DIRECTION('',(1.,0.));
#12485 = ( GEOMETRIC_REPRESENTATION_CONTEXT(2) 
PARAMETRIC_REPRESENTATION_CONTEXT() REPRESENTATION_CONTEXT('2D SPACE',''
  ) );
#12486 = ADVANCED_FACE('',(#12487,#12535,#12570,#12605,#12640),#12399,
  .T.);
#12487 = FACE_BOUND('',#12488,.T.);
#12488 = EDGE_LOOP('',(#12489,#12490,#12491,#12514));
#12489 = ORIENTED_EDGE('',*,*,#12385,.F.);
#12490 = ORIENTED_EDGE('',*,*,#12438,.T.);
#12491 = ORIENTED_EDGE('',*,*,#12492,.T.);
#12492 = EDGE_CURVE('',#12439,#12493,#12495,.T.);
#12493 = VERTEX_POINT('',#12494);
#12494 = CARTESIAN_POINT('',(1.E+03,980.,290.));
#12495 = SURFACE_CURVE('',#12496,(#12500,#12507),.PCURVE_S1.);
#12496 = LINE('',#12497,#12498);
#12497 = CARTESIAN_POINT('',(1.E+03,980.,145.));
#12498 = VECTOR('',#12499,1.);
#12499 = DIRECTION('',(0.,0.,1.));
#12500 = PCURVE('',#12399,#12501);
#12501 = DEFINITIONAL_REPRESENTATION('',(#12502),#12506);
#12502 = LINE('',#12503,#12504);
#12503 = CARTESIAN_POINT('',(1.E+03,0.));
#12504 = VECTOR('',#12505,1.);
#12505 = DIRECTION('',(0.,1.));
#12506 = ( GEOMETRIC_REPRESENTATION_CONTEXT(2) 
PARAMETRIC_REPRESENTATION_CONTEXT() REPRESENTATION_CONTEXT('2D SPACE',''
  ) );
#12507 = PCURVE('',#12475,#12508);
#12508 = DEFINITIONAL_REPRESENTATION('',(#12509),#12513);
#12509 = LINE('',#12510,#12511);
#12510 = CARTESIAN_POINT('',(20.,0.));
#12511 = VECTOR('',#12512,1.);
#12512 = DIRECTION('',(0.,-1.));
#12513 = ( GEOMETRIC_REPRESENTATION_CONTEXT(2) 
PARAMETRIC_REPRESENTATION_CONTEXT() REPRESENTATION_CONTEXT('2D SPACE',''
  ) );
#12514 = ORIENTED_EDGE('',*,*,#12515,.F.);
#12515 = EDGE_CURVE('',#12358,#12493,#12516,.T.);
#12516 = SURFACE_CURVE('',#12517,(#12521,#12528),.PCURVE_S1.);
#12517 = LINE('',#12518,#12519);
#12518 = CARTESIAN_POINT('',(0.,980.,290.));
#12519 = VECTOR('',#12520,1.);
#12520 = DIRECTION('',(1.,0.,0.));
#12521 = PCURVE('',#12399,#12522);
#12522 = DEFINITIONAL_REPRESENTATION('',(#12523),#12527);
#12523 = LINE('',#12524,#12525);
#12524 = CARTESIAN_POINT('',(0.,145.));
#12525 = VECTOR('',#12526,1.);
#12526 = DIRECTION('',(1.,0.));
#12527 = ( GEOMETRIC_REPRESENTATION_CONTEXT(2) 
PARAMETRIC_REPRESENTATION_CONTEXT() REPRESENTATION_CONTEXT('2D SPACE',''
  ) );
#12528 = PCURVE('',#12373,#12529);
#12529 = DEFINITIONAL_REPRESENTATION('',(#12530),#12534);
#12530 = LINE('',#12531,#12532);
#12531 = CARTESIAN_POINT('',(20.,0.));
#12532 = VECTOR('',#12533,1.);
#12533 = DIRECTION('',(0.,1.));
#12534 = ( GEOMETRIC_REPRESENTATION_CONTEXT(2) 
PARAMETRIC_REPRESENTATION_CONTEXT() REPRESENTATION_CONTEXT('2D SPACE',''
  ) );
#12535 = FACE_BOUND('',#12536,.T.);
#12536 = EDGE_LOOP('',(#12537));
#12537 = ORIENTED_EDGE('',*,*,#12538,.T.);
#12538 = EDGE_CURVE('',#12539,#12539,#12541,.T.);
#12539 = VERTEX_POINT('',#12540);
#12540 = CARTESIAN_POINT('',(40.,980.,171.25));
#12541 = SURFACE_CURVE('',#12542,(#12547,#12558),.PCURVE_S1.);
#12542 = CIRCLE('',#12543,1.25);
#12543 = AXIS2_PLACEMENT_3D('',#12544,#12545,#12546);
#12544 = CARTESIAN_POINT('',(40.,980.,170.));
#12545 = DIRECTION('',(-0.,1.,0.));
#12546 = DIRECTION('',(0.,0.,1.));
#12547 = PCURVE('',#12399,#12548);
#12548 = DEFINITIONAL_REPRESENTATION('',(#12549),#12557);
#12549 = ( BOUNDED_CURVE() B_SPLINE_CURVE(2,(#12550,#12551,#12552,#12553
    ,#12554,#12555,#12556),.UNSPECIFIED.,.T.,.F.) 
B_SPLINE_CURVE_WITH_KNOTS((1,2,2,2,2,1),(-2.094395102393,0.,
    2.094395102393,4.188790204786,6.28318530718,8.377580409573),
.UNSPECIFIED.) CURVE() GEOMETRIC_REPRESENTATION_ITEM() 
RATIONAL_B_SPLINE_CURVE((1.,0.5,1.,0.5,1.,0.5,1.)) REPRESENTATION_ITEM(
  '') );
#12550 = CARTESIAN_POINT('',(40.,26.25));
#12551 = CARTESIAN_POINT('',(42.165063509461,26.25));
#12552 = CARTESIAN_POINT('',(41.082531754731,24.375));
#12553 = CARTESIAN_POINT('',(40.,22.5));
#12554 = CARTESIAN_POINT('',(38.917468245269,24.375));
#12555 = CARTESIAN_POINT('',(37.834936490539,26.25));
#12556 = CARTESIAN_POINT('',(40.,26.25));
#12557 = ( GEOMETRIC_REPRESENTATION_CONTEXT(2) 
PARAMETRIC_REPRESENTATION_CONTEXT() REPRESENTATION_CONTEXT('2D SPACE',''
  ) );
#12558 = PCURVE('',#12559,#12564);
#12559 = CYLINDRICAL_SURFACE('',#12560,1.25);
#12560 = AXIS2_PLACEMENT_3D('',#12561,#12562,#12563);
#12561 = CARTESIAN_POINT('',(40.,1.00005E+03,170.));
#12562 = DIRECTION('',(-0.,1.,-0.));
#12563 = DIRECTION('',(0.,0.,1.));
#12564 = DEFINITIONAL_REPRESENTATION('',(#12565),#12569);
#12565 = LINE('',#12566,#12567);
#12566 = CARTESIAN_POINT('',(-6.28318530718,-20.05));
#12567 = VECTOR('',#12568,1.);
#12568 = DIRECTION('',(1.,-0.));
#12569 = ( GEOMETRIC_REPRESENTATION_CONTEXT(2) 
PARAMETRIC_REPRESENTATION_CONTEXT() REPRESENTATION_CONTEXT('2D SPACE',''
  ) );
#12570 = FACE_BOUND('',#12571,.T.);
#12571 = EDGE_LOOP('',(#12572));
#12572 = ORIENTED_EDGE('',*,*,#12573,.T.);
#12573 = EDGE_CURVE('',#12574,#12574,#12576,.T.);
#12574 = VERTEX_POINT('',#12575);
#12575 = CARTESIAN_POINT('',(960.,980.,171.25));
#12576 = SURFACE_CURVE('',#12577,(#12582,#12593),.PCURVE_S1.);
#12577 = CIRCLE('',#12578,1.25);
#12578 = AXIS2_PLACEMENT_3D('',#12579,#12580,#12581);
#12579 = CARTESIAN_POINT('',(960.,980.,170.));
#12580 = DIRECTION('',(-0.,1.,0.));
#12581 = DIRECTION('',(0.,0.,1.));
#12582 = PCURVE('',#12399,#12583);
#12583 = DEFINITIONAL_REPRESENTATION('',(#12584),#12592);
#12584 = ( BOUNDED_CURVE() B_SPLINE_CURVE(2,(#12585,#12586,#12587,#12588
    ,#12589,#12590,#12591),.UNSPECIFIED.,.T.,.F.) 
B_SPLINE_CURVE_WITH_KNOTS((1,2,2,2,2,1),(-2.094395102393,0.,
    2.094395102393,4.188790204786,6.28318530718,8.377580409573),
.UNSPECIFIED.) CURVE() GEOMETRIC_REPRESENTATION_ITEM() 
RATIONAL_B_SPLINE_CURVE((1.,0.5,1.,0.5,1.,0.5,1.)) REPRESENTATION_ITEM(
  '') );
#12585 = CARTESIAN_POINT('',(960.,26.25));
#12586 = CARTESIAN_POINT('',(962.16506350946,26.25));
#12587 = CARTESIAN_POINT('',(961.08253175473,24.375));
#12588 = CARTESIAN_POINT('',(960.,22.5));
#12589 = CARTESIAN_POINT('',(958.91746824526,24.375));
#12590 = CARTESIAN_POINT('',(957.83493649053,26.25));
#12591 = CARTESIAN_POINT('',(960.,26.25));
#12592 = ( GEOMETRIC_REPRESENTATION_CONTEXT(2) 
PARAMETRIC_REPRESENTATION_CONTEXT() REPRESENTATION_CONTEXT('2D SPACE',''
  ) );
#12593 = PCURVE('',#12594,#12599);
#12594 = CYLINDRICAL_SURFACE('',#12595,1.25);
#12595 = AXIS2_PLACEMENT_3D('',#12596,#12597,#12598);
#12596 = CARTESIAN_POINT('',(960.,1.00005E+03,170.));
#12597 = DIRECTION('',(-0.,1.,-0.));
#12598 = DIRECTION('',(0.,0.,1.));
#12599 = DEFINITIONAL_REPRESENTATION('',(#12600),#12604);
#12600 = LINE('',#12601,#12602);
#12601 = CARTESIAN_POINT('',(-6.28318530718,-20.05));
#12602 = VECTOR('',#12603,1.);
#12603 = DIRECTION('',(1.,-0.));
#12604 = ( GEOMETRIC_REPRESENTATION_CONTEXT(2) 
PARAMETRIC_REPRESENTATION_CONTEXT() REPRESENTATION_CONTEXT('2D SPACE',''
  ) );
#12605 = FACE_BOUND('',#12606,.T.);
#12606 = EDGE_LOOP('',(#12607));
#12607 = ORIENTED_EDGE('',*,*,#12608,.T.);
#12608 = EDGE_CURVE('',#12609,#12609,#12611,.T.);
#12609 = VERTEX_POINT('',#12610);
#12610 = CARTESIAN_POINT('',(40.,980.,266.25));
#12611 = SURFACE_CURVE('',#12612,(#12617,#12628),.PCURVE_S1.);
#12612 = CIRCLE('',#12613,1.25);
#12613 = AXIS2_PLACEMENT_3D('',#12614,#12615,#12616);
#12614 = CARTESIAN_POINT('',(40.,980.,265.));
#12615 = DIRECTION('',(-0.,1.,0.));
#12616 = DIRECTION('',(0.,0.,1.));
#12617 = PCURVE('',#12399,#12618);
#12618 = DEFINITIONAL_REPRESENTATION('',(#12619),#12627);
#12619 = ( BOUNDED_CURVE() B_SPLINE_CURVE(2,(#12620,#12621,#12622,#12623
    ,#12624,#12625,#12626),.UNSPECIFIED.,.T.,.F.) 
B_SPLINE_CURVE_WITH_KNOTS((1,2,2,2,2,1),(-2.094395102393,0.,
    2.094395102393,4.188790204786,6.28318530718,8.377580409573),
.UNSPECIFIED.) CURVE() GEOMETRIC_REPRESENTATION_ITEM() 
RATIONAL_B_SPLINE_CURVE((1.,0.5,1.,0.5,1.,0.5,1.)) REPRESENTATION_ITEM(
  '') );
#12620 = CARTESIAN_POINT('',(40.,121.25));
#12621 = CARTESIAN_POINT('',(42.165063509461,121.25));
#12622 = CARTESIAN_POINT('',(41.082531754731,119.375));
#12623 = CARTESIAN_POINT('',(40.,117.5));
#12624 = CARTESIAN_POINT('',(38.917468245269,119.375));
#12625 = CARTESIAN_POINT('',(37.834936490539,121.25));
#12626 = CARTESIAN_POINT('',(40.,121.25));
#12627 = ( GEOMETRIC_REPRESENTATION_CONTEXT(2) 
PARAMETRIC_REPRESENTATION_CONTEXT() REPRESENTATION_CONTEXT('2D SPACE',''
  ) );
#12628 = PCURVE('',#12629,#12634);
#12629 = CYLINDRICAL_SURFACE('',#12630,1.25);
#12630 = AXIS2_PLACEMENT_3D('',#12631,#12632,#12633);
#12631 = CARTESIAN_POINT('',(40.,1.00005E+03,265.));
#12632 = DIRECTION('',(-0.,1.,-0.));
#12633 = DIRECTION('',(0.,0.,1.));
#12634 = DEFINITIONAL_REPRESENTATION('',(#12635),#12639);
#12635 = LINE('',#12636,#12637);
#12636 = CARTESIAN_POINT('',(-6.28318530718,-20.05));
#12637 = VECTOR('',#12638,1.);
#12638 = DIRECTION('',(1.,-0.));
#12639 = ( GEOMETRIC_REPRESENTATION_CONTEXT(2) 
PARAMETRIC_REPRESENTATION_CONTEXT() REPRESENTATION_CONTEXT('2D SPACE',''
  ) );
#12640 = FACE_BOUND('',#12641,.T.);
#12641 = EDGE_LOOP('',(#12642));
#12642 = ORIENTED_EDGE('',*,*,#12643,.T.);
#12643 = EDGE_CURVE('',#12644,#12644,#12646,.T.);
#12644 = VERTEX_POINT('',#12645);
#12645 = CARTESIAN_POINT('',(960.,980.,266.25));
#12646 = SURFACE_CURVE('',#12647,(#12652,#12663),.PCURVE_S1.);
#12647 = CIRCLE('',#12648,1.25);
#12648 = AXIS2_PLACEMENT_3D('',#12649,#12650,#12651);
#12649 = CARTESIAN_POINT('',(960.,980.,265.));
#12650 = DIRECTION('',(-0.,1.,0.));
#12651 = DIRECTION('',(0.,0.,1.));
#12652 = PCURVE('',#12399,#12653);
#12653 = DEFINITIONAL_REPRESENTATION('',(#12654),#12662);
#12654 = ( BOUNDED_CURVE() B_SPLINE_CURVE(2,(#12655,#12656,#12657,#12658
    ,#12659,#12660,#12661),.UNSPECIFIED.,.T.,.F.) 
B_SPLINE_CURVE_WITH_KNOTS((1,2,2,2,2,1),(-2.094395102393,0.,
    2.094395102393,4.188790204786,6.28318530718,8.377580409573),
.UNSPECIFIED.) CURVE() GEOMETRIC_REPRESENTATION_ITEM() 
RATIONAL_B_SPLINE_CURVE((1.,0.5,1.,0.5,1.,0.5,1.)) REPRESENTATION_ITEM(
  '') );
#12655 = CARTESIAN_POINT('',(960.,121.25));
#12656 = CARTESIAN_POINT('',(962.16506350946,121.25));
#12657 = CARTESIAN_POINT('',(961.08253175473,119.375));
#12658 = CARTESIAN_POINT('',(960.,117.5));
#12659 = CARTESIAN_POINT('',(958.91746824526,119.375));
#12660 = CARTESIAN_POINT('',(957.83493649053,121.25));
#12661 = CARTESIAN_POINT('',(960.,121.25));
#12662 = ( GEOMETRIC_REPRESENTATION_CONTEXT(2) 
PARAMETRIC_REPRESENTATION_CONTEXT() REPRESENTATION_CONTEXT('2D SPACE',''
  ) );
#12663 = PCURVE('',#12664,#12669);
#12664 = CYLINDRICAL_SURFACE('',#12665,1.25);
#12665 = AXIS2_PLACEMENT_3D('',#12666,#12667,#12668);
#12666 = CARTESIAN_POINT('',(960.,1.00005E+03,265.));
#12667 = DIRECTION('',(-0.,1.,-0.));
#12668 = DIRECTION('',(0.,0.,1.));
#12669 = DEFINITIONAL_REPRESENTATION('',(#12670),#12674);
#12670 = LINE('',#12671,#12672);
#12671 = CARTESIAN_POINT('',(-6.28318530718,-20.05));
#12672 = VECTOR('',#12673,1.);
#12673 = DIRECTION('',(1.,-0.));
#12674 = ( GEOMETRIC_REPRESENTATION_CONTEXT(2) 
PARAMETRIC_REPRESENTATION_CONTEXT() REPRESENTATION_CONTEXT('2D SPACE',''
  ) );
#12675 = ADVANCED_FACE('',(#12676),#12373,.T.);
#12676 = FACE_BOUND('',#12677,.T.);
#12677 = EDGE_LOOP('',(#12678,#12701,#12702,#12703));
#12678 = ORIENTED_EDGE('',*,*,#12679,.F.);
#12679 = EDGE_CURVE('',#12330,#12680,#12682,.T.);
#12680 = VERTEX_POINT('',#12681);
#12681 = CARTESIAN_POINT('',(1.E+03,1.E+03,290.));
#12682 = SURFACE_CURVE('',#12683,(#12687,#12694),.PCURVE_S1.);
#12683 = LINE('',#12684,#12685);
#12684 = CARTESIAN_POINT('',(0.,1.E+03,290.));
#12685 = VECTOR('',#12686,1.);
#12686 = DIRECTION('',(1.,0.,0.));
#12687 = PCURVE('',#12373,#12688);
#12688 = DEFINITIONAL_REPRESENTATION('',(#12689),#12693);
#12689 = LINE('',#12690,#12691);
#12690 = CARTESIAN_POINT('',(0.,0.));
#12691 = VECTOR('',#12692,1.);
#12692 = DIRECTION('',(0.,1.));
#12693 = ( GEOMETRIC_REPRESENTATION_CONTEXT(2) 
PARAMETRIC_REPRESENTATION_CONTEXT() REPRESENTATION_CONTEXT('2D SPACE',''
  ) );
#12694 = PCURVE('',#12345,#12695);
#12695 = DEFINITIONAL_REPRESENTATION('',(#12696),#12700);
#12696 = LINE('',#12697,#12698);
#12697 = CARTESIAN_POINT('',(0.,145.));
#12698 = VECTOR('',#12699,1.);
#12699 = DIRECTION('',(1.,0.));
#12700 = ( GEOMETRIC_REPRESENTATION_CONTEXT(2) 
PARAMETRIC_REPRESENTATION_CONTEXT() REPRESENTATION_CONTEXT('2D SPACE',''
  ) );
#12701 = ORIENTED_EDGE('',*,*,#12357,.T.);
#12702 = ORIENTED_EDGE('',*,*,#12515,.T.);
#12703 = ORIENTED_EDGE('',*,*,#12704,.F.);
#12704 = EDGE_CURVE('',#12680,#12493,#12705,.T.);
#12705 = SURFACE_CURVE('',#12706,(#12710,#12717),.PCURVE_S1.);
#12706 = LINE('',#12707,#12708);
#12707 = CARTESIAN_POINT('',(1.E+03,1.E+03,290.));
#12708 = VECTOR('',#12709,1.);
#12709 = DIRECTION('',(0.,-1.,0.));
#12710 = PCURVE('',#12373,#12711);
#12711 = DEFINITIONAL_REPRESENTATION('',(#12712),#12716);
#12712 = LINE('',#12713,#12714);
#12713 = CARTESIAN_POINT('',(0.,1.E+03));
#12714 = VECTOR('',#12715,1.);
#12715 = DIRECTION('',(1.,0.));
#12716 = ( GEOMETRIC_REPRESENTATION_CONTEXT(2) 
PARAMETRIC_REPRESENTATION_CONTEXT() REPRESENTATION_CONTEXT('2D SPACE',''
  ) );
#12717 = PCURVE('',#12475,#12718);
#12718 = DEFINITIONAL_REPRESENTATION('',(#12719),#12723);
#12719 = LINE('',#12720,#12721);
#12720 = CARTESIAN_POINT('',(0.,-145.));
#12721 = VECTOR('',#12722,1.);
#12722 = DIRECTION('',(1.,0.));
#12723 = ( GEOMETRIC_REPRESENTATION_CONTEXT(2) 
PARAMETRIC_REPRESENTATION_CONTEXT() REPRESENTATION_CONTEXT('2D SPACE',''
  ) );
#12724 = ADVANCED_FACE('',(#12725,#12751,#12782,#12813,#12844),#12345,
  .F.);
#12725 = FACE_BOUND('',#12726,.F.);
#12726 = EDGE_LOOP('',(#12727,#12728,#12729,#12750));
#12727 = ORIENTED_EDGE('',*,*,#12329,.F.);
#12728 = ORIENTED_EDGE('',*,*,#12414,.T.);
#12729 = ORIENTED_EDGE('',*,*,#12730,.T.);
#12730 = EDGE_CURVE('',#12415,#12680,#12731,.T.);
#12731 = SURFACE_CURVE('',#12732,(#12736,#12743),.PCURVE_S1.);
#12732 = LINE('',#12733,#12734);
#12733 = CARTESIAN_POINT('',(1.E+03,1.E+03,145.));
#12734 = VECTOR('',#12735,1.);
#12735 = DIRECTION('',(0.,0.,1.));
#12736 = PCURVE('',#12345,#12737);
#12737 = DEFINITIONAL_REPRESENTATION('',(#12738),#12742);
#12738 = LINE('',#12739,#12740);
#12739 = CARTESIAN_POINT('',(1.E+03,0.));
#12740 = VECTOR('',#12741,1.);
#12741 = DIRECTION('',(0.,1.));
#12742 = ( GEOMETRIC_REPRESENTATION_CONTEXT(2) 
PARAMETRIC_REPRESENTATION_CONTEXT() REPRESENTATION_CONTEXT('2D SPACE',''
  ) );
#12743 = PCURVE('',#12475,#12744);
#12744 = DEFINITIONAL_REPRESENTATION('',(#12745),#12749);
#12745 = LINE('',#12746,#12747);
#12746 = CARTESIAN_POINT('',(0.,0.));
#12747 = VECTOR('',#12748,1.);
#12748 = DIRECTION('',(0.,-1.));
#12749 = ( GEOMETRIC_REPRESENTATION_CONTEXT(2) 
PARAMETRIC_REPRESENTATION_CONTEXT() REPRESENTATION_CONTEXT('2D SPACE',''
  ) );
#12750 = ORIENTED_EDGE('',*,*,#12679,.F.);
#12751 = FACE_BOUND('',#12752,.F.);
#12752 = EDGE_LOOP('',(#12753));
#12753 = ORIENTED_EDGE('',*,*,#12754,.F.);
#12754 = EDGE_CURVE('',#12755,#12755,#12757,.T.);
#12755 = VERTEX_POINT('',#12756);
#12756 = CARTESIAN_POINT('',(40.,1.E+03,166.2));
#12757 = SURFACE_CURVE('',#12758,(#12763,#12770),.PCURVE_S1.);
#12758 = CIRCLE('',#12759,3.8);
#12759 = AXIS2_PLACEMENT_3D('',#12760,#12761,#12762);
#12760 = CARTESIAN_POINT('',(40.,1.E+03,170.));
#12761 = DIRECTION('',(0.,-1.,0.));
#12762 = DIRECTION('',(0.,-0.,-1.));
#12763 = PCURVE('',#12345,#12764);
#12764 = DEFINITIONAL_REPRESENTATION('',(#12765),#12769);
#12765 = CIRCLE('',#12766,3.8);
#12766 = AXIS2_PLACEMENT_2D('',#12767,#12768);
#12767 = CARTESIAN_POINT('',(40.,25.));
#12768 = DIRECTION('',(0.,-1.));
#12769 = ( GEOMETRIC_REPRESENTATION_CONTEXT(2) 
PARAMETRIC_REPRESENTATION_CONTEXT() REPRESENTATION_CONTEXT('2D SPACE',''
  ) );
#12770 = PCURVE('',#12771,#12776);
#12771 = CONICAL_SURFACE('',#12772,3.85,0.785398163397);
#12772 = AXIS2_PLACEMENT_3D('',#12773,#12774,#12775);
#12773 = CARTESIAN_POINT('',(40.,1.00005E+03,170.));
#12774 = DIRECTION('',(-0.,1.,-0.));
#12775 = DIRECTION('',(0.,-0.,-1.));
#12776 = DEFINITIONAL_REPRESENTATION('',(#12777),#12781);
#12777 = LINE('',#12778,#12779);
#12778 = CARTESIAN_POINT('',(-0.,-4.999999999995E-02));
#12779 = VECTOR('',#12780,1.);
#12780 = DIRECTION('',(-1.,-0.));
#12781 = ( GEOMETRIC_REPRESENTATION_CONTEXT(2) 
PARAMETRIC_REPRESENTATION_CONTEXT() REPRESENTATION_CONTEXT('2D SPACE',''
  ) );
#12782 = FACE_BOUND('',#12783,.F.);
#12783 = EDGE_LOOP('',(#12784));
#12784 = ORIENTED_EDGE('',*,*,#12785,.F.);
#12785 = EDGE_CURVE('',#12786,#12786,#12788,.T.);
#12786 = VERTEX_POINT('',#12787);
#12787 = CARTESIAN_POINT('',(960.,1.E+03,166.2));
#12788 = SURFACE_CURVE('',#12789,(#12794,#12801),.PCURVE_S1.);
#12789 = CIRCLE('',#12790,3.8);
#12790 = AXIS2_PLACEMENT_3D('',#12791,#12792,#12793);
#12791 = CARTESIAN_POINT('',(960.,1.E+03,170.));
#12792 = DIRECTION('',(0.,-1.,0.));
#12793 = DIRECTION('',(0.,-0.,-1.));
#12794 = PCURVE('',#12345,#12795);
#12795 = DEFINITIONAL_REPRESENTATION('',(#12796),#12800);
#12796 = CIRCLE('',#12797,3.8);
#12797 = AXIS2_PLACEMENT_2D('',#12798,#12799);
#12798 = CARTESIAN_POINT('',(960.,25.));
#12799 = DIRECTION('',(0.,-1.));
#12800 = ( GEOMETRIC_REPRESENTATION_CONTEXT(2) 
PARAMETRIC_REPRESENTATION_CONTEXT() REPRESENTATION_CONTEXT('2D SPACE',''
  ) );
#12801 = PCURVE('',#12802,#12807);
#12802 = CONICAL_SURFACE('',#12803,3.85,0.785398163397);
#12803 = AXIS2_PLACEMENT_3D('',#12804,#12805,#12806);
#12804 = CARTESIAN_POINT('',(960.,1.00005E+03,170.));
#12805 = DIRECTION('',(-0.,1.,-0.));
#12806 = DIRECTION('',(0.,-0.,-1.));
#12807 = DEFINITIONAL_REPRESENTATION('',(#12808),#12812);
#12808 = LINE('',#12809,#12810);
#12809 = CARTESIAN_POINT('',(-0.,-4.999999999995E-02));
#12810 = VECTOR('',#12811,1.);
#12811 = DIRECTION('',(-1.,-0.));
#12812 = ( GEOMETRIC_REPRESENTATION_CONTEXT(2) 
PARAMETRIC_REPRESENTATION_CONTEXT() REPRESENTATION_CONTEXT('2D SPACE',''
  ) );
#12813 = FACE_BOUND('',#12814,.F.);
#12814 = EDGE_LOOP('',(#12815));
#12815 = ORIENTED_EDGE('',*,*,#12816,.F.);
#12816 = EDGE_CURVE('',#12817,#12817,#12819,.T.);
#12817 = VERTEX_POINT('',#12818);
#12818 = CARTESIAN_POINT('',(40.,1.E+03,261.2));
#12819 = SURFACE_CURVE('',#12820,(#12825,#12832),.PCURVE_S1.);
#12820 = CIRCLE('',#12821,3.8);
#12821 = AXIS2_PLACEMENT_3D('',#12822,#12823,#12824);
#12822 = CARTESIAN_POINT('',(40.,1.E+03,265.));
#12823 = DIRECTION('',(0.,-1.,0.));
#12824 = DIRECTION('',(0.,-0.,-1.));
#12825 = PCURVE('',#12345,#12826);
#12826 = DEFINITIONAL_REPRESENTATION('',(#12827),#12831);
#12827 = CIRCLE('',#12828,3.8);
#12828 = AXIS2_PLACEMENT_2D('',#12829,#12830);
#12829 = CARTESIAN_POINT('',(40.,120.));
#12830 = DIRECTION('',(0.,-1.));
#12831 = ( GEOMETRIC_REPRESENTATION_CONTEXT(2) 
PARAMETRIC_REPRESENTATION_CONTEXT() REPRESENTATION_CONTEXT('2D SPACE',''
  ) );
#12832 = PCURVE('',#12833,#12838);
#12833 = CONICAL_SURFACE('',#12834,3.85,0.785398163397);
#12834 = AXIS2_PLACEMENT_3D('',#12835,#12836,#12837);
#12835 = CARTESIAN_POINT('',(40.,1.00005E+03,265.));
#12836 = DIRECTION('',(-0.,1.,-0.));
#12837 = DIRECTION('',(0.,-0.,-1.));
#12838 = DEFINITIONAL_REPRESENTATION('',(#12839),#12843);
#12839 = LINE('',#12840,#12841);
#12840 = CARTESIAN_POINT('',(-0.,-4.999999999995E-02));
#12841 = VECTOR('',#12842,1.);
#12842 = DIRECTION('',(-1.,-0.));
#12843 = ( GEOMETRIC_REPRESENTATION_CONTEXT(2) 
PARAMETRIC_REPRESENTATION_CONTEXT() REPRESENTATION_CONTEXT('2D SPACE',''
  ) );
#12844 = FACE_BOUND('',#12845,.F.);
#12845 = EDGE_LOOP('',(#12846));
#12846 = ORIENTED_EDGE('',*,*,#12847,.F.);
#12847 = EDGE_CURVE('',#12848,#12848,#12850,.T.);
#12848 = VERTEX_POINT('',#12849);
#12849 = CARTESIAN_POINT('',(960.,1.E+03,261.2));
#12850 = SURFACE_CURVE('',#12851,(#12856,#12863),.PCURVE_S1.);
#12851 = CIRCLE('',#12852,3.8);
#12852 = AXIS2_PLACEMENT_3D('',#12853,#12854,#12855);
#12853 = CARTESIAN_POINT('',(960.,1.E+03,265.));
#12854 = DIRECTION('',(0.,-1.,0.));
#12855 = DIRECTION('',(0.,-0.,-1.));
#12856 = PCURVE('',#12345,#12857);
#12857 = DEFINITIONAL_REPRESENTATION('',(#12858),#12862);
#12858 = CIRCLE('',#12859,3.8);
#12859 = AXIS2_PLACEMENT_2D('',#12860,#12861);
#12860 = CARTESIAN_POINT('',(960.,120.));
#12861 = DIRECTION('',(0.,-1.));
#12862 = ( GEOMETRIC_REPRESENTATION_CONTEXT(2) 
PARAMETRIC_REPRESENTATION_CONTEXT() REPRESENTATION_CONTEXT('2D SPACE',''
  ) );
#12863 = PCURVE('',#12864,#12869);
#12864 = CONICAL_SURFACE('',#12865,3.85,0.785398163397);
#12865 = AXIS2_PLACEMENT_3D('',#12866,#12867,#12868);
#12866 = CARTESIAN_POINT('',(960.,1.00005E+03,265.));
#12867 = DIRECTION('',(-0.,1.,-0.));
#12868 = DIRECTION('',(0.,-0.,-1.));
#12869 = DEFINITIONAL_REPRESENTATION('',(#12870),#12874);
#12870 = LINE('',#12871,#12872);
#12871 = CARTESIAN_POINT('',(-0.,-4.999999999995E-02));
#12872 = VECTOR('',#12873,1.);
#12873 = DIRECTION('',(-1.,-0.));
#12874 = ( GEOMETRIC_REPRESENTATION_CONTEXT(2) 
PARAMETRIC_REPRESENTATION_CONTEXT() REPRESENTATION_CONTEXT('2D SPACE',''
  ) );
#12875 = ADVANCED_FACE('',(#12876),#12475,.T.);
#12876 = FACE_BOUND('',#12877,.T.);
#12877 = EDGE_LOOP('',(#12878,#12879,#12880,#12881));
#12878 = ORIENTED_EDGE('',*,*,#12461,.F.);
#12879 = ORIENTED_EDGE('',*,*,#12730,.T.);
#12880 = ORIENTED_EDGE('',*,*,#12704,.T.);
#12881 = ORIENTED_EDGE('',*,*,#12492,.F.);
#12882 = ADVANCED_FACE('',(#12883),#12559,.F.);
#12883 = FACE_BOUND('',#12884,.T.);
#12884 = EDGE_LOOP('',(#12885,#12908,#12932,#12954,#12955));
#12885 = ORIENTED_EDGE('',*,*,#12886,.F.);
#12886 = EDGE_CURVE('',#12887,#12539,#12889,.T.);
#12887 = VERTEX_POINT('',#12888);
#12888 = CARTESIAN_POINT('',(40.,997.45,171.25));
#12889 = SEAM_CURVE('',#12890,(#12894,#12901),.PCURVE_S1.);
#12890 = LINE('',#12891,#12892);
#12891 = CARTESIAN_POINT('',(40.,1.00005E+03,171.25));
#12892 = VECTOR('',#12893,1.);
#12893 = DIRECTION('',(0.,-1.,0.));
#12894 = PCURVE('',#12559,#12895);
#12895 = DEFINITIONAL_REPRESENTATION('',(#12896),#12900);
#12896 = LINE('',#12897,#12898);
#12897 = CARTESIAN_POINT('',(-6.28318530718,0.));
#12898 = VECTOR('',#12899,1.);
#12899 = DIRECTION('',(-0.,-1.));
#12900 = ( GEOMETRIC_REPRESENTATION_CONTEXT(2) 
PARAMETRIC_REPRESENTATION_CONTEXT() REPRESENTATION_CONTEXT('2D SPACE',''
  ) );
#12901 = PCURVE('',#12559,#12902);
#12902 = DEFINITIONAL_REPRESENTATION('',(#12903),#12907);
#12903 = LINE('',#12904,#12905);
#12904 = CARTESIAN_POINT('',(-0.,0.));
#12905 = VECTOR('',#12906,1.);
#12906 = DIRECTION('',(-0.,-1.));
#12907 = ( GEOMETRIC_REPRESENTATION_CONTEXT(2) 
PARAMETRIC_REPRESENTATION_CONTEXT() REPRESENTATION_CONTEXT('2D SPACE',''
  ) );
#12908 = ORIENTED_EDGE('',*,*,#12909,.F.);
#12909 = EDGE_CURVE('',#12910,#12887,#12912,.T.);
#12910 = VERTEX_POINT('',#12911);
#12911 = CARTESIAN_POINT('',(40.,997.45,168.75));
#12912 = SURFACE_CURVE('',#12913,(#12918,#12925),.PCURVE_S1.);
#12913 = CIRCLE('',#12914,1.25);
#12914 = AXIS2_PLACEMENT_3D('',#12915,#12916,#12917);
#12915 = CARTESIAN_POINT('',(40.,997.45,170.));
#12916 = DIRECTION('',(0.,-1.,0.));
#12917 = DIRECTION('',(0.,-0.,-1.));
#12918 = PCURVE('',#12559,#12919);
#12919 = DEFINITIONAL_REPRESENTATION('',(#12920),#12924);
#12920 = LINE('',#12921,#12922);
#12921 = CARTESIAN_POINT('',(-3.14159265359,-2.6));
#12922 = VECTOR('',#12923,1.);
#12923 = DIRECTION('',(-1.,0.));
#12924 = ( GEOMETRIC_REPRESENTATION_CONTEXT(2) 
PARAMETRIC_REPRESENTATION_CONTEXT() REPRESENTATION_CONTEXT('2D SPACE',''
  ) );
#12925 = PCURVE('',#12771,#12926);
#12926 = DEFINITIONAL_REPRESENTATION('',(#12927),#12931);
#12927 = LINE('',#12928,#12929);
#12928 = CARTESIAN_POINT('',(-0.,-2.6));
#12929 = VECTOR('',#12930,1.);
#12930 = DIRECTION('',(-1.,-0.));
#12931 = ( GEOMETRIC_REPRESENTATION_CONTEXT(2) 
PARAMETRIC_REPRESENTATION_CONTEXT() REPRESENTATION_CONTEXT('2D SPACE',''
  ) );
#12932 = ORIENTED_EDGE('',*,*,#12933,.F.);
#12933 = EDGE_CURVE('',#12887,#12910,#12934,.T.);
#12934 = SURFACE_CURVE('',#12935,(#12940,#12947),.PCURVE_S1.);
#12935 = CIRCLE('',#12936,1.25);
#12936 = AXIS2_PLACEMENT_3D('',#12937,#12938,#12939);
#12937 = CARTESIAN_POINT('',(40.,997.45,170.));
#12938 = DIRECTION('',(0.,-1.,0.));
#12939 = DIRECTION('',(0.,-0.,-1.));
#12940 = PCURVE('',#12559,#12941);
#12941 = DEFINITIONAL_REPRESENTATION('',(#12942),#12946);
#12942 = LINE('',#12943,#12944);
#12943 = CARTESIAN_POINT('',(3.14159265359,-2.6));
#12944 = VECTOR('',#12945,1.);
#12945 = DIRECTION('',(-1.,0.));
#12946 = ( GEOMETRIC_REPRESENTATION_CONTEXT(2) 
PARAMETRIC_REPRESENTATION_CONTEXT() REPRESENTATION_CONTEXT('2D SPACE',''
  ) );
#12947 = PCURVE('',#12771,#12948);
#12948 = DEFINITIONAL_REPRESENTATION('',(#12949),#12953);
#12949 = LINE('',#12950,#12951);
#12950 = CARTESIAN_POINT('',(-0.,-2.6));
#12951 = VECTOR('',#12952,1.);
#12952 = DIRECTION('',(-1.,-0.));
#12953 = ( GEOMETRIC_REPRESENTATION_CONTEXT(2) 
PARAMETRIC_REPRESENTATION_CONTEXT() REPRESENTATION_CONTEXT('2D SPACE',''
  ) );
#12954 = ORIENTED_EDGE('',*,*,#12886,.T.);
#12955 = ORIENTED_EDGE('',*,*,#12538,.F.);
#12956 = ADVANCED_FACE('',(#12957),#12594,.F.);
#12957 = FACE_BOUND('',#12958,.T.);
#12958 = EDGE_LOOP('',(#12959,#12982,#13006,#13028,#13029));
#12959 = ORIENTED_EDGE('',*,*,#12960,.F.);
#12960 = EDGE_CURVE('',#12961,#12574,#12963,.T.);
#12961 = VERTEX_POINT('',#12962);
#12962 = CARTESIAN_POINT('',(960.,997.45,171.25));
#12963 = SEAM_CURVE('',#12964,(#12968,#12975),.PCURVE_S1.);
#12964 = LINE('',#12965,#12966);
#12965 = CARTESIAN_POINT('',(960.,1.00005E+03,171.25));
#12966 = VECTOR('',#12967,1.);
#12967 = DIRECTION('',(0.,-1.,0.));
#12968 = PCURVE('',#12594,#12969);
#12969 = DEFINITIONAL_REPRESENTATION('',(#12970),#12974);
#12970 = LINE('',#12971,#12972);
#12971 = CARTESIAN_POINT('',(-6.28318530718,0.));
#12972 = VECTOR('',#12973,1.);
#12973 = DIRECTION('',(-0.,-1.));
#12974 = ( GEOMETRIC_REPRESENTATION_CONTEXT(2) 
PARAMETRIC_REPRESENTATION_CONTEXT() REPRESENTATION_CONTEXT('2D SPACE',''
  ) );
#12975 = PCURVE('',#12594,#12976);
#12976 = DEFINITIONAL_REPRESENTATION('',(#12977),#12981);
#12977 = LINE('',#12978,#12979);
#12978 = CARTESIAN_POINT('',(-0.,0.));
#12979 = VECTOR('',#12980,1.);
#12980 = DIRECTION('',(-0.,-1.));
#12981 = ( GEOMETRIC_REPRESENTATION_CONTEXT(2) 
PARAMETRIC_REPRESENTATION_CONTEXT() REPRESENTATION_CONTEXT('2D SPACE',''
  ) );
#12982 = ORIENTED_EDGE('',*,*,#12983,.F.);
#12983 = EDGE_CURVE('',#12984,#12961,#12986,.T.);
#12984 = VERTEX_POINT('',#12985);
#12985 = CARTESIAN_POINT('',(960.,997.45,168.75));
#12986 = SURFACE_CURVE('',#12987,(#12992,#12999),.PCURVE_S1.);
#12987 = CIRCLE('',#12988,1.25);
#12988 = AXIS2_PLACEMENT_3D('',#12989,#12990,#12991);
#12989 = CARTESIAN_POINT('',(960.,997.45,170.));
#12990 = DIRECTION('',(0.,-1.,0.));
#12991 = DIRECTION('',(0.,-0.,-1.));
#12992 = PCURVE('',#12594,#12993);
#12993 = DEFINITIONAL_REPRESENTATION('',(#12994),#12998);
#12994 = LINE('',#12995,#12996);
#12995 = CARTESIAN_POINT('',(-3.14159265359,-2.6));
#12996 = VECTOR('',#12997,1.);
#12997 = DIRECTION('',(-1.,0.));
#12998 = ( GEOMETRIC_REPRESENTATION_CONTEXT(2) 
PARAMETRIC_REPRESENTATION_CONTEXT() REPRESENTATION_CONTEXT('2D SPACE',''
  ) );
#12999 = PCURVE('',#12802,#13000);
#13000 = DEFINITIONAL_REPRESENTATION('',(#13001),#13005);
#13001 = LINE('',#13002,#13003);
#13002 = CARTESIAN_POINT('',(-0.,-2.6));
#13003 = VECTOR('',#13004,1.);
#13004 = DIRECTION('',(-1.,-0.));
#13005 = ( GEOMETRIC_REPRESENTATION_CONTEXT(2) 
PARAMETRIC_REPRESENTATION_CONTEXT() REPRESENTATION_CONTEXT('2D SPACE',''
  ) );
#13006 = ORIENTED_EDGE('',*,*,#13007,.F.);
#13007 = EDGE_CURVE('',#12961,#12984,#13008,.T.);
#13008 = SURFACE_CURVE('',#13009,(#13014,#13021),.PCURVE_S1.);
#13009 = CIRCLE('',#13010,1.25);
#13010 = AXIS2_PLACEMENT_3D('',#13011,#13012,#13013);
#13011 = CARTESIAN_POINT('',(960.,997.45,170.));
#13012 = DIRECTION('',(0.,-1.,0.));
#13013 = DIRECTION('',(0.,-0.,-1.));
#13014 = PCURVE('',#12594,#13015);
#13015 = DEFINITIONAL_REPRESENTATION('',(#13016),#13020);
#13016 = LINE('',#13017,#13018);
#13017 = CARTESIAN_POINT('',(3.14159265359,-2.6));
#13018 = VECTOR('',#13019,1.);
#13019 = DIRECTION('',(-1.,0.));
#13020 = ( GEOMETRIC_REPRESENTATION_CONTEXT(2) 
PARAMETRIC_REPRESENTATION_CONTEXT() REPRESENTATION_CONTEXT('2D SPACE',''
  ) );
#13021 = PCURVE('',#12802,#13022);
#13022 = DEFINITIONAL_REPRESENTATION('',(#13023),#13027);
#13023 = LINE('',#13024,#13025);
#13024 = CARTESIAN_POINT('',(-0.,-2.6));
#13025 = VECTOR('',#13026,1.);
#13026 = DIRECTION('',(-1.,-0.));
#13027 = ( GEOMETRIC_REPRESENTATION_CONTEXT(2) 
PARAMETRIC_REPRESENTATION_CONTEXT() REPRESENTATION_CONTEXT('2D SPACE',''
  ) );
#13028 = ORIENTED_EDGE('',*,*,#12960,.T.);
#13029 = ORIENTED_EDGE('',*,*,#12573,.F.);
#13030 = ADVANCED_FACE('',(#13031),#12629,.F.);
#13031 = FACE_BOUND('',#13032,.T.);
#13032 = EDGE_LOOP('',(#13033,#13056,#13080,#13102,#13103));
#13033 = ORIENTED_EDGE('',*,*,#13034,.F.);
#13034 = EDGE_CURVE('',#13035,#12609,#13037,.T.);
#13035 = VERTEX_POINT('',#13036);
#13036 = CARTESIAN_POINT('',(40.,997.45,266.25));
#13037 = SEAM_CURVE('',#13038,(#13042,#13049),.PCURVE_S1.);
#13038 = LINE('',#13039,#13040);
#13039 = CARTESIAN_POINT('',(40.,1.00005E+03,266.25));
#13040 = VECTOR('',#13041,1.);
#13041 = DIRECTION('',(0.,-1.,0.));
#13042 = PCURVE('',#12629,#13043);
#13043 = DEFINITIONAL_REPRESENTATION('',(#13044),#13048);
#13044 = LINE('',#13045,#13046);
#13045 = CARTESIAN_POINT('',(-6.28318530718,0.));
#13046 = VECTOR('',#13047,1.);
#13047 = DIRECTION('',(-0.,-1.));
#13048 = ( GEOMETRIC_REPRESENTATION_CONTEXT(2) 
PARAMETRIC_REPRESENTATION_CONTEXT() REPRESENTATION_CONTEXT('2D SPACE',''
  ) );
#13049 = PCURVE('',#12629,#13050);
#13050 = DEFINITIONAL_REPRESENTATION('',(#13051),#13055);
#13051 = LINE('',#13052,#13053);
#13052 = CARTESIAN_POINT('',(-0.,0.));
#13053 = VECTOR('',#13054,1.);
#13054 = DIRECTION('',(-0.,-1.));
#13055 = ( GEOMETRIC_REPRESENTATION_CONTEXT(2) 
PARAMETRIC_REPRESENTATION_CONTEXT() REPRESENTATION_CONTEXT('2D SPACE',''
  ) );
#13056 = ORIENTED_EDGE('',*,*,#13057,.F.);
#13057 = EDGE_CURVE('',#13058,#13035,#13060,.T.);
#13058 = VERTEX_POINT('',#13059);
#13059 = CARTESIAN_POINT('',(40.,997.45,263.75));
#13060 = SURFACE_CURVE('',#13061,(#13066,#13073),.PCURVE_S1.);
#13061 = CIRCLE('',#13062,1.25);
#13062 = AXIS2_PLACEMENT_3D('',#13063,#13064,#13065);
#13063 = CARTESIAN_POINT('',(40.,997.45,265.));
#13064 = DIRECTION('',(0.,-1.,0.));
#13065 = DIRECTION('',(0.,-0.,-1.));
#13066 = PCURVE('',#12629,#13067);
#13067 = DEFINITIONAL_REPRESENTATION('',(#13068),#13072);
#13068 = LINE('',#13069,#13070);
#13069 = CARTESIAN_POINT('',(-3.14159265359,-2.6));
#13070 = VECTOR('',#13071,1.);
#13071 = DIRECTION('',(-1.,0.));
#13072 = ( GEOMETRIC_REPRESENTATION_CONTEXT(2) 
PARAMETRIC_REPRESENTATION_CONTEXT() REPRESENTATION_CONTEXT('2D SPACE',''
  ) );
#13073 = PCURVE('',#12833,#13074);
#13074 = DEFINITIONAL_REPRESENTATION('',(#13075),#13079);
#13075 = LINE('',#13076,#13077);
#13076 = CARTESIAN_POINT('',(-0.,-2.6));
#13077 = VECTOR('',#13078,1.);
#13078 = DIRECTION('',(-1.,-0.));
#13079 = ( GEOMETRIC_REPRESENTATION_CONTEXT(2) 
PARAMETRIC_REPRESENTATION_CONTEXT() REPRESENTATION_CONTEXT('2D SPACE',''
  ) );
#13080 = ORIENTED_EDGE('',*,*,#13081,.F.);
#13081 = EDGE_CURVE('',#13035,#13058,#13082,.T.);
#13082 = SURFACE_CURVE('',#13083,(#13088,#13095),.PCURVE_S1.);
#13083 = CIRCLE('',#13084,1.25);
#13084 = AXIS2_PLACEMENT_3D('',#13085,#13086,#13087);
#13085 = CARTESIAN_POINT('',(40.,997.45,265.));
#13086 = DIRECTION('',(0.,-1.,0.));
#13087 = DIRECTION('',(0.,-0.,-1.));
#13088 = PCURVE('',#12629,#13089);
#13089 = DEFINITIONAL_REPRESENTATION('',(#13090),#13094);
#13090 = LINE('',#13091,#13092);
#13091 = CARTESIAN_POINT('',(3.14159265359,-2.6));
#13092 = VECTOR('',#13093,1.);
#13093 = DIRECTION('',(-1.,0.));
#13094 = ( GEOMETRIC_REPRESENTATION_CONTEXT(2) 
PARAMETRIC_REPRESENTATION_CONTEXT() REPRESENTATION_CONTEXT('2D SPACE',''
  ) );
#13095 = PCURVE('',#12833,#13096);
#13096 = DEFINITIONAL_REPRESENTATION('',(#13097),#13101);
#13097 = LINE('',#13098,#13099);
#13098 = CARTESIAN_POINT('',(-0.,-2.6));
#13099 = VECTOR('',#13100,1.);
#13100 = DIRECTION('',(-1.,-0.));
#13101 = ( GEOMETRIC_REPRESENTATION_CONTEXT(2) 
PARAMETRIC_REPRESENTATION_CONTEXT() REPRESENTATION_CONTEXT('2D SPACE',''
  ) );
#13102 = ORIENTED_EDGE('',*,*,#13034,.T.);
#13103 = ORIENTED_EDGE('',*,*,#12608,.F.);
#13104 = ADVANCED_FACE('',(#13105),#12664,.F.);
#13105 = FACE_BOUND('',#13106,.T.);
#13106 = EDGE_LOOP('',(#13107,#13130,#13154,#13176,#13177));
#13107 = ORIENTED_EDGE('',*,*,#13108,.F.);
#13108 = EDGE_CURVE('',#13109,#12644,#13111,.T.);
#13109 = VERTEX_POINT('',#13110);
#13110 = CARTESIAN_POINT('',(960.,997.45,266.25));
#13111 = SEAM_CURVE('',#13112,(#13116,#13123),.PCURVE_S1.);
#13112 = LINE('',#13113,#13114);
#13113 = CARTESIAN_POINT('',(960.,1.00005E+03,266.25));
#13114 = VECTOR('',#13115,1.);
#13115 = DIRECTION('',(0.,-1.,0.));
#13116 = PCURVE('',#12664,#13117);
#13117 = DEFINITIONAL_REPRESENTATION('',(#13118),#13122);
#13118 = LINE('',#13119,#13120);
#13119 = CARTESIAN_POINT('',(-6.28318530718,0.));
#13120 = VECTOR('',#13121,1.);
#13121 = DIRECTION('',(-0.,-1.));
#13122 = ( GEOMETRIC_REPRESENTATION_CONTEXT(2) 
PARAMETRIC_REPRESENTATION_CONTEXT() REPRESENTATION_CONTEXT('2D SPACE',''
  ) );
#13123 = PCURVE('',#12664,#13124);
#13124 = DEFINITIONAL_REPRESENTATION('',(#13125),#13129);
#13125 = LINE('',#13126,#13127);
#13126 = CARTESIAN_POINT('',(-0.,0.));
#13127 = VECTOR('',#13128,1.);
#13128 = DIRECTION('',(-0.,-1.));
#13129 = ( GEOMETRIC_REPRESENTATION_CONTEXT(2) 
PARAMETRIC_REPRESENTATION_CONTEXT() REPRESENTATION_CONTEXT('2D SPACE',''
  ) );
#13130 = ORIENTED_EDGE('',*,*,#13131,.F.);
#13131 = EDGE_CURVE('',#13132,#13109,#13134,.T.);
#13132 = VERTEX_POINT('',#13133);
#13133 = CARTESIAN_POINT('',(960.,997.45,263.75));
#13134 = SURFACE_CURVE('',#13135,(#13140,#13147),.PCURVE_S1.);
#13135 = CIRCLE('',#13136,1.25);
#13136 = AXIS2_PLACEMENT_3D('',#13137,#13138,#13139);
#13137 = CARTESIAN_POINT('',(960.,997.45,265.));
#13138 = DIRECTION('',(0.,-1.,0.));
#13139 = DIRECTION('',(0.,-0.,-1.));
#13140 = PCURVE('',#12664,#13141);
#13141 = DEFINITIONAL_REPRESENTATION('',(#13142),#13146);
#13142 = LINE('',#13143,#13144);
#13143 = CARTESIAN_POINT('',(-3.14159265359,-2.6));
#13144 = VECTOR('',#13145,1.);
#13145 = DIRECTION('',(-1.,0.));
#13146 = ( GEOMETRIC_REPRESENTATION_CONTEXT(2) 
PARAMETRIC_REPRESENTATION_CONTEXT() REPRESENTATION_CONTEXT('2D SPACE',''
  ) );
#13147 = PCURVE('',#12864,#13148);
#13148 = DEFINITIONAL_REPRESENTATION('',(#13149),#13153);
#13149 = LINE('',#13150,#13151);
#13150 = CARTESIAN_POINT('',(-0.,-2.6));
#13151 = VECTOR('',#13152,1.);
#13152 = DIRECTION('',(-1.,-0.));
#13153 = ( GEOMETRIC_REPRESENTATION_CONTEXT(2) 
PARAMETRIC_REPRESENTATION_CONTEXT() REPRESENTATION_CONTEXT('2D SPACE',''
  ) );
#13154 = ORIENTED_EDGE('',*,*,#13155,.F.);
#13155 = EDGE_CURVE('',#13109,#13132,#13156,.T.);
#13156 = SURFACE_CURVE('',#13157,(#13162,#13169),.PCURVE_S1.);
#13157 = CIRCLE('',#13158,1.25);
#13158 = AXIS2_PLACEMENT_3D('',#13159,#13160,#13161);
#13159 = CARTESIAN_POINT('',(960.,997.45,265.));
#13160 = DIRECTION('',(0.,-1.,0.));
#13161 = DIRECTION('',(0.,-0.,-1.));
#13162 = PCURVE('',#12664,#13163);
#13163 = DEFINITIONAL_REPRESENTATION('',(#13164),#13168);
#13164 = LINE('',#13165,#13166);
#13165 = CARTESIAN_POINT('',(3.14159265359,-2.6));
#13166 = VECTOR('',#13167,1.);
#13167 = DIRECTION('',(-1.,0.));
#13168 = ( GEOMETRIC_REPRESENTATION_CONTEXT(2) 
PARAMETRIC_REPRESENTATION_CONTEXT() REPRESENTATION_CONTEXT('2D SPACE',''
  ) );
#13169 = PCURVE('',#12864,#13170);
#13170 = DEFINITIONAL_REPRESENTATION('',(#13171),#13175);
#13171 = LINE('',#13172,#13173);
#13172 = CARTESIAN_POINT('',(-0.,-2.6));
#13173 = VECTOR('',#13174,1.);
#13174 = DIRECTION('',(-1.,-0.));
#13175 = ( GEOMETRIC_REPRESENTATION_CONTEXT(2) 
PARAMETRIC_REPRESENTATION_CONTEXT() REPRESENTATION_CONTEXT('2D SPACE',''
  ) );
#13176 = ORIENTED_EDGE('',*,*,#13108,.T.);
#13177 = ORIENTED_EDGE('',*,*,#12643,.F.);
#13178 = ADVANCED_FACE('',(#13179),#12771,.F.);
#13179 = FACE_BOUND('',#13180,.F.);
#13180 = EDGE_LOOP('',(#13181,#13182,#13203,#13204,#13205));
#13181 = ORIENTED_EDGE('',*,*,#12754,.T.);
#13182 = ORIENTED_EDGE('',*,*,#13183,.T.);
#13183 = EDGE_CURVE('',#12755,#12910,#13184,.T.);
#13184 = SEAM_CURVE('',#13185,(#13189,#13196),.PCURVE_S1.);
#13185 = LINE('',#13186,#13187);
#13186 = CARTESIAN_POINT('',(40.,1.00005E+03,166.15));
#13187 = VECTOR('',#13188,1.);
#13188 = DIRECTION('',(1.731912112471E-16,-0.707106781187,0.707106781187
    ));
#13189 = PCURVE('',#12771,#13190);
#13190 = DEFINITIONAL_REPRESENTATION('',(#13191),#13195);
#13191 = LINE('',#13192,#13193);
#13192 = CARTESIAN_POINT('',(0.,-0.));
#13193 = VECTOR('',#13194,1.);
#13194 = DIRECTION('',(-0.,-1.));
#13195 = ( GEOMETRIC_REPRESENTATION_CONTEXT(2) 
PARAMETRIC_REPRESENTATION_CONTEXT() REPRESENTATION_CONTEXT('2D SPACE',''
  ) );
#13196 = PCURVE('',#12771,#13197);
#13197 = DEFINITIONAL_REPRESENTATION('',(#13198),#13202);
#13198 = LINE('',#13199,#13200);
#13199 = CARTESIAN_POINT('',(-6.28318530718,0.));
#13200 = VECTOR('',#13201,1.);
#13201 = DIRECTION('',(-0.,-1.));
#13202 = ( GEOMETRIC_REPRESENTATION_CONTEXT(2) 
PARAMETRIC_REPRESENTATION_CONTEXT() REPRESENTATION_CONTEXT('2D SPACE',''
  ) );
#13203 = ORIENTED_EDGE('',*,*,#12933,.F.);
#13204 = ORIENTED_EDGE('',*,*,#12909,.F.);
#13205 = ORIENTED_EDGE('',*,*,#13183,.F.);
#13206 = ADVANCED_FACE('',(#13207),#12802,.F.);
#13207 = FACE_BOUND('',#13208,.F.);
#13208 = EDGE_LOOP('',(#13209,#13210,#13231,#13232,#13233));
#13209 = ORIENTED_EDGE('',*,*,#12785,.T.);
#13210 = ORIENTED_EDGE('',*,*,#13211,.T.);
#13211 = EDGE_CURVE('',#12786,#12984,#13212,.T.);
#13212 = SEAM_CURVE('',#13213,(#13217,#13224),.PCURVE_S1.);
#13213 = LINE('',#13214,#13215);
#13214 = CARTESIAN_POINT('',(960.,1.00005E+03,166.15));
#13215 = VECTOR('',#13216,1.);
#13216 = DIRECTION('',(1.731912112471E-16,-0.707106781187,0.707106781187
    ));
#13217 = PCURVE('',#12802,#13218);
#13218 = DEFINITIONAL_REPRESENTATION('',(#13219),#13223);
#13219 = LINE('',#13220,#13221);
#13220 = CARTESIAN_POINT('',(0.,-0.));
#13221 = VECTOR('',#13222,1.);
#13222 = DIRECTION('',(-0.,-1.));
#13223 = ( GEOMETRIC_REPRESENTATION_CONTEXT(2) 
PARAMETRIC_REPRESENTATION_CONTEXT() REPRESENTATION_CONTEXT('2D SPACE',''
  ) );
#13224 = PCURVE('',#12802,#13225);
#13225 = DEFINITIONAL_REPRESENTATION('',(#13226),#13230);
#13226 = LINE('',#13227,#13228);
#13227 = CARTESIAN_POINT('',(-6.28318530718,0.));
#13228 = VECTOR('',#13229,1.);
#13229 = DIRECTION('',(-0.,-1.));
#13230 = ( GEOMETRIC_REPRESENTATION_CONTEXT(2) 
PARAMETRIC_REPRESENTATION_CONTEXT() REPRESENTATION_CONTEXT('2D SPACE',''
  ) );
#13231 = ORIENTED_EDGE('',*,*,#13007,.F.);
#13232 = ORIENTED_EDGE('',*,*,#12983,.F.);
#13233 = ORIENTED_EDGE('',*,*,#13211,.F.);
#13234 = ADVANCED_FACE('',(#13235),#12833,.F.);
#13235 = FACE_BOUND('',#13236,.F.);
#13236 = EDGE_LOOP('',(#13237,#13238,#13259,#13260,#13261));
#13237 = ORIENTED_EDGE('',*,*,#12816,.T.);
#13238 = ORIENTED_EDGE('',*,*,#13239,.T.);
#13239 = EDGE_CURVE('',#12817,#13058,#13240,.T.);
#13240 = SEAM_CURVE('',#13241,(#13245,#13252),.PCURVE_S1.);
#13241 = LINE('',#13242,#13243);
#13242 = CARTESIAN_POINT('',(40.,1.00005E+03,261.15));
#13243 = VECTOR('',#13244,1.);
#13244 = DIRECTION('',(1.731912112471E-16,-0.707106781187,0.707106781187
    ));
#13245 = PCURVE('',#12833,#13246);
#13246 = DEFINITIONAL_REPRESENTATION('',(#13247),#13251);
#13247 = LINE('',#13248,#13249);
#13248 = CARTESIAN_POINT('',(0.,-0.));
#13249 = VECTOR('',#13250,1.);
#13250 = DIRECTION('',(-0.,-1.));
#13251 = ( GEOMETRIC_REPRESENTATION_CONTEXT(2) 
PARAMETRIC_REPRESENTATION_CONTEXT() REPRESENTATION_CONTEXT('2D SPACE',''
  ) );
#13252 = PCURVE('',#12833,#13253);
#13253 = DEFINITIONAL_REPRESENTATION('',(#13254),#13258);
#13254 = LINE('',#13255,#13256);
#13255 = CARTESIAN_POINT('',(-6.28318530718,0.));
#13256 = VECTOR('',#13257,1.);
#13257 = DIRECTION('',(-0.,-1.));
#13258 = ( GEOMETRIC_REPRESENTATION_CONTEXT(2) 
PARAMETRIC_REPRESENTATION_CONTEXT() REPRESENTATION_CONTEXT('2D SPACE',''
  ) );
#13259 = ORIENTED_EDGE('',*,*,#13081,.F.);
#13260 = ORIENTED_EDGE('',*,*,#13057,.F.);
#13261 = ORIENTED_EDGE('',*,*,#13239,.F.);
#13262 = ADVANCED_FACE('',(#13263),#12864,.F.);
#13263 = FACE_BOUND('',#13264,.F.);
#13264 = EDGE_LOOP('',(#13265,#13266,#13287,#13288,#13289));
#13265 = ORIENTED_EDGE('',*,*,#12847,.T.);
#13266 = ORIENTED_EDGE('',*,*,#13267,.T.);
#13267 = EDGE_CURVE('',#12848,#13132,#13268,.T.);
#13268 = SEAM_CURVE('',#13269,(#13273,#13280),.PCURVE_S1.);
#13269 = LINE('',#13270,#13271);
#13270 = CARTESIAN_POINT('',(960.,1.00005E+03,261.15));
#13271 = VECTOR('',#13272,1.);
#13272 = DIRECTION('',(1.731912112471E-16,-0.707106781187,0.707106781187
    ));
#13273 = PCURVE('',#12864,#13274);
#13274 = DEFINITIONAL_REPRESENTATION('',(#13275),#13279);
#13275 = LINE('',#13276,#13277);
#13276 = CARTESIAN_POINT('',(0.,-0.));
#13277 = VECTOR('',#13278,1.);
#13278 = DIRECTION('',(-0.,-1.));
#13279 = ( GEOMETRIC_REPRESENTATION_CONTEXT(2) 
PARAMETRIC_REPRESENTATION_CONTEXT() REPRESENTATION_CONTEXT('2D SPACE',''
  ) );
#13280 = PCURVE('',#12864,#13281);
#13281 = DEFINITIONAL_REPRESENTATION('',(#13282),#13286);
#13282 = LINE('',#13283,#13284);
#13283 = CARTESIAN_POINT('',(-6.28318530718,0.));
#13284 = VECTOR('',#13285,1.);
#13285 = DIRECTION('',(-0.,-1.));
#13286 = ( GEOMETRIC_REPRESENTATION_CONTEXT(2) 
PARAMETRIC_REPRESENTATION_CONTEXT() REPRESENTATION_CONTEXT('2D SPACE',''
  ) );
#13287 = ORIENTED_EDGE('',*,*,#13155,.F.);
#13288 = ORIENTED_EDGE('',*,*,#13131,.F.);
#13289 = ORIENTED_EDGE('',*,*,#13267,.F.);
#13290 = ( GEOMETRIC_REPRESENTATION_CONTEXT(3) 
GLOBAL_UNCERTAINTY_ASSIGNED_CONTEXT((#13294)) 
GLOBAL_UNIT_ASSIGNED_CONTEXT((#13291,#13292,#13293)) 
REPRESENTATION_CONTEXT('Context #1',
  '3D Context with UNIT and UNCERTAINTY') );
#13291 = ( LENGTH_UNIT() NAMED_UNIT(*) SI_UNIT(.MILLI.,.METRE.) );
#13292 = ( NAMED_UNIT(*) PLANE_ANGLE_UNIT() SI_UNIT($,.RADIAN.) );
#13293 = ( NAMED_UNIT(*) SI_UNIT($,.STERADIAN.) SOLID_ANGLE_UNIT() );
#13294 = UNCERTAINTY_MEASURE_WITH_UNIT(LENGTH_MEASURE(1.E-07),#13291,
  'distance_accuracy_value','confusion accuracy');
#13295 = CONTEXT_DEPENDENT_SHAPE_REPRESENTATION(#13296,#13298);
#13296 = ( REPRESENTATION_RELATIONSHIP('','',#12287,#10) 
REPRESENTATION_RELATIONSHIP_WITH_TRANSFORMATION(#13297) 
SHAPE_REPRESENTATION_RELATIONSHIP() );
#13297 = ITEM_DEFINED_TRANSFORMATION('','',#11,#43);
#13298 = PRODUCT_DEFINITION_SHAPE('Placement','Placement of an item',
  #13299);
#13299 = NEXT_ASSEMBLY_USAGE_OCCURRENCE('8','back_2','',#5,#12282,$);
#13300 = PRODUCT_RELATED_PRODUCT_CATEGORY('part',$,(#12284));
#13301 = SHAPE_DEFINITION_REPRESENTATION(#13302,#13308);
#13302 = PRODUCT_DEFINITION_SHAPE('','',#13303);
#13303 = PRODUCT_DEFINITION('design','',#13304,#13307);
#13304 = PRODUCT_DEFINITION_FORMATION('','',#13305);
#13305 = PRODUCT('left_1','left_1','',(#13306));
#13306 = PRODUCT_CONTEXT('',#2,'mechanical');
#13307 = PRODUCT_DEFINITION_CONTEXT('part definition',#2,'design');
#13308 = ADVANCED_BREP_SHAPE_REPRESENTATION('',(#11,#13309),#14311);
#13309 = MANIFOLD_SOLID_BREP('',#13310);
#13310 = CLOSED_SHELL('',(#13311,#13431,#13507,#13696,#13745,#13896,
    #13903,#13977,#14051,#14125,#14199,#14227,#14255,#14283));
#13311 = ADVANCED_FACE('',(#13312),#13326,.F.);
#13312 = FACE_BOUND('',#13313,.F.);
#13313 = EDGE_LOOP('',(#13314,#13349,#13377,#13405));
#13314 = ORIENTED_EDGE('',*,*,#13315,.F.);
#13315 = EDGE_CURVE('',#13316,#13318,#13320,.T.);
#13316 = VERTEX_POINT('',#13317);
#13317 = CARTESIAN_POINT('',(0.,20.,0.));
#13318 = VERTEX_POINT('',#13319);
#13319 = CARTESIAN_POINT('',(20.,20.,0.));
#13320 = SURFACE_CURVE('',#13321,(#13325,#13337),.PCURVE_S1.);
#13321 = LINE('',#13322,#13323);
#13322 = CARTESIAN_POINT('',(0.,20.,0.));
#13323 = VECTOR('',#13324,1.);
#13324 = DIRECTION('',(1.,0.,0.));
#13325 = PCURVE('',#13326,#13331);
#13326 = PLANE('',#13327);
#13327 = AXIS2_PLACEMENT_3D('',#13328,#13329,#13330);
#13328 = CARTESIAN_POINT('',(0.,20.,0.));
#13329 = DIRECTION('',(0.,1.,0.));
#13330 = DIRECTION('',(1.,0.,0.));
#13331 = DEFINITIONAL_REPRESENTATION('',(#13332),#13336);
#13332 = LINE('',#13333,#13334);
#13333 = CARTESIAN_POINT('',(0.,0.));
#13334 = VECTOR('',#13335,1.);
#13335 = DIRECTION('',(1.,0.));
#13336 = ( GEOMETRIC_REPRESENTATION_CONTEXT(2) 
PARAMETRIC_REPRESENTATION_CONTEXT() REPRESENTATION_CONTEXT('2D SPACE',''
  ) );
#13337 = PCURVE('',#13338,#13343);
#13338 = PLANE('',#13339);
#13339 = AXIS2_PLACEMENT_3D('',#13340,#13341,#13342);
#13340 = CARTESIAN_POINT('',(0.,20.,0.));
#13341 = DIRECTION('',(0.,0.,1.));
#13342 = DIRECTION('',(1.,0.,0.));
#13343 = DEFINITIONAL_REPRESENTATION('',(#13344),#13348);
#13344 = LINE('',#13345,#13346);
#13345 = CARTESIAN_POINT('',(0.,0.));
#13346 = VECTOR('',#13347,1.);
#13347 = DIRECTION('',(1.,0.));
#13348 = ( GEOMETRIC_REPRESENTATION_CONTEXT(2) 
PARAMETRIC_REPRESENTATION_CONTEXT() REPRESENTATION_CONTEXT('2D SPACE',''
  ) );
#13349 = ORIENTED_EDGE('',*,*,#13350,.T.);
#13350 = EDGE_CURVE('',#13316,#13351,#13353,.T.);
#13351 = VERTEX_POINT('',#13352);
#13352 = CARTESIAN_POINT('',(0.,20.,145.));
#13353 = SURFACE_CURVE('',#13354,(#13358,#13365),.PCURVE_S1.);
#13354 = LINE('',#13355,#13356);
#13355 = CARTESIAN_POINT('',(0.,20.,0.));
#13356 = VECTOR('',#13357,1.);
#13357 = DIRECTION('',(0.,0.,1.));
#13358 = PCURVE('',#13326,#13359);
#13359 = DEFINITIONAL_REPRESENTATION('',(#13360),#13364);
#13360 = LINE('',#13361,#13362);
#13361 = CARTESIAN_POINT('',(0.,0.));
#13362 = VECTOR('',#13363,1.);
#13363 = DIRECTION('',(0.,-1.));
#13364 = ( GEOMETRIC_REPRESENTATION_CONTEXT(2) 
PARAMETRIC_REPRESENTATION_CONTEXT() REPRESENTATION_CONTEXT('2D SPACE',''
  ) );
#13365 = PCURVE('',#13366,#13371);
#13366 = PLANE('',#13367);
#13367 = AXIS2_PLACEMENT_3D('',#13368,#13369,#13370);
#13368 = CARTESIAN_POINT('',(0.,20.,0.));
#13369 = DIRECTION('',(1.,0.,0.));
#13370 = DIRECTION('',(0.,1.,0.));
#13371 = DEFINITIONAL_REPRESENTATION('',(#13372),#13376);
#13372 = LINE('',#13373,#13374);
#13373 = CARTESIAN_POINT('',(0.,0.));
#13374 = VECTOR('',#13375,1.);
#13375 = DIRECTION('',(0.,1.));
#13376 = ( GEOMETRIC_REPRESENTATION_CONTEXT(2) 
PARAMETRIC_REPRESENTATION_CONTEXT() REPRESENTATION_CONTEXT('2D SPACE',''
  ) );
#13377 = ORIENTED_EDGE('',*,*,#13378,.T.);
#13378 = EDGE_CURVE('',#13351,#13379,#13381,.T.);
#13379 = VERTEX_POINT('',#13380);
#13380 = CARTESIAN_POINT('',(20.,20.,145.));
#13381 = SURFACE_CURVE('',#13382,(#13386,#13393),.PCURVE_S1.);
#13382 = LINE('',#13383,#13384);
#13383 = CARTESIAN_POINT('',(0.,20.,145.));
#13384 = VECTOR('',#13385,1.);
#13385 = DIRECTION('',(1.,0.,0.));
#13386 = PCURVE('',#13326,#13387);
#13387 = DEFINITIONAL_REPRESENTATION('',(#13388),#13392);
#13388 = LINE('',#13389,#13390);
#13389 = CARTESIAN_POINT('',(0.,-145.));
#13390 = VECTOR('',#13391,1.);
#13391 = DIRECTION('',(1.,0.));
#13392 = ( GEOMETRIC_REPRESENTATION_CONTEXT(2) 
PARAMETRIC_REPRESENTATION_CONTEXT() REPRESENTATION_CONTEXT('2D SPACE',''
  ) );
#13393 = PCURVE('',#13394,#13399);
#13394 = PLANE('',#13395);
#13395 = AXIS2_PLACEMENT_3D('',#13396,#13397,#13398);
#13396 = CARTESIAN_POINT('',(0.,20.,145.));
#13397 = DIRECTION('',(0.,0.,1.));
#13398 = DIRECTION('',(1.,0.,0.));
#13399 = DEFINITIONAL_REPRESENTATION('',(#13400),#13404);
#13400 = LINE('',#13401,#13402);
#13401 = CARTESIAN_POINT('',(0.,0.));
#13402 = VECTOR('',#13403,1.);
#13403 = DIRECTION('',(1.,0.));
#13404 = ( GEOMETRIC_REPRESENTATION_CONTEXT(2) 
PARAMETRIC_REPRESENTATION_CONTEXT() REPRESENTATION_CONTEXT('2D SPACE',''
  ) );
#13405 = ORIENTED_EDGE('',*,*,#13406,.F.);
#13406 = EDGE_CURVE('',#13318,#13379,#13407,.T.);
#13407 = SURFACE_CURVE('',#13408,(#13412,#13419),.PCURVE_S1.);
#13408 = LINE('',#13409,#13410);
#13409 = CARTESIAN_POINT('',(20.,20.,0.));
#13410 = VECTOR('',#13411,1.);
#13411 = DIRECTION('',(0.,0.,1.));
#13412 = PCURVE('',#13326,#13413);
#13413 = DEFINITIONAL_REPRESENTATION('',(#13414),#13418);
#13414 = LINE('',#13415,#13416);
#13415 = CARTESIAN_POINT('',(20.,0.));
#13416 = VECTOR('',#13417,1.);
#13417 = DIRECTION('',(0.,-1.));
#13418 = ( GEOMETRIC_REPRESENTATION_CONTEXT(2) 
PARAMETRIC_REPRESENTATION_CONTEXT() REPRESENTATION_CONTEXT('2D SPACE',''
  ) );
#13419 = PCURVE('',#13420,#13425);
#13420 = PLANE('',#13421);
#13421 = AXIS2_PLACEMENT_3D('',#13422,#13423,#13424);
#13422 = CARTESIAN_POINT('',(20.,20.,0.));
#13423 = DIRECTION('',(1.,0.,0.));
#13424 = DIRECTION('',(0.,1.,0.));
#13425 = DEFINITIONAL_REPRESENTATION('',(#13426),#13430);
#13426 = LINE('',#13427,#13428);
#13427 = CARTESIAN_POINT('',(0.,0.));
#13428 = VECTOR('',#13429,1.);
#13429 = DIRECTION('',(0.,1.));
#13430 = ( GEOMETRIC_REPRESENTATION_CONTEXT(2) 
PARAMETRIC_REPRESENTATION_CONTEXT() REPRESENTATION_CONTEXT('2D SPACE',''
  ) );
#13431 = ADVANCED_FACE('',(#13432),#13338,.F.);
#13432 = FACE_BOUND('',#13433,.F.);
#13433 = EDGE_LOOP('',(#13434,#13457,#13458,#13481));
#13434 = ORIENTED_EDGE('',*,*,#13435,.F.);
#13435 = EDGE_CURVE('',#13316,#13436,#13438,.T.);
#13436 = VERTEX_POINT('',#13437);
#13437 = CARTESIAN_POINT('',(0.,980.,0.));
#13438 = SURFACE_CURVE('',#13439,(#13443,#13450),.PCURVE_S1.);
#13439 = LINE('',#13440,#13441);
#13440 = CARTESIAN_POINT('',(0.,20.,0.));
#13441 = VECTOR('',#13442,1.);
#13442 = DIRECTION('',(0.,1.,0.));
#13443 = PCURVE('',#13338,#13444);
#13444 = DEFINITIONAL_REPRESENTATION('',(#13445),#13449);
#13445 = LINE('',#13446,#13447);
#13446 = CARTESIAN_POINT('',(0.,0.));
#13447 = VECTOR('',#13448,1.);
#13448 = DIRECTION('',(0.,1.));
#13449 = ( GEOMETRIC_REPRESENTATION_CONTEXT(2) 
PARAMETRIC_REPRESENTATION_CONTEXT() REPRESENTATION_CONTEXT('2D SPACE',''
  ) );
#13450 = PCURVE('',#13366,#13451);
#13451 = DEFINITIONAL_REPRESENTATION('',(#13452),#13456);
#13452 = LINE('',#13453,#13454);
#13453 = CARTESIAN_POINT('',(0.,0.));
#13454 = VECTOR('',#13455,1.);
#13455 = DIRECTION('',(1.,0.));
#13456 = ( GEOMETRIC_REPRESENTATION_CONTEXT(2) 
PARAMETRIC_REPRESENTATION_CONTEXT() REPRESENTATION_CONTEXT('2D SPACE',''
  ) );
#13457 = ORIENTED_EDGE('',*,*,#13315,.T.);
#13458 = ORIENTED_EDGE('',*,*,#13459,.T.);
#13459 = EDGE_CURVE('',#13318,#13460,#13462,.T.);
#13460 = VERTEX_POINT('',#13461);
#13461 = CARTESIAN_POINT('',(20.,980.,0.));
#13462 = SURFACE_CURVE('',#13463,(#13467,#13474),.PCURVE_S1.);
#13463 = LINE('',#13464,#13465);
#13464 = CARTESIAN_POINT('',(20.,20.,0.));
#13465 = VECTOR('',#13466,1.);
#13466 = DIRECTION('',(0.,1.,0.));
#13467 = PCURVE('',#13338,#13468);
#13468 = DEFINITIONAL_REPRESENTATION('',(#13469),#13473);
#13469 = LINE('',#13470,#13471);
#13470 = CARTESIAN_POINT('',(20.,0.));
#13471 = VECTOR('',#13472,1.);
#13472 = DIRECTION('',(0.,1.));
#13473 = ( GEOMETRIC_REPRESENTATION_CONTEXT(2) 
PARAMETRIC_REPRESENTATION_CONTEXT() REPRESENTATION_CONTEXT('2D SPACE',''
  ) );
#13474 = PCURVE('',#13420,#13475);
#13475 = DEFINITIONAL_REPRESENTATION('',(#13476),#13480);
#13476 = LINE('',#13477,#13478);
#13477 = CARTESIAN_POINT('',(0.,0.));
#13478 = VECTOR('',#13479,1.);
#13479 = DIRECTION('',(1.,0.));
#13480 = ( GEOMETRIC_REPRESENTATION_CONTEXT(2) 
PARAMETRIC_REPRESENTATION_CONTEXT() REPRESENTATION_CONTEXT('2D SPACE',''
  ) );
#13481 = ORIENTED_EDGE('',*,*,#13482,.F.);
#13482 = EDGE_CURVE('',#13436,#13460,#13483,.T.);
#13483 = SURFACE_CURVE('',#13484,(#13488,#13495),.PCURVE_S1.);
#13484 = LINE('',#13485,#13486);
#13485 = CARTESIAN_POINT('',(0.,980.,0.));
#13486 = VECTOR('',#13487,1.);
#13487 = DIRECTION('',(1.,0.,0.));
#13488 = PCURVE('',#13338,#13489);
#13489 = DEFINITIONAL_REPRESENTATION('',(#13490),#13494);
#13490 = LINE('',#13491,#13492);
#13491 = CARTESIAN_POINT('',(0.,960.));
#13492 = VECTOR('',#13493,1.);
#13493 = DIRECTION('',(1.,0.));
#13494 = ( GEOMETRIC_REPRESENTATION_CONTEXT(2) 
PARAMETRIC_REPRESENTATION_CONTEXT() REPRESENTATION_CONTEXT('2D SPACE',''
  ) );
#13495 = PCURVE('',#13496,#13501);
#13496 = PLANE('',#13497);
#13497 = AXIS2_PLACEMENT_3D('',#13498,#13499,#13500);
#13498 = CARTESIAN_POINT('',(0.,980.,0.));
#13499 = DIRECTION('',(0.,1.,0.));
#13500 = DIRECTION('',(1.,0.,0.));
#13501 = DEFINITIONAL_REPRESENTATION('',(#13502),#13506);
#13502 = LINE('',#13503,#13504);
#13503 = CARTESIAN_POINT('',(0.,0.));
#13504 = VECTOR('',#13505,1.);
#13505 = DIRECTION('',(1.,0.));
#13506 = ( GEOMETRIC_REPRESENTATION_CONTEXT(2) 
PARAMETRIC_REPRESENTATION_CONTEXT() REPRESENTATION_CONTEXT('2D SPACE',''
  ) );
#13507 = ADVANCED_FACE('',(#13508,#13556,#13591,#13626,#13661),#13420,
  .T.);
#13508 = FACE_BOUND('',#13509,.T.);
#13509 = EDGE_LOOP('',(#13510,#13511,#13512,#13535));
#13510 = ORIENTED_EDGE('',*,*,#13406,.F.);
#13511 = ORIENTED_EDGE('',*,*,#13459,.T.);
#13512 = ORIENTED_EDGE('',*,*,#13513,.T.);
#13513 = EDGE_CURVE('',#13460,#13514,#13516,.T.);
#13514 = VERTEX_POINT('',#13515);
#13515 = CARTESIAN_POINT('',(20.,980.,145.));
#13516 = SURFACE_CURVE('',#13517,(#13521,#13528),.PCURVE_S1.);
#13517 = LINE('',#13518,#13519);
#13518 = CARTESIAN_POINT('',(20.,980.,0.));
#13519 = VECTOR('',#13520,1.);
#13520 = DIRECTION('',(0.,0.,1.));
#13521 = PCURVE('',#13420,#13522);
#13522 = DEFINITIONAL_REPRESENTATION('',(#13523),#13527);
#13523 = LINE('',#13524,#13525);
#13524 = CARTESIAN_POINT('',(960.,0.));
#13525 = VECTOR('',#13526,1.);
#13526 = DIRECTION('',(0.,1.));
#13527 = ( GEOMETRIC_REPRESENTATION_CONTEXT(2) 
PARAMETRIC_REPRESENTATION_CONTEXT() REPRESENTATION_CONTEXT('2D SPACE',''
  ) );
#13528 = PCURVE('',#13496,#13529);
#13529 = DEFINITIONAL_REPRESENTATION('',(#13530),#13534);
#13530 = LINE('',#13531,#13532);
#13531 = CARTESIAN_POINT('',(20.,0.));
#13532 = VECTOR('',#13533,1.);
#13533 = DIRECTION('',(0.,-1.));
#13534 = ( GEOMETRIC_REPRESENTATION_CONTEXT(2) 
PARAMETRIC_REPRESENTATION_CONTEXT() REPRESENTATION_CONTEXT('2D SPACE',''
  ) );
#13535 = ORIENTED_EDGE('',*,*,#13536,.F.);
#13536 = EDGE_CURVE('',#13379,#13514,#13537,.T.);
#13537 = SURFACE_CURVE('',#13538,(#13542,#13549),.PCURVE_S1.);
#13538 = LINE('',#13539,#13540);
#13539 = CARTESIAN_POINT('',(20.,20.,145.));
#13540 = VECTOR('',#13541,1.);
#13541 = DIRECTION('',(0.,1.,0.));
#13542 = PCURVE('',#13420,#13543);
#13543 = DEFINITIONAL_REPRESENTATION('',(#13544),#13548);
#13544 = LINE('',#13545,#13546);
#13545 = CARTESIAN_POINT('',(0.,145.));
#13546 = VECTOR('',#13547,1.);
#13547 = DIRECTION('',(1.,0.));
#13548 = ( GEOMETRIC_REPRESENTATION_CONTEXT(2) 
PARAMETRIC_REPRESENTATION_CONTEXT() REPRESENTATION_CONTEXT('2D SPACE',''
  ) );
#13549 = PCURVE('',#13394,#13550);
#13550 = DEFINITIONAL_REPRESENTATION('',(#13551),#13555);
#13551 = LINE('',#13552,#13553);
#13552 = CARTESIAN_POINT('',(20.,0.));
#13553 = VECTOR('',#13554,1.);
#13554 = DIRECTION('',(0.,1.));
#13555 = ( GEOMETRIC_REPRESENTATION_CONTEXT(2) 
PARAMETRIC_REPRESENTATION_CONTEXT() REPRESENTATION_CONTEXT('2D SPACE',''
  ) );
#13556 = FACE_BOUND('',#13557,.T.);
#13557 = EDGE_LOOP('',(#13558));
#13558 = ORIENTED_EDGE('',*,*,#13559,.T.);
#13559 = EDGE_CURVE('',#13560,#13560,#13562,.T.);
#13560 = VERTEX_POINT('',#13561);
#13561 = CARTESIAN_POINT('',(20.,41.25,25.));
#13562 = SURFACE_CURVE('',#13563,(#13568,#13579),.PCURVE_S1.);
#13563 = CIRCLE('',#13564,1.25);
#13564 = AXIS2_PLACEMENT_3D('',#13565,#13566,#13567);
#13565 = CARTESIAN_POINT('',(20.,40.,25.));
#13566 = DIRECTION('',(-1.,0.,0.));
#13567 = DIRECTION('',(0.,1.,0.));
#13568 = PCURVE('',#13420,#13569);
#13569 = DEFINITIONAL_REPRESENTATION('',(#13570),#13578);
#13570 = ( BOUNDED_CURVE() B_SPLINE_CURVE(2,(#13571,#13572,#13573,#13574
    ,#13575,#13576,#13577),.UNSPECIFIED.,.T.,.F.) 
B_SPLINE_CURVE_WITH_KNOTS((1,2,2,2,2,1),(-2.094395102393,0.,
    2.094395102393,4.188790204786,6.28318530718,8.377580409573),
.UNSPECIFIED.) CURVE() GEOMETRIC_REPRESENTATION_ITEM() 
RATIONAL_B_SPLINE_CURVE((1.,0.5,1.,0.5,1.,0.5,1.)) REPRESENTATION_ITEM(
  '') );
#13571 = CARTESIAN_POINT('',(21.25,25.));
#13572 = CARTESIAN_POINT('',(21.25,22.834936490539));
#13573 = CARTESIAN_POINT('',(19.375,23.917468245269));
#13574 = CARTESIAN_POINT('',(17.5,25.));
#13575 = CARTESIAN_POINT('',(19.375,26.082531754731));
#13576 = CARTESIAN_POINT('',(21.25,27.165063509461));
#13577 = CARTESIAN_POINT('',(21.25,25.));
#13578 = ( GEOMETRIC_REPRESENTATION_CONTEXT(2) 
PARAMETRIC_REPRESENTATION_CONTEXT() REPRESENTATION_CONTEXT('2D SPACE',''
  ) );
#13579 = PCURVE('',#13580,#13585);
#13580 = CYLINDRICAL_SURFACE('',#13581,1.25);
#13581 = AXIS2_PLACEMENT_3D('',#13582,#13583,#13584);
#13582 = CARTESIAN_POINT('',(-5.E-02,40.,25.));
#13583 = DIRECTION('',(-1.,-0.,-0.));
#13584 = DIRECTION('',(0.,1.,0.));
#13585 = DEFINITIONAL_REPRESENTATION('',(#13586),#13590);
#13586 = LINE('',#13587,#13588);
#13587 = CARTESIAN_POINT('',(-6.28318530718,-20.05));
#13588 = VECTOR('',#13589,1.);
#13589 = DIRECTION('',(1.,-0.));
#13590 = ( GEOMETRIC_REPRESENTATION_CONTEXT(2) 
PARAMETRIC_REPRESENTATION_CONTEXT() REPRESENTATION_CONTEXT('2D SPACE',''
  ) );
#13591 = FACE_BOUND('',#13592,.T.);
#13592 = EDGE_LOOP('',(#13593));
#13593 = ORIENTED_EDGE('',*,*,#13594,.T.);
#13594 = EDGE_CURVE('',#13595,#13595,#13597,.T.);
#13595 = VERTEX_POINT('',#13596);
#13596 = CARTESIAN_POINT('',(20.,961.25,25.));
#13597 = SURFACE_CURVE('',#13598,(#13603,#13614),.PCURVE_S1.);
#13598 = CIRCLE('',#13599,1.25);
#13599 = AXIS2_PLACEMENT_3D('',#13600,#13601,#13602);
#13600 = CARTESIAN_POINT('',(20.,960.,25.));
#13601 = DIRECTION('',(-1.,0.,0.));
#13602 = DIRECTION('',(0.,1.,0.));
#13603 = PCURVE('',#13420,#13604);
#13604 = DEFINITIONAL_REPRESENTATION('',(#13605),#13613);
#13605 = ( BOUNDED_CURVE() B_SPLINE_CURVE(2,(#13606,#13607,#13608,#13609
    ,#13610,#13611,#13612),.UNSPECIFIED.,.T.,.F.) 
B_SPLINE_CURVE_WITH_KNOTS((1,2,2,2,2,1),(-2.094395102393,0.,
    2.094395102393,4.188790204786,6.28318530718,8.377580409573),
.UNSPECIFIED.) CURVE() GEOMETRIC_REPRESENTATION_ITEM() 
RATIONAL_B_SPLINE_CURVE((1.,0.5,1.,0.5,1.,0.5,1.)) REPRESENTATION_ITEM(
  '') );
#13606 = CARTESIAN_POINT('',(941.25,25.));
#13607 = CARTESIAN_POINT('',(941.25,22.834936490539));
#13608 = CARTESIAN_POINT('',(939.375,23.917468245269));
#13609 = CARTESIAN_POINT('',(937.5,25.));
#13610 = CARTESIAN_POINT('',(939.375,26.082531754731));
#13611 = CARTESIAN_POINT('',(941.25,27.165063509461));
#13612 = CARTESIAN_POINT('',(941.25,25.));
#13613 = ( GEOMETRIC_REPRESENTATION_CONTEXT(2) 
PARAMETRIC_REPRESENTATION_CONTEXT() REPRESENTATION_CONTEXT('2D SPACE',''
  ) );
#13614 = PCURVE('',#13615,#13620);
#13615 = CYLINDRICAL_SURFACE('',#13616,1.25);
#13616 = AXIS2_PLACEMENT_3D('',#13617,#13618,#13619);
#13617 = CARTESIAN_POINT('',(-5.E-02,960.,25.));
#13618 = DIRECTION('',(-1.,-0.,-0.));
#13619 = DIRECTION('',(0.,1.,0.));
#13620 = DEFINITIONAL_REPRESENTATION('',(#13621),#13625);
#13621 = LINE('',#13622,#13623);
#13622 = CARTESIAN_POINT('',(-6.28318530718,-20.05));
#13623 = VECTOR('',#13624,1.);
#13624 = DIRECTION('',(1.,-0.));
#13625 = ( GEOMETRIC_REPRESENTATION_CONTEXT(2) 
PARAMETRIC_REPRESENTATION_CONTEXT() REPRESENTATION_CONTEXT('2D SPACE',''
  ) );
#13626 = FACE_BOUND('',#13627,.T.);
#13627 = EDGE_LOOP('',(#13628));
#13628 = ORIENTED_EDGE('',*,*,#13629,.T.);
#13629 = EDGE_CURVE('',#13630,#13630,#13632,.T.);
#13630 = VERTEX_POINT('',#13631);
#13631 = CARTESIAN_POINT('',(20.,41.25,120.));
#13632 = SURFACE_CURVE('',#13633,(#13638,#13649),.PCURVE_S1.);
#13633 = CIRCLE('',#13634,1.25);
#13634 = AXIS2_PLACEMENT_3D('',#13635,#13636,#13637);
#13635 = CARTESIAN_POINT('',(20.,40.,120.));
#13636 = DIRECTION('',(-1.,0.,0.));
#13637 = DIRECTION('',(0.,1.,0.));
#13638 = PCURVE('',#13420,#13639);
#13639 = DEFINITIONAL_REPRESENTATION('',(#13640),#13648);
#13640 = ( BOUNDED_CURVE() B_SPLINE_CURVE(2,(#13641,#13642,#13643,#13644
    ,#13645,#13646,#13647),.UNSPECIFIED.,.T.,.F.) 
B_SPLINE_CURVE_WITH_KNOTS((1,2,2,2,2,1),(-2.094395102393,0.,
    2.094395102393,4.188790204786,6.28318530718,8.377580409573),
.UNSPECIFIED.) CURVE() GEOMETRIC_REPRESENTATION_ITEM() 
RATIONAL_B_SPLINE_CURVE((1.,0.5,1.,0.5,1.,0.5,1.)) REPRESENTATION_ITEM(
  '') );
#13641 = CARTESIAN_POINT('',(21.25,120.));
#13642 = CARTESIAN_POINT('',(21.25,117.83493649053));
#13643 = CARTESIAN_POINT('',(19.375,118.91746824526));
#13644 = CARTESIAN_POINT('',(17.5,120.));
#13645 = CARTESIAN_POINT('',(19.375,121.08253175473));
#13646 = CARTESIAN_POINT('',(21.25,122.16506350946));
#13647 = CARTESIAN_POINT('',(21.25,120.));
#13648 = ( GEOMETRIC_REPRESENTATION_CONTEXT(2) 
PARAMETRIC_REPRESENTATION_CONTEXT() REPRESENTATION_CONTEXT('2D SPACE',''
  ) );
#13649 = PCURVE('',#13650,#13655);
#13650 = CYLINDRICAL_SURFACE('',#13651,1.25);
#13651 = AXIS2_PLACEMENT_3D('',#13652,#13653,#13654);
#13652 = CARTESIAN_POINT('',(-5.E-02,40.,120.));
#13653 = DIRECTION('',(-1.,-0.,-0.));
#13654 = DIRECTION('',(0.,1.,0.));
#13655 = DEFINITIONAL_REPRESENTATION('',(#13656),#13660);
#13656 = LINE('',#13657,#13658);
#13657 = CARTESIAN_POINT('',(-6.28318530718,-20.05));
#13658 = VECTOR('',#13659,1.);
#13659 = DIRECTION('',(1.,-0.));
#13660 = ( GEOMETRIC_REPRESENTATION_CONTEXT(2) 
PARAMETRIC_REPRESENTATION_CONTEXT() REPRESENTATION_CONTEXT('2D SPACE',''
  ) );
#13661 = FACE_BOUND('',#13662,.T.);
#13662 = EDGE_LOOP('',(#13663));
#13663 = ORIENTED_EDGE('',*,*,#13664,.T.);
#13664 = EDGE_CURVE('',#13665,#13665,#13667,.T.);
#13665 = VERTEX_POINT('',#13666);
#13666 = CARTESIAN_POINT('',(20.,961.25,120.));
#13667 = SURFACE_CURVE('',#13668,(#13673,#13684),.PCURVE_S1.);
#13668 = CIRCLE('',#13669,1.25);
#13669 = AXIS2_PLACEMENT_3D('',#13670,#13671,#13672);
#13670 = CARTESIAN_POINT('',(20.,960.,120.));
#13671 = DIRECTION('',(-1.,0.,0.));
#13672 = DIRECTION('',(0.,1.,0.));
#13673 = PCURVE('',#13420,#13674);
#13674 = DEFINITIONAL_REPRESENTATION('',(#13675),#13683);
#13675 = ( BOUNDED_CURVE() B_SPLINE_CURVE(2,(#13676,#13677,#13678,#13679
    ,#13680,#13681,#13682),.UNSPECIFIED.,.T.,.F.) 
B_SPLINE_CURVE_WITH_KNOTS((1,2,2,2,2,1),(-2.094395102393,0.,
    2.094395102393,4.188790204786,6.28318530718,8.377580409573),
.UNSPECIFIED.) CURVE() GEOMETRIC_REPRESENTATION_ITEM() 
RATIONAL_B_SPLINE_CURVE((1.,0.5,1.,0.5,1.,0.5,1.)) REPRESENTATION_ITEM(
  '') );
#13676 = CARTESIAN_POINT('',(941.25,120.));
#13677 = CARTESIAN_POINT('',(941.25,117.83493649053));
#13678 = CARTESIAN_POINT('',(939.375,118.91746824526));
#13679 = CARTESIAN_POINT('',(937.5,120.));
#13680 = CARTESIAN_POINT('',(939.375,121.08253175473));
#13681 = CARTESIAN_POINT('',(941.25,122.16506350946));
#13682 = CARTESIAN_POINT('',(941.25,120.));
#13683 = ( GEOMETRIC_REPRESENTATION_CONTEXT(2) 
PARAMETRIC_REPRESENTATION_CONTEXT() REPRESENTATION_CONTEXT('2D SPACE',''
  ) );
#13684 = PCURVE('',#13685,#13690);
#13685 = CYLINDRICAL_SURFACE('',#13686,1.25);
#13686 = AXIS2_PLACEMENT_3D('',#13687,#13688,#13689);
#13687 = CARTESIAN_POINT('',(-5.E-02,960.,120.));
#13688 = DIRECTION('',(-1.,-0.,-0.));
#13689 = DIRECTION('',(0.,1.,0.));
#13690 = DEFINITIONAL_REPRESENTATION('',(#13691),#13695);
#13691 = LINE('',#13692,#13693);
#13692 = CARTESIAN_POINT('',(-6.28318530718,-20.05));
#13693 = VECTOR('',#13694,1.);
#13694 = DIRECTION('',(1.,-0.));
#13695 = ( GEOMETRIC_REPRESENTATION_CONTEXT(2) 
PARAMETRIC_REPRESENTATION_CONTEXT() REPRESENTATION_CONTEXT('2D SPACE',''
  ) );
#13696 = ADVANCED_FACE('',(#13697),#13394,.T.);
#13697 = FACE_BOUND('',#13698,.T.);
#13698 = EDGE_LOOP('',(#13699,#13722,#13723,#13724));
#13699 = ORIENTED_EDGE('',*,*,#13700,.F.);
#13700 = EDGE_CURVE('',#13351,#13701,#13703,.T.);
#13701 = VERTEX_POINT('',#13702);
#13702 = CARTESIAN_POINT('',(0.,980.,145.));
#13703 = SURFACE_CURVE('',#13704,(#13708,#13715),.PCURVE_S1.);
#13704 = LINE('',#13705,#13706);
#13705 = CARTESIAN_POINT('',(0.,20.,145.));
#13706 = VECTOR('',#13707,1.);
#13707 = DIRECTION('',(0.,1.,0.));
#13708 = PCURVE('',#13394,#13709);
#13709 = DEFINITIONAL_REPRESENTATION('',(#13710),#13714);
#13710 = LINE('',#13711,#13712);
#13711 = CARTESIAN_POINT('',(0.,0.));
#13712 = VECTOR('',#13713,1.);
#13713 = DIRECTION('',(0.,1.));
#13714 = ( GEOMETRIC_REPRESENTATION_CONTEXT(2) 
PARAMETRIC_REPRESENTATION_CONTEXT() REPRESENTATION_CONTEXT('2D SPACE',''
  ) );
#13715 = PCURVE('',#13366,#13716);
#13716 = DEFINITIONAL_REPRESENTATION('',(#13717),#13721);
#13717 = LINE('',#13718,#13719);
#13718 = CARTESIAN_POINT('',(0.,145.));
#13719 = VECTOR('',#13720,1.);
#13720 = DIRECTION('',(1.,0.));
#13721 = ( GEOMETRIC_REPRESENTATION_CONTEXT(2) 
PARAMETRIC_REPRESENTATION_CONTEXT() REPRESENTATION_CONTEXT('2D SPACE',''
  ) );
#13722 = ORIENTED_EDGE('',*,*,#13378,.T.);
#13723 = ORIENTED_EDGE('',*,*,#13536,.T.);
#13724 = ORIENTED_EDGE('',*,*,#13725,.F.);
#13725 = EDGE_CURVE('',#13701,#13514,#13726,.T.);
#13726 = SURFACE_CURVE('',#13727,(#13731,#13738),.PCURVE_S1.);
#13727 = LINE('',#13728,#13729);
#13728 = CARTESIAN_POINT('',(0.,980.,145.));
#13729 = VECTOR('',#13730,1.);
#13730 = DIRECTION('',(1.,0.,0.));
#13731 = PCURVE('',#13394,#13732);
#13732 = DEFINITIONAL_REPRESENTATION('',(#13733),#13737);
#13733 = LINE('',#13734,#13735);
#13734 = CARTESIAN_POINT('',(0.,960.));
#13735 = VECTOR('',#13736,1.);
#13736 = DIRECTION('',(1.,0.));
#13737 = ( GEOMETRIC_REPRESENTATION_CONTEXT(2) 
PARAMETRIC_REPRESENTATION_CONTEXT() REPRESENTATION_CONTEXT('2D SPACE',''
  ) );
#13738 = PCURVE('',#13496,#13739);
#13739 = DEFINITIONAL_REPRESENTATION('',(#13740),#13744);
#13740 = LINE('',#13741,#13742);
#13741 = CARTESIAN_POINT('',(0.,-145.));
#13742 = VECTOR('',#13743,1.);
#13743 = DIRECTION('',(1.,0.));
#13744 = ( GEOMETRIC_REPRESENTATION_CONTEXT(2) 
PARAMETRIC_REPRESENTATION_CONTEXT() REPRESENTATION_CONTEXT('2D SPACE',''
  ) );
#13745 = ADVANCED_FACE('',(#13746,#13772,#13803,#13834,#13865),#13366,
  .F.);
#13746 = FACE_BOUND('',#13747,.F.);
#13747 = EDGE_LOOP('',(#13748,#13749,#13750,#13771));
#13748 = ORIENTED_EDGE('',*,*,#13350,.F.);
#13749 = ORIENTED_EDGE('',*,*,#13435,.T.);
#13750 = ORIENTED_EDGE('',*,*,#13751,.T.);
#13751 = EDGE_CURVE('',#13436,#13701,#13752,.T.);
#13752 = SURFACE_CURVE('',#13753,(#13757,#13764),.PCURVE_S1.);
#13753 = LINE('',#13754,#13755);
#13754 = CARTESIAN_POINT('',(0.,980.,0.));
#13755 = VECTOR('',#13756,1.);
#13756 = DIRECTION('',(0.,0.,1.));
#13757 = PCURVE('',#13366,#13758);
#13758 = DEFINITIONAL_REPRESENTATION('',(#13759),#13763);
#13759 = LINE('',#13760,#13761);
#13760 = CARTESIAN_POINT('',(960.,0.));
#13761 = VECTOR('',#13762,1.);
#13762 = DIRECTION('',(0.,1.));
#13763 = ( GEOMETRIC_REPRESENTATION_CONTEXT(2) 
PARAMETRIC_REPRESENTATION_CONTEXT() REPRESENTATION_CONTEXT('2D SPACE',''
  ) );
#13764 = PCURVE('',#13496,#13765);
#13765 = DEFINITIONAL_REPRESENTATION('',(#13766),#13770);
#13766 = LINE('',#13767,#13768);
#13767 = CARTESIAN_POINT('',(0.,0.));
#13768 = VECTOR('',#13769,1.);
#13769 = DIRECTION('',(0.,-1.));
#13770 = ( GEOMETRIC_REPRESENTATION_CONTEXT(2) 
PARAMETRIC_REPRESENTATION_CONTEXT() REPRESENTATION_CONTEXT('2D SPACE',''
  ) );
#13771 = ORIENTED_EDGE('',*,*,#13700,.F.);
#13772 = FACE_BOUND('',#13773,.F.);
#13773 = EDGE_LOOP('',(#13774));
#13774 = ORIENTED_EDGE('',*,*,#13775,.F.);
#13775 = EDGE_CURVE('',#13776,#13776,#13778,.T.);
#13776 = VERTEX_POINT('',#13777);
#13777 = CARTESIAN_POINT('',(0.,40.,28.8));
#13778 = SURFACE_CURVE('',#13779,(#13784,#13791),.PCURVE_S1.);
#13779 = CIRCLE('',#13780,3.8);
#13780 = AXIS2_PLACEMENT_3D('',#13781,#13782,#13783);
#13781 = CARTESIAN_POINT('',(0.,40.,25.));
#13782 = DIRECTION('',(1.,0.,0.));
#13783 = DIRECTION('',(-0.,0.,1.));
#13784 = PCURVE('',#13366,#13785);
#13785 = DEFINITIONAL_REPRESENTATION('',(#13786),#13790);
#13786 = CIRCLE('',#13787,3.8);
#13787 = AXIS2_PLACEMENT_2D('',#13788,#13789);
#13788 = CARTESIAN_POINT('',(20.,25.));
#13789 = DIRECTION('',(0.,1.));
#13790 = ( GEOMETRIC_REPRESENTATION_CONTEXT(2) 
PARAMETRIC_REPRESENTATION_CONTEXT() REPRESENTATION_CONTEXT('2D SPACE',''
  ) );
#13791 = PCURVE('',#13792,#13797);
#13792 = CONICAL_SURFACE('',#13793,3.85,0.785398163397);
#13793 = AXIS2_PLACEMENT_3D('',#13794,#13795,#13796);
#13794 = CARTESIAN_POINT('',(-5.E-02,40.,25.));
#13795 = DIRECTION('',(-1.,-0.,-0.));
#13796 = DIRECTION('',(-0.,0.,1.));
#13797 = DEFINITIONAL_REPRESENTATION('',(#13798),#13802);
#13798 = LINE('',#13799,#13800);
#13799 = CARTESIAN_POINT('',(-0.,-5.E-02));
#13800 = VECTOR('',#13801,1.);
#13801 = DIRECTION('',(-1.,-0.));
#13802 = ( GEOMETRIC_REPRESENTATION_CONTEXT(2) 
PARAMETRIC_REPRESENTATION_CONTEXT() REPRESENTATION_CONTEXT('2D SPACE',''
  ) );
#13803 = FACE_BOUND('',#13804,.F.);
#13804 = EDGE_LOOP('',(#13805));
#13805 = ORIENTED_EDGE('',*,*,#13806,.F.);
#13806 = EDGE_CURVE('',#13807,#13807,#13809,.T.);
#13807 = VERTEX_POINT('',#13808);
#13808 = CARTESIAN_POINT('',(0.,960.,28.8));
#13809 = SURFACE_CURVE('',#13810,(#13815,#13822),.PCURVE_S1.);
#13810 = CIRCLE('',#13811,3.8);
#13811 = AXIS2_PLACEMENT_3D('',#13812,#13813,#13814);
#13812 = CARTESIAN_POINT('',(0.,960.,25.));
#13813 = DIRECTION('',(1.,0.,0.));
#13814 = DIRECTION('',(-0.,0.,1.));
#13815 = PCURVE('',#13366,#13816);
#13816 = DEFINITIONAL_REPRESENTATION('',(#13817),#13821);
#13817 = CIRCLE('',#13818,3.8);
#13818 = AXIS2_PLACEMENT_2D('',#13819,#13820);
#13819 = CARTESIAN_POINT('',(940.,25.));
#13820 = DIRECTION('',(0.,1.));
#13821 = ( GEOMETRIC_REPRESENTATION_CONTEXT(2) 
PARAMETRIC_REPRESENTATION_CONTEXT() REPRESENTATION_CONTEXT('2D SPACE',''
  ) );
#13822 = PCURVE('',#13823,#13828);
#13823 = CONICAL_SURFACE('',#13824,3.85,0.785398163397);
#13824 = AXIS2_PLACEMENT_3D('',#13825,#13826,#13827);
#13825 = CARTESIAN_POINT('',(-5.E-02,960.,25.));
#13826 = DIRECTION('',(-1.,-0.,-0.));
#13827 = DIRECTION('',(-0.,0.,1.));
#13828 = DEFINITIONAL_REPRESENTATION('',(#13829),#13833);
#13829 = LINE('',#13830,#13831);
#13830 = CARTESIAN_POINT('',(-0.,-5.E-02));
#13831 = VECTOR('',#13832,1.);
#13832 = DIRECTION('',(-1.,-0.));
#13833 = ( GEOMETRIC_REPRESENTATION_CONTEXT(2) 
PARAMETRIC_REPRESENTATION_CONTEXT() REPRESENTATION_CONTEXT('2D SPACE',''
  ) );
#13834 = FACE_BOUND('',#13835,.F.);
#13835 = EDGE_LOOP('',(#13836));
#13836 = ORIENTED_EDGE('',*,*,#13837,.F.);
#13837 = EDGE_CURVE('',#13838,#13838,#13840,.T.);
#13838 = VERTEX_POINT('',#13839);
#13839 = CARTESIAN_POINT('',(0.,40.,123.8));
#13840 = SURFACE_CURVE('',#13841,(#13846,#13853),.PCURVE_S1.);
#13841 = CIRCLE('',#13842,3.8);
#13842 = AXIS2_PLACEMENT_3D('',#13843,#13844,#13845);
#13843 = CARTESIAN_POINT('',(0.,40.,120.));
#13844 = DIRECTION('',(1.,0.,0.));
#13845 = DIRECTION('',(-0.,0.,1.));
#13846 = PCURVE('',#13366,#13847);
#13847 = DEFINITIONAL_REPRESENTATION('',(#13848),#13852);
#13848 = CIRCLE('',#13849,3.8);
#13849 = AXIS2_PLACEMENT_2D('',#13850,#13851);
#13850 = CARTESIAN_POINT('',(20.,120.));
#13851 = DIRECTION('',(0.,1.));
#13852 = ( GEOMETRIC_REPRESENTATION_CONTEXT(2) 
PARAMETRIC_REPRESENTATION_CONTEXT() REPRESENTATION_CONTEXT('2D SPACE',''
  ) );
#13853 = PCURVE('',#13854,#13859);
#13854 = CONICAL_SURFACE('',#13855,3.85,0.785398163397);
#13855 = AXIS2_PLACEMENT_3D('',#13856,#13857,#13858);
#13856 = CARTESIAN_POINT('',(-5.E-02,40.,120.));
#13857 = DIRECTION('',(-1.,-0.,-0.));
#13858 = DIRECTION('',(-0.,0.,1.));
#13859 = DEFINITIONAL_REPRESENTATION('',(#13860),#13864);
#13860 = LINE('',#13861,#13862);
#13861 = CARTESIAN_POINT('',(-0.,-5.E-02));
#13862 = VECTOR('',#13863,1.);
#13863 = DIRECTION('',(-1.,-0.));
#13864 = ( GEOMETRIC_REPRESENTATION_CONTEXT(2) 
PARAMETRIC_REPRESENTATION_CONTEXT() REPRESENTATION_CONTEXT('2D SPACE',''
  ) );
#13865 = FACE_BOUND('',#13866,.F.);
#13866 = EDGE_LOOP('',(#13867));
#13867 = ORIENTED_EDGE('',*,*,#13868,.F.);
#13868 = EDGE_CURVE('',#13869,#13869,#13871,.T.);
#13869 = VERTEX_POINT('',#13870);
#13870 = CARTESIAN_POINT('',(0.,960.,123.8));
#13871 = SURFACE_CURVE('',#13872,(#13877,#13884),.PCURVE_S1.);
#13872 = CIRCLE('',#13873,3.8);
#13873 = AXIS2_PLACEMENT_3D('',#13874,#13875,#13876);
#13874 = CARTESIAN_POINT('',(0.,960.,120.));
#13875 = DIRECTION('',(1.,0.,0.));
#13876 = DIRECTION('',(-0.,0.,1.));
#13877 = PCURVE('',#13366,#13878);
#13878 = DEFINITIONAL_REPRESENTATION('',(#13879),#13883);
#13879 = CIRCLE('',#13880,3.8);
#13880 = AXIS2_PLACEMENT_2D('',#13881,#13882);
#13881 = CARTESIAN_POINT('',(940.,120.));
#13882 = DIRECTION('',(0.,1.));
#13883 = ( GEOMETRIC_REPRESENTATION_CONTEXT(2) 
PARAMETRIC_REPRESENTATION_CONTEXT() REPRESENTATION_CONTEXT('2D SPACE',''
  ) );
#13884 = PCURVE('',#13885,#13890);
#13885 = CONICAL_SURFACE('',#13886,3.85,0.785398163397);
#13886 = AXIS2_PLACEMENT_3D('',#13887,#13888,#13889);
#13887 = CARTESIAN_POINT('',(-5.E-02,960.,120.));
#13888 = DIRECTION('',(-1.,-0.,-0.));
#13889 = DIRECTION('',(-0.,0.,1.));
#13890 = DEFINITIONAL_REPRESENTATION('',(#13891),#13895);
#13891 = LINE('',#13892,#13893);
#13892 = CARTESIAN_POINT('',(-0.,-5.E-02));
#13893 = VECTOR('',#13894,1.);
#13894 = DIRECTION('',(-1.,-0.));
#13895 = ( GEOMETRIC_REPRESENTATION_CONTEXT(2) 
PARAMETRIC_REPRESENTATION_CONTEXT() REPRESENTATION_CONTEXT('2D SPACE',''
  ) );
#13896 = ADVANCED_FACE('',(#13897),#13496,.T.);
#13897 = FACE_BOUND('',#13898,.T.);
#13898 = EDGE_LOOP('',(#13899,#13900,#13901,#13902));
#13899 = ORIENTED_EDGE('',*,*,#13482,.F.);
#13900 = ORIENTED_EDGE('',*,*,#13751,.T.);
#13901 = ORIENTED_EDGE('',*,*,#13725,.T.);
#13902 = ORIENTED_EDGE('',*,*,#13513,.F.);
#13903 = ADVANCED_FACE('',(#13904),#13580,.F.);
#13904 = FACE_BOUND('',#13905,.T.);
#13905 = EDGE_LOOP('',(#13906,#13929,#13953,#13975,#13976));
#13906 = ORIENTED_EDGE('',*,*,#13907,.F.);
#13907 = EDGE_CURVE('',#13908,#13560,#13910,.T.);
#13908 = VERTEX_POINT('',#13909);
#13909 = CARTESIAN_POINT('',(2.55,41.25,25.));
#13910 = SEAM_CURVE('',#13911,(#13915,#13922),.PCURVE_S1.);
#13911 = LINE('',#13912,#13913);
#13912 = CARTESIAN_POINT('',(-5.E-02,41.25,25.));
#13913 = VECTOR('',#13914,1.);
#13914 = DIRECTION('',(1.,0.,0.));
#13915 = PCURVE('',#13580,#13916);
#13916 = DEFINITIONAL_REPRESENTATION('',(#13917),#13921);
#13917 = LINE('',#13918,#13919);
#13918 = CARTESIAN_POINT('',(-6.28318530718,0.));
#13919 = VECTOR('',#13920,1.);
#13920 = DIRECTION('',(-0.,-1.));
#13921 = ( GEOMETRIC_REPRESENTATION_CONTEXT(2) 
PARAMETRIC_REPRESENTATION_CONTEXT() REPRESENTATION_CONTEXT('2D SPACE',''
  ) );
#13922 = PCURVE('',#13580,#13923);
#13923 = DEFINITIONAL_REPRESENTATION('',(#13924),#13928);
#13924 = LINE('',#13925,#13926);
#13925 = CARTESIAN_POINT('',(-0.,0.));
#13926 = VECTOR('',#13927,1.);
#13927 = DIRECTION('',(-0.,-1.));
#13928 = ( GEOMETRIC_REPRESENTATION_CONTEXT(2) 
PARAMETRIC_REPRESENTATION_CONTEXT() REPRESENTATION_CONTEXT('2D SPACE',''
  ) );
#13929 = ORIENTED_EDGE('',*,*,#13930,.F.);
#13930 = EDGE_CURVE('',#13931,#13908,#13933,.T.);
#13931 = VERTEX_POINT('',#13932);
#13932 = CARTESIAN_POINT('',(2.55,40.,26.25));
#13933 = SURFACE_CURVE('',#13934,(#13939,#13946),.PCURVE_S1.);
#13934 = CIRCLE('',#13935,1.25);
#13935 = AXIS2_PLACEMENT_3D('',#13936,#13937,#13938);
#13936 = CARTESIAN_POINT('',(2.55,40.,25.));
#13937 = DIRECTION('',(1.,0.,0.));
#13938 = DIRECTION('',(-0.,0.,1.));
#13939 = PCURVE('',#13580,#13940);
#13940 = DEFINITIONAL_REPRESENTATION('',(#13941),#13945);
#13941 = LINE('',#13942,#13943);
#13942 = CARTESIAN_POINT('',(-1.570796326795,-2.6));
#13943 = VECTOR('',#13944,1.);
#13944 = DIRECTION('',(-1.,0.));
#13945 = ( GEOMETRIC_REPRESENTATION_CONTEXT(2) 
PARAMETRIC_REPRESENTATION_CONTEXT() REPRESENTATION_CONTEXT('2D SPACE',''
  ) );
#13946 = PCURVE('',#13792,#13947);
#13947 = DEFINITIONAL_REPRESENTATION('',(#13948),#13952);
#13948 = LINE('',#13949,#13950);
#13949 = CARTESIAN_POINT('',(-0.,-2.6));
#13950 = VECTOR('',#13951,1.);
#13951 = DIRECTION('',(-1.,-0.));
#13952 = ( GEOMETRIC_REPRESENTATION_CONTEXT(2) 
PARAMETRIC_REPRESENTATION_CONTEXT() REPRESENTATION_CONTEXT('2D SPACE',''
  ) );
#13953 = ORIENTED_EDGE('',*,*,#13954,.F.);
#13954 = EDGE_CURVE('',#13908,#13931,#13955,.T.);
#13955 = SURFACE_CURVE('',#13956,(#13961,#13968),.PCURVE_S1.);
#13956 = CIRCLE('',#13957,1.25);
#13957 = AXIS2_PLACEMENT_3D('',#13958,#13959,#13960);
#13958 = CARTESIAN_POINT('',(2.55,40.,25.));
#13959 = DIRECTION('',(1.,0.,0.));
#13960 = DIRECTION('',(-0.,0.,1.));
#13961 = PCURVE('',#13580,#13962);
#13962 = DEFINITIONAL_REPRESENTATION('',(#13963),#13967);
#13963 = LINE('',#13964,#13965);
#13964 = CARTESIAN_POINT('',(4.712388980385,-2.6));
#13965 = VECTOR('',#13966,1.);
#13966 = DIRECTION('',(-1.,0.));
#13967 = ( GEOMETRIC_REPRESENTATION_CONTEXT(2) 
PARAMETRIC_REPRESENTATION_CONTEXT() REPRESENTATION_CONTEXT('2D SPACE',''
  ) );
#13968 = PCURVE('',#13792,#13969);
#13969 = DEFINITIONAL_REPRESENTATION('',(#13970),#13974);
#13970 = LINE('',#13971,#13972);
#13971 = CARTESIAN_POINT('',(-0.,-2.6));
#13972 = VECTOR('',#13973,1.);
#13973 = DIRECTION('',(-1.,-0.));
#13974 = ( GEOMETRIC_REPRESENTATION_CONTEXT(2) 
PARAMETRIC_REPRESENTATION_CONTEXT() REPRESENTATION_CONTEXT('2D SPACE',''
  ) );
#13975 = ORIENTED_EDGE('',*,*,#13907,.T.);
#13976 = ORIENTED_EDGE('',*,*,#13559,.F.);
#13977 = ADVANCED_FACE('',(#13978),#13615,.F.);
#13978 = FACE_BOUND('',#13979,.T.);
#13979 = EDGE_LOOP('',(#13980,#14003,#14027,#14049,#14050));
#13980 = ORIENTED_EDGE('',*,*,#13981,.F.);
#13981 = EDGE_CURVE('',#13982,#13595,#13984,.T.);
#13982 = VERTEX_POINT('',#13983);
#13983 = CARTESIAN_POINT('',(2.55,961.25,25.));
#13984 = SEAM_CURVE('',#13985,(#13989,#13996),.PCURVE_S1.);
#13985 = LINE('',#13986,#13987);
#13986 = CARTESIAN_POINT('',(-5.E-02,961.25,25.));
#13987 = VECTOR('',#13988,1.);
#13988 = DIRECTION('',(1.,0.,0.));
#13989 = PCURVE('',#13615,#13990);
#13990 = DEFINITIONAL_REPRESENTATION('',(#13991),#13995);
#13991 = LINE('',#13992,#13993);
#13992 = CARTESIAN_POINT('',(-6.28318530718,0.));
#13993 = VECTOR('',#13994,1.);
#13994 = DIRECTION('',(-0.,-1.));
#13995 = ( GEOMETRIC_REPRESENTATION_CONTEXT(2) 
PARAMETRIC_REPRESENTATION_CONTEXT() REPRESENTATION_CONTEXT('2D SPACE',''
  ) );
#13996 = PCURVE('',#13615,#13997);
#13997 = DEFINITIONAL_REPRESENTATION('',(#13998),#14002);
#13998 = LINE('',#13999,#14000);
#13999 = CARTESIAN_POINT('',(-0.,0.));
#14000 = VECTOR('',#14001,1.);
#14001 = DIRECTION('',(-0.,-1.));
#14002 = ( GEOMETRIC_REPRESENTATION_CONTEXT(2) 
PARAMETRIC_REPRESENTATION_CONTEXT() REPRESENTATION_CONTEXT('2D SPACE',''
  ) );
#14003 = ORIENTED_EDGE('',*,*,#14004,.F.);
#14004 = EDGE_CURVE('',#14005,#13982,#14007,.T.);
#14005 = VERTEX_POINT('',#14006);
#14006 = CARTESIAN_POINT('',(2.55,960.,26.25));
#14007 = SURFACE_CURVE('',#14008,(#14013,#14020),.PCURVE_S1.);
#14008 = CIRCLE('',#14009,1.25);
#14009 = AXIS2_PLACEMENT_3D('',#14010,#14011,#14012);
#14010 = CARTESIAN_POINT('',(2.55,960.,25.));
#14011 = DIRECTION('',(1.,0.,0.));
#14012 = DIRECTION('',(-0.,0.,1.));
#14013 = PCURVE('',#13615,#14014);
#14014 = DEFINITIONAL_REPRESENTATION('',(#14015),#14019);
#14015 = LINE('',#14016,#14017);
#14016 = CARTESIAN_POINT('',(-1.570796326795,-2.6));
#14017 = VECTOR('',#14018,1.);
#14018 = DIRECTION('',(-1.,0.));
#14019 = ( GEOMETRIC_REPRESENTATION_CONTEXT(2) 
PARAMETRIC_REPRESENTATION_CONTEXT() REPRESENTATION_CONTEXT('2D SPACE',''
  ) );
#14020 = PCURVE('',#13823,#14021);
#14021 = DEFINITIONAL_REPRESENTATION('',(#14022),#14026);
#14022 = LINE('',#14023,#14024);
#14023 = CARTESIAN_POINT('',(-0.,-2.6));
#14024 = VECTOR('',#14025,1.);
#14025 = DIRECTION('',(-1.,-0.));
#14026 = ( GEOMETRIC_REPRESENTATION_CONTEXT(2) 
PARAMETRIC_REPRESENTATION_CONTEXT() REPRESENTATION_CONTEXT('2D SPACE',''
  ) );
#14027 = ORIENTED_EDGE('',*,*,#14028,.F.);
#14028 = EDGE_CURVE('',#13982,#14005,#14029,.T.);
#14029 = SURFACE_CURVE('',#14030,(#14035,#14042),.PCURVE_S1.);
#14030 = CIRCLE('',#14031,1.25);
#14031 = AXIS2_PLACEMENT_3D('',#14032,#14033,#14034);
#14032 = CARTESIAN_POINT('',(2.55,960.,25.));
#14033 = DIRECTION('',(1.,0.,0.));
#14034 = DIRECTION('',(-0.,0.,1.));
#14035 = PCURVE('',#13615,#14036);
#14036 = DEFINITIONAL_REPRESENTATION('',(#14037),#14041);
#14037 = LINE('',#14038,#14039);
#14038 = CARTESIAN_POINT('',(4.712388980385,-2.6));
#14039 = VECTOR('',#14040,1.);
#14040 = DIRECTION('',(-1.,0.));
#14041 = ( GEOMETRIC_REPRESENTATION_CONTEXT(2) 
PARAMETRIC_REPRESENTATION_CONTEXT() REPRESENTATION_CONTEXT('2D SPACE',''
  ) );
#14042 = PCURVE('',#13823,#14043);
#14043 = DEFINITIONAL_REPRESENTATION('',(#14044),#14048);
#14044 = LINE('',#14045,#14046);
#14045 = CARTESIAN_POINT('',(-0.,-2.6));
#14046 = VECTOR('',#14047,1.);
#14047 = DIRECTION('',(-1.,-0.));
#14048 = ( GEOMETRIC_REPRESENTATION_CONTEXT(2) 
PARAMETRIC_REPRESENTATION_CONTEXT() REPRESENTATION_CONTEXT('2D SPACE',''
  ) );
#14049 = ORIENTED_EDGE('',*,*,#13981,.T.);
#14050 = ORIENTED_EDGE('',*,*,#13594,.F.);
#14051 = ADVANCED_FACE('',(#14052),#13650,.F.);
#14052 = FACE_BOUND('',#14053,.T.);
#14053 = EDGE_LOOP('',(#14054,#14077,#14101,#14123,#14124));
#14054 = ORIENTED_EDGE('',*,*,#14055,.F.);
#14055 = EDGE_CURVE('',#14056,#13630,#14058,.T.);
#14056 = VERTEX_POINT('',#14057);
#14057 = CARTESIAN_POINT('',(2.55,41.25,120.));
#14058 = SEAM_CURVE('',#14059,(#14063,#14070),.PCURVE_S1.);
#14059 = LINE('',#14060,#14061);
#14060 = CARTESIAN_POINT('',(-5.E-02,41.25,120.));
#14061 = VECTOR('',#14062,1.);
#14062 = DIRECTION('',(1.,0.,0.));
#14063 = PCURVE('',#13650,#14064);
#14064 = DEFINITIONAL_REPRESENTATION('',(#14065),#14069);
#14065 = LINE('',#14066,#14067);
#14066 = CARTESIAN_POINT('',(-6.28318530718,0.));
#14067 = VECTOR('',#14068,1.);
#14068 = DIRECTION('',(-0.,-1.));
#14069 = ( GEOMETRIC_REPRESENTATION_CONTEXT(2) 
PARAMETRIC_REPRESENTATION_CONTEXT() REPRESENTATION_CONTEXT('2D SPACE',''
  ) );
#14070 = PCURVE('',#13650,#14071);
#14071 = DEFINITIONAL_REPRESENTATION('',(#14072),#14076);
#14072 = LINE('',#14073,#14074);
#14073 = CARTESIAN_POINT('',(-0.,0.));
#14074 = VECTOR('',#14075,1.);
#14075 = DIRECTION('',(-0.,-1.));
#14076 = ( GEOMETRIC_REPRESENTATION_CONTEXT(2) 
PARAMETRIC_REPRESENTATION_CONTEXT() REPRESENTATION_CONTEXT('2D SPACE',''
  ) );
#14077 = ORIENTED_EDGE('',*,*,#14078,.F.);
#14078 = EDGE_CURVE('',#14079,#14056,#14081,.T.);
#14079 = VERTEX_POINT('',#14080);
#14080 = CARTESIAN_POINT('',(2.55,40.,121.25));
#14081 = SURFACE_CURVE('',#14082,(#14087,#14094),.PCURVE_S1.);
#14082 = CIRCLE('',#14083,1.25);
#14083 = AXIS2_PLACEMENT_3D('',#14084,#14085,#14086);
#14084 = CARTESIAN_POINT('',(2.55,40.,120.));
#14085 = DIRECTION('',(1.,0.,0.));
#14086 = DIRECTION('',(-0.,0.,1.));
#14087 = PCURVE('',#13650,#14088);
#14088 = DEFINITIONAL_REPRESENTATION('',(#14089),#14093);
#14089 = LINE('',#14090,#14091);
#14090 = CARTESIAN_POINT('',(-1.570796326795,-2.6));
#14091 = VECTOR('',#14092,1.);
#14092 = DIRECTION('',(-1.,0.));
#14093 = ( GEOMETRIC_REPRESENTATION_CONTEXT(2) 
PARAMETRIC_REPRESENTATION_CONTEXT() REPRESENTATION_CONTEXT('2D SPACE',''
  ) );
#14094 = PCURVE('',#13854,#14095);
#14095 = DEFINITIONAL_REPRESENTATION('',(#14096),#14100);
#14096 = LINE('',#14097,#14098);
#14097 = CARTESIAN_POINT('',(-0.,-2.6));
#14098 = VECTOR('',#14099,1.);
#14099 = DIRECTION('',(-1.,-0.));
#14100 = ( GEOMETRIC_REPRESENTATION_CONTEXT(2) 
PARAMETRIC_REPRESENTATION_CONTEXT() REPRESENTATION_CONTEXT('2D SPACE',''
  ) );
#14101 = ORIENTED_EDGE('',*,*,#14102,.F.);
#14102 = EDGE_CURVE('',#14056,#14079,#14103,.T.);
#14103 = SURFACE_CURVE('',#14104,(#14109,#14116),.PCURVE_S1.);
#14104 = CIRCLE('',#14105,1.25);
#14105 = AXIS2_PLACEMENT_3D('',#14106,#14107,#14108);
#14106 = CARTESIAN_POINT('',(2.55,40.,120.));
#14107 = DIRECTION('',(1.,0.,0.));
#14108 = DIRECTION('',(-0.,0.,1.));
#14109 = PCURVE('',#13650,#14110);
#14110 = DEFINITIONAL_REPRESENTATION('',(#14111),#14115);
#14111 = LINE('',#14112,#14113);
#14112 = CARTESIAN_POINT('',(4.712388980385,-2.6));
#14113 = VECTOR('',#14114,1.);
#14114 = DIRECTION('',(-1.,0.));
#14115 = ( GEOMETRIC_REPRESENTATION_CONTEXT(2) 
PARAMETRIC_REPRESENTATION_CONTEXT() REPRESENTATION_CONTEXT('2D SPACE',''
  ) );
#14116 = PCURVE('',#13854,#14117);
#14117 = DEFINITIONAL_REPRESENTATION('',(#14118),#14122);
#14118 = LINE('',#14119,#14120);
#14119 = CARTESIAN_POINT('',(-0.,-2.6));
#14120 = VECTOR('',#14121,1.);
#14121 = DIRECTION('',(-1.,-0.));
#14122 = ( GEOMETRIC_REPRESENTATION_CONTEXT(2) 
PARAMETRIC_REPRESENTATION_CONTEXT() REPRESENTATION_CONTEXT('2D SPACE',''
  ) );
#14123 = ORIENTED_EDGE('',*,*,#14055,.T.);
#14124 = ORIENTED_EDGE('',*,*,#13629,.F.);
#14125 = ADVANCED_FACE('',(#14126),#13685,.F.);
#14126 = FACE_BOUND('',#14127,.T.);
#14127 = EDGE_LOOP('',(#14128,#14151,#14175,#14197,#14198));
#14128 = ORIENTED_EDGE('',*,*,#14129,.F.);
#14129 = EDGE_CURVE('',#14130,#13665,#14132,.T.);
#14130 = VERTEX_POINT('',#14131);
#14131 = CARTESIAN_POINT('',(2.55,961.25,120.));
#14132 = SEAM_CURVE('',#14133,(#14137,#14144),.PCURVE_S1.);
#14133 = LINE('',#14134,#14135);
#14134 = CARTESIAN_POINT('',(-5.E-02,961.25,120.));
#14135 = VECTOR('',#14136,1.);
#14136 = DIRECTION('',(1.,0.,0.));
#14137 = PCURVE('',#13685,#14138);
#14138 = DEFINITIONAL_REPRESENTATION('',(#14139),#14143);
#14139 = LINE('',#14140,#14141);
#14140 = CARTESIAN_POINT('',(-6.28318530718,0.));
#14141 = VECTOR('',#14142,1.);
#14142 = DIRECTION('',(-0.,-1.));
#14143 = ( GEOMETRIC_REPRESENTATION_CONTEXT(2) 
PARAMETRIC_REPRESENTATION_CONTEXT() REPRESENTATION_CONTEXT('2D SPACE',''
  ) );
#14144 = PCURVE('',#13685,#14145);
#14145 = DEFINITIONAL_REPRESENTATION('',(#14146),#14150);
#14146 = LINE('',#14147,#14148);
#14147 = CARTESIAN_POINT('',(-0.,0.));
#14148 = VECTOR('',#14149,1.);
#14149 = DIRECTION('',(-0.,-1.));
#14150 = ( GEOMETRIC_REPRESENTATION_CONTEXT(2) 
PARAMETRIC_REPRESENTATION_CONTEXT() REPRESENTATION_CONTEXT('2D SPACE',''
  ) );
#14151 = ORIENTED_EDGE('',*,*,#14152,.F.);
#14152 = EDGE_CURVE('',#14153,#14130,#14155,.T.);
#14153 = VERTEX_POINT('',#14154);
#14154 = CARTESIAN_POINT('',(2.55,960.,121.25));
#14155 = SURFACE_CURVE('',#14156,(#14161,#14168),.PCURVE_S1.);
#14156 = CIRCLE('',#14157,1.25);
#14157 = AXIS2_PLACEMENT_3D('',#14158,#14159,#14160);
#14158 = CARTESIAN_POINT('',(2.55,960.,120.));
#14159 = DIRECTION('',(1.,0.,0.));
#14160 = DIRECTION('',(-0.,0.,1.));
#14161 = PCURVE('',#13685,#14162);
#14162 = DEFINITIONAL_REPRESENTATION('',(#14163),#14167);
#14163 = LINE('',#14164,#14165);
#14164 = CARTESIAN_POINT('',(-1.570796326795,-2.6));
#14165 = VECTOR('',#14166,1.);
#14166 = DIRECTION('',(-1.,0.));
#14167 = ( GEOMETRIC_REPRESENTATION_CONTEXT(2) 
PARAMETRIC_REPRESENTATION_CONTEXT() REPRESENTATION_CONTEXT('2D SPACE',''
  ) );
#14168 = PCURVE('',#13885,#14169);
#14169 = DEFINITIONAL_REPRESENTATION('',(#14170),#14174);
#14170 = LINE('',#14171,#14172);
#14171 = CARTESIAN_POINT('',(-0.,-2.6));
#14172 = VECTOR('',#14173,1.);
#14173 = DIRECTION('',(-1.,-0.));
#14174 = ( GEOMETRIC_REPRESENTATION_CONTEXT(2) 
PARAMETRIC_REPRESENTATION_CONTEXT() REPRESENTATION_CONTEXT('2D SPACE',''
  ) );
#14175 = ORIENTED_EDGE('',*,*,#14176,.F.);
#14176 = EDGE_CURVE('',#14130,#14153,#14177,.T.);
#14177 = SURFACE_CURVE('',#14178,(#14183,#14190),.PCURVE_S1.);
#14178 = CIRCLE('',#14179,1.25);
#14179 = AXIS2_PLACEMENT_3D('',#14180,#14181,#14182);
#14180 = CARTESIAN_POINT('',(2.55,960.,120.));
#14181 = DIRECTION('',(1.,0.,0.));
#14182 = DIRECTION('',(-0.,0.,1.));
#14183 = PCURVE('',#13685,#14184);
#14184 = DEFINITIONAL_REPRESENTATION('',(#14185),#14189);
#14185 = LINE('',#14186,#14187);
#14186 = CARTESIAN_POINT('',(4.712388980385,-2.6));
#14187 = VECTOR('',#14188,1.);
#14188 = DIRECTION('',(-1.,0.));
#14189 = ( GEOMETRIC_REPRESENTATION_CONTEXT(2) 
PARAMETRIC_REPRESENTATION_CONTEXT() REPRESENTATION_CONTEXT('2D SPACE',''
  ) );
#14190 = PCURVE('',#13885,#14191);
#14191 = DEFINITIONAL_REPRESENTATION('',(#14192),#14196);
#14192 = LINE('',#14193,#14194);
#14193 = CARTESIAN_POINT('',(-0.,-2.6));
#14194 = VECTOR('',#14195,1.);
#14195 = DIRECTION('',(-1.,-0.));
#14196 = ( GEOMETRIC_REPRESENTATION_CONTEXT(2) 
PARAMETRIC_REPRESENTATION_CONTEXT() REPRESENTATION_CONTEXT('2D SPACE',''
  ) );
#14197 = ORIENTED_EDGE('',*,*,#14129,.T.);
#14198 = ORIENTED_EDGE('',*,*,#13664,.F.);
#14199 = ADVANCED_FACE('',(#14200),#13792,.F.);
#14200 = FACE_BOUND('',#14201,.F.);
#14201 = EDGE_LOOP('',(#14202,#14203,#14224,#14225,#14226));
#14202 = ORIENTED_EDGE('',*,*,#13775,.T.);
#14203 = ORIENTED_EDGE('',*,*,#14204,.T.);
#14204 = EDGE_CURVE('',#13776,#13931,#14205,.T.);
#14205 = SEAM_CURVE('',#14206,(#14210,#14217),.PCURVE_S1.);
#14206 = LINE('',#14207,#14208);
#14207 = CARTESIAN_POINT('',(-5.E-02,40.,28.85));
#14208 = VECTOR('',#14209,1.);
#14209 = DIRECTION('',(0.707106781187,-1.731912112471E-16,
    -0.707106781187));
#14210 = PCURVE('',#13792,#14211);
#14211 = DEFINITIONAL_REPRESENTATION('',(#14212),#14216);
#14212 = LINE('',#14213,#14214);
#14213 = CARTESIAN_POINT('',(0.,-0.));
#14214 = VECTOR('',#14215,1.);
#14215 = DIRECTION('',(-0.,-1.));
#14216 = ( GEOMETRIC_REPRESENTATION_CONTEXT(2) 
PARAMETRIC_REPRESENTATION_CONTEXT() REPRESENTATION_CONTEXT('2D SPACE',''
  ) );
#14217 = PCURVE('',#13792,#14218);
#14218 = DEFINITIONAL_REPRESENTATION('',(#14219),#14223);
#14219 = LINE('',#14220,#14221);
#14220 = CARTESIAN_POINT('',(-6.28318530718,0.));
#14221 = VECTOR('',#14222,1.);
#14222 = DIRECTION('',(-0.,-1.));
#14223 = ( GEOMETRIC_REPRESENTATION_CONTEXT(2) 
PARAMETRIC_REPRESENTATION_CONTEXT() REPRESENTATION_CONTEXT('2D SPACE',''
  ) );
#14224 = ORIENTED_EDGE('',*,*,#13954,.F.);
#14225 = ORIENTED_EDGE('',*,*,#13930,.F.);
#14226 = ORIENTED_EDGE('',*,*,#14204,.F.);
#14227 = ADVANCED_FACE('',(#14228),#13823,.F.);
#14228 = FACE_BOUND('',#14229,.F.);
#14229 = EDGE_LOOP('',(#14230,#14231,#14252,#14253,#14254));
#14230 = ORIENTED_EDGE('',*,*,#13806,.T.);
#14231 = ORIENTED_EDGE('',*,*,#14232,.T.);
#14232 = EDGE_CURVE('',#13807,#14005,#14233,.T.);
#14233 = SEAM_CURVE('',#14234,(#14238,#14245),.PCURVE_S1.);
#14234 = LINE('',#14235,#14236);
#14235 = CARTESIAN_POINT('',(-5.E-02,960.,28.85));
#14236 = VECTOR('',#14237,1.);
#14237 = DIRECTION('',(0.707106781187,-1.731912112471E-16,
    -0.707106781187));
#14238 = PCURVE('',#13823,#14239);
#14239 = DEFINITIONAL_REPRESENTATION('',(#14240),#14244);
#14240 = LINE('',#14241,#14242);
#14241 = CARTESIAN_POINT('',(0.,-0.));
#14242 = VECTOR('',#14243,1.);
#14243 = DIRECTION('',(-0.,-1.));
#14244 = ( GEOMETRIC_REPRESENTATION_CONTEXT(2) 
PARAMETRIC_REPRESENTATION_CONTEXT() REPRESENTATION_CONTEXT('2D SPACE',''
  ) );
#14245 = PCURVE('',#13823,#14246);
#14246 = DEFINITIONAL_REPRESENTATION('',(#14247),#14251);
#14247 = LINE('',#14248,#14249);
#14248 = CARTESIAN_POINT('',(-6.28318530718,0.));
#14249 = VECTOR('',#14250,1.);
#14250 = DIRECTION('',(-0.,-1.));
#14251 = ( GEOMETRIC_REPRESENTATION_CONTEXT(2) 
PARAMETRIC_REPRESENTATION_CONTEXT() REPRESENTATION_CONTEXT('2D SPACE',''
  ) );
#14252 = ORIENTED_EDGE('',*,*,#14028,.F.);
#14253 = ORIENTED_EDGE('',*,*,#14004,.F.);
#14254 = ORIENTED_EDGE('',*,*,#14232,.F.);
#14255 = ADVANCED_FACE('',(#14256),#13854,.F.);
#14256 = FACE_BOUND('',#14257,.F.);
#14257 = EDGE_LOOP('',(#14258,#14259,#14280,#14281,#14282));
#14258 = ORIENTED_EDGE('',*,*,#13837,.T.);
#14259 = ORIENTED_EDGE('',*,*,#14260,.T.);
#14260 = EDGE_CURVE('',#13838,#14079,#14261,.T.);
#14261 = SEAM_CURVE('',#14262,(#14266,#14273),.PCURVE_S1.);
#14262 = LINE('',#14263,#14264);
#14263 = CARTESIAN_POINT('',(-5.E-02,40.,123.85));
#14264 = VECTOR('',#14265,1.);
#14265 = DIRECTION('',(0.707106781187,-1.731912112471E-16,
    -0.707106781187));
#14266 = PCURVE('',#13854,#14267);
#14267 = DEFINITIONAL_REPRESENTATION('',(#14268),#14272);
#14268 = LINE('',#14269,#14270);
#14269 = CARTESIAN_POINT('',(0.,-0.));
#14270 = VECTOR('',#14271,1.);
#14271 = DIRECTION('',(-0.,-1.));
#14272 = ( GEOMETRIC_REPRESENTATION_CONTEXT(2) 
PARAMETRIC_REPRESENTATION_CONTEXT() REPRESENTATION_CONTEXT('2D SPACE',''
  ) );
#14273 = PCURVE('',#13854,#14274);
#14274 = DEFINITIONAL_REPRESENTATION('',(#14275),#14279);
#14275 = LINE('',#14276,#14277);
#14276 = CARTESIAN_POINT('',(-6.28318530718,0.));
#14277 = VECTOR('',#14278,1.);
#14278 = DIRECTION('',(-0.,-1.));
#14279 = ( GEOMETRIC_REPRESENTATION_CONTEXT(2) 
PARAMETRIC_REPRESENTATION_CONTEXT() REPRESENTATION_CONTEXT('2D SPACE',''
  ) );
#14280 = ORIENTED_EDGE('',*,*,#14102,.F.);
#14281 = ORIENTED_EDGE('',*,*,#14078,.F.);
#14282 = ORIENTED_EDGE('',*,*,#14260,.F.);
#14283 = ADVANCED_FACE('',(#14284),#13885,.F.);
#14284 = FACE_BOUND('',#14285,.F.);
#14285 = EDGE_LOOP('',(#14286,#14287,#14308,#14309,#14310));
#14286 = ORIENTED_EDGE('',*,*,#13868,.T.);
#14287 = ORIENTED_EDGE('',*,*,#14288,.T.);
#14288 = EDGE_CURVE('',#13869,#14153,#14289,.T.);
#14289 = SEAM_CURVE('',#14290,(#14294,#14301),.PCURVE_S1.);
#14290 = LINE('',#14291,#14292);
#14291 = CARTESIAN_POINT('',(-5.E-02,960.,123.85));
#14292 = VECTOR('',#14293,1.);
#14293 = DIRECTION('',(0.707106781187,-1.731912112471E-16,
    -0.707106781187));
#14294 = PCURVE('',#13885,#14295);
#14295 = DEFINITIONAL_REPRESENTATION('',(#14296),#14300);
#14296 = LINE('',#14297,#14298);
#14297 = CARTESIAN_POINT('',(0.,-0.));
#14298 = VECTOR('',#14299,1.);
#14299 = DIRECTION('',(-0.,-1.));
#14300 = ( GEOMETRIC_REPRESENTATION_CONTEXT(2) 
PARAMETRIC_REPRESENTATION_CONTEXT() REPRESENTATION_CONTEXT('2D SPACE',''
  ) );
#14301 = PCURVE('',#13885,#14302);
#14302 = DEFINITIONAL_REPRESENTATION('',(#14303),#14307);
#14303 = LINE('',#14304,#14305);
#14304 = CARTESIAN_POINT('',(-6.28318530718,0.));
#14305 = VECTOR('',#14306,1.);
#14306 = DIRECTION('',(-0.,-1.));
#14307 = ( GEOMETRIC_REPRESENTATION_CONTEXT(2) 
PARAMETRIC_REPRESENTATION_CONTEXT() REPRESENTATION_CONTEXT('2D SPACE',''
  ) );
#14308 = ORIENTED_EDGE('',*,*,#14176,.F.);
#14309 = ORIENTED_EDGE('',*,*,#14152,.F.);
#14310 = ORIENTED_EDGE('',*,*,#14288,.F.);
#14311 = ( GEOMETRIC_REPRESENTATION_CONTEXT(3) 
GLOBAL_UNCERTAINTY_ASSIGNED_CONTEXT((#14315)) 
GLOBAL_UNIT_ASSIGNED_CONTEXT((#14312,#14313,#14314)) 
REPRESENTATION_CONTEXT('Context #1',
  '3D Context with UNIT and UNCERTAINTY') );
#14312 = ( LENGTH_UNIT() NAMED_UNIT(*) SI_UNIT(.MILLI.,.METRE.) );
#14313 = ( NAMED_UNIT(*) PLANE_ANGLE_UNIT() SI_UNIT($,.RADIAN.) );
#14314 = ( NAMED_UNIT(*) SI_UNIT($,.STERADIAN.) SOLID_ANGLE_UNIT() );
#14315 = UNCERTAINTY_MEASURE_WITH_UNIT(LENGTH_MEASURE(1.E-07),#14312,
  'distance_accuracy_value','confusion accuracy');
#14316 = CONTEXT_DEPENDENT_SHAPE_REPRESENTATION(#14317,#14319);
#14317 = ( REPRESENTATION_RELATIONSHIP('','',#13308,#10) 
REPRESENTATION_RELATIONSHIP_WITH_TRANSFORMATION(#14318) 
SHAPE_REPRESENTATION_RELATIONSHIP() );
#14318 = ITEM_DEFINED_TRANSFORMATION('','',#11,#47);
#14319 = PRODUCT_DEFINITION_SHAPE('Placement','Placement of an item',
  #14320);
#14320 = NEXT_ASSEMBLY_USAGE_OCCURRENCE('9','left_1','',#5,#13303,$);
#14321 = PRODUCT_RELATED_PRODUCT_CATEGORY('part',$,(#13305));
#14322 = SHAPE_DEFINITION_REPRESENTATION(#14323,#14329);
#14323 = PRODUCT_DEFINITION_SHAPE('','',#14324);
#14324 = PRODUCT_DEFINITION('design','',#14325,#14328);
#14325 = PRODUCT_DEFINITION_FORMATION('','',#14326);
#14326 = PRODUCT('left_2','left_2','',(#14327));
#14327 = PRODUCT_CONTEXT('',#2,'mechanical');
#14328 = PRODUCT_DEFINITION_CONTEXT('part definition',#2,'design');
#14329 = ADVANCED_BREP_SHAPE_REPRESENTATION('',(#11,#14330),#15332);
#14330 = MANIFOLD_SOLID_BREP('',#14331);
#14331 = CLOSED_SHELL('',(#14332,#14452,#14528,#14717,#14766,#14917,
    #14924,#14998,#15072,#15146,#15220,#15248,#15276,#15304));
#14332 = ADVANCED_FACE('',(#14333),#14347,.F.);
#14333 = FACE_BOUND('',#14334,.F.);
#14334 = EDGE_LOOP('',(#14335,#14370,#14398,#14426));
#14335 = ORIENTED_EDGE('',*,*,#14336,.F.);
#14336 = EDGE_CURVE('',#14337,#14339,#14341,.T.);
#14337 = VERTEX_POINT('',#14338);
#14338 = CARTESIAN_POINT('',(0.,20.,145.));
#14339 = VERTEX_POINT('',#14340);
#14340 = CARTESIAN_POINT('',(20.,20.,145.));
#14341 = SURFACE_CURVE('',#14342,(#14346,#14358),.PCURVE_S1.);
#14342 = LINE('',#14343,#14344);
#14343 = CARTESIAN_POINT('',(0.,20.,145.));
#14344 = VECTOR('',#14345,1.);
#14345 = DIRECTION('',(1.,0.,0.));
#14346 = PCURVE('',#14347,#14352);
#14347 = PLANE('',#14348);
#14348 = AXIS2_PLACEMENT_3D('',#14349,#14350,#14351);
#14349 = CARTESIAN_POINT('',(0.,20.,145.));
#14350 = DIRECTION('',(0.,1.,0.));
#14351 = DIRECTION('',(1.,0.,0.));
#14352 = DEFINITIONAL_REPRESENTATION('',(#14353),#14357);
#14353 = LINE('',#14354,#14355);
#14354 = CARTESIAN_POINT('',(0.,0.));
#14355 = VECTOR('',#14356,1.);
#14356 = DIRECTION('',(1.,0.));
#14357 = ( GEOMETRIC_REPRESENTATION_CONTEXT(2) 
PARAMETRIC_REPRESENTATION_CONTEXT() REPRESENTATION_CONTEXT('2D SPACE',''
  ) );
#14358 = PCURVE('',#14359,#14364);
#14359 = PLANE('',#14360);
#14360 = AXIS2_PLACEMENT_3D('',#14361,#14362,#14363);
#14361 = CARTESIAN_POINT('',(0.,20.,145.));
#14362 = DIRECTION('',(0.,0.,1.));
#14363 = DIRECTION('',(1.,0.,0.));
#14364 = DEFINITIONAL_REPRESENTATION('',(#14365),#14369);
#14365 = LINE('',#14366,#14367);
#14366 = CARTESIAN_POINT('',(0.,0.));
#14367 = VECTOR('',#14368,1.);
#14368 = DIRECTION('',(1.,0.));
#14369 = ( GEOMETRIC_REPRESENTATION_CONTEXT(2) 
PARAMETRIC_REPRESENTATION_CONTEXT() REPRESENTATION_CONTEXT('2D SPACE',''
  ) );
#14370 = ORIENTED_EDGE('',*,*,#14371,.T.);
#14371 = EDGE_CURVE('',#14337,#14372,#14374,.T.);
#14372 = VERTEX_POINT('',#14373);
#14373 = CARTESIAN_POINT('',(0.,20.,290.));
#14374 = SURFACE_CURVE('',#14375,(#14379,#14386),.PCURVE_S1.);
#14375 = LINE('',#14376,#14377);
#14376 = CARTESIAN_POINT('',(0.,20.,145.));
#14377 = VECTOR('',#14378,1.);
#14378 = DIRECTION('',(0.,0.,1.));
#14379 = PCURVE('',#14347,#14380);
#14380 = DEFINITIONAL_REPRESENTATION('',(#14381),#14385);
#14381 = LINE('',#14382,#14383);
#14382 = CARTESIAN_POINT('',(0.,0.));
#14383 = VECTOR('',#14384,1.);
#14384 = DIRECTION('',(0.,-1.));
#14385 = ( GEOMETRIC_REPRESENTATION_CONTEXT(2) 
PARAMETRIC_REPRESENTATION_CONTEXT() REPRESENTATION_CONTEXT('2D SPACE',''
  ) );
#14386 = PCURVE('',#14387,#14392);
#14387 = PLANE('',#14388);
#14388 = AXIS2_PLACEMENT_3D('',#14389,#14390,#14391);
#14389 = CARTESIAN_POINT('',(0.,20.,145.));
#14390 = DIRECTION('',(1.,0.,0.));
#14391 = DIRECTION('',(0.,1.,0.));
#14392 = DEFINITIONAL_REPRESENTATION('',(#14393),#14397);
#14393 = LINE('',#14394,#14395);
#14394 = CARTESIAN_POINT('',(0.,0.));
#14395 = VECTOR('',#14396,1.);
#14396 = DIRECTION('',(0.,1.));
#14397 = ( GEOMETRIC_REPRESENTATION_CONTEXT(2) 
PARAMETRIC_REPRESENTATION_CONTEXT() REPRESENTATION_CONTEXT('2D SPACE',''
  ) );
#14398 = ORIENTED_EDGE('',*,*,#14399,.T.);
#14399 = EDGE_CURVE('',#14372,#14400,#14402,.T.);
#14400 = VERTEX_POINT('',#14401);
#14401 = CARTESIAN_POINT('',(20.,20.,290.));
#14402 = SURFACE_CURVE('',#14403,(#14407,#14414),.PCURVE_S1.);
#14403 = LINE('',#14404,#14405);
#14404 = CARTESIAN_POINT('',(0.,20.,290.));
#14405 = VECTOR('',#14406,1.);
#14406 = DIRECTION('',(1.,0.,0.));
#14407 = PCURVE('',#14347,#14408);
#14408 = DEFINITIONAL_REPRESENTATION('',(#14409),#14413);
#14409 = LINE('',#14410,#14411);
#14410 = CARTESIAN_POINT('',(0.,-145.));
#14411 = VECTOR('',#14412,1.);
#14412 = DIRECTION('',(1.,0.));
#14413 = ( GEOMETRIC_REPRESENTATION_CONTEXT(2) 
PARAMETRIC_REPRESENTATION_CONTEXT() REPRESENTATION_CONTEXT('2D SPACE',''
  ) );
#14414 = PCURVE('',#14415,#14420);
#14415 = PLANE('',#14416);
#14416 = AXIS2_PLACEMENT_3D('',#14417,#14418,#14419);
#14417 = CARTESIAN_POINT('',(0.,20.,290.));
#14418 = DIRECTION('',(0.,0.,1.));
#14419 = DIRECTION('',(1.,0.,0.));
#14420 = DEFINITIONAL_REPRESENTATION('',(#14421),#14425);
#14421 = LINE('',#14422,#14423);
#14422 = CARTESIAN_POINT('',(0.,0.));
#14423 = VECTOR('',#14424,1.);
#14424 = DIRECTION('',(1.,0.));
#14425 = ( GEOMETRIC_REPRESENTATION_CONTEXT(2) 
PARAMETRIC_REPRESENTATION_CONTEXT() REPRESENTATION_CONTEXT('2D SPACE',''
  ) );
#14426 = ORIENTED_EDGE('',*,*,#14427,.F.);
#14427 = EDGE_CURVE('',#14339,#14400,#14428,.T.);
#14428 = SURFACE_CURVE('',#14429,(#14433,#14440),.PCURVE_S1.);
#14429 = LINE('',#14430,#14431);
#14430 = CARTESIAN_POINT('',(20.,20.,145.));
#14431 = VECTOR('',#14432,1.);
#14432 = DIRECTION('',(0.,0.,1.));
#14433 = PCURVE('',#14347,#14434);
#14434 = DEFINITIONAL_REPRESENTATION('',(#14435),#14439);
#14435 = LINE('',#14436,#14437);
#14436 = CARTESIAN_POINT('',(20.,0.));
#14437 = VECTOR('',#14438,1.);
#14438 = DIRECTION('',(0.,-1.));
#14439 = ( GEOMETRIC_REPRESENTATION_CONTEXT(2) 
PARAMETRIC_REPRESENTATION_CONTEXT() REPRESENTATION_CONTEXT('2D SPACE',''
  ) );
#14440 = PCURVE('',#14441,#14446);
#14441 = PLANE('',#14442);
#14442 = AXIS2_PLACEMENT_3D('',#14443,#14444,#14445);
#14443 = CARTESIAN_POINT('',(20.,20.,145.));
#14444 = DIRECTION('',(1.,0.,0.));
#14445 = DIRECTION('',(0.,1.,0.));
#14446 = DEFINITIONAL_REPRESENTATION('',(#14447),#14451);
#14447 = LINE('',#14448,#14449);
#14448 = CARTESIAN_POINT('',(0.,0.));
#14449 = VECTOR('',#14450,1.);
#14450 = DIRECTION('',(0.,1.));
#14451 = ( GEOMETRIC_REPRESENTATION_CONTEXT(2) 
PARAMETRIC_REPRESENTATION_CONTEXT() REPRESENTATION_CONTEXT('2D SPACE',''
  ) );
#14452 = ADVANCED_FACE('',(#14453),#14359,.F.);
#14453 = FACE_BOUND('',#14454,.F.);
#14454 = EDGE_LOOP('',(#14455,#14478,#14479,#14502));
#14455 = ORIENTED_EDGE('',*,*,#14456,.F.);
#14456 = EDGE_CURVE('',#14337,#14457,#14459,.T.);
#14457 = VERTEX_POINT('',#14458);
#14458 = CARTESIAN_POINT('',(0.,980.,145.));
#14459 = SURFACE_CURVE('',#14460,(#14464,#14471),.PCURVE_S1.);
#14460 = LINE('',#14461,#14462);
#14461 = CARTESIAN_POINT('',(0.,20.,145.));
#14462 = VECTOR('',#14463,1.);
#14463 = DIRECTION('',(0.,1.,0.));
#14464 = PCURVE('',#14359,#14465);
#14465 = DEFINITIONAL_REPRESENTATION('',(#14466),#14470);
#14466 = LINE('',#14467,#14468);
#14467 = CARTESIAN_POINT('',(0.,0.));
#14468 = VECTOR('',#14469,1.);
#14469 = DIRECTION('',(0.,1.));
#14470 = ( GEOMETRIC_REPRESENTATION_CONTEXT(2) 
PARAMETRIC_REPRESENTATION_CONTEXT() REPRESENTATION_CONTEXT('2D SPACE',''
  ) );
#14471 = PCURVE('',#14387,#14472);
#14472 = DEFINITIONAL_REPRESENTATION('',(#14473),#14477);
#14473 = LINE('',#14474,#14475);
#14474 = CARTESIAN_POINT('',(0.,0.));
#14475 = VECTOR('',#14476,1.);
#14476 = DIRECTION('',(1.,0.));
#14477 = ( GEOMETRIC_REPRESENTATION_CONTEXT(2) 
PARAMETRIC_REPRESENTATION_CONTEXT() REPRESENTATION_CONTEXT('2D SPACE',''
  ) );
#14478 = ORIENTED_EDGE('',*,*,#14336,.T.);
#14479 = ORIENTED_EDGE('',*,*,#14480,.T.);
#14480 = EDGE_CURVE('',#14339,#14481,#14483,.T.);
#14481 = VERTEX_POINT('',#14482);
#14482 = CARTESIAN_POINT('',(20.,980.,145.));
#14483 = SURFACE_CURVE('',#14484,(#14488,#14495),.PCURVE_S1.);
#14484 = LINE('',#14485,#14486);
#14485 = CARTESIAN_POINT('',(20.,20.,145.));
#14486 = VECTOR('',#14487,1.);
#14487 = DIRECTION('',(0.,1.,0.));
#14488 = PCURVE('',#14359,#14489);
#14489 = DEFINITIONAL_REPRESENTATION('',(#14490),#14494);
#14490 = LINE('',#14491,#14492);
#14491 = CARTESIAN_POINT('',(20.,0.));
#14492 = VECTOR('',#14493,1.);
#14493 = DIRECTION('',(0.,1.));
#14494 = ( GEOMETRIC_REPRESENTATION_CONTEXT(2) 
PARAMETRIC_REPRESENTATION_CONTEXT() REPRESENTATION_CONTEXT('2D SPACE',''
  ) );
#14495 = PCURVE('',#14441,#14496);
#14496 = DEFINITIONAL_REPRESENTATION('',(#14497),#14501);
#14497 = LINE('',#14498,#14499);
#14498 = CARTESIAN_POINT('',(0.,0.));
#14499 = VECTOR('',#14500,1.);
#14500 = DIRECTION('',(1.,0.));
#14501 = ( GEOMETRIC_REPRESENTATION_CONTEXT(2) 
PARAMETRIC_REPRESENTATION_CONTEXT() REPRESENTATION_CONTEXT('2D SPACE',''
  ) );
#14502 = ORIENTED_EDGE('',*,*,#14503,.F.);
#14503 = EDGE_CURVE('',#14457,#14481,#14504,.T.);
#14504 = SURFACE_CURVE('',#14505,(#14509,#14516),.PCURVE_S1.);
#14505 = LINE('',#14506,#14507);
#14506 = CARTESIAN_POINT('',(0.,980.,145.));
#14507 = VECTOR('',#14508,1.);
#14508 = DIRECTION('',(1.,0.,0.));
#14509 = PCURVE('',#14359,#14510);
#14510 = DEFINITIONAL_REPRESENTATION('',(#14511),#14515);
#14511 = LINE('',#14512,#14513);
#14512 = CARTESIAN_POINT('',(0.,960.));
#14513 = VECTOR('',#14514,1.);
#14514 = DIRECTION('',(1.,0.));
#14515 = ( GEOMETRIC_REPRESENTATION_CONTEXT(2) 
PARAMETRIC_REPRESENTATION_CONTEXT() REPRESENTATION_CONTEXT('2D SPACE',''
  ) );
#14516 = PCURVE('',#14517,#14522);
#14517 = PLANE('',#14518);
#14518 = AXIS2_PLACEMENT_3D('',#14519,#14520,#14521);
#14519 = CARTESIAN_POINT('',(0.,980.,145.));
#14520 = DIRECTION('',(0.,1.,0.));
#14521 = DIRECTION('',(1.,0.,0.));
#14522 = DEFINITIONAL_REPRESENTATION('',(#14523),#14527);
#14523 = LINE('',#14524,#14525);
#14524 = CARTESIAN_POINT('',(0.,0.));
#14525 = VECTOR('',#14526,1.);
#14526 = DIRECTION('',(1.,0.));
#14527 = ( GEOMETRIC_REPRESENTATION_CONTEXT(2) 
PARAMETRIC_REPRESENTATION_CONTEXT() REPRESENTATION_CONTEXT('2D SPACE',''
  ) );
#14528 = ADVANCED_FACE('',(#14529,#14577,#14612,#14647,#14682),#14441,
  .T.);
#14529 = FACE_BOUND('',#14530,.T.);
#14530 = EDGE_LOOP('',(#14531,#14532,#14533,#14556));
#14531 = ORIENTED_EDGE('',*,*,#14427,.F.);
#14532 = ORIENTED_EDGE('',*,*,#14480,.T.);
#14533 = ORIENTED_EDGE('',*,*,#14534,.T.);
#14534 = EDGE_CURVE('',#14481,#14535,#14537,.T.);
#14535 = VERTEX_POINT('',#14536);
#14536 = CARTESIAN_POINT('',(20.,980.,290.));
#14537 = SURFACE_CURVE('',#14538,(#14542,#14549),.PCURVE_S1.);
#14538 = LINE('',#14539,#14540);
#14539 = CARTESIAN_POINT('',(20.,980.,145.));
#14540 = VECTOR('',#14541,1.);
#14541 = DIRECTION('',(0.,0.,1.));
#14542 = PCURVE('',#14441,#14543);
#14543 = DEFINITIONAL_REPRESENTATION('',(#14544),#14548);
#14544 = LINE('',#14545,#14546);
#14545 = CARTESIAN_POINT('',(960.,0.));
#14546 = VECTOR('',#14547,1.);
#14547 = DIRECTION('',(0.,1.));
#14548 = ( GEOMETRIC_REPRESENTATION_CONTEXT(2) 
PARAMETRIC_REPRESENTATION_CONTEXT() REPRESENTATION_CONTEXT('2D SPACE',''
  ) );
#14549 = PCURVE('',#14517,#14550);
#14550 = DEFINITIONAL_REPRESENTATION('',(#14551),#14555);
#14551 = LINE('',#14552,#14553);
#14552 = CARTESIAN_POINT('',(20.,0.));
#14553 = VECTOR('',#14554,1.);
#14554 = DIRECTION('',(0.,-1.));
#14555 = ( GEOMETRIC_REPRESENTATION_CONTEXT(2) 
PARAMETRIC_REPRESENTATION_CONTEXT() REPRESENTATION_CONTEXT('2D SPACE',''
  ) );
#14556 = ORIENTED_EDGE('',*,*,#14557,.F.);
#14557 = EDGE_CURVE('',#14400,#14535,#14558,.T.);
#14558 = SURFACE_CURVE('',#14559,(#14563,#14570),.PCURVE_S1.);
#14559 = LINE('',#14560,#14561);
#14560 = CARTESIAN_POINT('',(20.,20.,290.));
#14561 = VECTOR('',#14562,1.);
#14562 = DIRECTION('',(0.,1.,0.));
#14563 = PCURVE('',#14441,#14564);
#14564 = DEFINITIONAL_REPRESENTATION('',(#14565),#14569);
#14565 = LINE('',#14566,#14567);
#14566 = CARTESIAN_POINT('',(0.,145.));
#14567 = VECTOR('',#14568,1.);
#14568 = DIRECTION('',(1.,0.));
#14569 = ( GEOMETRIC_REPRESENTATION_CONTEXT(2) 
PARAMETRIC_REPRESENTATION_CONTEXT() REPRESENTATION_CONTEXT('2D SPACE',''
  ) );
#14570 = PCURVE('',#14415,#14571);
#14571 = DEFINITIONAL_REPRESENTATION('',(#14572),#14576);
#14572 = LINE('',#14573,#14574);
#14573 = CARTESIAN_POINT('',(20.,0.));
#14574 = VECTOR('',#14575,1.);
#14575 = DIRECTION('',(0.,1.));
#14576 = ( GEOMETRIC_REPRESENTATION_CONTEXT(2) 
PARAMETRIC_REPRESENTATION_CONTEXT() REPRESENTATION_CONTEXT('2D SPACE',''
  ) );
#14577 = FACE_BOUND('',#14578,.T.);
#14578 = EDGE_LOOP('',(#14579));
#14579 = ORIENTED_EDGE('',*,*,#14580,.T.);
#14580 = EDGE_CURVE('',#14581,#14581,#14583,.T.);
#14581 = VERTEX_POINT('',#14582);
#14582 = CARTESIAN_POINT('',(20.,41.25,170.));
#14583 = SURFACE_CURVE('',#14584,(#14589,#14600),.PCURVE_S1.);
#14584 = CIRCLE('',#14585,1.25);
#14585 = AXIS2_PLACEMENT_3D('',#14586,#14587,#14588);
#14586 = CARTESIAN_POINT('',(20.,40.,170.));
#14587 = DIRECTION('',(-1.,0.,0.));
#14588 = DIRECTION('',(0.,1.,0.));
#14589 = PCURVE('',#14441,#14590);
#14590 = DEFINITIONAL_REPRESENTATION('',(#14591),#14599);
#14591 = ( BOUNDED_CURVE() B_SPLINE_CURVE(2,(#14592,#14593,#14594,#14595
    ,#14596,#14597,#14598),.UNSPECIFIED.,.T.,.F.) 
B_SPLINE_CURVE_WITH_KNOTS((1,2,2,2,2,1),(-2.094395102393,0.,
    2.094395102393,4.188790204786,6.28318530718,8.377580409573),
.UNSPECIFIED.) CURVE() GEOMETRIC_REPRESENTATION_ITEM() 
RATIONAL_B_SPLINE_CURVE((1.,0.5,1.,0.5,1.,0.5,1.)) REPRESENTATION_ITEM(
  '') );
#14592 = CARTESIAN_POINT('',(21.25,25.));
#14593 = CARTESIAN_POINT('',(21.25,22.834936490539));
#14594 = CARTESIAN_POINT('',(19.375,23.917468245269));
#14595 = CARTESIAN_POINT('',(17.5,25.));
#14596 = CARTESIAN_POINT('',(19.375,26.082531754731));
#14597 = CARTESIAN_POINT('',(21.25,27.165063509461));
#14598 = CARTESIAN_POINT('',(21.25,25.));
#14599 = ( GEOMETRIC_REPRESENTATION_CONTEXT(2) 
PARAMETRIC_REPRESENTATION_CONTEXT() REPRESENTATION_CONTEXT('2D SPACE',''
  ) );
#14600 = PCURVE('',#14601,#14606);
#14601 = CYLINDRICAL_SURFACE('',#14602,1.25);
#14602 = AXIS2_PLACEMENT_3D('',#14603,#14604,#14605);
#14603 = CARTESIAN_POINT('',(-5.E-02,40.,170.));
#14604 = DIRECTION('',(-1.,-0.,-0.));
#14605 = DIRECTION('',(0.,1.,0.));
#14606 = DEFINITIONAL_REPRESENTATION('',(#14607),#14611);
#14607 = LINE('',#14608,#14609);
#14608 = CARTESIAN_POINT('',(-6.28318530718,-20.05));
#14609 = VECTOR('',#14610,1.);
#14610 = DIRECTION('',(1.,-0.));
#14611 = ( GEOMETRIC_REPRESENTATION_CONTEXT(2) 
PARAMETRIC_REPRESENTATION_CONTEXT() REPRESENTATION_CONTEXT('2D SPACE',''
  ) );
#14612 = FACE_BOUND('',#14613,.T.);
#14613 = EDGE_LOOP('',(#14614));
#14614 = ORIENTED_EDGE('',*,*,#14615,.T.);
#14615 = EDGE_CURVE('',#14616,#14616,#14618,.T.);
#14616 = VERTEX_POINT('',#14617);
#14617 = CARTESIAN_POINT('',(20.,961.25,170.));
#14618 = SURFACE_CURVE('',#14619,(#14624,#14635),.PCURVE_S1.);
#14619 = CIRCLE('',#14620,1.25);
#14620 = AXIS2_PLACEMENT_3D('',#14621,#14622,#14623);
#14621 = CARTESIAN_POINT('',(20.,960.,170.));
#14622 = DIRECTION('',(-1.,0.,0.));
#14623 = DIRECTION('',(0.,1.,0.));
#14624 = PCURVE('',#14441,#14625);
#14625 = DEFINITIONAL_REPRESENTATION('',(#14626),#14634);
#14626 = ( BOUNDED_CURVE() B_SPLINE_CURVE(2,(#14627,#14628,#14629,#14630
    ,#14631,#14632,#14633),.UNSPECIFIED.,.T.,.F.) 
B_SPLINE_CURVE_WITH_KNOTS((1,2,2,2,2,1),(-2.094395102393,0.,
    2.094395102393,4.188790204786,6.28318530718,8.377580409573),
.UNSPECIFIED.) CURVE() GEOMETRIC_REPRESENTATION_ITEM() 
RATIONAL_B_SPLINE_CURVE((1.,0.5,1.,0.5,1.,0.5,1.)) REPRESENTATION_ITEM(
  '') );
#14627 = CARTESIAN_POINT('',(941.25,25.));
#14628 = CARTESIAN_POINT('',(941.25,22.834936490539));
#14629 = CARTESIAN_POINT('',(939.375,23.917468245269));
#14630 = CARTESIAN_POINT('',(937.5,25.));
#14631 = CARTESIAN_POINT('',(939.375,26.082531754731));
#14632 = CARTESIAN_POINT('',(941.25,27.165063509461));
#14633 = CARTESIAN_POINT('',(941.25,25.));
#14634 = ( GEOMETRIC_REPRESENTATION_CONTEXT(2) 
PARAMETRIC_REPRESENTATION_CONTEXT() REPRESENTATION_CONTEXT('2D SPACE',''
  ) );
#14635 = PCURVE('',#14636,#14641);
#14636 = CYLINDRICAL_SURFACE('',#14637,1.25);
#14637 = AXIS2_PLACEMENT_3D('',#14638,#14639,#14640);
#14638 = CARTESIAN_POINT('',(-5.E-02,960.,170.));
#14639 = DIRECTION('',(-1.,-0.,-0.));
#14640 = DIRECTION('',(0.,1.,0.));
#14641 = DEFINITIONAL_REPRESENTATION('',(#14642),#14646);
#14642 = LINE('',#14643,#14644);
#14643 = CARTESIAN_POINT('',(-6.28318530718,-20.05));
#14644 = VECTOR('',#14645,1.);
#14645 = DIRECTION('',(1.,-0.));
#14646 = ( GEOMETRIC_REPRESENTATION_CONTEXT(2) 
PARAMETRIC_REPRESENTATION_CONTEXT() REPRESENTATION_CONTEXT('2D SPACE',''
  ) );
#14647 = FACE_BOUND('',#14648,.T.);
#14648 = EDGE_LOOP('',(#14649));
#14649 = ORIENTED_EDGE('',*,*,#14650,.T.);
#14650 = EDGE_CURVE('',#14651,#14651,#14653,.T.);
#14651 = VERTEX_POINT('',#14652);
#14652 = CARTESIAN_POINT('',(20.,41.25,265.));
#14653 = SURFACE_CURVE('',#14654,(#14659,#14670),.PCURVE_S1.);
#14654 = CIRCLE('',#14655,1.25);
#14655 = AXIS2_PLACEMENT_3D('',#14656,#14657,#14658);
#14656 = CARTESIAN_POINT('',(20.,40.,265.));
#14657 = DIRECTION('',(-1.,0.,0.));
#14658 = DIRECTION('',(0.,1.,0.));
#14659 = PCURVE('',#14441,#14660);
#14660 = DEFINITIONAL_REPRESENTATION('',(#14661),#14669);
#14661 = ( BOUNDED_CURVE() B_SPLINE_CURVE(2,(#14662,#14663,#14664,#14665
    ,#14666,#14667,#14668),.UNSPECIFIED.,.T.,.F.) 
B_SPLINE_CURVE_WITH_KNOTS((1,2,2,2,2,1),(-2.094395102393,0.,
    2.094395102393,4.188790204786,6.28318530718,8.377580409573),
.UNSPECIFIED.) CURVE() GEOMETRIC_REPRESENTATION_ITEM() 
RATIONAL_B_SPLINE_CURVE((1.,0.5,1.,0.5,1.,0.5,1.)) REPRESENTATION_ITEM(
  '') );
#14662 = CARTESIAN_POINT('',(21.25,120.));
#14663 = CARTESIAN_POINT('',(21.25,117.83493649053));
#14664 = CARTESIAN_POINT('',(19.375,118.91746824526));
#14665 = CARTESIAN_POINT('',(17.5,120.));
#14666 = CARTESIAN_POINT('',(19.375,121.08253175473));
#14667 = CARTESIAN_POINT('',(21.25,122.16506350946));
#14668 = CARTESIAN_POINT('',(21.25,120.));
#14669 = ( GEOMETRIC_REPRESENTATION_CONTEXT(2) 
PARAMETRIC_REPRESENTATION_CONTEXT() REPRESENTATION_CONTEXT('2D SPACE',''
  ) );
#14670 = PCURVE('',#14671,#14676);
#14671 = CYLINDRICAL_SURFACE('',#14672,1.25);
#14672 = AXIS2_PLACEMENT_3D('',#14673,#14674,#14675);
#14673 = CARTESIAN_POINT('',(-5.E-02,40.,265.));
#14674 = DIRECTION('',(-1.,-0.,-0.));
#14675 = DIRECTION('',(0.,1.,0.));
#14676 = DEFINITIONAL_REPRESENTATION('',(#14677),#14681);
#14677 = LINE('',#14678,#14679);
#14678 = CARTESIAN_POINT('',(-6.28318530718,-20.05));
#14679 = VECTOR('',#14680,1.);
#14680 = DIRECTION('',(1.,-0.));
#14681 = ( GEOMETRIC_REPRESENTATION_CONTEXT(2) 
PARAMETRIC_REPRESENTATION_CONTEXT() REPRESENTATION_CONTEXT('2D SPACE',''
  ) );
#14682 = FACE_BOUND('',#14683,.T.);
#14683 = EDGE_LOOP('',(#14684));
#14684 = ORIENTED_EDGE('',*,*,#14685,.T.);
#14685 = EDGE_CURVE('',#14686,#14686,#14688,.T.);
#14686 = VERTEX_POINT('',#14687);
#14687 = CARTESIAN_POINT('',(20.,961.25,265.));
#14688 = SURFACE_CURVE('',#14689,(#14694,#14705),.PCURVE_S1.);
#14689 = CIRCLE('',#14690,1.25);
#14690 = AXIS2_PLACEMENT_3D('',#14691,#14692,#14693);
#14691 = CARTESIAN_POINT('',(20.,960.,265.));
#14692 = DIRECTION('',(-1.,0.,0.));
#14693 = DIRECTION('',(0.,1.,0.));
#14694 = PCURVE('',#14441,#14695);
#14695 = DEFINITIONAL_REPRESENTATION('',(#14696),#14704);
#14696 = ( BOUNDED_CURVE() B_SPLINE_CURVE(2,(#14697,#14698,#14699,#14700
    ,#14701,#14702,#14703),.UNSPECIFIED.,.T.,.F.) 
B_SPLINE_CURVE_WITH_KNOTS((1,2,2,2,2,1),(-2.094395102393,0.,
    2.094395102393,4.188790204786,6.28318530718,8.377580409573),
.UNSPECIFIED.) CURVE() GEOMETRIC_REPRESENTATION_ITEM() 
RATIONAL_B_SPLINE_CURVE((1.,0.5,1.,0.5,1.,0.5,1.)) REPRESENTATION_ITEM(
  '') );
#14697 = CARTESIAN_POINT('',(941.25,120.));
#14698 = CARTESIAN_POINT('',(941.25,117.83493649053));
#14699 = CARTESIAN_POINT('',(939.375,118.91746824526));
#14700 = CARTESIAN_POINT('',(937.5,120.));
#14701 = CARTESIAN_POINT('',(939.375,121.08253175473));
#14702 = CARTESIAN_POINT('',(941.25,122.16506350946));
#14703 = CARTESIAN_POINT('',(941.25,120.));
#14704 = ( GEOMETRIC_REPRESENTATION_CONTEXT(2) 
PARAMETRIC_REPRESENTATION_CONTEXT() REPRESENTATION_CONTEXT('2D SPACE',''
  ) );
#14705 = PCURVE('',#14706,#14711);
#14706 = CYLINDRICAL_SURFACE('',#14707,1.25);
#14707 = AXIS2_PLACEMENT_3D('',#14708,#14709,#14710);
#14708 = CARTESIAN_POINT('',(-5.E-02,960.,265.));
#14709 = DIRECTION('',(-1.,-0.,-0.));
#14710 = DIRECTION('',(0.,1.,0.));
#14711 = DEFINITIONAL_REPRESENTATION('',(#14712),#14716);
#14712 = LINE('',#14713,#14714);
#14713 = CARTESIAN_POINT('',(-6.28318530718,-20.05));
#14714 = VECTOR('',#14715,1.);
#14715 = DIRECTION('',(1.,-0.));
#14716 = ( GEOMETRIC_REPRESENTATION_CONTEXT(2) 
PARAMETRIC_REPRESENTATION_CONTEXT() REPRESENTATION_CONTEXT('2D SPACE',''
  ) );
#14717 = ADVANCED_FACE('',(#14718),#14415,.T.);
#14718 = FACE_BOUND('',#14719,.T.);
#14719 = EDGE_LOOP('',(#14720,#14743,#14744,#14745));
#14720 = ORIENTED_EDGE('',*,*,#14721,.F.);
#14721 = EDGE_CURVE('',#14372,#14722,#14724,.T.);
#14722 = VERTEX_POINT('',#14723);
#14723 = CARTESIAN_POINT('',(0.,980.,290.));
#14724 = SURFACE_CURVE('',#14725,(#14729,#14736),.PCURVE_S1.);
#14725 = LINE('',#14726,#14727);
#14726 = CARTESIAN_POINT('',(0.,20.,290.));
#14727 = VECTOR('',#14728,1.);
#14728 = DIRECTION('',(0.,1.,0.));
#14729 = PCURVE('',#14415,#14730);
#14730 = DEFINITIONAL_REPRESENTATION('',(#14731),#14735);
#14731 = LINE('',#14732,#14733);
#14732 = CARTESIAN_POINT('',(0.,0.));
#14733 = VECTOR('',#14734,1.);
#14734 = DIRECTION('',(0.,1.));
#14735 = ( GEOMETRIC_REPRESENTATION_CONTEXT(2) 
PARAMETRIC_REPRESENTATION_CONTEXT() REPRESENTATION_CONTEXT('2D SPACE',''
  ) );
#14736 = PCURVE('',#14387,#14737);
#14737 = DEFINITIONAL_REPRESENTATION('',(#14738),#14742);
#14738 = LINE('',#14739,#14740);
#14739 = CARTESIAN_POINT('',(0.,145.));
#14740 = VECTOR('',#14741,1.);
#14741 = DIRECTION('',(1.,0.));
#14742 = ( GEOMETRIC_REPRESENTATION_CONTEXT(2) 
PARAMETRIC_REPRESENTATION_CONTEXT() REPRESENTATION_CONTEXT('2D SPACE',''
  ) );
#14743 = ORIENTED_EDGE('',*,*,#14399,.T.);
#14744 = ORIENTED_EDGE('',*,*,#14557,.T.);
#14745 = ORIENTED_EDGE('',*,*,#14746,.F.);
#14746 = EDGE_CURVE('',#14722,#14535,#14747,.T.);
#14747 = SURFACE_CURVE('',#14748,(#14752,#14759),.PCURVE_S1.);
#14748 = LINE('',#14749,#14750);
#14749 = CARTESIAN_POINT('',(0.,980.,290.));
#14750 = VECTOR('',#14751,1.);
#14751 = DIRECTION('',(1.,0.,0.));
#14752 = PCURVE('',#14415,#14753);
#14753 = DEFINITIONAL_REPRESENTATION('',(#14754),#14758);
#14754 = LINE('',#14755,#14756);
#14755 = CARTESIAN_POINT('',(0.,960.));
#14756 = VECTOR('',#14757,1.);
#14757 = DIRECTION('',(1.,0.));
#14758 = ( GEOMETRIC_REPRESENTATION_CONTEXT(2) 
PARAMETRIC_REPRESENTATION_CONTEXT() REPRESENTATION_CONTEXT('2D SPACE',''
  ) );
#14759 = PCURVE('',#14517,#14760);
#14760 = DEFINITIONAL_REPRESENTATION('',(#14761),#14765);
#14761 = LINE('',#14762,#14763);
#14762 = CARTESIAN_POINT('',(0.,-145.));
#14763 = VECTOR('',#14764,1.);
#14764 = DIRECTION('',(1.,0.));
#14765 = ( GEOMETRIC_REPRESENTATION_CONTEXT(2) 
PARAMETRIC_REPRESENTATION_CONTEXT() REPRESENTATION_CONTEXT('2D SPACE',''
  ) );
#14766 = ADVANCED_FACE('',(#14767,#14793,#14824,#14855,#14886),#14387,
  .F.);
#14767 = FACE_BOUND('',#14768,.F.);
#14768 = EDGE_LOOP('',(#14769,#14770,#14771,#14792));
#14769 = ORIENTED_EDGE('',*,*,#14371,.F.);
#14770 = ORIENTED_EDGE('',*,*,#14456,.T.);
#14771 = ORIENTED_EDGE('',*,*,#14772,.T.);
#14772 = EDGE_CURVE('',#14457,#14722,#14773,.T.);
#14773 = SURFACE_CURVE('',#14774,(#14778,#14785),.PCURVE_S1.);
#14774 = LINE('',#14775,#14776);
#14775 = CARTESIAN_POINT('',(0.,980.,145.));
#14776 = VECTOR('',#14777,1.);
#14777 = DIRECTION('',(0.,0.,1.));
#14778 = PCURVE('',#14387,#14779);
#14779 = DEFINITIONAL_REPRESENTATION('',(#14780),#14784);
#14780 = LINE('',#14781,#14782);
#14781 = CARTESIAN_POINT('',(960.,0.));
#14782 = VECTOR('',#14783,1.);
#14783 = DIRECTION('',(0.,1.));
#14784 = ( GEOMETRIC_REPRESENTATION_CONTEXT(2) 
PARAMETRIC_REPRESENTATION_CONTEXT() REPRESENTATION_CONTEXT('2D SPACE',''
  ) );
#14785 = PCURVE('',#14517,#14786);
#14786 = DEFINITIONAL_REPRESENTATION('',(#14787),#14791);
#14787 = LINE('',#14788,#14789);
#14788 = CARTESIAN_POINT('',(0.,0.));
#14789 = VECTOR('',#14790,1.);
#14790 = DIRECTION('',(0.,-1.));
#14791 = ( GEOMETRIC_REPRESENTATION_CONTEXT(2) 
PARAMETRIC_REPRESENTATION_CONTEXT() REPRESENTATION_CONTEXT('2D SPACE',''
  ) );
#14792 = ORIENTED_EDGE('',*,*,#14721,.F.);
#14793 = FACE_BOUND('',#14794,.F.);
#14794 = EDGE_LOOP('',(#14795));
#14795 = ORIENTED_EDGE('',*,*,#14796,.F.);
#14796 = EDGE_CURVE('',#14797,#14797,#14799,.T.);
#14797 = VERTEX_POINT('',#14798);
#14798 = CARTESIAN_POINT('',(0.,40.,173.8));
#14799 = SURFACE_CURVE('',#14800,(#14805,#14812),.PCURVE_S1.);
#14800 = CIRCLE('',#14801,3.8);
#14801 = AXIS2_PLACEMENT_3D('',#14802,#14803,#14804);
#14802 = CARTESIAN_POINT('',(0.,40.,170.));
#14803 = DIRECTION('',(1.,0.,0.));
#14804 = DIRECTION('',(-0.,0.,1.));
#14805 = PCURVE('',#14387,#14806);
#14806 = DEFINITIONAL_REPRESENTATION('',(#14807),#14811);
#14807 = CIRCLE('',#14808,3.8);
#14808 = AXIS2_PLACEMENT_2D('',#14809,#14810);
#14809 = CARTESIAN_POINT('',(20.,25.));
#14810 = DIRECTION('',(0.,1.));
#14811 = ( GEOMETRIC_REPRESENTATION_CONTEXT(2) 
PARAMETRIC_REPRESENTATION_CONTEXT() REPRESENTATION_CONTEXT('2D SPACE',''
  ) );
#14812 = PCURVE('',#14813,#14818);
#14813 = CONICAL_SURFACE('',#14814,3.85,0.785398163397);
#14814 = AXIS2_PLACEMENT_3D('',#14815,#14816,#14817);
#14815 = CARTESIAN_POINT('',(-5.E-02,40.,170.));
#14816 = DIRECTION('',(-1.,-0.,-0.));
#14817 = DIRECTION('',(-0.,0.,1.));
#14818 = DEFINITIONAL_REPRESENTATION('',(#14819),#14823);
#14819 = LINE('',#14820,#14821);
#14820 = CARTESIAN_POINT('',(-0.,-5.E-02));
#14821 = VECTOR('',#14822,1.);
#14822 = DIRECTION('',(-1.,-0.));
#14823 = ( GEOMETRIC_REPRESENTATION_CONTEXT(2) 
PARAMETRIC_REPRESENTATION_CONTEXT() REPRESENTATION_CONTEXT('2D SPACE',''
  ) );
#14824 = FACE_BOUND('',#14825,.F.);
#14825 = EDGE_LOOP('',(#14826));
#14826 = ORIENTED_EDGE('',*,*,#14827,.F.);
#14827 = EDGE_CURVE('',#14828,#14828,#14830,.T.);
#14828 = VERTEX_POINT('',#14829);
#14829 = CARTESIAN_POINT('',(0.,960.,173.8));
#14830 = SURFACE_CURVE('',#14831,(#14836,#14843),.PCURVE_S1.);
#14831 = CIRCLE('',#14832,3.8);
#14832 = AXIS2_PLACEMENT_3D('',#14833,#14834,#14835);
#14833 = CARTESIAN_POINT('',(0.,960.,170.));
#14834 = DIRECTION('',(1.,0.,0.));
#14835 = DIRECTION('',(-0.,0.,1.));
#14836 = PCURVE('',#14387,#14837);
#14837 = DEFINITIONAL_REPRESENTATION('',(#14838),#14842);
#14838 = CIRCLE('',#14839,3.8);
#14839 = AXIS2_PLACEMENT_2D('',#14840,#14841);
#14840 = CARTESIAN_POINT('',(940.,25.));
#14841 = DIRECTION('',(0.,1.));
#14842 = ( GEOMETRIC_REPRESENTATION_CONTEXT(2) 
PARAMETRIC_REPRESENTATION_CONTEXT() REPRESENTATION_CONTEXT('2D SPACE',''
  ) );
#14843 = PCURVE('',#14844,#14849);
#14844 = CONICAL_SURFACE('',#14845,3.85,0.785398163397);
#14845 = AXIS2_PLACEMENT_3D('',#14846,#14847,#14848);
#14846 = CARTESIAN_POINT('',(-5.E-02,960.,170.));
#14847 = DIRECTION('',(-1.,-0.,-0.));
#14848 = DIRECTION('',(-0.,0.,1.));
#14849 = DEFINITIONAL_REPRESENTATION('',(#14850),#14854);
#14850 = LINE('',#14851,#14852);
#14851 = CARTESIAN_POINT('',(-0.,-5.E-02));
#14852 = VECTOR('',#14853,1.);
#14853 = DIRECTION('',(-1.,-0.));
#14854 = ( GEOMETRIC_REPRESENTATION_CONTEXT(2) 
PARAMETRIC_REPRESENTATION_CONTEXT() REPRESENTATION_CONTEXT('2D SPACE',''
  ) );
#14855 = FACE_BOUND('',#14856,.F.);
#14856 = EDGE_LOOP('',(#14857));
#14857 = ORIENTED_EDGE('',*,*,#14858,.F.);
#14858 = EDGE_CURVE('',#14859,#14859,#14861,.T.);
#14859 = VERTEX_POINT('',#14860);
#14860 = CARTESIAN_POINT('',(0.,40.,268.8));
#14861 = SURFACE_CURVE('',#14862,(#14867,#14874),.PCURVE_S1.);
#14862 = CIRCLE('',#14863,3.8);
#14863 = AXIS2_PLACEMENT_3D('',#14864,#14865,#14866);
#14864 = CARTESIAN_POINT('',(0.,40.,265.));
#14865 = DIRECTION('',(1.,0.,0.));
#14866 = DIRECTION('',(-0.,0.,1.));
#14867 = PCURVE('',#14387,#14868);
#14868 = DEFINITIONAL_REPRESENTATION('',(#14869),#14873);
#14869 = CIRCLE('',#14870,3.8);
#14870 = AXIS2_PLACEMENT_2D('',#14871,#14872);
#14871 = CARTESIAN_POINT('',(20.,120.));
#14872 = DIRECTION('',(0.,1.));
#14873 = ( GEOMETRIC_REPRESENTATION_CONTEXT(2) 
PARAMETRIC_REPRESENTATION_CONTEXT() REPRESENTATION_CONTEXT('2D SPACE',''
  ) );
#14874 = PCURVE('',#14875,#14880);
#14875 = CONICAL_SURFACE('',#14876,3.85,0.785398163397);
#14876 = AXIS2_PLACEMENT_3D('',#14877,#14878,#14879);
#14877 = CARTESIAN_POINT('',(-5.E-02,40.,265.));
#14878 = DIRECTION('',(-1.,-0.,-0.));
#14879 = DIRECTION('',(-0.,0.,1.));
#14880 = DEFINITIONAL_REPRESENTATION('',(#14881),#14885);
#14881 = LINE('',#14882,#14883);
#14882 = CARTESIAN_POINT('',(-0.,-5.E-02));
#14883 = VECTOR('',#14884,1.);
#14884 = DIRECTION('',(-1.,-0.));
#14885 = ( GEOMETRIC_REPRESENTATION_CONTEXT(2) 
PARAMETRIC_REPRESENTATION_CONTEXT() REPRESENTATION_CONTEXT('2D SPACE',''
  ) );
#14886 = FACE_BOUND('',#14887,.F.);
#14887 = EDGE_LOOP('',(#14888));
#14888 = ORIENTED_EDGE('',*,*,#14889,.F.);
#14889 = EDGE_CURVE('',#14890,#14890,#14892,.T.);
#14890 = VERTEX_POINT('',#14891);
#14891 = CARTESIAN_POINT('',(0.,960.,268.8));
#14892 = SURFACE_CURVE('',#14893,(#14898,#14905),.PCURVE_S1.);
#14893 = CIRCLE('',#14894,3.8);
#14894 = AXIS2_PLACEMENT_3D('',#14895,#14896,#14897);
#14895 = CARTESIAN_POINT('',(0.,960.,265.));
#14896 = DIRECTION('',(1.,0.,0.));
#14897 = DIRECTION('',(-0.,0.,1.));
#14898 = PCURVE('',#14387,#14899);
#14899 = DEFINITIONAL_REPRESENTATION('',(#14900),#14904);
#14900 = CIRCLE('',#14901,3.8);
#14901 = AXIS2_PLACEMENT_2D('',#14902,#14903);
#14902 = CARTESIAN_POINT('',(940.,120.));
#14903 = DIRECTION('',(0.,1.));
#14904 = ( GEOMETRIC_REPRESENTATION_CONTEXT(2) 
PARAMETRIC_REPRESENTATION_CONTEXT() REPRESENTATION_CONTEXT('2D SPACE',''
  ) );
#14905 = PCURVE('',#14906,#14911);
#14906 = CONICAL_SURFACE('',#14907,3.85,0.785398163397);
#14907 = AXIS2_PLACEMENT_3D('',#14908,#14909,#14910);
#14908 = CARTESIAN_POINT('',(-5.E-02,960.,265.));
#14909 = DIRECTION('',(-1.,-0.,-0.));
#14910 = DIRECTION('',(-0.,0.,1.));
#14911 = DEFINITIONAL_REPRESENTATION('',(#14912),#14916);
#14912 = LINE('',#14913,#14914);
#14913 = CARTESIAN_POINT('',(-0.,-5.E-02));
#14914 = VECTOR('',#14915,1.);
#14915 = DIRECTION('',(-1.,-0.));
#14916 = ( GEOMETRIC_REPRESENTATION_CONTEXT(2) 
PARAMETRIC_REPRESENTATION_CONTEXT() REPRESENTATION_CONTEXT('2D SPACE',''
  ) );
#14917 = ADVANCED_FACE('',(#14918),#14517,.T.);
#14918 = FACE_BOUND('',#14919,.T.);
#14919 = EDGE_LOOP('',(#14920,#14921,#14922,#14923));
#14920 = ORIENTED_EDGE('',*,*,#14503,.F.);
#14921 = ORIENTED_EDGE('',*,*,#14772,.T.);
#14922 = ORIENTED_EDGE('',*,*,#14746,.T.);
#14923 = ORIENTED_EDGE('',*,*,#14534,.F.);
#14924 = ADVANCED_FACE('',(#14925),#14601,.F.);
#14925 = FACE_BOUND('',#14926,.T.);
#14926 = EDGE_LOOP('',(#14927,#14950,#14974,#14996,#14997));
#14927 = ORIENTED_EDGE('',*,*,#14928,.F.);
#14928 = EDGE_CURVE('',#14929,#14581,#14931,.T.);
#14929 = VERTEX_POINT('',#14930);
#14930 = CARTESIAN_POINT('',(2.55,41.25,170.));
#14931 = SEAM_CURVE('',#14932,(#14936,#14943),.PCURVE_S1.);
#14932 = LINE('',#14933,#14934);
#14933 = CARTESIAN_POINT('',(-5.E-02,41.25,170.));
#14934 = VECTOR('',#14935,1.);
#14935 = DIRECTION('',(1.,0.,0.));
#14936 = PCURVE('',#14601,#14937);
#14937 = DEFINITIONAL_REPRESENTATION('',(#14938),#14942);
#14938 = LINE('',#14939,#14940);
#14939 = CARTESIAN_POINT('',(-6.28318530718,0.));
#14940 = VECTOR('',#14941,1.);
#14941 = DIRECTION('',(-0.,-1.));
#14942 = ( GEOMETRIC_REPRESENTATION_CONTEXT(2) 
PARAMETRIC_REPRESENTATION_CONTEXT() REPRESENTATION_CONTEXT('2D SPACE',''
  ) );
#14943 = PCURVE('',#14601,#14944);
#14944 = DEFINITIONAL_REPRESENTATION('',(#14945),#14949);
#14945 = LINE('',#14946,#14947);
#14946 = CARTESIAN_POINT('',(-0.,0.));
#14947 = VECTOR('',#14948,1.);
#14948 = DIRECTION('',(-0.,-1.));
#14949 = ( GEOMETRIC_REPRESENTATION_CONTEXT(2) 
PARAMETRIC_REPRESENTATION_CONTEXT() REPRESENTATION_CONTEXT('2D SPACE',''
  ) );
#14950 = ORIENTED_EDGE('',*,*,#14951,.F.);
#14951 = EDGE_CURVE('',#14952,#14929,#14954,.T.);
#14952 = VERTEX_POINT('',#14953);
#14953 = CARTESIAN_POINT('',(2.55,40.,171.25));
#14954 = SURFACE_CURVE('',#14955,(#14960,#14967),.PCURVE_S1.);
#14955 = CIRCLE('',#14956,1.25);
#14956 = AXIS2_PLACEMENT_3D('',#14957,#14958,#14959);
#14957 = CARTESIAN_POINT('',(2.55,40.,170.));
#14958 = DIRECTION('',(1.,0.,0.));
#14959 = DIRECTION('',(-0.,0.,1.));
#14960 = PCURVE('',#14601,#14961);
#14961 = DEFINITIONAL_REPRESENTATION('',(#14962),#14966);
#14962 = LINE('',#14963,#14964);
#14963 = CARTESIAN_POINT('',(-1.570796326795,-2.6));
#14964 = VECTOR('',#14965,1.);
#14965 = DIRECTION('',(-1.,0.));
#14966 = ( GEOMETRIC_REPRESENTATION_CONTEXT(2) 
PARAMETRIC_REPRESENTATION_CONTEXT() REPRESENTATION_CONTEXT('2D SPACE',''
  ) );
#14967 = PCURVE('',#14813,#14968);
#14968 = DEFINITIONAL_REPRESENTATION('',(#14969),#14973);
#14969 = LINE('',#14970,#14971);
#14970 = CARTESIAN_POINT('',(-0.,-2.6));
#14971 = VECTOR('',#14972,1.);
#14972 = DIRECTION('',(-1.,-0.));
#14973 = ( GEOMETRIC_REPRESENTATION_CONTEXT(2) 
PARAMETRIC_REPRESENTATION_CONTEXT() REPRESENTATION_CONTEXT('2D SPACE',''
  ) );
#14974 = ORIENTED_EDGE('',*,*,#14975,.F.);
#14975 = EDGE_CURVE('',#14929,#14952,#14976,.T.);
#14976 = SURFACE_CURVE('',#14977,(#14982,#14989),.PCURVE_S1.);
#14977 = CIRCLE('',#14978,1.25);
#14978 = AXIS2_PLACEMENT_3D('',#14979,#14980,#14981);
#14979 = CARTESIAN_POINT('',(2.55,40.,170.));
#14980 = DIRECTION('',(1.,0.,0.));
#14981 = DIRECTION('',(-0.,0.,1.));
#14982 = PCURVE('',#14601,#14983);
#14983 = DEFINITIONAL_REPRESENTATION('',(#14984),#14988);
#14984 = LINE('',#14985,#14986);
#14985 = CARTESIAN_POINT('',(4.712388980385,-2.6));
#14986 = VECTOR('',#14987,1.);
#14987 = DIRECTION('',(-1.,0.));
#14988 = ( GEOMETRIC_REPRESENTATION_CONTEXT(2) 
PARAMETRIC_REPRESENTATION_CONTEXT() REPRESENTATION_CONTEXT('2D SPACE',''
  ) );
#14989 = PCURVE('',#14813,#14990);
#14990 = DEFINITIONAL_REPRESENTATION('',(#14991),#14995);
#14991 = LINE('',#14992,#14993);
#14992 = CARTESIAN_POINT('',(-0.,-2.6));
#14993 = VECTOR('',#14994,1.);
#14994 = DIRECTION('',(-1.,-0.));
#14995 = ( GEOMETRIC_REPRESENTATION_CONTEXT(2) 
PARAMETRIC_REPRESENTATION_CONTEXT() REPRESENTATION_CONTEXT('2D SPACE',''
  ) );
#14996 = ORIENTED_EDGE('',*,*,#14928,.T.);
#14997 = ORIENTED_EDGE('',*,*,#14580,.F.);
#14998 = ADVANCED_FACE('',(#14999),#14636,.F.);
#14999 = FACE_BOUND('',#15000,.T.);
#15000 = EDGE_LOOP('',(#15001,#15024,#15048,#15070,#15071));
#15001 = ORIENTED_EDGE('',*,*,#15002,.F.);
#15002 = EDGE_CURVE('',#15003,#14616,#15005,.T.);
#15003 = VERTEX_POINT('',#15004);
#15004 = CARTESIAN_POINT('',(2.55,961.25,170.));
#15005 = SEAM_CURVE('',#15006,(#15010,#15017),.PCURVE_S1.);
#15006 = LINE('',#15007,#15008);
#15007 = CARTESIAN_POINT('',(-5.E-02,961.25,170.));
#15008 = VECTOR('',#15009,1.);
#15009 = DIRECTION('',(1.,0.,0.));
#15010 = PCURVE('',#14636,#15011);
#15011 = DEFINITIONAL_REPRESENTATION('',(#15012),#15016);
#15012 = LINE('',#15013,#15014);
#15013 = CARTESIAN_POINT('',(-6.28318530718,0.));
#15014 = VECTOR('',#15015,1.);
#15015 = DIRECTION('',(-0.,-1.));
#15016 = ( GEOMETRIC_REPRESENTATION_CONTEXT(2) 
PARAMETRIC_REPRESENTATION_CONTEXT() REPRESENTATION_CONTEXT('2D SPACE',''
  ) );
#15017 = PCURVE('',#14636,#15018);
#15018 = DEFINITIONAL_REPRESENTATION('',(#15019),#15023);
#15019 = LINE('',#15020,#15021);
#15020 = CARTESIAN_POINT('',(-0.,0.));
#15021 = VECTOR('',#15022,1.);
#15022 = DIRECTION('',(-0.,-1.));
#15023 = ( GEOMETRIC_REPRESENTATION_CONTEXT(2) 
PARAMETRIC_REPRESENTATION_CONTEXT() REPRESENTATION_CONTEXT('2D SPACE',''
  ) );
#15024 = ORIENTED_EDGE('',*,*,#15025,.F.);
#15025 = EDGE_CURVE('',#15026,#15003,#15028,.T.);
#15026 = VERTEX_POINT('',#15027);
#15027 = CARTESIAN_POINT('',(2.55,960.,171.25));
#15028 = SURFACE_CURVE('',#15029,(#15034,#15041),.PCURVE_S1.);
#15029 = CIRCLE('',#15030,1.25);
#15030 = AXIS2_PLACEMENT_3D('',#15031,#15032,#15033);
#15031 = CARTESIAN_POINT('',(2.55,960.,170.));
#15032 = DIRECTION('',(1.,0.,0.));
#15033 = DIRECTION('',(-0.,0.,1.));
#15034 = PCURVE('',#14636,#15035);
#15035 = DEFINITIONAL_REPRESENTATION('',(#15036),#15040);
#15036 = LINE('',#15037,#15038);
#15037 = CARTESIAN_POINT('',(-1.570796326795,-2.6));
#15038 = VECTOR('',#15039,1.);
#15039 = DIRECTION('',(-1.,0.));
#15040 = ( GEOMETRIC_REPRESENTATION_CONTEXT(2) 
PARAMETRIC_REPRESENTATION_CONTEXT() REPRESENTATION_CONTEXT('2D SPACE',''
  ) );
#15041 = PCURVE('',#14844,#15042);
#15042 = DEFINITIONAL_REPRESENTATION('',(#15043),#15047);
#15043 = LINE('',#15044,#15045);
#15044 = CARTESIAN_POINT('',(-0.,-2.6));
#15045 = VECTOR('',#15046,1.);
#15046 = DIRECTION('',(-1.,-0.));
#15047 = ( GEOMETRIC_REPRESENTATION_CONTEXT(2) 
PARAMETRIC_REPRESENTATION_CONTEXT() REPRESENTATION_CONTEXT('2D SPACE',''
  ) );
#15048 = ORIENTED_EDGE('',*,*,#15049,.F.);
#15049 = EDGE_CURVE('',#15003,#15026,#15050,.T.);
#15050 = SURFACE_CURVE('',#15051,(#15056,#15063),.PCURVE_S1.);
#15051 = CIRCLE('',#15052,1.25);
#15052 = AXIS2_PLACEMENT_3D('',#15053,#15054,#15055);
#15053 = CARTESIAN_POINT('',(2.55,960.,170.));
#15054 = DIRECTION('',(1.,0.,0.));
#15055 = DIRECTION('',(-0.,0.,1.));
#15056 = PCURVE('',#14636,#15057);
#15057 = DEFINITIONAL_REPRESENTATION('',(#15058),#15062);
#15058 = LINE('',#15059,#15060);
#15059 = CARTESIAN_POINT('',(4.712388980385,-2.6));
#15060 = VECTOR('',#15061,1.);
#15061 = DIRECTION('',(-1.,0.));
#15062 = ( GEOMETRIC_REPRESENTATION_CONTEXT(2) 
PARAMETRIC_REPRESENTATION_CONTEXT() REPRESENTATION_CONTEXT('2D SPACE',''
  ) );
#15063 = PCURVE('',#14844,#15064);
#15064 = DEFINITIONAL_REPRESENTATION('',(#15065),#15069);
#15065 = LINE('',#15066,#15067);
#15066 = CARTESIAN_POINT('',(-0.,-2.6));
#15067 = VECTOR('',#15068,1.);
#15068 = DIRECTION('',(-1.,-0.));
#15069 = ( GEOMETRIC_REPRESENTATION_CONTEXT(2) 
PARAMETRIC_REPRESENTATION_CONTEXT() REPRESENTATION_CONTEXT('2D SPACE',''
  ) );
#15070 = ORIENTED_EDGE('',*,*,#15002,.T.);
#15071 = ORIENTED_EDGE('',*,*,#14615,.F.);
#15072 = ADVANCED_FACE('',(#15073),#14671,.F.);
#15073 = FACE_BOUND('',#15074,.T.);
#15074 = EDGE_LOOP('',(#15075,#15098,#15122,#15144,#15145));
#15075 = ORIENTED_EDGE('',*,*,#15076,.F.);
#15076 = EDGE_CURVE('',#15077,#14651,#15079,.T.);
#15077 = VERTEX_POINT('',#15078);
#15078 = CARTESIAN_POINT('',(2.55,41.25,265.));
#15079 = SEAM_CURVE('',#15080,(#15084,#15091),.PCURVE_S1.);
#15080 = LINE('',#15081,#15082);
#15081 = CARTESIAN_POINT('',(-5.E-02,41.25,265.));
#15082 = VECTOR('',#15083,1.);
#15083 = DIRECTION('',(1.,0.,0.));
#15084 = PCURVE('',#14671,#15085);
#15085 = DEFINITIONAL_REPRESENTATION('',(#15086),#15090);
#15086 = LINE('',#15087,#15088);
#15087 = CARTESIAN_POINT('',(-6.28318530718,0.));
#15088 = VECTOR('',#15089,1.);
#15089 = DIRECTION('',(-0.,-1.));
#15090 = ( GEOMETRIC_REPRESENTATION_CONTEXT(2) 
PARAMETRIC_REPRESENTATION_CONTEXT() REPRESENTATION_CONTEXT('2D SPACE',''
  ) );
#15091 = PCURVE('',#14671,#15092);
#15092 = DEFINITIONAL_REPRESENTATION('',(#15093),#15097);
#15093 = LINE('',#15094,#15095);
#15094 = CARTESIAN_POINT('',(-0.,0.));
#15095 = VECTOR('',#15096,1.);
#15096 = DIRECTION('',(-0.,-1.));
#15097 = ( GEOMETRIC_REPRESENTATION_CONTEXT(2) 
PARAMETRIC_REPRESENTATION_CONTEXT() REPRESENTATION_CONTEXT('2D SPACE',''
  ) );
#15098 = ORIENTED_EDGE('',*,*,#15099,.F.);
#15099 = EDGE_CURVE('',#15100,#15077,#15102,.T.);
#15100 = VERTEX_POINT('',#15101);
#15101 = CARTESIAN_POINT('',(2.55,40.,266.25));
#15102 = SURFACE_CURVE('',#15103,(#15108,#15115),.PCURVE_S1.);
#15103 = CIRCLE('',#15104,1.25);
#15104 = AXIS2_PLACEMENT_3D('',#15105,#15106,#15107);
#15105 = CARTESIAN_POINT('',(2.55,40.,265.));
#15106 = DIRECTION('',(1.,0.,0.));
#15107 = DIRECTION('',(-0.,0.,1.));
#15108 = PCURVE('',#14671,#15109);
#15109 = DEFINITIONAL_REPRESENTATION('',(#15110),#15114);
#15110 = LINE('',#15111,#15112);
#15111 = CARTESIAN_POINT('',(-1.570796326795,-2.6));
#15112 = VECTOR('',#15113,1.);
#15113 = DIRECTION('',(-1.,0.));
#15114 = ( GEOMETRIC_REPRESENTATION_CONTEXT(2) 
PARAMETRIC_REPRESENTATION_CONTEXT() REPRESENTATION_CONTEXT('2D SPACE',''
  ) );
#15115 = PCURVE('',#14875,#15116);
#15116 = DEFINITIONAL_REPRESENTATION('',(#15117),#15121);
#15117 = LINE('',#15118,#15119);
#15118 = CARTESIAN_POINT('',(-0.,-2.6));
#15119 = VECTOR('',#15120,1.);
#15120 = DIRECTION('',(-1.,-0.));
#15121 = ( GEOMETRIC_REPRESENTATION_CONTEXT(2) 
PARAMETRIC_REPRESENTATION_CONTEXT() REPRESENTATION_CONTEXT('2D SPACE',''
  ) );
#15122 = ORIENTED_EDGE('',*,*,#15123,.F.);
#15123 = EDGE_CURVE('',#15077,#15100,#15124,.T.);
#15124 = SURFACE_CURVE('',#15125,(#15130,#15137),.PCURVE_S1.);
#15125 = CIRCLE('',#15126,1.25);
#15126 = AXIS2_PLACEMENT_3D('',#15127,#15128,#15129);
#15127 = CARTESIAN_POINT('',(2.55,40.,265.));
#15128 = DIRECTION('',(1.,0.,0.));
#15129 = DIRECTION('',(-0.,0.,1.));
#15130 = PCURVE('',#14671,#15131);
#15131 = DEFINITIONAL_REPRESENTATION('',(#15132),#15136);
#15132 = LINE('',#15133,#15134);
#15133 = CARTESIAN_POINT('',(4.712388980385,-2.6));
#15134 = VECTOR('',#15135,1.);
#15135 = DIRECTION('',(-1.,0.));
#15136 = ( GEOMETRIC_REPRESENTATION_CONTEXT(2) 
PARAMETRIC_REPRESENTATION_CONTEXT() REPRESENTATION_CONTEXT('2D SPACE',''
  ) );
#15137 = PCURVE('',#14875,#15138);
#15138 = DEFINITIONAL_REPRESENTATION('',(#15139),#15143);
#15139 = LINE('',#15140,#15141);
#15140 = CARTESIAN_POINT('',(-0.,-2.6));
#15141 = VECTOR('',#15142,1.);
#15142 = DIRECTION('',(-1.,-0.));
#15143 = ( GEOMETRIC_REPRESENTATION_CONTEXT(2) 
PARAMETRIC_REPRESENTATION_CONTEXT() REPRESENTATION_CONTEXT('2D SPACE',''
  ) );
#15144 = ORIENTED_EDGE('',*,*,#15076,.T.);
#15145 = ORIENTED_EDGE('',*,*,#14650,.F.);
#15146 = ADVANCED_FACE('',(#15147),#14706,.F.);
#15147 = FACE_BOUND('',#15148,.T.);
#15148 = EDGE_LOOP('',(#15149,#15172,#15196,#15218,#15219));
#15149 = ORIENTED_EDGE('',*,*,#15150,.F.);
#15150 = EDGE_CURVE('',#15151,#14686,#15153,.T.);
#15151 = VERTEX_POINT('',#15152);
#15152 = CARTESIAN_POINT('',(2.55,961.25,265.));
#15153 = SEAM_CURVE('',#15154,(#15158,#15165),.PCURVE_S1.);
#15154 = LINE('',#15155,#15156);
#15155 = CARTESIAN_POINT('',(-5.E-02,961.25,265.));
#15156 = VECTOR('',#15157,1.);
#15157 = DIRECTION('',(1.,0.,0.));
#15158 = PCURVE('',#14706,#15159);
#15159 = DEFINITIONAL_REPRESENTATION('',(#15160),#15164);
#15160 = LINE('',#15161,#15162);
#15161 = CARTESIAN_POINT('',(-6.28318530718,0.));
#15162 = VECTOR('',#15163,1.);
#15163 = DIRECTION('',(-0.,-1.));
#15164 = ( GEOMETRIC_REPRESENTATION_CONTEXT(2) 
PARAMETRIC_REPRESENTATION_CONTEXT() REPRESENTATION_CONTEXT('2D SPACE',''
  ) );
#15165 = PCURVE('',#14706,#15166);
#15166 = DEFINITIONAL_REPRESENTATION('',(#15167),#15171);
#15167 = LINE('',#15168,#15169);
#15168 = CARTESIAN_POINT('',(-0.,0.));
#15169 = VECTOR('',#15170,1.);
#15170 = DIRECTION('',(-0.,-1.));
#15171 = ( GEOMETRIC_REPRESENTATION_CONTEXT(2) 
PARAMETRIC_REPRESENTATION_CONTEXT() REPRESENTATION_CONTEXT('2D SPACE',''
  ) );
#15172 = ORIENTED_EDGE('',*,*,#15173,.F.);
#15173 = EDGE_CURVE('',#15174,#15151,#15176,.T.);
#15174 = VERTEX_POINT('',#15175);
#15175 = CARTESIAN_POINT('',(2.55,960.,266.25));
#15176 = SURFACE_CURVE('',#15177,(#15182,#15189),.PCURVE_S1.);
#15177 = CIRCLE('',#15178,1.25);
#15178 = AXIS2_PLACEMENT_3D('',#15179,#15180,#15181);
#15179 = CARTESIAN_POINT('',(2.55,960.,265.));
#15180 = DIRECTION('',(1.,0.,0.));
#15181 = DIRECTION('',(-0.,0.,1.));
#15182 = PCURVE('',#14706,#15183);
#15183 = DEFINITIONAL_REPRESENTATION('',(#15184),#15188);
#15184 = LINE('',#15185,#15186);
#15185 = CARTESIAN_POINT('',(-1.570796326795,-2.6));
#15186 = VECTOR('',#15187,1.);
#15187 = DIRECTION('',(-1.,0.));
#15188 = ( GEOMETRIC_REPRESENTATION_CONTEXT(2) 
PARAMETRIC_REPRESENTATION_CONTEXT() REPRESENTATION_CONTEXT('2D SPACE',''
  ) );
#15189 = PCURVE('',#14906,#15190);
#15190 = DEFINITIONAL_REPRESENTATION('',(#15191),#15195);
#15191 = LINE('',#15192,#15193);
#15192 = CARTESIAN_POINT('',(-0.,-2.6));
#15193 = VECTOR('',#15194,1.);
#15194 = DIRECTION('',(-1.,-0.));
#15195 = ( GEOMETRIC_REPRESENTATION_CONTEXT(2) 
PARAMETRIC_REPRESENTATION_CONTEXT() REPRESENTATION_CONTEXT('2D SPACE',''
  ) );
#15196 = ORIENTED_EDGE('',*,*,#15197,.F.);
#15197 = EDGE_CURVE('',#15151,#15174,#15198,.T.);
#15198 = SURFACE_CURVE('',#15199,(#15204,#15211),.PCURVE_S1.);
#15199 = CIRCLE('',#15200,1.25);
#15200 = AXIS2_PLACEMENT_3D('',#15201,#15202,#15203);
#15201 = CARTESIAN_POINT('',(2.55,960.,265.));
#15202 = DIRECTION('',(1.,0.,0.));
#15203 = DIRECTION('',(-0.,0.,1.));
#15204 = PCURVE('',#14706,#15205);
#15205 = DEFINITIONAL_REPRESENTATION('',(#15206),#15210);
#15206 = LINE('',#15207,#15208);
#15207 = CARTESIAN_POINT('',(4.712388980385,-2.6));
#15208 = VECTOR('',#15209,1.);
#15209 = DIRECTION('',(-1.,0.));
#15210 = ( GEOMETRIC_REPRESENTATION_CONTEXT(2) 
PARAMETRIC_REPRESENTATION_CONTEXT() REPRESENTATION_CONTEXT('2D SPACE',''
  ) );
#15211 = PCURVE('',#14906,#15212);
#15212 = DEFINITIONAL_REPRESENTATION('',(#15213),#15217);
#15213 = LINE('',#15214,#15215);
#15214 = CARTESIAN_POINT('',(-0.,-2.6));
#15215 = VECTOR('',#15216,1.);
#15216 = DIRECTION('',(-1.,-0.));
#15217 = ( GEOMETRIC_REPRESENTATION_CONTEXT(2) 
PARAMETRIC_REPRESENTATION_CONTEXT() REPRESENTATION_CONTEXT('2D SPACE',''
  ) );
#15218 = ORIENTED_EDGE('',*,*,#15150,.T.);
#15219 = ORIENTED_EDGE('',*,*,#14685,.F.);
#15220 = ADVANCED_FACE('',(#15221),#14813,.F.);
#15221 = FACE_BOUND('',#15222,.F.);
#15222 = EDGE_LOOP('',(#15223,#15224,#15245,#15246,#15247));
#15223 = ORIENTED_EDGE('',*,*,#14796,.T.);
#15224 = ORIENTED_EDGE('',*,*,#15225,.T.);
#15225 = EDGE_CURVE('',#14797,#14952,#15226,.T.);
#15226 = SEAM_CURVE('',#15227,(#15231,#15238),.PCURVE_S1.);
#15227 = LINE('',#15228,#15229);
#15228 = CARTESIAN_POINT('',(-5.E-02,40.,173.85));
#15229 = VECTOR('',#15230,1.);
#15230 = DIRECTION('',(0.707106781187,-1.731912112471E-16,
    -0.707106781187));
#15231 = PCURVE('',#14813,#15232);
#15232 = DEFINITIONAL_REPRESENTATION('',(#15233),#15237);
#15233 = LINE('',#15234,#15235);
#15234 = CARTESIAN_POINT('',(0.,-0.));
#15235 = VECTOR('',#15236,1.);
#15236 = DIRECTION('',(-0.,-1.));
#15237 = ( GEOMETRIC_REPRESENTATION_CONTEXT(2) 
PARAMETRIC_REPRESENTATION_CONTEXT() REPRESENTATION_CONTEXT('2D SPACE',''
  ) );
#15238 = PCURVE('',#14813,#15239);
#15239 = DEFINITIONAL_REPRESENTATION('',(#15240),#15244);
#15240 = LINE('',#15241,#15242);
#15241 = CARTESIAN_POINT('',(-6.28318530718,0.));
#15242 = VECTOR('',#15243,1.);
#15243 = DIRECTION('',(-0.,-1.));
#15244 = ( GEOMETRIC_REPRESENTATION_CONTEXT(2) 
PARAMETRIC_REPRESENTATION_CONTEXT() REPRESENTATION_CONTEXT('2D SPACE',''
  ) );
#15245 = ORIENTED_EDGE('',*,*,#14975,.F.);
#15246 = ORIENTED_EDGE('',*,*,#14951,.F.);
#15247 = ORIENTED_EDGE('',*,*,#15225,.F.);
#15248 = ADVANCED_FACE('',(#15249),#14844,.F.);
#15249 = FACE_BOUND('',#15250,.F.);
#15250 = EDGE_LOOP('',(#15251,#15252,#15273,#15274,#15275));
#15251 = ORIENTED_EDGE('',*,*,#14827,.T.);
#15252 = ORIENTED_EDGE('',*,*,#15253,.T.);
#15253 = EDGE_CURVE('',#14828,#15026,#15254,.T.);
#15254 = SEAM_CURVE('',#15255,(#15259,#15266),.PCURVE_S1.);
#15255 = LINE('',#15256,#15257);
#15256 = CARTESIAN_POINT('',(-5.E-02,960.,173.85));
#15257 = VECTOR('',#15258,1.);
#15258 = DIRECTION('',(0.707106781187,-1.731912112471E-16,
    -0.707106781187));
#15259 = PCURVE('',#14844,#15260);
#15260 = DEFINITIONAL_REPRESENTATION('',(#15261),#15265);
#15261 = LINE('',#15262,#15263);
#15262 = CARTESIAN_POINT('',(0.,-0.));
#15263 = VECTOR('',#15264,1.);
#15264 = DIRECTION('',(-0.,-1.));
#15265 = ( GEOMETRIC_REPRESENTATION_CONTEXT(2) 
PARAMETRIC_REPRESENTATION_CONTEXT() REPRESENTATION_CONTEXT('2D SPACE',''
  ) );
#15266 = PCURVE('',#14844,#15267);
#15267 = DEFINITIONAL_REPRESENTATION('',(#15268),#15272);
#15268 = LINE('',#15269,#15270);
#15269 = CARTESIAN_POINT('',(-6.28318530718,0.));
#15270 = VECTOR('',#15271,1.);
#15271 = DIRECTION('',(-0.,-1.));
#15272 = ( GEOMETRIC_REPRESENTATION_CONTEXT(2) 
PARAMETRIC_REPRESENTATION_CONTEXT() REPRESENTATION_CONTEXT('2D SPACE',''
  ) );
#15273 = ORIENTED_EDGE('',*,*,#15049,.F.);
#15274 = ORIENTED_EDGE('',*,*,#15025,.F.);
#15275 = ORIENTED_EDGE('',*,*,#15253,.F.);
#15276 = ADVANCED_FACE('',(#15277),#14875,.F.);
#15277 = FACE_BOUND('',#15278,.F.);
#15278 = EDGE_LOOP('',(#15279,#15280,#15301,#15302,#15303));
#15279 = ORIENTED_EDGE('',*,*,#14858,.T.);
#15280 = ORIENTED_EDGE('',*,*,#15281,.T.);
#15281 = EDGE_CURVE('',#14859,#15100,#15282,.T.);
#15282 = SEAM_CURVE('',#15283,(#15287,#15294),.PCURVE_S1.);
#15283 = LINE('',#15284,#15285);
#15284 = CARTESIAN_POINT('',(-5.000000000001E-02,40.,268.85));
#15285 = VECTOR('',#15286,1.);
#15286 = DIRECTION('',(0.707106781187,-1.731912112471E-16,
    -0.707106781187));
#15287 = PCURVE('',#14875,#15288);
#15288 = DEFINITIONAL_REPRESENTATION('',(#15289),#15293);
#15289 = LINE('',#15290,#15291);
#15290 = CARTESIAN_POINT('',(0.,-0.));
#15291 = VECTOR('',#15292,1.);
#15292 = DIRECTION('',(-0.,-1.));
#15293 = ( GEOMETRIC_REPRESENTATION_CONTEXT(2) 
PARAMETRIC_REPRESENTATION_CONTEXT() REPRESENTATION_CONTEXT('2D SPACE',''
  ) );
#15294 = PCURVE('',#14875,#15295);
#15295 = DEFINITIONAL_REPRESENTATION('',(#15296),#15300);
#15296 = LINE('',#15297,#15298);
#15297 = CARTESIAN_POINT('',(-6.28318530718,0.));
#15298 = VECTOR('',#15299,1.);
#15299 = DIRECTION('',(-0.,-1.));
#15300 = ( GEOMETRIC_REPRESENTATION_CONTEXT(2) 
PARAMETRIC_REPRESENTATION_CONTEXT() REPRESENTATION_CONTEXT('2D SPACE',''
  ) );
#15301 = ORIENTED_EDGE('',*,*,#15123,.F.);
#15302 = ORIENTED_EDGE('',*,*,#15099,.F.);
#15303 = ORIENTED_EDGE('',*,*,#15281,.F.);
#15304 = ADVANCED_FACE('',(#15305),#14906,.F.);
#15305 = FACE_BOUND('',#15306,.F.);
#15306 = EDGE_LOOP('',(#15307,#15308,#15329,#15330,#15331));
#15307 = ORIENTED_EDGE('',*,*,#14889,.T.);
#15308 = ORIENTED_EDGE('',*,*,#15309,.T.);
#15309 = EDGE_CURVE('',#14890,#15174,#15310,.T.);
#15310 = SEAM_CURVE('',#15311,(#15315,#15322),.PCURVE_S1.);
#15311 = LINE('',#15312,#15313);
#15312 = CARTESIAN_POINT('',(-5.000000000001E-02,960.,268.85));
#15313 = VECTOR('',#15314,1.);
#15314 = DIRECTION('',(0.707106781187,-1.731912112471E-16,
    -0.707106781187));
#15315 = PCURVE('',#14906,#15316);
#15316 = DEFINITIONAL_REPRESENTATION('',(#15317),#15321);
#15317 = LINE('',#15318,#15319);
#15318 = CARTESIAN_POINT('',(0.,-0.));
#15319 = VECTOR('',#15320,1.);
#15320 = DIRECTION('',(-0.,-1.));
#15321 = ( GEOMETRIC_REPRESENTATION_CONTEXT(2) 
PARAMETRIC_REPRESENTATION_CONTEXT() REPRESENTATION_CONTEXT('2D SPACE',''
  ) );
#15322 = PCURVE('',#14906,#15323);
#15323 = DEFINITIONAL_REPRESENTATION('',(#15324),#15328);
#15324 = LINE('',#15325,#15326);
#15325 = CARTESIAN_POINT('',(-6.28318530718,0.));
#15326 = VECTOR('',#15327,1.);
#15327 = DIRECTION('',(-0.,-1.));
#15328 = ( GEOMETRIC_REPRESENTATION_CONTEXT(2) 
PARAMETRIC_REPRESENTATION_CONTEXT() REPRESENTATION_CONTEXT('2D SPACE',''
  ) );
#15329 = ORIENTED_EDGE('',*,*,#15197,.F.);
#15330 = ORIENTED_EDGE('',*,*,#15173,.F.);
#15331 = ORIENTED_EDGE('',*,*,#15309,.F.);
#15332 = ( GEOMETRIC_REPRESENTATION_CONTEXT(3) 
GLOBAL_UNCERTAINTY_ASSIGNED_CONTEXT((#15336)) 
GLOBAL_UNIT_ASSIGNED_CONTEXT((#15333,#15334,#15335)) 
REPRESENTATION_CONTEXT('Context #1',
  '3D Context with UNIT and UNCERTAINTY') );
#15333 = ( LENGTH_UNIT() NAMED_UNIT(*) SI_UNIT(.MILLI.,.METRE.) );
#15334 = ( NAMED_UNIT(*) PLANE_ANGLE_UNIT() SI_UNIT($,.RADIAN.) );
#15335 = ( NAMED_UNIT(*) SI_UNIT($,.STERADIAN.) SOLID_ANGLE_UNIT() );
#15336 = UNCERTAINTY_MEASURE_WITH_UNIT(LENGTH_MEASURE(1.E-07),#15333,
  'distance_accuracy_value','confusion accuracy');
#15337 = CONTEXT_DEPENDENT_SHAPE_REPRESENTATION(#15338,#15340);
#15338 = ( REPRESENTATION_RELATIONSHIP('','',#14329,#10) 
REPRESENTATION_RELATIONSHIP_WITH_TRANSFORMATION(#15339) 
SHAPE_REPRESENTATION_RELATIONSHIP() );
#15339 = ITEM_DEFINED_TRANSFORMATION('','',#11,#51);
#15340 = PRODUCT_DEFINITION_SHAPE('Placement','Placement of an item',
  #15341);
#15341 = NEXT_ASSEMBLY_USAGE_OCCURRENCE('10','left_2','',#5,#14324,$);
#15342 = PRODUCT_RELATED_PRODUCT_CATEGORY('part',$,(#14326));
#15343 = SHAPE_DEFINITION_REPRESENTATION(#15344,#15350);
#15344 = PRODUCT_DEFINITION_SHAPE('','',#15345);
#15345 = PRODUCT_DEFINITION('design','',#15346,#15349);
#15346 = PRODUCT_DEFINITION_FORMATION('','',#15347);
#15347 = PRODUCT('right_1','right_1','',(#15348));
#15348 = PRODUCT_CONTEXT('',#2,'mechanical');
#15349 = PRODUCT_DEFINITION_CONTEXT('part definition',#2,'design');
#15350 = ADVANCED_BREP_SHAPE_REPRESENTATION('',(#11,#15351),#16353);
#15351 = MANIFOLD_SOLID_BREP('',#15352);
#15352 = CLOSED_SHELL('',(#15353,#15473,#15549,#15738,#15787,#15938,
    #15945,#16019,#16093,#16167,#16241,#16269,#16297,#16325));
#15353 = ADVANCED_FACE('',(#15354),#15368,.F.);
#15354 = FACE_BOUND('',#15355,.F.);
#15355 = EDGE_LOOP('',(#15356,#15391,#15419,#15447));
#15356 = ORIENTED_EDGE('',*,*,#15357,.F.);
#15357 = EDGE_CURVE('',#15358,#15360,#15362,.T.);
#15358 = VERTEX_POINT('',#15359);
#15359 = CARTESIAN_POINT('',(980.,20.,0.));
#15360 = VERTEX_POINT('',#15361);
#15361 = CARTESIAN_POINT('',(1.E+03,20.,0.));
#15362 = SURFACE_CURVE('',#15363,(#15367,#15379),.PCURVE_S1.);
#15363 = LINE('',#15364,#15365);
#15364 = CARTESIAN_POINT('',(980.,20.,0.));
#15365 = VECTOR('',#15366,1.);
#15366 = DIRECTION('',(1.,0.,0.));
#15367 = PCURVE('',#15368,#15373);
#15368 = PLANE('',#15369);
#15369 = AXIS2_PLACEMENT_3D('',#15370,#15371,#15372);
#15370 = CARTESIAN_POINT('',(980.,20.,0.));
#15371 = DIRECTION('',(0.,1.,0.));
#15372 = DIRECTION('',(1.,0.,0.));
#15373 = DEFINITIONAL_REPRESENTATION('',(#15374),#15378);
#15374 = LINE('',#15375,#15376);
#15375 = CARTESIAN_POINT('',(0.,0.));
#15376 = VECTOR('',#15377,1.);
#15377 = DIRECTION('',(1.,0.));
#15378 = ( GEOMETRIC_REPRESENTATION_CONTEXT(2) 
PARAMETRIC_REPRESENTATION_CONTEXT() REPRESENTATION_CONTEXT('2D SPACE',''
  ) );
#15379 = PCURVE('',#15380,#15385);
#15380 = PLANE('',#15381);
#15381 = AXIS2_PLACEMENT_3D('',#15382,#15383,#15384);
#15382 = CARTESIAN_POINT('',(980.,20.,0.));
#15383 = DIRECTION('',(0.,0.,1.));
#15384 = DIRECTION('',(1.,0.,0.));
#15385 = DEFINITIONAL_REPRESENTATION('',(#15386),#15390);
#15386 = LINE('',#15387,#15388);
#15387 = CARTESIAN_POINT('',(0.,0.));
#15388 = VECTOR('',#15389,1.);
#15389 = DIRECTION('',(1.,0.));
#15390 = ( GEOMETRIC_REPRESENTATION_CONTEXT(2) 
PARAMETRIC_REPRESENTATION_CONTEXT() REPRESENTATION_CONTEXT('2D SPACE',''
  ) );
#15391 = ORIENTED_EDGE('',*,*,#15392,.T.);
#15392 = EDGE_CURVE('',#15358,#15393,#15395,.T.);
#15393 = VERTEX_POINT('',#15394);
#15394 = CARTESIAN_POINT('',(980.,20.,145.));
#15395 = SURFACE_CURVE('',#15396,(#15400,#15407),.PCURVE_S1.);
#15396 = LINE('',#15397,#15398);
#15397 = CARTESIAN_POINT('',(980.,20.,0.));
#15398 = VECTOR('',#15399,1.);
#15399 = DIRECTION('',(0.,0.,1.));
#15400 = PCURVE('',#15368,#15401);
#15401 = DEFINITIONAL_REPRESENTATION('',(#15402),#15406);
#15402 = LINE('',#15403,#15404);
#15403 = CARTESIAN_POINT('',(0.,0.));
#15404 = VECTOR('',#15405,1.);
#15405 = DIRECTION('',(0.,-1.));
#15406 = ( GEOMETRIC_REPRESENTATION_CONTEXT(2) 
PARAMETRIC_REPRESENTATION_CONTEXT() REPRESENTATION_CONTEXT('2D SPACE',''
  ) );
#15407 = PCURVE('',#15408,#15413);
#15408 = PLANE('',#15409);
#15409 = AXIS2_PLACEMENT_3D('',#15410,#15411,#15412);
#15410 = CARTESIAN_POINT('',(980.,20.,0.));
#15411 = DIRECTION('',(1.,0.,0.));
#15412 = DIRECTION('',(0.,1.,0.));
#15413 = DEFINITIONAL_REPRESENTATION('',(#15414),#15418);
#15414 = LINE('',#15415,#15416);
#15415 = CARTESIAN_POINT('',(0.,0.));
#15416 = VECTOR('',#15417,1.);
#15417 = DIRECTION('',(0.,1.));
#15418 = ( GEOMETRIC_REPRESENTATION_CONTEXT(2) 
PARAMETRIC_REPRESENTATION_CONTEXT() REPRESENTATION_CONTEXT('2D SPACE',''
  ) );
#15419 = ORIENTED_EDGE('',*,*,#15420,.T.);
#15420 = EDGE_CURVE('',#15393,#15421,#15423,.T.);
#15421 = VERTEX_POINT('',#15422);
#15422 = CARTESIAN_POINT('',(1.E+03,20.,145.));
#15423 = SURFACE_CURVE('',#15424,(#15428,#15435),.PCURVE_S1.);
#15424 = LINE('',#15425,#15426);
#15425 = CARTESIAN_POINT('',(980.,20.,145.));
#15426 = VECTOR('',#15427,1.);
#15427 = DIRECTION('',(1.,0.,0.));
#15428 = PCURVE('',#15368,#15429);
#15429 = DEFINITIONAL_REPRESENTATION('',(#15430),#15434);
#15430 = LINE('',#15431,#15432);
#15431 = CARTESIAN_POINT('',(0.,-145.));
#15432 = VECTOR('',#15433,1.);
#15433 = DIRECTION('',(1.,0.));
#15434 = ( GEOMETRIC_REPRESENTATION_CONTEXT(2) 
PARAMETRIC_REPRESENTATION_CONTEXT() REPRESENTATION_CONTEXT('2D SPACE',''
  ) );
#15435 = PCURVE('',#15436,#15441);
#15436 = PLANE('',#15437);
#15437 = AXIS2_PLACEMENT_3D('',#15438,#15439,#15440);
#15438 = CARTESIAN_POINT('',(980.,20.,145.));
#15439 = DIRECTION('',(0.,0.,1.));
#15440 = DIRECTION('',(1.,0.,0.));
#15441 = DEFINITIONAL_REPRESENTATION('',(#15442),#15446);
#15442 = LINE('',#15443,#15444);
#15443 = CARTESIAN_POINT('',(0.,0.));
#15444 = VECTOR('',#15445,1.);
#15445 = DIRECTION('',(1.,0.));
#15446 = ( GEOMETRIC_REPRESENTATION_CONTEXT(2) 
PARAMETRIC_REPRESENTATION_CONTEXT() REPRESENTATION_CONTEXT('2D SPACE',''
  ) );
#15447 = ORIENTED_EDGE('',*,*,#15448,.F.);
#15448 = EDGE_CURVE('',#15360,#15421,#15449,.T.);
#15449 = SURFACE_CURVE('',#15450,(#15454,#15461),.PCURVE_S1.);
#15450 = LINE('',#15451,#15452);
#15451 = CARTESIAN_POINT('',(1.E+03,20.,0.));
#15452 = VECTOR('',#15453,1.);
#15453 = DIRECTION('',(0.,0.,1.));
#15454 = PCURVE('',#15368,#15455);
#15455 = DEFINITIONAL_REPRESENTATION('',(#15456),#15460);
#15456 = LINE('',#15457,#15458);
#15457 = CARTESIAN_POINT('',(20.,0.));
#15458 = VECTOR('',#15459,1.);
#15459 = DIRECTION('',(0.,-1.));
#15460 = ( GEOMETRIC_REPRESENTATION_CONTEXT(2) 
PARAMETRIC_REPRESENTATION_CONTEXT() REPRESENTATION_CONTEXT('2D SPACE',''
  ) );
#15461 = PCURVE('',#15462,#15467);
#15462 = PLANE('',#15463);
#15463 = AXIS2_PLACEMENT_3D('',#15464,#15465,#15466);
#15464 = CARTESIAN_POINT('',(1.E+03,20.,0.));
#15465 = DIRECTION('',(1.,0.,0.));
#15466 = DIRECTION('',(0.,1.,0.));
#15467 = DEFINITIONAL_REPRESENTATION('',(#15468),#15472);
#15468 = LINE('',#15469,#15470);
#15469 = CARTESIAN_POINT('',(0.,0.));
#15470 = VECTOR('',#15471,1.);
#15471 = DIRECTION('',(0.,1.));
#15472 = ( GEOMETRIC_REPRESENTATION_CONTEXT(2) 
PARAMETRIC_REPRESENTATION_CONTEXT() REPRESENTATION_CONTEXT('2D SPACE',''
  ) );
#15473 = ADVANCED_FACE('',(#15474),#15380,.F.);
#15474 = FACE_BOUND('',#15475,.F.);
#15475 = EDGE_LOOP('',(#15476,#15499,#15500,#15523));
#15476 = ORIENTED_EDGE('',*,*,#15477,.F.);
#15477 = EDGE_CURVE('',#15358,#15478,#15480,.T.);
#15478 = VERTEX_POINT('',#15479);
#15479 = CARTESIAN_POINT('',(980.,980.,0.));
#15480 = SURFACE_CURVE('',#15481,(#15485,#15492),.PCURVE_S1.);
#15481 = LINE('',#15482,#15483);
#15482 = CARTESIAN_POINT('',(980.,20.,0.));
#15483 = VECTOR('',#15484,1.);
#15484 = DIRECTION('',(0.,1.,0.));
#15485 = PCURVE('',#15380,#15486);
#15486 = DEFINITIONAL_REPRESENTATION('',(#15487),#15491);
#15487 = LINE('',#15488,#15489);
#15488 = CARTESIAN_POINT('',(0.,0.));
#15489 = VECTOR('',#15490,1.);
#15490 = DIRECTION('',(0.,1.));
#15491 = ( GEOMETRIC_REPRESENTATION_CONTEXT(2) 
PARAMETRIC_REPRESENTATION_CONTEXT() REPRESENTATION_CONTEXT('2D SPACE',''
  ) );
#15492 = PCURVE('',#15408,#15493);
#15493 = DEFINITIONAL_REPRESENTATION('',(#15494),#15498);
#15494 = LINE('',#15495,#15496);
#15495 = CARTESIAN_POINT('',(0.,0.));
#15496 = VECTOR('',#15497,1.);
#15497 = DIRECTION('',(1.,0.));
#15498 = ( GEOMETRIC_REPRESENTATION_CONTEXT(2) 
PARAMETRIC_REPRESENTATION_CONTEXT() REPRESENTATION_CONTEXT('2D SPACE',''
  ) );
#15499 = ORIENTED_EDGE('',*,*,#15357,.T.);
#15500 = ORIENTED_EDGE('',*,*,#15501,.T.);
#15501 = EDGE_CURVE('',#15360,#15502,#15504,.T.);
#15502 = VERTEX_POINT('',#15503);
#15503 = CARTESIAN_POINT('',(1.E+03,980.,0.));
#15504 = SURFACE_CURVE('',#15505,(#15509,#15516),.PCURVE_S1.);
#15505 = LINE('',#15506,#15507);
#15506 = CARTESIAN_POINT('',(1.E+03,20.,0.));
#15507 = VECTOR('',#15508,1.);
#15508 = DIRECTION('',(0.,1.,0.));
#15509 = PCURVE('',#15380,#15510);
#15510 = DEFINITIONAL_REPRESENTATION('',(#15511),#15515);
#15511 = LINE('',#15512,#15513);
#15512 = CARTESIAN_POINT('',(20.,0.));
#15513 = VECTOR('',#15514,1.);
#15514 = DIRECTION('',(0.,1.));
#15515 = ( GEOMETRIC_REPRESENTATION_CONTEXT(2) 
PARAMETRIC_REPRESENTATION_CONTEXT() REPRESENTATION_CONTEXT('2D SPACE',''
  ) );
#15516 = PCURVE('',#15462,#15517);
#15517 = DEFINITIONAL_REPRESENTATION('',(#15518),#15522);
#15518 = LINE('',#15519,#15520);
#15519 = CARTESIAN_POINT('',(0.,0.));
#15520 = VECTOR('',#15521,1.);
#15521 = DIRECTION('',(1.,0.));
#15522 = ( GEOMETRIC_REPRESENTATION_CONTEXT(2) 
PARAMETRIC_REPRESENTATION_CONTEXT() REPRESENTATION_CONTEXT('2D SPACE',''
  ) );
#15523 = ORIENTED_EDGE('',*,*,#15524,.F.);
#15524 = EDGE_CURVE('',#15478,#15502,#15525,.T.);
#15525 = SURFACE_CURVE('',#15526,(#15530,#15537),.PCURVE_S1.);
#15526 = LINE('',#15527,#15528);
#15527 = CARTESIAN_POINT('',(980.,980.,0.));
#15528 = VECTOR('',#15529,1.);
#15529 = DIRECTION('',(1.,0.,0.));
#15530 = PCURVE('',#15380,#15531);
#15531 = DEFINITIONAL_REPRESENTATION('',(#15532),#15536);
#15532 = LINE('',#15533,#15534);
#15533 = CARTESIAN_POINT('',(0.,960.));
#15534 = VECTOR('',#15535,1.);
#15535 = DIRECTION('',(1.,0.));
#15536 = ( GEOMETRIC_REPRESENTATION_CONTEXT(2) 
PARAMETRIC_REPRESENTATION_CONTEXT() REPRESENTATION_CONTEXT('2D SPACE',''
  ) );
#15537 = PCURVE('',#15538,#15543);
#15538 = PLANE('',#15539);
#15539 = AXIS2_PLACEMENT_3D('',#15540,#15541,#15542);
#15540 = CARTESIAN_POINT('',(980.,980.,0.));
#15541 = DIRECTION('',(0.,1.,0.));
#15542 = DIRECTION('',(1.,0.,0.));
#15543 = DEFINITIONAL_REPRESENTATION('',(#15544),#15548);
#15544 = LINE('',#15545,#15546);
#15545 = CARTESIAN_POINT('',(0.,0.));
#15546 = VECTOR('',#15547,1.);
#15547 = DIRECTION('',(1.,0.));
#15548 = ( GEOMETRIC_REPRESENTATION_CONTEXT(2) 
PARAMETRIC_REPRESENTATION_CONTEXT() REPRESENTATION_CONTEXT('2D SPACE',''
  ) );
#15549 = ADVANCED_FACE('',(#15550,#15598,#15633,#15668,#15703),#15462,
  .T.);
#15550 = FACE_BOUND('',#15551,.T.);
#15551 = EDGE_LOOP('',(#15552,#15553,#15554,#15577));
#15552 = ORIENTED_EDGE('',*,*,#15448,.F.);
#15553 = ORIENTED_EDGE('',*,*,#15501,.T.);
#15554 = ORIENTED_EDGE('',*,*,#15555,.T.);
#15555 = EDGE_CURVE('',#15502,#15556,#15558,.T.);
#15556 = VERTEX_POINT('',#15557);
#15557 = CARTESIAN_POINT('',(1.E+03,980.,145.));
#15558 = SURFACE_CURVE('',#15559,(#15563,#15570),.PCURVE_S1.);
#15559 = LINE('',#15560,#15561);
#15560 = CARTESIAN_POINT('',(1.E+03,980.,0.));
#15561 = VECTOR('',#15562,1.);
#15562 = DIRECTION('',(0.,0.,1.));
#15563 = PCURVE('',#15462,#15564);
#15564 = DEFINITIONAL_REPRESENTATION('',(#15565),#15569);
#15565 = LINE('',#15566,#15567);
#15566 = CARTESIAN_POINT('',(960.,0.));
#15567 = VECTOR('',#15568,1.);
#15568 = DIRECTION('',(0.,1.));
#15569 = ( GEOMETRIC_REPRESENTATION_CONTEXT(2) 
PARAMETRIC_REPRESENTATION_CONTEXT() REPRESENTATION_CONTEXT('2D SPACE',''
  ) );
#15570 = PCURVE('',#15538,#15571);
#15571 = DEFINITIONAL_REPRESENTATION('',(#15572),#15576);
#15572 = LINE('',#15573,#15574);
#15573 = CARTESIAN_POINT('',(20.,0.));
#15574 = VECTOR('',#15575,1.);
#15575 = DIRECTION('',(0.,-1.));
#15576 = ( GEOMETRIC_REPRESENTATION_CONTEXT(2) 
PARAMETRIC_REPRESENTATION_CONTEXT() REPRESENTATION_CONTEXT('2D SPACE',''
  ) );
#15577 = ORIENTED_EDGE('',*,*,#15578,.F.);
#15578 = EDGE_CURVE('',#15421,#15556,#15579,.T.);
#15579 = SURFACE_CURVE('',#15580,(#15584,#15591),.PCURVE_S1.);
#15580 = LINE('',#15581,#15582);
#15581 = CARTESIAN_POINT('',(1.E+03,20.,145.));
#15582 = VECTOR('',#15583,1.);
#15583 = DIRECTION('',(0.,1.,0.));
#15584 = PCURVE('',#15462,#15585);
#15585 = DEFINITIONAL_REPRESENTATION('',(#15586),#15590);
#15586 = LINE('',#15587,#15588);
#15587 = CARTESIAN_POINT('',(0.,145.));
#15588 = VECTOR('',#15589,1.);
#15589 = DIRECTION('',(1.,0.));
#15590 = ( GEOMETRIC_REPRESENTATION_CONTEXT(2) 
PARAMETRIC_REPRESENTATION_CONTEXT() REPRESENTATION_CONTEXT('2D SPACE',''
  ) );
#15591 = PCURVE('',#15436,#15592);
#15592 = DEFINITIONAL_REPRESENTATION('',(#15593),#15597);
#15593 = LINE('',#15594,#15595);
#15594 = CARTESIAN_POINT('',(20.,0.));
#15595 = VECTOR('',#15596,1.);
#15596 = DIRECTION('',(0.,1.));
#15597 = ( GEOMETRIC_REPRESENTATION_CONTEXT(2) 
PARAMETRIC_REPRESENTATION_CONTEXT() REPRESENTATION_CONTEXT('2D SPACE',''
  ) );
#15598 = FACE_BOUND('',#15599,.T.);
#15599 = EDGE_LOOP('',(#15600));
#15600 = ORIENTED_EDGE('',*,*,#15601,.T.);
#15601 = EDGE_CURVE('',#15602,#15602,#15604,.T.);
#15602 = VERTEX_POINT('',#15603);
#15603 = CARTESIAN_POINT('',(1.E+03,40.,21.2));
#15604 = SURFACE_CURVE('',#15605,(#15610,#15621),.PCURVE_S1.);
#15605 = CIRCLE('',#15606,3.8);
#15606 = AXIS2_PLACEMENT_3D('',#15607,#15608,#15609);
#15607 = CARTESIAN_POINT('',(1.E+03,40.,25.));
#15608 = DIRECTION('',(-1.,0.,0.));
#15609 = DIRECTION('',(0.,0.,-1.));
#15610 = PCURVE('',#15462,#15611);
#15611 = DEFINITIONAL_REPRESENTATION('',(#15612),#15620);
#15612 = ( BOUNDED_CURVE() B_SPLINE_CURVE(2,(#15613,#15614,#15615,#15616
    ,#15617,#15618,#15619),.UNSPECIFIED.,.T.,.F.) 
B_SPLINE_CURVE_WITH_KNOTS((1,2,2,2,2,1),(-2.094395102393,0.,
    2.094395102393,4.188790204786,6.28318530718,8.377580409573),
.UNSPECIFIED.) CURVE() GEOMETRIC_REPRESENTATION_ITEM() 
RATIONAL_B_SPLINE_CURVE((1.,0.5,1.,0.5,1.,0.5,1.)) REPRESENTATION_ITEM(
  '') );
#15613 = CARTESIAN_POINT('',(20.,21.2));
#15614 = CARTESIAN_POINT('',(13.418206931238,21.2));
#15615 = CARTESIAN_POINT('',(16.709103465619,26.9));
#15616 = CARTESIAN_POINT('',(20.,32.6));
#15617 = CARTESIAN_POINT('',(23.290896534381,26.9));
#15618 = CARTESIAN_POINT('',(26.581793068762,21.2));
#15619 = CARTESIAN_POINT('',(20.,21.2));
#15620 = ( GEOMETRIC_REPRESENTATION_CONTEXT(2) 
PARAMETRIC_REPRESENTATION_CONTEXT() REPRESENTATION_CONTEXT('2D SPACE',''
  ) );
#15621 = PCURVE('',#15622,#15627);
#15622 = CONICAL_SURFACE('',#15623,3.85,0.785398163397);
#15623 = AXIS2_PLACEMENT_3D('',#15624,#15625,#15626);
#15624 = CARTESIAN_POINT('',(1.00005E+03,40.,25.));
#15625 = DIRECTION('',(1.,-0.,-0.));
#15626 = DIRECTION('',(0.,0.,-1.));
#15627 = DEFINITIONAL_REPRESENTATION('',(#15628),#15632);
#15628 = LINE('',#15629,#15630);
#15629 = CARTESIAN_POINT('',(-0.,-4.999999999995E-02));
#15630 = VECTOR('',#15631,1.);
#15631 = DIRECTION('',(-1.,-0.));
#15632 = ( GEOMETRIC_REPRESENTATION_CONTEXT(2) 
PARAMETRIC_REPRESENTATION_CONTEXT() REPRESENTATION_CONTEXT('2D SPACE',''
  ) );
#15633 = FACE_BOUND('',#15634,.T.);
#15634 = EDGE_LOOP('',(#15635));
#15635 = ORIENTED_EDGE('',*,*,#15636,.T.);
#15636 = EDGE_CURVE('',#15637,#15637,#15639,.T.);
#15637 = VERTEX_POINT('',#15638);
#15638 = CARTESIAN_POINT('',(1.E+03,960.,21.2));
#15639 = SURFACE_CURVE('',#15640,(#15645,#15656),.PCURVE_S1.);
#15640 = CIRCLE('',#15641,3.8);
#15641 = AXIS2_PLACEMENT_3D('',#15642,#15643,#15644);
#15642 = CARTESIAN_POINT('',(1.E+03,960.,25.));
#15643 = DIRECTION('',(-1.,0.,0.));
#15644 = DIRECTION('',(0.,0.,-1.));
#15645 = PCURVE('',#15462,#15646);
#15646 = DEFINITIONAL_REPRESENTATION('',(#15647),#15655);
#15647 = ( BOUNDED_CURVE() B_SPLINE_CURVE(2,(#15648,#15649,#15650,#15651
    ,#15652,#15653,#15654),.UNSPECIFIED.,.T.,.F.) 
B_SPLINE_CURVE_WITH_KNOTS((1,2,2,2,2,1),(-2.094395102393,0.,
    2.094395102393,4.188790204786,6.28318530718,8.377580409573),
.UNSPECIFIED.) CURVE() GEOMETRIC_REPRESENTATION_ITEM() 
RATIONAL_B_SPLINE_CURVE((1.,0.5,1.,0.5,1.,0.5,1.)) REPRESENTATION_ITEM(
  '') );
#15648 = CARTESIAN_POINT('',(940.,21.2));
#15649 = CARTESIAN_POINT('',(933.41820693123,21.2));
#15650 = CARTESIAN_POINT('',(936.70910346561,26.9));
#15651 = CARTESIAN_POINT('',(940.,32.6));
#15652 = CARTESIAN_POINT('',(943.29089653438,26.9));
#15653 = CARTESIAN_POINT('',(946.58179306876,21.2));
#15654 = CARTESIAN_POINT('',(940.,21.2));
#15655 = ( GEOMETRIC_REPRESENTATION_CONTEXT(2) 
PARAMETRIC_REPRESENTATION_CONTEXT() REPRESENTATION_CONTEXT('2D SPACE',''
  ) );
#15656 = PCURVE('',#15657,#15662);
#15657 = CONICAL_SURFACE('',#15658,3.85,0.785398163397);
#15658 = AXIS2_PLACEMENT_3D('',#15659,#15660,#15661);
#15659 = CARTESIAN_POINT('',(1.00005E+03,960.,25.));
#15660 = DIRECTION('',(1.,-0.,-0.));
#15661 = DIRECTION('',(0.,0.,-1.));
#15662 = DEFINITIONAL_REPRESENTATION('',(#15663),#15667);
#15663 = LINE('',#15664,#15665);
#15664 = CARTESIAN_POINT('',(-0.,-4.999999999995E-02));
#15665 = VECTOR('',#15666,1.);
#15666 = DIRECTION('',(-1.,-0.));
#15667 = ( GEOMETRIC_REPRESENTATION_CONTEXT(2) 
PARAMETRIC_REPRESENTATION_CONTEXT() REPRESENTATION_CONTEXT('2D SPACE',''
  ) );
#15668 = FACE_BOUND('',#15669,.T.);
#15669 = EDGE_LOOP('',(#15670));
#15670 = ORIENTED_EDGE('',*,*,#15671,.T.);
#15671 = EDGE_CURVE('',#15672,#15672,#15674,.T.);
#15672 = VERTEX_POINT('',#15673);
#15673 = CARTESIAN_POINT('',(1.E+03,40.,116.2));
#15674 = SURFACE_CURVE('',#15675,(#15680,#15691),.PCURVE_S1.);
#15675 = CIRCLE('',#15676,3.8);
#15676 = AXIS2_PLACEMENT_3D('',#15677,#15678,#15679);
#15677 = CARTESIAN_POINT('',(1.E+03,40.,120.));
#15678 = DIRECTION('',(-1.,0.,0.));
#15679 = DIRECTION('',(0.,0.,-1.));
#15680 = PCURVE('',#15462,#15681);
#15681 = DEFINITIONAL_REPRESENTATION('',(#15682),#15690);
#15682 = ( BOUNDED_CURVE() B_SPLINE_CURVE(2,(#15683,#15684,#15685,#15686
    ,#15687,#15688,#15689),.UNSPECIFIED.,.T.,.F.) 
B_SPLINE_CURVE_WITH_KNOTS((1,2,2,2,2,1),(-2.094395102393,0.,
    2.094395102393,4.188790204786,6.28318530718,8.377580409573),
.UNSPECIFIED.) CURVE() GEOMETRIC_REPRESENTATION_ITEM() 
RATIONAL_B_SPLINE_CURVE((1.,0.5,1.,0.5,1.,0.5,1.)) REPRESENTATION_ITEM(
  '') );
#15683 = CARTESIAN_POINT('',(20.,116.2));
#15684 = CARTESIAN_POINT('',(13.418206931238,116.2));
#15685 = CARTESIAN_POINT('',(16.709103465619,121.9));
#15686 = CARTESIAN_POINT('',(20.,127.6));
#15687 = CARTESIAN_POINT('',(23.290896534381,121.9));
#15688 = CARTESIAN_POINT('',(26.581793068762,116.2));
#15689 = CARTESIAN_POINT('',(20.,116.2));
#15690 = ( GEOMETRIC_REPRESENTATION_CONTEXT(2) 
PARAMETRIC_REPRESENTATION_CONTEXT() REPRESENTATION_CONTEXT('2D SPACE',''
  ) );
#15691 = PCURVE('',#15692,#15697);
#15692 = CONICAL_SURFACE('',#15693,3.85,0.785398163397);
#15693 = AXIS2_PLACEMENT_3D('',#15694,#15695,#15696);
#15694 = CARTESIAN_POINT('',(1.00005E+03,40.,120.));
#15695 = DIRECTION('',(1.,-0.,-0.));
#15696 = DIRECTION('',(0.,0.,-1.));
#15697 = DEFINITIONAL_REPRESENTATION('',(#15698),#15702);
#15698 = LINE('',#15699,#15700);
#15699 = CARTESIAN_POINT('',(-0.,-4.999999999995E-02));
#15700 = VECTOR('',#15701,1.);
#15701 = DIRECTION('',(-1.,-0.));
#15702 = ( GEOMETRIC_REPRESENTATION_CONTEXT(2) 
PARAMETRIC_REPRESENTATION_CONTEXT() REPRESENTATION_CONTEXT('2D SPACE',''
  ) );
#15703 = FACE_BOUND('',#15704,.T.);
#15704 = EDGE_LOOP('',(#15705));
#15705 = ORIENTED_EDGE('',*,*,#15706,.T.);
#15706 = EDGE_CURVE('',#15707,#15707,#15709,.T.);
#15707 = VERTEX_POINT('',#15708);
#15708 = CARTESIAN_POINT('',(1.E+03,960.,116.2));
#15709 = SURFACE_CURVE('',#15710,(#15715,#15726),.PCURVE_S1.);
#15710 = CIRCLE('',#15711,3.8);
#15711 = AXIS2_PLACEMENT_3D('',#15712,#15713,#15714);
#15712 = CARTESIAN_POINT('',(1.E+03,960.,120.));
#15713 = DIRECTION('',(-1.,0.,0.));
#15714 = DIRECTION('',(0.,0.,-1.));
#15715 = PCURVE('',#15462,#15716);
#15716 = DEFINITIONAL_REPRESENTATION('',(#15717),#15725);
#15717 = ( BOUNDED_CURVE() B_SPLINE_CURVE(2,(#15718,#15719,#15720,#15721
    ,#15722,#15723,#15724),.UNSPECIFIED.,.T.,.F.) 
B_SPLINE_CURVE_WITH_KNOTS((1,2,2,2,2,1),(-2.094395102393,0.,
    2.094395102393,4.188790204786,6.28318530718,8.377580409573),
.UNSPECIFIED.) CURVE() GEOMETRIC_REPRESENTATION_ITEM() 
RATIONAL_B_SPLINE_CURVE((1.,0.5,1.,0.5,1.,0.5,1.)) REPRESENTATION_ITEM(
  '') );
#15718 = CARTESIAN_POINT('',(940.,116.2));
#15719 = CARTESIAN_POINT('',(933.41820693123,116.2));
#15720 = CARTESIAN_POINT('',(936.70910346561,121.9));
#15721 = CARTESIAN_POINT('',(940.,127.6));
#15722 = CARTESIAN_POINT('',(943.29089653438,121.9));
#15723 = CARTESIAN_POINT('',(946.58179306876,116.2));
#15724 = CARTESIAN_POINT('',(940.,116.2));
#15725 = ( GEOMETRIC_REPRESENTATION_CONTEXT(2) 
PARAMETRIC_REPRESENTATION_CONTEXT() REPRESENTATION_CONTEXT('2D SPACE',''
  ) );
#15726 = PCURVE('',#15727,#15732);
#15727 = CONICAL_SURFACE('',#15728,3.85,0.785398163397);
#15728 = AXIS2_PLACEMENT_3D('',#15729,#15730,#15731);
#15729 = CARTESIAN_POINT('',(1.00005E+03,960.,120.));
#15730 = DIRECTION('',(1.,-0.,-0.));
#15731 = DIRECTION('',(0.,0.,-1.));
#15732 = DEFINITIONAL_REPRESENTATION('',(#15733),#15737);
#15733 = LINE('',#15734,#15735);
#15734 = CARTESIAN_POINT('',(-0.,-4.999999999995E-02));
#15735 = VECTOR('',#15736,1.);
#15736 = DIRECTION('',(-1.,-0.));
#15737 = ( GEOMETRIC_REPRESENTATION_CONTEXT(2) 
PARAMETRIC_REPRESENTATION_CONTEXT() REPRESENTATION_CONTEXT('2D SPACE',''
  ) );
#15738 = ADVANCED_FACE('',(#15739),#15436,.T.);
#15739 = FACE_BOUND('',#15740,.T.);
#15740 = EDGE_LOOP('',(#15741,#15764,#15765,#15766));
#15741 = ORIENTED_EDGE('',*,*,#15742,.F.);
#15742 = EDGE_CURVE('',#15393,#15743,#15745,.T.);
#15743 = VERTEX_POINT('',#15744);
#15744 = CARTESIAN_POINT('',(980.,980.,145.));
#15745 = SURFACE_CURVE('',#15746,(#15750,#15757),.PCURVE_S1.);
#15746 = LINE('',#15747,#15748);
#15747 = CARTESIAN_POINT('',(980.,20.,145.));
#15748 = VECTOR('',#15749,1.);
#15749 = DIRECTION('',(0.,1.,0.));
#15750 = PCURVE('',#15436,#15751);
#15751 = DEFINITIONAL_REPRESENTATION('',(#15752),#15756);
#15752 = LINE('',#15753,#15754);
#15753 = CARTESIAN_POINT('',(0.,0.));
#15754 = VECTOR('',#15755,1.);
#15755 = DIRECTION('',(0.,1.));
#15756 = ( GEOMETRIC_REPRESENTATION_CONTEXT(2) 
PARAMETRIC_REPRESENTATION_CONTEXT() REPRESENTATION_CONTEXT('2D SPACE',''
  ) );
#15757 = PCURVE('',#15408,#15758);
#15758 = DEFINITIONAL_REPRESENTATION('',(#15759),#15763);
#15759 = LINE('',#15760,#15761);
#15760 = CARTESIAN_POINT('',(0.,145.));
#15761 = VECTOR('',#15762,1.);
#15762 = DIRECTION('',(1.,0.));
#15763 = ( GEOMETRIC_REPRESENTATION_CONTEXT(2) 
PARAMETRIC_REPRESENTATION_CONTEXT() REPRESENTATION_CONTEXT('2D SPACE',''
  ) );
#15764 = ORIENTED_EDGE('',*,*,#15420,.T.);
#15765 = ORIENTED_EDGE('',*,*,#15578,.T.);
#15766 = ORIENTED_EDGE('',*,*,#15767,.F.);
#15767 = EDGE_CURVE('',#15743,#15556,#15768,.T.);
#15768 = SURFACE_CURVE('',#15769,(#15773,#15780),.PCURVE_S1.);
#15769 = LINE('',#15770,#15771);
#15770 = CARTESIAN_POINT('',(980.,980.,145.));
#15771 = VECTOR('',#15772,1.);
#15772 = DIRECTION('',(1.,0.,0.));
#15773 = PCURVE('',#15436,#15774);
#15774 = DEFINITIONAL_REPRESENTATION('',(#15775),#15779);
#15775 = LINE('',#15776,#15777);
#15776 = CARTESIAN_POINT('',(0.,960.));
#15777 = VECTOR('',#15778,1.);
#15778 = DIRECTION('',(1.,0.));
#15779 = ( GEOMETRIC_REPRESENTATION_CONTEXT(2) 
PARAMETRIC_REPRESENTATION_CONTEXT() REPRESENTATION_CONTEXT('2D SPACE',''
  ) );
#15780 = PCURVE('',#15538,#15781);
#15781 = DEFINITIONAL_REPRESENTATION('',(#15782),#15786);
#15782 = LINE('',#15783,#15784);
#15783 = CARTESIAN_POINT('',(0.,-145.));
#15784 = VECTOR('',#15785,1.);
#15785 = DIRECTION('',(1.,0.));
#15786 = ( GEOMETRIC_REPRESENTATION_CONTEXT(2) 
PARAMETRIC_REPRESENTATION_CONTEXT() REPRESENTATION_CONTEXT('2D SPACE',''
  ) );
#15787 = ADVANCED_FACE('',(#15788,#15814,#15845,#15876,#15907),#15408,
  .F.);
#15788 = FACE_BOUND('',#15789,.F.);
#15789 = EDGE_LOOP('',(#15790,#15791,#15792,#15813));
#15790 = ORIENTED_EDGE('',*,*,#15392,.F.);
#15791 = ORIENTED_EDGE('',*,*,#15477,.T.);
#15792 = ORIENTED_EDGE('',*,*,#15793,.T.);
#15793 = EDGE_CURVE('',#15478,#15743,#15794,.T.);
#15794 = SURFACE_CURVE('',#15795,(#15799,#15806),.PCURVE_S1.);
#15795 = LINE('',#15796,#15797);
#15796 = CARTESIAN_POINT('',(980.,980.,0.));
#15797 = VECTOR('',#15798,1.);
#15798 = DIRECTION('',(0.,0.,1.));
#15799 = PCURVE('',#15408,#15800);
#15800 = DEFINITIONAL_REPRESENTATION('',(#15801),#15805);
#15801 = LINE('',#15802,#15803);
#15802 = CARTESIAN_POINT('',(960.,0.));
#15803 = VECTOR('',#15804,1.);
#15804 = DIRECTION('',(0.,1.));
#15805 = ( GEOMETRIC_REPRESENTATION_CONTEXT(2) 
PARAMETRIC_REPRESENTATION_CONTEXT() REPRESENTATION_CONTEXT('2D SPACE',''
  ) );
#15806 = PCURVE('',#15538,#15807);
#15807 = DEFINITIONAL_REPRESENTATION('',(#15808),#15812);
#15808 = LINE('',#15809,#15810);
#15809 = CARTESIAN_POINT('',(0.,0.));
#15810 = VECTOR('',#15811,1.);
#15811 = DIRECTION('',(0.,-1.));
#15812 = ( GEOMETRIC_REPRESENTATION_CONTEXT(2) 
PARAMETRIC_REPRESENTATION_CONTEXT() REPRESENTATION_CONTEXT('2D SPACE',''
  ) );
#15813 = ORIENTED_EDGE('',*,*,#15742,.F.);
#15814 = FACE_BOUND('',#15815,.F.);
#15815 = EDGE_LOOP('',(#15816));
#15816 = ORIENTED_EDGE('',*,*,#15817,.F.);
#15817 = EDGE_CURVE('',#15818,#15818,#15820,.T.);
#15818 = VERTEX_POINT('',#15819);
#15819 = CARTESIAN_POINT('',(980.,41.25,25.));
#15820 = SURFACE_CURVE('',#15821,(#15826,#15833),.PCURVE_S1.);
#15821 = CIRCLE('',#15822,1.25);
#15822 = AXIS2_PLACEMENT_3D('',#15823,#15824,#15825);
#15823 = CARTESIAN_POINT('',(980.,40.,25.));
#15824 = DIRECTION('',(1.,0.,-0.));
#15825 = DIRECTION('',(0.,1.,0.));
#15826 = PCURVE('',#15408,#15827);
#15827 = DEFINITIONAL_REPRESENTATION('',(#15828),#15832);
#15828 = CIRCLE('',#15829,1.25);
#15829 = AXIS2_PLACEMENT_2D('',#15830,#15831);
#15830 = CARTESIAN_POINT('',(20.,25.));
#15831 = DIRECTION('',(1.,0.));
#15832 = ( GEOMETRIC_REPRESENTATION_CONTEXT(2) 
PARAMETRIC_REPRESENTATION_CONTEXT() REPRESENTATION_CONTEXT('2D SPACE',''
  ) );
#15833 = PCURVE('',#15834,#15839);
#15834 = CYLINDRICAL_SURFACE('',#15835,1.25);
#15835 = AXIS2_PLACEMENT_3D('',#15836,#15837,#15838);
#15836 = CARTESIAN_POINT('',(1.00005E+03,40.,25.));
#15837 = DIRECTION('',(1.,-0.,-0.));
#15838 = DIRECTION('',(0.,1.,0.));
#15839 = DEFINITIONAL_REPRESENTATION('',(#15840),#15844);
#15840 = LINE('',#15841,#15842);
#15841 = CARTESIAN_POINT('',(-6.28318530718,-20.05));
#15842 = VECTOR('',#15843,1.);
#15843 = DIRECTION('',(1.,-0.));
#15844 = ( GEOMETRIC_REPRESENTATION_CONTEXT(2) 
PARAMETRIC_REPRESENTATION_CONTEXT() REPRESENTATION_CONTEXT('2D SPACE',''
  ) );
#15845 = FACE_BOUND('',#15846,.F.);
#15846 = EDGE_LOOP('',(#15847));
#15847 = ORIENTED_EDGE('',*,*,#15848,.F.);
#15848 = EDGE_CURVE('',#15849,#15849,#15851,.T.);
#15849 = VERTEX_POINT('',#15850);
#15850 = CARTESIAN_POINT('',(980.,961.25,25.));
#15851 = SURFACE_CURVE('',#15852,(#15857,#15864),.PCURVE_S1.);
#15852 = CIRCLE('',#15853,1.25);
#15853 = AXIS2_PLACEMENT_3D('',#15854,#15855,#15856);
#15854 = CARTESIAN_POINT('',(980.,960.,25.));
#15855 = DIRECTION('',(1.,0.,-0.));
#15856 = DIRECTION('',(0.,1.,0.));
#15857 = PCURVE('',#15408,#15858);
#15858 = DEFINITIONAL_REPRESENTATION('',(#15859),#15863);
#15859 = CIRCLE('',#15860,1.25);
#15860 = AXIS2_PLACEMENT_2D('',#15861,#15862);
#15861 = CARTESIAN_POINT('',(940.,25.));
#15862 = DIRECTION('',(1.,0.));
#15863 = ( GEOMETRIC_REPRESENTATION_CONTEXT(2) 
PARAMETRIC_REPRESENTATION_CONTEXT() REPRESENTATION_CONTEXT('2D SPACE',''
  ) );
#15864 = PCURVE('',#15865,#15870);
#15865 = CYLINDRICAL_SURFACE('',#15866,1.25);
#15866 = AXIS2_PLACEMENT_3D('',#15867,#15868,#15869);
#15867 = CARTESIAN_POINT('',(1.00005E+03,960.,25.));
#15868 = DIRECTION('',(1.,-0.,-0.));
#15869 = DIRECTION('',(0.,1.,0.));
#15870 = DEFINITIONAL_REPRESENTATION('',(#15871),#15875);
#15871 = LINE('',#15872,#15873);
#15872 = CARTESIAN_POINT('',(-6.28318530718,-20.05));
#15873 = VECTOR('',#15874,1.);
#15874 = DIRECTION('',(1.,-0.));
#15875 = ( GEOMETRIC_REPRESENTATION_CONTEXT(2) 
PARAMETRIC_REPRESENTATION_CONTEXT() REPRESENTATION_CONTEXT('2D SPACE',''
  ) );
#15876 = FACE_BOUND('',#15877,.F.);
#15877 = EDGE_LOOP('',(#15878));
#15878 = ORIENTED_EDGE('',*,*,#15879,.F.);
#15879 = EDGE_CURVE('',#15880,#15880,#15882,.T.);
#15880 = VERTEX_POINT('',#15881);
#15881 = CARTESIAN_POINT('',(980.,41.25,120.));
#15882 = SURFACE_CURVE('',#15883,(#15888,#15895),.PCURVE_S1.);
#15883 = CIRCLE('',#15884,1.25);
#15884 = AXIS2_PLACEMENT_3D('',#15885,#15886,#15887);
#15885 = CARTESIAN_POINT('',(980.,40.,120.));
#15886 = DIRECTION('',(1.,0.,-0.));
#15887 = DIRECTION('',(0.,1.,0.));
#15888 = PCURVE('',#15408,#15889);
#15889 = DEFINITIONAL_REPRESENTATION('',(#15890),#15894);
#15890 = CIRCLE('',#15891,1.25);
#15891 = AXIS2_PLACEMENT_2D('',#15892,#15893);
#15892 = CARTESIAN_POINT('',(20.,120.));
#15893 = DIRECTION('',(1.,0.));
#15894 = ( GEOMETRIC_REPRESENTATION_CONTEXT(2) 
PARAMETRIC_REPRESENTATION_CONTEXT() REPRESENTATION_CONTEXT('2D SPACE',''
  ) );
#15895 = PCURVE('',#15896,#15901);
#15896 = CYLINDRICAL_SURFACE('',#15897,1.25);
#15897 = AXIS2_PLACEMENT_3D('',#15898,#15899,#15900);
#15898 = CARTESIAN_POINT('',(1.00005E+03,40.,120.));
#15899 = DIRECTION('',(1.,-0.,-0.));
#15900 = DIRECTION('',(0.,1.,0.));
#15901 = DEFINITIONAL_REPRESENTATION('',(#15902),#15906);
#15902 = LINE('',#15903,#15904);
#15903 = CARTESIAN_POINT('',(-6.28318530718,-20.05));
#15904 = VECTOR('',#15905,1.);
#15905 = DIRECTION('',(1.,-0.));
#15906 = ( GEOMETRIC_REPRESENTATION_CONTEXT(2) 
PARAMETRIC_REPRESENTATION_CONTEXT() REPRESENTATION_CONTEXT('2D SPACE',''
  ) );
#15907 = FACE_BOUND('',#15908,.F.);
#15908 = EDGE_LOOP('',(#15909));
#15909 = ORIENTED_EDGE('',*,*,#15910,.F.);
#15910 = EDGE_CURVE('',#15911,#15911,#15913,.T.);
#15911 = VERTEX_POINT('',#15912);
#15912 = CARTESIAN_POINT('',(980.,961.25,120.));
#15913 = SURFACE_CURVE('',#15914,(#15919,#15926),.PCURVE_S1.);
#15914 = CIRCLE('',#15915,1.25);
#15915 = AXIS2_PLACEMENT_3D('',#15916,#15917,#15918);
#15916 = CARTESIAN_POINT('',(980.,960.,120.));
#15917 = DIRECTION('',(1.,0.,-0.));
#15918 = DIRECTION('',(0.,1.,0.));
#15919 = PCURVE('',#15408,#15920);
#15920 = DEFINITIONAL_REPRESENTATION('',(#15921),#15925);
#15921 = CIRCLE('',#15922,1.25);
#15922 = AXIS2_PLACEMENT_2D('',#15923,#15924);
#15923 = CARTESIAN_POINT('',(940.,120.));
#15924 = DIRECTION('',(1.,0.));
#15925 = ( GEOMETRIC_REPRESENTATION_CONTEXT(2) 
PARAMETRIC_REPRESENTATION_CONTEXT() REPRESENTATION_CONTEXT('2D SPACE',''
  ) );
#15926 = PCURVE('',#15927,#15932);
#15927 = CYLINDRICAL_SURFACE('',#15928,1.25);
#15928 = AXIS2_PLACEMENT_3D('',#15929,#15930,#15931);
#15929 = CARTESIAN_POINT('',(1.00005E+03,960.,120.));
#15930 = DIRECTION('',(1.,-0.,-0.));
#15931 = DIRECTION('',(0.,1.,0.));
#15932 = DEFINITIONAL_REPRESENTATION('',(#15933),#15937);
#15933 = LINE('',#15934,#15935);
#15934 = CARTESIAN_POINT('',(-6.28318530718,-20.05));
#15935 = VECTOR('',#15936,1.);
#15936 = DIRECTION('',(1.,-0.));
#15937 = ( GEOMETRIC_REPRESENTATION_CONTEXT(2) 
PARAMETRIC_REPRESENTATION_CONTEXT() REPRESENTATION_CONTEXT('2D SPACE',''
  ) );
#15938 = ADVANCED_FACE('',(#15939),#15538,.T.);
#15939 = FACE_BOUND('',#15940,.T.);
#15940 = EDGE_LOOP('',(#15941,#15942,#15943,#15944));
#15941 = ORIENTED_EDGE('',*,*,#15524,.F.);
#15942 = ORIENTED_EDGE('',*,*,#15793,.T.);
#15943 = ORIENTED_EDGE('',*,*,#15767,.T.);
#15944 = ORIENTED_EDGE('',*,*,#15555,.F.);
#15945 = ADVANCED_FACE('',(#15946),#15622,.F.);
#15946 = FACE_BOUND('',#15947,.F.);
#15947 = EDGE_LOOP('',(#15948,#15949,#15972,#15996,#16018));
#15948 = ORIENTED_EDGE('',*,*,#15601,.T.);
#15949 = ORIENTED_EDGE('',*,*,#15950,.T.);
#15950 = EDGE_CURVE('',#15602,#15951,#15953,.T.);
#15951 = VERTEX_POINT('',#15952);
#15952 = CARTESIAN_POINT('',(997.45,40.,23.75));
#15953 = SEAM_CURVE('',#15954,(#15958,#15965),.PCURVE_S1.);
#15954 = LINE('',#15955,#15956);
#15955 = CARTESIAN_POINT('',(1.00005E+03,40.,21.15));
#15956 = VECTOR('',#15957,1.);
#15957 = DIRECTION('',(-0.707106781187,-1.731912112471E-16,
    0.707106781187));
#15958 = PCURVE('',#15622,#15959);
#15959 = DEFINITIONAL_REPRESENTATION('',(#15960),#15964);
#15960 = LINE('',#15961,#15962);
#15961 = CARTESIAN_POINT('',(0.,-0.));
#15962 = VECTOR('',#15963,1.);
#15963 = DIRECTION('',(-0.,-1.));
#15964 = ( GEOMETRIC_REPRESENTATION_CONTEXT(2) 
PARAMETRIC_REPRESENTATION_CONTEXT() REPRESENTATION_CONTEXT('2D SPACE',''
  ) );
#15965 = PCURVE('',#15622,#15966);
#15966 = DEFINITIONAL_REPRESENTATION('',(#15967),#15971);
#15967 = LINE('',#15968,#15969);
#15968 = CARTESIAN_POINT('',(-6.28318530718,0.));
#15969 = VECTOR('',#15970,1.);
#15970 = DIRECTION('',(-0.,-1.));
#15971 = ( GEOMETRIC_REPRESENTATION_CONTEXT(2) 
PARAMETRIC_REPRESENTATION_CONTEXT() REPRESENTATION_CONTEXT('2D SPACE',''
  ) );
#15972 = ORIENTED_EDGE('',*,*,#15973,.F.);
#15973 = EDGE_CURVE('',#15974,#15951,#15976,.T.);
#15974 = VERTEX_POINT('',#15975);
#15975 = CARTESIAN_POINT('',(997.45,41.25,25.));
#15976 = SURFACE_CURVE('',#15977,(#15982,#15989),.PCURVE_S1.);
#15977 = CIRCLE('',#15978,1.25);
#15978 = AXIS2_PLACEMENT_3D('',#15979,#15980,#15981);
#15979 = CARTESIAN_POINT('',(997.45,40.,25.));
#15980 = DIRECTION('',(-1.,0.,0.));
#15981 = DIRECTION('',(0.,0.,-1.));
#15982 = PCURVE('',#15622,#15983);
#15983 = DEFINITIONAL_REPRESENTATION('',(#15984),#15988);
#15984 = LINE('',#15985,#15986);
#15985 = CARTESIAN_POINT('',(-0.,-2.6));
#15986 = VECTOR('',#15987,1.);
#15987 = DIRECTION('',(-1.,-0.));
#15988 = ( GEOMETRIC_REPRESENTATION_CONTEXT(2) 
PARAMETRIC_REPRESENTATION_CONTEXT() REPRESENTATION_CONTEXT('2D SPACE',''
  ) );
#15989 = PCURVE('',#15834,#15990);
#15990 = DEFINITIONAL_REPRESENTATION('',(#15991),#15995);
#15991 = LINE('',#15992,#15993);
#15992 = CARTESIAN_POINT('',(4.712388980385,-2.6));
#15993 = VECTOR('',#15994,1.);
#15994 = DIRECTION('',(-1.,0.));
#15995 = ( GEOMETRIC_REPRESENTATION_CONTEXT(2) 
PARAMETRIC_REPRESENTATION_CONTEXT() REPRESENTATION_CONTEXT('2D SPACE',''
  ) );
#15996 = ORIENTED_EDGE('',*,*,#15997,.F.);
#15997 = EDGE_CURVE('',#15951,#15974,#15998,.T.);
#15998 = SURFACE_CURVE('',#15999,(#16004,#16011),.PCURVE_S1.);
#15999 = CIRCLE('',#16000,1.25);
#16000 = AXIS2_PLACEMENT_3D('',#16001,#16002,#16003);
#16001 = CARTESIAN_POINT('',(997.45,40.,25.));
#16002 = DIRECTION('',(-1.,0.,0.));
#16003 = DIRECTION('',(0.,0.,-1.));
#16004 = PCURVE('',#15622,#16005);
#16005 = DEFINITIONAL_REPRESENTATION('',(#16006),#16010);
#16006 = LINE('',#16007,#16008);
#16007 = CARTESIAN_POINT('',(-0.,-2.6));
#16008 = VECTOR('',#16009,1.);
#16009 = DIRECTION('',(-1.,-0.));
#16010 = ( GEOMETRIC_REPRESENTATION_CONTEXT(2) 
PARAMETRIC_REPRESENTATION_CONTEXT() REPRESENTATION_CONTEXT('2D SPACE',''
  ) );
#16011 = PCURVE('',#15834,#16012);
#16012 = DEFINITIONAL_REPRESENTATION('',(#16013),#16017);
#16013 = LINE('',#16014,#16015);
#16014 = CARTESIAN_POINT('',(-1.570796326795,-2.6));
#16015 = VECTOR('',#16016,1.);
#16016 = DIRECTION('',(-1.,0.));
#16017 = ( GEOMETRIC_REPRESENTATION_CONTEXT(2) 
PARAMETRIC_REPRESENTATION_CONTEXT() REPRESENTATION_CONTEXT('2D SPACE',''
  ) );
#16018 = ORIENTED_EDGE('',*,*,#15950,.F.);
#16019 = ADVANCED_FACE('',(#16020),#15657,.F.);
#16020 = FACE_BOUND('',#16021,.F.);
#16021 = EDGE_LOOP('',(#16022,#16023,#16046,#16070,#16092));
#16022 = ORIENTED_EDGE('',*,*,#15636,.T.);
#16023 = ORIENTED_EDGE('',*,*,#16024,.T.);
#16024 = EDGE_CURVE('',#15637,#16025,#16027,.T.);
#16025 = VERTEX_POINT('',#16026);
#16026 = CARTESIAN_POINT('',(997.45,960.,23.75));
#16027 = SEAM_CURVE('',#16028,(#16032,#16039),.PCURVE_S1.);
#16028 = LINE('',#16029,#16030);
#16029 = CARTESIAN_POINT('',(1.00005E+03,960.,21.15));
#16030 = VECTOR('',#16031,1.);
#16031 = DIRECTION('',(-0.707106781187,-1.731912112471E-16,
    0.707106781187));
#16032 = PCURVE('',#15657,#16033);
#16033 = DEFINITIONAL_REPRESENTATION('',(#16034),#16038);
#16034 = LINE('',#16035,#16036);
#16035 = CARTESIAN_POINT('',(0.,-0.));
#16036 = VECTOR('',#16037,1.);
#16037 = DIRECTION('',(-0.,-1.));
#16038 = ( GEOMETRIC_REPRESENTATION_CONTEXT(2) 
PARAMETRIC_REPRESENTATION_CONTEXT() REPRESENTATION_CONTEXT('2D SPACE',''
  ) );
#16039 = PCURVE('',#15657,#16040);
#16040 = DEFINITIONAL_REPRESENTATION('',(#16041),#16045);
#16041 = LINE('',#16042,#16043);
#16042 = CARTESIAN_POINT('',(-6.28318530718,0.));
#16043 = VECTOR('',#16044,1.);
#16044 = DIRECTION('',(-0.,-1.));
#16045 = ( GEOMETRIC_REPRESENTATION_CONTEXT(2) 
PARAMETRIC_REPRESENTATION_CONTEXT() REPRESENTATION_CONTEXT('2D SPACE',''
  ) );
#16046 = ORIENTED_EDGE('',*,*,#16047,.F.);
#16047 = EDGE_CURVE('',#16048,#16025,#16050,.T.);
#16048 = VERTEX_POINT('',#16049);
#16049 = CARTESIAN_POINT('',(997.45,961.25,25.));
#16050 = SURFACE_CURVE('',#16051,(#16056,#16063),.PCURVE_S1.);
#16051 = CIRCLE('',#16052,1.25);
#16052 = AXIS2_PLACEMENT_3D('',#16053,#16054,#16055);
#16053 = CARTESIAN_POINT('',(997.45,960.,25.));
#16054 = DIRECTION('',(-1.,0.,0.));
#16055 = DIRECTION('',(0.,0.,-1.));
#16056 = PCURVE('',#15657,#16057);
#16057 = DEFINITIONAL_REPRESENTATION('',(#16058),#16062);
#16058 = LINE('',#16059,#16060);
#16059 = CARTESIAN_POINT('',(-0.,-2.6));
#16060 = VECTOR('',#16061,1.);
#16061 = DIRECTION('',(-1.,-0.));
#16062 = ( GEOMETRIC_REPRESENTATION_CONTEXT(2) 
PARAMETRIC_REPRESENTATION_CONTEXT() REPRESENTATION_CONTEXT('2D SPACE',''
  ) );
#16063 = PCURVE('',#15865,#16064);
#16064 = DEFINITIONAL_REPRESENTATION('',(#16065),#16069);
#16065 = LINE('',#16066,#16067);
#16066 = CARTESIAN_POINT('',(4.712388980385,-2.6));
#16067 = VECTOR('',#16068,1.);
#16068 = DIRECTION('',(-1.,0.));
#16069 = ( GEOMETRIC_REPRESENTATION_CONTEXT(2) 
PARAMETRIC_REPRESENTATION_CONTEXT() REPRESENTATION_CONTEXT('2D SPACE',''
  ) );
#16070 = ORIENTED_EDGE('',*,*,#16071,.F.);
#16071 = EDGE_CURVE('',#16025,#16048,#16072,.T.);
#16072 = SURFACE_CURVE('',#16073,(#16078,#16085),.PCURVE_S1.);
#16073 = CIRCLE('',#16074,1.25);
#16074 = AXIS2_PLACEMENT_3D('',#16075,#16076,#16077);
#16075 = CARTESIAN_POINT('',(997.45,960.,25.));
#16076 = DIRECTION('',(-1.,0.,0.));
#16077 = DIRECTION('',(0.,0.,-1.));
#16078 = PCURVE('',#15657,#16079);
#16079 = DEFINITIONAL_REPRESENTATION('',(#16080),#16084);
#16080 = LINE('',#16081,#16082);
#16081 = CARTESIAN_POINT('',(-0.,-2.6));
#16082 = VECTOR('',#16083,1.);
#16083 = DIRECTION('',(-1.,-0.));
#16084 = ( GEOMETRIC_REPRESENTATION_CONTEXT(2) 
PARAMETRIC_REPRESENTATION_CONTEXT() REPRESENTATION_CONTEXT('2D SPACE',''
  ) );
#16085 = PCURVE('',#15865,#16086);
#16086 = DEFINITIONAL_REPRESENTATION('',(#16087),#16091);
#16087 = LINE('',#16088,#16089);
#16088 = CARTESIAN_POINT('',(-1.570796326795,-2.6));
#16089 = VECTOR('',#16090,1.);
#16090 = DIRECTION('',(-1.,0.));
#16091 = ( GEOMETRIC_REPRESENTATION_CONTEXT(2) 
PARAMETRIC_REPRESENTATION_CONTEXT() REPRESENTATION_CONTEXT('2D SPACE',''
  ) );
#16092 = ORIENTED_EDGE('',*,*,#16024,.F.);
#16093 = ADVANCED_FACE('',(#16094),#15692,.F.);
#16094 = FACE_BOUND('',#16095,.F.);
#16095 = EDGE_LOOP('',(#16096,#16097,#16120,#16144,#16166));
#16096 = ORIENTED_EDGE('',*,*,#15671,.T.);
#16097 = ORIENTED_EDGE('',*,*,#16098,.T.);
#16098 = EDGE_CURVE('',#15672,#16099,#16101,.T.);
#16099 = VERTEX_POINT('',#16100);
#16100 = CARTESIAN_POINT('',(997.45,40.,118.75));
#16101 = SEAM_CURVE('',#16102,(#16106,#16113),.PCURVE_S1.);
#16102 = LINE('',#16103,#16104);
#16103 = CARTESIAN_POINT('',(1.00005E+03,40.,116.15));
#16104 = VECTOR('',#16105,1.);
#16105 = DIRECTION('',(-0.707106781187,-1.731912112471E-16,
    0.707106781187));
#16106 = PCURVE('',#15692,#16107);
#16107 = DEFINITIONAL_REPRESENTATION('',(#16108),#16112);
#16108 = LINE('',#16109,#16110);
#16109 = CARTESIAN_POINT('',(0.,-0.));
#16110 = VECTOR('',#16111,1.);
#16111 = DIRECTION('',(-0.,-1.));
#16112 = ( GEOMETRIC_REPRESENTATION_CONTEXT(2) 
PARAMETRIC_REPRESENTATION_CONTEXT() REPRESENTATION_CONTEXT('2D SPACE',''
  ) );
#16113 = PCURVE('',#15692,#16114);
#16114 = DEFINITIONAL_REPRESENTATION('',(#16115),#16119);
#16115 = LINE('',#16116,#16117);
#16116 = CARTESIAN_POINT('',(-6.28318530718,0.));
#16117 = VECTOR('',#16118,1.);
#16118 = DIRECTION('',(-0.,-1.));
#16119 = ( GEOMETRIC_REPRESENTATION_CONTEXT(2) 
PARAMETRIC_REPRESENTATION_CONTEXT() REPRESENTATION_CONTEXT('2D SPACE',''
  ) );
#16120 = ORIENTED_EDGE('',*,*,#16121,.F.);
#16121 = EDGE_CURVE('',#16122,#16099,#16124,.T.);
#16122 = VERTEX_POINT('',#16123);
#16123 = CARTESIAN_POINT('',(997.45,41.25,120.));
#16124 = SURFACE_CURVE('',#16125,(#16130,#16137),.PCURVE_S1.);
#16125 = CIRCLE('',#16126,1.25);
#16126 = AXIS2_PLACEMENT_3D('',#16127,#16128,#16129);
#16127 = CARTESIAN_POINT('',(997.45,40.,120.));
#16128 = DIRECTION('',(-1.,0.,0.));
#16129 = DIRECTION('',(0.,0.,-1.));
#16130 = PCURVE('',#15692,#16131);
#16131 = DEFINITIONAL_REPRESENTATION('',(#16132),#16136);
#16132 = LINE('',#16133,#16134);
#16133 = CARTESIAN_POINT('',(-0.,-2.6));
#16134 = VECTOR('',#16135,1.);
#16135 = DIRECTION('',(-1.,-0.));
#16136 = ( GEOMETRIC_REPRESENTATION_CONTEXT(2) 
PARAMETRIC_REPRESENTATION_CONTEXT() REPRESENTATION_CONTEXT('2D SPACE',''
  ) );
#16137 = PCURVE('',#15896,#16138);
#16138 = DEFINITIONAL_REPRESENTATION('',(#16139),#16143);
#16139 = LINE('',#16140,#16141);
#16140 = CARTESIAN_POINT('',(4.712388980385,-2.6));
#16141 = VECTOR('',#16142,1.);
#16142 = DIRECTION('',(-1.,0.));
#16143 = ( GEOMETRIC_REPRESENTATION_CONTEXT(2) 
PARAMETRIC_REPRESENTATION_CONTEXT() REPRESENTATION_CONTEXT('2D SPACE',''
  ) );
#16144 = ORIENTED_EDGE('',*,*,#16145,.F.);
#16145 = EDGE_CURVE('',#16099,#16122,#16146,.T.);
#16146 = SURFACE_CURVE('',#16147,(#16152,#16159),.PCURVE_S1.);
#16147 = CIRCLE('',#16148,1.25);
#16148 = AXIS2_PLACEMENT_3D('',#16149,#16150,#16151);
#16149 = CARTESIAN_POINT('',(997.45,40.,120.));
#16150 = DIRECTION('',(-1.,0.,0.));
#16151 = DIRECTION('',(0.,0.,-1.));
#16152 = PCURVE('',#15692,#16153);
#16153 = DEFINITIONAL_REPRESENTATION('',(#16154),#16158);
#16154 = LINE('',#16155,#16156);
#16155 = CARTESIAN_POINT('',(-0.,-2.6));
#16156 = VECTOR('',#16157,1.);
#16157 = DIRECTION('',(-1.,-0.));
#16158 = ( GEOMETRIC_REPRESENTATION_CONTEXT(2) 
PARAMETRIC_REPRESENTATION_CONTEXT() REPRESENTATION_CONTEXT('2D SPACE',''
  ) );
#16159 = PCURVE('',#15896,#16160);
#16160 = DEFINITIONAL_REPRESENTATION('',(#16161),#16165);
#16161 = LINE('',#16162,#16163);
#16162 = CARTESIAN_POINT('',(-1.570796326795,-2.6));
#16163 = VECTOR('',#16164,1.);
#16164 = DIRECTION('',(-1.,0.));
#16165 = ( GEOMETRIC_REPRESENTATION_CONTEXT(2) 
PARAMETRIC_REPRESENTATION_CONTEXT() REPRESENTATION_CONTEXT('2D SPACE',''
  ) );
#16166 = ORIENTED_EDGE('',*,*,#16098,.F.);
#16167 = ADVANCED_FACE('',(#16168),#15727,.F.);
#16168 = FACE_BOUND('',#16169,.F.);
#16169 = EDGE_LOOP('',(#16170,#16171,#16194,#16218,#16240));
#16170 = ORIENTED_EDGE('',*,*,#15706,.T.);
#16171 = ORIENTED_EDGE('',*,*,#16172,.T.);
#16172 = EDGE_CURVE('',#15707,#16173,#16175,.T.);
#16173 = VERTEX_POINT('',#16174);
#16174 = CARTESIAN_POINT('',(997.45,960.,118.75));
#16175 = SEAM_CURVE('',#16176,(#16180,#16187),.PCURVE_S1.);
#16176 = LINE('',#16177,#16178);
#16177 = CARTESIAN_POINT('',(1.00005E+03,960.,116.15));
#16178 = VECTOR('',#16179,1.);
#16179 = DIRECTION('',(-0.707106781187,-1.731912112471E-16,
    0.707106781187));
#16180 = PCURVE('',#15727,#16181);
#16181 = DEFINITIONAL_REPRESENTATION('',(#16182),#16186);
#16182 = LINE('',#16183,#16184);
#16183 = CARTESIAN_POINT('',(0.,-0.));
#16184 = VECTOR('',#16185,1.);
#16185 = DIRECTION('',(-0.,-1.));
#16186 = ( GEOMETRIC_REPRESENTATION_CONTEXT(2) 
PARAMETRIC_REPRESENTATION_CONTEXT() REPRESENTATION_CONTEXT('2D SPACE',''
  ) );
#16187 = PCURVE('',#15727,#16188);
#16188 = DEFINITIONAL_REPRESENTATION('',(#16189),#16193);
#16189 = LINE('',#16190,#16191);
#16190 = CARTESIAN_POINT('',(-6.28318530718,0.));
#16191 = VECTOR('',#16192,1.);
#16192 = DIRECTION('',(-0.,-1.));
#16193 = ( GEOMETRIC_REPRESENTATION_CONTEXT(2) 
PARAMETRIC_REPRESENTATION_CONTEXT() REPRESENTATION_CONTEXT('2D SPACE',''
  ) );
#16194 = ORIENTED_EDGE('',*,*,#16195,.F.);
#16195 = EDGE_CURVE('',#16196,#16173,#16198,.T.);
#16196 = VERTEX_POINT('',#16197);
#16197 = CARTESIAN_POINT('',(997.45,961.25,120.));
#16198 = SURFACE_CURVE('',#16199,(#16204,#16211),.PCURVE_S1.);
#16199 = CIRCLE('',#16200,1.25);
#16200 = AXIS2_PLACEMENT_3D('',#16201,#16202,#16203);
#16201 = CARTESIAN_POINT('',(997.45,960.,120.));
#16202 = DIRECTION('',(-1.,0.,0.));
#16203 = DIRECTION('',(0.,0.,-1.));
#16204 = PCURVE('',#15727,#16205);
#16205 = DEFINITIONAL_REPRESENTATION('',(#16206),#16210);
#16206 = LINE('',#16207,#16208);
#16207 = CARTESIAN_POINT('',(-0.,-2.6));
#16208 = VECTOR('',#16209,1.);
#16209 = DIRECTION('',(-1.,-0.));
#16210 = ( GEOMETRIC_REPRESENTATION_CONTEXT(2) 
PARAMETRIC_REPRESENTATION_CONTEXT() REPRESENTATION_CONTEXT('2D SPACE',''
  ) );
#16211 = PCURVE('',#15927,#16212);
#16212 = DEFINITIONAL_REPRESENTATION('',(#16213),#16217);
#16213 = LINE('',#16214,#16215);
#16214 = CARTESIAN_POINT('',(4.712388980385,-2.6));
#16215 = VECTOR('',#16216,1.);
#16216 = DIRECTION('',(-1.,0.));
#16217 = ( GEOMETRIC_REPRESENTATION_CONTEXT(2) 
PARAMETRIC_REPRESENTATION_CONTEXT() REPRESENTATION_CONTEXT('2D SPACE',''
  ) );
#16218 = ORIENTED_EDGE('',*,*,#16219,.F.);
#16219 = EDGE_CURVE('',#16173,#16196,#16220,.T.);
#16220 = SURFACE_CURVE('',#16221,(#16226,#16233),.PCURVE_S1.);
#16221 = CIRCLE('',#16222,1.25);
#16222 = AXIS2_PLACEMENT_3D('',#16223,#16224,#16225);
#16223 = CARTESIAN_POINT('',(997.45,960.,120.));
#16224 = DIRECTION('',(-1.,0.,0.));
#16225 = DIRECTION('',(0.,0.,-1.));
#16226 = PCURVE('',#15727,#16227);
#16227 = DEFINITIONAL_REPRESENTATION('',(#16228),#16232);
#16228 = LINE('',#16229,#16230);
#16229 = CARTESIAN_POINT('',(-0.,-2.6));
#16230 = VECTOR('',#16231,1.);
#16231 = DIRECTION('',(-1.,-0.));
#16232 = ( GEOMETRIC_REPRESENTATION_CONTEXT(2) 
PARAMETRIC_REPRESENTATION_CONTEXT() REPRESENTATION_CONTEXT('2D SPACE',''
  ) );
#16233 = PCURVE('',#15927,#16234);
#16234 = DEFINITIONAL_REPRESENTATION('',(#16235),#16239);
#16235 = LINE('',#16236,#16237);
#16236 = CARTESIAN_POINT('',(-1.570796326795,-2.6));
#16237 = VECTOR('',#16238,1.);
#16238 = DIRECTION('',(-1.,0.));
#16239 = ( GEOMETRIC_REPRESENTATION_CONTEXT(2) 
PARAMETRIC_REPRESENTATION_CONTEXT() REPRESENTATION_CONTEXT('2D SPACE',''
  ) );
#16240 = ORIENTED_EDGE('',*,*,#16172,.F.);
#16241 = ADVANCED_FACE('',(#16242),#15834,.F.);
#16242 = FACE_BOUND('',#16243,.T.);
#16243 = EDGE_LOOP('',(#16244,#16265,#16266,#16267,#16268));
#16244 = ORIENTED_EDGE('',*,*,#16245,.F.);
#16245 = EDGE_CURVE('',#15974,#15818,#16246,.T.);
#16246 = SEAM_CURVE('',#16247,(#16251,#16258),.PCURVE_S1.);
#16247 = LINE('',#16248,#16249);
#16248 = CARTESIAN_POINT('',(1.00005E+03,41.25,25.));
#16249 = VECTOR('',#16250,1.);
#16250 = DIRECTION('',(-1.,0.,0.));
#16251 = PCURVE('',#15834,#16252);
#16252 = DEFINITIONAL_REPRESENTATION('',(#16253),#16257);
#16253 = LINE('',#16254,#16255);
#16254 = CARTESIAN_POINT('',(-6.28318530718,0.));
#16255 = VECTOR('',#16256,1.);
#16256 = DIRECTION('',(-0.,-1.));
#16257 = ( GEOMETRIC_REPRESENTATION_CONTEXT(2) 
PARAMETRIC_REPRESENTATION_CONTEXT() REPRESENTATION_CONTEXT('2D SPACE',''
  ) );
#16258 = PCURVE('',#15834,#16259);
#16259 = DEFINITIONAL_REPRESENTATION('',(#16260),#16264);
#16260 = LINE('',#16261,#16262);
#16261 = CARTESIAN_POINT('',(-0.,0.));
#16262 = VECTOR('',#16263,1.);
#16263 = DIRECTION('',(-0.,-1.));
#16264 = ( GEOMETRIC_REPRESENTATION_CONTEXT(2) 
PARAMETRIC_REPRESENTATION_CONTEXT() REPRESENTATION_CONTEXT('2D SPACE',''
  ) );
#16265 = ORIENTED_EDGE('',*,*,#15997,.F.);
#16266 = ORIENTED_EDGE('',*,*,#15973,.F.);
#16267 = ORIENTED_EDGE('',*,*,#16245,.T.);
#16268 = ORIENTED_EDGE('',*,*,#15817,.F.);
#16269 = ADVANCED_FACE('',(#16270),#15865,.F.);
#16270 = FACE_BOUND('',#16271,.T.);
#16271 = EDGE_LOOP('',(#16272,#16293,#16294,#16295,#16296));
#16272 = ORIENTED_EDGE('',*,*,#16273,.F.);
#16273 = EDGE_CURVE('',#16048,#15849,#16274,.T.);
#16274 = SEAM_CURVE('',#16275,(#16279,#16286),.PCURVE_S1.);
#16275 = LINE('',#16276,#16277);
#16276 = CARTESIAN_POINT('',(1.00005E+03,961.25,25.));
#16277 = VECTOR('',#16278,1.);
#16278 = DIRECTION('',(-1.,0.,0.));
#16279 = PCURVE('',#15865,#16280);
#16280 = DEFINITIONAL_REPRESENTATION('',(#16281),#16285);
#16281 = LINE('',#16282,#16283);
#16282 = CARTESIAN_POINT('',(-6.28318530718,0.));
#16283 = VECTOR('',#16284,1.);
#16284 = DIRECTION('',(-0.,-1.));
#16285 = ( GEOMETRIC_REPRESENTATION_CONTEXT(2) 
PARAMETRIC_REPRESENTATION_CONTEXT() REPRESENTATION_CONTEXT('2D SPACE',''
  ) );
#16286 = PCURVE('',#15865,#16287);
#16287 = DEFINITIONAL_REPRESENTATION('',(#16288),#16292);
#16288 = LINE('',#16289,#16290);
#16289 = CARTESIAN_POINT('',(-0.,0.));
#16290 = VECTOR('',#16291,1.);
#16291 = DIRECTION('',(-0.,-1.));
#16292 = ( GEOMETRIC_REPRESENTATION_CONTEXT(2) 
PARAMETRIC_REPRESENTATION_CONTEXT() REPRESENTATION_CONTEXT('2D SPACE',''
  ) );
#16293 = ORIENTED_EDGE('',*,*,#16071,.F.);
#16294 = ORIENTED_EDGE('',*,*,#16047,.F.);
#16295 = ORIENTED_EDGE('',*,*,#16273,.T.);
#16296 = ORIENTED_EDGE('',*,*,#15848,.F.);
#16297 = ADVANCED_FACE('',(#16298),#15896,.F.);
#16298 = FACE_BOUND('',#16299,.T.);
#16299 = EDGE_LOOP('',(#16300,#16321,#16322,#16323,#16324));
#16300 = ORIENTED_EDGE('',*,*,#16301,.F.);
#16301 = EDGE_CURVE('',#16122,#15880,#16302,.T.);
#16302 = SEAM_CURVE('',#16303,(#16307,#16314),.PCURVE_S1.);
#16303 = LINE('',#16304,#16305);
#16304 = CARTESIAN_POINT('',(1.00005E+03,41.25,120.));
#16305 = VECTOR('',#16306,1.);
#16306 = DIRECTION('',(-1.,0.,0.));
#16307 = PCURVE('',#15896,#16308);
#16308 = DEFINITIONAL_REPRESENTATION('',(#16309),#16313);
#16309 = LINE('',#16310,#16311);
#16310 = CARTESIAN_POINT('',(-6.28318530718,0.));
#16311 = VECTOR('',#16312,1.);
#16312 = DIRECTION('',(-0.,-1.));
#16313 = ( GEOMETRIC_REPRESENTATION_CONTEXT(2) 
PARAMETRIC_REPRESENTATION_CONTEXT() REPRESENTATION_CONTEXT('2D SPACE',''
  ) );
#16314 = PCURVE('',#15896,#16315);
#16315 = DEFINITIONAL_REPRESENTATION('',(#16316),#16320);
#16316 = LINE('',#16317,#16318);
#16317 = CARTESIAN_POINT('',(-0.,0.));
#16318 = VECTOR('',#16319,1.);
#16319 = DIRECTION('',(-0.,-1.));
#16320 = ( GEOMETRIC_REPRESENTATION_CONTEXT(2) 
PARAMETRIC_REPRESENTATION_CONTEXT() REPRESENTATION_CONTEXT('2D SPACE',''
  ) );
#16321 = ORIENTED_EDGE('',*,*,#16145,.F.);
#16322 = ORIENTED_EDGE('',*,*,#16121,.F.);
#16323 = ORIENTED_EDGE('',*,*,#16301,.T.);
#16324 = ORIENTED_EDGE('',*,*,#15879,.F.);
#16325 = ADVANCED_FACE('',(#16326),#15927,.F.);
#16326 = FACE_BOUND('',#16327,.T.);
#16327 = EDGE_LOOP('',(#16328,#16349,#16350,#16351,#16352));
#16328 = ORIENTED_EDGE('',*,*,#16329,.F.);
#16329 = EDGE_CURVE('',#16196,#15911,#16330,.T.);
#16330 = SEAM_CURVE('',#16331,(#16335,#16342),.PCURVE_S1.);
#16331 = LINE('',#16332,#16333);
#16332 = CARTESIAN_POINT('',(1.00005E+03,961.25,120.));
#16333 = VECTOR('',#16334,1.);
#16334 = DIRECTION('',(-1.,0.,0.));
#16335 = PCURVE('',#15927,#16336);
#16336 = DEFINITIONAL_REPRESENTATION('',(#16337),#16341);
#16337 = LINE('',#16338,#16339);
#16338 = CARTESIAN_POINT('',(-6.28318530718,0.));
#16339 = VECTOR('',#16340,1.);
#16340 = DIRECTION('',(-0.,-1.));
#16341 = ( GEOMETRIC_REPRESENTATION_CONTEXT(2) 
PARAMETRIC_REPRESENTATION_CONTEXT() REPRESENTATION_CONTEXT('2D SPACE',''
  ) );
#16342 = PCURVE('',#15927,#16343);
#16343 = DEFINITIONAL_REPRESENTATION('',(#16344),#16348);
#16344 = LINE('',#16345,#16346);
#16345 = CARTESIAN_POINT('',(-0.,0.));
#16346 = VECTOR('',#16347,1.);
#16347 = DIRECTION('',(-0.,-1.));
#16348 = ( GEOMETRIC_REPRESENTATION_CONTEXT(2) 
PARAMETRIC_REPRESENTATION_CONTEXT() REPRESENTATION_CONTEXT('2D SPACE',''
  ) );
#16349 = ORIENTED_EDGE('',*,*,#16219,.F.);
#16350 = ORIENTED_EDGE('',*,*,#16195,.F.);
#16351 = ORIENTED_EDGE('',*,*,#16329,.T.);
#16352 = ORIENTED_EDGE('',*,*,#15910,.F.);
#16353 = ( GEOMETRIC_REPRESENTATION_CONTEXT(3) 
GLOBAL_UNCERTAINTY_ASSIGNED_CONTEXT((#16357)) 
GLOBAL_UNIT_ASSIGNED_CONTEXT((#16354,#16355,#16356)) 
REPRESENTATION_CONTEXT('Context #1',
  '3D Context with UNIT and UNCERTAINTY') );
#16354 = ( LENGTH_UNIT() NAMED_UNIT(*) SI_UNIT(.MILLI.,.METRE.) );
#16355 = ( NAMED_UNIT(*) PLANE_ANGLE_UNIT() SI_UNIT($,.RADIAN.) );
#16356 = ( NAMED_UNIT(*) SI_UNIT($,.STERADIAN.) SOLID_ANGLE_UNIT() );
#16357 = UNCERTAINTY_MEASURE_WITH_UNIT(LENGTH_MEASURE(1.E-07),#16354,
  'distance_accuracy_value','confusion accuracy');
#16358 = CONTEXT_DEPENDENT_SHAPE_REPRESENTATION(#16359,#16361);
#16359 = ( REPRESENTATION_RELATIONSHIP('','',#15350,#10) 
REPRESENTATION_RELATIONSHIP_WITH_TRANSFORMATION(#16360) 
SHAPE_REPRESENTATION_RELATIONSHIP() );
#16360 = ITEM_DEFINED_TRANSFORMATION('','',#11,#55);
#16361 = PRODUCT_DEFINITION_SHAPE('Placement','Placement of an item',
  #16362);
#16362 = NEXT_ASSEMBLY_USAGE_OCCURRENCE('11','right_1','',#5,#15345,$);
#16363 = PRODUCT_RELATED_PRODUCT_CATEGORY('part',$,(#15347));
#16364 = SHAPE_DEFINITION_REPRESENTATION(#16365,#16371);
#16365 = PRODUCT_DEFINITION_SHAPE('','',#16366);
#16366 = PRODUCT_DEFINITION('design','',#16367,#16370);
#16367 = PRODUCT_DEFINITION_FORMATION('','',#16368);
#16368 = PRODUCT('right_2','right_2','',(#16369));
#16369 = PRODUCT_CONTEXT('',#2,'mechanical');
#16370 = PRODUCT_DEFINITION_CONTEXT('part definition',#2,'design');
#16371 = ADVANCED_BREP_SHAPE_REPRESENTATION('',(#11,#16372),#17374);
#16372 = MANIFOLD_SOLID_BREP('',#16373);
#16373 = CLOSED_SHELL('',(#16374,#16494,#16570,#16759,#16808,#16959,
    #16966,#17040,#17114,#17188,#17262,#17290,#17318,#17346));
#16374 = ADVANCED_FACE('',(#16375),#16389,.F.);
#16375 = FACE_BOUND('',#16376,.F.);
#16376 = EDGE_LOOP('',(#16377,#16412,#16440,#16468));
#16377 = ORIENTED_EDGE('',*,*,#16378,.F.);
#16378 = EDGE_CURVE('',#16379,#16381,#16383,.T.);
#16379 = VERTEX_POINT('',#16380);
#16380 = CARTESIAN_POINT('',(980.,20.,145.));
#16381 = VERTEX_POINT('',#16382);
#16382 = CARTESIAN_POINT('',(1.E+03,20.,145.));
#16383 = SURFACE_CURVE('',#16384,(#16388,#16400),.PCURVE_S1.);
#16384 = LINE('',#16385,#16386);
#16385 = CARTESIAN_POINT('',(980.,20.,145.));
#16386 = VECTOR('',#16387,1.);
#16387 = DIRECTION('',(1.,0.,0.));
#16388 = PCURVE('',#16389,#16394);
#16389 = PLANE('',#16390);
#16390 = AXIS2_PLACEMENT_3D('',#16391,#16392,#16393);
#16391 = CARTESIAN_POINT('',(980.,20.,145.));
#16392 = DIRECTION('',(0.,1.,0.));
#16393 = DIRECTION('',(1.,0.,0.));
#16394 = DEFINITIONAL_REPRESENTATION('',(#16395),#16399);
#16395 = LINE('',#16396,#16397);
#16396 = CARTESIAN_POINT('',(0.,0.));
#16397 = VECTOR('',#16398,1.);
#16398 = DIRECTION('',(1.,0.));
#16399 = ( GEOMETRIC_REPRESENTATION_CONTEXT(2) 
PARAMETRIC_REPRESENTATION_CONTEXT() REPRESENTATION_CONTEXT('2D SPACE',''
  ) );
#16400 = PCURVE('',#16401,#16406);
#16401 = PLANE('',#16402);
#16402 = AXIS2_PLACEMENT_3D('',#16403,#16404,#16405);
#16403 = CARTESIAN_POINT('',(980.,20.,145.));
#16404 = DIRECTION('',(0.,0.,1.));
#16405 = DIRECTION('',(1.,0.,0.));
#16406 = DEFINITIONAL_REPRESENTATION('',(#16407),#16411);
#16407 = LINE('',#16408,#16409);
#16408 = CARTESIAN_POINT('',(0.,0.));
#16409 = VECTOR('',#16410,1.);
#16410 = DIRECTION('',(1.,0.));
#16411 = ( GEOMETRIC_REPRESENTATION_CONTEXT(2) 
PARAMETRIC_REPRESENTATION_CONTEXT() REPRESENTATION_CONTEXT('2D SPACE',''
  ) );
#16412 = ORIENTED_EDGE('',*,*,#16413,.T.);
#16413 = EDGE_CURVE('',#16379,#16414,#16416,.T.);
#16414 = VERTEX_POINT('',#16415);
#16415 = CARTESIAN_POINT('',(980.,20.,290.));
#16416 = SURFACE_CURVE('',#16417,(#16421,#16428),.PCURVE_S1.);
#16417 = LINE('',#16418,#16419);
#16418 = CARTESIAN_POINT('',(980.,20.,145.));
#16419 = VECTOR('',#16420,1.);
#16420 = DIRECTION('',(0.,0.,1.));
#16421 = PCURVE('',#16389,#16422);
#16422 = DEFINITIONAL_REPRESENTATION('',(#16423),#16427);
#16423 = LINE('',#16424,#16425);
#16424 = CARTESIAN_POINT('',(0.,0.));
#16425 = VECTOR('',#16426,1.);
#16426 = DIRECTION('',(0.,-1.));
#16427 = ( GEOMETRIC_REPRESENTATION_CONTEXT(2) 
PARAMETRIC_REPRESENTATION_CONTEXT() REPRESENTATION_CONTEXT('2D SPACE',''
  ) );
#16428 = PCURVE('',#16429,#16434);
#16429 = PLANE('',#16430);
#16430 = AXIS2_PLACEMENT_3D('',#16431,#16432,#16433);
#16431 = CARTESIAN_POINT('',(980.,20.,145.));
#16432 = DIRECTION('',(1.,0.,0.));
#16433 = DIRECTION('',(0.,1.,0.));
#16434 = DEFINITIONAL_REPRESENTATION('',(#16435),#16439);
#16435 = LINE('',#16436,#16437);
#16436 = CARTESIAN_POINT('',(0.,0.));
#16437 = VECTOR('',#16438,1.);
#16438 = DIRECTION('',(0.,1.));
#16439 = ( GEOMETRIC_REPRESENTATION_CONTEXT(2) 
PARAMETRIC_REPRESENTATION_CONTEXT() REPRESENTATION_CONTEXT('2D SPACE',''
  ) );
#16440 = ORIENTED_EDGE('',*,*,#16441,.T.);
#16441 = EDGE_CURVE('',#16414,#16442,#16444,.T.);
#16442 = VERTEX_POINT('',#16443);
#16443 = CARTESIAN_POINT('',(1.E+03,20.,290.));
#16444 = SURFACE_CURVE('',#16445,(#16449,#16456),.PCURVE_S1.);
#16445 = LINE('',#16446,#16447);
#16446 = CARTESIAN_POINT('',(980.,20.,290.));
#16447 = VECTOR('',#16448,1.);
#16448 = DIRECTION('',(1.,0.,0.));
#16449 = PCURVE('',#16389,#16450);
#16450 = DEFINITIONAL_REPRESENTATION('',(#16451),#16455);
#16451 = LINE('',#16452,#16453);
#16452 = CARTESIAN_POINT('',(0.,-145.));
#16453 = VECTOR('',#16454,1.);
#16454 = DIRECTION('',(1.,0.));
#16455 = ( GEOMETRIC_REPRESENTATION_CONTEXT(2) 
PARAMETRIC_REPRESENTATION_CONTEXT() REPRESENTATION_CONTEXT('2D SPACE',''
  ) );
#16456 = PCURVE('',#16457,#16462);
#16457 = PLANE('',#16458);
#16458 = AXIS2_PLACEMENT_3D('',#16459,#16460,#16461);
#16459 = CARTESIAN_POINT('',(980.,20.,290.));
#16460 = DIRECTION('',(0.,0.,1.));
#16461 = DIRECTION('',(1.,0.,0.));
#16462 = DEFINITIONAL_REPRESENTATION('',(#16463),#16467);
#16463 = LINE('',#16464,#16465);
#16464 = CARTESIAN_POINT('',(0.,0.));
#16465 = VECTOR('',#16466,1.);
#16466 = DIRECTION('',(1.,0.));
#16467 = ( GEOMETRIC_REPRESENTATION_CONTEXT(2) 
PARAMETRIC_REPRESENTATION_CONTEXT() REPRESENTATION_CONTEXT('2D SPACE',''
  ) );
#16468 = ORIENTED_EDGE('',*,*,#16469,.F.);
#16469 = EDGE_CURVE('',#16381,#16442,#16470,.T.);
#16470 = SURFACE_CURVE('',#16471,(#16475,#16482),.PCURVE_S1.);
#16471 = LINE('',#16472,#16473);
#16472 = CARTESIAN_POINT('',(1.E+03,20.,145.));
#16473 = VECTOR('',#16474,1.);
#16474 = DIRECTION('',(0.,0.,1.));
#16475 = PCURVE('',#16389,#16476);
#16476 = DEFINITIONAL_REPRESENTATION('',(#16477),#16481);
#16477 = LINE('',#16478,#16479);
#16478 = CARTESIAN_POINT('',(20.,0.));
#16479 = VECTOR('',#16480,1.);
#16480 = DIRECTION('',(0.,-1.));
#16481 = ( GEOMETRIC_REPRESENTATION_CONTEXT(2) 
PARAMETRIC_REPRESENTATION_CONTEXT() REPRESENTATION_CONTEXT('2D SPACE',''
  ) );
#16482 = PCURVE('',#16483,#16488);
#16483 = PLANE('',#16484);
#16484 = AXIS2_PLACEMENT_3D('',#16485,#16486,#16487);
#16485 = CARTESIAN_POINT('',(1.E+03,20.,145.));
#16486 = DIRECTION('',(1.,0.,0.));
#16487 = DIRECTION('',(0.,1.,0.));
#16488 = DEFINITIONAL_REPRESENTATION('',(#16489),#16493);
#16489 = LINE('',#16490,#16491);
#16490 = CARTESIAN_POINT('',(0.,0.));
#16491 = VECTOR('',#16492,1.);
#16492 = DIRECTION('',(0.,1.));
#16493 = ( GEOMETRIC_REPRESENTATION_CONTEXT(2) 
PARAMETRIC_REPRESENTATION_CONTEXT() REPRESENTATION_CONTEXT('2D SPACE',''
  ) );
#16494 = ADVANCED_FACE('',(#16495),#16401,.F.);
#16495 = FACE_BOUND('',#16496,.F.);
#16496 = EDGE_LOOP('',(#16497,#16520,#16521,#16544));
#16497 = ORIENTED_EDGE('',*,*,#16498,.F.);
#16498 = EDGE_CURVE('',#16379,#16499,#16501,.T.);
#16499 = VERTEX_POINT('',#16500);
#16500 = CARTESIAN_POINT('',(980.,980.,145.));
#16501 = SURFACE_CURVE('',#16502,(#16506,#16513),.PCURVE_S1.);
#16502 = LINE('',#16503,#16504);
#16503 = CARTESIAN_POINT('',(980.,20.,145.));
#16504 = VECTOR('',#16505,1.);
#16505 = DIRECTION('',(0.,1.,0.));
#16506 = PCURVE('',#16401,#16507);
#16507 = DEFINITIONAL_REPRESENTATION('',(#16508),#16512);
#16508 = LINE('',#16509,#16510);
#16509 = CARTESIAN_POINT('',(0.,0.));
#16510 = VECTOR('',#16511,1.);
#16511 = DIRECTION('',(0.,1.));
#16512 = ( GEOMETRIC_REPRESENTATION_CONTEXT(2) 
PARAMETRIC_REPRESENTATION_CONTEXT() REPRESENTATION_CONTEXT('2D SPACE',''
  ) );
#16513 = PCURVE('',#16429,#16514);
#16514 = DEFINITIONAL_REPRESENTATION('',(#16515),#16519);
#16515 = LINE('',#16516,#16517);
#16516 = CARTESIAN_POINT('',(0.,0.));
#16517 = VECTOR('',#16518,1.);
#16518 = DIRECTION('',(1.,0.));
#16519 = ( GEOMETRIC_REPRESENTATION_CONTEXT(2) 
PARAMETRIC_REPRESENTATION_CONTEXT() REPRESENTATION_CONTEXT('2D SPACE',''
  ) );
#16520 = ORIENTED_EDGE('',*,*,#16378,.T.);
#16521 = ORIENTED_EDGE('',*,*,#16522,.T.);
#16522 = EDGE_CURVE('',#16381,#16523,#16525,.T.);
#16523 = VERTEX_POINT('',#16524);
#16524 = CARTESIAN_POINT('',(1.E+03,980.,145.));
#16525 = SURFACE_CURVE('',#16526,(#16530,#16537),.PCURVE_S1.);
#16526 = LINE('',#16527,#16528);
#16527 = CARTESIAN_POINT('',(1.E+03,20.,145.));
#16528 = VECTOR('',#16529,1.);
#16529 = DIRECTION('',(0.,1.,0.));
#16530 = PCURVE('',#16401,#16531);
#16531 = DEFINITIONAL_REPRESENTATION('',(#16532),#16536);
#16532 = LINE('',#16533,#16534);
#16533 = CARTESIAN_POINT('',(20.,0.));
#16534 = VECTOR('',#16535,1.);
#16535 = DIRECTION('',(0.,1.));
#16536 = ( GEOMETRIC_REPRESENTATION_CONTEXT(2) 
PARAMETRIC_REPRESENTATION_CONTEXT() REPRESENTATION_CONTEXT('2D SPACE',''
  ) );
#16537 = PCURVE('',#16483,#16538);
#16538 = DEFINITIONAL_REPRESENTATION('',(#16539),#16543);
#16539 = LINE('',#16540,#16541);
#16540 = CARTESIAN_POINT('',(0.,0.));
#16541 = VECTOR('',#16542,1.);
#16542 = DIRECTION('',(1.,0.));
#16543 = ( GEOMETRIC_REPRESENTATION_CONTEXT(2) 
PARAMETRIC_REPRESENTATION_CONTEXT() REPRESENTATION_CONTEXT('2D SPACE',''
  ) );
#16544 = ORIENTED_EDGE('',*,*,#16545,.F.);
#16545 = EDGE_CURVE('',#16499,#16523,#16546,.T.);
#16546 = SURFACE_CURVE('',#16547,(#16551,#16558),.PCURVE_S1.);
#16547 = LINE('',#16548,#16549);
#16548 = CARTESIAN_POINT('',(980.,980.,145.));
#16549 = VECTOR('',#16550,1.);
#16550 = DIRECTION('',(1.,0.,0.));
#16551 = PCURVE('',#16401,#16552);
#16552 = DEFINITIONAL_REPRESENTATION('',(#16553),#16557);
#16553 = LINE('',#16554,#16555);
#16554 = CARTESIAN_POINT('',(0.,960.));
#16555 = VECTOR('',#16556,1.);
#16556 = DIRECTION('',(1.,0.));
#16557 = ( GEOMETRIC_REPRESENTATION_CONTEXT(2) 
PARAMETRIC_REPRESENTATION_CONTEXT() REPRESENTATION_CONTEXT('2D SPACE',''
  ) );
#16558 = PCURVE('',#16559,#16564);
#16559 = PLANE('',#16560);
#16560 = AXIS2_PLACEMENT_3D('',#16561,#16562,#16563);
#16561 = CARTESIAN_POINT('',(980.,980.,145.));
#16562 = DIRECTION('',(0.,1.,0.));
#16563 = DIRECTION('',(1.,0.,0.));
#16564 = DEFINITIONAL_REPRESENTATION('',(#16565),#16569);
#16565 = LINE('',#16566,#16567);
#16566 = CARTESIAN_POINT('',(0.,0.));
#16567 = VECTOR('',#16568,1.);
#16568 = DIRECTION('',(1.,0.));
#16569 = ( GEOMETRIC_REPRESENTATION_CONTEXT(2) 
PARAMETRIC_REPRESENTATION_CONTEXT() REPRESENTATION_CONTEXT('2D SPACE',''
  ) );
#16570 = ADVANCED_FACE('',(#16571,#16619,#16654,#16689,#16724),#16483,
  .T.);
#16571 = FACE_BOUND('',#16572,.T.);
#16572 = EDGE_LOOP('',(#16573,#16574,#16575,#16598));
#16573 = ORIENTED_EDGE('',*,*,#16469,.F.);
#16574 = ORIENTED_EDGE('',*,*,#16522,.T.);
#16575 = ORIENTED_EDGE('',*,*,#16576,.T.);
#16576 = EDGE_CURVE('',#16523,#16577,#16579,.T.);
#16577 = VERTEX_POINT('',#16578);
#16578 = CARTESIAN_POINT('',(1.E+03,980.,290.));
#16579 = SURFACE_CURVE('',#16580,(#16584,#16591),.PCURVE_S1.);
#16580 = LINE('',#16581,#16582);
#16581 = CARTESIAN_POINT('',(1.E+03,980.,145.));
#16582 = VECTOR('',#16583,1.);
#16583 = DIRECTION('',(0.,0.,1.));
#16584 = PCURVE('',#16483,#16585);
#16585 = DEFINITIONAL_REPRESENTATION('',(#16586),#16590);
#16586 = LINE('',#16587,#16588);
#16587 = CARTESIAN_POINT('',(960.,0.));
#16588 = VECTOR('',#16589,1.);
#16589 = DIRECTION('',(0.,1.));
#16590 = ( GEOMETRIC_REPRESENTATION_CONTEXT(2) 
PARAMETRIC_REPRESENTATION_CONTEXT() REPRESENTATION_CONTEXT('2D SPACE',''
  ) );
#16591 = PCURVE('',#16559,#16592);
#16592 = DEFINITIONAL_REPRESENTATION('',(#16593),#16597);
#16593 = LINE('',#16594,#16595);
#16594 = CARTESIAN_POINT('',(20.,0.));
#16595 = VECTOR('',#16596,1.);
#16596 = DIRECTION('',(0.,-1.));
#16597 = ( GEOMETRIC_REPRESENTATION_CONTEXT(2) 
PARAMETRIC_REPRESENTATION_CONTEXT() REPRESENTATION_CONTEXT('2D SPACE',''
  ) );
#16598 = ORIENTED_EDGE('',*,*,#16599,.F.);
#16599 = EDGE_CURVE('',#16442,#16577,#16600,.T.);
#16600 = SURFACE_CURVE('',#16601,(#16605,#16612),.PCURVE_S1.);
#16601 = LINE('',#16602,#16603);
#16602 = CARTESIAN_POINT('',(1.E+03,20.,290.));
#16603 = VECTOR('',#16604,1.);
#16604 = DIRECTION('',(0.,1.,0.));
#16605 = PCURVE('',#16483,#16606);
#16606 = DEFINITIONAL_REPRESENTATION('',(#16607),#16611);
#16607 = LINE('',#16608,#16609);
#16608 = CARTESIAN_POINT('',(0.,145.));
#16609 = VECTOR('',#16610,1.);
#16610 = DIRECTION('',(1.,0.));
#16611 = ( GEOMETRIC_REPRESENTATION_CONTEXT(2) 
PARAMETRIC_REPRESENTATION_CONTEXT() REPRESENTATION_CONTEXT('2D SPACE',''
  ) );
#16612 = PCURVE('',#16457,#16613);
#16613 = DEFINITIONAL_REPRESENTATION('',(#16614),#16618);
#16614 = LINE('',#16615,#16616);
#16615 = CARTESIAN_POINT('',(20.,0.));
#16616 = VECTOR('',#16617,1.);
#16617 = DIRECTION('',(0.,1.));
#16618 = ( GEOMETRIC_REPRESENTATION_CONTEXT(2) 
PARAMETRIC_REPRESENTATION_CONTEXT() REPRESENTATION_CONTEXT('2D SPACE',''
  ) );
#16619 = FACE_BOUND('',#16620,.T.);
#16620 = EDGE_LOOP('',(#16621));
#16621 = ORIENTED_EDGE('',*,*,#16622,.T.);
#16622 = EDGE_CURVE('',#16623,#16623,#16625,.T.);
#16623 = VERTEX_POINT('',#16624);
#16624 = CARTESIAN_POINT('',(1.E+03,40.,166.2));
#16625 = SURFACE_CURVE('',#16626,(#16631,#16642),.PCURVE_S1.);
#16626 = CIRCLE('',#16627,3.8);
#16627 = AXIS2_PLACEMENT_3D('',#16628,#16629,#16630);
#16628 = CARTESIAN_POINT('',(1.E+03,40.,170.));
#16629 = DIRECTION('',(-1.,0.,0.));
#16630 = DIRECTION('',(0.,0.,-1.));
#16631 = PCURVE('',#16483,#16632);
#16632 = DEFINITIONAL_REPRESENTATION('',(#16633),#16641);
#16633 = ( BOUNDED_CURVE() B_SPLINE_CURVE(2,(#16634,#16635,#16636,#16637
    ,#16638,#16639,#16640),.UNSPECIFIED.,.T.,.F.) 
B_SPLINE_CURVE_WITH_KNOTS((1,2,2,2,2,1),(-2.094395102393,0.,
    2.094395102393,4.188790204786,6.28318530718,8.377580409573),
.UNSPECIFIED.) CURVE() GEOMETRIC_REPRESENTATION_ITEM() 
RATIONAL_B_SPLINE_CURVE((1.,0.5,1.,0.5,1.,0.5,1.)) REPRESENTATION_ITEM(
  '') );
#16634 = CARTESIAN_POINT('',(20.,21.2));
#16635 = CARTESIAN_POINT('',(13.418206931238,21.2));
#16636 = CARTESIAN_POINT('',(16.709103465619,26.9));
#16637 = CARTESIAN_POINT('',(20.,32.6));
#16638 = CARTESIAN_POINT('',(23.290896534381,26.9));
#16639 = CARTESIAN_POINT('',(26.581793068762,21.2));
#16640 = CARTESIAN_POINT('',(20.,21.2));
#16641 = ( GEOMETRIC_REPRESENTATION_CONTEXT(2) 
PARAMETRIC_REPRESENTATION_CONTEXT() REPRESENTATION_CONTEXT('2D SPACE',''
  ) );
#16642 = PCURVE('',#16643,#16648);
#16643 = CONICAL_SURFACE('',#16644,3.85,0.785398163397);
#16644 = AXIS2_PLACEMENT_3D('',#16645,#16646,#16647);
#16645 = CARTESIAN_POINT('',(1.00005E+03,40.,170.));
#16646 = DIRECTION('',(1.,-0.,-0.));
#16647 = DIRECTION('',(0.,0.,-1.));
#16648 = DEFINITIONAL_REPRESENTATION('',(#16649),#16653);
#16649 = LINE('',#16650,#16651);
#16650 = CARTESIAN_POINT('',(-0.,-4.999999999995E-02));
#16651 = VECTOR('',#16652,1.);
#16652 = DIRECTION('',(-1.,-0.));
#16653 = ( GEOMETRIC_REPRESENTATION_CONTEXT(2) 
PARAMETRIC_REPRESENTATION_CONTEXT() REPRESENTATION_CONTEXT('2D SPACE',''
  ) );
#16654 = FACE_BOUND('',#16655,.T.);
#16655 = EDGE_LOOP('',(#16656));
#16656 = ORIENTED_EDGE('',*,*,#16657,.T.);
#16657 = EDGE_CURVE('',#16658,#16658,#16660,.T.);
#16658 = VERTEX_POINT('',#16659);
#16659 = CARTESIAN_POINT('',(1.E+03,960.,166.2));
#16660 = SURFACE_CURVE('',#16661,(#16666,#16677),.PCURVE_S1.);
#16661 = CIRCLE('',#16662,3.8);
#16662 = AXIS2_PLACEMENT_3D('',#16663,#16664,#16665);
#16663 = CARTESIAN_POINT('',(1.E+03,960.,170.));
#16664 = DIRECTION('',(-1.,0.,0.));
#16665 = DIRECTION('',(0.,0.,-1.));
#16666 = PCURVE('',#16483,#16667);
#16667 = DEFINITIONAL_REPRESENTATION('',(#16668),#16676);
#16668 = ( BOUNDED_CURVE() B_SPLINE_CURVE(2,(#16669,#16670,#16671,#16672
    ,#16673,#16674,#16675),.UNSPECIFIED.,.T.,.F.) 
B_SPLINE_CURVE_WITH_KNOTS((1,2,2,2,2,1),(-2.094395102393,0.,
    2.094395102393,4.188790204786,6.28318530718,8.377580409573),
.UNSPECIFIED.) CURVE() GEOMETRIC_REPRESENTATION_ITEM() 
RATIONAL_B_SPLINE_CURVE((1.,0.5,1.,0.5,1.,0.5,1.)) REPRESENTATION_ITEM(
  '') );
#16669 = CARTESIAN_POINT('',(940.,21.2));
#16670 = CARTESIAN_POINT('',(933.41820693123,21.2));
#16671 = CARTESIAN_POINT('',(936.70910346561,26.9));
#16672 = CARTESIAN_POINT('',(940.,32.6));
#16673 = CARTESIAN_POINT('',(943.29089653438,26.9));
#16674 = CARTESIAN_POINT('',(946.58179306876,21.2));
#16675 = CARTESIAN_POINT('',(940.,21.2));
#16676 = ( GEOMETRIC_REPRESENTATION_CONTEXT(2) 
PARAMETRIC_REPRESENTATION_CONTEXT() REPRESENTATION_CONTEXT('2D SPACE',''
  ) );
#16677 = PCURVE('',#16678,#16683);
#16678 = CONICAL_SURFACE('',#16679,3.85,0.785398163397);
#16679 = AXIS2_PLACEMENT_3D('',#16680,#16681,#16682);
#16680 = CARTESIAN_POINT('',(1.00005E+03,960.,170.));
#16681 = DIRECTION('',(1.,-0.,-0.));
#16682 = DIRECTION('',(0.,0.,-1.));
#16683 = DEFINITIONAL_REPRESENTATION('',(#16684),#16688);
#16684 = LINE('',#16685,#16686);
#16685 = CARTESIAN_POINT('',(-0.,-4.999999999995E-02));
#16686 = VECTOR('',#16687,1.);
#16687 = DIRECTION('',(-1.,-0.));
#16688 = ( GEOMETRIC_REPRESENTATION_CONTEXT(2) 
PARAMETRIC_REPRESENTATION_CONTEXT() REPRESENTATION_CONTEXT('2D SPACE',''
  ) );
#16689 = FACE_BOUND('',#16690,.T.);
#16690 = EDGE_LOOP('',(#16691));
#16691 = ORIENTED_EDGE('',*,*,#16692,.T.);
#16692 = EDGE_CURVE('',#16693,#16693,#16695,.T.);
#16693 = VERTEX_POINT('',#16694);
#16694 = CARTESIAN_POINT('',(1.E+03,40.,261.2));
#16695 = SURFACE_CURVE('',#16696,(#16701,#16712),.PCURVE_S1.);
#16696 = CIRCLE('',#16697,3.8);
#16697 = AXIS2_PLACEMENT_3D('',#16698,#16699,#16700);
#16698 = CARTESIAN_POINT('',(1.E+03,40.,265.));
#16699 = DIRECTION('',(-1.,0.,0.));
#16700 = DIRECTION('',(0.,0.,-1.));
#16701 = PCURVE('',#16483,#16702);
#16702 = DEFINITIONAL_REPRESENTATION('',(#16703),#16711);
#16703 = ( BOUNDED_CURVE() B_SPLINE_CURVE(2,(#16704,#16705,#16706,#16707
    ,#16708,#16709,#16710),.UNSPECIFIED.,.T.,.F.) 
B_SPLINE_CURVE_WITH_KNOTS((1,2,2,2,2,1),(-2.094395102393,0.,
    2.094395102393,4.188790204786,6.28318530718,8.377580409573),
.UNSPECIFIED.) CURVE() GEOMETRIC_REPRESENTATION_ITEM() 
RATIONAL_B_SPLINE_CURVE((1.,0.5,1.,0.5,1.,0.5,1.)) REPRESENTATION_ITEM(
  '') );
#16704 = CARTESIAN_POINT('',(20.,116.2));
#16705 = CARTESIAN_POINT('',(13.418206931238,116.2));
#16706 = CARTESIAN_POINT('',(16.709103465619,121.9));
#16707 = CARTESIAN_POINT('',(20.,127.6));
#16708 = CARTESIAN_POINT('',(23.290896534381,121.9));
#16709 = CARTESIAN_POINT('',(26.581793068762,116.2));
#16710 = CARTESIAN_POINT('',(20.,116.2));
#16711 = ( GEOMETRIC_REPRESENTATION_CONTEXT(2) 
PARAMETRIC_REPRESENTATION_CONTEXT() REPRESENTATION_CONTEXT('2D SPACE',''
  ) );
#16712 = PCURVE('',#16713,#16718);
#16713 = CONICAL_SURFACE('',#16714,3.85,0.785398163397);
#16714 = AXIS2_PLACEMENT_3D('',#16715,#16716,#16717);
#16715 = CARTESIAN_POINT('',(1.00005E+03,40.,265.));
#16716 = DIRECTION('',(1.,-0.,-0.));
#16717 = DIRECTION('',(0.,0.,-1.));
#16718 = DEFINITIONAL_REPRESENTATION('',(#16719),#16723);
#16719 = LINE('',#16720,#16721);
#16720 = CARTESIAN_POINT('',(-0.,-4.999999999995E-02));
#16721 = VECTOR('',#16722,1.);
#16722 = DIRECTION('',(-1.,-0.));
#16723 = ( GEOMETRIC_REPRESENTATION_CONTEXT(2) 
PARAMETRIC_REPRESENTATION_CONTEXT() REPRESENTATION_CONTEXT('2D SPACE',''
  ) );
#16724 = FACE_BOUND('',#16725,.T.);
#16725 = EDGE_LOOP('',(#16726));
#16726 = ORIENTED_EDGE('',*,*,#16727,.T.);
#16727 = EDGE_CURVE('',#16728,#16728,#16730,.T.);
#16728 = VERTEX_POINT('',#16729);
#16729 = CARTESIAN_POINT('',(1.E+03,960.,261.2));
#16730 = SURFACE_CURVE('',#16731,(#16736,#16747),.PCURVE_S1.);
#16731 = CIRCLE('',#16732,3.8);
#16732 = AXIS2_PLACEMENT_3D('',#16733,#16734,#16735);
#16733 = CARTESIAN_POINT('',(1.E+03,960.,265.));
#16734 = DIRECTION('',(-1.,0.,0.));
#16735 = DIRECTION('',(0.,0.,-1.));
#16736 = PCURVE('',#16483,#16737);
#16737 = DEFINITIONAL_REPRESENTATION('',(#16738),#16746);
#16738 = ( BOUNDED_CURVE() B_SPLINE_CURVE(2,(#16739,#16740,#16741,#16742
    ,#16743,#16744,#16745),.UNSPECIFIED.,.T.,.F.) 
B_SPLINE_CURVE_WITH_KNOTS((1,2,2,2,2,1),(-2.094395102393,0.,
    2.094395102393,4.188790204786,6.28318530718,8.377580409573),
.UNSPECIFIED.) CURVE() GEOMETRIC_REPRESENTATION_ITEM() 
RATIONAL_B_SPLINE_CURVE((1.,0.5,1.,0.5,1.,0.5,1.)) REPRESENTATION_ITEM(
  '') );
#16739 = CARTESIAN_POINT('',(940.,116.2));
#16740 = CARTESIAN_POINT('',(933.41820693123,116.2));
#16741 = CARTESIAN_POINT('',(936.70910346561,121.9));
#16742 = CARTESIAN_POINT('',(940.,127.6));
#16743 = CARTESIAN_POINT('',(943.29089653438,121.9));
#16744 = CARTESIAN_POINT('',(946.58179306876,116.2));
#16745 = CARTESIAN_POINT('',(940.,116.2));
#16746 = ( GEOMETRIC_REPRESENTATION_CONTEXT(2) 
PARAMETRIC_REPRESENTATION_CONTEXT() REPRESENTATION_CONTEXT('2D SPACE',''
  ) );
#16747 = PCURVE('',#16748,#16753);
#16748 = CONICAL_SURFACE('',#16749,3.85,0.785398163397);
#16749 = AXIS2_PLACEMENT_3D('',#16750,#16751,#16752);
#16750 = CARTESIAN_POINT('',(1.00005E+03,960.,265.));
#16751 = DIRECTION('',(1.,-0.,-0.));
#16752 = DIRECTION('',(0.,0.,-1.));
#16753 = DEFINITIONAL_REPRESENTATION('',(#16754),#16758);
#16754 = LINE('',#16755,#16756);
#16755 = CARTESIAN_POINT('',(-0.,-4.999999999995E-02));
#16756 = VECTOR('',#16757,1.);
#16757 = DIRECTION('',(-1.,-0.));
#16758 = ( GEOMETRIC_REPRESENTATION_CONTEXT(2) 
PARAMETRIC_REPRESENTATION_CONTEXT() REPRESENTATION_CONTEXT('2D SPACE',''
  ) );
#16759 = ADVANCED_FACE('',(#16760),#16457,.T.);
#16760 = FACE_BOUND('',#16761,.T.);
#16761 = EDGE_LOOP('',(#16762,#16785,#16786,#16787));
#16762 = ORIENTED_EDGE('',*,*,#16763,.F.);
#16763 = EDGE_CURVE('',#16414,#16764,#16766,.T.);
#16764 = VERTEX_POINT('',#16765);
#16765 = CARTESIAN_POINT('',(980.,980.,290.));
#16766 = SURFACE_CURVE('',#16767,(#16771,#16778),.PCURVE_S1.);
#16767 = LINE('',#16768,#16769);
#16768 = CARTESIAN_POINT('',(980.,20.,290.));
#16769 = VECTOR('',#16770,1.);
#16770 = DIRECTION('',(0.,1.,0.));
#16771 = PCURVE('',#16457,#16772);
#16772 = DEFINITIONAL_REPRESENTATION('',(#16773),#16777);
#16773 = LINE('',#16774,#16775);
#16774 = CARTESIAN_POINT('',(0.,0.));
#16775 = VECTOR('',#16776,1.);
#16776 = DIRECTION('',(0.,1.));
#16777 = ( GEOMETRIC_REPRESENTATION_CONTEXT(2) 
PARAMETRIC_REPRESENTATION_CONTEXT() REPRESENTATION_CONTEXT('2D SPACE',''
  ) );
#16778 = PCURVE('',#16429,#16779);
#16779 = DEFINITIONAL_REPRESENTATION('',(#16780),#16784);
#16780 = LINE('',#16781,#16782);
#16781 = CARTESIAN_POINT('',(0.,145.));
#16782 = VECTOR('',#16783,1.);
#16783 = DIRECTION('',(1.,0.));
#16784 = ( GEOMETRIC_REPRESENTATION_CONTEXT(2) 
PARAMETRIC_REPRESENTATION_CONTEXT() REPRESENTATION_CONTEXT('2D SPACE',''
  ) );
#16785 = ORIENTED_EDGE('',*,*,#16441,.T.);
#16786 = ORIENTED_EDGE('',*,*,#16599,.T.);
#16787 = ORIENTED_EDGE('',*,*,#16788,.F.);
#16788 = EDGE_CURVE('',#16764,#16577,#16789,.T.);
#16789 = SURFACE_CURVE('',#16790,(#16794,#16801),.PCURVE_S1.);
#16790 = LINE('',#16791,#16792);
#16791 = CARTESIAN_POINT('',(980.,980.,290.));
#16792 = VECTOR('',#16793,1.);
#16793 = DIRECTION('',(1.,0.,0.));
#16794 = PCURVE('',#16457,#16795);
#16795 = DEFINITIONAL_REPRESENTATION('',(#16796),#16800);
#16796 = LINE('',#16797,#16798);
#16797 = CARTESIAN_POINT('',(0.,960.));
#16798 = VECTOR('',#16799,1.);
#16799 = DIRECTION('',(1.,0.));
#16800 = ( GEOMETRIC_REPRESENTATION_CONTEXT(2) 
PARAMETRIC_REPRESENTATION_CONTEXT() REPRESENTATION_CONTEXT('2D SPACE',''
  ) );
#16801 = PCURVE('',#16559,#16802);
#16802 = DEFINITIONAL_REPRESENTATION('',(#16803),#16807);
#16803 = LINE('',#16804,#16805);
#16804 = CARTESIAN_POINT('',(0.,-145.));
#16805 = VECTOR('',#16806,1.);
#16806 = DIRECTION('',(1.,0.));
#16807 = ( GEOMETRIC_REPRESENTATION_CONTEXT(2) 
PARAMETRIC_REPRESENTATION_CONTEXT() REPRESENTATION_CONTEXT('2D SPACE',''
  ) );
#16808 = ADVANCED_FACE('',(#16809,#16835,#16866,#16897,#16928),#16429,
  .F.);
#16809 = FACE_BOUND('',#16810,.F.);
#16810 = EDGE_LOOP('',(#16811,#16812,#16813,#16834));
#16811 = ORIENTED_EDGE('',*,*,#16413,.F.);
#16812 = ORIENTED_EDGE('',*,*,#16498,.T.);
#16813 = ORIENTED_EDGE('',*,*,#16814,.T.);
#16814 = EDGE_CURVE('',#16499,#16764,#16815,.T.);
#16815 = SURFACE_CURVE('',#16816,(#16820,#16827),.PCURVE_S1.);
#16816 = LINE('',#16817,#16818);
#16817 = CARTESIAN_POINT('',(980.,980.,145.));
#16818 = VECTOR('',#16819,1.);
#16819 = DIRECTION('',(0.,0.,1.));
#16820 = PCURVE('',#16429,#16821);
#16821 = DEFINITIONAL_REPRESENTATION('',(#16822),#16826);
#16822 = LINE('',#16823,#16824);
#16823 = CARTESIAN_POINT('',(960.,0.));
#16824 = VECTOR('',#16825,1.);
#16825 = DIRECTION('',(0.,1.));
#16826 = ( GEOMETRIC_REPRESENTATION_CONTEXT(2) 
PARAMETRIC_REPRESENTATION_CONTEXT() REPRESENTATION_CONTEXT('2D SPACE',''
  ) );
#16827 = PCURVE('',#16559,#16828);
#16828 = DEFINITIONAL_REPRESENTATION('',(#16829),#16833);
#16829 = LINE('',#16830,#16831);
#16830 = CARTESIAN_POINT('',(0.,0.));
#16831 = VECTOR('',#16832,1.);
#16832 = DIRECTION('',(0.,-1.));
#16833 = ( GEOMETRIC_REPRESENTATION_CONTEXT(2) 
PARAMETRIC_REPRESENTATION_CONTEXT() REPRESENTATION_CONTEXT('2D SPACE',''
  ) );
#16834 = ORIENTED_EDGE('',*,*,#16763,.F.);
#16835 = FACE_BOUND('',#16836,.F.);
#16836 = EDGE_LOOP('',(#16837));
#16837 = ORIENTED_EDGE('',*,*,#16838,.F.);
#16838 = EDGE_CURVE('',#16839,#16839,#16841,.T.);
#16839 = VERTEX_POINT('',#16840);
#16840 = CARTESIAN_POINT('',(980.,41.25,170.));
#16841 = SURFACE_CURVE('',#16842,(#16847,#16854),.PCURVE_S1.);
#16842 = CIRCLE('',#16843,1.25);
#16843 = AXIS2_PLACEMENT_3D('',#16844,#16845,#16846);
#16844 = CARTESIAN_POINT('',(980.,40.,170.));
#16845 = DIRECTION('',(1.,0.,-0.));
#16846 = DIRECTION('',(0.,1.,0.));
#16847 = PCURVE('',#16429,#16848);
#16848 = DEFINITIONAL_REPRESENTATION('',(#16849),#16853);
#16849 = CIRCLE('',#16850,1.25);
#16850 = AXIS2_PLACEMENT_2D('',#16851,#16852);
#16851 = CARTESIAN_POINT('',(20.,25.));
#16852 = DIRECTION('',(1.,0.));
#16853 = ( GEOMETRIC_REPRESENTATION_CONTEXT(2) 
PARAMETRIC_REPRESENTATION_CONTEXT() REPRESENTATION_CONTEXT('2D SPACE',''
  ) );
#16854 = PCURVE('',#16855,#16860);
#16855 = CYLINDRICAL_SURFACE('',#16856,1.25);
#16856 = AXIS2_PLACEMENT_3D('',#16857,#16858,#16859);
#16857 = CARTESIAN_POINT('',(1.00005E+03,40.,170.));
#16858 = DIRECTION('',(1.,-0.,-0.));
#16859 = DIRECTION('',(0.,1.,0.));
#16860 = DEFINITIONAL_REPRESENTATION('',(#16861),#16865);
#16861 = LINE('',#16862,#16863);
#16862 = CARTESIAN_POINT('',(-6.28318530718,-20.05));
#16863 = VECTOR('',#16864,1.);
#16864 = DIRECTION('',(1.,-0.));
#16865 = ( GEOMETRIC_REPRESENTATION_CONTEXT(2) 
PARAMETRIC_REPRESENTATION_CONTEXT() REPRESENTATION_CONTEXT('2D SPACE',''
  ) );
#16866 = FACE_BOUND('',#16867,.F.);
#16867 = EDGE_LOOP('',(#16868));
#16868 = ORIENTED_EDGE('',*,*,#16869,.F.);
#16869 = EDGE_CURVE('',#16870,#16870,#16872,.T.);
#16870 = VERTEX_POINT('',#16871);
#16871 = CARTESIAN_POINT('',(980.,961.25,170.));
#16872 = SURFACE_CURVE('',#16873,(#16878,#16885),.PCURVE_S1.);
#16873 = CIRCLE('',#16874,1.25);
#16874 = AXIS2_PLACEMENT_3D('',#16875,#16876,#16877);
#16875 = CARTESIAN_POINT('',(980.,960.,170.));
#16876 = DIRECTION('',(1.,0.,-0.));
#16877 = DIRECTION('',(0.,1.,0.));
#16878 = PCURVE('',#16429,#16879);
#16879 = DEFINITIONAL_REPRESENTATION('',(#16880),#16884);
#16880 = CIRCLE('',#16881,1.25);
#16881 = AXIS2_PLACEMENT_2D('',#16882,#16883);
#16882 = CARTESIAN_POINT('',(940.,25.));
#16883 = DIRECTION('',(1.,0.));
#16884 = ( GEOMETRIC_REPRESENTATION_CONTEXT(2) 
PARAMETRIC_REPRESENTATION_CONTEXT() REPRESENTATION_CONTEXT('2D SPACE',''
  ) );
#16885 = PCURVE('',#16886,#16891);
#16886 = CYLINDRICAL_SURFACE('',#16887,1.25);
#16887 = AXIS2_PLACEMENT_3D('',#16888,#16889,#16890);
#16888 = CARTESIAN_POINT('',(1.00005E+03,960.,170.));
#16889 = DIRECTION('',(1.,-0.,-0.));
#16890 = DIRECTION('',(0.,1.,0.));
#16891 = DEFINITIONAL_REPRESENTATION('',(#16892),#16896);
#16892 = LINE('',#16893,#16894);
#16893 = CARTESIAN_POINT('',(-6.28318530718,-20.05));
#16894 = VECTOR('',#16895,1.);
#16895 = DIRECTION('',(1.,-0.));
#16896 = ( GEOMETRIC_REPRESENTATION_CONTEXT(2) 
PARAMETRIC_REPRESENTATION_CONTEXT() REPRESENTATION_CONTEXT('2D SPACE',''
  ) );
#16897 = FACE_BOUND('',#16898,.F.);
#16898 = EDGE_LOOP('',(#16899));
#16899 = ORIENTED_EDGE('',*,*,#16900,.F.);
#16900 = EDGE_CURVE('',#16901,#16901,#16903,.T.);
#16901 = VERTEX_POINT('',#16902);
#16902 = CARTESIAN_POINT('',(980.,41.25,265.));
#16903 = SURFACE_CURVE('',#16904,(#16909,#16916),.PCURVE_S1.);
#16904 = CIRCLE('',#16905,1.25);
#16905 = AXIS2_PLACEMENT_3D('',#16906,#16907,#16908);
#16906 = CARTESIAN_POINT('',(980.,40.,265.));
#16907 = DIRECTION('',(1.,0.,-0.));
#16908 = DIRECTION('',(0.,1.,0.));
#16909 = PCURVE('',#16429,#16910);
#16910 = DEFINITIONAL_REPRESENTATION('',(#16911),#16915);
#16911 = CIRCLE('',#16912,1.25);
#16912 = AXIS2_PLACEMENT_2D('',#16913,#16914);
#16913 = CARTESIAN_POINT('',(20.,120.));
#16914 = DIRECTION('',(1.,0.));
#16915 = ( GEOMETRIC_REPRESENTATION_CONTEXT(2) 
PARAMETRIC_REPRESENTATION_CONTEXT() REPRESENTATION_CONTEXT('2D SPACE',''
  ) );
#16916 = PCURVE('',#16917,#16922);
#16917 = CYLINDRICAL_SURFACE('',#16918,1.25);
#16918 = AXIS2_PLACEMENT_3D('',#16919,#16920,#16921);
#16919 = CARTESIAN_POINT('',(1.00005E+03,40.,265.));
#16920 = DIRECTION('',(1.,-0.,-0.));
#16921 = DIRECTION('',(0.,1.,0.));
#16922 = DEFINITIONAL_REPRESENTATION('',(#16923),#16927);
#16923 = LINE('',#16924,#16925);
#16924 = CARTESIAN_POINT('',(-6.28318530718,-20.05));
#16925 = VECTOR('',#16926,1.);
#16926 = DIRECTION('',(1.,-0.));
#16927 = ( GEOMETRIC_REPRESENTATION_CONTEXT(2) 
PARAMETRIC_REPRESENTATION_CONTEXT() REPRESENTATION_CONTEXT('2D SPACE',''
  ) );
#16928 = FACE_BOUND('',#16929,.F.);
#16929 = EDGE_LOOP('',(#16930));
#16930 = ORIENTED_EDGE('',*,*,#16931,.F.);
#16931 = EDGE_CURVE('',#16932,#16932,#16934,.T.);
#16932 = VERTEX_POINT('',#16933);
#16933 = CARTESIAN_POINT('',(980.,961.25,265.));
#16934 = SURFACE_CURVE('',#16935,(#16940,#16947),.PCURVE_S1.);
#16935 = CIRCLE('',#16936,1.25);
#16936 = AXIS2_PLACEMENT_3D('',#16937,#16938,#16939);
#16937 = CARTESIAN_POINT('',(980.,960.,265.));
#16938 = DIRECTION('',(1.,0.,-0.));
#16939 = DIRECTION('',(0.,1.,0.));
#16940 = PCURVE('',#16429,#16941);
#16941 = DEFINITIONAL_REPRESENTATION('',(#16942),#16946);
#16942 = CIRCLE('',#16943,1.25);
#16943 = AXIS2_PLACEMENT_2D('',#16944,#16945);
#16944 = CARTESIAN_POINT('',(940.,120.));
#16945 = DIRECTION('',(1.,0.));
#16946 = ( GEOMETRIC_REPRESENTATION_CONTEXT(2) 
PARAMETRIC_REPRESENTATION_CONTEXT() REPRESENTATION_CONTEXT('2D SPACE',''
  ) );
#16947 = PCURVE('',#16948,#16953);
#16948 = CYLINDRICAL_SURFACE('',#16949,1.25);
#16949 = AXIS2_PLACEMENT_3D('',#16950,#16951,#16952);
#16950 = CARTESIAN_POINT('',(1.00005E+03,960.,265.));
#16951 = DIRECTION('',(1.,-0.,-0.));
#16952 = DIRECTION('',(0.,1.,0.));
#16953 = DEFINITIONAL_REPRESENTATION('',(#16954),#16958);
#16954 = LINE('',#16955,#16956);
#16955 = CARTESIAN_POINT('',(-6.28318530718,-20.05));
#16956 = VECTOR('',#16957,1.);
#16957 = DIRECTION('',(1.,-0.));
#16958 = ( GEOMETRIC_REPRESENTATION_CONTEXT(2) 
PARAMETRIC_REPRESENTATION_CONTEXT() REPRESENTATION_CONTEXT('2D SPACE',''
  ) );
#16959 = ADVANCED_FACE('',(#16960),#16559,.T.);
#16960 = FACE_BOUND('',#16961,.T.);
#16961 = EDGE_LOOP('',(#16962,#16963,#16964,#16965));
#16962 = ORIENTED_EDGE('',*,*,#16545,.F.);
#16963 = ORIENTED_EDGE('',*,*,#16814,.T.);
#16964 = ORIENTED_EDGE('',*,*,#16788,.T.);
#16965 = ORIENTED_EDGE('',*,*,#16576,.F.);
#16966 = ADVANCED_FACE('',(#16967),#16643,.F.);
#16967 = FACE_BOUND('',#16968,.F.);
#16968 = EDGE_LOOP('',(#16969,#16970,#16993,#17017,#17039));
#16969 = ORIENTED_EDGE('',*,*,#16622,.T.);
#16970 = ORIENTED_EDGE('',*,*,#16971,.T.);
#16971 = EDGE_CURVE('',#16623,#16972,#16974,.T.);
#16972 = VERTEX_POINT('',#16973);
#16973 = CARTESIAN_POINT('',(997.45,40.,168.75));
#16974 = SEAM_CURVE('',#16975,(#16979,#16986),.PCURVE_S1.);
#16975 = LINE('',#16976,#16977);
#16976 = CARTESIAN_POINT('',(1.00005E+03,40.,166.15));
#16977 = VECTOR('',#16978,1.);
#16978 = DIRECTION('',(-0.707106781187,-1.731912112471E-16,
    0.707106781187));
#16979 = PCURVE('',#16643,#16980);
#16980 = DEFINITIONAL_REPRESENTATION('',(#16981),#16985);
#16981 = LINE('',#16982,#16983);
#16982 = CARTESIAN_POINT('',(0.,-0.));
#16983 = VECTOR('',#16984,1.);
#16984 = DIRECTION('',(-0.,-1.));
#16985 = ( GEOMETRIC_REPRESENTATION_CONTEXT(2) 
PARAMETRIC_REPRESENTATION_CONTEXT() REPRESENTATION_CONTEXT('2D SPACE',''
  ) );
#16986 = PCURVE('',#16643,#16987);
#16987 = DEFINITIONAL_REPRESENTATION('',(#16988),#16992);
#16988 = LINE('',#16989,#16990);
#16989 = CARTESIAN_POINT('',(-6.28318530718,0.));
#16990 = VECTOR('',#16991,1.);
#16991 = DIRECTION('',(-0.,-1.));
#16992 = ( GEOMETRIC_REPRESENTATION_CONTEXT(2) 
PARAMETRIC_REPRESENTATION_CONTEXT() REPRESENTATION_CONTEXT('2D SPACE',''
  ) );
#16993 = ORIENTED_EDGE('',*,*,#16994,.F.);
#16994 = EDGE_CURVE('',#16995,#16972,#16997,.T.);
#16995 = VERTEX_POINT('',#16996);
#16996 = CARTESIAN_POINT('',(997.45,41.25,170.));
#16997 = SURFACE_CURVE('',#16998,(#17003,#17010),.PCURVE_S1.);
#16998 = CIRCLE('',#16999,1.25);
#16999 = AXIS2_PLACEMENT_3D('',#17000,#17001,#17002);
#17000 = CARTESIAN_POINT('',(997.45,40.,170.));
#17001 = DIRECTION('',(-1.,0.,0.));
#17002 = DIRECTION('',(0.,0.,-1.));
#17003 = PCURVE('',#16643,#17004);
#17004 = DEFINITIONAL_REPRESENTATION('',(#17005),#17009);
#17005 = LINE('',#17006,#17007);
#17006 = CARTESIAN_POINT('',(-0.,-2.6));
#17007 = VECTOR('',#17008,1.);
#17008 = DIRECTION('',(-1.,-0.));
#17009 = ( GEOMETRIC_REPRESENTATION_CONTEXT(2) 
PARAMETRIC_REPRESENTATION_CONTEXT() REPRESENTATION_CONTEXT('2D SPACE',''
  ) );
#17010 = PCURVE('',#16855,#17011);
#17011 = DEFINITIONAL_REPRESENTATION('',(#17012),#17016);
#17012 = LINE('',#17013,#17014);
#17013 = CARTESIAN_POINT('',(4.712388980385,-2.6));
#17014 = VECTOR('',#17015,1.);
#17015 = DIRECTION('',(-1.,0.));
#17016 = ( GEOMETRIC_REPRESENTATION_CONTEXT(2) 
PARAMETRIC_REPRESENTATION_CONTEXT() REPRESENTATION_CONTEXT('2D SPACE',''
  ) );
#17017 = ORIENTED_EDGE('',*,*,#17018,.F.);
#17018 = EDGE_CURVE('',#16972,#16995,#17019,.T.);
#17019 = SURFACE_CURVE('',#17020,(#17025,#17032),.PCURVE_S1.);
#17020 = CIRCLE('',#17021,1.25);
#17021 = AXIS2_PLACEMENT_3D('',#17022,#17023,#17024);
#17022 = CARTESIAN_POINT('',(997.45,40.,170.));
#17023 = DIRECTION('',(-1.,0.,0.));
#17024 = DIRECTION('',(0.,0.,-1.));
#17025 = PCURVE('',#16643,#17026);
#17026 = DEFINITIONAL_REPRESENTATION('',(#17027),#17031);
#17027 = LINE('',#17028,#17029);
#17028 = CARTESIAN_POINT('',(-0.,-2.6));
#17029 = VECTOR('',#17030,1.);
#17030 = DIRECTION('',(-1.,-0.));
#17031 = ( GEOMETRIC_REPRESENTATION_CONTEXT(2) 
PARAMETRIC_REPRESENTATION_CONTEXT() REPRESENTATION_CONTEXT('2D SPACE',''
  ) );
#17032 = PCURVE('',#16855,#17033);
#17033 = DEFINITIONAL_REPRESENTATION('',(#17034),#17038);
#17034 = LINE('',#17035,#17036);
#17035 = CARTESIAN_POINT('',(-1.570796326795,-2.6));
#17036 = VECTOR('',#17037,1.);
#17037 = DIRECTION('',(-1.,0.));
#17038 = ( GEOMETRIC_REPRESENTATION_CONTEXT(2) 
PARAMETRIC_REPRESENTATION_CONTEXT() REPRESENTATION_CONTEXT('2D SPACE',''
  ) );
#17039 = ORIENTED_EDGE('',*,*,#16971,.F.);
#17040 = ADVANCED_FACE('',(#17041),#16678,.F.);
#17041 = FACE_BOUND('',#17042,.F.);
#17042 = EDGE_LOOP('',(#17043,#17044,#17067,#17091,#17113));
#17043 = ORIENTED_EDGE('',*,*,#16657,.T.);
#17044 = ORIENTED_EDGE('',*,*,#17045,.T.);
#17045 = EDGE_CURVE('',#16658,#17046,#17048,.T.);
#17046 = VERTEX_POINT('',#17047);
#17047 = CARTESIAN_POINT('',(997.45,960.,168.75));
#17048 = SEAM_CURVE('',#17049,(#17053,#17060),.PCURVE_S1.);
#17049 = LINE('',#17050,#17051);
#17050 = CARTESIAN_POINT('',(1.00005E+03,960.,166.15));
#17051 = VECTOR('',#17052,1.);
#17052 = DIRECTION('',(-0.707106781187,-1.731912112471E-16,
    0.707106781187));
#17053 = PCURVE('',#16678,#17054);
#17054 = DEFINITIONAL_REPRESENTATION('',(#17055),#17059);
#17055 = LINE('',#17056,#17057);
#17056 = CARTESIAN_POINT('',(0.,-0.));
#17057 = VECTOR('',#17058,1.);
#17058 = DIRECTION('',(-0.,-1.));
#17059 = ( GEOMETRIC_REPRESENTATION_CONTEXT(2) 
PARAMETRIC_REPRESENTATION_CONTEXT() REPRESENTATION_CONTEXT('2D SPACE',''
  ) );
#17060 = PCURVE('',#16678,#17061);
#17061 = DEFINITIONAL_REPRESENTATION('',(#17062),#17066);
#17062 = LINE('',#17063,#17064);
#17063 = CARTESIAN_POINT('',(-6.28318530718,0.));
#17064 = VECTOR('',#17065,1.);
#17065 = DIRECTION('',(-0.,-1.));
#17066 = ( GEOMETRIC_REPRESENTATION_CONTEXT(2) 
PARAMETRIC_REPRESENTATION_CONTEXT() REPRESENTATION_CONTEXT('2D SPACE',''
  ) );
#17067 = ORIENTED_EDGE('',*,*,#17068,.F.);
#17068 = EDGE_CURVE('',#17069,#17046,#17071,.T.);
#17069 = VERTEX_POINT('',#17070);
#17070 = CARTESIAN_POINT('',(997.45,961.25,170.));
#17071 = SURFACE_CURVE('',#17072,(#17077,#17084),.PCURVE_S1.);
#17072 = CIRCLE('',#17073,1.25);
#17073 = AXIS2_PLACEMENT_3D('',#17074,#17075,#17076);
#17074 = CARTESIAN_POINT('',(997.45,960.,170.));
#17075 = DIRECTION('',(-1.,0.,0.));
#17076 = DIRECTION('',(0.,0.,-1.));
#17077 = PCURVE('',#16678,#17078);
#17078 = DEFINITIONAL_REPRESENTATION('',(#17079),#17083);
#17079 = LINE('',#17080,#17081);
#17080 = CARTESIAN_POINT('',(-0.,-2.6));
#17081 = VECTOR('',#17082,1.);
#17082 = DIRECTION('',(-1.,-0.));
#17083 = ( GEOMETRIC_REPRESENTATION_CONTEXT(2) 
PARAMETRIC_REPRESENTATION_CONTEXT() REPRESENTATION_CONTEXT('2D SPACE',''
  ) );
#17084 = PCURVE('',#16886,#17085);
#17085 = DEFINITIONAL_REPRESENTATION('',(#17086),#17090);
#17086 = LINE('',#17087,#17088);
#17087 = CARTESIAN_POINT('',(4.712388980385,-2.6));
#17088 = VECTOR('',#17089,1.);
#17089 = DIRECTION('',(-1.,0.));
#17090 = ( GEOMETRIC_REPRESENTATION_CONTEXT(2) 
PARAMETRIC_REPRESENTATION_CONTEXT() REPRESENTATION_CONTEXT('2D SPACE',''
  ) );
#17091 = ORIENTED_EDGE('',*,*,#17092,.F.);
#17092 = EDGE_CURVE('',#17046,#17069,#17093,.T.);
#17093 = SURFACE_CURVE('',#17094,(#17099,#17106),.PCURVE_S1.);
#17094 = CIRCLE('',#17095,1.25);
#17095 = AXIS2_PLACEMENT_3D('',#17096,#17097,#17098);
#17096 = CARTESIAN_POINT('',(997.45,960.,170.));
#17097 = DIRECTION('',(-1.,0.,0.));
#17098 = DIRECTION('',(0.,0.,-1.));
#17099 = PCURVE('',#16678,#17100);
#17100 = DEFINITIONAL_REPRESENTATION('',(#17101),#17105);
#17101 = LINE('',#17102,#17103);
#17102 = CARTESIAN_POINT('',(-0.,-2.6));
#17103 = VECTOR('',#17104,1.);
#17104 = DIRECTION('',(-1.,-0.));
#17105 = ( GEOMETRIC_REPRESENTATION_CONTEXT(2) 
PARAMETRIC_REPRESENTATION_CONTEXT() REPRESENTATION_CONTEXT('2D SPACE',''
  ) );
#17106 = PCURVE('',#16886,#17107);
#17107 = DEFINITIONAL_REPRESENTATION('',(#17108),#17112);
#17108 = LINE('',#17109,#17110);
#17109 = CARTESIAN_POINT('',(-1.570796326795,-2.6));
#17110 = VECTOR('',#17111,1.);
#17111 = DIRECTION('',(-1.,0.));
#17112 = ( GEOMETRIC_REPRESENTATION_CONTEXT(2) 
PARAMETRIC_REPRESENTATION_CONTEXT() REPRESENTATION_CONTEXT('2D SPACE',''
  ) );
#17113 = ORIENTED_EDGE('',*,*,#17045,.F.);
#17114 = ADVANCED_FACE('',(#17115),#16713,.F.);
#17115 = FACE_BOUND('',#17116,.F.);
#17116 = EDGE_LOOP('',(#17117,#17118,#17141,#17165,#17187));
#17117 = ORIENTED_EDGE('',*,*,#16692,.T.);
#17118 = ORIENTED_EDGE('',*,*,#17119,.T.);
#17119 = EDGE_CURVE('',#16693,#17120,#17122,.T.);
#17120 = VERTEX_POINT('',#17121);
#17121 = CARTESIAN_POINT('',(997.45,40.,263.75));
#17122 = SEAM_CURVE('',#17123,(#17127,#17134),.PCURVE_S1.);
#17123 = LINE('',#17124,#17125);
#17124 = CARTESIAN_POINT('',(1.00005E+03,40.,261.15));
#17125 = VECTOR('',#17126,1.);
#17126 = DIRECTION('',(-0.707106781187,-1.731912112471E-16,
    0.707106781187));
#17127 = PCURVE('',#16713,#17128);
#17128 = DEFINITIONAL_REPRESENTATION('',(#17129),#17133);
#17129 = LINE('',#17130,#17131);
#17130 = CARTESIAN_POINT('',(0.,-0.));
#17131 = VECTOR('',#17132,1.);
#17132 = DIRECTION('',(-0.,-1.));
#17133 = ( GEOMETRIC_REPRESENTATION_CONTEXT(2) 
PARAMETRIC_REPRESENTATION_CONTEXT() REPRESENTATION_CONTEXT('2D SPACE',''
  ) );
#17134 = PCURVE('',#16713,#17135);
#17135 = DEFINITIONAL_REPRESENTATION('',(#17136),#17140);
#17136 = LINE('',#17137,#17138);
#17137 = CARTESIAN_POINT('',(-6.28318530718,0.));
#17138 = VECTOR('',#17139,1.);
#17139 = DIRECTION('',(-0.,-1.));
#17140 = ( GEOMETRIC_REPRESENTATION_CONTEXT(2) 
PARAMETRIC_REPRESENTATION_CONTEXT() REPRESENTATION_CONTEXT('2D SPACE',''
  ) );
#17141 = ORIENTED_EDGE('',*,*,#17142,.F.);
#17142 = EDGE_CURVE('',#17143,#17120,#17145,.T.);
#17143 = VERTEX_POINT('',#17144);
#17144 = CARTESIAN_POINT('',(997.45,41.25,265.));
#17145 = SURFACE_CURVE('',#17146,(#17151,#17158),.PCURVE_S1.);
#17146 = CIRCLE('',#17147,1.25);
#17147 = AXIS2_PLACEMENT_3D('',#17148,#17149,#17150);
#17148 = CARTESIAN_POINT('',(997.45,40.,265.));
#17149 = DIRECTION('',(-1.,0.,0.));
#17150 = DIRECTION('',(0.,0.,-1.));
#17151 = PCURVE('',#16713,#17152);
#17152 = DEFINITIONAL_REPRESENTATION('',(#17153),#17157);
#17153 = LINE('',#17154,#17155);
#17154 = CARTESIAN_POINT('',(-0.,-2.6));
#17155 = VECTOR('',#17156,1.);
#17156 = DIRECTION('',(-1.,-0.));
#17157 = ( GEOMETRIC_REPRESENTATION_CONTEXT(2) 
PARAMETRIC_REPRESENTATION_CONTEXT() REPRESENTATION_CONTEXT('2D SPACE',''
  ) );
#17158 = PCURVE('',#16917,#17159);
#17159 = DEFINITIONAL_REPRESENTATION('',(#17160),#17164);
#17160 = LINE('',#17161,#17162);
#17161 = CARTESIAN_POINT('',(4.712388980385,-2.6));
#17162 = VECTOR('',#17163,1.);
#17163 = DIRECTION('',(-1.,0.));
#17164 = ( GEOMETRIC_REPRESENTATION_CONTEXT(2) 
PARAMETRIC_REPRESENTATION_CONTEXT() REPRESENTATION_CONTEXT('2D SPACE',''
  ) );
#17165 = ORIENTED_EDGE('',*,*,#17166,.F.);
#17166 = EDGE_CURVE('',#17120,#17143,#17167,.T.);
#17167 = SURFACE_CURVE('',#17168,(#17173,#17180),.PCURVE_S1.);
#17168 = CIRCLE('',#17169,1.25);
#17169 = AXIS2_PLACEMENT_3D('',#17170,#17171,#17172);
#17170 = CARTESIAN_POINT('',(997.45,40.,265.));
#17171 = DIRECTION('',(-1.,0.,0.));
#17172 = DIRECTION('',(0.,0.,-1.));
#17173 = PCURVE('',#16713,#17174);
#17174 = DEFINITIONAL_REPRESENTATION('',(#17175),#17179);
#17175 = LINE('',#17176,#17177);
#17176 = CARTESIAN_POINT('',(-0.,-2.6));
#17177 = VECTOR('',#17178,1.);
#17178 = DIRECTION('',(-1.,-0.));
#17179 = ( GEOMETRIC_REPRESENTATION_CONTEXT(2) 
PARAMETRIC_REPRESENTATION_CONTEXT() REPRESENTATION_CONTEXT('2D SPACE',''
  ) );
#17180 = PCURVE('',#16917,#17181);
#17181 = DEFINITIONAL_REPRESENTATION('',(#17182),#17186);
#17182 = LINE('',#17183,#17184);
#17183 = CARTESIAN_POINT('',(-1.570796326795,-2.6));
#17184 = VECTOR('',#17185,1.);
#17185 = DIRECTION('',(-1.,0.));
#17186 = ( GEOMETRIC_REPRESENTATION_CONTEXT(2) 
PARAMETRIC_REPRESENTATION_CONTEXT() REPRESENTATION_CONTEXT('2D SPACE',''
  ) );
#17187 = ORIENTED_EDGE('',*,*,#17119,.F.);
#17188 = ADVANCED_FACE('',(#17189),#16748,.F.);
#17189 = FACE_BOUND('',#17190,.F.);
#17190 = EDGE_LOOP('',(#17191,#17192,#17215,#17239,#17261));
#17191 = ORIENTED_EDGE('',*,*,#16727,.T.);
#17192 = ORIENTED_EDGE('',*,*,#17193,.T.);
#17193 = EDGE_CURVE('',#16728,#17194,#17196,.T.);
#17194 = VERTEX_POINT('',#17195);
#17195 = CARTESIAN_POINT('',(997.45,960.,263.75));
#17196 = SEAM_CURVE('',#17197,(#17201,#17208),.PCURVE_S1.);
#17197 = LINE('',#17198,#17199);
#17198 = CARTESIAN_POINT('',(1.00005E+03,960.,261.15));
#17199 = VECTOR('',#17200,1.);
#17200 = DIRECTION('',(-0.707106781187,-1.731912112471E-16,
    0.707106781187));
#17201 = PCURVE('',#16748,#17202);
#17202 = DEFINITIONAL_REPRESENTATION('',(#17203),#17207);
#17203 = LINE('',#17204,#17205);
#17204 = CARTESIAN_POINT('',(0.,-0.));
#17205 = VECTOR('',#17206,1.);
#17206 = DIRECTION('',(-0.,-1.));
#17207 = ( GEOMETRIC_REPRESENTATION_CONTEXT(2) 
PARAMETRIC_REPRESENTATION_CONTEXT() REPRESENTATION_CONTEXT('2D SPACE',''
  ) );
#17208 = PCURVE('',#16748,#17209);
#17209 = DEFINITIONAL_REPRESENTATION('',(#17210),#17214);
#17210 = LINE('',#17211,#17212);
#17211 = CARTESIAN_POINT('',(-6.28318530718,0.));
#17212 = VECTOR('',#17213,1.);
#17213 = DIRECTION('',(-0.,-1.));
#17214 = ( GEOMETRIC_REPRESENTATION_CONTEXT(2) 
PARAMETRIC_REPRESENTATION_CONTEXT() REPRESENTATION_CONTEXT('2D SPACE',''
  ) );
#17215 = ORIENTED_EDGE('',*,*,#17216,.F.);
#17216 = EDGE_CURVE('',#17217,#17194,#17219,.T.);
#17217 = VERTEX_POINT('',#17218);
#17218 = CARTESIAN_POINT('',(997.45,961.25,265.));
#17219 = SURFACE_CURVE('',#17220,(#17225,#17232),.PCURVE_S1.);
#17220 = CIRCLE('',#17221,1.25);
#17221 = AXIS2_PLACEMENT_3D('',#17222,#17223,#17224);
#17222 = CARTESIAN_POINT('',(997.45,960.,265.));
#17223 = DIRECTION('',(-1.,0.,0.));
#17224 = DIRECTION('',(0.,0.,-1.));
#17225 = PCURVE('',#16748,#17226);
#17226 = DEFINITIONAL_REPRESENTATION('',(#17227),#17231);
#17227 = LINE('',#17228,#17229);
#17228 = CARTESIAN_POINT('',(-0.,-2.6));
#17229 = VECTOR('',#17230,1.);
#17230 = DIRECTION('',(-1.,-0.));
#17231 = ( GEOMETRIC_REPRESENTATION_CONTEXT(2) 
PARAMETRIC_REPRESENTATION_CONTEXT() REPRESENTATION_CONTEXT('2D SPACE',''
  ) );
#17232 = PCURVE('',#16948,#17233);
#17233 = DEFINITIONAL_REPRESENTATION('',(#17234),#17238);
#17234 = LINE('',#17235,#17236);
#17235 = CARTESIAN_POINT('',(4.712388980385,-2.6));
#17236 = VECTOR('',#17237,1.);
#17237 = DIRECTION('',(-1.,0.));
#17238 = ( GEOMETRIC_REPRESENTATION_CONTEXT(2) 
PARAMETRIC_REPRESENTATION_CONTEXT() REPRESENTATION_CONTEXT('2D SPACE',''
  ) );
#17239 = ORIENTED_EDGE('',*,*,#17240,.F.);
#17240 = EDGE_CURVE('',#17194,#17217,#17241,.T.);
#17241 = SURFACE_CURVE('',#17242,(#17247,#17254),.PCURVE_S1.);
#17242 = CIRCLE('',#17243,1.25);
#17243 = AXIS2_PLACEMENT_3D('',#17244,#17245,#17246);
#17244 = CARTESIAN_POINT('',(997.45,960.,265.));
#17245 = DIRECTION('',(-1.,0.,0.));
#17246 = DIRECTION('',(0.,0.,-1.));
#17247 = PCURVE('',#16748,#17248);
#17248 = DEFINITIONAL_REPRESENTATION('',(#17249),#17253);
#17249 = LINE('',#17250,#17251);
#17250 = CARTESIAN_POINT('',(-0.,-2.6));
#17251 = VECTOR('',#17252,1.);
#17252 = DIRECTION('',(-1.,-0.));
#17253 = ( GEOMETRIC_REPRESENTATION_CONTEXT(2) 
PARAMETRIC_REPRESENTATION_CONTEXT() REPRESENTATION_CONTEXT('2D SPACE',''
  ) );
#17254 = PCURVE('',#16948,#17255);
#17255 = DEFINITIONAL_REPRESENTATION('',(#17256),#17260);
#17256 = LINE('',#17257,#17258);
#17257 = CARTESIAN_POINT('',(-1.570796326795,-2.6));
#17258 = VECTOR('',#17259,1.);
#17259 = DIRECTION('',(-1.,0.));
#17260 = ( GEOMETRIC_REPRESENTATION_CONTEXT(2) 
PARAMETRIC_REPRESENTATION_CONTEXT() REPRESENTATION_CONTEXT('2D SPACE',''
  ) );
#17261 = ORIENTED_EDGE('',*,*,#17193,.F.);
#17262 = ADVANCED_FACE('',(#17263),#16855,.F.);
#17263 = FACE_BOUND('',#17264,.T.);
#17264 = EDGE_LOOP('',(#17265,#17286,#17287,#17288,#17289));
#17265 = ORIENTED_EDGE('',*,*,#17266,.F.);
#17266 = EDGE_CURVE('',#16995,#16839,#17267,.T.);
#17267 = SEAM_CURVE('',#17268,(#17272,#17279),.PCURVE_S1.);
#17268 = LINE('',#17269,#17270);
#17269 = CARTESIAN_POINT('',(1.00005E+03,41.25,170.));
#17270 = VECTOR('',#17271,1.);
#17271 = DIRECTION('',(-1.,0.,0.));
#17272 = PCURVE('',#16855,#17273);
#17273 = DEFINITIONAL_REPRESENTATION('',(#17274),#17278);
#17274 = LINE('',#17275,#17276);
#17275 = CARTESIAN_POINT('',(-6.28318530718,0.));
#17276 = VECTOR('',#17277,1.);
#17277 = DIRECTION('',(-0.,-1.));
#17278 = ( GEOMETRIC_REPRESENTATION_CONTEXT(2) 
PARAMETRIC_REPRESENTATION_CONTEXT() REPRESENTATION_CONTEXT('2D SPACE',''
  ) );
#17279 = PCURVE('',#16855,#17280);
#17280 = DEFINITIONAL_REPRESENTATION('',(#17281),#17285);
#17281 = LINE('',#17282,#17283);
#17282 = CARTESIAN_POINT('',(-0.,0.));
#17283 = VECTOR('',#17284,1.);
#17284 = DIRECTION('',(-0.,-1.));
#17285 = ( GEOMETRIC_REPRESENTATION_CONTEXT(2) 
PARAMETRIC_REPRESENTATION_CONTEXT() REPRESENTATION_CONTEXT('2D SPACE',''
  ) );
#17286 = ORIENTED_EDGE('',*,*,#17018,.F.);
#17287 = ORIENTED_EDGE('',*,*,#16994,.F.);
#17288 = ORIENTED_EDGE('',*,*,#17266,.T.);
#17289 = ORIENTED_EDGE('',*,*,#16838,.F.);
#17290 = ADVANCED_FACE('',(#17291),#16886,.F.);
#17291 = FACE_BOUND('',#17292,.T.);
#17292 = EDGE_LOOP('',(#17293,#17314,#17315,#17316,#17317));
#17293 = ORIENTED_EDGE('',*,*,#17294,.F.);
#17294 = EDGE_CURVE('',#17069,#16870,#17295,.T.);
#17295 = SEAM_CURVE('',#17296,(#17300,#17307),.PCURVE_S1.);
#17296 = LINE('',#17297,#17298);
#17297 = CARTESIAN_POINT('',(1.00005E+03,961.25,170.));
#17298 = VECTOR('',#17299,1.);
#17299 = DIRECTION('',(-1.,0.,0.));
#17300 = PCURVE('',#16886,#17301);
#17301 = DEFINITIONAL_REPRESENTATION('',(#17302),#17306);
#17302 = LINE('',#17303,#17304);
#17303 = CARTESIAN_POINT('',(-6.28318530718,0.));
#17304 = VECTOR('',#17305,1.);
#17305 = DIRECTION('',(-0.,-1.));
#17306 = ( GEOMETRIC_REPRESENTATION_CONTEXT(2) 
PARAMETRIC_REPRESENTATION_CONTEXT() REPRESENTATION_CONTEXT('2D SPACE',''
  ) );
#17307 = PCURVE('',#16886,#17308);
#17308 = DEFINITIONAL_REPRESENTATION('',(#17309),#17313);
#17309 = LINE('',#17310,#17311);
#17310 = CARTESIAN_POINT('',(-0.,0.));
#17311 = VECTOR('',#17312,1.);
#17312 = DIRECTION('',(-0.,-1.));
#17313 = ( GEOMETRIC_REPRESENTATION_CONTEXT(2) 
PARAMETRIC_REPRESENTATION_CONTEXT() REPRESENTATION_CONTEXT('2D SPACE',''
  ) );
#17314 = ORIENTED_EDGE('',*,*,#17092,.F.);
#17315 = ORIENTED_EDGE('',*,*,#17068,.F.);
#17316 = ORIENTED_EDGE('',*,*,#17294,.T.);
#17317 = ORIENTED_EDGE('',*,*,#16869,.F.);
#17318 = ADVANCED_FACE('',(#17319),#16917,.F.);
#17319 = FACE_BOUND('',#17320,.T.);
#17320 = EDGE_LOOP('',(#17321,#17342,#17343,#17344,#17345));
#17321 = ORIENTED_EDGE('',*,*,#17322,.F.);
#17322 = EDGE_CURVE('',#17143,#16901,#17323,.T.);
#17323 = SEAM_CURVE('',#17324,(#17328,#17335),.PCURVE_S1.);
#17324 = LINE('',#17325,#17326);
#17325 = CARTESIAN_POINT('',(1.00005E+03,41.25,265.));
#17326 = VECTOR('',#17327,1.);
#17327 = DIRECTION('',(-1.,0.,0.));
#17328 = PCURVE('',#16917,#17329);
#17329 = DEFINITIONAL_REPRESENTATION('',(#17330),#17334);
#17330 = LINE('',#17331,#17332);
#17331 = CARTESIAN_POINT('',(-6.28318530718,0.));
#17332 = VECTOR('',#17333,1.);
#17333 = DIRECTION('',(-0.,-1.));
#17334 = ( GEOMETRIC_REPRESENTATION_CONTEXT(2) 
PARAMETRIC_REPRESENTATION_CONTEXT() REPRESENTATION_CONTEXT('2D SPACE',''
  ) );
#17335 = PCURVE('',#16917,#17336);
#17336 = DEFINITIONAL_REPRESENTATION('',(#17337),#17341);
#17337 = LINE('',#17338,#17339);
#17338 = CARTESIAN_POINT('',(-0.,0.));
#17339 = VECTOR('',#17340,1.);
#17340 = DIRECTION('',(-0.,-1.));
#17341 = ( GEOMETRIC_REPRESENTATION_CONTEXT(2) 
PARAMETRIC_REPRESENTATION_CONTEXT() REPRESENTATION_CONTEXT('2D SPACE',''
  ) );
#17342 = ORIENTED_EDGE('',*,*,#17166,.F.);
#17343 = ORIENTED_EDGE('',*,*,#17142,.F.);
#17344 = ORIENTED_EDGE('',*,*,#17322,.T.);
#17345 = ORIENTED_EDGE('',*,*,#16900,.F.);
#17346 = ADVANCED_FACE('',(#17347),#16948,.F.);
#17347 = FACE_BOUND('',#17348,.T.);
#17348 = EDGE_LOOP('',(#17349,#17370,#17371,#17372,#17373));
#17349 = ORIENTED_EDGE('',*,*,#17350,.F.);
#17350 = EDGE_CURVE('',#17217,#16932,#17351,.T.);
#17351 = SEAM_CURVE('',#17352,(#17356,#17363),.PCURVE_S1.);
#17352 = LINE('',#17353,#17354);
#17353 = CARTESIAN_POINT('',(1.00005E+03,961.25,265.));
#17354 = VECTOR('',#17355,1.);
#17355 = DIRECTION('',(-1.,0.,0.));
#17356 = PCURVE('',#16948,#17357);
#17357 = DEFINITIONAL_REPRESENTATION('',(#17358),#17362);
#17358 = LINE('',#17359,#17360);
#17359 = CARTESIAN_POINT('',(-6.28318530718,0.));
#17360 = VECTOR('',#17361,1.);
#17361 = DIRECTION('',(-0.,-1.));
#17362 = ( GEOMETRIC_REPRESENTATION_CONTEXT(2) 
PARAMETRIC_REPRESENTATION_CONTEXT() REPRESENTATION_CONTEXT('2D SPACE',''
  ) );
#17363 = PCURVE('',#16948,#17364);
#17364 = DEFINITIONAL_REPRESENTATION('',(#17365),#17369);
#17365 = LINE('',#17366,#17367);
#17366 = CARTESIAN_POINT('',(-0.,0.));
#17367 = VECTOR('',#17368,1.);
#17368 = DIRECTION('',(-0.,-1.));
#17369 = ( GEOMETRIC_REPRESENTATION_CONTEXT(2) 
PARAMETRIC_REPRESENTATION_CONTEXT() REPRESENTATION_CONTEXT('2D SPACE',''
  ) );
#17370 = ORIENTED_EDGE('',*,*,#17240,.F.);
#17371 = ORIENTED_EDGE('',*,*,#17216,.F.);
#17372 = ORIENTED_EDGE('',*,*,#17350,.T.);
#17373 = ORIENTED_EDGE('',*,*,#16931,.F.);
#17374 = ( GEOMETRIC_REPRESENTATION_CONTEXT(3) 
GLOBAL_UNCERTAINTY_ASSIGNED_CONTEXT((#17378)) 
GLOBAL_UNIT_ASSIGNED_CONTEXT((#17375,#17376,#17377)) 
REPRESENTATION_CONTEXT('Context #1',
  '3D Context with UNIT and UNCERTAINTY') );
#17375 = ( LENGTH_UNIT() NAMED_UNIT(*) SI_UNIT(.MILLI.,.METRE.) );
#17376 = ( NAMED_UNIT(*) PLANE_ANGLE_UNIT() SI_UNIT($,.RADIAN.) );
#17377 = ( NAMED_UNIT(*) SI_UNIT($,.STERADIAN.) SOLID_ANGLE_UNIT() );
#17378 = UNCERTAINTY_MEASURE_WITH_UNIT(LENGTH_MEASURE(1.E-07),#17375,
  'distance_accuracy_value','confusion accuracy');
#17379 = CONTEXT_DEPENDENT_SHAPE_REPRESENTATION(#17380,#17382);
#17380 = ( REPRESENTATION_RELATIONSHIP('','',#16371,#10) 
REPRESENTATION_RELATIONSHIP_WITH_TRANSFORMATION(#17381) 
SHAPE_REPRESENTATION_RELATIONSHIP() );
#17381 = ITEM_DEFINED_TRANSFORMATION('','',#11,#59);
#17382 = PRODUCT_DEFINITION_SHAPE('Placement','Placement of an item',
  #17383);
#17383 = NEXT_ASSEMBLY_USAGE_OCCURRENCE('12','right_2','',#5,#16366,$);
#17384 = PRODUCT_RELATED_PRODUCT_CATEGORY('part',$,(#16368));
#17385 = MECHANICAL_DESIGN_GEOMETRIC_PRESENTATION_REPRESENTATION('',(
    #17386),#7177);
#17386 = STYLED_ITEM('color',(#17387),#4951);
#17387 = PRESENTATION_STYLE_ASSIGNMENT((#17388));
#17388 = SURFACE_STYLE_USAGE(.BOTH.,#17389);
#17389 = SURFACE_SIDE_STYLE('',(#17390));
#17390 = SURFACE_STYLE_FILL_AREA(#17391);
#17391 = FILL_AREA_STYLE('',(#17392));
#17392 = FILL_AREA_STYLE_COLOUR('',#17393);
#17393 = COLOUR_RGB('',0.870000009629,0.729999995167,0.520000005207);
#17394 = MECHANICAL_DESIGN_GEOMETRIC_PRESENTATION_REPRESENTATION('',(
    #17395),#17374);
#17395 = STYLED_ITEM('color',(#17396),#16372);
#17396 = PRESENTATION_STYLE_ASSIGNMENT((#17397));
#17397 = SURFACE_STYLE_USAGE(.BOTH.,#17398);
#17398 = SURFACE_SIDE_STYLE('',(#17399));
#17399 = SURFACE_STYLE_FILL_AREA(#17400);
#17400 = FILL_AREA_STYLE('',(#17401));
#17401 = FILL_AREA_STYLE_COLOUR('',#17393);
#17402 = MECHANICAL_DESIGN_GEOMETRIC_PRESENTATION_REPRESENTATION('',(
    #17403),#14311);
#17403 = STYLED_ITEM('color',(#17404),#13309);
#17404 = PRESENTATION_STYLE_ASSIGNMENT((#17405));
#17405 = SURFACE_STYLE_USAGE(.BOTH.,#17406);
#17406 = SURFACE_SIDE_STYLE('',(#17407));
#17407 = SURFACE_STYLE_FILL_AREA(#17408);
#17408 = FILL_AREA_STYLE('',(#17409));
#17409 = FILL_AREA_STYLE_COLOUR('',#17393);
#17410 = MECHANICAL_DESIGN_GEOMETRIC_PRESENTATION_REPRESENTATION('',(
    #17411),#12269);
#17411 = STYLED_ITEM('color',(#17412),#11267);
#17412 = PRESENTATION_STYLE_ASSIGNMENT((#17413));
#17413 = SURFACE_STYLE_USAGE(.BOTH.,#17414);
#17414 = SURFACE_SIDE_STYLE('',(#17415));
#17415 = SURFACE_STYLE_FILL_AREA(#17416);
#17416 = FILL_AREA_STYLE('',(#17417));
#17417 = FILL_AREA_STYLE_COLOUR('',#17393);
#17418 = MECHANICAL_DESIGN_GEOMETRIC_PRESENTATION_REPRESENTATION('',(
    #17419),#16353);
#17419 = STYLED_ITEM('color',(#17420),#15351);
#17420 = PRESENTATION_STYLE_ASSIGNMENT((#17421));
#17421 = SURFACE_STYLE_USAGE(.BOTH.,#17422);
#17422 = SURFACE_SIDE_STYLE('',(#17423));
#17423 = SURFACE_STYLE_FILL_AREA(#17424);
#17424 = FILL_AREA_STYLE('',(#17425));
#17425 = FILL_AREA_STYLE_COLOUR('',#17393);
#17426 = MECHANICAL_DESIGN_GEOMETRIC_PRESENTATION_REPRESENTATION('',(
    #17427),#11248);
#17427 = STYLED_ITEM('color',(#17428),#10346);
#17428 = PRESENTATION_STYLE_ASSIGNMENT((#17429));
#17429 = SURFACE_STYLE_USAGE(.BOTH.,#17430);
#17430 = SURFACE_SIDE_STYLE('',(#17431));
#17431 = SURFACE_STYLE_FILL_AREA(#17432);
#17432 = FILL_AREA_STYLE('',(#17433));
#17433 = FILL_AREA_STYLE_COLOUR('',#17393);
#17434 = MECHANICAL_DESIGN_GEOMETRIC_PRESENTATION_REPRESENTATION('',(
    #17435),#15332);
#17435 = STYLED_ITEM('color',(#17436),#14330);
#17436 = PRESENTATION_STYLE_ASSIGNMENT((#17437));
#17437 = SURFACE_STYLE_USAGE(.BOTH.,#17438);
#17438 = SURFACE_SIDE_STYLE('',(#17439));
#17439 = SURFACE_STYLE_FILL_AREA(#17440);
#17440 = FILL_AREA_STYLE('',(#17441));
#17441 = FILL_AREA_STYLE_COLOUR('',#17393);
#17442 = MECHANICAL_DESIGN_GEOMETRIC_PRESENTATION_REPRESENTATION('',(
    #17443),#10327);
#17443 = STYLED_ITEM('color',(#17444),#9425);
#17444 = PRESENTATION_STYLE_ASSIGNMENT((#17445));
#17445 = SURFACE_STYLE_USAGE(.BOTH.,#17446);
#17446 = SURFACE_SIDE_STYLE('',(#17447));
#17447 = SURFACE_STYLE_FILL_AREA(#17448);
#17448 = FILL_AREA_STYLE('',(#17449));
#17449 = FILL_AREA_STYLE_COLOUR('',#17393);
#17450 = MECHANICAL_DESIGN_GEOMETRIC_PRESENTATION_REPRESENTATION('',(
    #17451),#9406);
#17451 = STYLED_ITEM('color',(#17452),#7196);
#17452 = PRESENTATION_STYLE_ASSIGNMENT((#17453));
#17453 = SURFACE_STYLE_USAGE(.BOTH.,#17454);
#17454 = SURFACE_SIDE_STYLE('',(#17455));
#17455 = SURFACE_STYLE_FILL_AREA(#17456);
#17456 = FILL_AREA_STYLE('',(#17457));
#17457 = FILL_AREA_STYLE_COLOUR('',#17393);
#17458 = MECHANICAL_DESIGN_GEOMETRIC_PRESENTATION_REPRESENTATION('',(
    #17459),#2503);
#17459 = STYLED_ITEM('color',(#17460),#77);
#17460 = PRESENTATION_STYLE_ASSIGNMENT((#17461));
#17461 = SURFACE_STYLE_USAGE(.BOTH.,#17462);
#17462 = SURFACE_SIDE_STYLE('',(#17463));
#17463 = SURFACE_STYLE_FILL_AREA(#17464);
#17464 = FILL_AREA_STYLE('',(#17465));
#17465 = FILL_AREA_STYLE_COLOUR('',#17393);
#17466 = MECHANICAL_DESIGN_GEOMETRIC_PRESENTATION_REPRESENTATION('',(
    #17467),#4932);
#17467 = STYLED_ITEM('color',(#17468),#2522);
#17468 = PRESENTATION_STYLE_ASSIGNMENT((#17469));
#17469 = SURFACE_STYLE_USAGE(.BOTH.,#17470);
#17470 = SURFACE_SIDE_STYLE('',(#17471));
#17471 = SURFACE_STYLE_FILL_AREA(#17472);
#17472 = FILL_AREA_STYLE('',(#17473));
#17473 = FILL_AREA_STYLE_COLOUR('',#17393);
#17474 = MECHANICAL_DESIGN_GEOMETRIC_PRESENTATION_REPRESENTATION('',(
    #17475),#13290);
#17475 = STYLED_ITEM('color',(#17476),#12288);
#17476 = PRESENTATION_STYLE_ASSIGNMENT((#17477));
#17477 = SURFACE_STYLE_USAGE(.BOTH.,#17478);
#17478 = SURFACE_SIDE_STYLE('',(#17479));
#17479 = SURFACE_STYLE_FILL_AREA(#17480);
#17480 = FILL_AREA_STYLE('',(#17481));
#17481 = FILL_AREA_STYLE_COLOUR('',#17393);
ENDSEC;
END-ISO-10303-21;
