ISO-10303-21;
HEADER;
FILE_DESCRIPTION(('Open CASCADE Model'),'2;1');
FILE_NAME('Open CASCADE Shape Model','2026-09-17T14:49:28',('Author'),(
    'Open CASCADE'),'Open CASCADE STEP processor 7.9','Open CASCADE 7.9'
  ,'Unknown');
FILE_SCHEMA(('AUTOMOTIVE_DESIGN { 1 0 10303 214 1 1 1 1 }'));
ENDSEC;
DATA;
#1 = APPLICATION_PROTOCOL_DEFINITION('international standard',
  'automotive_design',2000,#2);
#2 = APPLICATION_CONTEXT(
  'core data for automotive mechanical design processes');
#3 = SHAPE_DEFINITION_REPRESENTATION(#4,#10);
#4 = PRODUCT_DEFINITION_SHAPE('','',#5);
#5 = PRODUCT_DEFINITION('design','',#6,#9);
#6 = PRODUCT_DEFINITION_FORMATION('','',#7);
#7 = PRODUCT('project','project','',(#8));
#8 = PRODUCT_CONTEXT('',#2,'mechanical');
#9 = PRODUCT_DEFINITION_CONTEXT('part definition',#2,'design');
#10 = SHAPE_REPRESENTATION('',(#11,#15,#19,#23,#27,#31,#35,#39,#43,#47,
    #51,#55,#59,#63),#67);
#11 = AXIS2_PLACEMENT_3D('',#12,#13,#14);
#12 = CARTESIAN_POINT('',(0.,0.,0.));
#13 = DIRECTION('',(0.,0.,1.));
#14 = DIRECTION('',(1.,0.,-0.));
#15 = AXIS2_PLACEMENT_3D('',#16,#17,#18);
#16 = CARTESIAN_POINT('',(0.,0.,0.));
#17 = DIRECTION('',(0.,0.,1.));
#18 = DIRECTION('',(1.,0.,-0.));
#19 = AXIS2_PLACEMENT_3D('',#20,#21,#22);
#20 = CARTESIAN_POINT('',(0.,0.,0.));
#21 = DIRECTION('',(0.,0.,1.));
#22 = DIRECTION('',(1.,0.,-0.));
#23 = AXIS2_PLACEMENT_3D('',#24,#25,#26);
#24 = CARTESIAN_POINT('',(0.,0.,0.));
#25 = DIRECTION('',(0.,0.,1.));
#26 = DIRECTION('',(1.,0.,-0.));
#27 = AXIS2_PLACEMENT_3D('',#28,#29,#30);
#28 = CARTESIAN_POINT('',(0.,0.,0.));
#29 = DIRECTION('',(0.,0.,1.));
#30 = DIRECTION('',(1.,0.,-0.));
#31 = AXIS2_PLACEMENT_3D('',#32,#33,#34);
#32 = CARTESIAN_POINT('',(0.,0.,0.));
#33 = DIRECTION('',(0.,0.,1.));
#34 = DIRECTION('',(1.,0.,-0.));
#35 = AXIS2_PLACEMENT_3D('',#36,#37,#38);
#36 = CARTESIAN_POINT('',(0.,0.,0.));
#37 = DIRECTION('',(0.,0.,1.));
#38 = DIRECTION('',(1.,0.,-0.));
#39 = AXIS2_PLACEMENT_3D('',#40,#41,#42);
#40 = CARTESIAN_POINT('',(0.,0.,0.));
#41 = DIRECTION('',(0.,0.,1.));
#42 = DIRECTION('',(1.,0.,-0.));
#43 = AXIS2_PLACEMENT_3D('',#44,#45,#46);
#44 = CARTESIAN_POINT('',(0.,0.,0.));
#45 = DIRECTION('',(0.,0.,1.));
#46 = DIRECTION('',(1.,0.,-0.));
#47 = AXIS2_PLACEMENT_3D('',#48,#49,#50);
#48 = CARTESIAN_POINT('',(0.,0.,0.));
#49 = DIRECTION('',(0.,0.,1.));
#50 = DIRECTION('',(1.,0.,-0.));
#51 = AXIS2_PLACEMENT_3D('',#52,#53,#54);
#52 = CARTESIAN_POINT('',(0.,0.,0.));
#53 = DIRECTION('',(0.,0.,1.));
#54 = DIRECTION('',(1.,0.,-0.));
#55 = AXIS2_PLACEMENT_3D('',#56,#57,#58);
#56 = CARTESIAN_POINT('',(0.,0.,0.));
#57 = DIRECTION('',(0.,0.,1.));
#58 = DIRECTION('',(1.,0.,-0.));
#59 = AXIS2_PLACEMENT_3D('',#60,#61,#62);
#60 = CARTESIAN_POINT('',(0.,0.,0.));
#61 = DIRECTION('',(0.,0.,1.));
#62 = DIRECTION('',(1.,0.,-0.));
#63 = AXIS2_PLACEMENT_3D('',#64,#65,#66);
#64 = CARTESIAN_POINT('',(0.,0.,0.));
#65 = DIRECTION('',(0.,0.,1.));
#66 = DIRECTION('',(1.,0.,-0.));
#67 = ( GEOMETRIC_REPRESENTATION_CONTEXT(3) 
GLOBAL_UNCERTAINTY_ASSIGNED_CONTEXT((#71)) GLOBAL_UNIT_ASSIGNED_CONTEXT(
(#68,#69,#70)) REPRESENTATION_CONTEXT('Context #1',
  '3D Context with UNIT and UNCERTAINTY') );
#68 = ( LENGTH_UNIT() NAMED_UNIT(*) SI_UNIT(.MILLI.,.METRE.) );
#69 = ( NAMED_UNIT(*) PLANE_ANGLE_UNIT() SI_UNIT($,.RADIAN.) );
#70 = ( NAMED_UNIT(*) SI_UNIT($,.STERADIAN.) SOLID_ANGLE_UNIT() );
#71 = UNCERTAINTY_MEASURE_WITH_UNIT(LENGTH_MEASURE(1.E-07),#68,
  'distance_accuracy_value','confusion accuracy');
#72 = PRODUCT_RELATED_PRODUCT_CATEGORY('part',$,(#7));
#73 = SHAPE_DEFINITION_REPRESENTATION(#74,#80);
#74 = PRODUCT_DEFINITION_SHAPE('','',#75);
#75 = PRODUCT_DEFINITION('design','',#76,#79);
#76 = PRODUCT_DEFINITION_FORMATION('','',#77);
#77 = PRODUCT('panel_1','panel_1','',(#78));
#78 = PRODUCT_CONTEXT('',#2,'mechanical');
#79 = PRODUCT_DEFINITION_CONTEXT('part definition',#2,'design');
#80 = ADVANCED_BREP_SHAPE_REPRESENTATION('',(#11,#81),#1083);
#81 = MANIFOLD_SOLID_BREP('',#82);
#82 = CLOSED_SHELL('',(#83,#203,#279,#468,#517,#668,#675,#749,#823,#897,
    #971,#999,#1027,#1055));
#83 = ADVANCED_FACE('',(#84),#98,.F.);
#84 = FACE_BOUND('',#85,.F.);
#85 = EDGE_LOOP('',(#86,#121,#149,#177));
#86 = ORIENTED_EDGE('',*,*,#87,.F.);
#87 = EDGE_CURVE('',#88,#90,#92,.T.);
#88 = VERTEX_POINT('',#89);
#89 = CARTESIAN_POINT('',(20.,0.,0.));
#90 = VERTEX_POINT('',#91);
#91 = CARTESIAN_POINT('',(0.,0.,0.));
#92 = SURFACE_CURVE('',#93,(#97,#109),.PCURVE_S1.);
#93 = LINE('',#94,#95);
#94 = CARTESIAN_POINT('',(20.,0.,0.));
#95 = VECTOR('',#96,1.);
#96 = DIRECTION('',(-1.,0.,0.));
#97 = PCURVE('',#98,#103);
#98 = PLANE('',#99);
#99 = AXIS2_PLACEMENT_3D('',#100,#101,#102);
#100 = CARTESIAN_POINT('',(20.,0.,0.));
#101 = DIRECTION('',(0.,0.,1.));
#102 = DIRECTION('',(-1.,0.,0.));
#103 = DEFINITIONAL_REPRESENTATION('',(#104),#108);
#104 = LINE('',#105,#106);
#105 = CARTESIAN_POINT('',(0.,0.));
#106 = VECTOR('',#107,1.);
#107 = DIRECTION('',(1.,0.));
#108 = ( GEOMETRIC_REPRESENTATION_CONTEXT(2) 
PARAMETRIC_REPRESENTATION_CONTEXT() REPRESENTATION_CONTEXT('2D SPACE',''
  ) );
#109 = PCURVE('',#110,#115);
#110 = PLANE('',#111);
#111 = AXIS2_PLACEMENT_3D('',#112,#113,#114);
#112 = CARTESIAN_POINT('',(20.,0.,0.));
#113 = DIRECTION('',(0.,1.,0.));
#114 = DIRECTION('',(-1.,0.,0.));
#115 = DEFINITIONAL_REPRESENTATION('',(#116),#120);
#116 = LINE('',#117,#118);
#117 = CARTESIAN_POINT('',(0.,0.));
#118 = VECTOR('',#119,1.);
#119 = DIRECTION('',(1.,0.));
#120 = ( GEOMETRIC_REPRESENTATION_CONTEXT(2) 
PARAMETRIC_REPRESENTATION_CONTEXT() REPRESENTATION_CONTEXT('2D SPACE',''
  ) );
#121 = ORIENTED_EDGE('',*,*,#122,.T.);
#122 = EDGE_CURVE('',#88,#123,#125,.T.);
#123 = VERTEX_POINT('',#124);
#124 = CARTESIAN_POINT('',(20.,145.,0.));
#125 = SURFACE_CURVE('',#126,(#130,#137),.PCURVE_S1.);
#126 = LINE('',#127,#128);
#127 = CARTESIAN_POINT('',(20.,0.,0.));
#128 = VECTOR('',#129,1.);
#129 = DIRECTION('',(0.,1.,0.));
#130 = PCURVE('',#98,#131);
#131 = DEFINITIONAL_REPRESENTATION('',(#132),#136);
#132 = LINE('',#133,#134);
#133 = CARTESIAN_POINT('',(0.,0.));
#134 = VECTOR('',#135,1.);
#135 = DIRECTION('',(0.,-1.));
#136 = ( GEOMETRIC_REPRESENTATION_CONTEXT(2) 
PARAMETRIC_REPRESENTATION_CONTEXT() REPRESENTATION_CONTEXT('2D SPACE',''
  ) );
#137 = PCURVE('',#138,#143);
#138 = PLANE('',#139);
#139 = AXIS2_PLACEMENT_3D('',#140,#141,#142);
#140 = CARTESIAN_POINT('',(20.,0.,0.));
#141 = DIRECTION('',(-1.,0.,0.));
#142 = DIRECTION('',(0.,0.,1.));
#143 = DEFINITIONAL_REPRESENTATION('',(#144),#148);
#144 = LINE('',#145,#146);
#145 = CARTESIAN_POINT('',(0.,0.));
#146 = VECTOR('',#147,1.);
#147 = DIRECTION('',(0.,1.));
#148 = ( GEOMETRIC_REPRESENTATION_CONTEXT(2) 
PARAMETRIC_REPRESENTATION_CONTEXT() REPRESENTATION_CONTEXT('2D SPACE',''
  ) );
#149 = ORIENTED_EDGE('',*,*,#150,.T.);
#150 = EDGE_CURVE('',#123,#151,#153,.T.);
#151 = VERTEX_POINT('',#152);
#152 = CARTESIAN_POINT('',(0.,145.,0.));
#153 = SURFACE_CURVE('',#154,(#158,#165),.PCURVE_S1.);
#154 = LINE('',#155,#156);
#155 = CARTESIAN_POINT('',(20.,145.,0.));
#156 = VECTOR('',#157,1.);
#157 = DIRECTION('',(-1.,0.,0.));
#158 = PCURVE('',#98,#159);
#159 = DEFINITIONAL_REPRESENTATION('',(#160),#164);
#160 = LINE('',#161,#162);
#161 = CARTESIAN_POINT('',(0.,-145.));
#162 = VECTOR('',#163,1.);
#163 = DIRECTION('',(1.,0.));
#164 = ( GEOMETRIC_REPRESENTATION_CONTEXT(2) 
PARAMETRIC_REPRESENTATION_CONTEXT() REPRESENTATION_CONTEXT('2D SPACE',''
  ) );
#165 = PCURVE('',#166,#171);
#166 = PLANE('',#167);
#167 = AXIS2_PLACEMENT_3D('',#168,#169,#170);
#168 = CARTESIAN_POINT('',(20.,145.,0.));
#169 = DIRECTION('',(0.,1.,0.));
#170 = DIRECTION('',(-1.,0.,0.));
#171 = DEFINITIONAL_REPRESENTATION('',(#172),#176);
#172 = LINE('',#173,#174);
#173 = CARTESIAN_POINT('',(0.,0.));
#174 = VECTOR('',#175,1.);
#175 = DIRECTION('',(1.,0.));
#176 = ( GEOMETRIC_REPRESENTATION_CONTEXT(2) 
PARAMETRIC_REPRESENTATION_CONTEXT() REPRESENTATION_CONTEXT('2D SPACE',''
  ) );
#177 = ORIENTED_EDGE('',*,*,#178,.F.);
#178 = EDGE_CURVE('',#90,#151,#179,.T.);
#179 = SURFACE_CURVE('',#180,(#184,#191),.PCURVE_S1.);
#180 = LINE('',#181,#182);
#181 = CARTESIAN_POINT('',(0.,0.,0.));
#182 = VECTOR('',#183,1.);
#183 = DIRECTION('',(0.,1.,0.));
#184 = PCURVE('',#98,#185);
#185 = DEFINITIONAL_REPRESENTATION('',(#186),#190);
#186 = LINE('',#187,#188);
#187 = CARTESIAN_POINT('',(20.,0.));
#188 = VECTOR('',#189,1.);
#189 = DIRECTION('',(0.,-1.));
#190 = ( GEOMETRIC_REPRESENTATION_CONTEXT(2) 
PARAMETRIC_REPRESENTATION_CONTEXT() REPRESENTATION_CONTEXT('2D SPACE',''
  ) );
#191 = PCURVE('',#192,#197);
#192 = PLANE('',#193);
#193 = AXIS2_PLACEMENT_3D('',#194,#195,#196);
#194 = CARTESIAN_POINT('',(0.,0.,0.));
#195 = DIRECTION('',(-1.,0.,0.));
#196 = DIRECTION('',(0.,0.,1.));
#197 = DEFINITIONAL_REPRESENTATION('',(#198),#202);
#198 = LINE('',#199,#200);
#199 = CARTESIAN_POINT('',(0.,0.));
#200 = VECTOR('',#201,1.);
#201 = DIRECTION('',(0.,1.));
#202 = ( GEOMETRIC_REPRESENTATION_CONTEXT(2) 
PARAMETRIC_REPRESENTATION_CONTEXT() REPRESENTATION_CONTEXT('2D SPACE',''
  ) );
#203 = ADVANCED_FACE('',(#204),#110,.F.);
#204 = FACE_BOUND('',#205,.F.);
#205 = EDGE_LOOP('',(#206,#229,#230,#253));
#206 = ORIENTED_EDGE('',*,*,#207,.F.);
#207 = EDGE_CURVE('',#88,#208,#210,.T.);
#208 = VERTEX_POINT('',#209);
#209 = CARTESIAN_POINT('',(20.,0.,450.));
#210 = SURFACE_CURVE('',#211,(#215,#222),.PCURVE_S1.);
#211 = LINE('',#212,#213);
#212 = CARTESIAN_POINT('',(20.,0.,0.));
#213 = VECTOR('',#214,1.);
#214 = DIRECTION('',(0.,0.,1.));
#215 = PCURVE('',#110,#216);
#216 = DEFINITIONAL_REPRESENTATION('',(#217),#221);
#217 = LINE('',#218,#219);
#218 = CARTESIAN_POINT('',(0.,0.));
#219 = VECTOR('',#220,1.);
#220 = DIRECTION('',(0.,1.));
#221 = ( GEOMETRIC_REPRESENTATION_CONTEXT(2) 
PARAMETRIC_REPRESENTATION_CONTEXT() REPRESENTATION_CONTEXT('2D SPACE',''
  ) );
#222 = PCURVE('',#138,#223);
#223 = DEFINITIONAL_REPRESENTATION('',(#224),#228);
#224 = LINE('',#225,#226);
#225 = CARTESIAN_POINT('',(0.,0.));
#226 = VECTOR('',#227,1.);
#227 = DIRECTION('',(1.,0.));
#228 = ( GEOMETRIC_REPRESENTATION_CONTEXT(2) 
PARAMETRIC_REPRESENTATION_CONTEXT() REPRESENTATION_CONTEXT('2D SPACE',''
  ) );
#229 = ORIENTED_EDGE('',*,*,#87,.T.);
#230 = ORIENTED_EDGE('',*,*,#231,.T.);
#231 = EDGE_CURVE('',#90,#232,#234,.T.);
#232 = VERTEX_POINT('',#233);
#233 = CARTESIAN_POINT('',(0.,0.,450.));
#234 = SURFACE_CURVE('',#235,(#239,#246),.PCURVE_S1.);
#235 = LINE('',#236,#237);
#236 = CARTESIAN_POINT('',(0.,0.,0.));
#237 = VECTOR('',#238,1.);
#238 = DIRECTION('',(0.,0.,1.));
#239 = PCURVE('',#110,#240);
#240 = DEFINITIONAL_REPRESENTATION('',(#241),#245);
#241 = LINE('',#242,#243);
#242 = CARTESIAN_POINT('',(20.,0.));
#243 = VECTOR('',#244,1.);
#244 = DIRECTION('',(0.,1.));
#245 = ( GEOMETRIC_REPRESENTATION_CONTEXT(2) 
PARAMETRIC_REPRESENTATION_CONTEXT() REPRESENTATION_CONTEXT('2D SPACE',''
  ) );
#246 = PCURVE('',#192,#247);
#247 = DEFINITIONAL_REPRESENTATION('',(#248),#252);
#248 = LINE('',#249,#250);
#249 = CARTESIAN_POINT('',(0.,0.));
#250 = VECTOR('',#251,1.);
#251 = DIRECTION('',(1.,0.));
#252 = ( GEOMETRIC_REPRESENTATION_CONTEXT(2) 
PARAMETRIC_REPRESENTATION_CONTEXT() REPRESENTATION_CONTEXT('2D SPACE',''
  ) );
#253 = ORIENTED_EDGE('',*,*,#254,.F.);
#254 = EDGE_CURVE('',#208,#232,#255,.T.);
#255 = SURFACE_CURVE('',#256,(#260,#267),.PCURVE_S1.);
#256 = LINE('',#257,#258);
#257 = CARTESIAN_POINT('',(20.,0.,450.));
#258 = VECTOR('',#259,1.);
#259 = DIRECTION('',(-1.,0.,0.));
#260 = PCURVE('',#110,#261);
#261 = DEFINITIONAL_REPRESENTATION('',(#262),#266);
#262 = LINE('',#263,#264);
#263 = CARTESIAN_POINT('',(0.,450.));
#264 = VECTOR('',#265,1.);
#265 = DIRECTION('',(1.,0.));
#266 = ( GEOMETRIC_REPRESENTATION_CONTEXT(2) 
PARAMETRIC_REPRESENTATION_CONTEXT() REPRESENTATION_CONTEXT('2D SPACE',''
  ) );
#267 = PCURVE('',#268,#273);
#268 = PLANE('',#269);
#269 = AXIS2_PLACEMENT_3D('',#270,#271,#272);
#270 = CARTESIAN_POINT('',(20.,0.,450.));
#271 = DIRECTION('',(0.,0.,1.));
#272 = DIRECTION('',(-1.,0.,0.));
#273 = DEFINITIONAL_REPRESENTATION('',(#274),#278);
#274 = LINE('',#275,#276);
#275 = CARTESIAN_POINT('',(0.,0.));
#276 = VECTOR('',#277,1.);
#277 = DIRECTION('',(1.,0.));
#278 = ( GEOMETRIC_REPRESENTATION_CONTEXT(2) 
PARAMETRIC_REPRESENTATION_CONTEXT() REPRESENTATION_CONTEXT('2D SPACE',''
  ) );
#279 = ADVANCED_FACE('',(#280,#328,#363,#398,#433),#192,.T.);
#280 = FACE_BOUND('',#281,.T.);
#281 = EDGE_LOOP('',(#282,#283,#284,#307));
#282 = ORIENTED_EDGE('',*,*,#178,.F.);
#283 = ORIENTED_EDGE('',*,*,#231,.T.);
#284 = ORIENTED_EDGE('',*,*,#285,.T.);
#285 = EDGE_CURVE('',#232,#286,#288,.T.);
#286 = VERTEX_POINT('',#287);
#287 = CARTESIAN_POINT('',(0.,145.,450.));
#288 = SURFACE_CURVE('',#289,(#293,#300),.PCURVE_S1.);
#289 = LINE('',#290,#291);
#290 = CARTESIAN_POINT('',(0.,0.,450.));
#291 = VECTOR('',#292,1.);
#292 = DIRECTION('',(0.,1.,0.));
#293 = PCURVE('',#192,#294);
#294 = DEFINITIONAL_REPRESENTATION('',(#295),#299);
#295 = LINE('',#296,#297);
#296 = CARTESIAN_POINT('',(450.,0.));
#297 = VECTOR('',#298,1.);
#298 = DIRECTION('',(0.,1.));
#299 = ( GEOMETRIC_REPRESENTATION_CONTEXT(2) 
PARAMETRIC_REPRESENTATION_CONTEXT() REPRESENTATION_CONTEXT('2D SPACE',''
  ) );
#300 = PCURVE('',#268,#301);
#301 = DEFINITIONAL_REPRESENTATION('',(#302),#306);
#302 = LINE('',#303,#304);
#303 = CARTESIAN_POINT('',(20.,0.));
#304 = VECTOR('',#305,1.);
#305 = DIRECTION('',(0.,-1.));
#306 = ( GEOMETRIC_REPRESENTATION_CONTEXT(2) 
PARAMETRIC_REPRESENTATION_CONTEXT() REPRESENTATION_CONTEXT('2D SPACE',''
  ) );
#307 = ORIENTED_EDGE('',*,*,#308,.F.);
#308 = EDGE_CURVE('',#151,#286,#309,.T.);
#309 = SURFACE_CURVE('',#310,(#314,#321),.PCURVE_S1.);
#310 = LINE('',#311,#312);
#311 = CARTESIAN_POINT('',(0.,145.,0.));
#312 = VECTOR('',#313,1.);
#313 = DIRECTION('',(0.,0.,1.));
#314 = PCURVE('',#192,#315);
#315 = DEFINITIONAL_REPRESENTATION('',(#316),#320);
#316 = LINE('',#317,#318);
#317 = CARTESIAN_POINT('',(0.,145.));
#318 = VECTOR('',#319,1.);
#319 = DIRECTION('',(1.,0.));
#320 = ( GEOMETRIC_REPRESENTATION_CONTEXT(2) 
PARAMETRIC_REPRESENTATION_CONTEXT() REPRESENTATION_CONTEXT('2D SPACE',''
  ) );
#321 = PCURVE('',#166,#322);
#322 = DEFINITIONAL_REPRESENTATION('',(#323),#327);
#323 = LINE('',#324,#325);
#324 = CARTESIAN_POINT('',(20.,0.));
#325 = VECTOR('',#326,1.);
#326 = DIRECTION('',(0.,1.));
#327 = ( GEOMETRIC_REPRESENTATION_CONTEXT(2) 
PARAMETRIC_REPRESENTATION_CONTEXT() REPRESENTATION_CONTEXT('2D SPACE',''
  ) );
#328 = FACE_BOUND('',#329,.T.);
#329 = EDGE_LOOP('',(#330));
#330 = ORIENTED_EDGE('',*,*,#331,.T.);
#331 = EDGE_CURVE('',#332,#332,#334,.T.);
#332 = VERTEX_POINT('',#333);
#333 = CARTESIAN_POINT('',(0.,25.,113.8));
#334 = SURFACE_CURVE('',#335,(#340,#351),.PCURVE_S1.);
#335 = CIRCLE('',#336,3.8);
#336 = AXIS2_PLACEMENT_3D('',#337,#338,#339);
#337 = CARTESIAN_POINT('',(0.,25.,110.));
#338 = DIRECTION('',(1.,0.,0.));
#339 = DIRECTION('',(-0.,0.,1.));
#340 = PCURVE('',#192,#341);
#341 = DEFINITIONAL_REPRESENTATION('',(#342),#350);
#342 = ( BOUNDED_CURVE() B_SPLINE_CURVE(2,(#343,#344,#345,#346,#347,#348
,#349),.UNSPECIFIED.,.T.,.F.) B_SPLINE_CURVE_WITH_KNOTS((1,2,2,2,2,1),(
    -2.094395102393,0.,2.094395102393,4.188790204786,6.28318530718,
8.377580409573),.UNSPECIFIED.) CURVE() GEOMETRIC_REPRESENTATION_ITEM() 
RATIONAL_B_SPLINE_CURVE((1.,0.5,1.,0.5,1.,0.5,1.)) REPRESENTATION_ITEM(
  '') );
#343 = CARTESIAN_POINT('',(113.8,25.));
#344 = CARTESIAN_POINT('',(113.8,18.418206931238));
#345 = CARTESIAN_POINT('',(108.1,21.709103465619));
#346 = CARTESIAN_POINT('',(102.4,25.));
#347 = CARTESIAN_POINT('',(108.1,28.290896534381));
#348 = CARTESIAN_POINT('',(113.8,31.581793068762));
#349 = CARTESIAN_POINT('',(113.8,25.));
#350 = ( GEOMETRIC_REPRESENTATION_CONTEXT(2) 
PARAMETRIC_REPRESENTATION_CONTEXT() REPRESENTATION_CONTEXT('2D SPACE',''
  ) );
#351 = PCURVE('',#352,#357);
#352 = CONICAL_SURFACE('',#353,3.85,0.785398163397);
#353 = AXIS2_PLACEMENT_3D('',#354,#355,#356);
#354 = CARTESIAN_POINT('',(-5.E-02,25.,110.));
#355 = DIRECTION('',(-1.,-0.,-0.));
#356 = DIRECTION('',(-0.,0.,1.));
#357 = DEFINITIONAL_REPRESENTATION('',(#358),#362);
#358 = LINE('',#359,#360);
#359 = CARTESIAN_POINT('',(-0.,-5.E-02));
#360 = VECTOR('',#361,1.);
#361 = DIRECTION('',(-1.,-0.));
#362 = ( GEOMETRIC_REPRESENTATION_CONTEXT(2) 
PARAMETRIC_REPRESENTATION_CONTEXT() REPRESENTATION_CONTEXT('2D SPACE',''
  ) );
#363 = FACE_BOUND('',#364,.T.);
#364 = EDGE_LOOP('',(#365));
#365 = ORIENTED_EDGE('',*,*,#366,.T.);
#366 = EDGE_CURVE('',#367,#367,#369,.T.);
#367 = VERTEX_POINT('',#368);
#368 = CARTESIAN_POINT('',(0.,25.,263.8));
#369 = SURFACE_CURVE('',#370,(#375,#386),.PCURVE_S1.);
#370 = CIRCLE('',#371,3.8);
#371 = AXIS2_PLACEMENT_3D('',#372,#373,#374);
#372 = CARTESIAN_POINT('',(0.,25.,260.));
#373 = DIRECTION('',(1.,0.,0.));
#374 = DIRECTION('',(-0.,0.,1.));
#375 = PCURVE('',#192,#376);
#376 = DEFINITIONAL_REPRESENTATION('',(#377),#385);
#377 = ( BOUNDED_CURVE() B_SPLINE_CURVE(2,(#378,#379,#380,#381,#382,#383
,#384),.UNSPECIFIED.,.T.,.F.) B_SPLINE_CURVE_WITH_KNOTS((1,2,2,2,2,1),(
    -2.094395102393,0.,2.094395102393,4.188790204786,6.28318530718,
8.377580409573),.UNSPECIFIED.) CURVE() GEOMETRIC_REPRESENTATION_ITEM() 
RATIONAL_B_SPLINE_CURVE((1.,0.5,1.,0.5,1.,0.5,1.)) REPRESENTATION_ITEM(
  '') );
#378 = CARTESIAN_POINT('',(263.8,25.));
#379 = CARTESIAN_POINT('',(263.8,18.418206931238));
#380 = CARTESIAN_POINT('',(258.1,21.709103465619));
#381 = CARTESIAN_POINT('',(252.4,25.));
#382 = CARTESIAN_POINT('',(258.1,28.290896534381));
#383 = CARTESIAN_POINT('',(263.8,31.581793068762));
#384 = CARTESIAN_POINT('',(263.8,25.));
#385 = ( GEOMETRIC_REPRESENTATION_CONTEXT(2) 
PARAMETRIC_REPRESENTATION_CONTEXT() REPRESENTATION_CONTEXT('2D SPACE',''
  ) );
#386 = PCURVE('',#387,#392);
#387 = CONICAL_SURFACE('',#388,3.85,0.785398163397);
#388 = AXIS2_PLACEMENT_3D('',#389,#390,#391);
#389 = CARTESIAN_POINT('',(-5.E-02,25.,260.));
#390 = DIRECTION('',(-1.,-0.,-0.));
#391 = DIRECTION('',(-0.,0.,1.));
#392 = DEFINITIONAL_REPRESENTATION('',(#393),#397);
#393 = LINE('',#394,#395);
#394 = CARTESIAN_POINT('',(-0.,-5.E-02));
#395 = VECTOR('',#396,1.);
#396 = DIRECTION('',(-1.,-0.));
#397 = ( GEOMETRIC_REPRESENTATION_CONTEXT(2) 
PARAMETRIC_REPRESENTATION_CONTEXT() REPRESENTATION_CONTEXT('2D SPACE',''
  ) );
#398 = FACE_BOUND('',#399,.T.);
#399 = EDGE_LOOP('',(#400));
#400 = ORIENTED_EDGE('',*,*,#401,.T.);
#401 = EDGE_CURVE('',#402,#402,#404,.T.);
#402 = VERTEX_POINT('',#403);
#403 = CARTESIAN_POINT('',(0.,120.,113.8));
#404 = SURFACE_CURVE('',#405,(#410,#421),.PCURVE_S1.);
#405 = CIRCLE('',#406,3.8);
#406 = AXIS2_PLACEMENT_3D('',#407,#408,#409);
#407 = CARTESIAN_POINT('',(0.,120.,110.));
#408 = DIRECTION('',(1.,0.,0.));
#409 = DIRECTION('',(-0.,0.,1.));
#410 = PCURVE('',#192,#411);
#411 = DEFINITIONAL_REPRESENTATION('',(#412),#420);
#412 = ( BOUNDED_CURVE() B_SPLINE_CURVE(2,(#413,#414,#415,#416,#417,#418
,#419),.UNSPECIFIED.,.T.,.F.) B_SPLINE_CURVE_WITH_KNOTS((1,2,2,2,2,1),(
    -2.094395102393,0.,2.094395102393,4.188790204786,6.28318530718,
8.377580409573),.UNSPECIFIED.) CURVE() GEOMETRIC_REPRESENTATION_ITEM() 
RATIONAL_B_SPLINE_CURVE((1.,0.5,1.,0.5,1.,0.5,1.)) REPRESENTATION_ITEM(
  '') );
#413 = CARTESIAN_POINT('',(113.8,120.));
#414 = CARTESIAN_POINT('',(113.8,113.41820693123));
#415 = CARTESIAN_POINT('',(108.1,116.70910346561));
#416 = CARTESIAN_POINT('',(102.4,120.));
#417 = CARTESIAN_POINT('',(108.1,123.29089653438));
#418 = CARTESIAN_POINT('',(113.8,126.58179306876));
#419 = CARTESIAN_POINT('',(113.8,120.));
#420 = ( GEOMETRIC_REPRESENTATION_CONTEXT(2) 
PARAMETRIC_REPRESENTATION_CONTEXT() REPRESENTATION_CONTEXT('2D SPACE',''
  ) );
#421 = PCURVE('',#422,#427);
#422 = CONICAL_SURFACE('',#423,3.85,0.785398163397);
#423 = AXIS2_PLACEMENT_3D('',#424,#425,#426);
#424 = CARTESIAN_POINT('',(-5.E-02,120.,110.));
#425 = DIRECTION('',(-1.,-0.,-0.));
#426 = DIRECTION('',(-0.,0.,1.));
#427 = DEFINITIONAL_REPRESENTATION('',(#428),#432);
#428 = LINE('',#429,#430);
#429 = CARTESIAN_POINT('',(-0.,-5.E-02));
#430 = VECTOR('',#431,1.);
#431 = DIRECTION('',(-1.,-0.));
#432 = ( GEOMETRIC_REPRESENTATION_CONTEXT(2) 
PARAMETRIC_REPRESENTATION_CONTEXT() REPRESENTATION_CONTEXT('2D SPACE',''
  ) );
#433 = FACE_BOUND('',#434,.T.);
#434 = EDGE_LOOP('',(#435));
#435 = ORIENTED_EDGE('',*,*,#436,.T.);
#436 = EDGE_CURVE('',#437,#437,#439,.T.);
#437 = VERTEX_POINT('',#438);
#438 = CARTESIAN_POINT('',(0.,120.,263.8));
#439 = SURFACE_CURVE('',#440,(#445,#456),.PCURVE_S1.);
#440 = CIRCLE('',#441,3.8);
#441 = AXIS2_PLACEMENT_3D('',#442,#443,#444);
#442 = CARTESIAN_POINT('',(0.,120.,260.));
#443 = DIRECTION('',(1.,0.,0.));
#444 = DIRECTION('',(-0.,0.,1.));
#445 = PCURVE('',#192,#446);
#446 = DEFINITIONAL_REPRESENTATION('',(#447),#455);
#447 = ( BOUNDED_CURVE() B_SPLINE_CURVE(2,(#448,#449,#450,#451,#452,#453
,#454),.UNSPECIFIED.,.T.,.F.) B_SPLINE_CURVE_WITH_KNOTS((1,2,2,2,2,1),(
    -2.094395102393,0.,2.094395102393,4.188790204786,6.28318530718,
8.377580409573),.UNSPECIFIED.) CURVE() GEOMETRIC_REPRESENTATION_ITEM() 
RATIONAL_B_SPLINE_CURVE((1.,0.5,1.,0.5,1.,0.5,1.)) REPRESENTATION_ITEM(
  '') );
#448 = CARTESIAN_POINT('',(263.8,120.));
#449 = CARTESIAN_POINT('',(263.8,113.41820693123));
#450 = CARTESIAN_POINT('',(258.1,116.70910346561));
#451 = CARTESIAN_POINT('',(252.4,120.));
#452 = CARTESIAN_POINT('',(258.1,123.29089653438));
#453 = CARTESIAN_POINT('',(263.8,126.58179306876));
#454 = CARTESIAN_POINT('',(263.8,120.));
#455 = ( GEOMETRIC_REPRESENTATION_CONTEXT(2) 
PARAMETRIC_REPRESENTATION_CONTEXT() REPRESENTATION_CONTEXT('2D SPACE',''
  ) );
#456 = PCURVE('',#457,#462);
#457 = CONICAL_SURFACE('',#458,3.85,0.785398163397);
#458 = AXIS2_PLACEMENT_3D('',#459,#460,#461);
#459 = CARTESIAN_POINT('',(-5.E-02,120.,260.));
#460 = DIRECTION('',(-1.,-0.,-0.));
#461 = DIRECTION('',(-0.,0.,1.));
#462 = DEFINITIONAL_REPRESENTATION('',(#463),#467);
#463 = LINE('',#464,#465);
#464 = CARTESIAN_POINT('',(-0.,-5.E-02));
#465 = VECTOR('',#466,1.);
#466 = DIRECTION('',(-1.,-0.));
#467 = ( GEOMETRIC_REPRESENTATION_CONTEXT(2) 
PARAMETRIC_REPRESENTATION_CONTEXT() REPRESENTATION_CONTEXT('2D SPACE',''
  ) );
#468 = ADVANCED_FACE('',(#469),#166,.T.);
#469 = FACE_BOUND('',#470,.T.);
#470 = EDGE_LOOP('',(#471,#494,#495,#496));
#471 = ORIENTED_EDGE('',*,*,#472,.F.);
#472 = EDGE_CURVE('',#123,#473,#475,.T.);
#473 = VERTEX_POINT('',#474);
#474 = CARTESIAN_POINT('',(20.,145.,450.));
#475 = SURFACE_CURVE('',#476,(#480,#487),.PCURVE_S1.);
#476 = LINE('',#477,#478);
#477 = CARTESIAN_POINT('',(20.,145.,0.));
#478 = VECTOR('',#479,1.);
#479 = DIRECTION('',(0.,0.,1.));
#480 = PCURVE('',#166,#481);
#481 = DEFINITIONAL_REPRESENTATION('',(#482),#486);
#482 = LINE('',#483,#484);
#483 = CARTESIAN_POINT('',(0.,0.));
#484 = VECTOR('',#485,1.);
#485 = DIRECTION('',(0.,1.));
#486 = ( GEOMETRIC_REPRESENTATION_CONTEXT(2) 
PARAMETRIC_REPRESENTATION_CONTEXT() REPRESENTATION_CONTEXT('2D SPACE',''
  ) );
#487 = PCURVE('',#138,#488);
#488 = DEFINITIONAL_REPRESENTATION('',(#489),#493);
#489 = LINE('',#490,#491);
#490 = CARTESIAN_POINT('',(0.,145.));
#491 = VECTOR('',#492,1.);
#492 = DIRECTION('',(1.,0.));
#493 = ( GEOMETRIC_REPRESENTATION_CONTEXT(2) 
PARAMETRIC_REPRESENTATION_CONTEXT() REPRESENTATION_CONTEXT('2D SPACE',''
  ) );
#494 = ORIENTED_EDGE('',*,*,#150,.T.);
#495 = ORIENTED_EDGE('',*,*,#308,.T.);
#496 = ORIENTED_EDGE('',*,*,#497,.F.);
#497 = EDGE_CURVE('',#473,#286,#498,.T.);
#498 = SURFACE_CURVE('',#499,(#503,#510),.PCURVE_S1.);
#499 = LINE('',#500,#501);
#500 = CARTESIAN_POINT('',(20.,145.,450.));
#501 = VECTOR('',#502,1.);
#502 = DIRECTION('',(-1.,0.,0.));
#503 = PCURVE('',#166,#504);
#504 = DEFINITIONAL_REPRESENTATION('',(#505),#509);
#505 = LINE('',#506,#507);
#506 = CARTESIAN_POINT('',(0.,450.));
#507 = VECTOR('',#508,1.);
#508 = DIRECTION('',(1.,0.));
#509 = ( GEOMETRIC_REPRESENTATION_CONTEXT(2) 
PARAMETRIC_REPRESENTATION_CONTEXT() REPRESENTATION_CONTEXT('2D SPACE',''
  ) );
#510 = PCURVE('',#268,#511);
#511 = DEFINITIONAL_REPRESENTATION('',(#512),#516);
#512 = LINE('',#513,#514);
#513 = CARTESIAN_POINT('',(0.,-145.));
#514 = VECTOR('',#515,1.);
#515 = DIRECTION('',(1.,0.));
#516 = ( GEOMETRIC_REPRESENTATION_CONTEXT(2) 
PARAMETRIC_REPRESENTATION_CONTEXT() REPRESENTATION_CONTEXT('2D SPACE',''
  ) );
#517 = ADVANCED_FACE('',(#518,#544,#575,#606,#637),#138,.F.);
#518 = FACE_BOUND('',#519,.F.);
#519 = EDGE_LOOP('',(#520,#521,#522,#543));
#520 = ORIENTED_EDGE('',*,*,#122,.F.);
#521 = ORIENTED_EDGE('',*,*,#207,.T.);
#522 = ORIENTED_EDGE('',*,*,#523,.T.);
#523 = EDGE_CURVE('',#208,#473,#524,.T.);
#524 = SURFACE_CURVE('',#525,(#529,#536),.PCURVE_S1.);
#525 = LINE('',#526,#527);
#526 = CARTESIAN_POINT('',(20.,0.,450.));
#527 = VECTOR('',#528,1.);
#528 = DIRECTION('',(0.,1.,0.));
#529 = PCURVE('',#138,#530);
#530 = DEFINITIONAL_REPRESENTATION('',(#531),#535);
#531 = LINE('',#532,#533);
#532 = CARTESIAN_POINT('',(450.,0.));
#533 = VECTOR('',#534,1.);
#534 = DIRECTION('',(0.,1.));
#535 = ( GEOMETRIC_REPRESENTATION_CONTEXT(2) 
PARAMETRIC_REPRESENTATION_CONTEXT() REPRESENTATION_CONTEXT('2D SPACE',''
  ) );
#536 = PCURVE('',#268,#537);
#537 = DEFINITIONAL_REPRESENTATION('',(#538),#542);
#538 = LINE('',#539,#540);
#539 = CARTESIAN_POINT('',(0.,0.));
#540 = VECTOR('',#541,1.);
#541 = DIRECTION('',(0.,-1.));
#542 = ( GEOMETRIC_REPRESENTATION_CONTEXT(2) 
PARAMETRIC_REPRESENTATION_CONTEXT() REPRESENTATION_CONTEXT('2D SPACE',''
  ) );
#543 = ORIENTED_EDGE('',*,*,#472,.F.);
#544 = FACE_BOUND('',#545,.F.);
#545 = EDGE_LOOP('',(#546));
#546 = ORIENTED_EDGE('',*,*,#547,.F.);
#547 = EDGE_CURVE('',#548,#548,#550,.T.);
#548 = VERTEX_POINT('',#549);
#549 = CARTESIAN_POINT('',(20.,26.25,110.));
#550 = SURFACE_CURVE('',#551,(#556,#563),.PCURVE_S1.);
#551 = CIRCLE('',#552,1.25);
#552 = AXIS2_PLACEMENT_3D('',#553,#554,#555);
#553 = CARTESIAN_POINT('',(20.,25.,110.));
#554 = DIRECTION('',(-1.,0.,0.));
#555 = DIRECTION('',(0.,1.,0.));
#556 = PCURVE('',#138,#557);
#557 = DEFINITIONAL_REPRESENTATION('',(#558),#562);
#558 = CIRCLE('',#559,1.25);
#559 = AXIS2_PLACEMENT_2D('',#560,#561);
#560 = CARTESIAN_POINT('',(110.,25.));
#561 = DIRECTION('',(0.,1.));
#562 = ( GEOMETRIC_REPRESENTATION_CONTEXT(2) 
PARAMETRIC_REPRESENTATION_CONTEXT() REPRESENTATION_CONTEXT('2D SPACE',''
  ) );
#563 = PCURVE('',#564,#569);
#564 = CYLINDRICAL_SURFACE('',#565,1.25);
#565 = AXIS2_PLACEMENT_3D('',#566,#567,#568);
#566 = CARTESIAN_POINT('',(-5.E-02,25.,110.));
#567 = DIRECTION('',(-1.,-0.,-0.));
#568 = DIRECTION('',(0.,1.,0.));
#569 = DEFINITIONAL_REPRESENTATION('',(#570),#574);
#570 = LINE('',#571,#572);
#571 = CARTESIAN_POINT('',(-6.28318530718,-20.05));
#572 = VECTOR('',#573,1.);
#573 = DIRECTION('',(1.,-0.));
#574 = ( GEOMETRIC_REPRESENTATION_CONTEXT(2) 
PARAMETRIC_REPRESENTATION_CONTEXT() REPRESENTATION_CONTEXT('2D SPACE',''
  ) );
#575 = FACE_BOUND('',#576,.F.);
#576 = EDGE_LOOP('',(#577));
#577 = ORIENTED_EDGE('',*,*,#578,.F.);
#578 = EDGE_CURVE('',#579,#579,#581,.T.);
#579 = VERTEX_POINT('',#580);
#580 = CARTESIAN_POINT('',(20.,26.25,260.));
#581 = SURFACE_CURVE('',#582,(#587,#594),.PCURVE_S1.);
#582 = CIRCLE('',#583,1.25);
#583 = AXIS2_PLACEMENT_3D('',#584,#585,#586);
#584 = CARTESIAN_POINT('',(20.,25.,260.));
#585 = DIRECTION('',(-1.,0.,0.));
#586 = DIRECTION('',(0.,1.,0.));
#587 = PCURVE('',#138,#588);
#588 = DEFINITIONAL_REPRESENTATION('',(#589),#593);
#589 = CIRCLE('',#590,1.25);
#590 = AXIS2_PLACEMENT_2D('',#591,#592);
#591 = CARTESIAN_POINT('',(260.,25.));
#592 = DIRECTION('',(0.,1.));
#593 = ( GEOMETRIC_REPRESENTATION_CONTEXT(2) 
PARAMETRIC_REPRESENTATION_CONTEXT() REPRESENTATION_CONTEXT('2D SPACE',''
  ) );
#594 = PCURVE('',#595,#600);
#595 = CYLINDRICAL_SURFACE('',#596,1.25);
#596 = AXIS2_PLACEMENT_3D('',#597,#598,#599);
#597 = CARTESIAN_POINT('',(-5.E-02,25.,260.));
#598 = DIRECTION('',(-1.,-0.,-0.));
#599 = DIRECTION('',(0.,1.,0.));
#600 = DEFINITIONAL_REPRESENTATION('',(#601),#605);
#601 = LINE('',#602,#603);
#602 = CARTESIAN_POINT('',(-6.28318530718,-20.05));
#603 = VECTOR('',#604,1.);
#604 = DIRECTION('',(1.,-0.));
#605 = ( GEOMETRIC_REPRESENTATION_CONTEXT(2) 
PARAMETRIC_REPRESENTATION_CONTEXT() REPRESENTATION_CONTEXT('2D SPACE',''
  ) );
#606 = FACE_BOUND('',#607,.F.);
#607 = EDGE_LOOP('',(#608));
#608 = ORIENTED_EDGE('',*,*,#609,.F.);
#609 = EDGE_CURVE('',#610,#610,#612,.T.);
#610 = VERTEX_POINT('',#611);
#611 = CARTESIAN_POINT('',(20.,121.25,110.));
#612 = SURFACE_CURVE('',#613,(#618,#625),.PCURVE_S1.);
#613 = CIRCLE('',#614,1.25);
#614 = AXIS2_PLACEMENT_3D('',#615,#616,#617);
#615 = CARTESIAN_POINT('',(20.,120.,110.));
#616 = DIRECTION('',(-1.,0.,0.));
#617 = DIRECTION('',(0.,1.,0.));
#618 = PCURVE('',#138,#619);
#619 = DEFINITIONAL_REPRESENTATION('',(#620),#624);
#620 = CIRCLE('',#621,1.25);
#621 = AXIS2_PLACEMENT_2D('',#622,#623);
#622 = CARTESIAN_POINT('',(110.,120.));
#623 = DIRECTION('',(0.,1.));
#624 = ( GEOMETRIC_REPRESENTATION_CONTEXT(2) 
PARAMETRIC_REPRESENTATION_CONTEXT() REPRESENTATION_CONTEXT('2D SPACE',''
  ) );
#625 = PCURVE('',#626,#631);
#626 = CYLINDRICAL_SURFACE('',#627,1.25);
#627 = AXIS2_PLACEMENT_3D('',#628,#629,#630);
#628 = CARTESIAN_POINT('',(-5.E-02,120.,110.));
#629 = DIRECTION('',(-1.,-0.,-0.));
#630 = DIRECTION('',(0.,1.,0.));
#631 = DEFINITIONAL_REPRESENTATION('',(#632),#636);
#632 = LINE('',#633,#634);
#633 = CARTESIAN_POINT('',(-6.28318530718,-20.05));
#634 = VECTOR('',#635,1.);
#635 = DIRECTION('',(1.,-0.));
#636 = ( GEOMETRIC_REPRESENTATION_CONTEXT(2) 
PARAMETRIC_REPRESENTATION_CONTEXT() REPRESENTATION_CONTEXT('2D SPACE',''
  ) );
#637 = FACE_BOUND('',#638,.F.);
#638 = EDGE_LOOP('',(#639));
#639 = ORIENTED_EDGE('',*,*,#640,.F.);
#640 = EDGE_CURVE('',#641,#641,#643,.T.);
#641 = VERTEX_POINT('',#642);
#642 = CARTESIAN_POINT('',(20.,121.25,260.));
#643 = SURFACE_CURVE('',#644,(#649,#656),.PCURVE_S1.);
#644 = CIRCLE('',#645,1.25);
#645 = AXIS2_PLACEMENT_3D('',#646,#647,#648);
#646 = CARTESIAN_POINT('',(20.,120.,260.));
#647 = DIRECTION('',(-1.,0.,0.));
#648 = DIRECTION('',(0.,1.,0.));
#649 = PCURVE('',#138,#650);
#650 = DEFINITIONAL_REPRESENTATION('',(#651),#655);
#651 = CIRCLE('',#652,1.25);
#652 = AXIS2_PLACEMENT_2D('',#653,#654);
#653 = CARTESIAN_POINT('',(260.,120.));
#654 = DIRECTION('',(0.,1.));
#655 = ( GEOMETRIC_REPRESENTATION_CONTEXT(2) 
PARAMETRIC_REPRESENTATION_CONTEXT() REPRESENTATION_CONTEXT('2D SPACE',''
  ) );
#656 = PCURVE('',#657,#662);
#657 = CYLINDRICAL_SURFACE('',#658,1.25);
#658 = AXIS2_PLACEMENT_3D('',#659,#660,#661);
#659 = CARTESIAN_POINT('',(-5.E-02,120.,260.));
#660 = DIRECTION('',(-1.,-0.,-0.));
#661 = DIRECTION('',(0.,1.,0.));
#662 = DEFINITIONAL_REPRESENTATION('',(#663),#667);
#663 = LINE('',#664,#665);
#664 = CARTESIAN_POINT('',(-6.28318530718,-20.05));
#665 = VECTOR('',#666,1.);
#666 = DIRECTION('',(1.,-0.));
#667 = ( GEOMETRIC_REPRESENTATION_CONTEXT(2) 
PARAMETRIC_REPRESENTATION_CONTEXT() REPRESENTATION_CONTEXT('2D SPACE',''
  ) );
#668 = ADVANCED_FACE('',(#669),#268,.T.);
#669 = FACE_BOUND('',#670,.T.);
#670 = EDGE_LOOP('',(#671,#672,#673,#674));
#671 = ORIENTED_EDGE('',*,*,#254,.F.);
#672 = ORIENTED_EDGE('',*,*,#523,.T.);
#673 = ORIENTED_EDGE('',*,*,#497,.T.);
#674 = ORIENTED_EDGE('',*,*,#285,.F.);
#675 = ADVANCED_FACE('',(#676),#352,.F.);
#676 = FACE_BOUND('',#677,.F.);
#677 = EDGE_LOOP('',(#678,#679,#702,#726,#748));
#678 = ORIENTED_EDGE('',*,*,#331,.T.);
#679 = ORIENTED_EDGE('',*,*,#680,.T.);
#680 = EDGE_CURVE('',#332,#681,#683,.T.);
#681 = VERTEX_POINT('',#682);
#682 = CARTESIAN_POINT('',(2.55,25.,111.25));
#683 = SEAM_CURVE('',#684,(#688,#695),.PCURVE_S1.);
#684 = LINE('',#685,#686);
#685 = CARTESIAN_POINT('',(-5.E-02,25.,113.85));
#686 = VECTOR('',#687,1.);
#687 = DIRECTION('',(0.707106781187,-1.731912112471E-16,-0.707106781187)
  );
#688 = PCURVE('',#352,#689);
#689 = DEFINITIONAL_REPRESENTATION('',(#690),#694);
#690 = LINE('',#691,#692);
#691 = CARTESIAN_POINT('',(0.,-0.));
#692 = VECTOR('',#693,1.);
#693 = DIRECTION('',(-0.,-1.));
#694 = ( GEOMETRIC_REPRESENTATION_CONTEXT(2) 
PARAMETRIC_REPRESENTATION_CONTEXT() REPRESENTATION_CONTEXT('2D SPACE',''
  ) );
#695 = PCURVE('',#352,#696);
#696 = DEFINITIONAL_REPRESENTATION('',(#697),#701);
#697 = LINE('',#698,#699);
#698 = CARTESIAN_POINT('',(-6.28318530718,0.));
#699 = VECTOR('',#700,1.);
#700 = DIRECTION('',(-0.,-1.));
#701 = ( GEOMETRIC_REPRESENTATION_CONTEXT(2) 
PARAMETRIC_REPRESENTATION_CONTEXT() REPRESENTATION_CONTEXT('2D SPACE',''
  ) );
#702 = ORIENTED_EDGE('',*,*,#703,.F.);
#703 = EDGE_CURVE('',#704,#681,#706,.T.);
#704 = VERTEX_POINT('',#705);
#705 = CARTESIAN_POINT('',(2.55,26.25,110.));
#706 = SURFACE_CURVE('',#707,(#712,#719),.PCURVE_S1.);
#707 = CIRCLE('',#708,1.25);
#708 = AXIS2_PLACEMENT_3D('',#709,#710,#711);
#709 = CARTESIAN_POINT('',(2.55,25.,110.));
#710 = DIRECTION('',(1.,0.,0.));
#711 = DIRECTION('',(-0.,0.,1.));
#712 = PCURVE('',#352,#713);
#713 = DEFINITIONAL_REPRESENTATION('',(#714),#718);
#714 = LINE('',#715,#716);
#715 = CARTESIAN_POINT('',(-0.,-2.6));
#716 = VECTOR('',#717,1.);
#717 = DIRECTION('',(-1.,-0.));
#718 = ( GEOMETRIC_REPRESENTATION_CONTEXT(2) 
PARAMETRIC_REPRESENTATION_CONTEXT() REPRESENTATION_CONTEXT('2D SPACE',''
  ) );
#719 = PCURVE('',#564,#720);
#720 = DEFINITIONAL_REPRESENTATION('',(#721),#725);
#721 = LINE('',#722,#723);
#722 = CARTESIAN_POINT('',(4.712388980385,-2.6));
#723 = VECTOR('',#724,1.);
#724 = DIRECTION('',(-1.,0.));
#725 = ( GEOMETRIC_REPRESENTATION_CONTEXT(2) 
PARAMETRIC_REPRESENTATION_CONTEXT() REPRESENTATION_CONTEXT('2D SPACE',''
  ) );
#726 = ORIENTED_EDGE('',*,*,#727,.F.);
#727 = EDGE_CURVE('',#681,#704,#728,.T.);
#728 = SURFACE_CURVE('',#729,(#734,#741),.PCURVE_S1.);
#729 = CIRCLE('',#730,1.25);
#730 = AXIS2_PLACEMENT_3D('',#731,#732,#733);
#731 = CARTESIAN_POINT('',(2.55,25.,110.));
#732 = DIRECTION('',(1.,0.,0.));
#733 = DIRECTION('',(-0.,0.,1.));
#734 = PCURVE('',#352,#735);
#735 = DEFINITIONAL_REPRESENTATION('',(#736),#740);
#736 = LINE('',#737,#738);
#737 = CARTESIAN_POINT('',(-0.,-2.6));
#738 = VECTOR('',#739,1.);
#739 = DIRECTION('',(-1.,-0.));
#740 = ( GEOMETRIC_REPRESENTATION_CONTEXT(2) 
PARAMETRIC_REPRESENTATION_CONTEXT() REPRESENTATION_CONTEXT('2D SPACE',''
  ) );
#741 = PCURVE('',#564,#742);
#742 = DEFINITIONAL_REPRESENTATION('',(#743),#747);
#743 = LINE('',#744,#745);
#744 = CARTESIAN_POINT('',(-1.570796326795,-2.6));
#745 = VECTOR('',#746,1.);
#746 = DIRECTION('',(-1.,0.));
#747 = ( GEOMETRIC_REPRESENTATION_CONTEXT(2) 
PARAMETRIC_REPRESENTATION_CONTEXT() REPRESENTATION_CONTEXT('2D SPACE',''
  ) );
#748 = ORIENTED_EDGE('',*,*,#680,.F.);
#749 = ADVANCED_FACE('',(#750),#387,.F.);
#750 = FACE_BOUND('',#751,.F.);
#751 = EDGE_LOOP('',(#752,#753,#776,#800,#822));
#752 = ORIENTED_EDGE('',*,*,#366,.T.);
#753 = ORIENTED_EDGE('',*,*,#754,.T.);
#754 = EDGE_CURVE('',#367,#755,#757,.T.);
#755 = VERTEX_POINT('',#756);
#756 = CARTESIAN_POINT('',(2.55,25.,261.25));
#757 = SEAM_CURVE('',#758,(#762,#769),.PCURVE_S1.);
#758 = LINE('',#759,#760);
#759 = CARTESIAN_POINT('',(-5.000000000001E-02,25.,263.85));
#760 = VECTOR('',#761,1.);
#761 = DIRECTION('',(0.707106781187,-1.731912112471E-16,-0.707106781187)
  );
#762 = PCURVE('',#387,#763);
#763 = DEFINITIONAL_REPRESENTATION('',(#764),#768);
#764 = LINE('',#765,#766);
#765 = CARTESIAN_POINT('',(0.,-0.));
#766 = VECTOR('',#767,1.);
#767 = DIRECTION('',(-0.,-1.));
#768 = ( GEOMETRIC_REPRESENTATION_CONTEXT(2) 
PARAMETRIC_REPRESENTATION_CONTEXT() REPRESENTATION_CONTEXT('2D SPACE',''
  ) );
#769 = PCURVE('',#387,#770);
#770 = DEFINITIONAL_REPRESENTATION('',(#771),#775);
#771 = LINE('',#772,#773);
#772 = CARTESIAN_POINT('',(-6.28318530718,0.));
#773 = VECTOR('',#774,1.);
#774 = DIRECTION('',(-0.,-1.));
#775 = ( GEOMETRIC_REPRESENTATION_CONTEXT(2) 
PARAMETRIC_REPRESENTATION_CONTEXT() REPRESENTATION_CONTEXT('2D SPACE',''
  ) );
#776 = ORIENTED_EDGE('',*,*,#777,.F.);
#777 = EDGE_CURVE('',#778,#755,#780,.T.);
#778 = VERTEX_POINT('',#779);
#779 = CARTESIAN_POINT('',(2.55,26.25,260.));
#780 = SURFACE_CURVE('',#781,(#786,#793),.PCURVE_S1.);
#781 = CIRCLE('',#782,1.25);
#782 = AXIS2_PLACEMENT_3D('',#783,#784,#785);
#783 = CARTESIAN_POINT('',(2.55,25.,260.));
#784 = DIRECTION('',(1.,0.,0.));
#785 = DIRECTION('',(-0.,0.,1.));
#786 = PCURVE('',#387,#787);
#787 = DEFINITIONAL_REPRESENTATION('',(#788),#792);
#788 = LINE('',#789,#790);
#789 = CARTESIAN_POINT('',(-0.,-2.6));
#790 = VECTOR('',#791,1.);
#791 = DIRECTION('',(-1.,-0.));
#792 = ( GEOMETRIC_REPRESENTATION_CONTEXT(2) 
PARAMETRIC_REPRESENTATION_CONTEXT() REPRESENTATION_CONTEXT('2D SPACE',''
  ) );
#793 = PCURVE('',#595,#794);
#794 = DEFINITIONAL_REPRESENTATION('',(#795),#799);
#795 = LINE('',#796,#797);
#796 = CARTESIAN_POINT('',(4.712388980385,-2.6));
#797 = VECTOR('',#798,1.);
#798 = DIRECTION('',(-1.,0.));
#799 = ( GEOMETRIC_REPRESENTATION_CONTEXT(2) 
PARAMETRIC_REPRESENTATION_CONTEXT() REPRESENTATION_CONTEXT('2D SPACE',''
  ) );
#800 = ORIENTED_EDGE('',*,*,#801,.F.);
#801 = EDGE_CURVE('',#755,#778,#802,.T.);
#802 = SURFACE_CURVE('',#803,(#808,#815),.PCURVE_S1.);
#803 = CIRCLE('',#804,1.25);
#804 = AXIS2_PLACEMENT_3D('',#805,#806,#807);
#805 = CARTESIAN_POINT('',(2.55,25.,260.));
#806 = DIRECTION('',(1.,0.,0.));
#807 = DIRECTION('',(-0.,0.,1.));
#808 = PCURVE('',#387,#809);
#809 = DEFINITIONAL_REPRESENTATION('',(#810),#814);
#810 = LINE('',#811,#812);
#811 = CARTESIAN_POINT('',(-0.,-2.6));
#812 = VECTOR('',#813,1.);
#813 = DIRECTION('',(-1.,-0.));
#814 = ( GEOMETRIC_REPRESENTATION_CONTEXT(2) 
PARAMETRIC_REPRESENTATION_CONTEXT() REPRESENTATION_CONTEXT('2D SPACE',''
  ) );
#815 = PCURVE('',#595,#816);
#816 = DEFINITIONAL_REPRESENTATION('',(#817),#821);
#817 = LINE('',#818,#819);
#818 = CARTESIAN_POINT('',(-1.570796326795,-2.6));
#819 = VECTOR('',#820,1.);
#820 = DIRECTION('',(-1.,0.));
#821 = ( GEOMETRIC_REPRESENTATION_CONTEXT(2) 
PARAMETRIC_REPRESENTATION_CONTEXT() REPRESENTATION_CONTEXT('2D SPACE',''
  ) );
#822 = ORIENTED_EDGE('',*,*,#754,.F.);
#823 = ADVANCED_FACE('',(#824),#422,.F.);
#824 = FACE_BOUND('',#825,.F.);
#825 = EDGE_LOOP('',(#826,#827,#850,#874,#896));
#826 = ORIENTED_EDGE('',*,*,#401,.T.);
#827 = ORIENTED_EDGE('',*,*,#828,.T.);
#828 = EDGE_CURVE('',#402,#829,#831,.T.);
#829 = VERTEX_POINT('',#830);
#830 = CARTESIAN_POINT('',(2.55,120.,111.25));
#831 = SEAM_CURVE('',#832,(#836,#843),.PCURVE_S1.);
#832 = LINE('',#833,#834);
#833 = CARTESIAN_POINT('',(-5.E-02,120.,113.85));
#834 = VECTOR('',#835,1.);
#835 = DIRECTION('',(0.707106781187,-1.731912112471E-16,-0.707106781187)
  );
#836 = PCURVE('',#422,#837);
#837 = DEFINITIONAL_REPRESENTATION('',(#838),#842);
#838 = LINE('',#839,#840);
#839 = CARTESIAN_POINT('',(0.,-0.));
#840 = VECTOR('',#841,1.);
#841 = DIRECTION('',(-0.,-1.));
#842 = ( GEOMETRIC_REPRESENTATION_CONTEXT(2) 
PARAMETRIC_REPRESENTATION_CONTEXT() REPRESENTATION_CONTEXT('2D SPACE',''
  ) );
#843 = PCURVE('',#422,#844);
#844 = DEFINITIONAL_REPRESENTATION('',(#845),#849);
#845 = LINE('',#846,#847);
#846 = CARTESIAN_POINT('',(-6.28318530718,0.));
#847 = VECTOR('',#848,1.);
#848 = DIRECTION('',(-0.,-1.));
#849 = ( GEOMETRIC_REPRESENTATION_CONTEXT(2) 
PARAMETRIC_REPRESENTATION_CONTEXT() REPRESENTATION_CONTEXT('2D SPACE',''
  ) );
#850 = ORIENTED_EDGE('',*,*,#851,.F.);
#851 = EDGE_CURVE('',#852,#829,#854,.T.);
#852 = VERTEX_POINT('',#853);
#853 = CARTESIAN_POINT('',(2.55,121.25,110.));
#854 = SURFACE_CURVE('',#855,(#860,#867),.PCURVE_S1.);
#855 = CIRCLE('',#856,1.25);
#856 = AXIS2_PLACEMENT_3D('',#857,#858,#859);
#857 = CARTESIAN_POINT('',(2.55,120.,110.));
#858 = DIRECTION('',(1.,0.,0.));
#859 = DIRECTION('',(-0.,0.,1.));
#860 = PCURVE('',#422,#861);
#861 = DEFINITIONAL_REPRESENTATION('',(#862),#866);
#862 = LINE('',#863,#864);
#863 = CARTESIAN_POINT('',(-0.,-2.6));
#864 = VECTOR('',#865,1.);
#865 = DIRECTION('',(-1.,-0.));
#866 = ( GEOMETRIC_REPRESENTATION_CONTEXT(2) 
PARAMETRIC_REPRESENTATION_CONTEXT() REPRESENTATION_CONTEXT('2D SPACE',''
  ) );
#867 = PCURVE('',#626,#868);
#868 = DEFINITIONAL_REPRESENTATION('',(#869),#873);
#869 = LINE('',#870,#871);
#870 = CARTESIAN_POINT('',(4.712388980385,-2.6));
#871 = VECTOR('',#872,1.);
#872 = DIRECTION('',(-1.,0.));
#873 = ( GEOMETRIC_REPRESENTATION_CONTEXT(2) 
PARAMETRIC_REPRESENTATION_CONTEXT() REPRESENTATION_CONTEXT('2D SPACE',''
  ) );
#874 = ORIENTED_EDGE('',*,*,#875,.F.);
#875 = EDGE_CURVE('',#829,#852,#876,.T.);
#876 = SURFACE_CURVE('',#877,(#882,#889),.PCURVE_S1.);
#877 = CIRCLE('',#878,1.25);
#878 = AXIS2_PLACEMENT_3D('',#879,#880,#881);
#879 = CARTESIAN_POINT('',(2.55,120.,110.));
#880 = DIRECTION('',(1.,0.,0.));
#881 = DIRECTION('',(-0.,0.,1.));
#882 = PCURVE('',#422,#883);
#883 = DEFINITIONAL_REPRESENTATION('',(#884),#888);
#884 = LINE('',#885,#886);
#885 = CARTESIAN_POINT('',(-0.,-2.6));
#886 = VECTOR('',#887,1.);
#887 = DIRECTION('',(-1.,-0.));
#888 = ( GEOMETRIC_REPRESENTATION_CONTEXT(2) 
PARAMETRIC_REPRESENTATION_CONTEXT() REPRESENTATION_CONTEXT('2D SPACE',''
  ) );
#889 = PCURVE('',#626,#890);
#890 = DEFINITIONAL_REPRESENTATION('',(#891),#895);
#891 = LINE('',#892,#893);
#892 = CARTESIAN_POINT('',(-1.570796326795,-2.6));
#893 = VECTOR('',#894,1.);
#894 = DIRECTION('',(-1.,0.));
#895 = ( GEOMETRIC_REPRESENTATION_CONTEXT(2) 
PARAMETRIC_REPRESENTATION_CONTEXT() REPRESENTATION_CONTEXT('2D SPACE',''
  ) );
#896 = ORIENTED_EDGE('',*,*,#828,.F.);
#897 = ADVANCED_FACE('',(#898),#457,.F.);
#898 = FACE_BOUND('',#899,.F.);
#899 = EDGE_LOOP('',(#900,#901,#924,#948,#970));
#900 = ORIENTED_EDGE('',*,*,#436,.T.);
#901 = ORIENTED_EDGE('',*,*,#902,.T.);
#902 = EDGE_CURVE('',#437,#903,#905,.T.);
#903 = VERTEX_POINT('',#904);
#904 = CARTESIAN_POINT('',(2.55,120.,261.25));
#905 = SEAM_CURVE('',#906,(#910,#917),.PCURVE_S1.);
#906 = LINE('',#907,#908);
#907 = CARTESIAN_POINT('',(-5.000000000001E-02,120.,263.85));
#908 = VECTOR('',#909,1.);
#909 = DIRECTION('',(0.707106781187,-1.731912112471E-16,-0.707106781187)
  );
#910 = PCURVE('',#457,#911);
#911 = DEFINITIONAL_REPRESENTATION('',(#912),#916);
#912 = LINE('',#913,#914);
#913 = CARTESIAN_POINT('',(0.,-0.));
#914 = VECTOR('',#915,1.);
#915 = DIRECTION('',(-0.,-1.));
#916 = ( GEOMETRIC_REPRESENTATION_CONTEXT(2) 
PARAMETRIC_REPRESENTATION_CONTEXT() REPRESENTATION_CONTEXT('2D SPACE',''
  ) );
#917 = PCURVE('',#457,#918);
#918 = DEFINITIONAL_REPRESENTATION('',(#919),#923);
#919 = LINE('',#920,#921);
#920 = CARTESIAN_POINT('',(-6.28318530718,0.));
#921 = VECTOR('',#922,1.);
#922 = DIRECTION('',(-0.,-1.));
#923 = ( GEOMETRIC_REPRESENTATION_CONTEXT(2) 
PARAMETRIC_REPRESENTATION_CONTEXT() REPRESENTATION_CONTEXT('2D SPACE',''
  ) );
#924 = ORIENTED_EDGE('',*,*,#925,.F.);
#925 = EDGE_CURVE('',#926,#903,#928,.T.);
#926 = VERTEX_POINT('',#927);
#927 = CARTESIAN_POINT('',(2.55,121.25,260.));
#928 = SURFACE_CURVE('',#929,(#934,#941),.PCURVE_S1.);
#929 = CIRCLE('',#930,1.25);
#930 = AXIS2_PLACEMENT_3D('',#931,#932,#933);
#931 = CARTESIAN_POINT('',(2.55,120.,260.));
#932 = DIRECTION('',(1.,0.,0.));
#933 = DIRECTION('',(-0.,0.,1.));
#934 = PCURVE('',#457,#935);
#935 = DEFINITIONAL_REPRESENTATION('',(#936),#940);
#936 = LINE('',#937,#938);
#937 = CARTESIAN_POINT('',(-0.,-2.6));
#938 = VECTOR('',#939,1.);
#939 = DIRECTION('',(-1.,-0.));
#940 = ( GEOMETRIC_REPRESENTATION_CONTEXT(2) 
PARAMETRIC_REPRESENTATION_CONTEXT() REPRESENTATION_CONTEXT('2D SPACE',''
  ) );
#941 = PCURVE('',#657,#942);
#942 = DEFINITIONAL_REPRESENTATION('',(#943),#947);
#943 = LINE('',#944,#945);
#944 = CARTESIAN_POINT('',(4.712388980385,-2.6));
#945 = VECTOR('',#946,1.);
#946 = DIRECTION('',(-1.,0.));
#947 = ( GEOMETRIC_REPRESENTATION_CONTEXT(2) 
PARAMETRIC_REPRESENTATION_CONTEXT() REPRESENTATION_CONTEXT('2D SPACE',''
  ) );
#948 = ORIENTED_EDGE('',*,*,#949,.F.);
#949 = EDGE_CURVE('',#903,#926,#950,.T.);
#950 = SURFACE_CURVE('',#951,(#956,#963),.PCURVE_S1.);
#951 = CIRCLE('',#952,1.25);
#952 = AXIS2_PLACEMENT_3D('',#953,#954,#955);
#953 = CARTESIAN_POINT('',(2.55,120.,260.));
#954 = DIRECTION('',(1.,0.,0.));
#955 = DIRECTION('',(-0.,0.,1.));
#956 = PCURVE('',#457,#957);
#957 = DEFINITIONAL_REPRESENTATION('',(#958),#962);
#958 = LINE('',#959,#960);
#959 = CARTESIAN_POINT('',(-0.,-2.6));
#960 = VECTOR('',#961,1.);
#961 = DIRECTION('',(-1.,-0.));
#962 = ( GEOMETRIC_REPRESENTATION_CONTEXT(2) 
PARAMETRIC_REPRESENTATION_CONTEXT() REPRESENTATION_CONTEXT('2D SPACE',''
  ) );
#963 = PCURVE('',#657,#964);
#964 = DEFINITIONAL_REPRESENTATION('',(#965),#969);
#965 = LINE('',#966,#967);
#966 = CARTESIAN_POINT('',(-1.570796326795,-2.6));
#967 = VECTOR('',#968,1.);
#968 = DIRECTION('',(-1.,0.));
#969 = ( GEOMETRIC_REPRESENTATION_CONTEXT(2) 
PARAMETRIC_REPRESENTATION_CONTEXT() REPRESENTATION_CONTEXT('2D SPACE',''
  ) );
#970 = ORIENTED_EDGE('',*,*,#902,.F.);
#971 = ADVANCED_FACE('',(#972),#564,.F.);
#972 = FACE_BOUND('',#973,.T.);
#973 = EDGE_LOOP('',(#974,#995,#996,#997,#998));
#974 = ORIENTED_EDGE('',*,*,#975,.F.);
#975 = EDGE_CURVE('',#704,#548,#976,.T.);
#976 = SEAM_CURVE('',#977,(#981,#988),.PCURVE_S1.);
#977 = LINE('',#978,#979);
#978 = CARTESIAN_POINT('',(-5.E-02,26.25,110.));
#979 = VECTOR('',#980,1.);
#980 = DIRECTION('',(1.,0.,0.));
#981 = PCURVE('',#564,#982);
#982 = DEFINITIONAL_REPRESENTATION('',(#983),#987);
#983 = LINE('',#984,#985);
#984 = CARTESIAN_POINT('',(-6.28318530718,0.));
#985 = VECTOR('',#986,1.);
#986 = DIRECTION('',(-0.,-1.));
#987 = ( GEOMETRIC_REPRESENTATION_CONTEXT(2) 
PARAMETRIC_REPRESENTATION_CONTEXT() REPRESENTATION_CONTEXT('2D SPACE',''
  ) );
#988 = PCURVE('',#564,#989);
#989 = DEFINITIONAL_REPRESENTATION('',(#990),#994);
#990 = LINE('',#991,#992);
#991 = CARTESIAN_POINT('',(-0.,0.));
#992 = VECTOR('',#993,1.);
#993 = DIRECTION('',(-0.,-1.));
#994 = ( GEOMETRIC_REPRESENTATION_CONTEXT(2) 
PARAMETRIC_REPRESENTATION_CONTEXT() REPRESENTATION_CONTEXT('2D SPACE',''
  ) );
#995 = ORIENTED_EDGE('',*,*,#727,.F.);
#996 = ORIENTED_EDGE('',*,*,#703,.F.);
#997 = ORIENTED_EDGE('',*,*,#975,.T.);
#998 = ORIENTED_EDGE('',*,*,#547,.F.);
#999 = ADVANCED_FACE('',(#1000),#595,.F.);
#1000 = FACE_BOUND('',#1001,.T.);
#1001 = EDGE_LOOP('',(#1002,#1023,#1024,#1025,#1026));
#1002 = ORIENTED_EDGE('',*,*,#1003,.F.);
#1003 = EDGE_CURVE('',#778,#579,#1004,.T.);
#1004 = SEAM_CURVE('',#1005,(#1009,#1016),.PCURVE_S1.);
#1005 = LINE('',#1006,#1007);
#1006 = CARTESIAN_POINT('',(-5.E-02,26.25,260.));
#1007 = VECTOR('',#1008,1.);
#1008 = DIRECTION('',(1.,0.,0.));
#1009 = PCURVE('',#595,#1010);
#1010 = DEFINITIONAL_REPRESENTATION('',(#1011),#1015);
#1011 = LINE('',#1012,#1013);
#1012 = CARTESIAN_POINT('',(-6.28318530718,0.));
#1013 = VECTOR('',#1014,1.);
#1014 = DIRECTION('',(-0.,-1.));
#1015 = ( GEOMETRIC_REPRESENTATION_CONTEXT(2) 
PARAMETRIC_REPRESENTATION_CONTEXT() REPRESENTATION_CONTEXT('2D SPACE',''
  ) );
#1016 = PCURVE('',#595,#1017);
#1017 = DEFINITIONAL_REPRESENTATION('',(#1018),#1022);
#1018 = LINE('',#1019,#1020);
#1019 = CARTESIAN_POINT('',(-0.,0.));
#1020 = VECTOR('',#1021,1.);
#1021 = DIRECTION('',(-0.,-1.));
#1022 = ( GEOMETRIC_REPRESENTATION_CONTEXT(2) 
PARAMETRIC_REPRESENTATION_CONTEXT() REPRESENTATION_CONTEXT('2D SPACE',''
  ) );
#1023 = ORIENTED_EDGE('',*,*,#801,.F.);
#1024 = ORIENTED_EDGE('',*,*,#777,.F.);
#1025 = ORIENTED_EDGE('',*,*,#1003,.T.);
#1026 = ORIENTED_EDGE('',*,*,#578,.F.);
#1027 = ADVANCED_FACE('',(#1028),#626,.F.);
#1028 = FACE_BOUND('',#1029,.T.);
#1029 = EDGE_LOOP('',(#1030,#1051,#1052,#1053,#1054));
#1030 = ORIENTED_EDGE('',*,*,#1031,.F.);
#1031 = EDGE_CURVE('',#852,#610,#1032,.T.);
#1032 = SEAM_CURVE('',#1033,(#1037,#1044),.PCURVE_S1.);
#1033 = LINE('',#1034,#1035);
#1034 = CARTESIAN_POINT('',(-5.E-02,121.25,110.));
#1035 = VECTOR('',#1036,1.);
#1036 = DIRECTION('',(1.,0.,0.));
#1037 = PCURVE('',#626,#1038);
#1038 = DEFINITIONAL_REPRESENTATION('',(#1039),#1043);
#1039 = LINE('',#1040,#1041);
#1040 = CARTESIAN_POINT('',(-6.28318530718,0.));
#1041 = VECTOR('',#1042,1.);
#1042 = DIRECTION('',(-0.,-1.));
#1043 = ( GEOMETRIC_REPRESENTATION_CONTEXT(2) 
PARAMETRIC_REPRESENTATION_CONTEXT() REPRESENTATION_CONTEXT('2D SPACE',''
  ) );
#1044 = PCURVE('',#626,#1045);
#1045 = DEFINITIONAL_REPRESENTATION('',(#1046),#1050);
#1046 = LINE('',#1047,#1048);
#1047 = CARTESIAN_POINT('',(-0.,0.));
#1048 = VECTOR('',#1049,1.);
#1049 = DIRECTION('',(-0.,-1.));
#1050 = ( GEOMETRIC_REPRESENTATION_CONTEXT(2) 
PARAMETRIC_REPRESENTATION_CONTEXT() REPRESENTATION_CONTEXT('2D SPACE',''
  ) );
#1051 = ORIENTED_EDGE('',*,*,#875,.F.);
#1052 = ORIENTED_EDGE('',*,*,#851,.F.);
#1053 = ORIENTED_EDGE('',*,*,#1031,.T.);
#1054 = ORIENTED_EDGE('',*,*,#609,.F.);
#1055 = ADVANCED_FACE('',(#1056),#657,.F.);
#1056 = FACE_BOUND('',#1057,.T.);
#1057 = EDGE_LOOP('',(#1058,#1079,#1080,#1081,#1082));
#1058 = ORIENTED_EDGE('',*,*,#1059,.F.);
#1059 = EDGE_CURVE('',#926,#641,#1060,.T.);
#1060 = SEAM_CURVE('',#1061,(#1065,#1072),.PCURVE_S1.);
#1061 = LINE('',#1062,#1063);
#1062 = CARTESIAN_POINT('',(-5.E-02,121.25,260.));
#1063 = VECTOR('',#1064,1.);
#1064 = DIRECTION('',(1.,0.,0.));
#1065 = PCURVE('',#657,#1066);
#1066 = DEFINITIONAL_REPRESENTATION('',(#1067),#1071);
#1067 = LINE('',#1068,#1069);
#1068 = CARTESIAN_POINT('',(-6.28318530718,0.));
#1069 = VECTOR('',#1070,1.);
#1070 = DIRECTION('',(-0.,-1.));
#1071 = ( GEOMETRIC_REPRESENTATION_CONTEXT(2) 
PARAMETRIC_REPRESENTATION_CONTEXT() REPRESENTATION_CONTEXT('2D SPACE',''
  ) );
#1072 = PCURVE('',#657,#1073);
#1073 = DEFINITIONAL_REPRESENTATION('',(#1074),#1078);
#1074 = LINE('',#1075,#1076);
#1075 = CARTESIAN_POINT('',(-0.,0.));
#1076 = VECTOR('',#1077,1.);
#1077 = DIRECTION('',(-0.,-1.));
#1078 = ( GEOMETRIC_REPRESENTATION_CONTEXT(2) 
PARAMETRIC_REPRESENTATION_CONTEXT() REPRESENTATION_CONTEXT('2D SPACE',''
  ) );
#1079 = ORIENTED_EDGE('',*,*,#949,.F.);
#1080 = ORIENTED_EDGE('',*,*,#925,.F.);
#1081 = ORIENTED_EDGE('',*,*,#1059,.T.);
#1082 = ORIENTED_EDGE('',*,*,#640,.F.);
#1083 = ( GEOMETRIC_REPRESENTATION_CONTEXT(3) 
GLOBAL_UNCERTAINTY_ASSIGNED_CONTEXT((#1087)) 
GLOBAL_UNIT_ASSIGNED_CONTEXT((#1084,#1085,#1086)) REPRESENTATION_CONTEXT
('Context #1','3D Context with UNIT and UNCERTAINTY') );
#1084 = ( LENGTH_UNIT() NAMED_UNIT(*) SI_UNIT(.MILLI.,.METRE.) );
#1085 = ( NAMED_UNIT(*) PLANE_ANGLE_UNIT() SI_UNIT($,.RADIAN.) );
#1086 = ( NAMED_UNIT(*) SI_UNIT($,.STERADIAN.) SOLID_ANGLE_UNIT() );
#1087 = UNCERTAINTY_MEASURE_WITH_UNIT(LENGTH_MEASURE(1.E-07),#1084,
  'distance_accuracy_value','confusion accuracy');
#1088 = CONTEXT_DEPENDENT_SHAPE_REPRESENTATION(#1089,#1091);
#1089 = ( REPRESENTATION_RELATIONSHIP('','',#80,#10) 
REPRESENTATION_RELATIONSHIP_WITH_TRANSFORMATION(#1090) 
SHAPE_REPRESENTATION_RELATIONSHIP() );
#1090 = ITEM_DEFINED_TRANSFORMATION('','',#11,#15);
#1091 = PRODUCT_DEFINITION_SHAPE('Placement','Placement of an item',
  #1092);
#1092 = NEXT_ASSEMBLY_USAGE_OCCURRENCE('13','panel_1','',#5,#75,$);
#1093 = PRODUCT_RELATED_PRODUCT_CATEGORY('part',$,(#77));
#1094 = SHAPE_DEFINITION_REPRESENTATION(#1095,#1101);
#1095 = PRODUCT_DEFINITION_SHAPE('','',#1096);
#1096 = PRODUCT_DEFINITION('design','',#1097,#1100);
#1097 = PRODUCT_DEFINITION_FORMATION('','',#1098);
#1098 = PRODUCT('panel_2','panel_2','',(#1099));
#1099 = PRODUCT_CONTEXT('',#2,'mechanical');
#1100 = PRODUCT_DEFINITION_CONTEXT('part definition',#2,'design');
#1101 = ADVANCED_BREP_SHAPE_REPRESENTATION('',(#11,#1102),#2272);
#1102 = MANIFOLD_SOLID_BREP('',#1103);
#1103 = CLOSED_SHELL('',(#1104,#1224,#1300,#1524,#1573,#1755,#1762,#1836
    ,#1910,#1984,#2058,#2132,#2160,#2188,#2216,#2244));
#1104 = ADVANCED_FACE('',(#1105),#1119,.F.);
#1105 = FACE_BOUND('',#1106,.F.);
#1106 = EDGE_LOOP('',(#1107,#1142,#1170,#1198));
#1107 = ORIENTED_EDGE('',*,*,#1108,.F.);
#1108 = EDGE_CURVE('',#1109,#1111,#1113,.T.);
#1109 = VERTEX_POINT('',#1110);
#1110 = CARTESIAN_POINT('',(20.,145.,0.));
#1111 = VERTEX_POINT('',#1112);
#1112 = CARTESIAN_POINT('',(0.,145.,0.));
#1113 = SURFACE_CURVE('',#1114,(#1118,#1130),.PCURVE_S1.);
#1114 = LINE('',#1115,#1116);
#1115 = CARTESIAN_POINT('',(20.,145.,0.));
#1116 = VECTOR('',#1117,1.);
#1117 = DIRECTION('',(-1.,0.,0.));
#1118 = PCURVE('',#1119,#1124);
#1119 = PLANE('',#1120);
#1120 = AXIS2_PLACEMENT_3D('',#1121,#1122,#1123);
#1121 = CARTESIAN_POINT('',(20.,145.,0.));
#1122 = DIRECTION('',(0.,0.,1.));
#1123 = DIRECTION('',(-1.,0.,0.));
#1124 = DEFINITIONAL_REPRESENTATION('',(#1125),#1129);
#1125 = LINE('',#1126,#1127);
#1126 = CARTESIAN_POINT('',(0.,0.));
#1127 = VECTOR('',#1128,1.);
#1128 = DIRECTION('',(1.,0.));
#1129 = ( GEOMETRIC_REPRESENTATION_CONTEXT(2) 
PARAMETRIC_REPRESENTATION_CONTEXT() REPRESENTATION_CONTEXT('2D SPACE',''
  ) );
#1130 = PCURVE('',#1131,#1136);
#1131 = PLANE('',#1132);
#1132 = AXIS2_PLACEMENT_3D('',#1133,#1134,#1135);
#1133 = CARTESIAN_POINT('',(20.,145.,0.));
#1134 = DIRECTION('',(0.,1.,0.));
#1135 = DIRECTION('',(-1.,0.,0.));
#1136 = DEFINITIONAL_REPRESENTATION('',(#1137),#1141);
#1137 = LINE('',#1138,#1139);
#1138 = CARTESIAN_POINT('',(0.,0.));
#1139 = VECTOR('',#1140,1.);
#1140 = DIRECTION('',(1.,0.));
#1141 = ( GEOMETRIC_REPRESENTATION_CONTEXT(2) 
PARAMETRIC_REPRESENTATION_CONTEXT() REPRESENTATION_CONTEXT('2D SPACE',''
  ) );
#1142 = ORIENTED_EDGE('',*,*,#1143,.T.);
#1143 = EDGE_CURVE('',#1109,#1144,#1146,.T.);
#1144 = VERTEX_POINT('',#1145);
#1145 = CARTESIAN_POINT('',(20.,290.,0.));
#1146 = SURFACE_CURVE('',#1147,(#1151,#1158),.PCURVE_S1.);
#1147 = LINE('',#1148,#1149);
#1148 = CARTESIAN_POINT('',(20.,145.,0.));
#1149 = VECTOR('',#1150,1.);
#1150 = DIRECTION('',(0.,1.,0.));
#1151 = PCURVE('',#1119,#1152);
#1152 = DEFINITIONAL_REPRESENTATION('',(#1153),#1157);
#1153 = LINE('',#1154,#1155);
#1154 = CARTESIAN_POINT('',(0.,0.));
#1155 = VECTOR('',#1156,1.);
#1156 = DIRECTION('',(0.,-1.));
#1157 = ( GEOMETRIC_REPRESENTATION_CONTEXT(2) 
PARAMETRIC_REPRESENTATION_CONTEXT() REPRESENTATION_CONTEXT('2D SPACE',''
  ) );
#1158 = PCURVE('',#1159,#1164);
#1159 = PLANE('',#1160);
#1160 = AXIS2_PLACEMENT_3D('',#1161,#1162,#1163);
#1161 = CARTESIAN_POINT('',(20.,145.,0.));
#1162 = DIRECTION('',(-1.,0.,0.));
#1163 = DIRECTION('',(0.,0.,1.));
#1164 = DEFINITIONAL_REPRESENTATION('',(#1165),#1169);
#1165 = LINE('',#1166,#1167);
#1166 = CARTESIAN_POINT('',(0.,0.));
#1167 = VECTOR('',#1168,1.);
#1168 = DIRECTION('',(0.,1.));
#1169 = ( GEOMETRIC_REPRESENTATION_CONTEXT(2) 
PARAMETRIC_REPRESENTATION_CONTEXT() REPRESENTATION_CONTEXT('2D SPACE',''
  ) );
#1170 = ORIENTED_EDGE('',*,*,#1171,.T.);
#1171 = EDGE_CURVE('',#1144,#1172,#1174,.T.);
#1172 = VERTEX_POINT('',#1173);
#1173 = CARTESIAN_POINT('',(0.,290.,0.));
#1174 = SURFACE_CURVE('',#1175,(#1179,#1186),.PCURVE_S1.);
#1175 = LINE('',#1176,#1177);
#1176 = CARTESIAN_POINT('',(20.,290.,0.));
#1177 = VECTOR('',#1178,1.);
#1178 = DIRECTION('',(-1.,0.,0.));
#1179 = PCURVE('',#1119,#1180);
#1180 = DEFINITIONAL_REPRESENTATION('',(#1181),#1185);
#1181 = LINE('',#1182,#1183);
#1182 = CARTESIAN_POINT('',(0.,-145.));
#1183 = VECTOR('',#1184,1.);
#1184 = DIRECTION('',(1.,0.));
#1185 = ( GEOMETRIC_REPRESENTATION_CONTEXT(2) 
PARAMETRIC_REPRESENTATION_CONTEXT() REPRESENTATION_CONTEXT('2D SPACE',''
  ) );
#1186 = PCURVE('',#1187,#1192);
#1187 = PLANE('',#1188);
#1188 = AXIS2_PLACEMENT_3D('',#1189,#1190,#1191);
#1189 = CARTESIAN_POINT('',(20.,290.,0.));
#1190 = DIRECTION('',(0.,1.,0.));
#1191 = DIRECTION('',(-1.,0.,0.));
#1192 = DEFINITIONAL_REPRESENTATION('',(#1193),#1197);
#1193 = LINE('',#1194,#1195);
#1194 = CARTESIAN_POINT('',(0.,0.));
#1195 = VECTOR('',#1196,1.);
#1196 = DIRECTION('',(1.,0.));
#1197 = ( GEOMETRIC_REPRESENTATION_CONTEXT(2) 
PARAMETRIC_REPRESENTATION_CONTEXT() REPRESENTATION_CONTEXT('2D SPACE',''
  ) );
#1198 = ORIENTED_EDGE('',*,*,#1199,.F.);
#1199 = EDGE_CURVE('',#1111,#1172,#1200,.T.);
#1200 = SURFACE_CURVE('',#1201,(#1205,#1212),.PCURVE_S1.);
#1201 = LINE('',#1202,#1203);
#1202 = CARTESIAN_POINT('',(0.,145.,0.));
#1203 = VECTOR('',#1204,1.);
#1204 = DIRECTION('',(0.,1.,0.));
#1205 = PCURVE('',#1119,#1206);
#1206 = DEFINITIONAL_REPRESENTATION('',(#1207),#1211);
#1207 = LINE('',#1208,#1209);
#1208 = CARTESIAN_POINT('',(20.,0.));
#1209 = VECTOR('',#1210,1.);
#1210 = DIRECTION('',(0.,-1.));
#1211 = ( GEOMETRIC_REPRESENTATION_CONTEXT(2) 
PARAMETRIC_REPRESENTATION_CONTEXT() REPRESENTATION_CONTEXT('2D SPACE',''
  ) );
#1212 = PCURVE('',#1213,#1218);
#1213 = PLANE('',#1214);
#1214 = AXIS2_PLACEMENT_3D('',#1215,#1216,#1217);
#1215 = CARTESIAN_POINT('',(0.,145.,0.));
#1216 = DIRECTION('',(-1.,0.,0.));
#1217 = DIRECTION('',(0.,0.,1.));
#1218 = DEFINITIONAL_REPRESENTATION('',(#1219),#1223);
#1219 = LINE('',#1220,#1221);
#1220 = CARTESIAN_POINT('',(0.,0.));
#1221 = VECTOR('',#1222,1.);
#1222 = DIRECTION('',(0.,1.));
#1223 = ( GEOMETRIC_REPRESENTATION_CONTEXT(2) 
PARAMETRIC_REPRESENTATION_CONTEXT() REPRESENTATION_CONTEXT('2D SPACE',''
  ) );
#1224 = ADVANCED_FACE('',(#1225),#1131,.F.);
#1225 = FACE_BOUND('',#1226,.F.);
#1226 = EDGE_LOOP('',(#1227,#1250,#1251,#1274));
#1227 = ORIENTED_EDGE('',*,*,#1228,.F.);
#1228 = EDGE_CURVE('',#1109,#1229,#1231,.T.);
#1229 = VERTEX_POINT('',#1230);
#1230 = CARTESIAN_POINT('',(20.,145.,450.));
#1231 = SURFACE_CURVE('',#1232,(#1236,#1243),.PCURVE_S1.);
#1232 = LINE('',#1233,#1234);
#1233 = CARTESIAN_POINT('',(20.,145.,0.));
#1234 = VECTOR('',#1235,1.);
#1235 = DIRECTION('',(0.,0.,1.));
#1236 = PCURVE('',#1131,#1237);
#1237 = DEFINITIONAL_REPRESENTATION('',(#1238),#1242);
#1238 = LINE('',#1239,#1240);
#1239 = CARTESIAN_POINT('',(0.,0.));
#1240 = VECTOR('',#1241,1.);
#1241 = DIRECTION('',(0.,1.));
#1242 = ( GEOMETRIC_REPRESENTATION_CONTEXT(2) 
PARAMETRIC_REPRESENTATION_CONTEXT() REPRESENTATION_CONTEXT('2D SPACE',''
  ) );
#1243 = PCURVE('',#1159,#1244);
#1244 = DEFINITIONAL_REPRESENTATION('',(#1245),#1249);
#1245 = LINE('',#1246,#1247);
#1246 = CARTESIAN_POINT('',(0.,0.));
#1247 = VECTOR('',#1248,1.);
#1248 = DIRECTION('',(1.,0.));
#1249 = ( GEOMETRIC_REPRESENTATION_CONTEXT(2) 
PARAMETRIC_REPRESENTATION_CONTEXT() REPRESENTATION_CONTEXT('2D SPACE',''
  ) );
#1250 = ORIENTED_EDGE('',*,*,#1108,.T.);
#1251 = ORIENTED_EDGE('',*,*,#1252,.T.);
#1252 = EDGE_CURVE('',#1111,#1253,#1255,.T.);
#1253 = VERTEX_POINT('',#1254);
#1254 = CARTESIAN_POINT('',(0.,145.,450.));
#1255 = SURFACE_CURVE('',#1256,(#1260,#1267),.PCURVE_S1.);
#1256 = LINE('',#1257,#1258);
#1257 = CARTESIAN_POINT('',(0.,145.,0.));
#1258 = VECTOR('',#1259,1.);
#1259 = DIRECTION('',(0.,0.,1.));
#1260 = PCURVE('',#1131,#1261);
#1261 = DEFINITIONAL_REPRESENTATION('',(#1262),#1266);
#1262 = LINE('',#1263,#1264);
#1263 = CARTESIAN_POINT('',(20.,0.));
#1264 = VECTOR('',#1265,1.);
#1265 = DIRECTION('',(0.,1.));
#1266 = ( GEOMETRIC_REPRESENTATION_CONTEXT(2) 
PARAMETRIC_REPRESENTATION_CONTEXT() REPRESENTATION_CONTEXT('2D SPACE',''
  ) );
#1267 = PCURVE('',#1213,#1268);
#1268 = DEFINITIONAL_REPRESENTATION('',(#1269),#1273);
#1269 = LINE('',#1270,#1271);
#1270 = CARTESIAN_POINT('',(0.,0.));
#1271 = VECTOR('',#1272,1.);
#1272 = DIRECTION('',(1.,0.));
#1273 = ( GEOMETRIC_REPRESENTATION_CONTEXT(2) 
PARAMETRIC_REPRESENTATION_CONTEXT() REPRESENTATION_CONTEXT('2D SPACE',''
  ) );
#1274 = ORIENTED_EDGE('',*,*,#1275,.F.);
#1275 = EDGE_CURVE('',#1229,#1253,#1276,.T.);
#1276 = SURFACE_CURVE('',#1277,(#1281,#1288),.PCURVE_S1.);
#1277 = LINE('',#1278,#1279);
#1278 = CARTESIAN_POINT('',(20.,145.,450.));
#1279 = VECTOR('',#1280,1.);
#1280 = DIRECTION('',(-1.,0.,0.));
#1281 = PCURVE('',#1131,#1282);
#1282 = DEFINITIONAL_REPRESENTATION('',(#1283),#1287);
#1283 = LINE('',#1284,#1285);
#1284 = CARTESIAN_POINT('',(0.,450.));
#1285 = VECTOR('',#1286,1.);
#1286 = DIRECTION('',(1.,0.));
#1287 = ( GEOMETRIC_REPRESENTATION_CONTEXT(2) 
PARAMETRIC_REPRESENTATION_CONTEXT() REPRESENTATION_CONTEXT('2D SPACE',''
  ) );
#1288 = PCURVE('',#1289,#1294);
#1289 = PLANE('',#1290);
#1290 = AXIS2_PLACEMENT_3D('',#1291,#1292,#1293);
#1291 = CARTESIAN_POINT('',(20.,145.,450.));
#1292 = DIRECTION('',(0.,0.,1.));
#1293 = DIRECTION('',(-1.,0.,0.));
#1294 = DEFINITIONAL_REPRESENTATION('',(#1295),#1299);
#1295 = LINE('',#1296,#1297);
#1296 = CARTESIAN_POINT('',(0.,0.));
#1297 = VECTOR('',#1298,1.);
#1298 = DIRECTION('',(1.,0.));
#1299 = ( GEOMETRIC_REPRESENTATION_CONTEXT(2) 
PARAMETRIC_REPRESENTATION_CONTEXT() REPRESENTATION_CONTEXT('2D SPACE',''
  ) );
#1300 = ADVANCED_FACE('',(#1301,#1349,#1384,#1419,#1454,#1489),#1213,.T.
  );
#1301 = FACE_BOUND('',#1302,.T.);
#1302 = EDGE_LOOP('',(#1303,#1304,#1305,#1328));
#1303 = ORIENTED_EDGE('',*,*,#1199,.F.);
#1304 = ORIENTED_EDGE('',*,*,#1252,.T.);
#1305 = ORIENTED_EDGE('',*,*,#1306,.T.);
#1306 = EDGE_CURVE('',#1253,#1307,#1309,.T.);
#1307 = VERTEX_POINT('',#1308);
#1308 = CARTESIAN_POINT('',(0.,290.,450.));
#1309 = SURFACE_CURVE('',#1310,(#1314,#1321),.PCURVE_S1.);
#1310 = LINE('',#1311,#1312);
#1311 = CARTESIAN_POINT('',(0.,145.,450.));
#1312 = VECTOR('',#1313,1.);
#1313 = DIRECTION('',(0.,1.,0.));
#1314 = PCURVE('',#1213,#1315);
#1315 = DEFINITIONAL_REPRESENTATION('',(#1316),#1320);
#1316 = LINE('',#1317,#1318);
#1317 = CARTESIAN_POINT('',(450.,0.));
#1318 = VECTOR('',#1319,1.);
#1319 = DIRECTION('',(0.,1.));
#1320 = ( GEOMETRIC_REPRESENTATION_CONTEXT(2) 
PARAMETRIC_REPRESENTATION_CONTEXT() REPRESENTATION_CONTEXT('2D SPACE',''
  ) );
#1321 = PCURVE('',#1289,#1322);
#1322 = DEFINITIONAL_REPRESENTATION('',(#1323),#1327);
#1323 = LINE('',#1324,#1325);
#1324 = CARTESIAN_POINT('',(20.,0.));
#1325 = VECTOR('',#1326,1.);
#1326 = DIRECTION('',(0.,-1.));
#1327 = ( GEOMETRIC_REPRESENTATION_CONTEXT(2) 
PARAMETRIC_REPRESENTATION_CONTEXT() REPRESENTATION_CONTEXT('2D SPACE',''
  ) );
#1328 = ORIENTED_EDGE('',*,*,#1329,.F.);
#1329 = EDGE_CURVE('',#1172,#1307,#1330,.T.);
#1330 = SURFACE_CURVE('',#1331,(#1335,#1342),.PCURVE_S1.);
#1331 = LINE('',#1332,#1333);
#1332 = CARTESIAN_POINT('',(0.,290.,0.));
#1333 = VECTOR('',#1334,1.);
#1334 = DIRECTION('',(0.,0.,1.));
#1335 = PCURVE('',#1213,#1336);
#1336 = DEFINITIONAL_REPRESENTATION('',(#1337),#1341);
#1337 = LINE('',#1338,#1339);
#1338 = CARTESIAN_POINT('',(0.,145.));
#1339 = VECTOR('',#1340,1.);
#1340 = DIRECTION('',(1.,0.));
#1341 = ( GEOMETRIC_REPRESENTATION_CONTEXT(2) 
PARAMETRIC_REPRESENTATION_CONTEXT() REPRESENTATION_CONTEXT('2D SPACE',''
  ) );
#1342 = PCURVE('',#1187,#1343);
#1343 = DEFINITIONAL_REPRESENTATION('',(#1344),#1348);
#1344 = LINE('',#1345,#1346);
#1345 = CARTESIAN_POINT('',(20.,0.));
#1346 = VECTOR('',#1347,1.);
#1347 = DIRECTION('',(0.,1.));
#1348 = ( GEOMETRIC_REPRESENTATION_CONTEXT(2) 
PARAMETRIC_REPRESENTATION_CONTEXT() REPRESENTATION_CONTEXT('2D SPACE',''
  ) );
#1349 = FACE_BOUND('',#1350,.T.);
#1350 = EDGE_LOOP('',(#1351));
#1351 = ORIENTED_EDGE('',*,*,#1352,.T.);
#1352 = EDGE_CURVE('',#1353,#1353,#1355,.T.);
#1353 = VERTEX_POINT('',#1354);
#1354 = CARTESIAN_POINT('',(0.,170.,113.8));
#1355 = SURFACE_CURVE('',#1356,(#1361,#1372),.PCURVE_S1.);
#1356 = CIRCLE('',#1357,3.8);
#1357 = AXIS2_PLACEMENT_3D('',#1358,#1359,#1360);
#1358 = CARTESIAN_POINT('',(0.,170.,110.));
#1359 = DIRECTION('',(1.,0.,0.));
#1360 = DIRECTION('',(-0.,0.,1.));
#1361 = PCURVE('',#1213,#1362);
#1362 = DEFINITIONAL_REPRESENTATION('',(#1363),#1371);
#1363 = ( BOUNDED_CURVE() B_SPLINE_CURVE(2,(#1364,#1365,#1366,#1367,
#1368,#1369,#1370),.UNSPECIFIED.,.T.,.F.) B_SPLINE_CURVE_WITH_KNOTS((1,2
    ,2,2,2,1),(-2.094395102393,0.,2.094395102393,4.188790204786,
6.28318530718,8.377580409573),.UNSPECIFIED.) CURVE() 
GEOMETRIC_REPRESENTATION_ITEM() RATIONAL_B_SPLINE_CURVE((1.,0.5,1.,0.5,
1.,0.5,1.)) REPRESENTATION_ITEM('') );
#1364 = CARTESIAN_POINT('',(113.8,25.));
#1365 = CARTESIAN_POINT('',(113.8,18.418206931238));
#1366 = CARTESIAN_POINT('',(108.1,21.709103465619));
#1367 = CARTESIAN_POINT('',(102.4,25.));
#1368 = CARTESIAN_POINT('',(108.1,28.290896534381));
#1369 = CARTESIAN_POINT('',(113.8,31.581793068762));
#1370 = CARTESIAN_POINT('',(113.8,25.));
#1371 = ( GEOMETRIC_REPRESENTATION_CONTEXT(2) 
PARAMETRIC_REPRESENTATION_CONTEXT() REPRESENTATION_CONTEXT('2D SPACE',''
  ) );
#1372 = PCURVE('',#1373,#1378);
#1373 = CONICAL_SURFACE('',#1374,3.85,0.785398163397);
#1374 = AXIS2_PLACEMENT_3D('',#1375,#1376,#1377);
#1375 = CARTESIAN_POINT('',(-5.E-02,170.,110.));
#1376 = DIRECTION('',(-1.,-0.,-0.));
#1377 = DIRECTION('',(-0.,0.,1.));
#1378 = DEFINITIONAL_REPRESENTATION('',(#1379),#1383);
#1379 = LINE('',#1380,#1381);
#1380 = CARTESIAN_POINT('',(-0.,-5.E-02));
#1381 = VECTOR('',#1382,1.);
#1382 = DIRECTION('',(-1.,-0.));
#1383 = ( GEOMETRIC_REPRESENTATION_CONTEXT(2) 
PARAMETRIC_REPRESENTATION_CONTEXT() REPRESENTATION_CONTEXT('2D SPACE',''
  ) );
#1384 = FACE_BOUND('',#1385,.T.);
#1385 = EDGE_LOOP('',(#1386));
#1386 = ORIENTED_EDGE('',*,*,#1387,.T.);
#1387 = EDGE_CURVE('',#1388,#1388,#1390,.T.);
#1388 = VERTEX_POINT('',#1389);
#1389 = CARTESIAN_POINT('',(0.,170.,263.8));
#1390 = SURFACE_CURVE('',#1391,(#1396,#1407),.PCURVE_S1.);
#1391 = CIRCLE('',#1392,3.8);
#1392 = AXIS2_PLACEMENT_3D('',#1393,#1394,#1395);
#1393 = CARTESIAN_POINT('',(0.,170.,260.));
#1394 = DIRECTION('',(1.,0.,0.));
#1395 = DIRECTION('',(-0.,0.,1.));
#1396 = PCURVE('',#1213,#1397);
#1397 = DEFINITIONAL_REPRESENTATION('',(#1398),#1406);
#1398 = ( BOUNDED_CURVE() B_SPLINE_CURVE(2,(#1399,#1400,#1401,#1402,
#1403,#1404,#1405),.UNSPECIFIED.,.T.,.F.) B_SPLINE_CURVE_WITH_KNOTS((1,2
    ,2,2,2,1),(-2.094395102393,0.,2.094395102393,4.188790204786,
6.28318530718,8.377580409573),.UNSPECIFIED.) CURVE() 
GEOMETRIC_REPRESENTATION_ITEM() RATIONAL_B_SPLINE_CURVE((1.,0.5,1.,0.5,
1.,0.5,1.)) REPRESENTATION_ITEM('') );
#1399 = CARTESIAN_POINT('',(263.8,25.));
#1400 = CARTESIAN_POINT('',(263.8,18.418206931238));
#1401 = CARTESIAN_POINT('',(258.1,21.709103465619));
#1402 = CARTESIAN_POINT('',(252.4,25.));
#1403 = CARTESIAN_POINT('',(258.1,28.290896534381));
#1404 = CARTESIAN_POINT('',(263.8,31.581793068762));
#1405 = CARTESIAN_POINT('',(263.8,25.));
#1406 = ( GEOMETRIC_REPRESENTATION_CONTEXT(2) 
PARAMETRIC_REPRESENTATION_CONTEXT() REPRESENTATION_CONTEXT('2D SPACE',''
  ) );
#1407 = PCURVE('',#1408,#1413);
#1408 = CONICAL_SURFACE('',#1409,3.85,0.785398163397);
#1409 = AXIS2_PLACEMENT_3D('',#1410,#1411,#1412);
#1410 = CARTESIAN_POINT('',(-5.E-02,170.,260.));
#1411 = DIRECTION('',(-1.,-0.,-0.));
#1412 = DIRECTION('',(-0.,0.,1.));
#1413 = DEFINITIONAL_REPRESENTATION('',(#1414),#1418);
#1414 = LINE('',#1415,#1416);
#1415 = CARTESIAN_POINT('',(-0.,-5.E-02));
#1416 = VECTOR('',#1417,1.);
#1417 = DIRECTION('',(-1.,-0.));
#1418 = ( GEOMETRIC_REPRESENTATION_CONTEXT(2) 
PARAMETRIC_REPRESENTATION_CONTEXT() REPRESENTATION_CONTEXT('2D SPACE',''
  ) );
#1419 = FACE_BOUND('',#1420,.T.);
#1420 = EDGE_LOOP('',(#1421));
#1421 = ORIENTED_EDGE('',*,*,#1422,.T.);
#1422 = EDGE_CURVE('',#1423,#1423,#1425,.T.);
#1423 = VERTEX_POINT('',#1424);
#1424 = CARTESIAN_POINT('',(0.,265.,113.8));
#1425 = SURFACE_CURVE('',#1426,(#1431,#1442),.PCURVE_S1.);
#1426 = CIRCLE('',#1427,3.8);
#1427 = AXIS2_PLACEMENT_3D('',#1428,#1429,#1430);
#1428 = CARTESIAN_POINT('',(0.,265.,110.));
#1429 = DIRECTION('',(1.,0.,0.));
#1430 = DIRECTION('',(-0.,0.,1.));
#1431 = PCURVE('',#1213,#1432);
#1432 = DEFINITIONAL_REPRESENTATION('',(#1433),#1441);
#1433 = ( BOUNDED_CURVE() B_SPLINE_CURVE(2,(#1434,#1435,#1436,#1437,
#1438,#1439,#1440),.UNSPECIFIED.,.T.,.F.) B_SPLINE_CURVE_WITH_KNOTS((1,2
    ,2,2,2,1),(-2.094395102393,0.,2.094395102393,4.188790204786,
6.28318530718,8.377580409573),.UNSPECIFIED.) CURVE() 
GEOMETRIC_REPRESENTATION_ITEM() RATIONAL_B_SPLINE_CURVE((1.,0.5,1.,0.5,
1.,0.5,1.)) REPRESENTATION_ITEM('') );
#1434 = CARTESIAN_POINT('',(113.8,120.));
#1435 = CARTESIAN_POINT('',(113.8,113.41820693123));
#1436 = CARTESIAN_POINT('',(108.1,116.70910346561));
#1437 = CARTESIAN_POINT('',(102.4,120.));
#1438 = CARTESIAN_POINT('',(108.1,123.29089653438));
#1439 = CARTESIAN_POINT('',(113.8,126.58179306876));
#1440 = CARTESIAN_POINT('',(113.8,120.));
#1441 = ( GEOMETRIC_REPRESENTATION_CONTEXT(2) 
PARAMETRIC_REPRESENTATION_CONTEXT() REPRESENTATION_CONTEXT('2D SPACE',''
  ) );
#1442 = PCURVE('',#1443,#1448);
#1443 = CONICAL_SURFACE('',#1444,3.85,0.785398163397);
#1444 = AXIS2_PLACEMENT_3D('',#1445,#1446,#1447);
#1445 = CARTESIAN_POINT('',(-5.E-02,265.,110.));
#1446 = DIRECTION('',(-1.,-0.,-0.));
#1447 = DIRECTION('',(-0.,0.,1.));
#1448 = DEFINITIONAL_REPRESENTATION('',(#1449),#1453);
#1449 = LINE('',#1450,#1451);
#1450 = CARTESIAN_POINT('',(-0.,-5.E-02));
#1451 = VECTOR('',#1452,1.);
#1452 = DIRECTION('',(-1.,-0.));
#1453 = ( GEOMETRIC_REPRESENTATION_CONTEXT(2) 
PARAMETRIC_REPRESENTATION_CONTEXT() REPRESENTATION_CONTEXT('2D SPACE',''
  ) );
#1454 = FACE_BOUND('',#1455,.T.);
#1455 = EDGE_LOOP('',(#1456));
#1456 = ORIENTED_EDGE('',*,*,#1457,.T.);
#1457 = EDGE_CURVE('',#1458,#1458,#1460,.T.);
#1458 = VERTEX_POINT('',#1459);
#1459 = CARTESIAN_POINT('',(0.,270.,204.35));
#1460 = SURFACE_CURVE('',#1461,(#1466,#1477),.PCURVE_S1.);
#1461 = CIRCLE('',#1462,4.35);
#1462 = AXIS2_PLACEMENT_3D('',#1463,#1464,#1465);
#1463 = CARTESIAN_POINT('',(0.,270.,200.));
#1464 = DIRECTION('',(1.,0.,0.));
#1465 = DIRECTION('',(-0.,0.,1.));
#1466 = PCURVE('',#1213,#1467);
#1467 = DEFINITIONAL_REPRESENTATION('',(#1468),#1476);
#1468 = ( BOUNDED_CURVE() B_SPLINE_CURVE(2,(#1469,#1470,#1471,#1472,
#1473,#1474,#1475),.UNSPECIFIED.,.T.,.F.) B_SPLINE_CURVE_WITH_KNOTS((1,2
    ,2,2,2,1),(-2.094395102393,0.,2.094395102393,4.188790204786,
6.28318530718,8.377580409573),.UNSPECIFIED.) CURVE() 
GEOMETRIC_REPRESENTATION_ITEM() RATIONAL_B_SPLINE_CURVE((1.,0.5,1.,0.5,
1.,0.5,1.)) REPRESENTATION_ITEM('') );
#1469 = CARTESIAN_POINT('',(204.35,125.));
#1470 = CARTESIAN_POINT('',(204.35,117.46557898707));
#1471 = CARTESIAN_POINT('',(197.825,121.23278949353));
#1472 = CARTESIAN_POINT('',(191.3,125.));
#1473 = CARTESIAN_POINT('',(197.825,128.76721050646));
#1474 = CARTESIAN_POINT('',(204.35,132.53442101292));
#1475 = CARTESIAN_POINT('',(204.35,125.));
#1476 = ( GEOMETRIC_REPRESENTATION_CONTEXT(2) 
PARAMETRIC_REPRESENTATION_CONTEXT() REPRESENTATION_CONTEXT('2D SPACE',''
  ) );
#1477 = PCURVE('',#1478,#1483);
#1478 = CONICAL_SURFACE('',#1479,4.4,0.785398163397);
#1479 = AXIS2_PLACEMENT_3D('',#1480,#1481,#1482);
#1480 = CARTESIAN_POINT('',(-5.E-02,270.,200.));
#1481 = DIRECTION('',(-1.,-0.,-0.));
#1482 = DIRECTION('',(-0.,0.,1.));
#1483 = DEFINITIONAL_REPRESENTATION('',(#1484),#1488);
#1484 = LINE('',#1485,#1486);
#1485 = CARTESIAN_POINT('',(-0.,-5.E-02));
#1486 = VECTOR('',#1487,1.);
#1487 = DIRECTION('',(-1.,-0.));
#1488 = ( GEOMETRIC_REPRESENTATION_CONTEXT(2) 
PARAMETRIC_REPRESENTATION_CONTEXT() REPRESENTATION_CONTEXT('2D SPACE',''
  ) );
#1489 = FACE_BOUND('',#1490,.T.);
#1490 = EDGE_LOOP('',(#1491));
#1491 = ORIENTED_EDGE('',*,*,#1492,.T.);
#1492 = EDGE_CURVE('',#1493,#1493,#1495,.T.);
#1493 = VERTEX_POINT('',#1494);
#1494 = CARTESIAN_POINT('',(0.,265.,263.8));
#1495 = SURFACE_CURVE('',#1496,(#1501,#1512),.PCURVE_S1.);
#1496 = CIRCLE('',#1497,3.8);
#1497 = AXIS2_PLACEMENT_3D('',#1498,#1499,#1500);
#1498 = CARTESIAN_POINT('',(0.,265.,260.));
#1499 = DIRECTION('',(1.,0.,0.));
#1500 = DIRECTION('',(-0.,0.,1.));
#1501 = PCURVE('',#1213,#1502);
#1502 = DEFINITIONAL_REPRESENTATION('',(#1503),#1511);
#1503 = ( BOUNDED_CURVE() B_SPLINE_CURVE(2,(#1504,#1505,#1506,#1507,
#1508,#1509,#1510),.UNSPECIFIED.,.T.,.F.) B_SPLINE_CURVE_WITH_KNOTS((1,2
    ,2,2,2,1),(-2.094395102393,0.,2.094395102393,4.188790204786,
6.28318530718,8.377580409573),.UNSPECIFIED.) CURVE() 
GEOMETRIC_REPRESENTATION_ITEM() RATIONAL_B_SPLINE_CURVE((1.,0.5,1.,0.5,
1.,0.5,1.)) REPRESENTATION_ITEM('') );
#1504 = CARTESIAN_POINT('',(263.8,120.));
#1505 = CARTESIAN_POINT('',(263.8,113.41820693123));
#1506 = CARTESIAN_POINT('',(258.1,116.70910346561));
#1507 = CARTESIAN_POINT('',(252.4,120.));
#1508 = CARTESIAN_POINT('',(258.1,123.29089653438));
#1509 = CARTESIAN_POINT('',(263.8,126.58179306876));
#1510 = CARTESIAN_POINT('',(263.8,120.));
#1511 = ( GEOMETRIC_REPRESENTATION_CONTEXT(2) 
PARAMETRIC_REPRESENTATION_CONTEXT() REPRESENTATION_CONTEXT('2D SPACE',''
  ) );
#1512 = PCURVE('',#1513,#1518);
#1513 = CONICAL_SURFACE('',#1514,3.85,0.785398163397);
#1514 = AXIS2_PLACEMENT_3D('',#1515,#1516,#1517);
#1515 = CARTESIAN_POINT('',(-5.E-02,265.,260.));
#1516 = DIRECTION('',(-1.,-0.,-0.));
#1517 = DIRECTION('',(-0.,0.,1.));
#1518 = DEFINITIONAL_REPRESENTATION('',(#1519),#1523);
#1519 = LINE('',#1520,#1521);
#1520 = CARTESIAN_POINT('',(-0.,-5.E-02));
#1521 = VECTOR('',#1522,1.);
#1522 = DIRECTION('',(-1.,-0.));
#1523 = ( GEOMETRIC_REPRESENTATION_CONTEXT(2) 
PARAMETRIC_REPRESENTATION_CONTEXT() REPRESENTATION_CONTEXT('2D SPACE',''
  ) );
#1524 = ADVANCED_FACE('',(#1525),#1187,.T.);
#1525 = FACE_BOUND('',#1526,.T.);
#1526 = EDGE_LOOP('',(#1527,#1550,#1551,#1552));
#1527 = ORIENTED_EDGE('',*,*,#1528,.F.);
#1528 = EDGE_CURVE('',#1144,#1529,#1531,.T.);
#1529 = VERTEX_POINT('',#1530);
#1530 = CARTESIAN_POINT('',(20.,290.,450.));
#1531 = SURFACE_CURVE('',#1532,(#1536,#1543),.PCURVE_S1.);
#1532 = LINE('',#1533,#1534);
#1533 = CARTESIAN_POINT('',(20.,290.,0.));
#1534 = VECTOR('',#1535,1.);
#1535 = DIRECTION('',(0.,0.,1.));
#1536 = PCURVE('',#1187,#1537);
#1537 = DEFINITIONAL_REPRESENTATION('',(#1538),#1542);
#1538 = LINE('',#1539,#1540);
#1539 = CARTESIAN_POINT('',(0.,0.));
#1540 = VECTOR('',#1541,1.);
#1541 = DIRECTION('',(0.,1.));
#1542 = ( GEOMETRIC_REPRESENTATION_CONTEXT(2) 
PARAMETRIC_REPRESENTATION_CONTEXT() REPRESENTATION_CONTEXT('2D SPACE',''
  ) );
#1543 = PCURVE('',#1159,#1544);
#1544 = DEFINITIONAL_REPRESENTATION('',(#1545),#1549);
#1545 = LINE('',#1546,#1547);
#1546 = CARTESIAN_POINT('',(0.,145.));
#1547 = VECTOR('',#1548,1.);
#1548 = DIRECTION('',(1.,0.));
#1549 = ( GEOMETRIC_REPRESENTATION_CONTEXT(2) 
PARAMETRIC_REPRESENTATION_CONTEXT() REPRESENTATION_CONTEXT('2D SPACE',''
  ) );
#1550 = ORIENTED_EDGE('',*,*,#1171,.T.);
#1551 = ORIENTED_EDGE('',*,*,#1329,.T.);
#1552 = ORIENTED_EDGE('',*,*,#1553,.F.);
#1553 = EDGE_CURVE('',#1529,#1307,#1554,.T.);
#1554 = SURFACE_CURVE('',#1555,(#1559,#1566),.PCURVE_S1.);
#1555 = LINE('',#1556,#1557);
#1556 = CARTESIAN_POINT('',(20.,290.,450.));
#1557 = VECTOR('',#1558,1.);
#1558 = DIRECTION('',(-1.,0.,0.));
#1559 = PCURVE('',#1187,#1560);
#1560 = DEFINITIONAL_REPRESENTATION('',(#1561),#1565);
#1561 = LINE('',#1562,#1563);
#1562 = CARTESIAN_POINT('',(0.,450.));
#1563 = VECTOR('',#1564,1.);
#1564 = DIRECTION('',(1.,0.));
#1565 = ( GEOMETRIC_REPRESENTATION_CONTEXT(2) 
PARAMETRIC_REPRESENTATION_CONTEXT() REPRESENTATION_CONTEXT('2D SPACE',''
  ) );
#1566 = PCURVE('',#1289,#1567);
#1567 = DEFINITIONAL_REPRESENTATION('',(#1568),#1572);
#1568 = LINE('',#1569,#1570);
#1569 = CARTESIAN_POINT('',(0.,-145.));
#1570 = VECTOR('',#1571,1.);
#1571 = DIRECTION('',(1.,0.));
#1572 = ( GEOMETRIC_REPRESENTATION_CONTEXT(2) 
PARAMETRIC_REPRESENTATION_CONTEXT() REPRESENTATION_CONTEXT('2D SPACE',''
  ) );
#1573 = ADVANCED_FACE('',(#1574,#1600,#1631,#1662,#1693,#1724),#1159,.F.
  );
#1574 = FACE_BOUND('',#1575,.F.);
#1575 = EDGE_LOOP('',(#1576,#1577,#1578,#1599));
#1576 = ORIENTED_EDGE('',*,*,#1143,.F.);
#1577 = ORIENTED_EDGE('',*,*,#1228,.T.);
#1578 = ORIENTED_EDGE('',*,*,#1579,.T.);
#1579 = EDGE_CURVE('',#1229,#1529,#1580,.T.);
#1580 = SURFACE_CURVE('',#1581,(#1585,#1592),.PCURVE_S1.);
#1581 = LINE('',#1582,#1583);
#1582 = CARTESIAN_POINT('',(20.,145.,450.));
#1583 = VECTOR('',#1584,1.);
#1584 = DIRECTION('',(0.,1.,0.));
#1585 = PCURVE('',#1159,#1586);
#1586 = DEFINITIONAL_REPRESENTATION('',(#1587),#1591);
#1587 = LINE('',#1588,#1589);
#1588 = CARTESIAN_POINT('',(450.,0.));
#1589 = VECTOR('',#1590,1.);
#1590 = DIRECTION('',(0.,1.));
#1591 = ( GEOMETRIC_REPRESENTATION_CONTEXT(2) 
PARAMETRIC_REPRESENTATION_CONTEXT() REPRESENTATION_CONTEXT('2D SPACE',''
  ) );
#1592 = PCURVE('',#1289,#1593);
#1593 = DEFINITIONAL_REPRESENTATION('',(#1594),#1598);
#1594 = LINE('',#1595,#1596);
#1595 = CARTESIAN_POINT('',(0.,0.));
#1596 = VECTOR('',#1597,1.);
#1597 = DIRECTION('',(0.,-1.));
#1598 = ( GEOMETRIC_REPRESENTATION_CONTEXT(2) 
PARAMETRIC_REPRESENTATION_CONTEXT() REPRESENTATION_CONTEXT('2D SPACE',''
  ) );
#1599 = ORIENTED_EDGE('',*,*,#1528,.F.);
#1600 = FACE_BOUND('',#1601,.F.);
#1601 = EDGE_LOOP('',(#1602));
#1602 = ORIENTED_EDGE('',*,*,#1603,.F.);
#1603 = EDGE_CURVE('',#1604,#1604,#1606,.T.);
#1604 = VERTEX_POINT('',#1605);
#1605 = CARTESIAN_POINT('',(20.,171.25,110.));
#1606 = SURFACE_CURVE('',#1607,(#1612,#1619),.PCURVE_S1.);
#1607 = CIRCLE('',#1608,1.25);
#1608 = AXIS2_PLACEMENT_3D('',#1609,#1610,#1611);
#1609 = CARTESIAN_POINT('',(20.,170.,110.));
#1610 = DIRECTION('',(-1.,0.,0.));
#1611 = DIRECTION('',(0.,1.,0.));
#1612 = PCURVE('',#1159,#1613);
#1613 = DEFINITIONAL_REPRESENTATION('',(#1614),#1618);
#1614 = CIRCLE('',#1615,1.25);
#1615 = AXIS2_PLACEMENT_2D('',#1616,#1617);
#1616 = CARTESIAN_POINT('',(110.,25.));
#1617 = DIRECTION('',(0.,1.));
#1618 = ( GEOMETRIC_REPRESENTATION_CONTEXT(2) 
PARAMETRIC_REPRESENTATION_CONTEXT() REPRESENTATION_CONTEXT('2D SPACE',''
  ) );
#1619 = PCURVE('',#1620,#1625);
#1620 = CYLINDRICAL_SURFACE('',#1621,1.25);
#1621 = AXIS2_PLACEMENT_3D('',#1622,#1623,#1624);
#1622 = CARTESIAN_POINT('',(-5.E-02,170.,110.));
#1623 = DIRECTION('',(-1.,-0.,-0.));
#1624 = DIRECTION('',(0.,1.,0.));
#1625 = DEFINITIONAL_REPRESENTATION('',(#1626),#1630);
#1626 = LINE('',#1627,#1628);
#1627 = CARTESIAN_POINT('',(-6.28318530718,-20.05));
#1628 = VECTOR('',#1629,1.);
#1629 = DIRECTION('',(1.,-0.));
#1630 = ( GEOMETRIC_REPRESENTATION_CONTEXT(2) 
PARAMETRIC_REPRESENTATION_CONTEXT() REPRESENTATION_CONTEXT('2D SPACE',''
  ) );
#1631 = FACE_BOUND('',#1632,.F.);
#1632 = EDGE_LOOP('',(#1633));
#1633 = ORIENTED_EDGE('',*,*,#1634,.F.);
#1634 = EDGE_CURVE('',#1635,#1635,#1637,.T.);
#1635 = VERTEX_POINT('',#1636);
#1636 = CARTESIAN_POINT('',(20.,171.25,260.));
#1637 = SURFACE_CURVE('',#1638,(#1643,#1650),.PCURVE_S1.);
#1638 = CIRCLE('',#1639,1.25);
#1639 = AXIS2_PLACEMENT_3D('',#1640,#1641,#1642);
#1640 = CARTESIAN_POINT('',(20.,170.,260.));
#1641 = DIRECTION('',(-1.,0.,0.));
#1642 = DIRECTION('',(0.,1.,0.));
#1643 = PCURVE('',#1159,#1644);
#1644 = DEFINITIONAL_REPRESENTATION('',(#1645),#1649);
#1645 = CIRCLE('',#1646,1.25);
#1646 = AXIS2_PLACEMENT_2D('',#1647,#1648);
#1647 = CARTESIAN_POINT('',(260.,25.));
#1648 = DIRECTION('',(0.,1.));
#1649 = ( GEOMETRIC_REPRESENTATION_CONTEXT(2) 
PARAMETRIC_REPRESENTATION_CONTEXT() REPRESENTATION_CONTEXT('2D SPACE',''
  ) );
#1650 = PCURVE('',#1651,#1656);
#1651 = CYLINDRICAL_SURFACE('',#1652,1.25);
#1652 = AXIS2_PLACEMENT_3D('',#1653,#1654,#1655);
#1653 = CARTESIAN_POINT('',(-5.E-02,170.,260.));
#1654 = DIRECTION('',(-1.,-0.,-0.));
#1655 = DIRECTION('',(0.,1.,0.));
#1656 = DEFINITIONAL_REPRESENTATION('',(#1657),#1661);
#1657 = LINE('',#1658,#1659);
#1658 = CARTESIAN_POINT('',(-6.28318530718,-20.05));
#1659 = VECTOR('',#1660,1.);
#1660 = DIRECTION('',(1.,-0.));
#1661 = ( GEOMETRIC_REPRESENTATION_CONTEXT(2) 
PARAMETRIC_REPRESENTATION_CONTEXT() REPRESENTATION_CONTEXT('2D SPACE',''
  ) );
#1662 = FACE_BOUND('',#1663,.F.);
#1663 = EDGE_LOOP('',(#1664));
#1664 = ORIENTED_EDGE('',*,*,#1665,.F.);
#1665 = EDGE_CURVE('',#1666,#1666,#1668,.T.);
#1666 = VERTEX_POINT('',#1667);
#1667 = CARTESIAN_POINT('',(20.,266.25,110.));
#1668 = SURFACE_CURVE('',#1669,(#1674,#1681),.PCURVE_S1.);
#1669 = CIRCLE('',#1670,1.25);
#1670 = AXIS2_PLACEMENT_3D('',#1671,#1672,#1673);
#1671 = CARTESIAN_POINT('',(20.,265.,110.));
#1672 = DIRECTION('',(-1.,0.,0.));
#1673 = DIRECTION('',(0.,1.,0.));
#1674 = PCURVE('',#1159,#1675);
#1675 = DEFINITIONAL_REPRESENTATION('',(#1676),#1680);
#1676 = CIRCLE('',#1677,1.25);
#1677 = AXIS2_PLACEMENT_2D('',#1678,#1679);
#1678 = CARTESIAN_POINT('',(110.,120.));
#1679 = DIRECTION('',(0.,1.));
#1680 = ( GEOMETRIC_REPRESENTATION_CONTEXT(2) 
PARAMETRIC_REPRESENTATION_CONTEXT() REPRESENTATION_CONTEXT('2D SPACE',''
  ) );
#1681 = PCURVE('',#1682,#1687);
#1682 = CYLINDRICAL_SURFACE('',#1683,1.25);
#1683 = AXIS2_PLACEMENT_3D('',#1684,#1685,#1686);
#1684 = CARTESIAN_POINT('',(-5.E-02,265.,110.));
#1685 = DIRECTION('',(-1.,-0.,-0.));
#1686 = DIRECTION('',(0.,1.,0.));
#1687 = DEFINITIONAL_REPRESENTATION('',(#1688),#1692);
#1688 = LINE('',#1689,#1690);
#1689 = CARTESIAN_POINT('',(-6.28318530718,-20.05));
#1690 = VECTOR('',#1691,1.);
#1691 = DIRECTION('',(1.,-0.));
#1692 = ( GEOMETRIC_REPRESENTATION_CONTEXT(2) 
PARAMETRIC_REPRESENTATION_CONTEXT() REPRESENTATION_CONTEXT('2D SPACE',''
  ) );
#1693 = FACE_BOUND('',#1694,.F.);
#1694 = EDGE_LOOP('',(#1695));
#1695 = ORIENTED_EDGE('',*,*,#1696,.F.);
#1696 = EDGE_CURVE('',#1697,#1697,#1699,.T.);
#1697 = VERTEX_POINT('',#1698);
#1698 = CARTESIAN_POINT('',(20.,271.5,200.));
#1699 = SURFACE_CURVE('',#1700,(#1705,#1712),.PCURVE_S1.);
#1700 = CIRCLE('',#1701,1.5);
#1701 = AXIS2_PLACEMENT_3D('',#1702,#1703,#1704);
#1702 = CARTESIAN_POINT('',(20.,270.,200.));
#1703 = DIRECTION('',(-1.,0.,0.));
#1704 = DIRECTION('',(0.,1.,0.));
#1705 = PCURVE('',#1159,#1706);
#1706 = DEFINITIONAL_REPRESENTATION('',(#1707),#1711);
#1707 = CIRCLE('',#1708,1.5);
#1708 = AXIS2_PLACEMENT_2D('',#1709,#1710);
#1709 = CARTESIAN_POINT('',(200.,125.));
#1710 = DIRECTION('',(0.,1.));
#1711 = ( GEOMETRIC_REPRESENTATION_CONTEXT(2) 
PARAMETRIC_REPRESENTATION_CONTEXT() REPRESENTATION_CONTEXT('2D SPACE',''
  ) );
#1712 = PCURVE('',#1713,#1718);
#1713 = CYLINDRICAL_SURFACE('',#1714,1.5);
#1714 = AXIS2_PLACEMENT_3D('',#1715,#1716,#1717);
#1715 = CARTESIAN_POINT('',(-5.E-02,270.,200.));
#1716 = DIRECTION('',(-1.,-0.,-0.));
#1717 = DIRECTION('',(0.,1.,0.));
#1718 = DEFINITIONAL_REPRESENTATION('',(#1719),#1723);
#1719 = LINE('',#1720,#1721);
#1720 = CARTESIAN_POINT('',(-6.28318530718,-20.05));
#1721 = VECTOR('',#1722,1.);
#1722 = DIRECTION('',(1.,-0.));
#1723 = ( GEOMETRIC_REPRESENTATION_CONTEXT(2) 
PARAMETRIC_REPRESENTATION_CONTEXT() REPRESENTATION_CONTEXT('2D SPACE',''
  ) );
#1724 = FACE_BOUND('',#1725,.F.);
#1725 = EDGE_LOOP('',(#1726));
#1726 = ORIENTED_EDGE('',*,*,#1727,.F.);
#1727 = EDGE_CURVE('',#1728,#1728,#1730,.T.);
#1728 = VERTEX_POINT('',#1729);
#1729 = CARTESIAN_POINT('',(20.,266.25,260.));
#1730 = SURFACE_CURVE('',#1731,(#1736,#1743),.PCURVE_S1.);
#1731 = CIRCLE('',#1732,1.25);
#1732 = AXIS2_PLACEMENT_3D('',#1733,#1734,#1735);
#1733 = CARTESIAN_POINT('',(20.,265.,260.));
#1734 = DIRECTION('',(-1.,0.,0.));
#1735 = DIRECTION('',(0.,1.,0.));
#1736 = PCURVE('',#1159,#1737);
#1737 = DEFINITIONAL_REPRESENTATION('',(#1738),#1742);
#1738 = CIRCLE('',#1739,1.25);
#1739 = AXIS2_PLACEMENT_2D('',#1740,#1741);
#1740 = CARTESIAN_POINT('',(260.,120.));
#1741 = DIRECTION('',(0.,1.));
#1742 = ( GEOMETRIC_REPRESENTATION_CONTEXT(2) 
PARAMETRIC_REPRESENTATION_CONTEXT() REPRESENTATION_CONTEXT('2D SPACE',''
  ) );
#1743 = PCURVE('',#1744,#1749);
#1744 = CYLINDRICAL_SURFACE('',#1745,1.25);
#1745 = AXIS2_PLACEMENT_3D('',#1746,#1747,#1748);
#1746 = CARTESIAN_POINT('',(-5.E-02,265.,260.));
#1747 = DIRECTION('',(-1.,-0.,-0.));
#1748 = DIRECTION('',(0.,1.,0.));
#1749 = DEFINITIONAL_REPRESENTATION('',(#1750),#1754);
#1750 = LINE('',#1751,#1752);
#1751 = CARTESIAN_POINT('',(-6.28318530718,-20.05));
#1752 = VECTOR('',#1753,1.);
#1753 = DIRECTION('',(1.,-0.));
#1754 = ( GEOMETRIC_REPRESENTATION_CONTEXT(2) 
PARAMETRIC_REPRESENTATION_CONTEXT() REPRESENTATION_CONTEXT('2D SPACE',''
  ) );
#1755 = ADVANCED_FACE('',(#1756),#1289,.T.);
#1756 = FACE_BOUND('',#1757,.T.);
#1757 = EDGE_LOOP('',(#1758,#1759,#1760,#1761));
#1758 = ORIENTED_EDGE('',*,*,#1275,.F.);
#1759 = ORIENTED_EDGE('',*,*,#1579,.T.);
#1760 = ORIENTED_EDGE('',*,*,#1553,.T.);
#1761 = ORIENTED_EDGE('',*,*,#1306,.F.);
#1762 = ADVANCED_FACE('',(#1763),#1373,.F.);
#1763 = FACE_BOUND('',#1764,.F.);
#1764 = EDGE_LOOP('',(#1765,#1766,#1789,#1813,#1835));
#1765 = ORIENTED_EDGE('',*,*,#1352,.T.);
#1766 = ORIENTED_EDGE('',*,*,#1767,.T.);
#1767 = EDGE_CURVE('',#1353,#1768,#1770,.T.);
#1768 = VERTEX_POINT('',#1769);
#1769 = CARTESIAN_POINT('',(2.55,170.,111.25));
#1770 = SEAM_CURVE('',#1771,(#1775,#1782),.PCURVE_S1.);
#1771 = LINE('',#1772,#1773);
#1772 = CARTESIAN_POINT('',(-5.E-02,170.,113.85));
#1773 = VECTOR('',#1774,1.);
#1774 = DIRECTION('',(0.707106781187,-1.731912112471E-16,-0.707106781187
    ));
#1775 = PCURVE('',#1373,#1776);
#1776 = DEFINITIONAL_REPRESENTATION('',(#1777),#1781);
#1777 = LINE('',#1778,#1779);
#1778 = CARTESIAN_POINT('',(0.,-0.));
#1779 = VECTOR('',#1780,1.);
#1780 = DIRECTION('',(-0.,-1.));
#1781 = ( GEOMETRIC_REPRESENTATION_CONTEXT(2) 
PARAMETRIC_REPRESENTATION_CONTEXT() REPRESENTATION_CONTEXT('2D SPACE',''
  ) );
#1782 = PCURVE('',#1373,#1783);
#1783 = DEFINITIONAL_REPRESENTATION('',(#1784),#1788);
#1784 = LINE('',#1785,#1786);
#1785 = CARTESIAN_POINT('',(-6.28318530718,0.));
#1786 = VECTOR('',#1787,1.);
#1787 = DIRECTION('',(-0.,-1.));
#1788 = ( GEOMETRIC_REPRESENTATION_CONTEXT(2) 
PARAMETRIC_REPRESENTATION_CONTEXT() REPRESENTATION_CONTEXT('2D SPACE',''
  ) );
#1789 = ORIENTED_EDGE('',*,*,#1790,.F.);
#1790 = EDGE_CURVE('',#1791,#1768,#1793,.T.);
#1791 = VERTEX_POINT('',#1792);
#1792 = CARTESIAN_POINT('',(2.55,171.25,110.));
#1793 = SURFACE_CURVE('',#1794,(#1799,#1806),.PCURVE_S1.);
#1794 = CIRCLE('',#1795,1.25);
#1795 = AXIS2_PLACEMENT_3D('',#1796,#1797,#1798);
#1796 = CARTESIAN_POINT('',(2.55,170.,110.));
#1797 = DIRECTION('',(1.,0.,0.));
#1798 = DIRECTION('',(-0.,0.,1.));
#1799 = PCURVE('',#1373,#1800);
#1800 = DEFINITIONAL_REPRESENTATION('',(#1801),#1805);
#1801 = LINE('',#1802,#1803);
#1802 = CARTESIAN_POINT('',(-0.,-2.6));
#1803 = VECTOR('',#1804,1.);
#1804 = DIRECTION('',(-1.,-0.));
#1805 = ( GEOMETRIC_REPRESENTATION_CONTEXT(2) 
PARAMETRIC_REPRESENTATION_CONTEXT() REPRESENTATION_CONTEXT('2D SPACE',''
  ) );
#1806 = PCURVE('',#1620,#1807);
#1807 = DEFINITIONAL_REPRESENTATION('',(#1808),#1812);
#1808 = LINE('',#1809,#1810);
#1809 = CARTESIAN_POINT('',(4.712388980385,-2.6));
#1810 = VECTOR('',#1811,1.);
#1811 = DIRECTION('',(-1.,0.));
#1812 = ( GEOMETRIC_REPRESENTATION_CONTEXT(2) 
PARAMETRIC_REPRESENTATION_CONTEXT() REPRESENTATION_CONTEXT('2D SPACE',''
  ) );
#1813 = ORIENTED_EDGE('',*,*,#1814,.F.);
#1814 = EDGE_CURVE('',#1768,#1791,#1815,.T.);
#1815 = SURFACE_CURVE('',#1816,(#1821,#1828),.PCURVE_S1.);
#1816 = CIRCLE('',#1817,1.25);
#1817 = AXIS2_PLACEMENT_3D('',#1818,#1819,#1820);
#1818 = CARTESIAN_POINT('',(2.55,170.,110.));
#1819 = DIRECTION('',(1.,0.,0.));
#1820 = DIRECTION('',(-0.,0.,1.));
#1821 = PCURVE('',#1373,#1822);
#1822 = DEFINITIONAL_REPRESENTATION('',(#1823),#1827);
#1823 = LINE('',#1824,#1825);
#1824 = CARTESIAN_POINT('',(-0.,-2.6));
#1825 = VECTOR('',#1826,1.);
#1826 = DIRECTION('',(-1.,-0.));
#1827 = ( GEOMETRIC_REPRESENTATION_CONTEXT(2) 
PARAMETRIC_REPRESENTATION_CONTEXT() REPRESENTATION_CONTEXT('2D SPACE',''
  ) );
#1828 = PCURVE('',#1620,#1829);
#1829 = DEFINITIONAL_REPRESENTATION('',(#1830),#1834);
#1830 = LINE('',#1831,#1832);
#1831 = CARTESIAN_POINT('',(-1.570796326795,-2.6));
#1832 = VECTOR('',#1833,1.);
#1833 = DIRECTION('',(-1.,0.));
#1834 = ( GEOMETRIC_REPRESENTATION_CONTEXT(2) 
PARAMETRIC_REPRESENTATION_CONTEXT() REPRESENTATION_CONTEXT('2D SPACE',''
  ) );
#1835 = ORIENTED_EDGE('',*,*,#1767,.F.);
#1836 = ADVANCED_FACE('',(#1837),#1408,.F.);
#1837 = FACE_BOUND('',#1838,.F.);
#1838 = EDGE_LOOP('',(#1839,#1840,#1863,#1887,#1909));
#1839 = ORIENTED_EDGE('',*,*,#1387,.T.);
#1840 = ORIENTED_EDGE('',*,*,#1841,.T.);
#1841 = EDGE_CURVE('',#1388,#1842,#1844,.T.);
#1842 = VERTEX_POINT('',#1843);
#1843 = CARTESIAN_POINT('',(2.55,170.,261.25));
#1844 = SEAM_CURVE('',#1845,(#1849,#1856),.PCURVE_S1.);
#1845 = LINE('',#1846,#1847);
#1846 = CARTESIAN_POINT('',(-5.000000000001E-02,170.,263.85));
#1847 = VECTOR('',#1848,1.);
#1848 = DIRECTION('',(0.707106781187,-1.731912112471E-16,-0.707106781187
    ));
#1849 = PCURVE('',#1408,#1850);
#1850 = DEFINITIONAL_REPRESENTATION('',(#1851),#1855);
#1851 = LINE('',#1852,#1853);
#1852 = CARTESIAN_POINT('',(0.,-0.));
#1853 = VECTOR('',#1854,1.);
#1854 = DIRECTION('',(-0.,-1.));
#1855 = ( GEOMETRIC_REPRESENTATION_CONTEXT(2) 
PARAMETRIC_REPRESENTATION_CONTEXT() REPRESENTATION_CONTEXT('2D SPACE',''
  ) );
#1856 = PCURVE('',#1408,#1857);
#1857 = DEFINITIONAL_REPRESENTATION('',(#1858),#1862);
#1858 = LINE('',#1859,#1860);
#1859 = CARTESIAN_POINT('',(-6.28318530718,0.));
#1860 = VECTOR('',#1861,1.);
#1861 = DIRECTION('',(-0.,-1.));
#1862 = ( GEOMETRIC_REPRESENTATION_CONTEXT(2) 
PARAMETRIC_REPRESENTATION_CONTEXT() REPRESENTATION_CONTEXT('2D SPACE',''
  ) );
#1863 = ORIENTED_EDGE('',*,*,#1864,.F.);
#1864 = EDGE_CURVE('',#1865,#1842,#1867,.T.);
#1865 = VERTEX_POINT('',#1866);
#1866 = CARTESIAN_POINT('',(2.55,171.25,260.));
#1867 = SURFACE_CURVE('',#1868,(#1873,#1880),.PCURVE_S1.);
#1868 = CIRCLE('',#1869,1.25);
#1869 = AXIS2_PLACEMENT_3D('',#1870,#1871,#1872);
#1870 = CARTESIAN_POINT('',(2.55,170.,260.));
#1871 = DIRECTION('',(1.,0.,0.));
#1872 = DIRECTION('',(-0.,0.,1.));
#1873 = PCURVE('',#1408,#1874);
#1874 = DEFINITIONAL_REPRESENTATION('',(#1875),#1879);
#1875 = LINE('',#1876,#1877);
#1876 = CARTESIAN_POINT('',(-0.,-2.6));
#1877 = VECTOR('',#1878,1.);
#1878 = DIRECTION('',(-1.,-0.));
#1879 = ( GEOMETRIC_REPRESENTATION_CONTEXT(2) 
PARAMETRIC_REPRESENTATION_CONTEXT() REPRESENTATION_CONTEXT('2D SPACE',''
  ) );
#1880 = PCURVE('',#1651,#1881);
#1881 = DEFINITIONAL_REPRESENTATION('',(#1882),#1886);
#1882 = LINE('',#1883,#1884);
#1883 = CARTESIAN_POINT('',(4.712388980385,-2.6));
#1884 = VECTOR('',#1885,1.);
#1885 = DIRECTION('',(-1.,0.));
#1886 = ( GEOMETRIC_REPRESENTATION_CONTEXT(2) 
PARAMETRIC_REPRESENTATION_CONTEXT() REPRESENTATION_CONTEXT('2D SPACE',''
  ) );
#1887 = ORIENTED_EDGE('',*,*,#1888,.F.);
#1888 = EDGE_CURVE('',#1842,#1865,#1889,.T.);
#1889 = SURFACE_CURVE('',#1890,(#1895,#1902),.PCURVE_S1.);
#1890 = CIRCLE('',#1891,1.25);
#1891 = AXIS2_PLACEMENT_3D('',#1892,#1893,#1894);
#1892 = CARTESIAN_POINT('',(2.55,170.,260.));
#1893 = DIRECTION('',(1.,0.,0.));
#1894 = DIRECTION('',(-0.,0.,1.));
#1895 = PCURVE('',#1408,#1896);
#1896 = DEFINITIONAL_REPRESENTATION('',(#1897),#1901);
#1897 = LINE('',#1898,#1899);
#1898 = CARTESIAN_POINT('',(-0.,-2.6));
#1899 = VECTOR('',#1900,1.);
#1900 = DIRECTION('',(-1.,-0.));
#1901 = ( GEOMETRIC_REPRESENTATION_CONTEXT(2) 
PARAMETRIC_REPRESENTATION_CONTEXT() REPRESENTATION_CONTEXT('2D SPACE',''
  ) );
#1902 = PCURVE('',#1651,#1903);
#1903 = DEFINITIONAL_REPRESENTATION('',(#1904),#1908);
#1904 = LINE('',#1905,#1906);
#1905 = CARTESIAN_POINT('',(-1.570796326795,-2.6));
#1906 = VECTOR('',#1907,1.);
#1907 = DIRECTION('',(-1.,0.));
#1908 = ( GEOMETRIC_REPRESENTATION_CONTEXT(2) 
PARAMETRIC_REPRESENTATION_CONTEXT() REPRESENTATION_CONTEXT('2D SPACE',''
  ) );
#1909 = ORIENTED_EDGE('',*,*,#1841,.F.);
#1910 = ADVANCED_FACE('',(#1911),#1443,.F.);
#1911 = FACE_BOUND('',#1912,.F.);
#1912 = EDGE_LOOP('',(#1913,#1914,#1937,#1961,#1983));
#1913 = ORIENTED_EDGE('',*,*,#1422,.T.);
#1914 = ORIENTED_EDGE('',*,*,#1915,.T.);
#1915 = EDGE_CURVE('',#1423,#1916,#1918,.T.);
#1916 = VERTEX_POINT('',#1917);
#1917 = CARTESIAN_POINT('',(2.55,265.,111.25));
#1918 = SEAM_CURVE('',#1919,(#1923,#1930),.PCURVE_S1.);
#1919 = LINE('',#1920,#1921);
#1920 = CARTESIAN_POINT('',(-5.E-02,265.,113.85));
#1921 = VECTOR('',#1922,1.);
#1922 = DIRECTION('',(0.707106781187,-1.731912112471E-16,-0.707106781187
    ));
#1923 = PCURVE('',#1443,#1924);
#1924 = DEFINITIONAL_REPRESENTATION('',(#1925),#1929);
#1925 = LINE('',#1926,#1927);
#1926 = CARTESIAN_POINT('',(0.,-0.));
#1927 = VECTOR('',#1928,1.);
#1928 = DIRECTION('',(-0.,-1.));
#1929 = ( GEOMETRIC_REPRESENTATION_CONTEXT(2) 
PARAMETRIC_REPRESENTATION_CONTEXT() REPRESENTATION_CONTEXT('2D SPACE',''
  ) );
#1930 = PCURVE('',#1443,#1931);
#1931 = DEFINITIONAL_REPRESENTATION('',(#1932),#1936);
#1932 = LINE('',#1933,#1934);
#1933 = CARTESIAN_POINT('',(-6.28318530718,0.));
#1934 = VECTOR('',#1935,1.);
#1935 = DIRECTION('',(-0.,-1.));
#1936 = ( GEOMETRIC_REPRESENTATION_CONTEXT(2) 
PARAMETRIC_REPRESENTATION_CONTEXT() REPRESENTATION_CONTEXT('2D SPACE',''
  ) );
#1937 = ORIENTED_EDGE('',*,*,#1938,.F.);
#1938 = EDGE_CURVE('',#1939,#1916,#1941,.T.);
#1939 = VERTEX_POINT('',#1940);
#1940 = CARTESIAN_POINT('',(2.55,266.25,110.));
#1941 = SURFACE_CURVE('',#1942,(#1947,#1954),.PCURVE_S1.);
#1942 = CIRCLE('',#1943,1.25);
#1943 = AXIS2_PLACEMENT_3D('',#1944,#1945,#1946);
#1944 = CARTESIAN_POINT('',(2.55,265.,110.));
#1945 = DIRECTION('',(1.,0.,0.));
#1946 = DIRECTION('',(-0.,0.,1.));
#1947 = PCURVE('',#1443,#1948);
#1948 = DEFINITIONAL_REPRESENTATION('',(#1949),#1953);
#1949 = LINE('',#1950,#1951);
#1950 = CARTESIAN_POINT('',(-0.,-2.6));
#1951 = VECTOR('',#1952,1.);
#1952 = DIRECTION('',(-1.,-0.));
#1953 = ( GEOMETRIC_REPRESENTATION_CONTEXT(2) 
PARAMETRIC_REPRESENTATION_CONTEXT() REPRESENTATION_CONTEXT('2D SPACE',''
  ) );
#1954 = PCURVE('',#1682,#1955);
#1955 = DEFINITIONAL_REPRESENTATION('',(#1956),#1960);
#1956 = LINE('',#1957,#1958);
#1957 = CARTESIAN_POINT('',(4.712388980385,-2.6));
#1958 = VECTOR('',#1959,1.);
#1959 = DIRECTION('',(-1.,0.));
#1960 = ( GEOMETRIC_REPRESENTATION_CONTEXT(2) 
PARAMETRIC_REPRESENTATION_CONTEXT() REPRESENTATION_CONTEXT('2D SPACE',''
  ) );
#1961 = ORIENTED_EDGE('',*,*,#1962,.F.);
#1962 = EDGE_CURVE('',#1916,#1939,#1963,.T.);
#1963 = SURFACE_CURVE('',#1964,(#1969,#1976),.PCURVE_S1.);
#1964 = CIRCLE('',#1965,1.25);
#1965 = AXIS2_PLACEMENT_3D('',#1966,#1967,#1968);
#1966 = CARTESIAN_POINT('',(2.55,265.,110.));
#1967 = DIRECTION('',(1.,0.,0.));
#1968 = DIRECTION('',(-0.,0.,1.));
#1969 = PCURVE('',#1443,#1970);
#1970 = DEFINITIONAL_REPRESENTATION('',(#1971),#1975);
#1971 = LINE('',#1972,#1973);
#1972 = CARTESIAN_POINT('',(-0.,-2.6));
#1973 = VECTOR('',#1974,1.);
#1974 = DIRECTION('',(-1.,-0.));
#1975 = ( GEOMETRIC_REPRESENTATION_CONTEXT(2) 
PARAMETRIC_REPRESENTATION_CONTEXT() REPRESENTATION_CONTEXT('2D SPACE',''
  ) );
#1976 = PCURVE('',#1682,#1977);
#1977 = DEFINITIONAL_REPRESENTATION('',(#1978),#1982);
#1978 = LINE('',#1979,#1980);
#1979 = CARTESIAN_POINT('',(-1.570796326795,-2.6));
#1980 = VECTOR('',#1981,1.);
#1981 = DIRECTION('',(-1.,0.));
#1982 = ( GEOMETRIC_REPRESENTATION_CONTEXT(2) 
PARAMETRIC_REPRESENTATION_CONTEXT() REPRESENTATION_CONTEXT('2D SPACE',''
  ) );
#1983 = ORIENTED_EDGE('',*,*,#1915,.F.);
#1984 = ADVANCED_FACE('',(#1985),#1478,.F.);
#1985 = FACE_BOUND('',#1986,.F.);
#1986 = EDGE_LOOP('',(#1987,#1988,#2011,#2035,#2057));
#1987 = ORIENTED_EDGE('',*,*,#1457,.T.);
#1988 = ORIENTED_EDGE('',*,*,#1989,.T.);
#1989 = EDGE_CURVE('',#1458,#1990,#1992,.T.);
#1990 = VERTEX_POINT('',#1991);
#1991 = CARTESIAN_POINT('',(2.85,270.,201.5));
#1992 = SEAM_CURVE('',#1993,(#1997,#2004),.PCURVE_S1.);
#1993 = LINE('',#1994,#1995);
#1994 = CARTESIAN_POINT('',(-5.000000000001E-02,270.,204.4));
#1995 = VECTOR('',#1996,1.);
#1996 = DIRECTION('',(0.707106781187,-1.731912112471E-16,-0.707106781187
    ));
#1997 = PCURVE('',#1478,#1998);
#1998 = DEFINITIONAL_REPRESENTATION('',(#1999),#2003);
#1999 = LINE('',#2000,#2001);
#2000 = CARTESIAN_POINT('',(0.,-0.));
#2001 = VECTOR('',#2002,1.);
#2002 = DIRECTION('',(-0.,-1.));
#2003 = ( GEOMETRIC_REPRESENTATION_CONTEXT(2) 
PARAMETRIC_REPRESENTATION_CONTEXT() REPRESENTATION_CONTEXT('2D SPACE',''
  ) );
#2004 = PCURVE('',#1478,#2005);
#2005 = DEFINITIONAL_REPRESENTATION('',(#2006),#2010);
#2006 = LINE('',#2007,#2008);
#2007 = CARTESIAN_POINT('',(-6.28318530718,0.));
#2008 = VECTOR('',#2009,1.);
#2009 = DIRECTION('',(-0.,-1.));
#2010 = ( GEOMETRIC_REPRESENTATION_CONTEXT(2) 
PARAMETRIC_REPRESENTATION_CONTEXT() REPRESENTATION_CONTEXT('2D SPACE',''
  ) );
#2011 = ORIENTED_EDGE('',*,*,#2012,.F.);
#2012 = EDGE_CURVE('',#2013,#1990,#2015,.T.);
#2013 = VERTEX_POINT('',#2014);
#2014 = CARTESIAN_POINT('',(2.85,271.5,200.));
#2015 = SURFACE_CURVE('',#2016,(#2021,#2028),.PCURVE_S1.);
#2016 = CIRCLE('',#2017,1.5);
#2017 = AXIS2_PLACEMENT_3D('',#2018,#2019,#2020);
#2018 = CARTESIAN_POINT('',(2.85,270.,200.));
#2019 = DIRECTION('',(1.,0.,0.));
#2020 = DIRECTION('',(-0.,0.,1.));
#2021 = PCURVE('',#1478,#2022);
#2022 = DEFINITIONAL_REPRESENTATION('',(#2023),#2027);
#2023 = LINE('',#2024,#2025);
#2024 = CARTESIAN_POINT('',(-0.,-2.9));
#2025 = VECTOR('',#2026,1.);
#2026 = DIRECTION('',(-1.,-0.));
#2027 = ( GEOMETRIC_REPRESENTATION_CONTEXT(2) 
PARAMETRIC_REPRESENTATION_CONTEXT() REPRESENTATION_CONTEXT('2D SPACE',''
  ) );
#2028 = PCURVE('',#1713,#2029);
#2029 = DEFINITIONAL_REPRESENTATION('',(#2030),#2034);
#2030 = LINE('',#2031,#2032);
#2031 = CARTESIAN_POINT('',(4.712388980385,-2.9));
#2032 = VECTOR('',#2033,1.);
#2033 = DIRECTION('',(-1.,0.));
#2034 = ( GEOMETRIC_REPRESENTATION_CONTEXT(2) 
PARAMETRIC_REPRESENTATION_CONTEXT() REPRESENTATION_CONTEXT('2D SPACE',''
  ) );
#2035 = ORIENTED_EDGE('',*,*,#2036,.F.);
#2036 = EDGE_CURVE('',#1990,#2013,#2037,.T.);
#2037 = SURFACE_CURVE('',#2038,(#2043,#2050),.PCURVE_S1.);
#2038 = CIRCLE('',#2039,1.5);
#2039 = AXIS2_PLACEMENT_3D('',#2040,#2041,#2042);
#2040 = CARTESIAN_POINT('',(2.85,270.,200.));
#2041 = DIRECTION('',(1.,0.,0.));
#2042 = DIRECTION('',(-0.,0.,1.));
#2043 = PCURVE('',#1478,#2044);
#2044 = DEFINITIONAL_REPRESENTATION('',(#2045),#2049);
#2045 = LINE('',#2046,#2047);
#2046 = CARTESIAN_POINT('',(-0.,-2.9));
#2047 = VECTOR('',#2048,1.);
#2048 = DIRECTION('',(-1.,-0.));
#2049 = ( GEOMETRIC_REPRESENTATION_CONTEXT(2) 
PARAMETRIC_REPRESENTATION_CONTEXT() REPRESENTATION_CONTEXT('2D SPACE',''
  ) );
#2050 = PCURVE('',#1713,#2051);
#2051 = DEFINITIONAL_REPRESENTATION('',(#2052),#2056);
#2052 = LINE('',#2053,#2054);
#2053 = CARTESIAN_POINT('',(-1.570796326795,-2.9));
#2054 = VECTOR('',#2055,1.);
#2055 = DIRECTION('',(-1.,0.));
#2056 = ( GEOMETRIC_REPRESENTATION_CONTEXT(2) 
PARAMETRIC_REPRESENTATION_CONTEXT() REPRESENTATION_CONTEXT('2D SPACE',''
  ) );
#2057 = ORIENTED_EDGE('',*,*,#1989,.F.);
#2058 = ADVANCED_FACE('',(#2059),#1513,.F.);
#2059 = FACE_BOUND('',#2060,.F.);
#2060 = EDGE_LOOP('',(#2061,#2062,#2085,#2109,#2131));
#2061 = ORIENTED_EDGE('',*,*,#1492,.T.);
#2062 = ORIENTED_EDGE('',*,*,#2063,.T.);
#2063 = EDGE_CURVE('',#1493,#2064,#2066,.T.);
#2064 = VERTEX_POINT('',#2065);
#2065 = CARTESIAN_POINT('',(2.55,265.,261.25));
#2066 = SEAM_CURVE('',#2067,(#2071,#2078),.PCURVE_S1.);
#2067 = LINE('',#2068,#2069);
#2068 = CARTESIAN_POINT('',(-5.000000000001E-02,265.,263.85));
#2069 = VECTOR('',#2070,1.);
#2070 = DIRECTION('',(0.707106781187,-1.731912112471E-16,-0.707106781187
    ));
#2071 = PCURVE('',#1513,#2072);
#2072 = DEFINITIONAL_REPRESENTATION('',(#2073),#2077);
#2073 = LINE('',#2074,#2075);
#2074 = CARTESIAN_POINT('',(0.,-0.));
#2075 = VECTOR('',#2076,1.);
#2076 = DIRECTION('',(-0.,-1.));
#2077 = ( GEOMETRIC_REPRESENTATION_CONTEXT(2) 
PARAMETRIC_REPRESENTATION_CONTEXT() REPRESENTATION_CONTEXT('2D SPACE',''
  ) );
#2078 = PCURVE('',#1513,#2079);
#2079 = DEFINITIONAL_REPRESENTATION('',(#2080),#2084);
#2080 = LINE('',#2081,#2082);
#2081 = CARTESIAN_POINT('',(-6.28318530718,0.));
#2082 = VECTOR('',#2083,1.);
#2083 = DIRECTION('',(-0.,-1.));
#2084 = ( GEOMETRIC_REPRESENTATION_CONTEXT(2) 
PARAMETRIC_REPRESENTATION_CONTEXT() REPRESENTATION_CONTEXT('2D SPACE',''
  ) );
#2085 = ORIENTED_EDGE('',*,*,#2086,.F.);
#2086 = EDGE_CURVE('',#2087,#2064,#2089,.T.);
#2087 = VERTEX_POINT('',#2088);
#2088 = CARTESIAN_POINT('',(2.55,266.25,260.));
#2089 = SURFACE_CURVE('',#2090,(#2095,#2102),.PCURVE_S1.);
#2090 = CIRCLE('',#2091,1.25);
#2091 = AXIS2_PLACEMENT_3D('',#2092,#2093,#2094);
#2092 = CARTESIAN_POINT('',(2.55,265.,260.));
#2093 = DIRECTION('',(1.,0.,0.));
#2094 = DIRECTION('',(-0.,0.,1.));
#2095 = PCURVE('',#1513,#2096);
#2096 = DEFINITIONAL_REPRESENTATION('',(#2097),#2101);
#2097 = LINE('',#2098,#2099);
#2098 = CARTESIAN_POINT('',(-0.,-2.6));
#2099 = VECTOR('',#2100,1.);
#2100 = DIRECTION('',(-1.,-0.));
#2101 = ( GEOMETRIC_REPRESENTATION_CONTEXT(2) 
PARAMETRIC_REPRESENTATION_CONTEXT() REPRESENTATION_CONTEXT('2D SPACE',''
  ) );
#2102 = PCURVE('',#1744,#2103);
#2103 = DEFINITIONAL_REPRESENTATION('',(#2104),#2108);
#2104 = LINE('',#2105,#2106);
#2105 = CARTESIAN_POINT('',(4.712388980385,-2.6));
#2106 = VECTOR('',#2107,1.);
#2107 = DIRECTION('',(-1.,0.));
#2108 = ( GEOMETRIC_REPRESENTATION_CONTEXT(2) 
PARAMETRIC_REPRESENTATION_CONTEXT() REPRESENTATION_CONTEXT('2D SPACE',''
  ) );
#2109 = ORIENTED_EDGE('',*,*,#2110,.F.);
#2110 = EDGE_CURVE('',#2064,#2087,#2111,.T.);
#2111 = SURFACE_CURVE('',#2112,(#2117,#2124),.PCURVE_S1.);
#2112 = CIRCLE('',#2113,1.25);
#2113 = AXIS2_PLACEMENT_3D('',#2114,#2115,#2116);
#2114 = CARTESIAN_POINT('',(2.55,265.,260.));
#2115 = DIRECTION('',(1.,0.,0.));
#2116 = DIRECTION('',(-0.,0.,1.));
#2117 = PCURVE('',#1513,#2118);
#2118 = DEFINITIONAL_REPRESENTATION('',(#2119),#2123);
#2119 = LINE('',#2120,#2121);
#2120 = CARTESIAN_POINT('',(-0.,-2.6));
#2121 = VECTOR('',#2122,1.);
#2122 = DIRECTION('',(-1.,-0.));
#2123 = ( GEOMETRIC_REPRESENTATION_CONTEXT(2) 
PARAMETRIC_REPRESENTATION_CONTEXT() REPRESENTATION_CONTEXT('2D SPACE',''
  ) );
#2124 = PCURVE('',#1744,#2125);
#2125 = DEFINITIONAL_REPRESENTATION('',(#2126),#2130);
#2126 = LINE('',#2127,#2128);
#2127 = CARTESIAN_POINT('',(-1.570796326795,-2.6));
#2128 = VECTOR('',#2129,1.);
#2129 = DIRECTION('',(-1.,0.));
#2130 = ( GEOMETRIC_REPRESENTATION_CONTEXT(2) 
PARAMETRIC_REPRESENTATION_CONTEXT() REPRESENTATION_CONTEXT('2D SPACE',''
  ) );
#2131 = ORIENTED_EDGE('',*,*,#2063,.F.);
#2132 = ADVANCED_FACE('',(#2133),#1620,.F.);
#2133 = FACE_BOUND('',#2134,.T.);
#2134 = EDGE_LOOP('',(#2135,#2156,#2157,#2158,#2159));
#2135 = ORIENTED_EDGE('',*,*,#2136,.F.);
#2136 = EDGE_CURVE('',#1791,#1604,#2137,.T.);
#2137 = SEAM_CURVE('',#2138,(#2142,#2149),.PCURVE_S1.);
#2138 = LINE('',#2139,#2140);
#2139 = CARTESIAN_POINT('',(-5.E-02,171.25,110.));
#2140 = VECTOR('',#2141,1.);
#2141 = DIRECTION('',(1.,0.,0.));
#2142 = PCURVE('',#1620,#2143);
#2143 = DEFINITIONAL_REPRESENTATION('',(#2144),#2148);
#2144 = LINE('',#2145,#2146);
#2145 = CARTESIAN_POINT('',(-6.28318530718,0.));
#2146 = VECTOR('',#2147,1.);
#2147 = DIRECTION('',(-0.,-1.));
#2148 = ( GEOMETRIC_REPRESENTATION_CONTEXT(2) 
PARAMETRIC_REPRESENTATION_CONTEXT() REPRESENTATION_CONTEXT('2D SPACE',''
  ) );
#2149 = PCURVE('',#1620,#2150);
#2150 = DEFINITIONAL_REPRESENTATION('',(#2151),#2155);
#2151 = LINE('',#2152,#2153);
#2152 = CARTESIAN_POINT('',(-0.,0.));
#2153 = VECTOR('',#2154,1.);
#2154 = DIRECTION('',(-0.,-1.));
#2155 = ( GEOMETRIC_REPRESENTATION_CONTEXT(2) 
PARAMETRIC_REPRESENTATION_CONTEXT() REPRESENTATION_CONTEXT('2D SPACE',''
  ) );
#2156 = ORIENTED_EDGE('',*,*,#1814,.F.);
#2157 = ORIENTED_EDGE('',*,*,#1790,.F.);
#2158 = ORIENTED_EDGE('',*,*,#2136,.T.);
#2159 = ORIENTED_EDGE('',*,*,#1603,.F.);
#2160 = ADVANCED_FACE('',(#2161),#1651,.F.);
#2161 = FACE_BOUND('',#2162,.T.);
#2162 = EDGE_LOOP('',(#2163,#2184,#2185,#2186,#2187));
#2163 = ORIENTED_EDGE('',*,*,#2164,.F.);
#2164 = EDGE_CURVE('',#1865,#1635,#2165,.T.);
#2165 = SEAM_CURVE('',#2166,(#2170,#2177),.PCURVE_S1.);
#2166 = LINE('',#2167,#2168);
#2167 = CARTESIAN_POINT('',(-5.E-02,171.25,260.));
#2168 = VECTOR('',#2169,1.);
#2169 = DIRECTION('',(1.,0.,0.));
#2170 = PCURVE('',#1651,#2171);
#2171 = DEFINITIONAL_REPRESENTATION('',(#2172),#2176);
#2172 = LINE('',#2173,#2174);
#2173 = CARTESIAN_POINT('',(-6.28318530718,0.));
#2174 = VECTOR('',#2175,1.);
#2175 = DIRECTION('',(-0.,-1.));
#2176 = ( GEOMETRIC_REPRESENTATION_CONTEXT(2) 
PARAMETRIC_REPRESENTATION_CONTEXT() REPRESENTATION_CONTEXT('2D SPACE',''
  ) );
#2177 = PCURVE('',#1651,#2178);
#2178 = DEFINITIONAL_REPRESENTATION('',(#2179),#2183);
#2179 = LINE('',#2180,#2181);
#2180 = CARTESIAN_POINT('',(-0.,0.));
#2181 = VECTOR('',#2182,1.);
#2182 = DIRECTION('',(-0.,-1.));
#2183 = ( GEOMETRIC_REPRESENTATION_CONTEXT(2) 
PARAMETRIC_REPRESENTATION_CONTEXT() REPRESENTATION_CONTEXT('2D SPACE',''
  ) );
#2184 = ORIENTED_EDGE('',*,*,#1888,.F.);
#2185 = ORIENTED_EDGE('',*,*,#1864,.F.);
#2186 = ORIENTED_EDGE('',*,*,#2164,.T.);
#2187 = ORIENTED_EDGE('',*,*,#1634,.F.);
#2188 = ADVANCED_FACE('',(#2189),#1682,.F.);
#2189 = FACE_BOUND('',#2190,.T.);
#2190 = EDGE_LOOP('',(#2191,#2212,#2213,#2214,#2215));
#2191 = ORIENTED_EDGE('',*,*,#2192,.F.);
#2192 = EDGE_CURVE('',#1939,#1666,#2193,.T.);
#2193 = SEAM_CURVE('',#2194,(#2198,#2205),.PCURVE_S1.);
#2194 = LINE('',#2195,#2196);
#2195 = CARTESIAN_POINT('',(-5.E-02,266.25,110.));
#2196 = VECTOR('',#2197,1.);
#2197 = DIRECTION('',(1.,0.,0.));
#2198 = PCURVE('',#1682,#2199);
#2199 = DEFINITIONAL_REPRESENTATION('',(#2200),#2204);
#2200 = LINE('',#2201,#2202);
#2201 = CARTESIAN_POINT('',(-6.28318530718,0.));
#2202 = VECTOR('',#2203,1.);
#2203 = DIRECTION('',(-0.,-1.));
#2204 = ( GEOMETRIC_REPRESENTATION_CONTEXT(2) 
PARAMETRIC_REPRESENTATION_CONTEXT() REPRESENTATION_CONTEXT('2D SPACE',''
  ) );
#2205 = PCURVE('',#1682,#2206);
#2206 = DEFINITIONAL_REPRESENTATION('',(#2207),#2211);
#2207 = LINE('',#2208,#2209);
#2208 = CARTESIAN_POINT('',(-0.,0.));
#2209 = VECTOR('',#2210,1.);
#2210 = DIRECTION('',(-0.,-1.));
#2211 = ( GEOMETRIC_REPRESENTATION_CONTEXT(2) 
PARAMETRIC_REPRESENTATION_CONTEXT() REPRESENTATION_CONTEXT('2D SPACE',''
  ) );
#2212 = ORIENTED_EDGE('',*,*,#1962,.F.);
#2213 = ORIENTED_EDGE('',*,*,#1938,.F.);
#2214 = ORIENTED_EDGE('',*,*,#2192,.T.);
#2215 = ORIENTED_EDGE('',*,*,#1665,.F.);
#2216 = ADVANCED_FACE('',(#2217),#1713,.F.);
#2217 = FACE_BOUND('',#2218,.T.);
#2218 = EDGE_LOOP('',(#2219,#2240,#2241,#2242,#2243));
#2219 = ORIENTED_EDGE('',*,*,#2220,.F.);
#2220 = EDGE_CURVE('',#2013,#1697,#2221,.T.);
#2221 = SEAM_CURVE('',#2222,(#2226,#2233),.PCURVE_S1.);
#2222 = LINE('',#2223,#2224);
#2223 = CARTESIAN_POINT('',(-5.E-02,271.5,200.));
#2224 = VECTOR('',#2225,1.);
#2225 = DIRECTION('',(1.,0.,0.));
#2226 = PCURVE('',#1713,#2227);
#2227 = DEFINITIONAL_REPRESENTATION('',(#2228),#2232);
#2228 = LINE('',#2229,#2230);
#2229 = CARTESIAN_POINT('',(-6.28318530718,0.));
#2230 = VECTOR('',#2231,1.);
#2231 = DIRECTION('',(-0.,-1.));
#2232 = ( GEOMETRIC_REPRESENTATION_CONTEXT(2) 
PARAMETRIC_REPRESENTATION_CONTEXT() REPRESENTATION_CONTEXT('2D SPACE',''
  ) );
#2233 = PCURVE('',#1713,#2234);
#2234 = DEFINITIONAL_REPRESENTATION('',(#2235),#2239);
#2235 = LINE('',#2236,#2237);
#2236 = CARTESIAN_POINT('',(-0.,0.));
#2237 = VECTOR('',#2238,1.);
#2238 = DIRECTION('',(-0.,-1.));
#2239 = ( GEOMETRIC_REPRESENTATION_CONTEXT(2) 
PARAMETRIC_REPRESENTATION_CONTEXT() REPRESENTATION_CONTEXT('2D SPACE',''
  ) );
#2240 = ORIENTED_EDGE('',*,*,#2036,.F.);
#2241 = ORIENTED_EDGE('',*,*,#2012,.F.);
#2242 = ORIENTED_EDGE('',*,*,#2220,.T.);
#2243 = ORIENTED_EDGE('',*,*,#1696,.F.);
#2244 = ADVANCED_FACE('',(#2245),#1744,.F.);
#2245 = FACE_BOUND('',#2246,.T.);
#2246 = EDGE_LOOP('',(#2247,#2268,#2269,#2270,#2271));
#2247 = ORIENTED_EDGE('',*,*,#2248,.F.);
#2248 = EDGE_CURVE('',#2087,#1728,#2249,.T.);
#2249 = SEAM_CURVE('',#2250,(#2254,#2261),.PCURVE_S1.);
#2250 = LINE('',#2251,#2252);
#2251 = CARTESIAN_POINT('',(-5.E-02,266.25,260.));
#2252 = VECTOR('',#2253,1.);
#2253 = DIRECTION('',(1.,0.,0.));
#2254 = PCURVE('',#1744,#2255);
#2255 = DEFINITIONAL_REPRESENTATION('',(#2256),#2260);
#2256 = LINE('',#2257,#2258);
#2257 = CARTESIAN_POINT('',(-6.28318530718,0.));
#2258 = VECTOR('',#2259,1.);
#2259 = DIRECTION('',(-0.,-1.));
#2260 = ( GEOMETRIC_REPRESENTATION_CONTEXT(2) 
PARAMETRIC_REPRESENTATION_CONTEXT() REPRESENTATION_CONTEXT('2D SPACE',''
  ) );
#2261 = PCURVE('',#1744,#2262);
#2262 = DEFINITIONAL_REPRESENTATION('',(#2263),#2267);
#2263 = LINE('',#2264,#2265);
#2264 = CARTESIAN_POINT('',(-0.,0.));
#2265 = VECTOR('',#2266,1.);
#2266 = DIRECTION('',(-0.,-1.));
#2267 = ( GEOMETRIC_REPRESENTATION_CONTEXT(2) 
PARAMETRIC_REPRESENTATION_CONTEXT() REPRESENTATION_CONTEXT('2D SPACE',''
  ) );
#2268 = ORIENTED_EDGE('',*,*,#2110,.F.);
#2269 = ORIENTED_EDGE('',*,*,#2086,.F.);
#2270 = ORIENTED_EDGE('',*,*,#2248,.T.);
#2271 = ORIENTED_EDGE('',*,*,#1727,.F.);
#2272 = ( GEOMETRIC_REPRESENTATION_CONTEXT(3) 
GLOBAL_UNCERTAINTY_ASSIGNED_CONTEXT((#2276)) 
GLOBAL_UNIT_ASSIGNED_CONTEXT((#2273,#2274,#2275)) REPRESENTATION_CONTEXT
('Context #1','3D Context with UNIT and UNCERTAINTY') );
#2273 = ( LENGTH_UNIT() NAMED_UNIT(*) SI_UNIT(.MILLI.,.METRE.) );
#2274 = ( NAMED_UNIT(*) PLANE_ANGLE_UNIT() SI_UNIT($,.RADIAN.) );
#2275 = ( NAMED_UNIT(*) SI_UNIT($,.STERADIAN.) SOLID_ANGLE_UNIT() );
#2276 = UNCERTAINTY_MEASURE_WITH_UNIT(LENGTH_MEASURE(1.E-07),#2273,
  'distance_accuracy_value','confusion accuracy');
#2277 = CONTEXT_DEPENDENT_SHAPE_REPRESENTATION(#2278,#2280);
#2278 = ( REPRESENTATION_RELATIONSHIP('','',#1101,#10) 
REPRESENTATION_RELATIONSHIP_WITH_TRANSFORMATION(#2279) 
SHAPE_REPRESENTATION_RELATIONSHIP() );
#2279 = ITEM_DEFINED_TRANSFORMATION('','',#11,#19);
#2280 = PRODUCT_DEFINITION_SHAPE('Placement','Placement of an item',
  #2281);
#2281 = NEXT_ASSEMBLY_USAGE_OCCURRENCE('14','panel_2','',#5,#1096,$);
#2282 = PRODUCT_RELATED_PRODUCT_CATEGORY('part',$,(#1098));
#2283 = SHAPE_DEFINITION_REPRESENTATION(#2284,#2290);
#2284 = PRODUCT_DEFINITION_SHAPE('','',#2285);
#2285 = PRODUCT_DEFINITION('design','',#2286,#2289);
#2286 = PRODUCT_DEFINITION_FORMATION('','',#2287);
#2287 = PRODUCT('panel_3','panel_3','',(#2288));
#2288 = PRODUCT_CONTEXT('',#2,'mechanical');
#2289 = PRODUCT_DEFINITION_CONTEXT('part definition',#2,'design');
#2290 = ADVANCED_BREP_SHAPE_REPRESENTATION('',(#11,#2291),#3293);
#2291 = MANIFOLD_SOLID_BREP('',#2292);
#2292 = CLOSED_SHELL('',(#2293,#2413,#2489,#2678,#2727,#2878,#2885,#2959
    ,#3033,#3107,#3181,#3209,#3237,#3265));
#2293 = ADVANCED_FACE('',(#2294),#2308,.F.);
#2294 = FACE_BOUND('',#2295,.F.);
#2295 = EDGE_LOOP('',(#2296,#2331,#2359,#2387));
#2296 = ORIENTED_EDGE('',*,*,#2297,.F.);
#2297 = EDGE_CURVE('',#2298,#2300,#2302,.T.);
#2298 = VERTEX_POINT('',#2299);
#2299 = CARTESIAN_POINT('',(400.,0.,0.));
#2300 = VERTEX_POINT('',#2301);
#2301 = CARTESIAN_POINT('',(380.,0.,0.));
#2302 = SURFACE_CURVE('',#2303,(#2307,#2319),.PCURVE_S1.);
#2303 = LINE('',#2304,#2305);
#2304 = CARTESIAN_POINT('',(400.,0.,0.));
#2305 = VECTOR('',#2306,1.);
#2306 = DIRECTION('',(-1.,0.,0.));
#2307 = PCURVE('',#2308,#2313);
#2308 = PLANE('',#2309);
#2309 = AXIS2_PLACEMENT_3D('',#2310,#2311,#2312);
#2310 = CARTESIAN_POINT('',(400.,0.,0.));
#2311 = DIRECTION('',(0.,0.,1.));
#2312 = DIRECTION('',(-1.,0.,0.));
#2313 = DEFINITIONAL_REPRESENTATION('',(#2314),#2318);
#2314 = LINE('',#2315,#2316);
#2315 = CARTESIAN_POINT('',(0.,0.));
#2316 = VECTOR('',#2317,1.);
#2317 = DIRECTION('',(1.,0.));
#2318 = ( GEOMETRIC_REPRESENTATION_CONTEXT(2) 
PARAMETRIC_REPRESENTATION_CONTEXT() REPRESENTATION_CONTEXT('2D SPACE',''
  ) );
#2319 = PCURVE('',#2320,#2325);
#2320 = PLANE('',#2321);
#2321 = AXIS2_PLACEMENT_3D('',#2322,#2323,#2324);
#2322 = CARTESIAN_POINT('',(400.,0.,0.));
#2323 = DIRECTION('',(0.,1.,0.));
#2324 = DIRECTION('',(-1.,0.,0.));
#2325 = DEFINITIONAL_REPRESENTATION('',(#2326),#2330);
#2326 = LINE('',#2327,#2328);
#2327 = CARTESIAN_POINT('',(0.,0.));
#2328 = VECTOR('',#2329,1.);
#2329 = DIRECTION('',(1.,0.));
#2330 = ( GEOMETRIC_REPRESENTATION_CONTEXT(2) 
PARAMETRIC_REPRESENTATION_CONTEXT() REPRESENTATION_CONTEXT('2D SPACE',''
  ) );
#2331 = ORIENTED_EDGE('',*,*,#2332,.T.);
#2332 = EDGE_CURVE('',#2298,#2333,#2335,.T.);
#2333 = VERTEX_POINT('',#2334);
#2334 = CARTESIAN_POINT('',(400.,145.,0.));
#2335 = SURFACE_CURVE('',#2336,(#2340,#2347),.PCURVE_S1.);
#2336 = LINE('',#2337,#2338);
#2337 = CARTESIAN_POINT('',(400.,0.,0.));
#2338 = VECTOR('',#2339,1.);
#2339 = DIRECTION('',(0.,1.,0.));
#2340 = PCURVE('',#2308,#2341);
#2341 = DEFINITIONAL_REPRESENTATION('',(#2342),#2346);
#2342 = LINE('',#2343,#2344);
#2343 = CARTESIAN_POINT('',(0.,0.));
#2344 = VECTOR('',#2345,1.);
#2345 = DIRECTION('',(0.,-1.));
#2346 = ( GEOMETRIC_REPRESENTATION_CONTEXT(2) 
PARAMETRIC_REPRESENTATION_CONTEXT() REPRESENTATION_CONTEXT('2D SPACE',''
  ) );
#2347 = PCURVE('',#2348,#2353);
#2348 = PLANE('',#2349);
#2349 = AXIS2_PLACEMENT_3D('',#2350,#2351,#2352);
#2350 = CARTESIAN_POINT('',(400.,0.,0.));
#2351 = DIRECTION('',(-1.,0.,0.));
#2352 = DIRECTION('',(0.,0.,1.));
#2353 = DEFINITIONAL_REPRESENTATION('',(#2354),#2358);
#2354 = LINE('',#2355,#2356);
#2355 = CARTESIAN_POINT('',(0.,0.));
#2356 = VECTOR('',#2357,1.);
#2357 = DIRECTION('',(0.,1.));
#2358 = ( GEOMETRIC_REPRESENTATION_CONTEXT(2) 
PARAMETRIC_REPRESENTATION_CONTEXT() REPRESENTATION_CONTEXT('2D SPACE',''
  ) );
#2359 = ORIENTED_EDGE('',*,*,#2360,.T.);
#2360 = EDGE_CURVE('',#2333,#2361,#2363,.T.);
#2361 = VERTEX_POINT('',#2362);
#2362 = CARTESIAN_POINT('',(380.,145.,0.));
#2363 = SURFACE_CURVE('',#2364,(#2368,#2375),.PCURVE_S1.);
#2364 = LINE('',#2365,#2366);
#2365 = CARTESIAN_POINT('',(400.,145.,0.));
#2366 = VECTOR('',#2367,1.);
#2367 = DIRECTION('',(-1.,0.,0.));
#2368 = PCURVE('',#2308,#2369);
#2369 = DEFINITIONAL_REPRESENTATION('',(#2370),#2374);
#2370 = LINE('',#2371,#2372);
#2371 = CARTESIAN_POINT('',(0.,-145.));
#2372 = VECTOR('',#2373,1.);
#2373 = DIRECTION('',(1.,0.));
#2374 = ( GEOMETRIC_REPRESENTATION_CONTEXT(2) 
PARAMETRIC_REPRESENTATION_CONTEXT() REPRESENTATION_CONTEXT('2D SPACE',''
  ) );
#2375 = PCURVE('',#2376,#2381);
#2376 = PLANE('',#2377);
#2377 = AXIS2_PLACEMENT_3D('',#2378,#2379,#2380);
#2378 = CARTESIAN_POINT('',(400.,145.,0.));
#2379 = DIRECTION('',(0.,1.,0.));
#2380 = DIRECTION('',(-1.,0.,0.));
#2381 = DEFINITIONAL_REPRESENTATION('',(#2382),#2386);
#2382 = LINE('',#2383,#2384);
#2383 = CARTESIAN_POINT('',(0.,0.));
#2384 = VECTOR('',#2385,1.);
#2385 = DIRECTION('',(1.,0.));
#2386 = ( GEOMETRIC_REPRESENTATION_CONTEXT(2) 
PARAMETRIC_REPRESENTATION_CONTEXT() REPRESENTATION_CONTEXT('2D SPACE',''
  ) );
#2387 = ORIENTED_EDGE('',*,*,#2388,.F.);
#2388 = EDGE_CURVE('',#2300,#2361,#2389,.T.);
#2389 = SURFACE_CURVE('',#2390,(#2394,#2401),.PCURVE_S1.);
#2390 = LINE('',#2391,#2392);
#2391 = CARTESIAN_POINT('',(380.,0.,0.));
#2392 = VECTOR('',#2393,1.);
#2393 = DIRECTION('',(0.,1.,0.));
#2394 = PCURVE('',#2308,#2395);
#2395 = DEFINITIONAL_REPRESENTATION('',(#2396),#2400);
#2396 = LINE('',#2397,#2398);
#2397 = CARTESIAN_POINT('',(20.,0.));
#2398 = VECTOR('',#2399,1.);
#2399 = DIRECTION('',(0.,-1.));
#2400 = ( GEOMETRIC_REPRESENTATION_CONTEXT(2) 
PARAMETRIC_REPRESENTATION_CONTEXT() REPRESENTATION_CONTEXT('2D SPACE',''
  ) );
#2401 = PCURVE('',#2402,#2407);
#2402 = PLANE('',#2403);
#2403 = AXIS2_PLACEMENT_3D('',#2404,#2405,#2406);
#2404 = CARTESIAN_POINT('',(380.,0.,0.));
#2405 = DIRECTION('',(-1.,0.,0.));
#2406 = DIRECTION('',(0.,0.,1.));
#2407 = DEFINITIONAL_REPRESENTATION('',(#2408),#2412);
#2408 = LINE('',#2409,#2410);
#2409 = CARTESIAN_POINT('',(0.,0.));
#2410 = VECTOR('',#2411,1.);
#2411 = DIRECTION('',(0.,1.));
#2412 = ( GEOMETRIC_REPRESENTATION_CONTEXT(2) 
PARAMETRIC_REPRESENTATION_CONTEXT() REPRESENTATION_CONTEXT('2D SPACE',''
  ) );
#2413 = ADVANCED_FACE('',(#2414),#2320,.F.);
#2414 = FACE_BOUND('',#2415,.F.);
#2415 = EDGE_LOOP('',(#2416,#2439,#2440,#2463));
#2416 = ORIENTED_EDGE('',*,*,#2417,.F.);
#2417 = EDGE_CURVE('',#2298,#2418,#2420,.T.);
#2418 = VERTEX_POINT('',#2419);
#2419 = CARTESIAN_POINT('',(400.,0.,450.));
#2420 = SURFACE_CURVE('',#2421,(#2425,#2432),.PCURVE_S1.);
#2421 = LINE('',#2422,#2423);
#2422 = CARTESIAN_POINT('',(400.,0.,0.));
#2423 = VECTOR('',#2424,1.);
#2424 = DIRECTION('',(0.,0.,1.));
#2425 = PCURVE('',#2320,#2426);
#2426 = DEFINITIONAL_REPRESENTATION('',(#2427),#2431);
#2427 = LINE('',#2428,#2429);
#2428 = CARTESIAN_POINT('',(0.,0.));
#2429 = VECTOR('',#2430,1.);
#2430 = DIRECTION('',(0.,1.));
#2431 = ( GEOMETRIC_REPRESENTATION_CONTEXT(2) 
PARAMETRIC_REPRESENTATION_CONTEXT() REPRESENTATION_CONTEXT('2D SPACE',''
  ) );
#2432 = PCURVE('',#2348,#2433);
#2433 = DEFINITIONAL_REPRESENTATION('',(#2434),#2438);
#2434 = LINE('',#2435,#2436);
#2435 = CARTESIAN_POINT('',(0.,0.));
#2436 = VECTOR('',#2437,1.);
#2437 = DIRECTION('',(1.,0.));
#2438 = ( GEOMETRIC_REPRESENTATION_CONTEXT(2) 
PARAMETRIC_REPRESENTATION_CONTEXT() REPRESENTATION_CONTEXT('2D SPACE',''
  ) );
#2439 = ORIENTED_EDGE('',*,*,#2297,.T.);
#2440 = ORIENTED_EDGE('',*,*,#2441,.T.);
#2441 = EDGE_CURVE('',#2300,#2442,#2444,.T.);
#2442 = VERTEX_POINT('',#2443);
#2443 = CARTESIAN_POINT('',(380.,0.,450.));
#2444 = SURFACE_CURVE('',#2445,(#2449,#2456),.PCURVE_S1.);
#2445 = LINE('',#2446,#2447);
#2446 = CARTESIAN_POINT('',(380.,0.,0.));
#2447 = VECTOR('',#2448,1.);
#2448 = DIRECTION('',(0.,0.,1.));
#2449 = PCURVE('',#2320,#2450);
#2450 = DEFINITIONAL_REPRESENTATION('',(#2451),#2455);
#2451 = LINE('',#2452,#2453);
#2452 = CARTESIAN_POINT('',(20.,0.));
#2453 = VECTOR('',#2454,1.);
#2454 = DIRECTION('',(0.,1.));
#2455 = ( GEOMETRIC_REPRESENTATION_CONTEXT(2) 
PARAMETRIC_REPRESENTATION_CONTEXT() REPRESENTATION_CONTEXT('2D SPACE',''
  ) );
#2456 = PCURVE('',#2402,#2457);
#2457 = DEFINITIONAL_REPRESENTATION('',(#2458),#2462);
#2458 = LINE('',#2459,#2460);
#2459 = CARTESIAN_POINT('',(0.,0.));
#2460 = VECTOR('',#2461,1.);
#2461 = DIRECTION('',(1.,0.));
#2462 = ( GEOMETRIC_REPRESENTATION_CONTEXT(2) 
PARAMETRIC_REPRESENTATION_CONTEXT() REPRESENTATION_CONTEXT('2D SPACE',''
  ) );
#2463 = ORIENTED_EDGE('',*,*,#2464,.F.);
#2464 = EDGE_CURVE('',#2418,#2442,#2465,.T.);
#2465 = SURFACE_CURVE('',#2466,(#2470,#2477),.PCURVE_S1.);
#2466 = LINE('',#2467,#2468);
#2467 = CARTESIAN_POINT('',(400.,0.,450.));
#2468 = VECTOR('',#2469,1.);
#2469 = DIRECTION('',(-1.,0.,0.));
#2470 = PCURVE('',#2320,#2471);
#2471 = DEFINITIONAL_REPRESENTATION('',(#2472),#2476);
#2472 = LINE('',#2473,#2474);
#2473 = CARTESIAN_POINT('',(0.,450.));
#2474 = VECTOR('',#2475,1.);
#2475 = DIRECTION('',(1.,0.));
#2476 = ( GEOMETRIC_REPRESENTATION_CONTEXT(2) 
PARAMETRIC_REPRESENTATION_CONTEXT() REPRESENTATION_CONTEXT('2D SPACE',''
  ) );
#2477 = PCURVE('',#2478,#2483);
#2478 = PLANE('',#2479);
#2479 = AXIS2_PLACEMENT_3D('',#2480,#2481,#2482);
#2480 = CARTESIAN_POINT('',(400.,0.,450.));
#2481 = DIRECTION('',(0.,0.,1.));
#2482 = DIRECTION('',(-1.,0.,0.));
#2483 = DEFINITIONAL_REPRESENTATION('',(#2484),#2488);
#2484 = LINE('',#2485,#2486);
#2485 = CARTESIAN_POINT('',(0.,0.));
#2486 = VECTOR('',#2487,1.);
#2487 = DIRECTION('',(1.,0.));
#2488 = ( GEOMETRIC_REPRESENTATION_CONTEXT(2) 
PARAMETRIC_REPRESENTATION_CONTEXT() REPRESENTATION_CONTEXT('2D SPACE',''
  ) );
#2489 = ADVANCED_FACE('',(#2490,#2538,#2573,#2608,#2643),#2402,.T.);
#2490 = FACE_BOUND('',#2491,.T.);
#2491 = EDGE_LOOP('',(#2492,#2493,#2494,#2517));
#2492 = ORIENTED_EDGE('',*,*,#2388,.F.);
#2493 = ORIENTED_EDGE('',*,*,#2441,.T.);
#2494 = ORIENTED_EDGE('',*,*,#2495,.T.);
#2495 = EDGE_CURVE('',#2442,#2496,#2498,.T.);
#2496 = VERTEX_POINT('',#2497);
#2497 = CARTESIAN_POINT('',(380.,145.,450.));
#2498 = SURFACE_CURVE('',#2499,(#2503,#2510),.PCURVE_S1.);
#2499 = LINE('',#2500,#2501);
#2500 = CARTESIAN_POINT('',(380.,0.,450.));
#2501 = VECTOR('',#2502,1.);
#2502 = DIRECTION('',(0.,1.,0.));
#2503 = PCURVE('',#2402,#2504);
#2504 = DEFINITIONAL_REPRESENTATION('',(#2505),#2509);
#2505 = LINE('',#2506,#2507);
#2506 = CARTESIAN_POINT('',(450.,0.));
#2507 = VECTOR('',#2508,1.);
#2508 = DIRECTION('',(0.,1.));
#2509 = ( GEOMETRIC_REPRESENTATION_CONTEXT(2) 
PARAMETRIC_REPRESENTATION_CONTEXT() REPRESENTATION_CONTEXT('2D SPACE',''
  ) );
#2510 = PCURVE('',#2478,#2511);
#2511 = DEFINITIONAL_REPRESENTATION('',(#2512),#2516);
#2512 = LINE('',#2513,#2514);
#2513 = CARTESIAN_POINT('',(20.,0.));
#2514 = VECTOR('',#2515,1.);
#2515 = DIRECTION('',(0.,-1.));
#2516 = ( GEOMETRIC_REPRESENTATION_CONTEXT(2) 
PARAMETRIC_REPRESENTATION_CONTEXT() REPRESENTATION_CONTEXT('2D SPACE',''
  ) );
#2517 = ORIENTED_EDGE('',*,*,#2518,.F.);
#2518 = EDGE_CURVE('',#2361,#2496,#2519,.T.);
#2519 = SURFACE_CURVE('',#2520,(#2524,#2531),.PCURVE_S1.);
#2520 = LINE('',#2521,#2522);
#2521 = CARTESIAN_POINT('',(380.,145.,0.));
#2522 = VECTOR('',#2523,1.);
#2523 = DIRECTION('',(0.,0.,1.));
#2524 = PCURVE('',#2402,#2525);
#2525 = DEFINITIONAL_REPRESENTATION('',(#2526),#2530);
#2526 = LINE('',#2527,#2528);
#2527 = CARTESIAN_POINT('',(0.,145.));
#2528 = VECTOR('',#2529,1.);
#2529 = DIRECTION('',(1.,0.));
#2530 = ( GEOMETRIC_REPRESENTATION_CONTEXT(2) 
PARAMETRIC_REPRESENTATION_CONTEXT() REPRESENTATION_CONTEXT('2D SPACE',''
  ) );
#2531 = PCURVE('',#2376,#2532);
#2532 = DEFINITIONAL_REPRESENTATION('',(#2533),#2537);
#2533 = LINE('',#2534,#2535);
#2534 = CARTESIAN_POINT('',(20.,0.));
#2535 = VECTOR('',#2536,1.);
#2536 = DIRECTION('',(0.,1.));
#2537 = ( GEOMETRIC_REPRESENTATION_CONTEXT(2) 
PARAMETRIC_REPRESENTATION_CONTEXT() REPRESENTATION_CONTEXT('2D SPACE',''
  ) );
#2538 = FACE_BOUND('',#2539,.T.);
#2539 = EDGE_LOOP('',(#2540));
#2540 = ORIENTED_EDGE('',*,*,#2541,.T.);
#2541 = EDGE_CURVE('',#2542,#2542,#2544,.T.);
#2542 = VERTEX_POINT('',#2543);
#2543 = CARTESIAN_POINT('',(380.,26.25,110.));
#2544 = SURFACE_CURVE('',#2545,(#2550,#2561),.PCURVE_S1.);
#2545 = CIRCLE('',#2546,1.25);
#2546 = AXIS2_PLACEMENT_3D('',#2547,#2548,#2549);
#2547 = CARTESIAN_POINT('',(380.,25.,110.));
#2548 = DIRECTION('',(1.,0.,-0.));
#2549 = DIRECTION('',(0.,1.,0.));
#2550 = PCURVE('',#2402,#2551);
#2551 = DEFINITIONAL_REPRESENTATION('',(#2552),#2560);
#2552 = ( BOUNDED_CURVE() B_SPLINE_CURVE(2,(#2553,#2554,#2555,#2556,
#2557,#2558,#2559),.UNSPECIFIED.,.T.,.F.) B_SPLINE_CURVE_WITH_KNOTS((1,2
    ,2,2,2,1),(-2.094395102393,0.,2.094395102393,4.188790204786,
6.28318530718,8.377580409573),.UNSPECIFIED.) CURVE() 
GEOMETRIC_REPRESENTATION_ITEM() RATIONAL_B_SPLINE_CURVE((1.,0.5,1.,0.5,
1.,0.5,1.)) REPRESENTATION_ITEM('') );
#2553 = CARTESIAN_POINT('',(110.,26.25));
#2554 = CARTESIAN_POINT('',(112.16506350946,26.25));
#2555 = CARTESIAN_POINT('',(111.08253175473,24.375));
#2556 = CARTESIAN_POINT('',(110.,22.5));
#2557 = CARTESIAN_POINT('',(108.91746824526,24.375));
#2558 = CARTESIAN_POINT('',(107.83493649053,26.25));
#2559 = CARTESIAN_POINT('',(110.,26.25));
#2560 = ( GEOMETRIC_REPRESENTATION_CONTEXT(2) 
PARAMETRIC_REPRESENTATION_CONTEXT() REPRESENTATION_CONTEXT('2D SPACE',''
  ) );
#2561 = PCURVE('',#2562,#2567);
#2562 = CYLINDRICAL_SURFACE('',#2563,1.25);
#2563 = AXIS2_PLACEMENT_3D('',#2564,#2565,#2566);
#2564 = CARTESIAN_POINT('',(400.05,25.,110.));
#2565 = DIRECTION('',(1.,-0.,-0.));
#2566 = DIRECTION('',(0.,1.,0.));
#2567 = DEFINITIONAL_REPRESENTATION('',(#2568),#2572);
#2568 = LINE('',#2569,#2570);
#2569 = CARTESIAN_POINT('',(-6.28318530718,-20.05));
#2570 = VECTOR('',#2571,1.);
#2571 = DIRECTION('',(1.,-0.));
#2572 = ( GEOMETRIC_REPRESENTATION_CONTEXT(2) 
PARAMETRIC_REPRESENTATION_CONTEXT() REPRESENTATION_CONTEXT('2D SPACE',''
  ) );
#2573 = FACE_BOUND('',#2574,.T.);
#2574 = EDGE_LOOP('',(#2575));
#2575 = ORIENTED_EDGE('',*,*,#2576,.T.);
#2576 = EDGE_CURVE('',#2577,#2577,#2579,.T.);
#2577 = VERTEX_POINT('',#2578);
#2578 = CARTESIAN_POINT('',(380.,26.25,260.));
#2579 = SURFACE_CURVE('',#2580,(#2585,#2596),.PCURVE_S1.);
#2580 = CIRCLE('',#2581,1.25);
#2581 = AXIS2_PLACEMENT_3D('',#2582,#2583,#2584);
#2582 = CARTESIAN_POINT('',(380.,25.,260.));
#2583 = DIRECTION('',(1.,0.,-0.));
#2584 = DIRECTION('',(0.,1.,0.));
#2585 = PCURVE('',#2402,#2586);
#2586 = DEFINITIONAL_REPRESENTATION('',(#2587),#2595);
#2587 = ( BOUNDED_CURVE() B_SPLINE_CURVE(2,(#2588,#2589,#2590,#2591,
#2592,#2593,#2594),.UNSPECIFIED.,.T.,.F.) B_SPLINE_CURVE_WITH_KNOTS((1,2
    ,2,2,2,1),(-2.094395102393,0.,2.094395102393,4.188790204786,
6.28318530718,8.377580409573),.UNSPECIFIED.) CURVE() 
GEOMETRIC_REPRESENTATION_ITEM() RATIONAL_B_SPLINE_CURVE((1.,0.5,1.,0.5,
1.,0.5,1.)) REPRESENTATION_ITEM('') );
#2588 = CARTESIAN_POINT('',(260.,26.25));
#2589 = CARTESIAN_POINT('',(262.16506350946,26.25));
#2590 = CARTESIAN_POINT('',(261.08253175473,24.375));
#2591 = CARTESIAN_POINT('',(260.,22.5));
#2592 = CARTESIAN_POINT('',(258.91746824526,24.375));
#2593 = CARTESIAN_POINT('',(257.83493649053,26.25));
#2594 = CARTESIAN_POINT('',(260.,26.25));
#2595 = ( GEOMETRIC_REPRESENTATION_CONTEXT(2) 
PARAMETRIC_REPRESENTATION_CONTEXT() REPRESENTATION_CONTEXT('2D SPACE',''
  ) );
#2596 = PCURVE('',#2597,#2602);
#2597 = CYLINDRICAL_SURFACE('',#2598,1.25);
#2598 = AXIS2_PLACEMENT_3D('',#2599,#2600,#2601);
#2599 = CARTESIAN_POINT('',(400.05,25.,260.));
#2600 = DIRECTION('',(1.,-0.,-0.));
#2601 = DIRECTION('',(0.,1.,0.));
#2602 = DEFINITIONAL_REPRESENTATION('',(#2603),#2607);
#2603 = LINE('',#2604,#2605);
#2604 = CARTESIAN_POINT('',(-6.28318530718,-20.05));
#2605 = VECTOR('',#2606,1.);
#2606 = DIRECTION('',(1.,-0.));
#2607 = ( GEOMETRIC_REPRESENTATION_CONTEXT(2) 
PARAMETRIC_REPRESENTATION_CONTEXT() REPRESENTATION_CONTEXT('2D SPACE',''
  ) );
#2608 = FACE_BOUND('',#2609,.T.);
#2609 = EDGE_LOOP('',(#2610));
#2610 = ORIENTED_EDGE('',*,*,#2611,.T.);
#2611 = EDGE_CURVE('',#2612,#2612,#2614,.T.);
#2612 = VERTEX_POINT('',#2613);
#2613 = CARTESIAN_POINT('',(380.,121.25,110.));
#2614 = SURFACE_CURVE('',#2615,(#2620,#2631),.PCURVE_S1.);
#2615 = CIRCLE('',#2616,1.25);
#2616 = AXIS2_PLACEMENT_3D('',#2617,#2618,#2619);
#2617 = CARTESIAN_POINT('',(380.,120.,110.));
#2618 = DIRECTION('',(1.,0.,-0.));
#2619 = DIRECTION('',(0.,1.,0.));
#2620 = PCURVE('',#2402,#2621);
#2621 = DEFINITIONAL_REPRESENTATION('',(#2622),#2630);
#2622 = ( BOUNDED_CURVE() B_SPLINE_CURVE(2,(#2623,#2624,#2625,#2626,
#2627,#2628,#2629),.UNSPECIFIED.,.T.,.F.) B_SPLINE_CURVE_WITH_KNOTS((1,2
    ,2,2,2,1),(-2.094395102393,0.,2.094395102393,4.188790204786,
6.28318530718,8.377580409573),.UNSPECIFIED.) CURVE() 
GEOMETRIC_REPRESENTATION_ITEM() RATIONAL_B_SPLINE_CURVE((1.,0.5,1.,0.5,
1.,0.5,1.)) REPRESENTATION_ITEM('') );
#2623 = CARTESIAN_POINT('',(110.,121.25));
#2624 = CARTESIAN_POINT('',(112.16506350946,121.25));
#2625 = CARTESIAN_POINT('',(111.08253175473,119.375));
#2626 = CARTESIAN_POINT('',(110.,117.5));
#2627 = CARTESIAN_POINT('',(108.91746824526,119.375));
#2628 = CARTESIAN_POINT('',(107.83493649053,121.25));
#2629 = CARTESIAN_POINT('',(110.,121.25));
#2630 = ( GEOMETRIC_REPRESENTATION_CONTEXT(2) 
PARAMETRIC_REPRESENTATION_CONTEXT() REPRESENTATION_CONTEXT('2D SPACE',''
  ) );
#2631 = PCURVE('',#2632,#2637);
#2632 = CYLINDRICAL_SURFACE('',#2633,1.25);
#2633 = AXIS2_PLACEMENT_3D('',#2634,#2635,#2636);
#2634 = CARTESIAN_POINT('',(400.05,120.,110.));
#2635 = DIRECTION('',(1.,-0.,-0.));
#2636 = DIRECTION('',(0.,1.,0.));
#2637 = DEFINITIONAL_REPRESENTATION('',(#2638),#2642);
#2638 = LINE('',#2639,#2640);
#2639 = CARTESIAN_POINT('',(-6.28318530718,-20.05));
#2640 = VECTOR('',#2641,1.);
#2641 = DIRECTION('',(1.,-0.));
#2642 = ( GEOMETRIC_REPRESENTATION_CONTEXT(2) 
PARAMETRIC_REPRESENTATION_CONTEXT() REPRESENTATION_CONTEXT('2D SPACE',''
  ) );
#2643 = FACE_BOUND('',#2644,.T.);
#2644 = EDGE_LOOP('',(#2645));
#2645 = ORIENTED_EDGE('',*,*,#2646,.T.);
#2646 = EDGE_CURVE('',#2647,#2647,#2649,.T.);
#2647 = VERTEX_POINT('',#2648);
#2648 = CARTESIAN_POINT('',(380.,121.25,260.));
#2649 = SURFACE_CURVE('',#2650,(#2655,#2666),.PCURVE_S1.);
#2650 = CIRCLE('',#2651,1.25);
#2651 = AXIS2_PLACEMENT_3D('',#2652,#2653,#2654);
#2652 = CARTESIAN_POINT('',(380.,120.,260.));
#2653 = DIRECTION('',(1.,0.,-0.));
#2654 = DIRECTION('',(0.,1.,0.));
#2655 = PCURVE('',#2402,#2656);
#2656 = DEFINITIONAL_REPRESENTATION('',(#2657),#2665);
#2657 = ( BOUNDED_CURVE() B_SPLINE_CURVE(2,(#2658,#2659,#2660,#2661,
#2662,#2663,#2664),.UNSPECIFIED.,.T.,.F.) B_SPLINE_CURVE_WITH_KNOTS((1,2
    ,2,2,2,1),(-2.094395102393,0.,2.094395102393,4.188790204786,
6.28318530718,8.377580409573),.UNSPECIFIED.) CURVE() 
GEOMETRIC_REPRESENTATION_ITEM() RATIONAL_B_SPLINE_CURVE((1.,0.5,1.,0.5,
1.,0.5,1.)) REPRESENTATION_ITEM('') );
#2658 = CARTESIAN_POINT('',(260.,121.25));
#2659 = CARTESIAN_POINT('',(262.16506350946,121.25));
#2660 = CARTESIAN_POINT('',(261.08253175473,119.375));
#2661 = CARTESIAN_POINT('',(260.,117.5));
#2662 = CARTESIAN_POINT('',(258.91746824526,119.375));
#2663 = CARTESIAN_POINT('',(257.83493649053,121.25));
#2664 = CARTESIAN_POINT('',(260.,121.25));
#2665 = ( GEOMETRIC_REPRESENTATION_CONTEXT(2) 
PARAMETRIC_REPRESENTATION_CONTEXT() REPRESENTATION_CONTEXT('2D SPACE',''
  ) );
#2666 = PCURVE('',#2667,#2672);
#2667 = CYLINDRICAL_SURFACE('',#2668,1.25);
#2668 = AXIS2_PLACEMENT_3D('',#2669,#2670,#2671);
#2669 = CARTESIAN_POINT('',(400.05,120.,260.));
#2670 = DIRECTION('',(1.,-0.,-0.));
#2671 = DIRECTION('',(0.,1.,0.));
#2672 = DEFINITIONAL_REPRESENTATION('',(#2673),#2677);
#2673 = LINE('',#2674,#2675);
#2674 = CARTESIAN_POINT('',(-6.28318530718,-20.05));
#2675 = VECTOR('',#2676,1.);
#2676 = DIRECTION('',(1.,-0.));
#2677 = ( GEOMETRIC_REPRESENTATION_CONTEXT(2) 
PARAMETRIC_REPRESENTATION_CONTEXT() REPRESENTATION_CONTEXT('2D SPACE',''
  ) );
#2678 = ADVANCED_FACE('',(#2679),#2376,.T.);
#2679 = FACE_BOUND('',#2680,.T.);
#2680 = EDGE_LOOP('',(#2681,#2704,#2705,#2706));
#2681 = ORIENTED_EDGE('',*,*,#2682,.F.);
#2682 = EDGE_CURVE('',#2333,#2683,#2685,.T.);
#2683 = VERTEX_POINT('',#2684);
#2684 = CARTESIAN_POINT('',(400.,145.,450.));
#2685 = SURFACE_CURVE('',#2686,(#2690,#2697),.PCURVE_S1.);
#2686 = LINE('',#2687,#2688);
#2687 = CARTESIAN_POINT('',(400.,145.,0.));
#2688 = VECTOR('',#2689,1.);
#2689 = DIRECTION('',(0.,0.,1.));
#2690 = PCURVE('',#2376,#2691);
#2691 = DEFINITIONAL_REPRESENTATION('',(#2692),#2696);
#2692 = LINE('',#2693,#2694);
#2693 = CARTESIAN_POINT('',(0.,0.));
#2694 = VECTOR('',#2695,1.);
#2695 = DIRECTION('',(0.,1.));
#2696 = ( GEOMETRIC_REPRESENTATION_CONTEXT(2) 
PARAMETRIC_REPRESENTATION_CONTEXT() REPRESENTATION_CONTEXT('2D SPACE',''
  ) );
#2697 = PCURVE('',#2348,#2698);
#2698 = DEFINITIONAL_REPRESENTATION('',(#2699),#2703);
#2699 = LINE('',#2700,#2701);
#2700 = CARTESIAN_POINT('',(0.,145.));
#2701 = VECTOR('',#2702,1.);
#2702 = DIRECTION('',(1.,0.));
#2703 = ( GEOMETRIC_REPRESENTATION_CONTEXT(2) 
PARAMETRIC_REPRESENTATION_CONTEXT() REPRESENTATION_CONTEXT('2D SPACE',''
  ) );
#2704 = ORIENTED_EDGE('',*,*,#2360,.T.);
#2705 = ORIENTED_EDGE('',*,*,#2518,.T.);
#2706 = ORIENTED_EDGE('',*,*,#2707,.F.);
#2707 = EDGE_CURVE('',#2683,#2496,#2708,.T.);
#2708 = SURFACE_CURVE('',#2709,(#2713,#2720),.PCURVE_S1.);
#2709 = LINE('',#2710,#2711);
#2710 = CARTESIAN_POINT('',(400.,145.,450.));
#2711 = VECTOR('',#2712,1.);
#2712 = DIRECTION('',(-1.,0.,0.));
#2713 = PCURVE('',#2376,#2714);
#2714 = DEFINITIONAL_REPRESENTATION('',(#2715),#2719);
#2715 = LINE('',#2716,#2717);
#2716 = CARTESIAN_POINT('',(0.,450.));
#2717 = VECTOR('',#2718,1.);
#2718 = DIRECTION('',(1.,0.));
#2719 = ( GEOMETRIC_REPRESENTATION_CONTEXT(2) 
PARAMETRIC_REPRESENTATION_CONTEXT() REPRESENTATION_CONTEXT('2D SPACE',''
  ) );
#2720 = PCURVE('',#2478,#2721);
#2721 = DEFINITIONAL_REPRESENTATION('',(#2722),#2726);
#2722 = LINE('',#2723,#2724);
#2723 = CARTESIAN_POINT('',(0.,-145.));
#2724 = VECTOR('',#2725,1.);
#2725 = DIRECTION('',(1.,0.));
#2726 = ( GEOMETRIC_REPRESENTATION_CONTEXT(2) 
PARAMETRIC_REPRESENTATION_CONTEXT() REPRESENTATION_CONTEXT('2D SPACE',''
  ) );
#2727 = ADVANCED_FACE('',(#2728,#2754,#2785,#2816,#2847),#2348,.F.);
#2728 = FACE_BOUND('',#2729,.F.);
#2729 = EDGE_LOOP('',(#2730,#2731,#2732,#2753));
#2730 = ORIENTED_EDGE('',*,*,#2332,.F.);
#2731 = ORIENTED_EDGE('',*,*,#2417,.T.);
#2732 = ORIENTED_EDGE('',*,*,#2733,.T.);
#2733 = EDGE_CURVE('',#2418,#2683,#2734,.T.);
#2734 = SURFACE_CURVE('',#2735,(#2739,#2746),.PCURVE_S1.);
#2735 = LINE('',#2736,#2737);
#2736 = CARTESIAN_POINT('',(400.,0.,450.));
#2737 = VECTOR('',#2738,1.);
#2738 = DIRECTION('',(0.,1.,0.));
#2739 = PCURVE('',#2348,#2740);
#2740 = DEFINITIONAL_REPRESENTATION('',(#2741),#2745);
#2741 = LINE('',#2742,#2743);
#2742 = CARTESIAN_POINT('',(450.,0.));
#2743 = VECTOR('',#2744,1.);
#2744 = DIRECTION('',(0.,1.));
#2745 = ( GEOMETRIC_REPRESENTATION_CONTEXT(2) 
PARAMETRIC_REPRESENTATION_CONTEXT() REPRESENTATION_CONTEXT('2D SPACE',''
  ) );
#2746 = PCURVE('',#2478,#2747);
#2747 = DEFINITIONAL_REPRESENTATION('',(#2748),#2752);
#2748 = LINE('',#2749,#2750);
#2749 = CARTESIAN_POINT('',(0.,0.));
#2750 = VECTOR('',#2751,1.);
#2751 = DIRECTION('',(0.,-1.));
#2752 = ( GEOMETRIC_REPRESENTATION_CONTEXT(2) 
PARAMETRIC_REPRESENTATION_CONTEXT() REPRESENTATION_CONTEXT('2D SPACE',''
  ) );
#2753 = ORIENTED_EDGE('',*,*,#2682,.F.);
#2754 = FACE_BOUND('',#2755,.F.);
#2755 = EDGE_LOOP('',(#2756));
#2756 = ORIENTED_EDGE('',*,*,#2757,.F.);
#2757 = EDGE_CURVE('',#2758,#2758,#2760,.T.);
#2758 = VERTEX_POINT('',#2759);
#2759 = CARTESIAN_POINT('',(400.,25.,106.2));
#2760 = SURFACE_CURVE('',#2761,(#2766,#2773),.PCURVE_S1.);
#2761 = CIRCLE('',#2762,3.8);
#2762 = AXIS2_PLACEMENT_3D('',#2763,#2764,#2765);
#2763 = CARTESIAN_POINT('',(400.,25.,110.));
#2764 = DIRECTION('',(-1.,0.,0.));
#2765 = DIRECTION('',(0.,0.,-1.));
#2766 = PCURVE('',#2348,#2767);
#2767 = DEFINITIONAL_REPRESENTATION('',(#2768),#2772);
#2768 = CIRCLE('',#2769,3.8);
#2769 = AXIS2_PLACEMENT_2D('',#2770,#2771);
#2770 = CARTESIAN_POINT('',(110.,25.));
#2771 = DIRECTION('',(-1.,0.));
#2772 = ( GEOMETRIC_REPRESENTATION_CONTEXT(2) 
PARAMETRIC_REPRESENTATION_CONTEXT() REPRESENTATION_CONTEXT('2D SPACE',''
  ) );
#2773 = PCURVE('',#2774,#2779);
#2774 = CONICAL_SURFACE('',#2775,3.85,0.785398163397);
#2775 = AXIS2_PLACEMENT_3D('',#2776,#2777,#2778);
#2776 = CARTESIAN_POINT('',(400.05,25.,110.));
#2777 = DIRECTION('',(1.,-0.,-0.));
#2778 = DIRECTION('',(0.,0.,-1.));
#2779 = DEFINITIONAL_REPRESENTATION('',(#2780),#2784);
#2780 = LINE('',#2781,#2782);
#2781 = CARTESIAN_POINT('',(-0.,-5.000000000001E-02));
#2782 = VECTOR('',#2783,1.);
#2783 = DIRECTION('',(-1.,-0.));
#2784 = ( GEOMETRIC_REPRESENTATION_CONTEXT(2) 
PARAMETRIC_REPRESENTATION_CONTEXT() REPRESENTATION_CONTEXT('2D SPACE',''
  ) );
#2785 = FACE_BOUND('',#2786,.F.);
#2786 = EDGE_LOOP('',(#2787));
#2787 = ORIENTED_EDGE('',*,*,#2788,.F.);
#2788 = EDGE_CURVE('',#2789,#2789,#2791,.T.);
#2789 = VERTEX_POINT('',#2790);
#2790 = CARTESIAN_POINT('',(400.,25.,256.2));
#2791 = SURFACE_CURVE('',#2792,(#2797,#2804),.PCURVE_S1.);
#2792 = CIRCLE('',#2793,3.8);
#2793 = AXIS2_PLACEMENT_3D('',#2794,#2795,#2796);
#2794 = CARTESIAN_POINT('',(400.,25.,260.));
#2795 = DIRECTION('',(-1.,0.,0.));
#2796 = DIRECTION('',(0.,0.,-1.));
#2797 = PCURVE('',#2348,#2798);
#2798 = DEFINITIONAL_REPRESENTATION('',(#2799),#2803);
#2799 = CIRCLE('',#2800,3.8);
#2800 = AXIS2_PLACEMENT_2D('',#2801,#2802);
#2801 = CARTESIAN_POINT('',(260.,25.));
#2802 = DIRECTION('',(-1.,0.));
#2803 = ( GEOMETRIC_REPRESENTATION_CONTEXT(2) 
PARAMETRIC_REPRESENTATION_CONTEXT() REPRESENTATION_CONTEXT('2D SPACE',''
  ) );
#2804 = PCURVE('',#2805,#2810);
#2805 = CONICAL_SURFACE('',#2806,3.85,0.785398163397);
#2806 = AXIS2_PLACEMENT_3D('',#2807,#2808,#2809);
#2807 = CARTESIAN_POINT('',(400.05,25.,260.));
#2808 = DIRECTION('',(1.,-0.,-0.));
#2809 = DIRECTION('',(0.,0.,-1.));
#2810 = DEFINITIONAL_REPRESENTATION('',(#2811),#2815);
#2811 = LINE('',#2812,#2813);
#2812 = CARTESIAN_POINT('',(-0.,-5.000000000001E-02));
#2813 = VECTOR('',#2814,1.);
#2814 = DIRECTION('',(-1.,-0.));
#2815 = ( GEOMETRIC_REPRESENTATION_CONTEXT(2) 
PARAMETRIC_REPRESENTATION_CONTEXT() REPRESENTATION_CONTEXT('2D SPACE',''
  ) );
#2816 = FACE_BOUND('',#2817,.F.);
#2817 = EDGE_LOOP('',(#2818));
#2818 = ORIENTED_EDGE('',*,*,#2819,.F.);
#2819 = EDGE_CURVE('',#2820,#2820,#2822,.T.);
#2820 = VERTEX_POINT('',#2821);
#2821 = CARTESIAN_POINT('',(400.,120.,106.2));
#2822 = SURFACE_CURVE('',#2823,(#2828,#2835),.PCURVE_S1.);
#2823 = CIRCLE('',#2824,3.8);
#2824 = AXIS2_PLACEMENT_3D('',#2825,#2826,#2827);
#2825 = CARTESIAN_POINT('',(400.,120.,110.));
#2826 = DIRECTION('',(-1.,0.,0.));
#2827 = DIRECTION('',(0.,0.,-1.));
#2828 = PCURVE('',#2348,#2829);
#2829 = DEFINITIONAL_REPRESENTATION('',(#2830),#2834);
#2830 = CIRCLE('',#2831,3.8);
#2831 = AXIS2_PLACEMENT_2D('',#2832,#2833);
#2832 = CARTESIAN_POINT('',(110.,120.));
#2833 = DIRECTION('',(-1.,0.));
#2834 = ( GEOMETRIC_REPRESENTATION_CONTEXT(2) 
PARAMETRIC_REPRESENTATION_CONTEXT() REPRESENTATION_CONTEXT('2D SPACE',''
  ) );
#2835 = PCURVE('',#2836,#2841);
#2836 = CONICAL_SURFACE('',#2837,3.85,0.785398163397);
#2837 = AXIS2_PLACEMENT_3D('',#2838,#2839,#2840);
#2838 = CARTESIAN_POINT('',(400.05,120.,110.));
#2839 = DIRECTION('',(1.,-0.,-0.));
#2840 = DIRECTION('',(0.,0.,-1.));
#2841 = DEFINITIONAL_REPRESENTATION('',(#2842),#2846);
#2842 = LINE('',#2843,#2844);
#2843 = CARTESIAN_POINT('',(-0.,-5.000000000001E-02));
#2844 = VECTOR('',#2845,1.);
#2845 = DIRECTION('',(-1.,-0.));
#2846 = ( GEOMETRIC_REPRESENTATION_CONTEXT(2) 
PARAMETRIC_REPRESENTATION_CONTEXT() REPRESENTATION_CONTEXT('2D SPACE',''
  ) );
#2847 = FACE_BOUND('',#2848,.F.);
#2848 = EDGE_LOOP('',(#2849));
#2849 = ORIENTED_EDGE('',*,*,#2850,.F.);
#2850 = EDGE_CURVE('',#2851,#2851,#2853,.T.);
#2851 = VERTEX_POINT('',#2852);
#2852 = CARTESIAN_POINT('',(400.,120.,256.2));
#2853 = SURFACE_CURVE('',#2854,(#2859,#2866),.PCURVE_S1.);
#2854 = CIRCLE('',#2855,3.8);
#2855 = AXIS2_PLACEMENT_3D('',#2856,#2857,#2858);
#2856 = CARTESIAN_POINT('',(400.,120.,260.));
#2857 = DIRECTION('',(-1.,0.,0.));
#2858 = DIRECTION('',(0.,0.,-1.));
#2859 = PCURVE('',#2348,#2860);
#2860 = DEFINITIONAL_REPRESENTATION('',(#2861),#2865);
#2861 = CIRCLE('',#2862,3.8);
#2862 = AXIS2_PLACEMENT_2D('',#2863,#2864);
#2863 = CARTESIAN_POINT('',(260.,120.));
#2864 = DIRECTION('',(-1.,0.));
#2865 = ( GEOMETRIC_REPRESENTATION_CONTEXT(2) 
PARAMETRIC_REPRESENTATION_CONTEXT() REPRESENTATION_CONTEXT('2D SPACE',''
  ) );
#2866 = PCURVE('',#2867,#2872);
#2867 = CONICAL_SURFACE('',#2868,3.85,0.785398163397);
#2868 = AXIS2_PLACEMENT_3D('',#2869,#2870,#2871);
#2869 = CARTESIAN_POINT('',(400.05,120.,260.));
#2870 = DIRECTION('',(1.,-0.,-0.));
#2871 = DIRECTION('',(0.,0.,-1.));
#2872 = DEFINITIONAL_REPRESENTATION('',(#2873),#2877);
#2873 = LINE('',#2874,#2875);
#2874 = CARTESIAN_POINT('',(-0.,-5.000000000001E-02));
#2875 = VECTOR('',#2876,1.);
#2876 = DIRECTION('',(-1.,-0.));
#2877 = ( GEOMETRIC_REPRESENTATION_CONTEXT(2) 
PARAMETRIC_REPRESENTATION_CONTEXT() REPRESENTATION_CONTEXT('2D SPACE',''
  ) );
#2878 = ADVANCED_FACE('',(#2879),#2478,.T.);
#2879 = FACE_BOUND('',#2880,.T.);
#2880 = EDGE_LOOP('',(#2881,#2882,#2883,#2884));
#2881 = ORIENTED_EDGE('',*,*,#2464,.F.);
#2882 = ORIENTED_EDGE('',*,*,#2733,.T.);
#2883 = ORIENTED_EDGE('',*,*,#2707,.T.);
#2884 = ORIENTED_EDGE('',*,*,#2495,.F.);
#2885 = ADVANCED_FACE('',(#2886),#2562,.F.);
#2886 = FACE_BOUND('',#2887,.T.);
#2887 = EDGE_LOOP('',(#2888,#2911,#2935,#2957,#2958));
#2888 = ORIENTED_EDGE('',*,*,#2889,.F.);
#2889 = EDGE_CURVE('',#2890,#2542,#2892,.T.);
#2890 = VERTEX_POINT('',#2891);
#2891 = CARTESIAN_POINT('',(397.45,26.25,110.));
#2892 = SEAM_CURVE('',#2893,(#2897,#2904),.PCURVE_S1.);
#2893 = LINE('',#2894,#2895);
#2894 = CARTESIAN_POINT('',(400.05,26.25,110.));
#2895 = VECTOR('',#2896,1.);
#2896 = DIRECTION('',(-1.,0.,0.));
#2897 = PCURVE('',#2562,#2898);
#2898 = DEFINITIONAL_REPRESENTATION('',(#2899),#2903);
#2899 = LINE('',#2900,#2901);
#2900 = CARTESIAN_POINT('',(-6.28318530718,0.));
#2901 = VECTOR('',#2902,1.);
#2902 = DIRECTION('',(-0.,-1.));
#2903 = ( GEOMETRIC_REPRESENTATION_CONTEXT(2) 
PARAMETRIC_REPRESENTATION_CONTEXT() REPRESENTATION_CONTEXT('2D SPACE',''
  ) );
#2904 = PCURVE('',#2562,#2905);
#2905 = DEFINITIONAL_REPRESENTATION('',(#2906),#2910);
#2906 = LINE('',#2907,#2908);
#2907 = CARTESIAN_POINT('',(-0.,0.));
#2908 = VECTOR('',#2909,1.);
#2909 = DIRECTION('',(-0.,-1.));
#2910 = ( GEOMETRIC_REPRESENTATION_CONTEXT(2) 
PARAMETRIC_REPRESENTATION_CONTEXT() REPRESENTATION_CONTEXT('2D SPACE',''
  ) );
#2911 = ORIENTED_EDGE('',*,*,#2912,.F.);
#2912 = EDGE_CURVE('',#2913,#2890,#2915,.T.);
#2913 = VERTEX_POINT('',#2914);
#2914 = CARTESIAN_POINT('',(397.45,25.,108.75));
#2915 = SURFACE_CURVE('',#2916,(#2921,#2928),.PCURVE_S1.);
#2916 = CIRCLE('',#2917,1.25);
#2917 = AXIS2_PLACEMENT_3D('',#2918,#2919,#2920);
#2918 = CARTESIAN_POINT('',(397.45,25.,110.));
#2919 = DIRECTION('',(-1.,0.,0.));
#2920 = DIRECTION('',(0.,0.,-1.));
#2921 = PCURVE('',#2562,#2922);
#2922 = DEFINITIONAL_REPRESENTATION('',(#2923),#2927);
#2923 = LINE('',#2924,#2925);
#2924 = CARTESIAN_POINT('',(-1.570796326795,-2.6));
#2925 = VECTOR('',#2926,1.);
#2926 = DIRECTION('',(-1.,0.));
#2927 = ( GEOMETRIC_REPRESENTATION_CONTEXT(2) 
PARAMETRIC_REPRESENTATION_CONTEXT() REPRESENTATION_CONTEXT('2D SPACE',''
  ) );
#2928 = PCURVE('',#2774,#2929);
#2929 = DEFINITIONAL_REPRESENTATION('',(#2930),#2934);
#2930 = LINE('',#2931,#2932);
#2931 = CARTESIAN_POINT('',(-0.,-2.6));
#2932 = VECTOR('',#2933,1.);
#2933 = DIRECTION('',(-1.,-0.));
#2934 = ( GEOMETRIC_REPRESENTATION_CONTEXT(2) 
PARAMETRIC_REPRESENTATION_CONTEXT() REPRESENTATION_CONTEXT('2D SPACE',''
  ) );
#2935 = ORIENTED_EDGE('',*,*,#2936,.F.);
#2936 = EDGE_CURVE('',#2890,#2913,#2937,.T.);
#2937 = SURFACE_CURVE('',#2938,(#2943,#2950),.PCURVE_S1.);
#2938 = CIRCLE('',#2939,1.25);
#2939 = AXIS2_PLACEMENT_3D('',#2940,#2941,#2942);
#2940 = CARTESIAN_POINT('',(397.45,25.,110.));
#2941 = DIRECTION('',(-1.,0.,0.));
#2942 = DIRECTION('',(0.,0.,-1.));
#2943 = PCURVE('',#2562,#2944);
#2944 = DEFINITIONAL_REPRESENTATION('',(#2945),#2949);
#2945 = LINE('',#2946,#2947);
#2946 = CARTESIAN_POINT('',(4.712388980385,-2.6));
#2947 = VECTOR('',#2948,1.);
#2948 = DIRECTION('',(-1.,0.));
#2949 = ( GEOMETRIC_REPRESENTATION_CONTEXT(2) 
PARAMETRIC_REPRESENTATION_CONTEXT() REPRESENTATION_CONTEXT('2D SPACE',''
  ) );
#2950 = PCURVE('',#2774,#2951);
#2951 = DEFINITIONAL_REPRESENTATION('',(#2952),#2956);
#2952 = LINE('',#2953,#2954);
#2953 = CARTESIAN_POINT('',(-0.,-2.6));
#2954 = VECTOR('',#2955,1.);
#2955 = DIRECTION('',(-1.,-0.));
#2956 = ( GEOMETRIC_REPRESENTATION_CONTEXT(2) 
PARAMETRIC_REPRESENTATION_CONTEXT() REPRESENTATION_CONTEXT('2D SPACE',''
  ) );
#2957 = ORIENTED_EDGE('',*,*,#2889,.T.);
#2958 = ORIENTED_EDGE('',*,*,#2541,.F.);
#2959 = ADVANCED_FACE('',(#2960),#2597,.F.);
#2960 = FACE_BOUND('',#2961,.T.);
#2961 = EDGE_LOOP('',(#2962,#2985,#3009,#3031,#3032));
#2962 = ORIENTED_EDGE('',*,*,#2963,.F.);
#2963 = EDGE_CURVE('',#2964,#2577,#2966,.T.);
#2964 = VERTEX_POINT('',#2965);
#2965 = CARTESIAN_POINT('',(397.45,26.25,260.));
#2966 = SEAM_CURVE('',#2967,(#2971,#2978),.PCURVE_S1.);
#2967 = LINE('',#2968,#2969);
#2968 = CARTESIAN_POINT('',(400.05,26.25,260.));
#2969 = VECTOR('',#2970,1.);
#2970 = DIRECTION('',(-1.,0.,0.));
#2971 = PCURVE('',#2597,#2972);
#2972 = DEFINITIONAL_REPRESENTATION('',(#2973),#2977);
#2973 = LINE('',#2974,#2975);
#2974 = CARTESIAN_POINT('',(-6.28318530718,0.));
#2975 = VECTOR('',#2976,1.);
#2976 = DIRECTION('',(-0.,-1.));
#2977 = ( GEOMETRIC_REPRESENTATION_CONTEXT(2) 
PARAMETRIC_REPRESENTATION_CONTEXT() REPRESENTATION_CONTEXT('2D SPACE',''
  ) );
#2978 = PCURVE('',#2597,#2979);
#2979 = DEFINITIONAL_REPRESENTATION('',(#2980),#2984);
#2980 = LINE('',#2981,#2982);
#2981 = CARTESIAN_POINT('',(-0.,0.));
#2982 = VECTOR('',#2983,1.);
#2983 = DIRECTION('',(-0.,-1.));
#2984 = ( GEOMETRIC_REPRESENTATION_CONTEXT(2) 
PARAMETRIC_REPRESENTATION_CONTEXT() REPRESENTATION_CONTEXT('2D SPACE',''
  ) );
#2985 = ORIENTED_EDGE('',*,*,#2986,.F.);
#2986 = EDGE_CURVE('',#2987,#2964,#2989,.T.);
#2987 = VERTEX_POINT('',#2988);
#2988 = CARTESIAN_POINT('',(397.45,25.,258.75));
#2989 = SURFACE_CURVE('',#2990,(#2995,#3002),.PCURVE_S1.);
#2990 = CIRCLE('',#2991,1.25);
#2991 = AXIS2_PLACEMENT_3D('',#2992,#2993,#2994);
#2992 = CARTESIAN_POINT('',(397.45,25.,260.));
#2993 = DIRECTION('',(-1.,0.,0.));
#2994 = DIRECTION('',(0.,0.,-1.));
#2995 = PCURVE('',#2597,#2996);
#2996 = DEFINITIONAL_REPRESENTATION('',(#2997),#3001);
#2997 = LINE('',#2998,#2999);
#2998 = CARTESIAN_POINT('',(-1.570796326795,-2.6));
#2999 = VECTOR('',#3000,1.);
#3000 = DIRECTION('',(-1.,0.));
#3001 = ( GEOMETRIC_REPRESENTATION_CONTEXT(2) 
PARAMETRIC_REPRESENTATION_CONTEXT() REPRESENTATION_CONTEXT('2D SPACE',''
  ) );
#3002 = PCURVE('',#2805,#3003);
#3003 = DEFINITIONAL_REPRESENTATION('',(#3004),#3008);
#3004 = LINE('',#3005,#3006);
#3005 = CARTESIAN_POINT('',(-0.,-2.6));
#3006 = VECTOR('',#3007,1.);
#3007 = DIRECTION('',(-1.,-0.));
#3008 = ( GEOMETRIC_REPRESENTATION_CONTEXT(2) 
PARAMETRIC_REPRESENTATION_CONTEXT() REPRESENTATION_CONTEXT('2D SPACE',''
  ) );
#3009 = ORIENTED_EDGE('',*,*,#3010,.F.);
#3010 = EDGE_CURVE('',#2964,#2987,#3011,.T.);
#3011 = SURFACE_CURVE('',#3012,(#3017,#3024),.PCURVE_S1.);
#3012 = CIRCLE('',#3013,1.25);
#3013 = AXIS2_PLACEMENT_3D('',#3014,#3015,#3016);
#3014 = CARTESIAN_POINT('',(397.45,25.,260.));
#3015 = DIRECTION('',(-1.,0.,0.));
#3016 = DIRECTION('',(0.,0.,-1.));
#3017 = PCURVE('',#2597,#3018);
#3018 = DEFINITIONAL_REPRESENTATION('',(#3019),#3023);
#3019 = LINE('',#3020,#3021);
#3020 = CARTESIAN_POINT('',(4.712388980385,-2.6));
#3021 = VECTOR('',#3022,1.);
#3022 = DIRECTION('',(-1.,0.));
#3023 = ( GEOMETRIC_REPRESENTATION_CONTEXT(2) 
PARAMETRIC_REPRESENTATION_CONTEXT() REPRESENTATION_CONTEXT('2D SPACE',''
  ) );
#3024 = PCURVE('',#2805,#3025);
#3025 = DEFINITIONAL_REPRESENTATION('',(#3026),#3030);
#3026 = LINE('',#3027,#3028);
#3027 = CARTESIAN_POINT('',(-0.,-2.6));
#3028 = VECTOR('',#3029,1.);
#3029 = DIRECTION('',(-1.,-0.));
#3030 = ( GEOMETRIC_REPRESENTATION_CONTEXT(2) 
PARAMETRIC_REPRESENTATION_CONTEXT() REPRESENTATION_CONTEXT('2D SPACE',''
  ) );
#3031 = ORIENTED_EDGE('',*,*,#2963,.T.);
#3032 = ORIENTED_EDGE('',*,*,#2576,.F.);
#3033 = ADVANCED_FACE('',(#3034),#2632,.F.);
#3034 = FACE_BOUND('',#3035,.T.);
#3035 = EDGE_LOOP('',(#3036,#3059,#3083,#3105,#3106));
#3036 = ORIENTED_EDGE('',*,*,#3037,.F.);
#3037 = EDGE_CURVE('',#3038,#2612,#3040,.T.);
#3038 = VERTEX_POINT('',#3039);
#3039 = CARTESIAN_POINT('',(397.45,121.25,110.));
#3040 = SEAM_CURVE('',#3041,(#3045,#3052),.PCURVE_S1.);
#3041 = LINE('',#3042,#3043);
#3042 = CARTESIAN_POINT('',(400.05,121.25,110.));
#3043 = VECTOR('',#3044,1.);
#3044 = DIRECTION('',(-1.,0.,0.));
#3045 = PCURVE('',#2632,#3046);
#3046 = DEFINITIONAL_REPRESENTATION('',(#3047),#3051);
#3047 = LINE('',#3048,#3049);
#3048 = CARTESIAN_POINT('',(-6.28318530718,0.));
#3049 = VECTOR('',#3050,1.);
#3050 = DIRECTION('',(-0.,-1.));
#3051 = ( GEOMETRIC_REPRESENTATION_CONTEXT(2) 
PARAMETRIC_REPRESENTATION_CONTEXT() REPRESENTATION_CONTEXT('2D SPACE',''
  ) );
#3052 = PCURVE('',#2632,#3053);
#3053 = DEFINITIONAL_REPRESENTATION('',(#3054),#3058);
#3054 = LINE('',#3055,#3056);
#3055 = CARTESIAN_POINT('',(-0.,0.));
#3056 = VECTOR('',#3057,1.);
#3057 = DIRECTION('',(-0.,-1.));
#3058 = ( GEOMETRIC_REPRESENTATION_CONTEXT(2) 
PARAMETRIC_REPRESENTATION_CONTEXT() REPRESENTATION_CONTEXT('2D SPACE',''
  ) );
#3059 = ORIENTED_EDGE('',*,*,#3060,.F.);
#3060 = EDGE_CURVE('',#3061,#3038,#3063,.T.);
#3061 = VERTEX_POINT('',#3062);
#3062 = CARTESIAN_POINT('',(397.45,120.,108.75));
#3063 = SURFACE_CURVE('',#3064,(#3069,#3076),.PCURVE_S1.);
#3064 = CIRCLE('',#3065,1.25);
#3065 = AXIS2_PLACEMENT_3D('',#3066,#3067,#3068);
#3066 = CARTESIAN_POINT('',(397.45,120.,110.));
#3067 = DIRECTION('',(-1.,0.,0.));
#3068 = DIRECTION('',(0.,0.,-1.));
#3069 = PCURVE('',#2632,#3070);
#3070 = DEFINITIONAL_REPRESENTATION('',(#3071),#3075);
#3071 = LINE('',#3072,#3073);
#3072 = CARTESIAN_POINT('',(-1.570796326795,-2.6));
#3073 = VECTOR('',#3074,1.);
#3074 = DIRECTION('',(-1.,0.));
#3075 = ( GEOMETRIC_REPRESENTATION_CONTEXT(2) 
PARAMETRIC_REPRESENTATION_CONTEXT() REPRESENTATION_CONTEXT('2D SPACE',''
  ) );
#3076 = PCURVE('',#2836,#3077);
#3077 = DEFINITIONAL_REPRESENTATION('',(#3078),#3082);
#3078 = LINE('',#3079,#3080);
#3079 = CARTESIAN_POINT('',(-0.,-2.6));
#3080 = VECTOR('',#3081,1.);
#3081 = DIRECTION('',(-1.,-0.));
#3082 = ( GEOMETRIC_REPRESENTATION_CONTEXT(2) 
PARAMETRIC_REPRESENTATION_CONTEXT() REPRESENTATION_CONTEXT('2D SPACE',''
  ) );
#3083 = ORIENTED_EDGE('',*,*,#3084,.F.);
#3084 = EDGE_CURVE('',#3038,#3061,#3085,.T.);
#3085 = SURFACE_CURVE('',#3086,(#3091,#3098),.PCURVE_S1.);
#3086 = CIRCLE('',#3087,1.25);
#3087 = AXIS2_PLACEMENT_3D('',#3088,#3089,#3090);
#3088 = CARTESIAN_POINT('',(397.45,120.,110.));
#3089 = DIRECTION('',(-1.,0.,0.));
#3090 = DIRECTION('',(0.,0.,-1.));
#3091 = PCURVE('',#2632,#3092);
#3092 = DEFINITIONAL_REPRESENTATION('',(#3093),#3097);
#3093 = LINE('',#3094,#3095);
#3094 = CARTESIAN_POINT('',(4.712388980385,-2.6));
#3095 = VECTOR('',#3096,1.);
#3096 = DIRECTION('',(-1.,0.));
#3097 = ( GEOMETRIC_REPRESENTATION_CONTEXT(2) 
PARAMETRIC_REPRESENTATION_CONTEXT() REPRESENTATION_CONTEXT('2D SPACE',''
  ) );
#3098 = PCURVE('',#2836,#3099);
#3099 = DEFINITIONAL_REPRESENTATION('',(#3100),#3104);
#3100 = LINE('',#3101,#3102);
#3101 = CARTESIAN_POINT('',(-0.,-2.6));
#3102 = VECTOR('',#3103,1.);
#3103 = DIRECTION('',(-1.,-0.));
#3104 = ( GEOMETRIC_REPRESENTATION_CONTEXT(2) 
PARAMETRIC_REPRESENTATION_CONTEXT() REPRESENTATION_CONTEXT('2D SPACE',''
  ) );
#3105 = ORIENTED_EDGE('',*,*,#3037,.T.);
#3106 = ORIENTED_EDGE('',*,*,#2611,.F.);
#3107 = ADVANCED_FACE('',(#3108),#2667,.F.);
#3108 = FACE_BOUND('',#3109,.T.);
#3109 = EDGE_LOOP('',(#3110,#3133,#3157,#3179,#3180));
#3110 = ORIENTED_EDGE('',*,*,#3111,.F.);
#3111 = EDGE_CURVE('',#3112,#2647,#3114,.T.);
#3112 = VERTEX_POINT('',#3113);
#3113 = CARTESIAN_POINT('',(397.45,121.25,260.));
#3114 = SEAM_CURVE('',#3115,(#3119,#3126),.PCURVE_S1.);
#3115 = LINE('',#3116,#3117);
#3116 = CARTESIAN_POINT('',(400.05,121.25,260.));
#3117 = VECTOR('',#3118,1.);
#3118 = DIRECTION('',(-1.,0.,0.));
#3119 = PCURVE('',#2667,#3120);
#3120 = DEFINITIONAL_REPRESENTATION('',(#3121),#3125);
#3121 = LINE('',#3122,#3123);
#3122 = CARTESIAN_POINT('',(-6.28318530718,0.));
#3123 = VECTOR('',#3124,1.);
#3124 = DIRECTION('',(-0.,-1.));
#3125 = ( GEOMETRIC_REPRESENTATION_CONTEXT(2) 
PARAMETRIC_REPRESENTATION_CONTEXT() REPRESENTATION_CONTEXT('2D SPACE',''
  ) );
#3126 = PCURVE('',#2667,#3127);
#3127 = DEFINITIONAL_REPRESENTATION('',(#3128),#3132);
#3128 = LINE('',#3129,#3130);
#3129 = CARTESIAN_POINT('',(-0.,0.));
#3130 = VECTOR('',#3131,1.);
#3131 = DIRECTION('',(-0.,-1.));
#3132 = ( GEOMETRIC_REPRESENTATION_CONTEXT(2) 
PARAMETRIC_REPRESENTATION_CONTEXT() REPRESENTATION_CONTEXT('2D SPACE',''
  ) );
#3133 = ORIENTED_EDGE('',*,*,#3134,.F.);
#3134 = EDGE_CURVE('',#3135,#3112,#3137,.T.);
#3135 = VERTEX_POINT('',#3136);
#3136 = CARTESIAN_POINT('',(397.45,120.,258.75));
#3137 = SURFACE_CURVE('',#3138,(#3143,#3150),.PCURVE_S1.);
#3138 = CIRCLE('',#3139,1.25);
#3139 = AXIS2_PLACEMENT_3D('',#3140,#3141,#3142);
#3140 = CARTESIAN_POINT('',(397.45,120.,260.));
#3141 = DIRECTION('',(-1.,0.,0.));
#3142 = DIRECTION('',(0.,0.,-1.));
#3143 = PCURVE('',#2667,#3144);
#3144 = DEFINITIONAL_REPRESENTATION('',(#3145),#3149);
#3145 = LINE('',#3146,#3147);
#3146 = CARTESIAN_POINT('',(-1.570796326795,-2.6));
#3147 = VECTOR('',#3148,1.);
#3148 = DIRECTION('',(-1.,0.));
#3149 = ( GEOMETRIC_REPRESENTATION_CONTEXT(2) 
PARAMETRIC_REPRESENTATION_CONTEXT() REPRESENTATION_CONTEXT('2D SPACE',''
  ) );
#3150 = PCURVE('',#2867,#3151);
#3151 = DEFINITIONAL_REPRESENTATION('',(#3152),#3156);
#3152 = LINE('',#3153,#3154);
#3153 = CARTESIAN_POINT('',(-0.,-2.6));
#3154 = VECTOR('',#3155,1.);
#3155 = DIRECTION('',(-1.,-0.));
#3156 = ( GEOMETRIC_REPRESENTATION_CONTEXT(2) 
PARAMETRIC_REPRESENTATION_CONTEXT() REPRESENTATION_CONTEXT('2D SPACE',''
  ) );
#3157 = ORIENTED_EDGE('',*,*,#3158,.F.);
#3158 = EDGE_CURVE('',#3112,#3135,#3159,.T.);
#3159 = SURFACE_CURVE('',#3160,(#3165,#3172),.PCURVE_S1.);
#3160 = CIRCLE('',#3161,1.25);
#3161 = AXIS2_PLACEMENT_3D('',#3162,#3163,#3164);
#3162 = CARTESIAN_POINT('',(397.45,120.,260.));
#3163 = DIRECTION('',(-1.,0.,0.));
#3164 = DIRECTION('',(0.,0.,-1.));
#3165 = PCURVE('',#2667,#3166);
#3166 = DEFINITIONAL_REPRESENTATION('',(#3167),#3171);
#3167 = LINE('',#3168,#3169);
#3168 = CARTESIAN_POINT('',(4.712388980385,-2.6));
#3169 = VECTOR('',#3170,1.);
#3170 = DIRECTION('',(-1.,0.));
#3171 = ( GEOMETRIC_REPRESENTATION_CONTEXT(2) 
PARAMETRIC_REPRESENTATION_CONTEXT() REPRESENTATION_CONTEXT('2D SPACE',''
  ) );
#3172 = PCURVE('',#2867,#3173);
#3173 = DEFINITIONAL_REPRESENTATION('',(#3174),#3178);
#3174 = LINE('',#3175,#3176);
#3175 = CARTESIAN_POINT('',(-0.,-2.6));
#3176 = VECTOR('',#3177,1.);
#3177 = DIRECTION('',(-1.,-0.));
#3178 = ( GEOMETRIC_REPRESENTATION_CONTEXT(2) 
PARAMETRIC_REPRESENTATION_CONTEXT() REPRESENTATION_CONTEXT('2D SPACE',''
  ) );
#3179 = ORIENTED_EDGE('',*,*,#3111,.T.);
#3180 = ORIENTED_EDGE('',*,*,#2646,.F.);
#3181 = ADVANCED_FACE('',(#3182),#2774,.F.);
#3182 = FACE_BOUND('',#3183,.F.);
#3183 = EDGE_LOOP('',(#3184,#3185,#3206,#3207,#3208));
#3184 = ORIENTED_EDGE('',*,*,#2757,.T.);
#3185 = ORIENTED_EDGE('',*,*,#3186,.T.);
#3186 = EDGE_CURVE('',#2758,#2913,#3187,.T.);
#3187 = SEAM_CURVE('',#3188,(#3192,#3199),.PCURVE_S1.);
#3188 = LINE('',#3189,#3190);
#3189 = CARTESIAN_POINT('',(400.05,25.,106.15));
#3190 = VECTOR('',#3191,1.);
#3191 = DIRECTION('',(-0.707106781187,-1.731912112471E-16,0.707106781187
    ));
#3192 = PCURVE('',#2774,#3193);
#3193 = DEFINITIONAL_REPRESENTATION('',(#3194),#3198);
#3194 = LINE('',#3195,#3196);
#3195 = CARTESIAN_POINT('',(0.,-0.));
#3196 = VECTOR('',#3197,1.);
#3197 = DIRECTION('',(-0.,-1.));
#3198 = ( GEOMETRIC_REPRESENTATION_CONTEXT(2) 
PARAMETRIC_REPRESENTATION_CONTEXT() REPRESENTATION_CONTEXT('2D SPACE',''
  ) );
#3199 = PCURVE('',#2774,#3200);
#3200 = DEFINITIONAL_REPRESENTATION('',(#3201),#3205);
#3201 = LINE('',#3202,#3203);
#3202 = CARTESIAN_POINT('',(-6.28318530718,0.));
#3203 = VECTOR('',#3204,1.);
#3204 = DIRECTION('',(-0.,-1.));
#3205 = ( GEOMETRIC_REPRESENTATION_CONTEXT(2) 
PARAMETRIC_REPRESENTATION_CONTEXT() REPRESENTATION_CONTEXT('2D SPACE',''
  ) );
#3206 = ORIENTED_EDGE('',*,*,#2936,.F.);
#3207 = ORIENTED_EDGE('',*,*,#2912,.F.);
#3208 = ORIENTED_EDGE('',*,*,#3186,.F.);
#3209 = ADVANCED_FACE('',(#3210),#2805,.F.);
#3210 = FACE_BOUND('',#3211,.F.);
#3211 = EDGE_LOOP('',(#3212,#3213,#3234,#3235,#3236));
#3212 = ORIENTED_EDGE('',*,*,#2788,.T.);
#3213 = ORIENTED_EDGE('',*,*,#3214,.T.);
#3214 = EDGE_CURVE('',#2789,#2987,#3215,.T.);
#3215 = SEAM_CURVE('',#3216,(#3220,#3227),.PCURVE_S1.);
#3216 = LINE('',#3217,#3218);
#3217 = CARTESIAN_POINT('',(400.05,25.,256.15));
#3218 = VECTOR('',#3219,1.);
#3219 = DIRECTION('',(-0.707106781187,-1.731912112471E-16,0.707106781187
    ));
#3220 = PCURVE('',#2805,#3221);
#3221 = DEFINITIONAL_REPRESENTATION('',(#3222),#3226);
#3222 = LINE('',#3223,#3224);
#3223 = CARTESIAN_POINT('',(0.,-0.));
#3224 = VECTOR('',#3225,1.);
#3225 = DIRECTION('',(-0.,-1.));
#3226 = ( GEOMETRIC_REPRESENTATION_CONTEXT(2) 
PARAMETRIC_REPRESENTATION_CONTEXT() REPRESENTATION_CONTEXT('2D SPACE',''
  ) );
#3227 = PCURVE('',#2805,#3228);
#3228 = DEFINITIONAL_REPRESENTATION('',(#3229),#3233);
#3229 = LINE('',#3230,#3231);
#3230 = CARTESIAN_POINT('',(-6.28318530718,0.));
#3231 = VECTOR('',#3232,1.);
#3232 = DIRECTION('',(-0.,-1.));
#3233 = ( GEOMETRIC_REPRESENTATION_CONTEXT(2) 
PARAMETRIC_REPRESENTATION_CONTEXT() REPRESENTATION_CONTEXT('2D SPACE',''
  ) );
#3234 = ORIENTED_EDGE('',*,*,#3010,.F.);
#3235 = ORIENTED_EDGE('',*,*,#2986,.F.);
#3236 = ORIENTED_EDGE('',*,*,#3214,.F.);
#3237 = ADVANCED_FACE('',(#3238),#2836,.F.);
#3238 = FACE_BOUND('',#3239,.F.);
#3239 = EDGE_LOOP('',(#3240,#3241,#3262,#3263,#3264));
#3240 = ORIENTED_EDGE('',*,*,#2819,.T.);
#3241 = ORIENTED_EDGE('',*,*,#3242,.T.);
#3242 = EDGE_CURVE('',#2820,#3061,#3243,.T.);
#3243 = SEAM_CURVE('',#3244,(#3248,#3255),.PCURVE_S1.);
#3244 = LINE('',#3245,#3246);
#3245 = CARTESIAN_POINT('',(400.05,120.,106.15));
#3246 = VECTOR('',#3247,1.);
#3247 = DIRECTION('',(-0.707106781187,-1.731912112471E-16,0.707106781187
    ));
#3248 = PCURVE('',#2836,#3249);
#3249 = DEFINITIONAL_REPRESENTATION('',(#3250),#3254);
#3250 = LINE('',#3251,#3252);
#3251 = CARTESIAN_POINT('',(0.,-0.));
#3252 = VECTOR('',#3253,1.);
#3253 = DIRECTION('',(-0.,-1.));
#3254 = ( GEOMETRIC_REPRESENTATION_CONTEXT(2) 
PARAMETRIC_REPRESENTATION_CONTEXT() REPRESENTATION_CONTEXT('2D SPACE',''
  ) );
#3255 = PCURVE('',#2836,#3256);
#3256 = DEFINITIONAL_REPRESENTATION('',(#3257),#3261);
#3257 = LINE('',#3258,#3259);
#3258 = CARTESIAN_POINT('',(-6.28318530718,0.));
#3259 = VECTOR('',#3260,1.);
#3260 = DIRECTION('',(-0.,-1.));
#3261 = ( GEOMETRIC_REPRESENTATION_CONTEXT(2) 
PARAMETRIC_REPRESENTATION_CONTEXT() REPRESENTATION_CONTEXT('2D SPACE',''
  ) );
#3262 = ORIENTED_EDGE('',*,*,#3084,.F.);
#3263 = ORIENTED_EDGE('',*,*,#3060,.F.);
#3264 = ORIENTED_EDGE('',*,*,#3242,.F.);
#3265 = ADVANCED_FACE('',(#3266),#2867,.F.);
#3266 = FACE_BOUND('',#3267,.F.);
#3267 = EDGE_LOOP('',(#3268,#3269,#3290,#3291,#3292));
#3268 = ORIENTED_EDGE('',*,*,#2850,.T.);
#3269 = ORIENTED_EDGE('',*,*,#3270,.T.);
#3270 = EDGE_CURVE('',#2851,#3135,#3271,.T.);
#3271 = SEAM_CURVE('',#3272,(#3276,#3283),.PCURVE_S1.);
#3272 = LINE('',#3273,#3274);
#3273 = CARTESIAN_POINT('',(400.05,120.,256.15));
#3274 = VECTOR('',#3275,1.);
#3275 = DIRECTION('',(-0.707106781187,-1.731912112471E-16,0.707106781187
    ));
#3276 = PCURVE('',#2867,#3277);
#3277 = DEFINITIONAL_REPRESENTATION('',(#3278),#3282);
#3278 = LINE('',#3279,#3280);
#3279 = CARTESIAN_POINT('',(0.,-0.));
#3280 = VECTOR('',#3281,1.);
#3281 = DIRECTION('',(-0.,-1.));
#3282 = ( GEOMETRIC_REPRESENTATION_CONTEXT(2) 
PARAMETRIC_REPRESENTATION_CONTEXT() REPRESENTATION_CONTEXT('2D SPACE',''
  ) );
#3283 = PCURVE('',#2867,#3284);
#3284 = DEFINITIONAL_REPRESENTATION('',(#3285),#3289);
#3285 = LINE('',#3286,#3287);
#3286 = CARTESIAN_POINT('',(-6.28318530718,0.));
#3287 = VECTOR('',#3288,1.);
#3288 = DIRECTION('',(-0.,-1.));
#3289 = ( GEOMETRIC_REPRESENTATION_CONTEXT(2) 
PARAMETRIC_REPRESENTATION_CONTEXT() REPRESENTATION_CONTEXT('2D SPACE',''
  ) );
#3290 = ORIENTED_EDGE('',*,*,#3158,.F.);
#3291 = ORIENTED_EDGE('',*,*,#3134,.F.);
#3292 = ORIENTED_EDGE('',*,*,#3270,.F.);
#3293 = ( GEOMETRIC_REPRESENTATION_CONTEXT(3) 
GLOBAL_UNCERTAINTY_ASSIGNED_CONTEXT((#3297)) 
GLOBAL_UNIT_ASSIGNED_CONTEXT((#3294,#3295,#3296)) REPRESENTATION_CONTEXT
('Context #1','3D Context with UNIT and UNCERTAINTY') );
#3294 = ( LENGTH_UNIT() NAMED_UNIT(*) SI_UNIT(.MILLI.,.METRE.) );
#3295 = ( NAMED_UNIT(*) PLANE_ANGLE_UNIT() SI_UNIT($,.RADIAN.) );
#3296 = ( NAMED_UNIT(*) SI_UNIT($,.STERADIAN.) SOLID_ANGLE_UNIT() );
#3297 = UNCERTAINTY_MEASURE_WITH_UNIT(LENGTH_MEASURE(1.E-07),#3294,
  'distance_accuracy_value','confusion accuracy');
#3298 = CONTEXT_DEPENDENT_SHAPE_REPRESENTATION(#3299,#3301);
#3299 = ( REPRESENTATION_RELATIONSHIP('','',#2290,#10) 
REPRESENTATION_RELATIONSHIP_WITH_TRANSFORMATION(#3300) 
SHAPE_REPRESENTATION_RELATIONSHIP() );
#3300 = ITEM_DEFINED_TRANSFORMATION('','',#11,#23);
#3301 = PRODUCT_DEFINITION_SHAPE('Placement','Placement of an item',
  #3302);
#3302 = NEXT_ASSEMBLY_USAGE_OCCURRENCE('15','panel_3','',#5,#2285,$);
#3303 = PRODUCT_RELATED_PRODUCT_CATEGORY('part',$,(#2287));
#3304 = SHAPE_DEFINITION_REPRESENTATION(#3305,#3311);
#3305 = PRODUCT_DEFINITION_SHAPE('','',#3306);
#3306 = PRODUCT_DEFINITION('design','',#3307,#3310);
#3307 = PRODUCT_DEFINITION_FORMATION('','',#3308);
#3308 = PRODUCT('panel_4','panel_4','',(#3309));
#3309 = PRODUCT_CONTEXT('',#2,'mechanical');
#3310 = PRODUCT_DEFINITION_CONTEXT('part definition',#2,'design');
#3311 = ADVANCED_BREP_SHAPE_REPRESENTATION('',(#11,#3312),#4482);
#3312 = MANIFOLD_SOLID_BREP('',#3313);
#3313 = CLOSED_SHELL('',(#3314,#3434,#3510,#3734,#3783,#3965,#3972,#4046
    ,#4120,#4194,#4268,#4342,#4370,#4398,#4426,#4454));
#3314 = ADVANCED_FACE('',(#3315),#3329,.F.);
#3315 = FACE_BOUND('',#3316,.F.);
#3316 = EDGE_LOOP('',(#3317,#3352,#3380,#3408));
#3317 = ORIENTED_EDGE('',*,*,#3318,.F.);
#3318 = EDGE_CURVE('',#3319,#3321,#3323,.T.);
#3319 = VERTEX_POINT('',#3320);
#3320 = CARTESIAN_POINT('',(400.,145.,0.));
#3321 = VERTEX_POINT('',#3322);
#3322 = CARTESIAN_POINT('',(380.,145.,0.));
#3323 = SURFACE_CURVE('',#3324,(#3328,#3340),.PCURVE_S1.);
#3324 = LINE('',#3325,#3326);
#3325 = CARTESIAN_POINT('',(400.,145.,0.));
#3326 = VECTOR('',#3327,1.);
#3327 = DIRECTION('',(-1.,0.,0.));
#3328 = PCURVE('',#3329,#3334);
#3329 = PLANE('',#3330);
#3330 = AXIS2_PLACEMENT_3D('',#3331,#3332,#3333);
#3331 = CARTESIAN_POINT('',(400.,145.,0.));
#3332 = DIRECTION('',(0.,0.,1.));
#3333 = DIRECTION('',(-1.,0.,0.));
#3334 = DEFINITIONAL_REPRESENTATION('',(#3335),#3339);
#3335 = LINE('',#3336,#3337);
#3336 = CARTESIAN_POINT('',(0.,0.));
#3337 = VECTOR('',#3338,1.);
#3338 = DIRECTION('',(1.,0.));
#3339 = ( GEOMETRIC_REPRESENTATION_CONTEXT(2) 
PARAMETRIC_REPRESENTATION_CONTEXT() REPRESENTATION_CONTEXT('2D SPACE',''
  ) );
#3340 = PCURVE('',#3341,#3346);
#3341 = PLANE('',#3342);
#3342 = AXIS2_PLACEMENT_3D('',#3343,#3344,#3345);
#3343 = CARTESIAN_POINT('',(400.,145.,0.));
#3344 = DIRECTION('',(0.,1.,0.));
#3345 = DIRECTION('',(-1.,0.,0.));
#3346 = DEFINITIONAL_REPRESENTATION('',(#3347),#3351);
#3347 = LINE('',#3348,#3349);
#3348 = CARTESIAN_POINT('',(0.,0.));
#3349 = VECTOR('',#3350,1.);
#3350 = DIRECTION('',(1.,0.));
#3351 = ( GEOMETRIC_REPRESENTATION_CONTEXT(2) 
PARAMETRIC_REPRESENTATION_CONTEXT() REPRESENTATION_CONTEXT('2D SPACE',''
  ) );
#3352 = ORIENTED_EDGE('',*,*,#3353,.T.);
#3353 = EDGE_CURVE('',#3319,#3354,#3356,.T.);
#3354 = VERTEX_POINT('',#3355);
#3355 = CARTESIAN_POINT('',(400.,290.,0.));
#3356 = SURFACE_CURVE('',#3357,(#3361,#3368),.PCURVE_S1.);
#3357 = LINE('',#3358,#3359);
#3358 = CARTESIAN_POINT('',(400.,145.,0.));
#3359 = VECTOR('',#3360,1.);
#3360 = DIRECTION('',(0.,1.,0.));
#3361 = PCURVE('',#3329,#3362);
#3362 = DEFINITIONAL_REPRESENTATION('',(#3363),#3367);
#3363 = LINE('',#3364,#3365);
#3364 = CARTESIAN_POINT('',(0.,0.));
#3365 = VECTOR('',#3366,1.);
#3366 = DIRECTION('',(0.,-1.));
#3367 = ( GEOMETRIC_REPRESENTATION_CONTEXT(2) 
PARAMETRIC_REPRESENTATION_CONTEXT() REPRESENTATION_CONTEXT('2D SPACE',''
  ) );
#3368 = PCURVE('',#3369,#3374);
#3369 = PLANE('',#3370);
#3370 = AXIS2_PLACEMENT_3D('',#3371,#3372,#3373);
#3371 = CARTESIAN_POINT('',(400.,145.,0.));
#3372 = DIRECTION('',(-1.,0.,0.));
#3373 = DIRECTION('',(0.,0.,1.));
#3374 = DEFINITIONAL_REPRESENTATION('',(#3375),#3379);
#3375 = LINE('',#3376,#3377);
#3376 = CARTESIAN_POINT('',(0.,0.));
#3377 = VECTOR('',#3378,1.);
#3378 = DIRECTION('',(0.,1.));
#3379 = ( GEOMETRIC_REPRESENTATION_CONTEXT(2) 
PARAMETRIC_REPRESENTATION_CONTEXT() REPRESENTATION_CONTEXT('2D SPACE',''
  ) );
#3380 = ORIENTED_EDGE('',*,*,#3381,.T.);
#3381 = EDGE_CURVE('',#3354,#3382,#3384,.T.);
#3382 = VERTEX_POINT('',#3383);
#3383 = CARTESIAN_POINT('',(380.,290.,0.));
#3384 = SURFACE_CURVE('',#3385,(#3389,#3396),.PCURVE_S1.);
#3385 = LINE('',#3386,#3387);
#3386 = CARTESIAN_POINT('',(400.,290.,0.));
#3387 = VECTOR('',#3388,1.);
#3388 = DIRECTION('',(-1.,0.,0.));
#3389 = PCURVE('',#3329,#3390);
#3390 = DEFINITIONAL_REPRESENTATION('',(#3391),#3395);
#3391 = LINE('',#3392,#3393);
#3392 = CARTESIAN_POINT('',(0.,-145.));
#3393 = VECTOR('',#3394,1.);
#3394 = DIRECTION('',(1.,0.));
#3395 = ( GEOMETRIC_REPRESENTATION_CONTEXT(2) 
PARAMETRIC_REPRESENTATION_CONTEXT() REPRESENTATION_CONTEXT('2D SPACE',''
  ) );
#3396 = PCURVE('',#3397,#3402);
#3397 = PLANE('',#3398);
#3398 = AXIS2_PLACEMENT_3D('',#3399,#3400,#3401);
#3399 = CARTESIAN_POINT('',(400.,290.,0.));
#3400 = DIRECTION('',(0.,1.,0.));
#3401 = DIRECTION('',(-1.,0.,0.));
#3402 = DEFINITIONAL_REPRESENTATION('',(#3403),#3407);
#3403 = LINE('',#3404,#3405);
#3404 = CARTESIAN_POINT('',(0.,0.));
#3405 = VECTOR('',#3406,1.);
#3406 = DIRECTION('',(1.,0.));
#3407 = ( GEOMETRIC_REPRESENTATION_CONTEXT(2) 
PARAMETRIC_REPRESENTATION_CONTEXT() REPRESENTATION_CONTEXT('2D SPACE',''
  ) );
#3408 = ORIENTED_EDGE('',*,*,#3409,.F.);
#3409 = EDGE_CURVE('',#3321,#3382,#3410,.T.);
#3410 = SURFACE_CURVE('',#3411,(#3415,#3422),.PCURVE_S1.);
#3411 = LINE('',#3412,#3413);
#3412 = CARTESIAN_POINT('',(380.,145.,0.));
#3413 = VECTOR('',#3414,1.);
#3414 = DIRECTION('',(0.,1.,0.));
#3415 = PCURVE('',#3329,#3416);
#3416 = DEFINITIONAL_REPRESENTATION('',(#3417),#3421);
#3417 = LINE('',#3418,#3419);
#3418 = CARTESIAN_POINT('',(20.,0.));
#3419 = VECTOR('',#3420,1.);
#3420 = DIRECTION('',(0.,-1.));
#3421 = ( GEOMETRIC_REPRESENTATION_CONTEXT(2) 
PARAMETRIC_REPRESENTATION_CONTEXT() REPRESENTATION_CONTEXT('2D SPACE',''
  ) );
#3422 = PCURVE('',#3423,#3428);
#3423 = PLANE('',#3424);
#3424 = AXIS2_PLACEMENT_3D('',#3425,#3426,#3427);
#3425 = CARTESIAN_POINT('',(380.,145.,0.));
#3426 = DIRECTION('',(-1.,0.,0.));
#3427 = DIRECTION('',(0.,0.,1.));
#3428 = DEFINITIONAL_REPRESENTATION('',(#3429),#3433);
#3429 = LINE('',#3430,#3431);
#3430 = CARTESIAN_POINT('',(0.,0.));
#3431 = VECTOR('',#3432,1.);
#3432 = DIRECTION('',(0.,1.));
#3433 = ( GEOMETRIC_REPRESENTATION_CONTEXT(2) 
PARAMETRIC_REPRESENTATION_CONTEXT() REPRESENTATION_CONTEXT('2D SPACE',''
  ) );
#3434 = ADVANCED_FACE('',(#3435),#3341,.F.);
#3435 = FACE_BOUND('',#3436,.F.);
#3436 = EDGE_LOOP('',(#3437,#3460,#3461,#3484));
#3437 = ORIENTED_EDGE('',*,*,#3438,.F.);
#3438 = EDGE_CURVE('',#3319,#3439,#3441,.T.);
#3439 = VERTEX_POINT('',#3440);
#3440 = CARTESIAN_POINT('',(400.,145.,450.));
#3441 = SURFACE_CURVE('',#3442,(#3446,#3453),.PCURVE_S1.);
#3442 = LINE('',#3443,#3444);
#3443 = CARTESIAN_POINT('',(400.,145.,0.));
#3444 = VECTOR('',#3445,1.);
#3445 = DIRECTION('',(0.,0.,1.));
#3446 = PCURVE('',#3341,#3447);
#3447 = DEFINITIONAL_REPRESENTATION('',(#3448),#3452);
#3448 = LINE('',#3449,#3450);
#3449 = CARTESIAN_POINT('',(0.,0.));
#3450 = VECTOR('',#3451,1.);
#3451 = DIRECTION('',(0.,1.));
#3452 = ( GEOMETRIC_REPRESENTATION_CONTEXT(2) 
PARAMETRIC_REPRESENTATION_CONTEXT() REPRESENTATION_CONTEXT('2D SPACE',''
  ) );
#3453 = PCURVE('',#3369,#3454);
#3454 = DEFINITIONAL_REPRESENTATION('',(#3455),#3459);
#3455 = LINE('',#3456,#3457);
#3456 = CARTESIAN_POINT('',(0.,0.));
#3457 = VECTOR('',#3458,1.);
#3458 = DIRECTION('',(1.,0.));
#3459 = ( GEOMETRIC_REPRESENTATION_CONTEXT(2) 
PARAMETRIC_REPRESENTATION_CONTEXT() REPRESENTATION_CONTEXT('2D SPACE',''
  ) );
#3460 = ORIENTED_EDGE('',*,*,#3318,.T.);
#3461 = ORIENTED_EDGE('',*,*,#3462,.T.);
#3462 = EDGE_CURVE('',#3321,#3463,#3465,.T.);
#3463 = VERTEX_POINT('',#3464);
#3464 = CARTESIAN_POINT('',(380.,145.,450.));
#3465 = SURFACE_CURVE('',#3466,(#3470,#3477),.PCURVE_S1.);
#3466 = LINE('',#3467,#3468);
#3467 = CARTESIAN_POINT('',(380.,145.,0.));
#3468 = VECTOR('',#3469,1.);
#3469 = DIRECTION('',(0.,0.,1.));
#3470 = PCURVE('',#3341,#3471);
#3471 = DEFINITIONAL_REPRESENTATION('',(#3472),#3476);
#3472 = LINE('',#3473,#3474);
#3473 = CARTESIAN_POINT('',(20.,0.));
#3474 = VECTOR('',#3475,1.);
#3475 = DIRECTION('',(0.,1.));
#3476 = ( GEOMETRIC_REPRESENTATION_CONTEXT(2) 
PARAMETRIC_REPRESENTATION_CONTEXT() REPRESENTATION_CONTEXT('2D SPACE',''
  ) );
#3477 = PCURVE('',#3423,#3478);
#3478 = DEFINITIONAL_REPRESENTATION('',(#3479),#3483);
#3479 = LINE('',#3480,#3481);
#3480 = CARTESIAN_POINT('',(0.,0.));
#3481 = VECTOR('',#3482,1.);
#3482 = DIRECTION('',(1.,0.));
#3483 = ( GEOMETRIC_REPRESENTATION_CONTEXT(2) 
PARAMETRIC_REPRESENTATION_CONTEXT() REPRESENTATION_CONTEXT('2D SPACE',''
  ) );
#3484 = ORIENTED_EDGE('',*,*,#3485,.F.);
#3485 = EDGE_CURVE('',#3439,#3463,#3486,.T.);
#3486 = SURFACE_CURVE('',#3487,(#3491,#3498),.PCURVE_S1.);
#3487 = LINE('',#3488,#3489);
#3488 = CARTESIAN_POINT('',(400.,145.,450.));
#3489 = VECTOR('',#3490,1.);
#3490 = DIRECTION('',(-1.,0.,0.));
#3491 = PCURVE('',#3341,#3492);
#3492 = DEFINITIONAL_REPRESENTATION('',(#3493),#3497);
#3493 = LINE('',#3494,#3495);
#3494 = CARTESIAN_POINT('',(0.,450.));
#3495 = VECTOR('',#3496,1.);
#3496 = DIRECTION('',(1.,0.));
#3497 = ( GEOMETRIC_REPRESENTATION_CONTEXT(2) 
PARAMETRIC_REPRESENTATION_CONTEXT() REPRESENTATION_CONTEXT('2D SPACE',''
  ) );
#3498 = PCURVE('',#3499,#3504);
#3499 = PLANE('',#3500);
#3500 = AXIS2_PLACEMENT_3D('',#3501,#3502,#3503);
#3501 = CARTESIAN_POINT('',(400.,145.,450.));
#3502 = DIRECTION('',(0.,0.,1.));
#3503 = DIRECTION('',(-1.,0.,0.));
#3504 = DEFINITIONAL_REPRESENTATION('',(#3505),#3509);
#3505 = LINE('',#3506,#3507);
#3506 = CARTESIAN_POINT('',(0.,0.));
#3507 = VECTOR('',#3508,1.);
#3508 = DIRECTION('',(1.,0.));
#3509 = ( GEOMETRIC_REPRESENTATION_CONTEXT(2) 
PARAMETRIC_REPRESENTATION_CONTEXT() REPRESENTATION_CONTEXT('2D SPACE',''
  ) );
#3510 = ADVANCED_FACE('',(#3511,#3559,#3594,#3629,#3664,#3699),#3423,.T.
  );
#3511 = FACE_BOUND('',#3512,.T.);
#3512 = EDGE_LOOP('',(#3513,#3514,#3515,#3538));
#3513 = ORIENTED_EDGE('',*,*,#3409,.F.);
#3514 = ORIENTED_EDGE('',*,*,#3462,.T.);
#3515 = ORIENTED_EDGE('',*,*,#3516,.T.);
#3516 = EDGE_CURVE('',#3463,#3517,#3519,.T.);
#3517 = VERTEX_POINT('',#3518);
#3518 = CARTESIAN_POINT('',(380.,290.,450.));
#3519 = SURFACE_CURVE('',#3520,(#3524,#3531),.PCURVE_S1.);
#3520 = LINE('',#3521,#3522);
#3521 = CARTESIAN_POINT('',(380.,145.,450.));
#3522 = VECTOR('',#3523,1.);
#3523 = DIRECTION('',(0.,1.,0.));
#3524 = PCURVE('',#3423,#3525);
#3525 = DEFINITIONAL_REPRESENTATION('',(#3526),#3530);
#3526 = LINE('',#3527,#3528);
#3527 = CARTESIAN_POINT('',(450.,0.));
#3528 = VECTOR('',#3529,1.);
#3529 = DIRECTION('',(0.,1.));
#3530 = ( GEOMETRIC_REPRESENTATION_CONTEXT(2) 
PARAMETRIC_REPRESENTATION_CONTEXT() REPRESENTATION_CONTEXT('2D SPACE',''
  ) );
#3531 = PCURVE('',#3499,#3532);
#3532 = DEFINITIONAL_REPRESENTATION('',(#3533),#3537);
#3533 = LINE('',#3534,#3535);
#3534 = CARTESIAN_POINT('',(20.,0.));
#3535 = VECTOR('',#3536,1.);
#3536 = DIRECTION('',(0.,-1.));
#3537 = ( GEOMETRIC_REPRESENTATION_CONTEXT(2) 
PARAMETRIC_REPRESENTATION_CONTEXT() REPRESENTATION_CONTEXT('2D SPACE',''
  ) );
#3538 = ORIENTED_EDGE('',*,*,#3539,.F.);
#3539 = EDGE_CURVE('',#3382,#3517,#3540,.T.);
#3540 = SURFACE_CURVE('',#3541,(#3545,#3552),.PCURVE_S1.);
#3541 = LINE('',#3542,#3543);
#3542 = CARTESIAN_POINT('',(380.,290.,0.));
#3543 = VECTOR('',#3544,1.);
#3544 = DIRECTION('',(0.,0.,1.));
#3545 = PCURVE('',#3423,#3546);
#3546 = DEFINITIONAL_REPRESENTATION('',(#3547),#3551);
#3547 = LINE('',#3548,#3549);
#3548 = CARTESIAN_POINT('',(0.,145.));
#3549 = VECTOR('',#3550,1.);
#3550 = DIRECTION('',(1.,0.));
#3551 = ( GEOMETRIC_REPRESENTATION_CONTEXT(2) 
PARAMETRIC_REPRESENTATION_CONTEXT() REPRESENTATION_CONTEXT('2D SPACE',''
  ) );
#3552 = PCURVE('',#3397,#3553);
#3553 = DEFINITIONAL_REPRESENTATION('',(#3554),#3558);
#3554 = LINE('',#3555,#3556);
#3555 = CARTESIAN_POINT('',(20.,0.));
#3556 = VECTOR('',#3557,1.);
#3557 = DIRECTION('',(0.,1.));
#3558 = ( GEOMETRIC_REPRESENTATION_CONTEXT(2) 
PARAMETRIC_REPRESENTATION_CONTEXT() REPRESENTATION_CONTEXT('2D SPACE',''
  ) );
#3559 = FACE_BOUND('',#3560,.T.);
#3560 = EDGE_LOOP('',(#3561));
#3561 = ORIENTED_EDGE('',*,*,#3562,.T.);
#3562 = EDGE_CURVE('',#3563,#3563,#3565,.T.);
#3563 = VERTEX_POINT('',#3564);
#3564 = CARTESIAN_POINT('',(380.,171.25,110.));
#3565 = SURFACE_CURVE('',#3566,(#3571,#3582),.PCURVE_S1.);
#3566 = CIRCLE('',#3567,1.25);
#3567 = AXIS2_PLACEMENT_3D('',#3568,#3569,#3570);
#3568 = CARTESIAN_POINT('',(380.,170.,110.));
#3569 = DIRECTION('',(1.,0.,-0.));
#3570 = DIRECTION('',(0.,1.,0.));
#3571 = PCURVE('',#3423,#3572);
#3572 = DEFINITIONAL_REPRESENTATION('',(#3573),#3581);
#3573 = ( BOUNDED_CURVE() B_SPLINE_CURVE(2,(#3574,#3575,#3576,#3577,
#3578,#3579,#3580),.UNSPECIFIED.,.T.,.F.) B_SPLINE_CURVE_WITH_KNOTS((1,2
    ,2,2,2,1),(-2.094395102393,0.,2.094395102393,4.188790204786,
6.28318530718,8.377580409573),.UNSPECIFIED.) CURVE() 
GEOMETRIC_REPRESENTATION_ITEM() RATIONAL_B_SPLINE_CURVE((1.,0.5,1.,0.5,
1.,0.5,1.)) REPRESENTATION_ITEM('') );
#3574 = CARTESIAN_POINT('',(110.,26.25));
#3575 = CARTESIAN_POINT('',(112.16506350946,26.25));
#3576 = CARTESIAN_POINT('',(111.08253175473,24.375));
#3577 = CARTESIAN_POINT('',(110.,22.5));
#3578 = CARTESIAN_POINT('',(108.91746824526,24.375));
#3579 = CARTESIAN_POINT('',(107.83493649053,26.25));
#3580 = CARTESIAN_POINT('',(110.,26.25));
#3581 = ( GEOMETRIC_REPRESENTATION_CONTEXT(2) 
PARAMETRIC_REPRESENTATION_CONTEXT() REPRESENTATION_CONTEXT('2D SPACE',''
  ) );
#3582 = PCURVE('',#3583,#3588);
#3583 = CYLINDRICAL_SURFACE('',#3584,1.25);
#3584 = AXIS2_PLACEMENT_3D('',#3585,#3586,#3587);
#3585 = CARTESIAN_POINT('',(400.05,170.,110.));
#3586 = DIRECTION('',(1.,-0.,-0.));
#3587 = DIRECTION('',(0.,1.,0.));
#3588 = DEFINITIONAL_REPRESENTATION('',(#3589),#3593);
#3589 = LINE('',#3590,#3591);
#3590 = CARTESIAN_POINT('',(-6.28318530718,-20.05));
#3591 = VECTOR('',#3592,1.);
#3592 = DIRECTION('',(1.,-0.));
#3593 = ( GEOMETRIC_REPRESENTATION_CONTEXT(2) 
PARAMETRIC_REPRESENTATION_CONTEXT() REPRESENTATION_CONTEXT('2D SPACE',''
  ) );
#3594 = FACE_BOUND('',#3595,.T.);
#3595 = EDGE_LOOP('',(#3596));
#3596 = ORIENTED_EDGE('',*,*,#3597,.T.);
#3597 = EDGE_CURVE('',#3598,#3598,#3600,.T.);
#3598 = VERTEX_POINT('',#3599);
#3599 = CARTESIAN_POINT('',(380.,171.25,260.));
#3600 = SURFACE_CURVE('',#3601,(#3606,#3617),.PCURVE_S1.);
#3601 = CIRCLE('',#3602,1.25);
#3602 = AXIS2_PLACEMENT_3D('',#3603,#3604,#3605);
#3603 = CARTESIAN_POINT('',(380.,170.,260.));
#3604 = DIRECTION('',(1.,0.,-0.));
#3605 = DIRECTION('',(0.,1.,0.));
#3606 = PCURVE('',#3423,#3607);
#3607 = DEFINITIONAL_REPRESENTATION('',(#3608),#3616);
#3608 = ( BOUNDED_CURVE() B_SPLINE_CURVE(2,(#3609,#3610,#3611,#3612,
#3613,#3614,#3615),.UNSPECIFIED.,.T.,.F.) B_SPLINE_CURVE_WITH_KNOTS((1,2
    ,2,2,2,1),(-2.094395102393,0.,2.094395102393,4.188790204786,
6.28318530718,8.377580409573),.UNSPECIFIED.) CURVE() 
GEOMETRIC_REPRESENTATION_ITEM() RATIONAL_B_SPLINE_CURVE((1.,0.5,1.,0.5,
1.,0.5,1.)) REPRESENTATION_ITEM('') );
#3609 = CARTESIAN_POINT('',(260.,26.25));
#3610 = CARTESIAN_POINT('',(262.16506350946,26.25));
#3611 = CARTESIAN_POINT('',(261.08253175473,24.375));
#3612 = CARTESIAN_POINT('',(260.,22.5));
#3613 = CARTESIAN_POINT('',(258.91746824526,24.375));
#3614 = CARTESIAN_POINT('',(257.83493649053,26.25));
#3615 = CARTESIAN_POINT('',(260.,26.25));
#3616 = ( GEOMETRIC_REPRESENTATION_CONTEXT(2) 
PARAMETRIC_REPRESENTATION_CONTEXT() REPRESENTATION_CONTEXT('2D SPACE',''
  ) );
#3617 = PCURVE('',#3618,#3623);
#3618 = CYLINDRICAL_SURFACE('',#3619,1.25);
#3619 = AXIS2_PLACEMENT_3D('',#3620,#3621,#3622);
#3620 = CARTESIAN_POINT('',(400.05,170.,260.));
#3621 = DIRECTION('',(1.,-0.,-0.));
#3622 = DIRECTION('',(0.,1.,0.));
#3623 = DEFINITIONAL_REPRESENTATION('',(#3624),#3628);
#3624 = LINE('',#3625,#3626);
#3625 = CARTESIAN_POINT('',(-6.28318530718,-20.05));
#3626 = VECTOR('',#3627,1.);
#3627 = DIRECTION('',(1.,-0.));
#3628 = ( GEOMETRIC_REPRESENTATION_CONTEXT(2) 
PARAMETRIC_REPRESENTATION_CONTEXT() REPRESENTATION_CONTEXT('2D SPACE',''
  ) );
#3629 = FACE_BOUND('',#3630,.T.);
#3630 = EDGE_LOOP('',(#3631));
#3631 = ORIENTED_EDGE('',*,*,#3632,.T.);
#3632 = EDGE_CURVE('',#3633,#3633,#3635,.T.);
#3633 = VERTEX_POINT('',#3634);
#3634 = CARTESIAN_POINT('',(380.,266.25,110.));
#3635 = SURFACE_CURVE('',#3636,(#3641,#3652),.PCURVE_S1.);
#3636 = CIRCLE('',#3637,1.25);
#3637 = AXIS2_PLACEMENT_3D('',#3638,#3639,#3640);
#3638 = CARTESIAN_POINT('',(380.,265.,110.));
#3639 = DIRECTION('',(1.,0.,-0.));
#3640 = DIRECTION('',(0.,1.,0.));
#3641 = PCURVE('',#3423,#3642);
#3642 = DEFINITIONAL_REPRESENTATION('',(#3643),#3651);
#3643 = ( BOUNDED_CURVE() B_SPLINE_CURVE(2,(#3644,#3645,#3646,#3647,
#3648,#3649,#3650),.UNSPECIFIED.,.T.,.F.) B_SPLINE_CURVE_WITH_KNOTS((1,2
    ,2,2,2,1),(-2.094395102393,0.,2.094395102393,4.188790204786,
6.28318530718,8.377580409573),.UNSPECIFIED.) CURVE() 
GEOMETRIC_REPRESENTATION_ITEM() RATIONAL_B_SPLINE_CURVE((1.,0.5,1.,0.5,
1.,0.5,1.)) REPRESENTATION_ITEM('') );
#3644 = CARTESIAN_POINT('',(110.,121.25));
#3645 = CARTESIAN_POINT('',(112.16506350946,121.25));
#3646 = CARTESIAN_POINT('',(111.08253175473,119.375));
#3647 = CARTESIAN_POINT('',(110.,117.5));
#3648 = CARTESIAN_POINT('',(108.91746824526,119.375));
#3649 = CARTESIAN_POINT('',(107.83493649053,121.25));
#3650 = CARTESIAN_POINT('',(110.,121.25));
#3651 = ( GEOMETRIC_REPRESENTATION_CONTEXT(2) 
PARAMETRIC_REPRESENTATION_CONTEXT() REPRESENTATION_CONTEXT('2D SPACE',''
  ) );
#3652 = PCURVE('',#3653,#3658);
#3653 = CYLINDRICAL_SURFACE('',#3654,1.25);
#3654 = AXIS2_PLACEMENT_3D('',#3655,#3656,#3657);
#3655 = CARTESIAN_POINT('',(400.05,265.,110.));
#3656 = DIRECTION('',(1.,-0.,-0.));
#3657 = DIRECTION('',(0.,1.,0.));
#3658 = DEFINITIONAL_REPRESENTATION('',(#3659),#3663);
#3659 = LINE('',#3660,#3661);
#3660 = CARTESIAN_POINT('',(-6.28318530718,-20.05));
#3661 = VECTOR('',#3662,1.);
#3662 = DIRECTION('',(1.,-0.));
#3663 = ( GEOMETRIC_REPRESENTATION_CONTEXT(2) 
PARAMETRIC_REPRESENTATION_CONTEXT() REPRESENTATION_CONTEXT('2D SPACE',''
  ) );
#3664 = FACE_BOUND('',#3665,.T.);
#3665 = EDGE_LOOP('',(#3666));
#3666 = ORIENTED_EDGE('',*,*,#3667,.T.);
#3667 = EDGE_CURVE('',#3668,#3668,#3670,.T.);
#3668 = VERTEX_POINT('',#3669);
#3669 = CARTESIAN_POINT('',(380.,271.5,200.));
#3670 = SURFACE_CURVE('',#3671,(#3676,#3687),.PCURVE_S1.);
#3671 = CIRCLE('',#3672,1.5);
#3672 = AXIS2_PLACEMENT_3D('',#3673,#3674,#3675);
#3673 = CARTESIAN_POINT('',(380.,270.,200.));
#3674 = DIRECTION('',(1.,0.,-0.));
#3675 = DIRECTION('',(0.,1.,0.));
#3676 = PCURVE('',#3423,#3677);
#3677 = DEFINITIONAL_REPRESENTATION('',(#3678),#3686);
#3678 = ( BOUNDED_CURVE() B_SPLINE_CURVE(2,(#3679,#3680,#3681,#3682,
#3683,#3684,#3685),.UNSPECIFIED.,.T.,.F.) B_SPLINE_CURVE_WITH_KNOTS((1,2
    ,2,2,2,1),(-2.094395102393,0.,2.094395102393,4.188790204786,
6.28318530718,8.377580409573),.UNSPECIFIED.) CURVE() 
GEOMETRIC_REPRESENTATION_ITEM() RATIONAL_B_SPLINE_CURVE((1.,0.5,1.,0.5,
1.,0.5,1.)) REPRESENTATION_ITEM('') );
#3679 = CARTESIAN_POINT('',(200.,126.5));
#3680 = CARTESIAN_POINT('',(202.59807621135,126.5));
#3681 = CARTESIAN_POINT('',(201.29903810567,124.25));
#3682 = CARTESIAN_POINT('',(200.,122.));
#3683 = CARTESIAN_POINT('',(198.70096189432,124.25));
#3684 = CARTESIAN_POINT('',(197.40192378864,126.5));
#3685 = CARTESIAN_POINT('',(200.,126.5));
#3686 = ( GEOMETRIC_REPRESENTATION_CONTEXT(2) 
PARAMETRIC_REPRESENTATION_CONTEXT() REPRESENTATION_CONTEXT('2D SPACE',''
  ) );
#3687 = PCURVE('',#3688,#3693);
#3688 = CYLINDRICAL_SURFACE('',#3689,1.5);
#3689 = AXIS2_PLACEMENT_3D('',#3690,#3691,#3692);
#3690 = CARTESIAN_POINT('',(400.05,270.,200.));
#3691 = DIRECTION('',(1.,-0.,-0.));
#3692 = DIRECTION('',(0.,1.,0.));
#3693 = DEFINITIONAL_REPRESENTATION('',(#3694),#3698);
#3694 = LINE('',#3695,#3696);
#3695 = CARTESIAN_POINT('',(-6.28318530718,-20.05));
#3696 = VECTOR('',#3697,1.);
#3697 = DIRECTION('',(1.,-0.));
#3698 = ( GEOMETRIC_REPRESENTATION_CONTEXT(2) 
PARAMETRIC_REPRESENTATION_CONTEXT() REPRESENTATION_CONTEXT('2D SPACE',''
  ) );
#3699 = FACE_BOUND('',#3700,.T.);
#3700 = EDGE_LOOP('',(#3701));
#3701 = ORIENTED_EDGE('',*,*,#3702,.T.);
#3702 = EDGE_CURVE('',#3703,#3703,#3705,.T.);
#3703 = VERTEX_POINT('',#3704);
#3704 = CARTESIAN_POINT('',(380.,266.25,260.));
#3705 = SURFACE_CURVE('',#3706,(#3711,#3722),.PCURVE_S1.);
#3706 = CIRCLE('',#3707,1.25);
#3707 = AXIS2_PLACEMENT_3D('',#3708,#3709,#3710);
#3708 = CARTESIAN_POINT('',(380.,265.,260.));
#3709 = DIRECTION('',(1.,0.,-0.));
#3710 = DIRECTION('',(0.,1.,0.));
#3711 = PCURVE('',#3423,#3712);
#3712 = DEFINITIONAL_REPRESENTATION('',(#3713),#3721);
#3713 = ( BOUNDED_CURVE() B_SPLINE_CURVE(2,(#3714,#3715,#3716,#3717,
#3718,#3719,#3720),.UNSPECIFIED.,.T.,.F.) B_SPLINE_CURVE_WITH_KNOTS((1,2
    ,2,2,2,1),(-2.094395102393,0.,2.094395102393,4.188790204786,
6.28318530718,8.377580409573),.UNSPECIFIED.) CURVE() 
GEOMETRIC_REPRESENTATION_ITEM() RATIONAL_B_SPLINE_CURVE((1.,0.5,1.,0.5,
1.,0.5,1.)) REPRESENTATION_ITEM('') );
#3714 = CARTESIAN_POINT('',(260.,121.25));
#3715 = CARTESIAN_POINT('',(262.16506350946,121.25));
#3716 = CARTESIAN_POINT('',(261.08253175473,119.375));
#3717 = CARTESIAN_POINT('',(260.,117.5));
#3718 = CARTESIAN_POINT('',(258.91746824526,119.375));
#3719 = CARTESIAN_POINT('',(257.83493649053,121.25));
#3720 = CARTESIAN_POINT('',(260.,121.25));
#3721 = ( GEOMETRIC_REPRESENTATION_CONTEXT(2) 
PARAMETRIC_REPRESENTATION_CONTEXT() REPRESENTATION_CONTEXT('2D SPACE',''
  ) );
#3722 = PCURVE('',#3723,#3728);
#3723 = CYLINDRICAL_SURFACE('',#3724,1.25);
#3724 = AXIS2_PLACEMENT_3D('',#3725,#3726,#3727);
#3725 = CARTESIAN_POINT('',(400.05,265.,260.));
#3726 = DIRECTION('',(1.,-0.,-0.));
#3727 = DIRECTION('',(0.,1.,0.));
#3728 = DEFINITIONAL_REPRESENTATION('',(#3729),#3733);
#3729 = LINE('',#3730,#3731);
#3730 = CARTESIAN_POINT('',(-6.28318530718,-20.05));
#3731 = VECTOR('',#3732,1.);
#3732 = DIRECTION('',(1.,-0.));
#3733 = ( GEOMETRIC_REPRESENTATION_CONTEXT(2) 
PARAMETRIC_REPRESENTATION_CONTEXT() REPRESENTATION_CONTEXT('2D SPACE',''
  ) );
#3734 = ADVANCED_FACE('',(#3735),#3397,.T.);
#3735 = FACE_BOUND('',#3736,.T.);
#3736 = EDGE_LOOP('',(#3737,#3760,#3761,#3762));
#3737 = ORIENTED_EDGE('',*,*,#3738,.F.);
#3738 = EDGE_CURVE('',#3354,#3739,#3741,.T.);
#3739 = VERTEX_POINT('',#3740);
#3740 = CARTESIAN_POINT('',(400.,290.,450.));
#3741 = SURFACE_CURVE('',#3742,(#3746,#3753),.PCURVE_S1.);
#3742 = LINE('',#3743,#3744);
#3743 = CARTESIAN_POINT('',(400.,290.,0.));
#3744 = VECTOR('',#3745,1.);
#3745 = DIRECTION('',(0.,0.,1.));
#3746 = PCURVE('',#3397,#3747);
#3747 = DEFINITIONAL_REPRESENTATION('',(#3748),#3752);
#3748 = LINE('',#3749,#3750);
#3749 = CARTESIAN_POINT('',(0.,0.));
#3750 = VECTOR('',#3751,1.);
#3751 = DIRECTION('',(0.,1.));
#3752 = ( GEOMETRIC_REPRESENTATION_CONTEXT(2) 
PARAMETRIC_REPRESENTATION_CONTEXT() REPRESENTATION_CONTEXT('2D SPACE',''
  ) );
#3753 = PCURVE('',#3369,#3754);
#3754 = DEFINITIONAL_REPRESENTATION('',(#3755),#3759);
#3755 = LINE('',#3756,#3757);
#3756 = CARTESIAN_POINT('',(0.,145.));
#3757 = VECTOR('',#3758,1.);
#3758 = DIRECTION('',(1.,0.));
#3759 = ( GEOMETRIC_REPRESENTATION_CONTEXT(2) 
PARAMETRIC_REPRESENTATION_CONTEXT() REPRESENTATION_CONTEXT('2D SPACE',''
  ) );
#3760 = ORIENTED_EDGE('',*,*,#3381,.T.);
#3761 = ORIENTED_EDGE('',*,*,#3539,.T.);
#3762 = ORIENTED_EDGE('',*,*,#3763,.F.);
#3763 = EDGE_CURVE('',#3739,#3517,#3764,.T.);
#3764 = SURFACE_CURVE('',#3765,(#3769,#3776),.PCURVE_S1.);
#3765 = LINE('',#3766,#3767);
#3766 = CARTESIAN_POINT('',(400.,290.,450.));
#3767 = VECTOR('',#3768,1.);
#3768 = DIRECTION('',(-1.,0.,0.));
#3769 = PCURVE('',#3397,#3770);
#3770 = DEFINITIONAL_REPRESENTATION('',(#3771),#3775);
#3771 = LINE('',#3772,#3773);
#3772 = CARTESIAN_POINT('',(0.,450.));
#3773 = VECTOR('',#3774,1.);
#3774 = DIRECTION('',(1.,0.));
#3775 = ( GEOMETRIC_REPRESENTATION_CONTEXT(2) 
PARAMETRIC_REPRESENTATION_CONTEXT() REPRESENTATION_CONTEXT('2D SPACE',''
  ) );
#3776 = PCURVE('',#3499,#3777);
#3777 = DEFINITIONAL_REPRESENTATION('',(#3778),#3782);
#3778 = LINE('',#3779,#3780);
#3779 = CARTESIAN_POINT('',(0.,-145.));
#3780 = VECTOR('',#3781,1.);
#3781 = DIRECTION('',(1.,0.));
#3782 = ( GEOMETRIC_REPRESENTATION_CONTEXT(2) 
PARAMETRIC_REPRESENTATION_CONTEXT() REPRESENTATION_CONTEXT('2D SPACE',''
  ) );
#3783 = ADVANCED_FACE('',(#3784,#3810,#3841,#3872,#3903,#3934),#3369,.F.
  );
#3784 = FACE_BOUND('',#3785,.F.);
#3785 = EDGE_LOOP('',(#3786,#3787,#3788,#3809));
#3786 = ORIENTED_EDGE('',*,*,#3353,.F.);
#3787 = ORIENTED_EDGE('',*,*,#3438,.T.);
#3788 = ORIENTED_EDGE('',*,*,#3789,.T.);
#3789 = EDGE_CURVE('',#3439,#3739,#3790,.T.);
#3790 = SURFACE_CURVE('',#3791,(#3795,#3802),.PCURVE_S1.);
#3791 = LINE('',#3792,#3793);
#3792 = CARTESIAN_POINT('',(400.,145.,450.));
#3793 = VECTOR('',#3794,1.);
#3794 = DIRECTION('',(0.,1.,0.));
#3795 = PCURVE('',#3369,#3796);
#3796 = DEFINITIONAL_REPRESENTATION('',(#3797),#3801);
#3797 = LINE('',#3798,#3799);
#3798 = CARTESIAN_POINT('',(450.,0.));
#3799 = VECTOR('',#3800,1.);
#3800 = DIRECTION('',(0.,1.));
#3801 = ( GEOMETRIC_REPRESENTATION_CONTEXT(2) 
PARAMETRIC_REPRESENTATION_CONTEXT() REPRESENTATION_CONTEXT('2D SPACE',''
  ) );
#3802 = PCURVE('',#3499,#3803);
#3803 = DEFINITIONAL_REPRESENTATION('',(#3804),#3808);
#3804 = LINE('',#3805,#3806);
#3805 = CARTESIAN_POINT('',(0.,0.));
#3806 = VECTOR('',#3807,1.);
#3807 = DIRECTION('',(0.,-1.));
#3808 = ( GEOMETRIC_REPRESENTATION_CONTEXT(2) 
PARAMETRIC_REPRESENTATION_CONTEXT() REPRESENTATION_CONTEXT('2D SPACE',''
  ) );
#3809 = ORIENTED_EDGE('',*,*,#3738,.F.);
#3810 = FACE_BOUND('',#3811,.F.);
#3811 = EDGE_LOOP('',(#3812));
#3812 = ORIENTED_EDGE('',*,*,#3813,.F.);
#3813 = EDGE_CURVE('',#3814,#3814,#3816,.T.);
#3814 = VERTEX_POINT('',#3815);
#3815 = CARTESIAN_POINT('',(400.,170.,106.2));
#3816 = SURFACE_CURVE('',#3817,(#3822,#3829),.PCURVE_S1.);
#3817 = CIRCLE('',#3818,3.8);
#3818 = AXIS2_PLACEMENT_3D('',#3819,#3820,#3821);
#3819 = CARTESIAN_POINT('',(400.,170.,110.));
#3820 = DIRECTION('',(-1.,0.,0.));
#3821 = DIRECTION('',(0.,0.,-1.));
#3822 = PCURVE('',#3369,#3823);
#3823 = DEFINITIONAL_REPRESENTATION('',(#3824),#3828);
#3824 = CIRCLE('',#3825,3.8);
#3825 = AXIS2_PLACEMENT_2D('',#3826,#3827);
#3826 = CARTESIAN_POINT('',(110.,25.));
#3827 = DIRECTION('',(-1.,0.));
#3828 = ( GEOMETRIC_REPRESENTATION_CONTEXT(2) 
PARAMETRIC_REPRESENTATION_CONTEXT() REPRESENTATION_CONTEXT('2D SPACE',''
  ) );
#3829 = PCURVE('',#3830,#3835);
#3830 = CONICAL_SURFACE('',#3831,3.85,0.785398163397);
#3831 = AXIS2_PLACEMENT_3D('',#3832,#3833,#3834);
#3832 = CARTESIAN_POINT('',(400.05,170.,110.));
#3833 = DIRECTION('',(1.,-0.,-0.));
#3834 = DIRECTION('',(0.,0.,-1.));
#3835 = DEFINITIONAL_REPRESENTATION('',(#3836),#3840);
#3836 = LINE('',#3837,#3838);
#3837 = CARTESIAN_POINT('',(-0.,-5.000000000001E-02));
#3838 = VECTOR('',#3839,1.);
#3839 = DIRECTION('',(-1.,-0.));
#3840 = ( GEOMETRIC_REPRESENTATION_CONTEXT(2) 
PARAMETRIC_REPRESENTATION_CONTEXT() REPRESENTATION_CONTEXT('2D SPACE',''
  ) );
#3841 = FACE_BOUND('',#3842,.F.);
#3842 = EDGE_LOOP('',(#3843));
#3843 = ORIENTED_EDGE('',*,*,#3844,.F.);
#3844 = EDGE_CURVE('',#3845,#3845,#3847,.T.);
#3845 = VERTEX_POINT('',#3846);
#3846 = CARTESIAN_POINT('',(400.,170.,256.2));
#3847 = SURFACE_CURVE('',#3848,(#3853,#3860),.PCURVE_S1.);
#3848 = CIRCLE('',#3849,3.8);
#3849 = AXIS2_PLACEMENT_3D('',#3850,#3851,#3852);
#3850 = CARTESIAN_POINT('',(400.,170.,260.));
#3851 = DIRECTION('',(-1.,0.,0.));
#3852 = DIRECTION('',(0.,0.,-1.));
#3853 = PCURVE('',#3369,#3854);
#3854 = DEFINITIONAL_REPRESENTATION('',(#3855),#3859);
#3855 = CIRCLE('',#3856,3.8);
#3856 = AXIS2_PLACEMENT_2D('',#3857,#3858);
#3857 = CARTESIAN_POINT('',(260.,25.));
#3858 = DIRECTION('',(-1.,0.));
#3859 = ( GEOMETRIC_REPRESENTATION_CONTEXT(2) 
PARAMETRIC_REPRESENTATION_CONTEXT() REPRESENTATION_CONTEXT('2D SPACE',''
  ) );
#3860 = PCURVE('',#3861,#3866);
#3861 = CONICAL_SURFACE('',#3862,3.85,0.785398163397);
#3862 = AXIS2_PLACEMENT_3D('',#3863,#3864,#3865);
#3863 = CARTESIAN_POINT('',(400.05,170.,260.));
#3864 = DIRECTION('',(1.,-0.,-0.));
#3865 = DIRECTION('',(0.,0.,-1.));
#3866 = DEFINITIONAL_REPRESENTATION('',(#3867),#3871);
#3867 = LINE('',#3868,#3869);
#3868 = CARTESIAN_POINT('',(-0.,-5.000000000001E-02));
#3869 = VECTOR('',#3870,1.);
#3870 = DIRECTION('',(-1.,-0.));
#3871 = ( GEOMETRIC_REPRESENTATION_CONTEXT(2) 
PARAMETRIC_REPRESENTATION_CONTEXT() REPRESENTATION_CONTEXT('2D SPACE',''
  ) );
#3872 = FACE_BOUND('',#3873,.F.);
#3873 = EDGE_LOOP('',(#3874));
#3874 = ORIENTED_EDGE('',*,*,#3875,.F.);
#3875 = EDGE_CURVE('',#3876,#3876,#3878,.T.);
#3876 = VERTEX_POINT('',#3877);
#3877 = CARTESIAN_POINT('',(400.,265.,106.2));
#3878 = SURFACE_CURVE('',#3879,(#3884,#3891),.PCURVE_S1.);
#3879 = CIRCLE('',#3880,3.8);
#3880 = AXIS2_PLACEMENT_3D('',#3881,#3882,#3883);
#3881 = CARTESIAN_POINT('',(400.,265.,110.));
#3882 = DIRECTION('',(-1.,0.,0.));
#3883 = DIRECTION('',(0.,0.,-1.));
#3884 = PCURVE('',#3369,#3885);
#3885 = DEFINITIONAL_REPRESENTATION('',(#3886),#3890);
#3886 = CIRCLE('',#3887,3.8);
#3887 = AXIS2_PLACEMENT_2D('',#3888,#3889);
#3888 = CARTESIAN_POINT('',(110.,120.));
#3889 = DIRECTION('',(-1.,0.));
#3890 = ( GEOMETRIC_REPRESENTATION_CONTEXT(2) 
PARAMETRIC_REPRESENTATION_CONTEXT() REPRESENTATION_CONTEXT('2D SPACE',''
  ) );
#3891 = PCURVE('',#3892,#3897);
#3892 = CONICAL_SURFACE('',#3893,3.85,0.785398163397);
#3893 = AXIS2_PLACEMENT_3D('',#3894,#3895,#3896);
#3894 = CARTESIAN_POINT('',(400.05,265.,110.));
#3895 = DIRECTION('',(1.,-0.,-0.));
#3896 = DIRECTION('',(0.,0.,-1.));
#3897 = DEFINITIONAL_REPRESENTATION('',(#3898),#3902);
#3898 = LINE('',#3899,#3900);
#3899 = CARTESIAN_POINT('',(-0.,-5.000000000001E-02));
#3900 = VECTOR('',#3901,1.);
#3901 = DIRECTION('',(-1.,-0.));
#3902 = ( GEOMETRIC_REPRESENTATION_CONTEXT(2) 
PARAMETRIC_REPRESENTATION_CONTEXT() REPRESENTATION_CONTEXT('2D SPACE',''
  ) );
#3903 = FACE_BOUND('',#3904,.F.);
#3904 = EDGE_LOOP('',(#3905));
#3905 = ORIENTED_EDGE('',*,*,#3906,.F.);
#3906 = EDGE_CURVE('',#3907,#3907,#3909,.T.);
#3907 = VERTEX_POINT('',#3908);
#3908 = CARTESIAN_POINT('',(400.,270.,195.65));
#3909 = SURFACE_CURVE('',#3910,(#3915,#3922),.PCURVE_S1.);
#3910 = CIRCLE('',#3911,4.35);
#3911 = AXIS2_PLACEMENT_3D('',#3912,#3913,#3914);
#3912 = CARTESIAN_POINT('',(400.,270.,200.));
#3913 = DIRECTION('',(-1.,0.,0.));
#3914 = DIRECTION('',(0.,0.,-1.));
#3915 = PCURVE('',#3369,#3916);
#3916 = DEFINITIONAL_REPRESENTATION('',(#3917),#3921);
#3917 = CIRCLE('',#3918,4.35);
#3918 = AXIS2_PLACEMENT_2D('',#3919,#3920);
#3919 = CARTESIAN_POINT('',(200.,125.));
#3920 = DIRECTION('',(-1.,0.));
#3921 = ( GEOMETRIC_REPRESENTATION_CONTEXT(2) 
PARAMETRIC_REPRESENTATION_CONTEXT() REPRESENTATION_CONTEXT('2D SPACE',''
  ) );
#3922 = PCURVE('',#3923,#3928);
#3923 = CONICAL_SURFACE('',#3924,4.4,0.785398163397);
#3924 = AXIS2_PLACEMENT_3D('',#3925,#3926,#3927);
#3925 = CARTESIAN_POINT('',(400.05,270.,200.));
#3926 = DIRECTION('',(1.,-0.,-0.));
#3927 = DIRECTION('',(0.,0.,-1.));
#3928 = DEFINITIONAL_REPRESENTATION('',(#3929),#3933);
#3929 = LINE('',#3930,#3931);
#3930 = CARTESIAN_POINT('',(-0.,-5.000000000001E-02));
#3931 = VECTOR('',#3932,1.);
#3932 = DIRECTION('',(-1.,-0.));
#3933 = ( GEOMETRIC_REPRESENTATION_CONTEXT(2) 
PARAMETRIC_REPRESENTATION_CONTEXT() REPRESENTATION_CONTEXT('2D SPACE',''
  ) );
#3934 = FACE_BOUND('',#3935,.F.);
#3935 = EDGE_LOOP('',(#3936));
#3936 = ORIENTED_EDGE('',*,*,#3937,.F.);
#3937 = EDGE_CURVE('',#3938,#3938,#3940,.T.);
#3938 = VERTEX_POINT('',#3939);
#3939 = CARTESIAN_POINT('',(400.,265.,256.2));
#3940 = SURFACE_CURVE('',#3941,(#3946,#3953),.PCURVE_S1.);
#3941 = CIRCLE('',#3942,3.8);
#3942 = AXIS2_PLACEMENT_3D('',#3943,#3944,#3945);
#3943 = CARTESIAN_POINT('',(400.,265.,260.));
#3944 = DIRECTION('',(-1.,0.,0.));
#3945 = DIRECTION('',(0.,0.,-1.));
#3946 = PCURVE('',#3369,#3947);
#3947 = DEFINITIONAL_REPRESENTATION('',(#3948),#3952);
#3948 = CIRCLE('',#3949,3.8);
#3949 = AXIS2_PLACEMENT_2D('',#3950,#3951);
#3950 = CARTESIAN_POINT('',(260.,120.));
#3951 = DIRECTION('',(-1.,0.));
#3952 = ( GEOMETRIC_REPRESENTATION_CONTEXT(2) 
PARAMETRIC_REPRESENTATION_CONTEXT() REPRESENTATION_CONTEXT('2D SPACE',''
  ) );
#3953 = PCURVE('',#3954,#3959);
#3954 = CONICAL_SURFACE('',#3955,3.85,0.785398163397);
#3955 = AXIS2_PLACEMENT_3D('',#3956,#3957,#3958);
#3956 = CARTESIAN_POINT('',(400.05,265.,260.));
#3957 = DIRECTION('',(1.,-0.,-0.));
#3958 = DIRECTION('',(0.,0.,-1.));
#3959 = DEFINITIONAL_REPRESENTATION('',(#3960),#3964);
#3960 = LINE('',#3961,#3962);
#3961 = CARTESIAN_POINT('',(-0.,-5.000000000001E-02));
#3962 = VECTOR('',#3963,1.);
#3963 = DIRECTION('',(-1.,-0.));
#3964 = ( GEOMETRIC_REPRESENTATION_CONTEXT(2) 
PARAMETRIC_REPRESENTATION_CONTEXT() REPRESENTATION_CONTEXT('2D SPACE',''
  ) );
#3965 = ADVANCED_FACE('',(#3966),#3499,.T.);
#3966 = FACE_BOUND('',#3967,.T.);
#3967 = EDGE_LOOP('',(#3968,#3969,#3970,#3971));
#3968 = ORIENTED_EDGE('',*,*,#3485,.F.);
#3969 = ORIENTED_EDGE('',*,*,#3789,.T.);
#3970 = ORIENTED_EDGE('',*,*,#3763,.T.);
#3971 = ORIENTED_EDGE('',*,*,#3516,.F.);
#3972 = ADVANCED_FACE('',(#3973),#3583,.F.);
#3973 = FACE_BOUND('',#3974,.T.);
#3974 = EDGE_LOOP('',(#3975,#3998,#4022,#4044,#4045));
#3975 = ORIENTED_EDGE('',*,*,#3976,.F.);
#3976 = EDGE_CURVE('',#3977,#3563,#3979,.T.);
#3977 = VERTEX_POINT('',#3978);
#3978 = CARTESIAN_POINT('',(397.45,171.25,110.));
#3979 = SEAM_CURVE('',#3980,(#3984,#3991),.PCURVE_S1.);
#3980 = LINE('',#3981,#3982);
#3981 = CARTESIAN_POINT('',(400.05,171.25,110.));
#3982 = VECTOR('',#3983,1.);
#3983 = DIRECTION('',(-1.,0.,0.));
#3984 = PCURVE('',#3583,#3985);
#3985 = DEFINITIONAL_REPRESENTATION('',(#3986),#3990);
#3986 = LINE('',#3987,#3988);
#3987 = CARTESIAN_POINT('',(-6.28318530718,0.));
#3988 = VECTOR('',#3989,1.);
#3989 = DIRECTION('',(-0.,-1.));
#3990 = ( GEOMETRIC_REPRESENTATION_CONTEXT(2) 
PARAMETRIC_REPRESENTATION_CONTEXT() REPRESENTATION_CONTEXT('2D SPACE',''
  ) );
#3991 = PCURVE('',#3583,#3992);
#3992 = DEFINITIONAL_REPRESENTATION('',(#3993),#3997);
#3993 = LINE('',#3994,#3995);
#3994 = CARTESIAN_POINT('',(-0.,0.));
#3995 = VECTOR('',#3996,1.);
#3996 = DIRECTION('',(-0.,-1.));
#3997 = ( GEOMETRIC_REPRESENTATION_CONTEXT(2) 
PARAMETRIC_REPRESENTATION_CONTEXT() REPRESENTATION_CONTEXT('2D SPACE',''
  ) );
#3998 = ORIENTED_EDGE('',*,*,#3999,.F.);
#3999 = EDGE_CURVE('',#4000,#3977,#4002,.T.);
#4000 = VERTEX_POINT('',#4001);
#4001 = CARTESIAN_POINT('',(397.45,170.,108.75));
#4002 = SURFACE_CURVE('',#4003,(#4008,#4015),.PCURVE_S1.);
#4003 = CIRCLE('',#4004,1.25);
#4004 = AXIS2_PLACEMENT_3D('',#4005,#4006,#4007);
#4005 = CARTESIAN_POINT('',(397.45,170.,110.));
#4006 = DIRECTION('',(-1.,0.,0.));
#4007 = DIRECTION('',(0.,0.,-1.));
#4008 = PCURVE('',#3583,#4009);
#4009 = DEFINITIONAL_REPRESENTATION('',(#4010),#4014);
#4010 = LINE('',#4011,#4012);
#4011 = CARTESIAN_POINT('',(-1.570796326795,-2.6));
#4012 = VECTOR('',#4013,1.);
#4013 = DIRECTION('',(-1.,0.));
#4014 = ( GEOMETRIC_REPRESENTATION_CONTEXT(2) 
PARAMETRIC_REPRESENTATION_CONTEXT() REPRESENTATION_CONTEXT('2D SPACE',''
  ) );
#4015 = PCURVE('',#3830,#4016);
#4016 = DEFINITIONAL_REPRESENTATION('',(#4017),#4021);
#4017 = LINE('',#4018,#4019);
#4018 = CARTESIAN_POINT('',(-0.,-2.6));
#4019 = VECTOR('',#4020,1.);
#4020 = DIRECTION('',(-1.,-0.));
#4021 = ( GEOMETRIC_REPRESENTATION_CONTEXT(2) 
PARAMETRIC_REPRESENTATION_CONTEXT() REPRESENTATION_CONTEXT('2D SPACE',''
  ) );
#4022 = ORIENTED_EDGE('',*,*,#4023,.F.);
#4023 = EDGE_CURVE('',#3977,#4000,#4024,.T.);
#4024 = SURFACE_CURVE('',#4025,(#4030,#4037),.PCURVE_S1.);
#4025 = CIRCLE('',#4026,1.25);
#4026 = AXIS2_PLACEMENT_3D('',#4027,#4028,#4029);
#4027 = CARTESIAN_POINT('',(397.45,170.,110.));
#4028 = DIRECTION('',(-1.,0.,0.));
#4029 = DIRECTION('',(0.,0.,-1.));
#4030 = PCURVE('',#3583,#4031);
#4031 = DEFINITIONAL_REPRESENTATION('',(#4032),#4036);
#4032 = LINE('',#4033,#4034);
#4033 = CARTESIAN_POINT('',(4.712388980385,-2.6));
#4034 = VECTOR('',#4035,1.);
#4035 = DIRECTION('',(-1.,0.));
#4036 = ( GEOMETRIC_REPRESENTATION_CONTEXT(2) 
PARAMETRIC_REPRESENTATION_CONTEXT() REPRESENTATION_CONTEXT('2D SPACE',''
  ) );
#4037 = PCURVE('',#3830,#4038);
#4038 = DEFINITIONAL_REPRESENTATION('',(#4039),#4043);
#4039 = LINE('',#4040,#4041);
#4040 = CARTESIAN_POINT('',(-0.,-2.6));
#4041 = VECTOR('',#4042,1.);
#4042 = DIRECTION('',(-1.,-0.));
#4043 = ( GEOMETRIC_REPRESENTATION_CONTEXT(2) 
PARAMETRIC_REPRESENTATION_CONTEXT() REPRESENTATION_CONTEXT('2D SPACE',''
  ) );
#4044 = ORIENTED_EDGE('',*,*,#3976,.T.);
#4045 = ORIENTED_EDGE('',*,*,#3562,.F.);
#4046 = ADVANCED_FACE('',(#4047),#3618,.F.);
#4047 = FACE_BOUND('',#4048,.T.);
#4048 = EDGE_LOOP('',(#4049,#4072,#4096,#4118,#4119));
#4049 = ORIENTED_EDGE('',*,*,#4050,.F.);
#4050 = EDGE_CURVE('',#4051,#3598,#4053,.T.);
#4051 = VERTEX_POINT('',#4052);
#4052 = CARTESIAN_POINT('',(397.45,171.25,260.));
#4053 = SEAM_CURVE('',#4054,(#4058,#4065),.PCURVE_S1.);
#4054 = LINE('',#4055,#4056);
#4055 = CARTESIAN_POINT('',(400.05,171.25,260.));
#4056 = VECTOR('',#4057,1.);
#4057 = DIRECTION('',(-1.,0.,0.));
#4058 = PCURVE('',#3618,#4059);
#4059 = DEFINITIONAL_REPRESENTATION('',(#4060),#4064);
#4060 = LINE('',#4061,#4062);
#4061 = CARTESIAN_POINT('',(-6.28318530718,0.));
#4062 = VECTOR('',#4063,1.);
#4063 = DIRECTION('',(-0.,-1.));
#4064 = ( GEOMETRIC_REPRESENTATION_CONTEXT(2) 
PARAMETRIC_REPRESENTATION_CONTEXT() REPRESENTATION_CONTEXT('2D SPACE',''
  ) );
#4065 = PCURVE('',#3618,#4066);
#4066 = DEFINITIONAL_REPRESENTATION('',(#4067),#4071);
#4067 = LINE('',#4068,#4069);
#4068 = CARTESIAN_POINT('',(-0.,0.));
#4069 = VECTOR('',#4070,1.);
#4070 = DIRECTION('',(-0.,-1.));
#4071 = ( GEOMETRIC_REPRESENTATION_CONTEXT(2) 
PARAMETRIC_REPRESENTATION_CONTEXT() REPRESENTATION_CONTEXT('2D SPACE',''
  ) );
#4072 = ORIENTED_EDGE('',*,*,#4073,.F.);
#4073 = EDGE_CURVE('',#4074,#4051,#4076,.T.);
#4074 = VERTEX_POINT('',#4075);
#4075 = CARTESIAN_POINT('',(397.45,170.,258.75));
#4076 = SURFACE_CURVE('',#4077,(#4082,#4089),.PCURVE_S1.);
#4077 = CIRCLE('',#4078,1.25);
#4078 = AXIS2_PLACEMENT_3D('',#4079,#4080,#4081);
#4079 = CARTESIAN_POINT('',(397.45,170.,260.));
#4080 = DIRECTION('',(-1.,0.,0.));
#4081 = DIRECTION('',(0.,0.,-1.));
#4082 = PCURVE('',#3618,#4083);
#4083 = DEFINITIONAL_REPRESENTATION('',(#4084),#4088);
#4084 = LINE('',#4085,#4086);
#4085 = CARTESIAN_POINT('',(-1.570796326795,-2.6));
#4086 = VECTOR('',#4087,1.);
#4087 = DIRECTION('',(-1.,0.));
#4088 = ( GEOMETRIC_REPRESENTATION_CONTEXT(2) 
PARAMETRIC_REPRESENTATION_CONTEXT() REPRESENTATION_CONTEXT('2D SPACE',''
  ) );
#4089 = PCURVE('',#3861,#4090);
#4090 = DEFINITIONAL_REPRESENTATION('',(#4091),#4095);
#4091 = LINE('',#4092,#4093);
#4092 = CARTESIAN_POINT('',(-0.,-2.6));
#4093 = VECTOR('',#4094,1.);
#4094 = DIRECTION('',(-1.,-0.));
#4095 = ( GEOMETRIC_REPRESENTATION_CONTEXT(2) 
PARAMETRIC_REPRESENTATION_CONTEXT() REPRESENTATION_CONTEXT('2D SPACE',''
  ) );
#4096 = ORIENTED_EDGE('',*,*,#4097,.F.);
#4097 = EDGE_CURVE('',#4051,#4074,#4098,.T.);
#4098 = SURFACE_CURVE('',#4099,(#4104,#4111),.PCURVE_S1.);
#4099 = CIRCLE('',#4100,1.25);
#4100 = AXIS2_PLACEMENT_3D('',#4101,#4102,#4103);
#4101 = CARTESIAN_POINT('',(397.45,170.,260.));
#4102 = DIRECTION('',(-1.,0.,0.));
#4103 = DIRECTION('',(0.,0.,-1.));
#4104 = PCURVE('',#3618,#4105);
#4105 = DEFINITIONAL_REPRESENTATION('',(#4106),#4110);
#4106 = LINE('',#4107,#4108);
#4107 = CARTESIAN_POINT('',(4.712388980385,-2.6));
#4108 = VECTOR('',#4109,1.);
#4109 = DIRECTION('',(-1.,0.));
#4110 = ( GEOMETRIC_REPRESENTATION_CONTEXT(2) 
PARAMETRIC_REPRESENTATION_CONTEXT() REPRESENTATION_CONTEXT('2D SPACE',''
  ) );
#4111 = PCURVE('',#3861,#4112);
#4112 = DEFINITIONAL_REPRESENTATION('',(#4113),#4117);
#4113 = LINE('',#4114,#4115);
#4114 = CARTESIAN_POINT('',(-0.,-2.6));
#4115 = VECTOR('',#4116,1.);
#4116 = DIRECTION('',(-1.,-0.));
#4117 = ( GEOMETRIC_REPRESENTATION_CONTEXT(2) 
PARAMETRIC_REPRESENTATION_CONTEXT() REPRESENTATION_CONTEXT('2D SPACE',''
  ) );
#4118 = ORIENTED_EDGE('',*,*,#4050,.T.);
#4119 = ORIENTED_EDGE('',*,*,#3597,.F.);
#4120 = ADVANCED_FACE('',(#4121),#3653,.F.);
#4121 = FACE_BOUND('',#4122,.T.);
#4122 = EDGE_LOOP('',(#4123,#4146,#4170,#4192,#4193));
#4123 = ORIENTED_EDGE('',*,*,#4124,.F.);
#4124 = EDGE_CURVE('',#4125,#3633,#4127,.T.);
#4125 = VERTEX_POINT('',#4126);
#4126 = CARTESIAN_POINT('',(397.45,266.25,110.));
#4127 = SEAM_CURVE('',#4128,(#4132,#4139),.PCURVE_S1.);
#4128 = LINE('',#4129,#4130);
#4129 = CARTESIAN_POINT('',(400.05,266.25,110.));
#4130 = VECTOR('',#4131,1.);
#4131 = DIRECTION('',(-1.,0.,0.));
#4132 = PCURVE('',#3653,#4133);
#4133 = DEFINITIONAL_REPRESENTATION('',(#4134),#4138);
#4134 = LINE('',#4135,#4136);
#4135 = CARTESIAN_POINT('',(-6.28318530718,0.));
#4136 = VECTOR('',#4137,1.);
#4137 = DIRECTION('',(-0.,-1.));
#4138 = ( GEOMETRIC_REPRESENTATION_CONTEXT(2) 
PARAMETRIC_REPRESENTATION_CONTEXT() REPRESENTATION_CONTEXT('2D SPACE',''
  ) );
#4139 = PCURVE('',#3653,#4140);
#4140 = DEFINITIONAL_REPRESENTATION('',(#4141),#4145);
#4141 = LINE('',#4142,#4143);
#4142 = CARTESIAN_POINT('',(-0.,0.));
#4143 = VECTOR('',#4144,1.);
#4144 = DIRECTION('',(-0.,-1.));
#4145 = ( GEOMETRIC_REPRESENTATION_CONTEXT(2) 
PARAMETRIC_REPRESENTATION_CONTEXT() REPRESENTATION_CONTEXT('2D SPACE',''
  ) );
#4146 = ORIENTED_EDGE('',*,*,#4147,.F.);
#4147 = EDGE_CURVE('',#4148,#4125,#4150,.T.);
#4148 = VERTEX_POINT('',#4149);
#4149 = CARTESIAN_POINT('',(397.45,265.,108.75));
#4150 = SURFACE_CURVE('',#4151,(#4156,#4163),.PCURVE_S1.);
#4151 = CIRCLE('',#4152,1.25);
#4152 = AXIS2_PLACEMENT_3D('',#4153,#4154,#4155);
#4153 = CARTESIAN_POINT('',(397.45,265.,110.));
#4154 = DIRECTION('',(-1.,0.,0.));
#4155 = DIRECTION('',(0.,0.,-1.));
#4156 = PCURVE('',#3653,#4157);
#4157 = DEFINITIONAL_REPRESENTATION('',(#4158),#4162);
#4158 = LINE('',#4159,#4160);
#4159 = CARTESIAN_POINT('',(-1.570796326795,-2.6));
#4160 = VECTOR('',#4161,1.);
#4161 = DIRECTION('',(-1.,0.));
#4162 = ( GEOMETRIC_REPRESENTATION_CONTEXT(2) 
PARAMETRIC_REPRESENTATION_CONTEXT() REPRESENTATION_CONTEXT('2D SPACE',''
  ) );
#4163 = PCURVE('',#3892,#4164);
#4164 = DEFINITIONAL_REPRESENTATION('',(#4165),#4169);
#4165 = LINE('',#4166,#4167);
#4166 = CARTESIAN_POINT('',(-0.,-2.6));
#4167 = VECTOR('',#4168,1.);
#4168 = DIRECTION('',(-1.,-0.));
#4169 = ( GEOMETRIC_REPRESENTATION_CONTEXT(2) 
PARAMETRIC_REPRESENTATION_CONTEXT() REPRESENTATION_CONTEXT('2D SPACE',''
  ) );
#4170 = ORIENTED_EDGE('',*,*,#4171,.F.);
#4171 = EDGE_CURVE('',#4125,#4148,#4172,.T.);
#4172 = SURFACE_CURVE('',#4173,(#4178,#4185),.PCURVE_S1.);
#4173 = CIRCLE('',#4174,1.25);
#4174 = AXIS2_PLACEMENT_3D('',#4175,#4176,#4177);
#4175 = CARTESIAN_POINT('',(397.45,265.,110.));
#4176 = DIRECTION('',(-1.,0.,0.));
#4177 = DIRECTION('',(0.,0.,-1.));
#4178 = PCURVE('',#3653,#4179);
#4179 = DEFINITIONAL_REPRESENTATION('',(#4180),#4184);
#4180 = LINE('',#4181,#4182);
#4181 = CARTESIAN_POINT('',(4.712388980385,-2.6));
#4182 = VECTOR('',#4183,1.);
#4183 = DIRECTION('',(-1.,0.));
#4184 = ( GEOMETRIC_REPRESENTATION_CONTEXT(2) 
PARAMETRIC_REPRESENTATION_CONTEXT() REPRESENTATION_CONTEXT('2D SPACE',''
  ) );
#4185 = PCURVE('',#3892,#4186);
#4186 = DEFINITIONAL_REPRESENTATION('',(#4187),#4191);
#4187 = LINE('',#4188,#4189);
#4188 = CARTESIAN_POINT('',(-0.,-2.6));
#4189 = VECTOR('',#4190,1.);
#4190 = DIRECTION('',(-1.,-0.));
#4191 = ( GEOMETRIC_REPRESENTATION_CONTEXT(2) 
PARAMETRIC_REPRESENTATION_CONTEXT() REPRESENTATION_CONTEXT('2D SPACE',''
  ) );
#4192 = ORIENTED_EDGE('',*,*,#4124,.T.);
#4193 = ORIENTED_EDGE('',*,*,#3632,.F.);
#4194 = ADVANCED_FACE('',(#4195),#3688,.F.);
#4195 = FACE_BOUND('',#4196,.T.);
#4196 = EDGE_LOOP('',(#4197,#4220,#4244,#4266,#4267));
#4197 = ORIENTED_EDGE('',*,*,#4198,.F.);
#4198 = EDGE_CURVE('',#4199,#3668,#4201,.T.);
#4199 = VERTEX_POINT('',#4200);
#4200 = CARTESIAN_POINT('',(397.15,271.5,200.));
#4201 = SEAM_CURVE('',#4202,(#4206,#4213),.PCURVE_S1.);
#4202 = LINE('',#4203,#4204);
#4203 = CARTESIAN_POINT('',(400.05,271.5,200.));
#4204 = VECTOR('',#4205,1.);
#4205 = DIRECTION('',(-1.,0.,0.));
#4206 = PCURVE('',#3688,#4207);
#4207 = DEFINITIONAL_REPRESENTATION('',(#4208),#4212);
#4208 = LINE('',#4209,#4210);
#4209 = CARTESIAN_POINT('',(-6.28318530718,0.));
#4210 = VECTOR('',#4211,1.);
#4211 = DIRECTION('',(-0.,-1.));
#4212 = ( GEOMETRIC_REPRESENTATION_CONTEXT(2) 
PARAMETRIC_REPRESENTATION_CONTEXT() REPRESENTATION_CONTEXT('2D SPACE',''
  ) );
#4213 = PCURVE('',#3688,#4214);
#4214 = DEFINITIONAL_REPRESENTATION('',(#4215),#4219);
#4215 = LINE('',#4216,#4217);
#4216 = CARTESIAN_POINT('',(-0.,0.));
#4217 = VECTOR('',#4218,1.);
#4218 = DIRECTION('',(-0.,-1.));
#4219 = ( GEOMETRIC_REPRESENTATION_CONTEXT(2) 
PARAMETRIC_REPRESENTATION_CONTEXT() REPRESENTATION_CONTEXT('2D SPACE',''
  ) );
#4220 = ORIENTED_EDGE('',*,*,#4221,.F.);
#4221 = EDGE_CURVE('',#4222,#4199,#4224,.T.);
#4222 = VERTEX_POINT('',#4223);
#4223 = CARTESIAN_POINT('',(397.15,270.,198.5));
#4224 = SURFACE_CURVE('',#4225,(#4230,#4237),.PCURVE_S1.);
#4225 = CIRCLE('',#4226,1.5);
#4226 = AXIS2_PLACEMENT_3D('',#4227,#4228,#4229);
#4227 = CARTESIAN_POINT('',(397.15,270.,200.));
#4228 = DIRECTION('',(-1.,0.,0.));
#4229 = DIRECTION('',(0.,0.,-1.));
#4230 = PCURVE('',#3688,#4231);
#4231 = DEFINITIONAL_REPRESENTATION('',(#4232),#4236);
#4232 = LINE('',#4233,#4234);
#4233 = CARTESIAN_POINT('',(-1.570796326795,-2.9));
#4234 = VECTOR('',#4235,1.);
#4235 = DIRECTION('',(-1.,0.));
#4236 = ( GEOMETRIC_REPRESENTATION_CONTEXT(2) 
PARAMETRIC_REPRESENTATION_CONTEXT() REPRESENTATION_CONTEXT('2D SPACE',''
  ) );
#4237 = PCURVE('',#3923,#4238);
#4238 = DEFINITIONAL_REPRESENTATION('',(#4239),#4243);
#4239 = LINE('',#4240,#4241);
#4240 = CARTESIAN_POINT('',(-0.,-2.9));
#4241 = VECTOR('',#4242,1.);
#4242 = DIRECTION('',(-1.,-0.));
#4243 = ( GEOMETRIC_REPRESENTATION_CONTEXT(2) 
PARAMETRIC_REPRESENTATION_CONTEXT() REPRESENTATION_CONTEXT('2D SPACE',''
  ) );
#4244 = ORIENTED_EDGE('',*,*,#4245,.F.);
#4245 = EDGE_CURVE('',#4199,#4222,#4246,.T.);
#4246 = SURFACE_CURVE('',#4247,(#4252,#4259),.PCURVE_S1.);
#4247 = CIRCLE('',#4248,1.5);
#4248 = AXIS2_PLACEMENT_3D('',#4249,#4250,#4251);
#4249 = CARTESIAN_POINT('',(397.15,270.,200.));
#4250 = DIRECTION('',(-1.,0.,0.));
#4251 = DIRECTION('',(0.,0.,-1.));
#4252 = PCURVE('',#3688,#4253);
#4253 = DEFINITIONAL_REPRESENTATION('',(#4254),#4258);
#4254 = LINE('',#4255,#4256);
#4255 = CARTESIAN_POINT('',(4.712388980385,-2.9));
#4256 = VECTOR('',#4257,1.);
#4257 = DIRECTION('',(-1.,0.));
#4258 = ( GEOMETRIC_REPRESENTATION_CONTEXT(2) 
PARAMETRIC_REPRESENTATION_CONTEXT() REPRESENTATION_CONTEXT('2D SPACE',''
  ) );
#4259 = PCURVE('',#3923,#4260);
#4260 = DEFINITIONAL_REPRESENTATION('',(#4261),#4265);
#4261 = LINE('',#4262,#4263);
#4262 = CARTESIAN_POINT('',(-0.,-2.9));
#4263 = VECTOR('',#4264,1.);
#4264 = DIRECTION('',(-1.,-0.));
#4265 = ( GEOMETRIC_REPRESENTATION_CONTEXT(2) 
PARAMETRIC_REPRESENTATION_CONTEXT() REPRESENTATION_CONTEXT('2D SPACE',''
  ) );
#4266 = ORIENTED_EDGE('',*,*,#4198,.T.);
#4267 = ORIENTED_EDGE('',*,*,#3667,.F.);
#4268 = ADVANCED_FACE('',(#4269),#3723,.F.);
#4269 = FACE_BOUND('',#4270,.T.);
#4270 = EDGE_LOOP('',(#4271,#4294,#4318,#4340,#4341));
#4271 = ORIENTED_EDGE('',*,*,#4272,.F.);
#4272 = EDGE_CURVE('',#4273,#3703,#4275,.T.);
#4273 = VERTEX_POINT('',#4274);
#4274 = CARTESIAN_POINT('',(397.45,266.25,260.));
#4275 = SEAM_CURVE('',#4276,(#4280,#4287),.PCURVE_S1.);
#4276 = LINE('',#4277,#4278);
#4277 = CARTESIAN_POINT('',(400.05,266.25,260.));
#4278 = VECTOR('',#4279,1.);
#4279 = DIRECTION('',(-1.,0.,0.));
#4280 = PCURVE('',#3723,#4281);
#4281 = DEFINITIONAL_REPRESENTATION('',(#4282),#4286);
#4282 = LINE('',#4283,#4284);
#4283 = CARTESIAN_POINT('',(-6.28318530718,0.));
#4284 = VECTOR('',#4285,1.);
#4285 = DIRECTION('',(-0.,-1.));
#4286 = ( GEOMETRIC_REPRESENTATION_CONTEXT(2) 
PARAMETRIC_REPRESENTATION_CONTEXT() REPRESENTATION_CONTEXT('2D SPACE',''
  ) );
#4287 = PCURVE('',#3723,#4288);
#4288 = DEFINITIONAL_REPRESENTATION('',(#4289),#4293);
#4289 = LINE('',#4290,#4291);
#4290 = CARTESIAN_POINT('',(-0.,0.));
#4291 = VECTOR('',#4292,1.);
#4292 = DIRECTION('',(-0.,-1.));
#4293 = ( GEOMETRIC_REPRESENTATION_CONTEXT(2) 
PARAMETRIC_REPRESENTATION_CONTEXT() REPRESENTATION_CONTEXT('2D SPACE',''
  ) );
#4294 = ORIENTED_EDGE('',*,*,#4295,.F.);
#4295 = EDGE_CURVE('',#4296,#4273,#4298,.T.);
#4296 = VERTEX_POINT('',#4297);
#4297 = CARTESIAN_POINT('',(397.45,265.,258.75));
#4298 = SURFACE_CURVE('',#4299,(#4304,#4311),.PCURVE_S1.);
#4299 = CIRCLE('',#4300,1.25);
#4300 = AXIS2_PLACEMENT_3D('',#4301,#4302,#4303);
#4301 = CARTESIAN_POINT('',(397.45,265.,260.));
#4302 = DIRECTION('',(-1.,0.,0.));
#4303 = DIRECTION('',(0.,0.,-1.));
#4304 = PCURVE('',#3723,#4305);
#4305 = DEFINITIONAL_REPRESENTATION('',(#4306),#4310);
#4306 = LINE('',#4307,#4308);
#4307 = CARTESIAN_POINT('',(-1.570796326795,-2.6));
#4308 = VECTOR('',#4309,1.);
#4309 = DIRECTION('',(-1.,0.));
#4310 = ( GEOMETRIC_REPRESENTATION_CONTEXT(2) 
PARAMETRIC_REPRESENTATION_CONTEXT() REPRESENTATION_CONTEXT('2D SPACE',''
  ) );
#4311 = PCURVE('',#3954,#4312);
#4312 = DEFINITIONAL_REPRESENTATION('',(#4313),#4317);
#4313 = LINE('',#4314,#4315);
#4314 = CARTESIAN_POINT('',(-0.,-2.6));
#4315 = VECTOR('',#4316,1.);
#4316 = DIRECTION('',(-1.,-0.));
#4317 = ( GEOMETRIC_REPRESENTATION_CONTEXT(2) 
PARAMETRIC_REPRESENTATION_CONTEXT() REPRESENTATION_CONTEXT('2D SPACE',''
  ) );
#4318 = ORIENTED_EDGE('',*,*,#4319,.F.);
#4319 = EDGE_CURVE('',#4273,#4296,#4320,.T.);
#4320 = SURFACE_CURVE('',#4321,(#4326,#4333),.PCURVE_S1.);
#4321 = CIRCLE('',#4322,1.25);
#4322 = AXIS2_PLACEMENT_3D('',#4323,#4324,#4325);
#4323 = CARTESIAN_POINT('',(397.45,265.,260.));
#4324 = DIRECTION('',(-1.,0.,0.));
#4325 = DIRECTION('',(0.,0.,-1.));
#4326 = PCURVE('',#3723,#4327);
#4327 = DEFINITIONAL_REPRESENTATION('',(#4328),#4332);
#4328 = LINE('',#4329,#4330);
#4329 = CARTESIAN_POINT('',(4.712388980385,-2.6));
#4330 = VECTOR('',#4331,1.);
#4331 = DIRECTION('',(-1.,0.));
#4332 = ( GEOMETRIC_REPRESENTATION_CONTEXT(2) 
PARAMETRIC_REPRESENTATION_CONTEXT() REPRESENTATION_CONTEXT('2D SPACE',''
  ) );
#4333 = PCURVE('',#3954,#4334);
#4334 = DEFINITIONAL_REPRESENTATION('',(#4335),#4339);
#4335 = LINE('',#4336,#4337);
#4336 = CARTESIAN_POINT('',(-0.,-2.6));
#4337 = VECTOR('',#4338,1.);
#4338 = DIRECTION('',(-1.,-0.));
#4339 = ( GEOMETRIC_REPRESENTATION_CONTEXT(2) 
PARAMETRIC_REPRESENTATION_CONTEXT() REPRESENTATION_CONTEXT('2D SPACE',''
  ) );
#4340 = ORIENTED_EDGE('',*,*,#4272,.T.);
#4341 = ORIENTED_EDGE('',*,*,#3702,.F.);
#4342 = ADVANCED_FACE('',(#4343),#3830,.F.);
#4343 = FACE_BOUND('',#4344,.F.);
#4344 = EDGE_LOOP('',(#4345,#4346,#4367,#4368,#4369));
#4345 = ORIENTED_EDGE('',*,*,#3813,.T.);
#4346 = ORIENTED_EDGE('',*,*,#4347,.T.);
#4347 = EDGE_CURVE('',#3814,#4000,#4348,.T.);
#4348 = SEAM_CURVE('',#4349,(#4353,#4360),.PCURVE_S1.);
#4349 = LINE('',#4350,#4351);
#4350 = CARTESIAN_POINT('',(400.05,170.,106.15));
#4351 = VECTOR('',#4352,1.);
#4352 = DIRECTION('',(-0.707106781187,-1.731912112471E-16,0.707106781187
    ));
#4353 = PCURVE('',#3830,#4354);
#4354 = DEFINITIONAL_REPRESENTATION('',(#4355),#4359);
#4355 = LINE('',#4356,#4357);
#4356 = CARTESIAN_POINT('',(0.,-0.));
#4357 = VECTOR('',#4358,1.);
#4358 = DIRECTION('',(-0.,-1.));
#4359 = ( GEOMETRIC_REPRESENTATION_CONTEXT(2) 
PARAMETRIC_REPRESENTATION_CONTEXT() REPRESENTATION_CONTEXT('2D SPACE',''
  ) );
#4360 = PCURVE('',#3830,#4361);
#4361 = DEFINITIONAL_REPRESENTATION('',(#4362),#4366);
#4362 = LINE('',#4363,#4364);
#4363 = CARTESIAN_POINT('',(-6.28318530718,0.));
#4364 = VECTOR('',#4365,1.);
#4365 = DIRECTION('',(-0.,-1.));
#4366 = ( GEOMETRIC_REPRESENTATION_CONTEXT(2) 
PARAMETRIC_REPRESENTATION_CONTEXT() REPRESENTATION_CONTEXT('2D SPACE',''
  ) );
#4367 = ORIENTED_EDGE('',*,*,#4023,.F.);
#4368 = ORIENTED_EDGE('',*,*,#3999,.F.);
#4369 = ORIENTED_EDGE('',*,*,#4347,.F.);
#4370 = ADVANCED_FACE('',(#4371),#3861,.F.);
#4371 = FACE_BOUND('',#4372,.F.);
#4372 = EDGE_LOOP('',(#4373,#4374,#4395,#4396,#4397));
#4373 = ORIENTED_EDGE('',*,*,#3844,.T.);
#4374 = ORIENTED_EDGE('',*,*,#4375,.T.);
#4375 = EDGE_CURVE('',#3845,#4074,#4376,.T.);
#4376 = SEAM_CURVE('',#4377,(#4381,#4388),.PCURVE_S1.);
#4377 = LINE('',#4378,#4379);
#4378 = CARTESIAN_POINT('',(400.05,170.,256.15));
#4379 = VECTOR('',#4380,1.);
#4380 = DIRECTION('',(-0.707106781187,-1.731912112471E-16,0.707106781187
    ));
#4381 = PCURVE('',#3861,#4382);
#4382 = DEFINITIONAL_REPRESENTATION('',(#4383),#4387);
#4383 = LINE('',#4384,#4385);
#4384 = CARTESIAN_POINT('',(0.,-0.));
#4385 = VECTOR('',#4386,1.);
#4386 = DIRECTION('',(-0.,-1.));
#4387 = ( GEOMETRIC_REPRESENTATION_CONTEXT(2) 
PARAMETRIC_REPRESENTATION_CONTEXT() REPRESENTATION_CONTEXT('2D SPACE',''
  ) );
#4388 = PCURVE('',#3861,#4389);
#4389 = DEFINITIONAL_REPRESENTATION('',(#4390),#4394);
#4390 = LINE('',#4391,#4392);
#4391 = CARTESIAN_POINT('',(-6.28318530718,0.));
#4392 = VECTOR('',#4393,1.);
#4393 = DIRECTION('',(-0.,-1.));
#4394 = ( GEOMETRIC_REPRESENTATION_CONTEXT(2) 
PARAMETRIC_REPRESENTATION_CONTEXT() REPRESENTATION_CONTEXT('2D SPACE',''
  ) );
#4395 = ORIENTED_EDGE('',*,*,#4097,.F.);
#4396 = ORIENTED_EDGE('',*,*,#4073,.F.);
#4397 = ORIENTED_EDGE('',*,*,#4375,.F.);
#4398 = ADVANCED_FACE('',(#4399),#3892,.F.);
#4399 = FACE_BOUND('',#4400,.F.);
#4400 = EDGE_LOOP('',(#4401,#4402,#4423,#4424,#4425));
#4401 = ORIENTED_EDGE('',*,*,#3875,.T.);
#4402 = ORIENTED_EDGE('',*,*,#4403,.T.);
#4403 = EDGE_CURVE('',#3876,#4148,#4404,.T.);
#4404 = SEAM_CURVE('',#4405,(#4409,#4416),.PCURVE_S1.);
#4405 = LINE('',#4406,#4407);
#4406 = CARTESIAN_POINT('',(400.05,265.,106.15));
#4407 = VECTOR('',#4408,1.);
#4408 = DIRECTION('',(-0.707106781187,-1.731912112471E-16,0.707106781187
    ));
#4409 = PCURVE('',#3892,#4410);
#4410 = DEFINITIONAL_REPRESENTATION('',(#4411),#4415);
#4411 = LINE('',#4412,#4413);
#4412 = CARTESIAN_POINT('',(0.,-0.));
#4413 = VECTOR('',#4414,1.);
#4414 = DIRECTION('',(-0.,-1.));
#4415 = ( GEOMETRIC_REPRESENTATION_CONTEXT(2) 
PARAMETRIC_REPRESENTATION_CONTEXT() REPRESENTATION_CONTEXT('2D SPACE',''
  ) );
#4416 = PCURVE('',#3892,#4417);
#4417 = DEFINITIONAL_REPRESENTATION('',(#4418),#4422);
#4418 = LINE('',#4419,#4420);
#4419 = CARTESIAN_POINT('',(-6.28318530718,0.));
#4420 = VECTOR('',#4421,1.);
#4421 = DIRECTION('',(-0.,-1.));
#4422 = ( GEOMETRIC_REPRESENTATION_CONTEXT(2) 
PARAMETRIC_REPRESENTATION_CONTEXT() REPRESENTATION_CONTEXT('2D SPACE',''
  ) );
#4423 = ORIENTED_EDGE('',*,*,#4171,.F.);
#4424 = ORIENTED_EDGE('',*,*,#4147,.F.);
#4425 = ORIENTED_EDGE('',*,*,#4403,.F.);
#4426 = ADVANCED_FACE('',(#4427),#3923,.F.);
#4427 = FACE_BOUND('',#4428,.F.);
#4428 = EDGE_LOOP('',(#4429,#4430,#4451,#4452,#4453));
#4429 = ORIENTED_EDGE('',*,*,#3906,.T.);
#4430 = ORIENTED_EDGE('',*,*,#4431,.T.);
#4431 = EDGE_CURVE('',#3907,#4222,#4432,.T.);
#4432 = SEAM_CURVE('',#4433,(#4437,#4444),.PCURVE_S1.);
#4433 = LINE('',#4434,#4435);
#4434 = CARTESIAN_POINT('',(400.05,270.,195.6));
#4435 = VECTOR('',#4436,1.);
#4436 = DIRECTION('',(-0.707106781187,-1.731912112471E-16,0.707106781187
    ));
#4437 = PCURVE('',#3923,#4438);
#4438 = DEFINITIONAL_REPRESENTATION('',(#4439),#4443);
#4439 = LINE('',#4440,#4441);
#4440 = CARTESIAN_POINT('',(0.,-0.));
#4441 = VECTOR('',#4442,1.);
#4442 = DIRECTION('',(-0.,-1.));
#4443 = ( GEOMETRIC_REPRESENTATION_CONTEXT(2) 
PARAMETRIC_REPRESENTATION_CONTEXT() REPRESENTATION_CONTEXT('2D SPACE',''
  ) );
#4444 = PCURVE('',#3923,#4445);
#4445 = DEFINITIONAL_REPRESENTATION('',(#4446),#4450);
#4446 = LINE('',#4447,#4448);
#4447 = CARTESIAN_POINT('',(-6.28318530718,0.));
#4448 = VECTOR('',#4449,1.);
#4449 = DIRECTION('',(-0.,-1.));
#4450 = ( GEOMETRIC_REPRESENTATION_CONTEXT(2) 
PARAMETRIC_REPRESENTATION_CONTEXT() REPRESENTATION_CONTEXT('2D SPACE',''
  ) );
#4451 = ORIENTED_EDGE('',*,*,#4245,.F.);
#4452 = ORIENTED_EDGE('',*,*,#4221,.F.);
#4453 = ORIENTED_EDGE('',*,*,#4431,.F.);
#4454 = ADVANCED_FACE('',(#4455),#3954,.F.);
#4455 = FACE_BOUND('',#4456,.F.);
#4456 = EDGE_LOOP('',(#4457,#4458,#4479,#4480,#4481));
#4457 = ORIENTED_EDGE('',*,*,#3937,.T.);
#4458 = ORIENTED_EDGE('',*,*,#4459,.T.);
#4459 = EDGE_CURVE('',#3938,#4296,#4460,.T.);
#4460 = SEAM_CURVE('',#4461,(#4465,#4472),.PCURVE_S1.);
#4461 = LINE('',#4462,#4463);
#4462 = CARTESIAN_POINT('',(400.05,265.,256.15));
#4463 = VECTOR('',#4464,1.);
#4464 = DIRECTION('',(-0.707106781187,-1.731912112471E-16,0.707106781187
    ));
#4465 = PCURVE('',#3954,#4466);
#4466 = DEFINITIONAL_REPRESENTATION('',(#4467),#4471);
#4467 = LINE('',#4468,#4469);
#4468 = CARTESIAN_POINT('',(0.,-0.));
#4469 = VECTOR('',#4470,1.);
#4470 = DIRECTION('',(-0.,-1.));
#4471 = ( GEOMETRIC_REPRESENTATION_CONTEXT(2) 
PARAMETRIC_REPRESENTATION_CONTEXT() REPRESENTATION_CONTEXT('2D SPACE',''
  ) );
#4472 = PCURVE('',#3954,#4473);
#4473 = DEFINITIONAL_REPRESENTATION('',(#4474),#4478);
#4474 = LINE('',#4475,#4476);
#4475 = CARTESIAN_POINT('',(-6.28318530718,0.));
#4476 = VECTOR('',#4477,1.);
#4477 = DIRECTION('',(-0.,-1.));
#4478 = ( GEOMETRIC_REPRESENTATION_CONTEXT(2) 
PARAMETRIC_REPRESENTATION_CONTEXT() REPRESENTATION_CONTEXT('2D SPACE',''
  ) );
#4479 = ORIENTED_EDGE('',*,*,#4319,.F.);
#4480 = ORIENTED_EDGE('',*,*,#4295,.F.);
#4481 = ORIENTED_EDGE('',*,*,#4459,.F.);
#4482 = ( GEOMETRIC_REPRESENTATION_CONTEXT(3) 
GLOBAL_UNCERTAINTY_ASSIGNED_CONTEXT((#4486)) 
GLOBAL_UNIT_ASSIGNED_CONTEXT((#4483,#4484,#4485)) REPRESENTATION_CONTEXT
('Context #1','3D Context with UNIT and UNCERTAINTY') );
#4483 = ( LENGTH_UNIT() NAMED_UNIT(*) SI_UNIT(.MILLI.,.METRE.) );
#4484 = ( NAMED_UNIT(*) PLANE_ANGLE_UNIT() SI_UNIT($,.RADIAN.) );
#4485 = ( NAMED_UNIT(*) SI_UNIT($,.STERADIAN.) SOLID_ANGLE_UNIT() );
#4486 = UNCERTAINTY_MEASURE_WITH_UNIT(LENGTH_MEASURE(1.E-07),#4483,
  'distance_accuracy_value','confusion accuracy');
#4487 = CONTEXT_DEPENDENT_SHAPE_REPRESENTATION(#4488,#4490);
#4488 = ( REPRESENTATION_RELATIONSHIP('','',#3311,#10) 
REPRESENTATION_RELATIONSHIP_WITH_TRANSFORMATION(#4489) 
SHAPE_REPRESENTATION_RELATIONSHIP() );
#4489 = ITEM_DEFINED_TRANSFORMATION('','',#11,#27);
#4490 = PRODUCT_DEFINITION_SHAPE('Placement','Placement of an item',
  #4491);
#4491 = NEXT_ASSEMBLY_USAGE_OCCURRENCE('16','panel_4','',#5,#3306,$);
#4492 = PRODUCT_RELATED_PRODUCT_CATEGORY('part',$,(#3308));
#4493 = SHAPE_DEFINITION_REPRESENTATION(#4494,#4500);
#4494 = PRODUCT_DEFINITION_SHAPE('','',#4495);
#4495 = PRODUCT_DEFINITION('design','',#4496,#4499);
#4496 = PRODUCT_DEFINITION_FORMATION('','',#4497);
#4497 = PRODUCT('cleat_lo_1','cleat_lo_1','',(#4498));
#4498 = PRODUCT_CONTEXT('',#2,'mechanical');
#4499 = PRODUCT_DEFINITION_CONTEXT('part definition',#2,'design');
#4500 = ADVANCED_BREP_SHAPE_REPRESENTATION('',(#11,#4501),#5583);
#4501 = MANIFOLD_SOLID_BREP('',#4502);
#4502 = CLOSED_SHELL('',(#4503,#4623,#4839,#4888,#4937,#5104,#5111,#5166
    ,#5221,#5276,#5331,#5386,#5441,#5496,#5551,#5555,#5559,#5563,#5567,
    #5571,#5575,#5579));
#4503 = ADVANCED_FACE('',(#4504),#4518,.F.);
#4504 = FACE_BOUND('',#4505,.F.);
#4505 = EDGE_LOOP('',(#4506,#4541,#4569,#4597));
#4506 = ORIENTED_EDGE('',*,*,#4507,.F.);
#4507 = EDGE_CURVE('',#4508,#4510,#4512,.T.);
#4508 = VERTEX_POINT('',#4509);
#4509 = CARTESIAN_POINT('',(20.,0.,130.));
#4510 = VERTEX_POINT('',#4511);
#4511 = CARTESIAN_POINT('',(20.,0.,90.));
#4512 = SURFACE_CURVE('',#4513,(#4517,#4529),.PCURVE_S1.);
#4513 = LINE('',#4514,#4515);
#4514 = CARTESIAN_POINT('',(20.,0.,130.));
#4515 = VECTOR('',#4516,1.);
#4516 = DIRECTION('',(0.,0.,-1.));
#4517 = PCURVE('',#4518,#4523);
#4518 = PLANE('',#4519);
#4519 = AXIS2_PLACEMENT_3D('',#4520,#4521,#4522);
#4520 = CARTESIAN_POINT('',(20.,0.,130.));
#4521 = DIRECTION('',(0.,1.,0.));
#4522 = DIRECTION('',(0.,0.,-1.));
#4523 = DEFINITIONAL_REPRESENTATION('',(#4524),#4528);
#4524 = LINE('',#4525,#4526);
#4525 = CARTESIAN_POINT('',(0.,0.));
#4526 = VECTOR('',#4527,1.);
#4527 = DIRECTION('',(1.,0.));
#4528 = ( GEOMETRIC_REPRESENTATION_CONTEXT(2) 
PARAMETRIC_REPRESENTATION_CONTEXT() REPRESENTATION_CONTEXT('2D SPACE',''
  ) );
#4529 = PCURVE('',#4530,#4535);
#4530 = PLANE('',#4531);
#4531 = AXIS2_PLACEMENT_3D('',#4532,#4533,#4534);
#4532 = CARTESIAN_POINT('',(20.,0.,130.));
#4533 = DIRECTION('',(1.,0.,0.));
#4534 = DIRECTION('',(0.,0.,-1.));
#4535 = DEFINITIONAL_REPRESENTATION('',(#4536),#4540);
#4536 = LINE('',#4537,#4538);
#4537 = CARTESIAN_POINT('',(0.,0.));
#4538 = VECTOR('',#4539,1.);
#4539 = DIRECTION('',(1.,0.));
#4540 = ( GEOMETRIC_REPRESENTATION_CONTEXT(2) 
PARAMETRIC_REPRESENTATION_CONTEXT() REPRESENTATION_CONTEXT('2D SPACE',''
  ) );
#4541 = ORIENTED_EDGE('',*,*,#4542,.T.);
#4542 = EDGE_CURVE('',#4508,#4543,#4545,.T.);
#4543 = VERTEX_POINT('',#4544);
#4544 = CARTESIAN_POINT('',(60.,0.,130.));
#4545 = SURFACE_CURVE('',#4546,(#4550,#4557),.PCURVE_S1.);
#4546 = LINE('',#4547,#4548);
#4547 = CARTESIAN_POINT('',(20.,0.,130.));
#4548 = VECTOR('',#4549,1.);
#4549 = DIRECTION('',(1.,0.,0.));
#4550 = PCURVE('',#4518,#4551);
#4551 = DEFINITIONAL_REPRESENTATION('',(#4552),#4556);
#4552 = LINE('',#4553,#4554);
#4553 = CARTESIAN_POINT('',(0.,0.));
#4554 = VECTOR('',#4555,1.);
#4555 = DIRECTION('',(0.,-1.));
#4556 = ( GEOMETRIC_REPRESENTATION_CONTEXT(2) 
PARAMETRIC_REPRESENTATION_CONTEXT() REPRESENTATION_CONTEXT('2D SPACE',''
  ) );
#4557 = PCURVE('',#4558,#4563);
#4558 = PLANE('',#4559);
#4559 = AXIS2_PLACEMENT_3D('',#4560,#4561,#4562);
#4560 = CARTESIAN_POINT('',(20.,0.,130.));
#4561 = DIRECTION('',(0.,0.,-1.));
#4562 = DIRECTION('',(0.,1.,0.));
#4563 = DEFINITIONAL_REPRESENTATION('',(#4564),#4568);
#4564 = LINE('',#4565,#4566);
#4565 = CARTESIAN_POINT('',(0.,0.));
#4566 = VECTOR('',#4567,1.);
#4567 = DIRECTION('',(0.,1.));
#4568 = ( GEOMETRIC_REPRESENTATION_CONTEXT(2) 
PARAMETRIC_REPRESENTATION_CONTEXT() REPRESENTATION_CONTEXT('2D SPACE',''
  ) );
#4569 = ORIENTED_EDGE('',*,*,#4570,.T.);
#4570 = EDGE_CURVE('',#4543,#4571,#4573,.T.);
#4571 = VERTEX_POINT('',#4572);
#4572 = CARTESIAN_POINT('',(60.,0.,90.));
#4573 = SURFACE_CURVE('',#4574,(#4578,#4585),.PCURVE_S1.);
#4574 = LINE('',#4575,#4576);
#4575 = CARTESIAN_POINT('',(60.,0.,130.));
#4576 = VECTOR('',#4577,1.);
#4577 = DIRECTION('',(0.,0.,-1.));
#4578 = PCURVE('',#4518,#4579);
#4579 = DEFINITIONAL_REPRESENTATION('',(#4580),#4584);
#4580 = LINE('',#4581,#4582);
#4581 = CARTESIAN_POINT('',(0.,-40.));
#4582 = VECTOR('',#4583,1.);
#4583 = DIRECTION('',(1.,0.));
#4584 = ( GEOMETRIC_REPRESENTATION_CONTEXT(2) 
PARAMETRIC_REPRESENTATION_CONTEXT() REPRESENTATION_CONTEXT('2D SPACE',''
  ) );
#4585 = PCURVE('',#4586,#4591);
#4586 = PLANE('',#4587);
#4587 = AXIS2_PLACEMENT_3D('',#4588,#4589,#4590);
#4588 = CARTESIAN_POINT('',(60.,0.,130.));
#4589 = DIRECTION('',(1.,0.,0.));
#4590 = DIRECTION('',(0.,0.,-1.));
#4591 = DEFINITIONAL_REPRESENTATION('',(#4592),#4596);
#4592 = LINE('',#4593,#4594);
#4593 = CARTESIAN_POINT('',(0.,0.));
#4594 = VECTOR('',#4595,1.);
#4595 = DIRECTION('',(1.,0.));
#4596 = ( GEOMETRIC_REPRESENTATION_CONTEXT(2) 
PARAMETRIC_REPRESENTATION_CONTEXT() REPRESENTATION_CONTEXT('2D SPACE',''
  ) );
#4597 = ORIENTED_EDGE('',*,*,#4598,.F.);
#4598 = EDGE_CURVE('',#4510,#4571,#4599,.T.);
#4599 = SURFACE_CURVE('',#4600,(#4604,#4611),.PCURVE_S1.);
#4600 = LINE('',#4601,#4602);
#4601 = CARTESIAN_POINT('',(20.,0.,90.));
#4602 = VECTOR('',#4603,1.);
#4603 = DIRECTION('',(1.,0.,0.));
#4604 = PCURVE('',#4518,#4605);
#4605 = DEFINITIONAL_REPRESENTATION('',(#4606),#4610);
#4606 = LINE('',#4607,#4608);
#4607 = CARTESIAN_POINT('',(40.,0.));
#4608 = VECTOR('',#4609,1.);
#4609 = DIRECTION('',(0.,-1.));
#4610 = ( GEOMETRIC_REPRESENTATION_CONTEXT(2) 
PARAMETRIC_REPRESENTATION_CONTEXT() REPRESENTATION_CONTEXT('2D SPACE',''
  ) );
#4611 = PCURVE('',#4612,#4617);
#4612 = PLANE('',#4613);
#4613 = AXIS2_PLACEMENT_3D('',#4614,#4615,#4616);
#4614 = CARTESIAN_POINT('',(20.,0.,90.));
#4615 = DIRECTION('',(0.,0.,-1.));
#4616 = DIRECTION('',(0.,1.,0.));
#4617 = DEFINITIONAL_REPRESENTATION('',(#4618),#4622);
#4618 = LINE('',#4619,#4620);
#4619 = CARTESIAN_POINT('',(0.,0.));
#4620 = VECTOR('',#4621,1.);
#4621 = DIRECTION('',(0.,1.));
#4622 = ( GEOMETRIC_REPRESENTATION_CONTEXT(2) 
PARAMETRIC_REPRESENTATION_CONTEXT() REPRESENTATION_CONTEXT('2D SPACE',''
  ) );
#4623 = ADVANCED_FACE('',(#4624,#4699,#4734,#4769,#4804),#4530,.F.);
#4624 = FACE_BOUND('',#4625,.F.);
#4625 = EDGE_LOOP('',(#4626,#4649,#4650,#4673));
#4626 = ORIENTED_EDGE('',*,*,#4627,.F.);
#4627 = EDGE_CURVE('',#4508,#4628,#4630,.T.);
#4628 = VERTEX_POINT('',#4629);
#4629 = CARTESIAN_POINT('',(20.,290.,130.));
#4630 = SURFACE_CURVE('',#4631,(#4635,#4642),.PCURVE_S1.);
#4631 = LINE('',#4632,#4633);
#4632 = CARTESIAN_POINT('',(20.,0.,130.));
#4633 = VECTOR('',#4634,1.);
#4634 = DIRECTION('',(0.,1.,0.));
#4635 = PCURVE('',#4530,#4636);
#4636 = DEFINITIONAL_REPRESENTATION('',(#4637),#4641);
#4637 = LINE('',#4638,#4639);
#4638 = CARTESIAN_POINT('',(0.,0.));
#4639 = VECTOR('',#4640,1.);
#4640 = DIRECTION('',(0.,1.));
#4641 = ( GEOMETRIC_REPRESENTATION_CONTEXT(2) 
PARAMETRIC_REPRESENTATION_CONTEXT() REPRESENTATION_CONTEXT('2D SPACE',''
  ) );
#4642 = PCURVE('',#4558,#4643);
#4643 = DEFINITIONAL_REPRESENTATION('',(#4644),#4648);
#4644 = LINE('',#4645,#4646);
#4645 = CARTESIAN_POINT('',(0.,0.));
#4646 = VECTOR('',#4647,1.);
#4647 = DIRECTION('',(1.,0.));
#4648 = ( GEOMETRIC_REPRESENTATION_CONTEXT(2) 
PARAMETRIC_REPRESENTATION_CONTEXT() REPRESENTATION_CONTEXT('2D SPACE',''
  ) );
#4649 = ORIENTED_EDGE('',*,*,#4507,.T.);
#4650 = ORIENTED_EDGE('',*,*,#4651,.T.);
#4651 = EDGE_CURVE('',#4510,#4652,#4654,.T.);
#4652 = VERTEX_POINT('',#4653);
#4653 = CARTESIAN_POINT('',(20.,290.,90.));
#4654 = SURFACE_CURVE('',#4655,(#4659,#4666),.PCURVE_S1.);
#4655 = LINE('',#4656,#4657);
#4656 = CARTESIAN_POINT('',(20.,0.,90.));
#4657 = VECTOR('',#4658,1.);
#4658 = DIRECTION('',(0.,1.,0.));
#4659 = PCURVE('',#4530,#4660);
#4660 = DEFINITIONAL_REPRESENTATION('',(#4661),#4665);
#4661 = LINE('',#4662,#4663);
#4662 = CARTESIAN_POINT('',(40.,0.));
#4663 = VECTOR('',#4664,1.);
#4664 = DIRECTION('',(0.,1.));
#4665 = ( GEOMETRIC_REPRESENTATION_CONTEXT(2) 
PARAMETRIC_REPRESENTATION_CONTEXT() REPRESENTATION_CONTEXT('2D SPACE',''
  ) );
#4666 = PCURVE('',#4612,#4667);
#4667 = DEFINITIONAL_REPRESENTATION('',(#4668),#4672);
#4668 = LINE('',#4669,#4670);
#4669 = CARTESIAN_POINT('',(0.,0.));
#4670 = VECTOR('',#4671,1.);
#4671 = DIRECTION('',(1.,0.));
#4672 = ( GEOMETRIC_REPRESENTATION_CONTEXT(2) 
PARAMETRIC_REPRESENTATION_CONTEXT() REPRESENTATION_CONTEXT('2D SPACE',''
  ) );
#4673 = ORIENTED_EDGE('',*,*,#4674,.F.);
#4674 = EDGE_CURVE('',#4628,#4652,#4675,.T.);
#4675 = SURFACE_CURVE('',#4676,(#4680,#4687),.PCURVE_S1.);
#4676 = LINE('',#4677,#4678);
#4677 = CARTESIAN_POINT('',(20.,290.,130.));
#4678 = VECTOR('',#4679,1.);
#4679 = DIRECTION('',(0.,0.,-1.));
#4680 = PCURVE('',#4530,#4681);
#4681 = DEFINITIONAL_REPRESENTATION('',(#4682),#4686);
#4682 = LINE('',#4683,#4684);
#4683 = CARTESIAN_POINT('',(0.,290.));
#4684 = VECTOR('',#4685,1.);
#4685 = DIRECTION('',(1.,0.));
#4686 = ( GEOMETRIC_REPRESENTATION_CONTEXT(2) 
PARAMETRIC_REPRESENTATION_CONTEXT() REPRESENTATION_CONTEXT('2D SPACE',''
  ) );
#4687 = PCURVE('',#4688,#4693);
#4688 = PLANE('',#4689);
#4689 = AXIS2_PLACEMENT_3D('',#4690,#4691,#4692);
#4690 = CARTESIAN_POINT('',(20.,290.,130.));
#4691 = DIRECTION('',(0.,1.,0.));
#4692 = DIRECTION('',(0.,0.,-1.));
#4693 = DEFINITIONAL_REPRESENTATION('',(#4694),#4698);
#4694 = LINE('',#4695,#4696);
#4695 = CARTESIAN_POINT('',(0.,0.));
#4696 = VECTOR('',#4697,1.);
#4697 = DIRECTION('',(1.,0.));
#4698 = ( GEOMETRIC_REPRESENTATION_CONTEXT(2) 
PARAMETRIC_REPRESENTATION_CONTEXT() REPRESENTATION_CONTEXT('2D SPACE',''
  ) );
#4699 = FACE_BOUND('',#4700,.F.);
#4700 = EDGE_LOOP('',(#4701));
#4701 = ORIENTED_EDGE('',*,*,#4702,.T.);
#4702 = EDGE_CURVE('',#4703,#4703,#4705,.T.);
#4703 = VERTEX_POINT('',#4704);
#4704 = CARTESIAN_POINT('',(20.,26.25,110.));
#4705 = SURFACE_CURVE('',#4706,(#4711,#4722),.PCURVE_S1.);
#4706 = CIRCLE('',#4707,1.25);
#4707 = AXIS2_PLACEMENT_3D('',#4708,#4709,#4710);
#4708 = CARTESIAN_POINT('',(20.,25.,110.));
#4709 = DIRECTION('',(-1.,0.,0.));
#4710 = DIRECTION('',(0.,1.,0.));
#4711 = PCURVE('',#4530,#4712);
#4712 = DEFINITIONAL_REPRESENTATION('',(#4713),#4721);
#4713 = ( BOUNDED_CURVE() B_SPLINE_CURVE(2,(#4714,#4715,#4716,#4717,
#4718,#4719,#4720),.UNSPECIFIED.,.T.,.F.) B_SPLINE_CURVE_WITH_KNOTS((1,2
    ,2,2,2,1),(-2.094395102393,0.,2.094395102393,4.188790204786,
6.28318530718,8.377580409573),.UNSPECIFIED.) CURVE() 
GEOMETRIC_REPRESENTATION_ITEM() RATIONAL_B_SPLINE_CURVE((1.,0.5,1.,0.5,
1.,0.5,1.)) REPRESENTATION_ITEM('') );
#4714 = CARTESIAN_POINT('',(20.,26.25));
#4715 = CARTESIAN_POINT('',(22.165063509461,26.25));
#4716 = CARTESIAN_POINT('',(21.082531754731,24.375));
#4717 = CARTESIAN_POINT('',(20.,22.5));
#4718 = CARTESIAN_POINT('',(18.917468245269,24.375));
#4719 = CARTESIAN_POINT('',(17.834936490539,26.25));
#4720 = CARTESIAN_POINT('',(20.,26.25));
#4721 = ( GEOMETRIC_REPRESENTATION_CONTEXT(2) 
PARAMETRIC_REPRESENTATION_CONTEXT() REPRESENTATION_CONTEXT('2D SPACE',''
  ) );
#4722 = PCURVE('',#4723,#4728);
#4723 = CYLINDRICAL_SURFACE('',#4724,1.25);
#4724 = AXIS2_PLACEMENT_3D('',#4725,#4726,#4727);
#4725 = CARTESIAN_POINT('',(19.95,25.,110.));
#4726 = DIRECTION('',(-1.,-0.,-0.));
#4727 = DIRECTION('',(0.,1.,0.));
#4728 = DEFINITIONAL_REPRESENTATION('',(#4729),#4733);
#4729 = LINE('',#4730,#4731);
#4730 = CARTESIAN_POINT('',(-6.28318530718,-5.E-02));
#4731 = VECTOR('',#4732,1.);
#4732 = DIRECTION('',(1.,-0.));
#4733 = ( GEOMETRIC_REPRESENTATION_CONTEXT(2) 
PARAMETRIC_REPRESENTATION_CONTEXT() REPRESENTATION_CONTEXT('2D SPACE',''
  ) );
#4734 = FACE_BOUND('',#4735,.F.);
#4735 = EDGE_LOOP('',(#4736));
#4736 = ORIENTED_EDGE('',*,*,#4737,.T.);
#4737 = EDGE_CURVE('',#4738,#4738,#4740,.T.);
#4738 = VERTEX_POINT('',#4739);
#4739 = CARTESIAN_POINT('',(20.,121.25,110.));
#4740 = SURFACE_CURVE('',#4741,(#4746,#4757),.PCURVE_S1.);
#4741 = CIRCLE('',#4742,1.25);
#4742 = AXIS2_PLACEMENT_3D('',#4743,#4744,#4745);
#4743 = CARTESIAN_POINT('',(20.,120.,110.));
#4744 = DIRECTION('',(-1.,0.,0.));
#4745 = DIRECTION('',(0.,1.,0.));
#4746 = PCURVE('',#4530,#4747);
#4747 = DEFINITIONAL_REPRESENTATION('',(#4748),#4756);
#4748 = ( BOUNDED_CURVE() B_SPLINE_CURVE(2,(#4749,#4750,#4751,#4752,
#4753,#4754,#4755),.UNSPECIFIED.,.T.,.F.) B_SPLINE_CURVE_WITH_KNOTS((1,2
    ,2,2,2,1),(-2.094395102393,0.,2.094395102393,4.188790204786,
6.28318530718,8.377580409573),.UNSPECIFIED.) CURVE() 
GEOMETRIC_REPRESENTATION_ITEM() RATIONAL_B_SPLINE_CURVE((1.,0.5,1.,0.5,
1.,0.5,1.)) REPRESENTATION_ITEM('') );
#4749 = CARTESIAN_POINT('',(20.,121.25));
#4750 = CARTESIAN_POINT('',(22.165063509461,121.25));
#4751 = CARTESIAN_POINT('',(21.082531754731,119.375));
#4752 = CARTESIAN_POINT('',(20.,117.5));
#4753 = CARTESIAN_POINT('',(18.917468245269,119.375));
#4754 = CARTESIAN_POINT('',(17.834936490539,121.25));
#4755 = CARTESIAN_POINT('',(20.,121.25));
#4756 = ( GEOMETRIC_REPRESENTATION_CONTEXT(2) 
PARAMETRIC_REPRESENTATION_CONTEXT() REPRESENTATION_CONTEXT('2D SPACE',''
  ) );
#4757 = PCURVE('',#4758,#4763);
#4758 = CYLINDRICAL_SURFACE('',#4759,1.25);
#4759 = AXIS2_PLACEMENT_3D('',#4760,#4761,#4762);
#4760 = CARTESIAN_POINT('',(19.95,120.,110.));
#4761 = DIRECTION('',(-1.,-0.,-0.));
#4762 = DIRECTION('',(0.,1.,0.));
#4763 = DEFINITIONAL_REPRESENTATION('',(#4764),#4768);
#4764 = LINE('',#4765,#4766);
#4765 = CARTESIAN_POINT('',(-6.28318530718,-5.E-02));
#4766 = VECTOR('',#4767,1.);
#4767 = DIRECTION('',(1.,-0.));
#4768 = ( GEOMETRIC_REPRESENTATION_CONTEXT(2) 
PARAMETRIC_REPRESENTATION_CONTEXT() REPRESENTATION_CONTEXT('2D SPACE',''
  ) );
#4769 = FACE_BOUND('',#4770,.F.);
#4770 = EDGE_LOOP('',(#4771));
#4771 = ORIENTED_EDGE('',*,*,#4772,.T.);
#4772 = EDGE_CURVE('',#4773,#4773,#4775,.T.);
#4773 = VERTEX_POINT('',#4774);
#4774 = CARTESIAN_POINT('',(20.,171.25,110.));
#4775 = SURFACE_CURVE('',#4776,(#4781,#4792),.PCURVE_S1.);
#4776 = CIRCLE('',#4777,1.25);
#4777 = AXIS2_PLACEMENT_3D('',#4778,#4779,#4780);
#4778 = CARTESIAN_POINT('',(20.,170.,110.));
#4779 = DIRECTION('',(-1.,0.,0.));
#4780 = DIRECTION('',(0.,1.,0.));
#4781 = PCURVE('',#4530,#4782);
#4782 = DEFINITIONAL_REPRESENTATION('',(#4783),#4791);
#4783 = ( BOUNDED_CURVE() B_SPLINE_CURVE(2,(#4784,#4785,#4786,#4787,
#4788,#4789,#4790),.UNSPECIFIED.,.T.,.F.) B_SPLINE_CURVE_WITH_KNOTS((1,2
    ,2,2,2,1),(-2.094395102393,0.,2.094395102393,4.188790204786,
6.28318530718,8.377580409573),.UNSPECIFIED.) CURVE() 
GEOMETRIC_REPRESENTATION_ITEM() RATIONAL_B_SPLINE_CURVE((1.,0.5,1.,0.5,
1.,0.5,1.)) REPRESENTATION_ITEM('') );
#4784 = CARTESIAN_POINT('',(20.,171.25));
#4785 = CARTESIAN_POINT('',(22.165063509461,171.25));
#4786 = CARTESIAN_POINT('',(21.082531754731,169.375));
#4787 = CARTESIAN_POINT('',(20.,167.5));
#4788 = CARTESIAN_POINT('',(18.917468245269,169.375));
#4789 = CARTESIAN_POINT('',(17.834936490539,171.25));
#4790 = CARTESIAN_POINT('',(20.,171.25));
#4791 = ( GEOMETRIC_REPRESENTATION_CONTEXT(2) 
PARAMETRIC_REPRESENTATION_CONTEXT() REPRESENTATION_CONTEXT('2D SPACE',''
  ) );
#4792 = PCURVE('',#4793,#4798);
#4793 = CYLINDRICAL_SURFACE('',#4794,1.25);
#4794 = AXIS2_PLACEMENT_3D('',#4795,#4796,#4797);
#4795 = CARTESIAN_POINT('',(19.95,170.,110.));
#4796 = DIRECTION('',(-1.,-0.,-0.));
#4797 = DIRECTION('',(0.,1.,0.));
#4798 = DEFINITIONAL_REPRESENTATION('',(#4799),#4803);
#4799 = LINE('',#4800,#4801);
#4800 = CARTESIAN_POINT('',(-6.28318530718,-5.E-02));
#4801 = VECTOR('',#4802,1.);
#4802 = DIRECTION('',(1.,-0.));
#4803 = ( GEOMETRIC_REPRESENTATION_CONTEXT(2) 
PARAMETRIC_REPRESENTATION_CONTEXT() REPRESENTATION_CONTEXT('2D SPACE',''
  ) );
#4804 = FACE_BOUND('',#4805,.F.);
#4805 = EDGE_LOOP('',(#4806));
#4806 = ORIENTED_EDGE('',*,*,#4807,.T.);
#4807 = EDGE_CURVE('',#4808,#4808,#4810,.T.);
#4808 = VERTEX_POINT('',#4809);
#4809 = CARTESIAN_POINT('',(20.,266.25,110.));
#4810 = SURFACE_CURVE('',#4811,(#4816,#4827),.PCURVE_S1.);
#4811 = CIRCLE('',#4812,1.25);
#4812 = AXIS2_PLACEMENT_3D('',#4813,#4814,#4815);
#4813 = CARTESIAN_POINT('',(20.,265.,110.));
#4814 = DIRECTION('',(-1.,0.,0.));
#4815 = DIRECTION('',(0.,1.,0.));
#4816 = PCURVE('',#4530,#4817);
#4817 = DEFINITIONAL_REPRESENTATION('',(#4818),#4826);
#4818 = ( BOUNDED_CURVE() B_SPLINE_CURVE(2,(#4819,#4820,#4821,#4822,
#4823,#4824,#4825),.UNSPECIFIED.,.T.,.F.) B_SPLINE_CURVE_WITH_KNOTS((1,2
    ,2,2,2,1),(-2.094395102393,0.,2.094395102393,4.188790204786,
6.28318530718,8.377580409573),.UNSPECIFIED.) CURVE() 
GEOMETRIC_REPRESENTATION_ITEM() RATIONAL_B_SPLINE_CURVE((1.,0.5,1.,0.5,
1.,0.5,1.)) REPRESENTATION_ITEM('') );
#4819 = CARTESIAN_POINT('',(20.,266.25));
#4820 = CARTESIAN_POINT('',(22.165063509461,266.25));
#4821 = CARTESIAN_POINT('',(21.082531754731,264.375));
#4822 = CARTESIAN_POINT('',(20.,262.5));
#4823 = CARTESIAN_POINT('',(18.917468245269,264.375));
#4824 = CARTESIAN_POINT('',(17.834936490539,266.25));
#4825 = CARTESIAN_POINT('',(20.,266.25));
#4826 = ( GEOMETRIC_REPRESENTATION_CONTEXT(2) 
PARAMETRIC_REPRESENTATION_CONTEXT() REPRESENTATION_CONTEXT('2D SPACE',''
  ) );
#4827 = PCURVE('',#4828,#4833);
#4828 = CYLINDRICAL_SURFACE('',#4829,1.25);
#4829 = AXIS2_PLACEMENT_3D('',#4830,#4831,#4832);
#4830 = CARTESIAN_POINT('',(19.95,265.,110.));
#4831 = DIRECTION('',(-1.,-0.,-0.));
#4832 = DIRECTION('',(0.,1.,0.));
#4833 = DEFINITIONAL_REPRESENTATION('',(#4834),#4838);
#4834 = LINE('',#4835,#4836);
#4835 = CARTESIAN_POINT('',(-6.28318530718,-5.E-02));
#4836 = VECTOR('',#4837,1.);
#4837 = DIRECTION('',(1.,-0.));
#4838 = ( GEOMETRIC_REPRESENTATION_CONTEXT(2) 
PARAMETRIC_REPRESENTATION_CONTEXT() REPRESENTATION_CONTEXT('2D SPACE',''
  ) );
#4839 = ADVANCED_FACE('',(#4840),#4612,.T.);
#4840 = FACE_BOUND('',#4841,.T.);
#4841 = EDGE_LOOP('',(#4842,#4843,#4844,#4867));
#4842 = ORIENTED_EDGE('',*,*,#4598,.F.);
#4843 = ORIENTED_EDGE('',*,*,#4651,.T.);
#4844 = ORIENTED_EDGE('',*,*,#4845,.T.);
#4845 = EDGE_CURVE('',#4652,#4846,#4848,.T.);
#4846 = VERTEX_POINT('',#4847);
#4847 = CARTESIAN_POINT('',(60.,290.,90.));
#4848 = SURFACE_CURVE('',#4849,(#4853,#4860),.PCURVE_S1.);
#4849 = LINE('',#4850,#4851);
#4850 = CARTESIAN_POINT('',(20.,290.,90.));
#4851 = VECTOR('',#4852,1.);
#4852 = DIRECTION('',(1.,0.,0.));
#4853 = PCURVE('',#4612,#4854);
#4854 = DEFINITIONAL_REPRESENTATION('',(#4855),#4859);
#4855 = LINE('',#4856,#4857);
#4856 = CARTESIAN_POINT('',(290.,0.));
#4857 = VECTOR('',#4858,1.);
#4858 = DIRECTION('',(0.,1.));
#4859 = ( GEOMETRIC_REPRESENTATION_CONTEXT(2) 
PARAMETRIC_REPRESENTATION_CONTEXT() REPRESENTATION_CONTEXT('2D SPACE',''
  ) );
#4860 = PCURVE('',#4688,#4861);
#4861 = DEFINITIONAL_REPRESENTATION('',(#4862),#4866);
#4862 = LINE('',#4863,#4864);
#4863 = CARTESIAN_POINT('',(40.,0.));
#4864 = VECTOR('',#4865,1.);
#4865 = DIRECTION('',(0.,-1.));
#4866 = ( GEOMETRIC_REPRESENTATION_CONTEXT(2) 
PARAMETRIC_REPRESENTATION_CONTEXT() REPRESENTATION_CONTEXT('2D SPACE',''
  ) );
#4867 = ORIENTED_EDGE('',*,*,#4868,.F.);
#4868 = EDGE_CURVE('',#4571,#4846,#4869,.T.);
#4869 = SURFACE_CURVE('',#4870,(#4874,#4881),.PCURVE_S1.);
#4870 = LINE('',#4871,#4872);
#4871 = CARTESIAN_POINT('',(60.,0.,90.));
#4872 = VECTOR('',#4873,1.);
#4873 = DIRECTION('',(0.,1.,0.));
#4874 = PCURVE('',#4612,#4875);
#4875 = DEFINITIONAL_REPRESENTATION('',(#4876),#4880);
#4876 = LINE('',#4877,#4878);
#4877 = CARTESIAN_POINT('',(0.,40.));
#4878 = VECTOR('',#4879,1.);
#4879 = DIRECTION('',(1.,0.));
#4880 = ( GEOMETRIC_REPRESENTATION_CONTEXT(2) 
PARAMETRIC_REPRESENTATION_CONTEXT() REPRESENTATION_CONTEXT('2D SPACE',''
  ) );
#4881 = PCURVE('',#4586,#4882);
#4882 = DEFINITIONAL_REPRESENTATION('',(#4883),#4887);
#4883 = LINE('',#4884,#4885);
#4884 = CARTESIAN_POINT('',(40.,0.));
#4885 = VECTOR('',#4886,1.);
#4886 = DIRECTION('',(0.,1.));
#4887 = ( GEOMETRIC_REPRESENTATION_CONTEXT(2) 
PARAMETRIC_REPRESENTATION_CONTEXT() REPRESENTATION_CONTEXT('2D SPACE',''
  ) );
#4888 = ADVANCED_FACE('',(#4889),#4586,.T.);
#4889 = FACE_BOUND('',#4890,.T.);
#4890 = EDGE_LOOP('',(#4891,#4914,#4915,#4916));
#4891 = ORIENTED_EDGE('',*,*,#4892,.F.);
#4892 = EDGE_CURVE('',#4543,#4893,#4895,.T.);
#4893 = VERTEX_POINT('',#4894);
#4894 = CARTESIAN_POINT('',(60.,290.,130.));
#4895 = SURFACE_CURVE('',#4896,(#4900,#4907),.PCURVE_S1.);
#4896 = LINE('',#4897,#4898);
#4897 = CARTESIAN_POINT('',(60.,0.,130.));
#4898 = VECTOR('',#4899,1.);
#4899 = DIRECTION('',(0.,1.,0.));
#4900 = PCURVE('',#4586,#4901);
#4901 = DEFINITIONAL_REPRESENTATION('',(#4902),#4906);
#4902 = LINE('',#4903,#4904);
#4903 = CARTESIAN_POINT('',(0.,0.));
#4904 = VECTOR('',#4905,1.);
#4905 = DIRECTION('',(0.,1.));
#4906 = ( GEOMETRIC_REPRESENTATION_CONTEXT(2) 
PARAMETRIC_REPRESENTATION_CONTEXT() REPRESENTATION_CONTEXT('2D SPACE',''
  ) );
#4907 = PCURVE('',#4558,#4908);
#4908 = DEFINITIONAL_REPRESENTATION('',(#4909),#4913);
#4909 = LINE('',#4910,#4911);
#4910 = CARTESIAN_POINT('',(0.,40.));
#4911 = VECTOR('',#4912,1.);
#4912 = DIRECTION('',(1.,0.));
#4913 = ( GEOMETRIC_REPRESENTATION_CONTEXT(2) 
PARAMETRIC_REPRESENTATION_CONTEXT() REPRESENTATION_CONTEXT('2D SPACE',''
  ) );
#4914 = ORIENTED_EDGE('',*,*,#4570,.T.);
#4915 = ORIENTED_EDGE('',*,*,#4868,.T.);
#4916 = ORIENTED_EDGE('',*,*,#4917,.F.);
#4917 = EDGE_CURVE('',#4893,#4846,#4918,.T.);
#4918 = SURFACE_CURVE('',#4919,(#4923,#4930),.PCURVE_S1.);
#4919 = LINE('',#4920,#4921);
#4920 = CARTESIAN_POINT('',(60.,290.,130.));
#4921 = VECTOR('',#4922,1.);
#4922 = DIRECTION('',(0.,0.,-1.));
#4923 = PCURVE('',#4586,#4924);
#4924 = DEFINITIONAL_REPRESENTATION('',(#4925),#4929);
#4925 = LINE('',#4926,#4927);
#4926 = CARTESIAN_POINT('',(0.,290.));
#4927 = VECTOR('',#4928,1.);
#4928 = DIRECTION('',(1.,0.));
#4929 = ( GEOMETRIC_REPRESENTATION_CONTEXT(2) 
PARAMETRIC_REPRESENTATION_CONTEXT() REPRESENTATION_CONTEXT('2D SPACE',''
  ) );
#4930 = PCURVE('',#4688,#4931);
#4931 = DEFINITIONAL_REPRESENTATION('',(#4932),#4936);
#4932 = LINE('',#4933,#4934);
#4933 = CARTESIAN_POINT('',(0.,-40.));
#4934 = VECTOR('',#4935,1.);
#4935 = DIRECTION('',(1.,0.));
#4936 = ( GEOMETRIC_REPRESENTATION_CONTEXT(2) 
PARAMETRIC_REPRESENTATION_CONTEXT() REPRESENTATION_CONTEXT('2D SPACE',''
  ) );
#4937 = ADVANCED_FACE('',(#4938,#4964,#4999,#5034,#5069),#4558,.F.);
#4938 = FACE_BOUND('',#4939,.F.);
#4939 = EDGE_LOOP('',(#4940,#4941,#4942,#4963));
#4940 = ORIENTED_EDGE('',*,*,#4542,.F.);
#4941 = ORIENTED_EDGE('',*,*,#4627,.T.);
#4942 = ORIENTED_EDGE('',*,*,#4943,.T.);
#4943 = EDGE_CURVE('',#4628,#4893,#4944,.T.);
#4944 = SURFACE_CURVE('',#4945,(#4949,#4956),.PCURVE_S1.);
#4945 = LINE('',#4946,#4947);
#4946 = CARTESIAN_POINT('',(20.,290.,130.));
#4947 = VECTOR('',#4948,1.);
#4948 = DIRECTION('',(1.,0.,0.));
#4949 = PCURVE('',#4558,#4950);
#4950 = DEFINITIONAL_REPRESENTATION('',(#4951),#4955);
#4951 = LINE('',#4952,#4953);
#4952 = CARTESIAN_POINT('',(290.,0.));
#4953 = VECTOR('',#4954,1.);
#4954 = DIRECTION('',(0.,1.));
#4955 = ( GEOMETRIC_REPRESENTATION_CONTEXT(2) 
PARAMETRIC_REPRESENTATION_CONTEXT() REPRESENTATION_CONTEXT('2D SPACE',''
  ) );
#4956 = PCURVE('',#4688,#4957);
#4957 = DEFINITIONAL_REPRESENTATION('',(#4958),#4962);
#4958 = LINE('',#4959,#4960);
#4959 = CARTESIAN_POINT('',(0.,0.));
#4960 = VECTOR('',#4961,1.);
#4961 = DIRECTION('',(0.,-1.));
#4962 = ( GEOMETRIC_REPRESENTATION_CONTEXT(2) 
PARAMETRIC_REPRESENTATION_CONTEXT() REPRESENTATION_CONTEXT('2D SPACE',''
  ) );
#4963 = ORIENTED_EDGE('',*,*,#4892,.F.);
#4964 = FACE_BOUND('',#4965,.F.);
#4965 = EDGE_LOOP('',(#4966));
#4966 = ORIENTED_EDGE('',*,*,#4967,.T.);
#4967 = EDGE_CURVE('',#4968,#4968,#4970,.T.);
#4968 = VERTEX_POINT('',#4969);
#4969 = CARTESIAN_POINT('',(41.5,28.,130.));
#4970 = SURFACE_CURVE('',#4971,(#4976,#4987),.PCURVE_S1.);
#4971 = CIRCLE('',#4972,1.5);
#4972 = AXIS2_PLACEMENT_3D('',#4973,#4974,#4975);
#4973 = CARTESIAN_POINT('',(40.,28.,130.));
#4974 = DIRECTION('',(0.,-0.,1.));
#4975 = DIRECTION('',(1.,0.,0.));
#4976 = PCURVE('',#4558,#4977);
#4977 = DEFINITIONAL_REPRESENTATION('',(#4978),#4986);
#4978 = ( BOUNDED_CURVE() B_SPLINE_CURVE(2,(#4979,#4980,#4981,#4982,
#4983,#4984,#4985),.UNSPECIFIED.,.T.,.F.) B_SPLINE_CURVE_WITH_KNOTS((1,2
    ,2,2,2,1),(-2.094395102393,0.,2.094395102393,4.188790204786,
6.28318530718,8.377580409573),.UNSPECIFIED.) CURVE() 
GEOMETRIC_REPRESENTATION_ITEM() RATIONAL_B_SPLINE_CURVE((1.,0.5,1.,0.5,
1.,0.5,1.)) REPRESENTATION_ITEM('') );
#4979 = CARTESIAN_POINT('',(28.,21.5));
#4980 = CARTESIAN_POINT('',(30.598076211353,21.5));
#4981 = CARTESIAN_POINT('',(29.299038105677,19.25));
#4982 = CARTESIAN_POINT('',(28.,17.));
#4983 = CARTESIAN_POINT('',(26.700961894323,19.25));
#4984 = CARTESIAN_POINT('',(25.401923788647,21.5));
#4985 = CARTESIAN_POINT('',(28.,21.5));
#4986 = ( GEOMETRIC_REPRESENTATION_CONTEXT(2) 
PARAMETRIC_REPRESENTATION_CONTEXT() REPRESENTATION_CONTEXT('2D SPACE',''
  ) );
#4987 = PCURVE('',#4988,#4993);
#4988 = CYLINDRICAL_SURFACE('',#4989,1.5);
#4989 = AXIS2_PLACEMENT_3D('',#4990,#4991,#4992);
#4990 = CARTESIAN_POINT('',(40.,28.,130.05));
#4991 = DIRECTION('',(-0.,-0.,1.));
#4992 = DIRECTION('',(1.,0.,0.));
#4993 = DEFINITIONAL_REPRESENTATION('',(#4994),#4998);
#4994 = LINE('',#4995,#4996);
#4995 = CARTESIAN_POINT('',(-6.28318530718,-5.000000000001E-02));
#4996 = VECTOR('',#4997,1.);
#4997 = DIRECTION('',(1.,-0.));
#4998 = ( GEOMETRIC_REPRESENTATION_CONTEXT(2) 
PARAMETRIC_REPRESENTATION_CONTEXT() REPRESENTATION_CONTEXT('2D SPACE',''
  ) );
#4999 = FACE_BOUND('',#5000,.F.);
#5000 = EDGE_LOOP('',(#5001));
#5001 = ORIENTED_EDGE('',*,*,#5002,.T.);
#5002 = EDGE_CURVE('',#5003,#5003,#5005,.T.);
#5003 = VERTEX_POINT('',#5004);
#5004 = CARTESIAN_POINT('',(41.5,117.,130.));
#5005 = SURFACE_CURVE('',#5006,(#5011,#5022),.PCURVE_S1.);
#5006 = CIRCLE('',#5007,1.5);
#5007 = AXIS2_PLACEMENT_3D('',#5008,#5009,#5010);
#5008 = CARTESIAN_POINT('',(40.,117.,130.));
#5009 = DIRECTION('',(0.,-0.,1.));
#5010 = DIRECTION('',(1.,0.,0.));
#5011 = PCURVE('',#4558,#5012);
#5012 = DEFINITIONAL_REPRESENTATION('',(#5013),#5021);
#5013 = ( BOUNDED_CURVE() B_SPLINE_CURVE(2,(#5014,#5015,#5016,#5017,
#5018,#5019,#5020),.UNSPECIFIED.,.T.,.F.) B_SPLINE_CURVE_WITH_KNOTS((1,2
    ,2,2,2,1),(-2.094395102393,0.,2.094395102393,4.188790204786,
6.28318530718,8.377580409573),.UNSPECIFIED.) CURVE() 
GEOMETRIC_REPRESENTATION_ITEM() RATIONAL_B_SPLINE_CURVE((1.,0.5,1.,0.5,
1.,0.5,1.)) REPRESENTATION_ITEM('') );
#5014 = CARTESIAN_POINT('',(117.,21.5));
#5015 = CARTESIAN_POINT('',(119.59807621135,21.5));
#5016 = CARTESIAN_POINT('',(118.29903810567,19.25));
#5017 = CARTESIAN_POINT('',(117.,17.));
#5018 = CARTESIAN_POINT('',(115.70096189432,19.25));
#5019 = CARTESIAN_POINT('',(114.40192378864,21.5));
#5020 = CARTESIAN_POINT('',(117.,21.5));
#5021 = ( GEOMETRIC_REPRESENTATION_CONTEXT(2) 
PARAMETRIC_REPRESENTATION_CONTEXT() REPRESENTATION_CONTEXT('2D SPACE',''
  ) );
#5022 = PCURVE('',#5023,#5028);
#5023 = CYLINDRICAL_SURFACE('',#5024,1.5);
#5024 = AXIS2_PLACEMENT_3D('',#5025,#5026,#5027);
#5025 = CARTESIAN_POINT('',(40.,117.,130.05));
#5026 = DIRECTION('',(-0.,-0.,1.));
#5027 = DIRECTION('',(1.,0.,0.));
#5028 = DEFINITIONAL_REPRESENTATION('',(#5029),#5033);
#5029 = LINE('',#5030,#5031);
#5030 = CARTESIAN_POINT('',(-6.28318530718,-5.000000000001E-02));
#5031 = VECTOR('',#5032,1.);
#5032 = DIRECTION('',(1.,-0.));
#5033 = ( GEOMETRIC_REPRESENTATION_CONTEXT(2) 
PARAMETRIC_REPRESENTATION_CONTEXT() REPRESENTATION_CONTEXT('2D SPACE',''
  ) );
#5034 = FACE_BOUND('',#5035,.F.);
#5035 = EDGE_LOOP('',(#5036));
#5036 = ORIENTED_EDGE('',*,*,#5037,.T.);
#5037 = EDGE_CURVE('',#5038,#5038,#5040,.T.);
#5038 = VERTEX_POINT('',#5039);
#5039 = CARTESIAN_POINT('',(41.5,173.,130.));
#5040 = SURFACE_CURVE('',#5041,(#5046,#5057),.PCURVE_S1.);
#5041 = CIRCLE('',#5042,1.5);
#5042 = AXIS2_PLACEMENT_3D('',#5043,#5044,#5045);
#5043 = CARTESIAN_POINT('',(40.,173.,130.));
#5044 = DIRECTION('',(0.,-0.,1.));
#5045 = DIRECTION('',(1.,0.,0.));
#5046 = PCURVE('',#4558,#5047);
#5047 = DEFINITIONAL_REPRESENTATION('',(#5048),#5056);
#5048 = ( BOUNDED_CURVE() B_SPLINE_CURVE(2,(#5049,#5050,#5051,#5052,
#5053,#5054,#5055),.UNSPECIFIED.,.T.,.F.) B_SPLINE_CURVE_WITH_KNOTS((1,2
    ,2,2,2,1),(-2.094395102393,0.,2.094395102393,4.188790204786,
6.28318530718,8.377580409573),.UNSPECIFIED.) CURVE() 
GEOMETRIC_REPRESENTATION_ITEM() RATIONAL_B_SPLINE_CURVE((1.,0.5,1.,0.5,
1.,0.5,1.)) REPRESENTATION_ITEM('') );
#5049 = CARTESIAN_POINT('',(173.,21.5));
#5050 = CARTESIAN_POINT('',(175.59807621135,21.5));
#5051 = CARTESIAN_POINT('',(174.29903810567,19.25));
#5052 = CARTESIAN_POINT('',(173.,17.));
#5053 = CARTESIAN_POINT('',(171.70096189432,19.25));
#5054 = CARTESIAN_POINT('',(170.40192378864,21.5));
#5055 = CARTESIAN_POINT('',(173.,21.5));
#5056 = ( GEOMETRIC_REPRESENTATION_CONTEXT(2) 
PARAMETRIC_REPRESENTATION_CONTEXT() REPRESENTATION_CONTEXT('2D SPACE',''
  ) );
#5057 = PCURVE('',#5058,#5063);
#5058 = CYLINDRICAL_SURFACE('',#5059,1.5);
#5059 = AXIS2_PLACEMENT_3D('',#5060,#5061,#5062);
#5060 = CARTESIAN_POINT('',(40.,173.,130.05));
#5061 = DIRECTION('',(-0.,-0.,1.));
#5062 = DIRECTION('',(1.,0.,0.));
#5063 = DEFINITIONAL_REPRESENTATION('',(#5064),#5068);
#5064 = LINE('',#5065,#5066);
#5065 = CARTESIAN_POINT('',(-6.28318530718,-5.000000000001E-02));
#5066 = VECTOR('',#5067,1.);
#5067 = DIRECTION('',(1.,-0.));
#5068 = ( GEOMETRIC_REPRESENTATION_CONTEXT(2) 
PARAMETRIC_REPRESENTATION_CONTEXT() REPRESENTATION_CONTEXT('2D SPACE',''
  ) );
#5069 = FACE_BOUND('',#5070,.F.);
#5070 = EDGE_LOOP('',(#5071));
#5071 = ORIENTED_EDGE('',*,*,#5072,.T.);
#5072 = EDGE_CURVE('',#5073,#5073,#5075,.T.);
#5073 = VERTEX_POINT('',#5074);
#5074 = CARTESIAN_POINT('',(41.5,262.,130.));
#5075 = SURFACE_CURVE('',#5076,(#5081,#5092),.PCURVE_S1.);
#5076 = CIRCLE('',#5077,1.5);
#5077 = AXIS2_PLACEMENT_3D('',#5078,#5079,#5080);
#5078 = CARTESIAN_POINT('',(40.,262.,130.));
#5079 = DIRECTION('',(0.,-0.,1.));
#5080 = DIRECTION('',(1.,0.,0.));
#5081 = PCURVE('',#4558,#5082);
#5082 = DEFINITIONAL_REPRESENTATION('',(#5083),#5091);
#5083 = ( BOUNDED_CURVE() B_SPLINE_CURVE(2,(#5084,#5085,#5086,#5087,
#5088,#5089,#5090),.UNSPECIFIED.,.T.,.F.) B_SPLINE_CURVE_WITH_KNOTS((1,2
    ,2,2,2,1),(-2.094395102393,0.,2.094395102393,4.188790204786,
6.28318530718,8.377580409573),.UNSPECIFIED.) CURVE() 
GEOMETRIC_REPRESENTATION_ITEM() RATIONAL_B_SPLINE_CURVE((1.,0.5,1.,0.5,
1.,0.5,1.)) REPRESENTATION_ITEM('') );
#5084 = CARTESIAN_POINT('',(262.,21.5));
#5085 = CARTESIAN_POINT('',(264.59807621135,21.5));
#5086 = CARTESIAN_POINT('',(263.29903810567,19.25));
#5087 = CARTESIAN_POINT('',(262.,17.));
#5088 = CARTESIAN_POINT('',(260.70096189432,19.25));
#5089 = CARTESIAN_POINT('',(259.40192378864,21.5));
#5090 = CARTESIAN_POINT('',(262.,21.5));
#5091 = ( GEOMETRIC_REPRESENTATION_CONTEXT(2) 
PARAMETRIC_REPRESENTATION_CONTEXT() REPRESENTATION_CONTEXT('2D SPACE',''
  ) );
#5092 = PCURVE('',#5093,#5098);
#5093 = CYLINDRICAL_SURFACE('',#5094,1.5);
#5094 = AXIS2_PLACEMENT_3D('',#5095,#5096,#5097);
#5095 = CARTESIAN_POINT('',(40.,262.,130.05));
#5096 = DIRECTION('',(-0.,-0.,1.));
#5097 = DIRECTION('',(1.,0.,0.));
#5098 = DEFINITIONAL_REPRESENTATION('',(#5099),#5103);
#5099 = LINE('',#5100,#5101);
#5100 = CARTESIAN_POINT('',(-6.28318530718,-5.000000000001E-02));
#5101 = VECTOR('',#5102,1.);
#5102 = DIRECTION('',(1.,-0.));
#5103 = ( GEOMETRIC_REPRESENTATION_CONTEXT(2) 
PARAMETRIC_REPRESENTATION_CONTEXT() REPRESENTATION_CONTEXT('2D SPACE',''
  ) );
#5104 = ADVANCED_FACE('',(#5105),#4688,.T.);
#5105 = FACE_BOUND('',#5106,.T.);
#5106 = EDGE_LOOP('',(#5107,#5108,#5109,#5110));
#5107 = ORIENTED_EDGE('',*,*,#4674,.F.);
#5108 = ORIENTED_EDGE('',*,*,#4943,.T.);
#5109 = ORIENTED_EDGE('',*,*,#4917,.T.);
#5110 = ORIENTED_EDGE('',*,*,#4845,.F.);
#5111 = ADVANCED_FACE('',(#5112),#4723,.F.);
#5112 = FACE_BOUND('',#5113,.T.);
#5113 = EDGE_LOOP('',(#5114,#5115,#5138,#5165));
#5114 = ORIENTED_EDGE('',*,*,#4702,.T.);
#5115 = ORIENTED_EDGE('',*,*,#5116,.T.);
#5116 = EDGE_CURVE('',#4703,#5117,#5119,.T.);
#5117 = VERTEX_POINT('',#5118);
#5118 = CARTESIAN_POINT('',(51.05,26.25,110.));
#5119 = SEAM_CURVE('',#5120,(#5124,#5131),.PCURVE_S1.);
#5120 = LINE('',#5121,#5122);
#5121 = CARTESIAN_POINT('',(19.95,26.25,110.));
#5122 = VECTOR('',#5123,1.);
#5123 = DIRECTION('',(1.,0.,0.));
#5124 = PCURVE('',#4723,#5125);
#5125 = DEFINITIONAL_REPRESENTATION('',(#5126),#5130);
#5126 = LINE('',#5127,#5128);
#5127 = CARTESIAN_POINT('',(-6.28318530718,0.));
#5128 = VECTOR('',#5129,1.);
#5129 = DIRECTION('',(-0.,-1.));
#5130 = ( GEOMETRIC_REPRESENTATION_CONTEXT(2) 
PARAMETRIC_REPRESENTATION_CONTEXT() REPRESENTATION_CONTEXT('2D SPACE',''
  ) );
#5131 = PCURVE('',#4723,#5132);
#5132 = DEFINITIONAL_REPRESENTATION('',(#5133),#5137);
#5133 = LINE('',#5134,#5135);
#5134 = CARTESIAN_POINT('',(-0.,0.));
#5135 = VECTOR('',#5136,1.);
#5136 = DIRECTION('',(-0.,-1.));
#5137 = ( GEOMETRIC_REPRESENTATION_CONTEXT(2) 
PARAMETRIC_REPRESENTATION_CONTEXT() REPRESENTATION_CONTEXT('2D SPACE',''
  ) );
#5138 = ORIENTED_EDGE('',*,*,#5139,.T.);
#5139 = EDGE_CURVE('',#5117,#5117,#5140,.T.);
#5140 = SURFACE_CURVE('',#5141,(#5146,#5153),.PCURVE_S1.);
#5141 = CIRCLE('',#5142,1.25);
#5142 = AXIS2_PLACEMENT_3D('',#5143,#5144,#5145);
#5143 = CARTESIAN_POINT('',(51.05,25.,110.));
#5144 = DIRECTION('',(1.,0.,0.));
#5145 = DIRECTION('',(0.,1.,0.));
#5146 = PCURVE('',#4723,#5147);
#5147 = DEFINITIONAL_REPRESENTATION('',(#5148),#5152);
#5148 = LINE('',#5149,#5150);
#5149 = CARTESIAN_POINT('',(-0.,-31.1));
#5150 = VECTOR('',#5151,1.);
#5151 = DIRECTION('',(-1.,0.));
#5152 = ( GEOMETRIC_REPRESENTATION_CONTEXT(2) 
PARAMETRIC_REPRESENTATION_CONTEXT() REPRESENTATION_CONTEXT('2D SPACE',''
  ) );
#5153 = PCURVE('',#5154,#5159);
#5154 = PLANE('',#5155);
#5155 = AXIS2_PLACEMENT_3D('',#5156,#5157,#5158);
#5156 = CARTESIAN_POINT('',(51.05,25.,110.));
#5157 = DIRECTION('',(1.,0.,0.));
#5158 = DIRECTION('',(-0.,0.,1.));
#5159 = DEFINITIONAL_REPRESENTATION('',(#5160),#5164);
#5160 = CIRCLE('',#5161,1.25);
#5161 = AXIS2_PLACEMENT_2D('',#5162,#5163);
#5162 = CARTESIAN_POINT('',(0.,3.552713678801E-15));
#5163 = DIRECTION('',(0.,-1.));
#5164 = ( GEOMETRIC_REPRESENTATION_CONTEXT(2) 
PARAMETRIC_REPRESENTATION_CONTEXT() REPRESENTATION_CONTEXT('2D SPACE',''
  ) );
#5165 = ORIENTED_EDGE('',*,*,#5116,.F.);
#5166 = ADVANCED_FACE('',(#5167),#4758,.F.);
#5167 = FACE_BOUND('',#5168,.T.);
#5168 = EDGE_LOOP('',(#5169,#5170,#5193,#5220));
#5169 = ORIENTED_EDGE('',*,*,#4737,.T.);
#5170 = ORIENTED_EDGE('',*,*,#5171,.T.);
#5171 = EDGE_CURVE('',#4738,#5172,#5174,.T.);
#5172 = VERTEX_POINT('',#5173);
#5173 = CARTESIAN_POINT('',(51.05,121.25,110.));
#5174 = SEAM_CURVE('',#5175,(#5179,#5186),.PCURVE_S1.);
#5175 = LINE('',#5176,#5177);
#5176 = CARTESIAN_POINT('',(19.95,121.25,110.));
#5177 = VECTOR('',#5178,1.);
#5178 = DIRECTION('',(1.,0.,0.));
#5179 = PCURVE('',#4758,#5180);
#5180 = DEFINITIONAL_REPRESENTATION('',(#5181),#5185);
#5181 = LINE('',#5182,#5183);
#5182 = CARTESIAN_POINT('',(-6.28318530718,0.));
#5183 = VECTOR('',#5184,1.);
#5184 = DIRECTION('',(-0.,-1.));
#5185 = ( GEOMETRIC_REPRESENTATION_CONTEXT(2) 
PARAMETRIC_REPRESENTATION_CONTEXT() REPRESENTATION_CONTEXT('2D SPACE',''
  ) );
#5186 = PCURVE('',#4758,#5187);
#5187 = DEFINITIONAL_REPRESENTATION('',(#5188),#5192);
#5188 = LINE('',#5189,#5190);
#5189 = CARTESIAN_POINT('',(-0.,0.));
#5190 = VECTOR('',#5191,1.);
#5191 = DIRECTION('',(-0.,-1.));
#5192 = ( GEOMETRIC_REPRESENTATION_CONTEXT(2) 
PARAMETRIC_REPRESENTATION_CONTEXT() REPRESENTATION_CONTEXT('2D SPACE',''
  ) );
#5193 = ORIENTED_EDGE('',*,*,#5194,.T.);
#5194 = EDGE_CURVE('',#5172,#5172,#5195,.T.);
#5195 = SURFACE_CURVE('',#5196,(#5201,#5208),.PCURVE_S1.);
#5196 = CIRCLE('',#5197,1.25);
#5197 = AXIS2_PLACEMENT_3D('',#5198,#5199,#5200);
#5198 = CARTESIAN_POINT('',(51.05,120.,110.));
#5199 = DIRECTION('',(1.,0.,0.));
#5200 = DIRECTION('',(0.,1.,0.));
#5201 = PCURVE('',#4758,#5202);
#5202 = DEFINITIONAL_REPRESENTATION('',(#5203),#5207);
#5203 = LINE('',#5204,#5205);
#5204 = CARTESIAN_POINT('',(-0.,-31.1));
#5205 = VECTOR('',#5206,1.);
#5206 = DIRECTION('',(-1.,0.));
#5207 = ( GEOMETRIC_REPRESENTATION_CONTEXT(2) 
PARAMETRIC_REPRESENTATION_CONTEXT() REPRESENTATION_CONTEXT('2D SPACE',''
  ) );
#5208 = PCURVE('',#5209,#5214);
#5209 = PLANE('',#5210);
#5210 = AXIS2_PLACEMENT_3D('',#5211,#5212,#5213);
#5211 = CARTESIAN_POINT('',(51.05,120.,110.));
#5212 = DIRECTION('',(1.,0.,0.));
#5213 = DIRECTION('',(-0.,0.,1.));
#5214 = DEFINITIONAL_REPRESENTATION('',(#5215),#5219);
#5215 = CIRCLE('',#5216,1.25);
#5216 = AXIS2_PLACEMENT_2D('',#5217,#5218);
#5217 = CARTESIAN_POINT('',(0.,1.42108547152E-14));
#5218 = DIRECTION('',(0.,-1.));
#5219 = ( GEOMETRIC_REPRESENTATION_CONTEXT(2) 
PARAMETRIC_REPRESENTATION_CONTEXT() REPRESENTATION_CONTEXT('2D SPACE',''
  ) );
#5220 = ORIENTED_EDGE('',*,*,#5171,.F.);
#5221 = ADVANCED_FACE('',(#5222),#4793,.F.);
#5222 = FACE_BOUND('',#5223,.T.);
#5223 = EDGE_LOOP('',(#5224,#5225,#5248,#5275));
#5224 = ORIENTED_EDGE('',*,*,#4772,.T.);
#5225 = ORIENTED_EDGE('',*,*,#5226,.T.);
#5226 = EDGE_CURVE('',#4773,#5227,#5229,.T.);
#5227 = VERTEX_POINT('',#5228);
#5228 = CARTESIAN_POINT('',(51.05,171.25,110.));
#5229 = SEAM_CURVE('',#5230,(#5234,#5241),.PCURVE_S1.);
#5230 = LINE('',#5231,#5232);
#5231 = CARTESIAN_POINT('',(19.95,171.25,110.));
#5232 = VECTOR('',#5233,1.);
#5233 = DIRECTION('',(1.,0.,0.));
#5234 = PCURVE('',#4793,#5235);
#5235 = DEFINITIONAL_REPRESENTATION('',(#5236),#5240);
#5236 = LINE('',#5237,#5238);
#5237 = CARTESIAN_POINT('',(-6.28318530718,0.));
#5238 = VECTOR('',#5239,1.);
#5239 = DIRECTION('',(-0.,-1.));
#5240 = ( GEOMETRIC_REPRESENTATION_CONTEXT(2) 
PARAMETRIC_REPRESENTATION_CONTEXT() REPRESENTATION_CONTEXT('2D SPACE',''
  ) );
#5241 = PCURVE('',#4793,#5242);
#5242 = DEFINITIONAL_REPRESENTATION('',(#5243),#5247);
#5243 = LINE('',#5244,#5245);
#5244 = CARTESIAN_POINT('',(-0.,0.));
#5245 = VECTOR('',#5246,1.);
#5246 = DIRECTION('',(-0.,-1.));
#5247 = ( GEOMETRIC_REPRESENTATION_CONTEXT(2) 
PARAMETRIC_REPRESENTATION_CONTEXT() REPRESENTATION_CONTEXT('2D SPACE',''
  ) );
#5248 = ORIENTED_EDGE('',*,*,#5249,.T.);
#5249 = EDGE_CURVE('',#5227,#5227,#5250,.T.);
#5250 = SURFACE_CURVE('',#5251,(#5256,#5263),.PCURVE_S1.);
#5251 = CIRCLE('',#5252,1.25);
#5252 = AXIS2_PLACEMENT_3D('',#5253,#5254,#5255);
#5253 = CARTESIAN_POINT('',(51.05,170.,110.));
#5254 = DIRECTION('',(1.,0.,0.));
#5255 = DIRECTION('',(0.,1.,0.));
#5256 = PCURVE('',#4793,#5257);
#5257 = DEFINITIONAL_REPRESENTATION('',(#5258),#5262);
#5258 = LINE('',#5259,#5260);
#5259 = CARTESIAN_POINT('',(-0.,-31.1));
#5260 = VECTOR('',#5261,1.);
#5261 = DIRECTION('',(-1.,0.));
#5262 = ( GEOMETRIC_REPRESENTATION_CONTEXT(2) 
PARAMETRIC_REPRESENTATION_CONTEXT() REPRESENTATION_CONTEXT('2D SPACE',''
  ) );
#5263 = PCURVE('',#5264,#5269);
#5264 = PLANE('',#5265);
#5265 = AXIS2_PLACEMENT_3D('',#5266,#5267,#5268);
#5266 = CARTESIAN_POINT('',(51.05,170.,110.));
#5267 = DIRECTION('',(1.,0.,0.));
#5268 = DIRECTION('',(-0.,0.,1.));
#5269 = DEFINITIONAL_REPRESENTATION('',(#5270),#5274);
#5270 = CIRCLE('',#5271,1.25);
#5271 = AXIS2_PLACEMENT_2D('',#5272,#5273);
#5272 = CARTESIAN_POINT('',(0.,0.));
#5273 = DIRECTION('',(0.,-1.));
#5274 = ( GEOMETRIC_REPRESENTATION_CONTEXT(2) 
PARAMETRIC_REPRESENTATION_CONTEXT() REPRESENTATION_CONTEXT('2D SPACE',''
  ) );
#5275 = ORIENTED_EDGE('',*,*,#5226,.F.);
#5276 = ADVANCED_FACE('',(#5277),#4828,.F.);
#5277 = FACE_BOUND('',#5278,.T.);
#5278 = EDGE_LOOP('',(#5279,#5280,#5303,#5330));
#5279 = ORIENTED_EDGE('',*,*,#4807,.T.);
#5280 = ORIENTED_EDGE('',*,*,#5281,.T.);
#5281 = EDGE_CURVE('',#4808,#5282,#5284,.T.);
#5282 = VERTEX_POINT('',#5283);
#5283 = CARTESIAN_POINT('',(51.05,266.25,110.));
#5284 = SEAM_CURVE('',#5285,(#5289,#5296),.PCURVE_S1.);
#5285 = LINE('',#5286,#5287);
#5286 = CARTESIAN_POINT('',(19.95,266.25,110.));
#5287 = VECTOR('',#5288,1.);
#5288 = DIRECTION('',(1.,0.,0.));
#5289 = PCURVE('',#4828,#5290);
#5290 = DEFINITIONAL_REPRESENTATION('',(#5291),#5295);
#5291 = LINE('',#5292,#5293);
#5292 = CARTESIAN_POINT('',(-6.28318530718,0.));
#5293 = VECTOR('',#5294,1.);
#5294 = DIRECTION('',(-0.,-1.));
#5295 = ( GEOMETRIC_REPRESENTATION_CONTEXT(2) 
PARAMETRIC_REPRESENTATION_CONTEXT() REPRESENTATION_CONTEXT('2D SPACE',''
  ) );
#5296 = PCURVE('',#4828,#5297);
#5297 = DEFINITIONAL_REPRESENTATION('',(#5298),#5302);
#5298 = LINE('',#5299,#5300);
#5299 = CARTESIAN_POINT('',(-0.,0.));
#5300 = VECTOR('',#5301,1.);
#5301 = DIRECTION('',(-0.,-1.));
#5302 = ( GEOMETRIC_REPRESENTATION_CONTEXT(2) 
PARAMETRIC_REPRESENTATION_CONTEXT() REPRESENTATION_CONTEXT('2D SPACE',''
  ) );
#5303 = ORIENTED_EDGE('',*,*,#5304,.T.);
#5304 = EDGE_CURVE('',#5282,#5282,#5305,.T.);
#5305 = SURFACE_CURVE('',#5306,(#5311,#5318),.PCURVE_S1.);
#5306 = CIRCLE('',#5307,1.25);
#5307 = AXIS2_PLACEMENT_3D('',#5308,#5309,#5310);
#5308 = CARTESIAN_POINT('',(51.05,265.,110.));
#5309 = DIRECTION('',(1.,0.,0.));
#5310 = DIRECTION('',(0.,1.,0.));
#5311 = PCURVE('',#4828,#5312);
#5312 = DEFINITIONAL_REPRESENTATION('',(#5313),#5317);
#5313 = LINE('',#5314,#5315);
#5314 = CARTESIAN_POINT('',(-0.,-31.1));
#5315 = VECTOR('',#5316,1.);
#5316 = DIRECTION('',(-1.,0.));
#5317 = ( GEOMETRIC_REPRESENTATION_CONTEXT(2) 
PARAMETRIC_REPRESENTATION_CONTEXT() REPRESENTATION_CONTEXT('2D SPACE',''
  ) );
#5318 = PCURVE('',#5319,#5324);
#5319 = PLANE('',#5320);
#5320 = AXIS2_PLACEMENT_3D('',#5321,#5322,#5323);
#5321 = CARTESIAN_POINT('',(51.05,265.,110.));
#5322 = DIRECTION('',(1.,0.,0.));
#5323 = DIRECTION('',(-0.,0.,1.));
#5324 = DEFINITIONAL_REPRESENTATION('',(#5325),#5329);
#5325 = CIRCLE('',#5326,1.25);
#5326 = AXIS2_PLACEMENT_2D('',#5327,#5328);
#5327 = CARTESIAN_POINT('',(0.,0.));
#5328 = DIRECTION('',(0.,-1.));
#5329 = ( GEOMETRIC_REPRESENTATION_CONTEXT(2) 
PARAMETRIC_REPRESENTATION_CONTEXT() REPRESENTATION_CONTEXT('2D SPACE',''
  ) );
#5330 = ORIENTED_EDGE('',*,*,#5281,.F.);
#5331 = ADVANCED_FACE('',(#5332),#4988,.F.);
#5332 = FACE_BOUND('',#5333,.T.);
#5333 = EDGE_LOOP('',(#5334,#5335,#5358,#5385));
#5334 = ORIENTED_EDGE('',*,*,#4967,.T.);
#5335 = ORIENTED_EDGE('',*,*,#5336,.T.);
#5336 = EDGE_CURVE('',#4968,#5337,#5339,.T.);
#5337 = VERTEX_POINT('',#5338);
#5338 = CARTESIAN_POINT('',(41.5,28.,109.95));
#5339 = SEAM_CURVE('',#5340,(#5344,#5351),.PCURVE_S1.);
#5340 = LINE('',#5341,#5342);
#5341 = CARTESIAN_POINT('',(41.5,28.,130.05));
#5342 = VECTOR('',#5343,1.);
#5343 = DIRECTION('',(0.,0.,-1.));
#5344 = PCURVE('',#4988,#5345);
#5345 = DEFINITIONAL_REPRESENTATION('',(#5346),#5350);
#5346 = LINE('',#5347,#5348);
#5347 = CARTESIAN_POINT('',(-6.28318530718,0.));
#5348 = VECTOR('',#5349,1.);
#5349 = DIRECTION('',(-0.,-1.));
#5350 = ( GEOMETRIC_REPRESENTATION_CONTEXT(2) 
PARAMETRIC_REPRESENTATION_CONTEXT() REPRESENTATION_CONTEXT('2D SPACE',''
  ) );
#5351 = PCURVE('',#4988,#5352);
#5352 = DEFINITIONAL_REPRESENTATION('',(#5353),#5357);
#5353 = LINE('',#5354,#5355);
#5354 = CARTESIAN_POINT('',(-0.,0.));
#5355 = VECTOR('',#5356,1.);
#5356 = DIRECTION('',(-0.,-1.));
#5357 = ( GEOMETRIC_REPRESENTATION_CONTEXT(2) 
PARAMETRIC_REPRESENTATION_CONTEXT() REPRESENTATION_CONTEXT('2D SPACE',''
  ) );
#5358 = ORIENTED_EDGE('',*,*,#5359,.T.);
#5359 = EDGE_CURVE('',#5337,#5337,#5360,.T.);
#5360 = SURFACE_CURVE('',#5361,(#5366,#5373),.PCURVE_S1.);
#5361 = CIRCLE('',#5362,1.5);
#5362 = AXIS2_PLACEMENT_3D('',#5363,#5364,#5365);
#5363 = CARTESIAN_POINT('',(40.,28.,109.95));
#5364 = DIRECTION('',(0.,0.,-1.));
#5365 = DIRECTION('',(1.,0.,0.));
#5366 = PCURVE('',#4988,#5367);
#5367 = DEFINITIONAL_REPRESENTATION('',(#5368),#5372);
#5368 = LINE('',#5369,#5370);
#5369 = CARTESIAN_POINT('',(-0.,-20.1));
#5370 = VECTOR('',#5371,1.);
#5371 = DIRECTION('',(-1.,0.));
#5372 = ( GEOMETRIC_REPRESENTATION_CONTEXT(2) 
PARAMETRIC_REPRESENTATION_CONTEXT() REPRESENTATION_CONTEXT('2D SPACE',''
  ) );
#5373 = PCURVE('',#5374,#5379);
#5374 = PLANE('',#5375);
#5375 = AXIS2_PLACEMENT_3D('',#5376,#5377,#5378);
#5376 = CARTESIAN_POINT('',(40.,28.,109.95));
#5377 = DIRECTION('',(-0.,-0.,-1.));
#5378 = DIRECTION('',(-1.,0.,0.));
#5379 = DEFINITIONAL_REPRESENTATION('',(#5380),#5384);
#5380 = CIRCLE('',#5381,1.5);
#5381 = AXIS2_PLACEMENT_2D('',#5382,#5383);
#5382 = CARTESIAN_POINT('',(0.,0.));
#5383 = DIRECTION('',(-1.,0.));
#5384 = ( GEOMETRIC_REPRESENTATION_CONTEXT(2) 
PARAMETRIC_REPRESENTATION_CONTEXT() REPRESENTATION_CONTEXT('2D SPACE',''
  ) );
#5385 = ORIENTED_EDGE('',*,*,#5336,.F.);
#5386 = ADVANCED_FACE('',(#5387),#5023,.F.);
#5387 = FACE_BOUND('',#5388,.T.);
#5388 = EDGE_LOOP('',(#5389,#5390,#5413,#5440));
#5389 = ORIENTED_EDGE('',*,*,#5002,.T.);
#5390 = ORIENTED_EDGE('',*,*,#5391,.T.);
#5391 = EDGE_CURVE('',#5003,#5392,#5394,.T.);
#5392 = VERTEX_POINT('',#5393);
#5393 = CARTESIAN_POINT('',(41.5,117.,109.95));
#5394 = SEAM_CURVE('',#5395,(#5399,#5406),.PCURVE_S1.);
#5395 = LINE('',#5396,#5397);
#5396 = CARTESIAN_POINT('',(41.5,117.,130.05));
#5397 = VECTOR('',#5398,1.);
#5398 = DIRECTION('',(0.,0.,-1.));
#5399 = PCURVE('',#5023,#5400);
#5400 = DEFINITIONAL_REPRESENTATION('',(#5401),#5405);
#5401 = LINE('',#5402,#5403);
#5402 = CARTESIAN_POINT('',(-6.28318530718,0.));
#5403 = VECTOR('',#5404,1.);
#5404 = DIRECTION('',(-0.,-1.));
#5405 = ( GEOMETRIC_REPRESENTATION_CONTEXT(2) 
PARAMETRIC_REPRESENTATION_CONTEXT() REPRESENTATION_CONTEXT('2D SPACE',''
  ) );
#5406 = PCURVE('',#5023,#5407);
#5407 = DEFINITIONAL_REPRESENTATION('',(#5408),#5412);
#5408 = LINE('',#5409,#5410);
#5409 = CARTESIAN_POINT('',(-0.,0.));
#5410 = VECTOR('',#5411,1.);
#5411 = DIRECTION('',(-0.,-1.));
#5412 = ( GEOMETRIC_REPRESENTATION_CONTEXT(2) 
PARAMETRIC_REPRESENTATION_CONTEXT() REPRESENTATION_CONTEXT('2D SPACE',''
  ) );
#5413 = ORIENTED_EDGE('',*,*,#5414,.T.);
#5414 = EDGE_CURVE('',#5392,#5392,#5415,.T.);
#5415 = SURFACE_CURVE('',#5416,(#5421,#5428),.PCURVE_S1.);
#5416 = CIRCLE('',#5417,1.5);
#5417 = AXIS2_PLACEMENT_3D('',#5418,#5419,#5420);
#5418 = CARTESIAN_POINT('',(40.,117.,109.95));
#5419 = DIRECTION('',(0.,0.,-1.));
#5420 = DIRECTION('',(1.,0.,0.));
#5421 = PCURVE('',#5023,#5422);
#5422 = DEFINITIONAL_REPRESENTATION('',(#5423),#5427);
#5423 = LINE('',#5424,#5425);
#5424 = CARTESIAN_POINT('',(-0.,-20.1));
#5425 = VECTOR('',#5426,1.);
#5426 = DIRECTION('',(-1.,0.));
#5427 = ( GEOMETRIC_REPRESENTATION_CONTEXT(2) 
PARAMETRIC_REPRESENTATION_CONTEXT() REPRESENTATION_CONTEXT('2D SPACE',''
  ) );
#5428 = PCURVE('',#5429,#5434);
#5429 = PLANE('',#5430);
#5430 = AXIS2_PLACEMENT_3D('',#5431,#5432,#5433);
#5431 = CARTESIAN_POINT('',(40.,117.,109.95));
#5432 = DIRECTION('',(-0.,-0.,-1.));
#5433 = DIRECTION('',(-1.,0.,0.));
#5434 = DEFINITIONAL_REPRESENTATION('',(#5435),#5439);
#5435 = CIRCLE('',#5436,1.5);
#5436 = AXIS2_PLACEMENT_2D('',#5437,#5438);
#5437 = CARTESIAN_POINT('',(0.,1.42108547152E-14));
#5438 = DIRECTION('',(-1.,0.));
#5439 = ( GEOMETRIC_REPRESENTATION_CONTEXT(2) 
PARAMETRIC_REPRESENTATION_CONTEXT() REPRESENTATION_CONTEXT('2D SPACE',''
  ) );
#5440 = ORIENTED_EDGE('',*,*,#5391,.F.);
#5441 = ADVANCED_FACE('',(#5442),#5058,.F.);
#5442 = FACE_BOUND('',#5443,.T.);
#5443 = EDGE_LOOP('',(#5444,#5445,#5468,#5495));
#5444 = ORIENTED_EDGE('',*,*,#5037,.T.);
#5445 = ORIENTED_EDGE('',*,*,#5446,.T.);
#5446 = EDGE_CURVE('',#5038,#5447,#5449,.T.);
#5447 = VERTEX_POINT('',#5448);
#5448 = CARTESIAN_POINT('',(41.5,173.,109.95));
#5449 = SEAM_CURVE('',#5450,(#5454,#5461),.PCURVE_S1.);
#5450 = LINE('',#5451,#5452);
#5451 = CARTESIAN_POINT('',(41.5,173.,130.05));
#5452 = VECTOR('',#5453,1.);
#5453 = DIRECTION('',(0.,0.,-1.));
#5454 = PCURVE('',#5058,#5455);
#5455 = DEFINITIONAL_REPRESENTATION('',(#5456),#5460);
#5456 = LINE('',#5457,#5458);
#5457 = CARTESIAN_POINT('',(-6.28318530718,0.));
#5458 = VECTOR('',#5459,1.);
#5459 = DIRECTION('',(-0.,-1.));
#5460 = ( GEOMETRIC_REPRESENTATION_CONTEXT(2) 
PARAMETRIC_REPRESENTATION_CONTEXT() REPRESENTATION_CONTEXT('2D SPACE',''
  ) );
#5461 = PCURVE('',#5058,#5462);
#5462 = DEFINITIONAL_REPRESENTATION('',(#5463),#5467);
#5463 = LINE('',#5464,#5465);
#5464 = CARTESIAN_POINT('',(-0.,0.));
#5465 = VECTOR('',#5466,1.);
#5466 = DIRECTION('',(-0.,-1.));
#5467 = ( GEOMETRIC_REPRESENTATION_CONTEXT(2) 
PARAMETRIC_REPRESENTATION_CONTEXT() REPRESENTATION_CONTEXT('2D SPACE',''
  ) );
#5468 = ORIENTED_EDGE('',*,*,#5469,.T.);
#5469 = EDGE_CURVE('',#5447,#5447,#5470,.T.);
#5470 = SURFACE_CURVE('',#5471,(#5476,#5483),.PCURVE_S1.);
#5471 = CIRCLE('',#5472,1.5);
#5472 = AXIS2_PLACEMENT_3D('',#5473,#5474,#5475);
#5473 = CARTESIAN_POINT('',(40.,173.,109.95));
#5474 = DIRECTION('',(0.,0.,-1.));
#5475 = DIRECTION('',(1.,0.,0.));
#5476 = PCURVE('',#5058,#5477);
#5477 = DEFINITIONAL_REPRESENTATION('',(#5478),#5482);
#5478 = LINE('',#5479,#5480);
#5479 = CARTESIAN_POINT('',(-0.,-20.1));
#5480 = VECTOR('',#5481,1.);
#5481 = DIRECTION('',(-1.,0.));
#5482 = ( GEOMETRIC_REPRESENTATION_CONTEXT(2) 
PARAMETRIC_REPRESENTATION_CONTEXT() REPRESENTATION_CONTEXT('2D SPACE',''
  ) );
#5483 = PCURVE('',#5484,#5489);
#5484 = PLANE('',#5485);
#5485 = AXIS2_PLACEMENT_3D('',#5486,#5487,#5488);
#5486 = CARTESIAN_POINT('',(40.,173.,109.95));
#5487 = DIRECTION('',(-0.,-0.,-1.));
#5488 = DIRECTION('',(-1.,0.,0.));
#5489 = DEFINITIONAL_REPRESENTATION('',(#5490),#5494);
#5490 = CIRCLE('',#5491,1.5);
#5491 = AXIS2_PLACEMENT_2D('',#5492,#5493);
#5492 = CARTESIAN_POINT('',(0.,0.));
#5493 = DIRECTION('',(-1.,0.));
#5494 = ( GEOMETRIC_REPRESENTATION_CONTEXT(2) 
PARAMETRIC_REPRESENTATION_CONTEXT() REPRESENTATION_CONTEXT('2D SPACE',''
  ) );
#5495 = ORIENTED_EDGE('',*,*,#5446,.F.);
#5496 = ADVANCED_FACE('',(#5497),#5093,.F.);
#5497 = FACE_BOUND('',#5498,.T.);
#5498 = EDGE_LOOP('',(#5499,#5500,#5523,#5550));
#5499 = ORIENTED_EDGE('',*,*,#5072,.T.);
#5500 = ORIENTED_EDGE('',*,*,#5501,.T.);
#5501 = EDGE_CURVE('',#5073,#5502,#5504,.T.);
#5502 = VERTEX_POINT('',#5503);
#5503 = CARTESIAN_POINT('',(41.5,262.,109.95));
#5504 = SEAM_CURVE('',#5505,(#5509,#5516),.PCURVE_S1.);
#5505 = LINE('',#5506,#5507);
#5506 = CARTESIAN_POINT('',(41.5,262.,130.05));
#5507 = VECTOR('',#5508,1.);
#5508 = DIRECTION('',(0.,0.,-1.));
#5509 = PCURVE('',#5093,#5510);
#5510 = DEFINITIONAL_REPRESENTATION('',(#5511),#5515);
#5511 = LINE('',#5512,#5513);
#5512 = CARTESIAN_POINT('',(-6.28318530718,0.));
#5513 = VECTOR('',#5514,1.);
#5514 = DIRECTION('',(-0.,-1.));
#5515 = ( GEOMETRIC_REPRESENTATION_CONTEXT(2) 
PARAMETRIC_REPRESENTATION_CONTEXT() REPRESENTATION_CONTEXT('2D SPACE',''
  ) );
#5516 = PCURVE('',#5093,#5517);
#5517 = DEFINITIONAL_REPRESENTATION('',(#5518),#5522);
#5518 = LINE('',#5519,#5520);
#5519 = CARTESIAN_POINT('',(-0.,0.));
#5520 = VECTOR('',#5521,1.);
#5521 = DIRECTION('',(-0.,-1.));
#5522 = ( GEOMETRIC_REPRESENTATION_CONTEXT(2) 
PARAMETRIC_REPRESENTATION_CONTEXT() REPRESENTATION_CONTEXT('2D SPACE',''
  ) );
#5523 = ORIENTED_EDGE('',*,*,#5524,.T.);
#5524 = EDGE_CURVE('',#5502,#5502,#5525,.T.);
#5525 = SURFACE_CURVE('',#5526,(#5531,#5538),.PCURVE_S1.);
#5526 = CIRCLE('',#5527,1.5);
#5527 = AXIS2_PLACEMENT_3D('',#5528,#5529,#5530);
#5528 = CARTESIAN_POINT('',(40.,262.,109.95));
#5529 = DIRECTION('',(0.,0.,-1.));
#5530 = DIRECTION('',(1.,0.,0.));
#5531 = PCURVE('',#5093,#5532);
#5532 = DEFINITIONAL_REPRESENTATION('',(#5533),#5537);
#5533 = LINE('',#5534,#5535);
#5534 = CARTESIAN_POINT('',(-0.,-20.1));
#5535 = VECTOR('',#5536,1.);
#5536 = DIRECTION('',(-1.,0.));
#5537 = ( GEOMETRIC_REPRESENTATION_CONTEXT(2) 
PARAMETRIC_REPRESENTATION_CONTEXT() REPRESENTATION_CONTEXT('2D SPACE',''
  ) );
#5538 = PCURVE('',#5539,#5544);
#5539 = PLANE('',#5540);
#5540 = AXIS2_PLACEMENT_3D('',#5541,#5542,#5543);
#5541 = CARTESIAN_POINT('',(40.,262.,109.95));
#5542 = DIRECTION('',(-0.,-0.,-1.));
#5543 = DIRECTION('',(-1.,0.,0.));
#5544 = DEFINITIONAL_REPRESENTATION('',(#5545),#5549);
#5545 = CIRCLE('',#5546,1.5);
#5546 = AXIS2_PLACEMENT_2D('',#5547,#5548);
#5547 = CARTESIAN_POINT('',(0.,0.));
#5548 = DIRECTION('',(-1.,0.));
#5549 = ( GEOMETRIC_REPRESENTATION_CONTEXT(2) 
PARAMETRIC_REPRESENTATION_CONTEXT() REPRESENTATION_CONTEXT('2D SPACE',''
  ) );
#5550 = ORIENTED_EDGE('',*,*,#5501,.F.);
#5551 = ADVANCED_FACE('',(#5552),#5154,.F.);
#5552 = FACE_BOUND('',#5553,.F.);
#5553 = EDGE_LOOP('',(#5554));
#5554 = ORIENTED_EDGE('',*,*,#5139,.T.);
#5555 = ADVANCED_FACE('',(#5556),#5209,.F.);
#5556 = FACE_BOUND('',#5557,.F.);
#5557 = EDGE_LOOP('',(#5558));
#5558 = ORIENTED_EDGE('',*,*,#5194,.T.);
#5559 = ADVANCED_FACE('',(#5560),#5264,.F.);
#5560 = FACE_BOUND('',#5561,.F.);
#5561 = EDGE_LOOP('',(#5562));
#5562 = ORIENTED_EDGE('',*,*,#5249,.T.);
#5563 = ADVANCED_FACE('',(#5564),#5319,.F.);
#5564 = FACE_BOUND('',#5565,.F.);
#5565 = EDGE_LOOP('',(#5566));
#5566 = ORIENTED_EDGE('',*,*,#5304,.T.);
#5567 = ADVANCED_FACE('',(#5568),#5374,.F.);
#5568 = FACE_BOUND('',#5569,.F.);
#5569 = EDGE_LOOP('',(#5570));
#5570 = ORIENTED_EDGE('',*,*,#5359,.T.);
#5571 = ADVANCED_FACE('',(#5572),#5429,.F.);
#5572 = FACE_BOUND('',#5573,.F.);
#5573 = EDGE_LOOP('',(#5574));
#5574 = ORIENTED_EDGE('',*,*,#5414,.T.);
#5575 = ADVANCED_FACE('',(#5576),#5484,.F.);
#5576 = FACE_BOUND('',#5577,.F.);
#5577 = EDGE_LOOP('',(#5578));
#5578 = ORIENTED_EDGE('',*,*,#5469,.T.);
#5579 = ADVANCED_FACE('',(#5580),#5539,.F.);
#5580 = FACE_BOUND('',#5581,.F.);
#5581 = EDGE_LOOP('',(#5582));
#5582 = ORIENTED_EDGE('',*,*,#5524,.T.);
#5583 = ( GEOMETRIC_REPRESENTATION_CONTEXT(3) 
GLOBAL_UNCERTAINTY_ASSIGNED_CONTEXT((#5587)) 
GLOBAL_UNIT_ASSIGNED_CONTEXT((#5584,#5585,#5586)) REPRESENTATION_CONTEXT
('Context #1','3D Context with UNIT and UNCERTAINTY') );
#5584 = ( LENGTH_UNIT() NAMED_UNIT(*) SI_UNIT(.MILLI.,.METRE.) );
#5585 = ( NAMED_UNIT(*) PLANE_ANGLE_UNIT() SI_UNIT($,.RADIAN.) );
#5586 = ( NAMED_UNIT(*) SI_UNIT($,.STERADIAN.) SOLID_ANGLE_UNIT() );
#5587 = UNCERTAINTY_MEASURE_WITH_UNIT(LENGTH_MEASURE(1.E-07),#5584,
  'distance_accuracy_value','confusion accuracy');
#5588 = CONTEXT_DEPENDENT_SHAPE_REPRESENTATION(#5589,#5591);
#5589 = ( REPRESENTATION_RELATIONSHIP('','',#4500,#10) 
REPRESENTATION_RELATIONSHIP_WITH_TRANSFORMATION(#5590) 
SHAPE_REPRESENTATION_RELATIONSHIP() );
#5590 = ITEM_DEFINED_TRANSFORMATION('','',#11,#31);
#5591 = PRODUCT_DEFINITION_SHAPE('Placement','Placement of an item',
  #5592);
#5592 = NEXT_ASSEMBLY_USAGE_OCCURRENCE('17','cleat_lo_1','',#5,#4495,$);
#5593 = PRODUCT_RELATED_PRODUCT_CATEGORY('part',$,(#4497));
#5594 = SHAPE_DEFINITION_REPRESENTATION(#5595,#5601);
#5595 = PRODUCT_DEFINITION_SHAPE('','',#5596);
#5596 = PRODUCT_DEFINITION('design','',#5597,#5600);
#5597 = PRODUCT_DEFINITION_FORMATION('','',#5598);
#5598 = PRODUCT('cleat_lo_2','cleat_lo_2','',(#5599));
#5599 = PRODUCT_CONTEXT('',#2,'mechanical');
#5600 = PRODUCT_DEFINITION_CONTEXT('part definition',#2,'design');
#5601 = ADVANCED_BREP_SHAPE_REPRESENTATION('',(#11,#5602),#6668);
#5602 = MANIFOLD_SOLID_BREP('',#5603);
#5603 = CLOSED_SHELL('',(#5604,#5724,#5800,#5849,#6022,#6189,#6196,#6251
    ,#6306,#6361,#6416,#6471,#6526,#6581,#6636,#6640,#6644,#6648,#6652,
    #6656,#6660,#6664));
#5604 = ADVANCED_FACE('',(#5605),#5619,.F.);
#5605 = FACE_BOUND('',#5606,.F.);
#5606 = EDGE_LOOP('',(#5607,#5642,#5670,#5698));
#5607 = ORIENTED_EDGE('',*,*,#5608,.F.);
#5608 = EDGE_CURVE('',#5609,#5611,#5613,.T.);
#5609 = VERTEX_POINT('',#5610);
#5610 = CARTESIAN_POINT('',(340.,0.,130.));
#5611 = VERTEX_POINT('',#5612);
#5612 = CARTESIAN_POINT('',(340.,0.,90.));
#5613 = SURFACE_CURVE('',#5614,(#5618,#5630),.PCURVE_S1.);
#5614 = LINE('',#5615,#5616);
#5615 = CARTESIAN_POINT('',(340.,0.,130.));
#5616 = VECTOR('',#5617,1.);
#5617 = DIRECTION('',(0.,0.,-1.));
#5618 = PCURVE('',#5619,#5624);
#5619 = PLANE('',#5620);
#5620 = AXIS2_PLACEMENT_3D('',#5621,#5622,#5623);
#5621 = CARTESIAN_POINT('',(340.,0.,130.));
#5622 = DIRECTION('',(0.,1.,0.));
#5623 = DIRECTION('',(0.,0.,-1.));
#5624 = DEFINITIONAL_REPRESENTATION('',(#5625),#5629);
#5625 = LINE('',#5626,#5627);
#5626 = CARTESIAN_POINT('',(0.,0.));
#5627 = VECTOR('',#5628,1.);
#5628 = DIRECTION('',(1.,0.));
#5629 = ( GEOMETRIC_REPRESENTATION_CONTEXT(2) 
PARAMETRIC_REPRESENTATION_CONTEXT() REPRESENTATION_CONTEXT('2D SPACE',''
  ) );
#5630 = PCURVE('',#5631,#5636);
#5631 = PLANE('',#5632);
#5632 = AXIS2_PLACEMENT_3D('',#5633,#5634,#5635);
#5633 = CARTESIAN_POINT('',(340.,0.,130.));
#5634 = DIRECTION('',(1.,0.,0.));
#5635 = DIRECTION('',(0.,0.,-1.));
#5636 = DEFINITIONAL_REPRESENTATION('',(#5637),#5641);
#5637 = LINE('',#5638,#5639);
#5638 = CARTESIAN_POINT('',(0.,0.));
#5639 = VECTOR('',#5640,1.);
#5640 = DIRECTION('',(1.,0.));
#5641 = ( GEOMETRIC_REPRESENTATION_CONTEXT(2) 
PARAMETRIC_REPRESENTATION_CONTEXT() REPRESENTATION_CONTEXT('2D SPACE',''
  ) );
#5642 = ORIENTED_EDGE('',*,*,#5643,.T.);
#5643 = EDGE_CURVE('',#5609,#5644,#5646,.T.);
#5644 = VERTEX_POINT('',#5645);
#5645 = CARTESIAN_POINT('',(380.,0.,130.));
#5646 = SURFACE_CURVE('',#5647,(#5651,#5658),.PCURVE_S1.);
#5647 = LINE('',#5648,#5649);
#5648 = CARTESIAN_POINT('',(340.,0.,130.));
#5649 = VECTOR('',#5650,1.);
#5650 = DIRECTION('',(1.,0.,0.));
#5651 = PCURVE('',#5619,#5652);
#5652 = DEFINITIONAL_REPRESENTATION('',(#5653),#5657);
#5653 = LINE('',#5654,#5655);
#5654 = CARTESIAN_POINT('',(0.,0.));
#5655 = VECTOR('',#5656,1.);
#5656 = DIRECTION('',(0.,-1.));
#5657 = ( GEOMETRIC_REPRESENTATION_CONTEXT(2) 
PARAMETRIC_REPRESENTATION_CONTEXT() REPRESENTATION_CONTEXT('2D SPACE',''
  ) );
#5658 = PCURVE('',#5659,#5664);
#5659 = PLANE('',#5660);
#5660 = AXIS2_PLACEMENT_3D('',#5661,#5662,#5663);
#5661 = CARTESIAN_POINT('',(340.,0.,130.));
#5662 = DIRECTION('',(0.,0.,-1.));
#5663 = DIRECTION('',(0.,1.,0.));
#5664 = DEFINITIONAL_REPRESENTATION('',(#5665),#5669);
#5665 = LINE('',#5666,#5667);
#5666 = CARTESIAN_POINT('',(0.,0.));
#5667 = VECTOR('',#5668,1.);
#5668 = DIRECTION('',(0.,1.));
#5669 = ( GEOMETRIC_REPRESENTATION_CONTEXT(2) 
PARAMETRIC_REPRESENTATION_CONTEXT() REPRESENTATION_CONTEXT('2D SPACE',''
  ) );
#5670 = ORIENTED_EDGE('',*,*,#5671,.T.);
#5671 = EDGE_CURVE('',#5644,#5672,#5674,.T.);
#5672 = VERTEX_POINT('',#5673);
#5673 = CARTESIAN_POINT('',(380.,0.,90.));
#5674 = SURFACE_CURVE('',#5675,(#5679,#5686),.PCURVE_S1.);
#5675 = LINE('',#5676,#5677);
#5676 = CARTESIAN_POINT('',(380.,0.,130.));
#5677 = VECTOR('',#5678,1.);
#5678 = DIRECTION('',(0.,0.,-1.));
#5679 = PCURVE('',#5619,#5680);
#5680 = DEFINITIONAL_REPRESENTATION('',(#5681),#5685);
#5681 = LINE('',#5682,#5683);
#5682 = CARTESIAN_POINT('',(0.,-40.));
#5683 = VECTOR('',#5684,1.);
#5684 = DIRECTION('',(1.,0.));
#5685 = ( GEOMETRIC_REPRESENTATION_CONTEXT(2) 
PARAMETRIC_REPRESENTATION_CONTEXT() REPRESENTATION_CONTEXT('2D SPACE',''
  ) );
#5686 = PCURVE('',#5687,#5692);
#5687 = PLANE('',#5688);
#5688 = AXIS2_PLACEMENT_3D('',#5689,#5690,#5691);
#5689 = CARTESIAN_POINT('',(380.,0.,130.));
#5690 = DIRECTION('',(1.,0.,0.));
#5691 = DIRECTION('',(0.,0.,-1.));
#5692 = DEFINITIONAL_REPRESENTATION('',(#5693),#5697);
#5693 = LINE('',#5694,#5695);
#5694 = CARTESIAN_POINT('',(0.,0.));
#5695 = VECTOR('',#5696,1.);
#5696 = DIRECTION('',(1.,0.));
#5697 = ( GEOMETRIC_REPRESENTATION_CONTEXT(2) 
PARAMETRIC_REPRESENTATION_CONTEXT() REPRESENTATION_CONTEXT('2D SPACE',''
  ) );
#5698 = ORIENTED_EDGE('',*,*,#5699,.F.);
#5699 = EDGE_CURVE('',#5611,#5672,#5700,.T.);
#5700 = SURFACE_CURVE('',#5701,(#5705,#5712),.PCURVE_S1.);
#5701 = LINE('',#5702,#5703);
#5702 = CARTESIAN_POINT('',(340.,0.,90.));
#5703 = VECTOR('',#5704,1.);
#5704 = DIRECTION('',(1.,0.,0.));
#5705 = PCURVE('',#5619,#5706);
#5706 = DEFINITIONAL_REPRESENTATION('',(#5707),#5711);
#5707 = LINE('',#5708,#5709);
#5708 = CARTESIAN_POINT('',(40.,0.));
#5709 = VECTOR('',#5710,1.);
#5710 = DIRECTION('',(0.,-1.));
#5711 = ( GEOMETRIC_REPRESENTATION_CONTEXT(2) 
PARAMETRIC_REPRESENTATION_CONTEXT() REPRESENTATION_CONTEXT('2D SPACE',''
  ) );
#5712 = PCURVE('',#5713,#5718);
#5713 = PLANE('',#5714);
#5714 = AXIS2_PLACEMENT_3D('',#5715,#5716,#5717);
#5715 = CARTESIAN_POINT('',(340.,0.,90.));
#5716 = DIRECTION('',(0.,0.,-1.));
#5717 = DIRECTION('',(0.,1.,0.));
#5718 = DEFINITIONAL_REPRESENTATION('',(#5719),#5723);
#5719 = LINE('',#5720,#5721);
#5720 = CARTESIAN_POINT('',(0.,0.));
#5721 = VECTOR('',#5722,1.);
#5722 = DIRECTION('',(0.,1.));
#5723 = ( GEOMETRIC_REPRESENTATION_CONTEXT(2) 
PARAMETRIC_REPRESENTATION_CONTEXT() REPRESENTATION_CONTEXT('2D SPACE',''
  ) );
#5724 = ADVANCED_FACE('',(#5725),#5631,.F.);
#5725 = FACE_BOUND('',#5726,.F.);
#5726 = EDGE_LOOP('',(#5727,#5750,#5751,#5774));
#5727 = ORIENTED_EDGE('',*,*,#5728,.F.);
#5728 = EDGE_CURVE('',#5609,#5729,#5731,.T.);
#5729 = VERTEX_POINT('',#5730);
#5730 = CARTESIAN_POINT('',(340.,290.,130.));
#5731 = SURFACE_CURVE('',#5732,(#5736,#5743),.PCURVE_S1.);
#5732 = LINE('',#5733,#5734);
#5733 = CARTESIAN_POINT('',(340.,0.,130.));
#5734 = VECTOR('',#5735,1.);
#5735 = DIRECTION('',(0.,1.,0.));
#5736 = PCURVE('',#5631,#5737);
#5737 = DEFINITIONAL_REPRESENTATION('',(#5738),#5742);
#5738 = LINE('',#5739,#5740);
#5739 = CARTESIAN_POINT('',(0.,0.));
#5740 = VECTOR('',#5741,1.);
#5741 = DIRECTION('',(0.,1.));
#5742 = ( GEOMETRIC_REPRESENTATION_CONTEXT(2) 
PARAMETRIC_REPRESENTATION_CONTEXT() REPRESENTATION_CONTEXT('2D SPACE',''
  ) );
#5743 = PCURVE('',#5659,#5744);
#5744 = DEFINITIONAL_REPRESENTATION('',(#5745),#5749);
#5745 = LINE('',#5746,#5747);
#5746 = CARTESIAN_POINT('',(0.,0.));
#5747 = VECTOR('',#5748,1.);
#5748 = DIRECTION('',(1.,0.));
#5749 = ( GEOMETRIC_REPRESENTATION_CONTEXT(2) 
PARAMETRIC_REPRESENTATION_CONTEXT() REPRESENTATION_CONTEXT('2D SPACE',''
  ) );
#5750 = ORIENTED_EDGE('',*,*,#5608,.T.);
#5751 = ORIENTED_EDGE('',*,*,#5752,.T.);
#5752 = EDGE_CURVE('',#5611,#5753,#5755,.T.);
#5753 = VERTEX_POINT('',#5754);
#5754 = CARTESIAN_POINT('',(340.,290.,90.));
#5755 = SURFACE_CURVE('',#5756,(#5760,#5767),.PCURVE_S1.);
#5756 = LINE('',#5757,#5758);
#5757 = CARTESIAN_POINT('',(340.,0.,90.));
#5758 = VECTOR('',#5759,1.);
#5759 = DIRECTION('',(0.,1.,0.));
#5760 = PCURVE('',#5631,#5761);
#5761 = DEFINITIONAL_REPRESENTATION('',(#5762),#5766);
#5762 = LINE('',#5763,#5764);
#5763 = CARTESIAN_POINT('',(40.,0.));
#5764 = VECTOR('',#5765,1.);
#5765 = DIRECTION('',(0.,1.));
#5766 = ( GEOMETRIC_REPRESENTATION_CONTEXT(2) 
PARAMETRIC_REPRESENTATION_CONTEXT() REPRESENTATION_CONTEXT('2D SPACE',''
  ) );
#5767 = PCURVE('',#5713,#5768);
#5768 = DEFINITIONAL_REPRESENTATION('',(#5769),#5773);
#5769 = LINE('',#5770,#5771);
#5770 = CARTESIAN_POINT('',(0.,0.));
#5771 = VECTOR('',#5772,1.);
#5772 = DIRECTION('',(1.,0.));
#5773 = ( GEOMETRIC_REPRESENTATION_CONTEXT(2) 
PARAMETRIC_REPRESENTATION_CONTEXT() REPRESENTATION_CONTEXT('2D SPACE',''
  ) );
#5774 = ORIENTED_EDGE('',*,*,#5775,.F.);
#5775 = EDGE_CURVE('',#5729,#5753,#5776,.T.);
#5776 = SURFACE_CURVE('',#5777,(#5781,#5788),.PCURVE_S1.);
#5777 = LINE('',#5778,#5779);
#5778 = CARTESIAN_POINT('',(340.,290.,130.));
#5779 = VECTOR('',#5780,1.);
#5780 = DIRECTION('',(0.,0.,-1.));
#5781 = PCURVE('',#5631,#5782);
#5782 = DEFINITIONAL_REPRESENTATION('',(#5783),#5787);
#5783 = LINE('',#5784,#5785);
#5784 = CARTESIAN_POINT('',(0.,290.));
#5785 = VECTOR('',#5786,1.);
#5786 = DIRECTION('',(1.,0.));
#5787 = ( GEOMETRIC_REPRESENTATION_CONTEXT(2) 
PARAMETRIC_REPRESENTATION_CONTEXT() REPRESENTATION_CONTEXT('2D SPACE',''
  ) );
#5788 = PCURVE('',#5789,#5794);
#5789 = PLANE('',#5790);
#5790 = AXIS2_PLACEMENT_3D('',#5791,#5792,#5793);
#5791 = CARTESIAN_POINT('',(340.,290.,130.));
#5792 = DIRECTION('',(0.,1.,0.));
#5793 = DIRECTION('',(0.,0.,-1.));
#5794 = DEFINITIONAL_REPRESENTATION('',(#5795),#5799);
#5795 = LINE('',#5796,#5797);
#5796 = CARTESIAN_POINT('',(0.,0.));
#5797 = VECTOR('',#5798,1.);
#5798 = DIRECTION('',(1.,0.));
#5799 = ( GEOMETRIC_REPRESENTATION_CONTEXT(2) 
PARAMETRIC_REPRESENTATION_CONTEXT() REPRESENTATION_CONTEXT('2D SPACE',''
  ) );
#5800 = ADVANCED_FACE('',(#5801),#5713,.T.);
#5801 = FACE_BOUND('',#5802,.T.);
#5802 = EDGE_LOOP('',(#5803,#5804,#5805,#5828));
#5803 = ORIENTED_EDGE('',*,*,#5699,.F.);
#5804 = ORIENTED_EDGE('',*,*,#5752,.T.);
#5805 = ORIENTED_EDGE('',*,*,#5806,.T.);
#5806 = EDGE_CURVE('',#5753,#5807,#5809,.T.);
#5807 = VERTEX_POINT('',#5808);
#5808 = CARTESIAN_POINT('',(380.,290.,90.));
#5809 = SURFACE_CURVE('',#5810,(#5814,#5821),.PCURVE_S1.);
#5810 = LINE('',#5811,#5812);
#5811 = CARTESIAN_POINT('',(340.,290.,90.));
#5812 = VECTOR('',#5813,1.);
#5813 = DIRECTION('',(1.,0.,0.));
#5814 = PCURVE('',#5713,#5815);
#5815 = DEFINITIONAL_REPRESENTATION('',(#5816),#5820);
#5816 = LINE('',#5817,#5818);
#5817 = CARTESIAN_POINT('',(290.,0.));
#5818 = VECTOR('',#5819,1.);
#5819 = DIRECTION('',(0.,1.));
#5820 = ( GEOMETRIC_REPRESENTATION_CONTEXT(2) 
PARAMETRIC_REPRESENTATION_CONTEXT() REPRESENTATION_CONTEXT('2D SPACE',''
  ) );
#5821 = PCURVE('',#5789,#5822);
#5822 = DEFINITIONAL_REPRESENTATION('',(#5823),#5827);
#5823 = LINE('',#5824,#5825);
#5824 = CARTESIAN_POINT('',(40.,0.));
#5825 = VECTOR('',#5826,1.);
#5826 = DIRECTION('',(0.,-1.));
#5827 = ( GEOMETRIC_REPRESENTATION_CONTEXT(2) 
PARAMETRIC_REPRESENTATION_CONTEXT() REPRESENTATION_CONTEXT('2D SPACE',''
  ) );
#5828 = ORIENTED_EDGE('',*,*,#5829,.F.);
#5829 = EDGE_CURVE('',#5672,#5807,#5830,.T.);
#5830 = SURFACE_CURVE('',#5831,(#5835,#5842),.PCURVE_S1.);
#5831 = LINE('',#5832,#5833);
#5832 = CARTESIAN_POINT('',(380.,0.,90.));
#5833 = VECTOR('',#5834,1.);
#5834 = DIRECTION('',(0.,1.,0.));
#5835 = PCURVE('',#5713,#5836);
#5836 = DEFINITIONAL_REPRESENTATION('',(#5837),#5841);
#5837 = LINE('',#5838,#5839);
#5838 = CARTESIAN_POINT('',(0.,40.));
#5839 = VECTOR('',#5840,1.);
#5840 = DIRECTION('',(1.,0.));
#5841 = ( GEOMETRIC_REPRESENTATION_CONTEXT(2) 
PARAMETRIC_REPRESENTATION_CONTEXT() REPRESENTATION_CONTEXT('2D SPACE',''
  ) );
#5842 = PCURVE('',#5687,#5843);
#5843 = DEFINITIONAL_REPRESENTATION('',(#5844),#5848);
#5844 = LINE('',#5845,#5846);
#5845 = CARTESIAN_POINT('',(40.,0.));
#5846 = VECTOR('',#5847,1.);
#5847 = DIRECTION('',(0.,1.));
#5848 = ( GEOMETRIC_REPRESENTATION_CONTEXT(2) 
PARAMETRIC_REPRESENTATION_CONTEXT() REPRESENTATION_CONTEXT('2D SPACE',''
  ) );
#5849 = ADVANCED_FACE('',(#5850,#5898,#5929,#5960,#5991),#5687,.T.);
#5850 = FACE_BOUND('',#5851,.T.);
#5851 = EDGE_LOOP('',(#5852,#5875,#5876,#5877));
#5852 = ORIENTED_EDGE('',*,*,#5853,.F.);
#5853 = EDGE_CURVE('',#5644,#5854,#5856,.T.);
#5854 = VERTEX_POINT('',#5855);
#5855 = CARTESIAN_POINT('',(380.,290.,130.));
#5856 = SURFACE_CURVE('',#5857,(#5861,#5868),.PCURVE_S1.);
#5857 = LINE('',#5858,#5859);
#5858 = CARTESIAN_POINT('',(380.,0.,130.));
#5859 = VECTOR('',#5860,1.);
#5860 = DIRECTION('',(0.,1.,0.));
#5861 = PCURVE('',#5687,#5862);
#5862 = DEFINITIONAL_REPRESENTATION('',(#5863),#5867);
#5863 = LINE('',#5864,#5865);
#5864 = CARTESIAN_POINT('',(0.,0.));
#5865 = VECTOR('',#5866,1.);
#5866 = DIRECTION('',(0.,1.));
#5867 = ( GEOMETRIC_REPRESENTATION_CONTEXT(2) 
PARAMETRIC_REPRESENTATION_CONTEXT() REPRESENTATION_CONTEXT('2D SPACE',''
  ) );
#5868 = PCURVE('',#5659,#5869);
#5869 = DEFINITIONAL_REPRESENTATION('',(#5870),#5874);
#5870 = LINE('',#5871,#5872);
#5871 = CARTESIAN_POINT('',(0.,40.));
#5872 = VECTOR('',#5873,1.);
#5873 = DIRECTION('',(1.,0.));
#5874 = ( GEOMETRIC_REPRESENTATION_CONTEXT(2) 
PARAMETRIC_REPRESENTATION_CONTEXT() REPRESENTATION_CONTEXT('2D SPACE',''
  ) );
#5875 = ORIENTED_EDGE('',*,*,#5671,.T.);
#5876 = ORIENTED_EDGE('',*,*,#5829,.T.);
#5877 = ORIENTED_EDGE('',*,*,#5878,.F.);
#5878 = EDGE_CURVE('',#5854,#5807,#5879,.T.);
#5879 = SURFACE_CURVE('',#5880,(#5884,#5891),.PCURVE_S1.);
#5880 = LINE('',#5881,#5882);
#5881 = CARTESIAN_POINT('',(380.,290.,130.));
#5882 = VECTOR('',#5883,1.);
#5883 = DIRECTION('',(0.,0.,-1.));
#5884 = PCURVE('',#5687,#5885);
#5885 = DEFINITIONAL_REPRESENTATION('',(#5886),#5890);
#5886 = LINE('',#5887,#5888);
#5887 = CARTESIAN_POINT('',(0.,290.));
#5888 = VECTOR('',#5889,1.);
#5889 = DIRECTION('',(1.,0.));
#5890 = ( GEOMETRIC_REPRESENTATION_CONTEXT(2) 
PARAMETRIC_REPRESENTATION_CONTEXT() REPRESENTATION_CONTEXT('2D SPACE',''
  ) );
#5891 = PCURVE('',#5789,#5892);
#5892 = DEFINITIONAL_REPRESENTATION('',(#5893),#5897);
#5893 = LINE('',#5894,#5895);
#5894 = CARTESIAN_POINT('',(0.,-40.));
#5895 = VECTOR('',#5896,1.);
#5896 = DIRECTION('',(1.,0.));
#5897 = ( GEOMETRIC_REPRESENTATION_CONTEXT(2) 
PARAMETRIC_REPRESENTATION_CONTEXT() REPRESENTATION_CONTEXT('2D SPACE',''
  ) );
#5898 = FACE_BOUND('',#5899,.T.);
#5899 = EDGE_LOOP('',(#5900));
#5900 = ORIENTED_EDGE('',*,*,#5901,.F.);
#5901 = EDGE_CURVE('',#5902,#5902,#5904,.T.);
#5902 = VERTEX_POINT('',#5903);
#5903 = CARTESIAN_POINT('',(380.,26.25,110.));
#5904 = SURFACE_CURVE('',#5905,(#5910,#5917),.PCURVE_S1.);
#5905 = CIRCLE('',#5906,1.25);
#5906 = AXIS2_PLACEMENT_3D('',#5907,#5908,#5909);
#5907 = CARTESIAN_POINT('',(380.,25.,110.));
#5908 = DIRECTION('',(1.,0.,-0.));
#5909 = DIRECTION('',(0.,1.,0.));
#5910 = PCURVE('',#5687,#5911);
#5911 = DEFINITIONAL_REPRESENTATION('',(#5912),#5916);
#5912 = CIRCLE('',#5913,1.25);
#5913 = AXIS2_PLACEMENT_2D('',#5914,#5915);
#5914 = CARTESIAN_POINT('',(20.,25.));
#5915 = DIRECTION('',(0.,1.));
#5916 = ( GEOMETRIC_REPRESENTATION_CONTEXT(2) 
PARAMETRIC_REPRESENTATION_CONTEXT() REPRESENTATION_CONTEXT('2D SPACE',''
  ) );
#5917 = PCURVE('',#5918,#5923);
#5918 = CYLINDRICAL_SURFACE('',#5919,1.25);
#5919 = AXIS2_PLACEMENT_3D('',#5920,#5921,#5922);
#5920 = CARTESIAN_POINT('',(380.05,25.,110.));
#5921 = DIRECTION('',(1.,-0.,-0.));
#5922 = DIRECTION('',(0.,1.,0.));
#5923 = DEFINITIONAL_REPRESENTATION('',(#5924),#5928);
#5924 = LINE('',#5925,#5926);
#5925 = CARTESIAN_POINT('',(-6.28318530718,-5.000000000001E-02));
#5926 = VECTOR('',#5927,1.);
#5927 = DIRECTION('',(1.,-0.));
#5928 = ( GEOMETRIC_REPRESENTATION_CONTEXT(2) 
PARAMETRIC_REPRESENTATION_CONTEXT() REPRESENTATION_CONTEXT('2D SPACE',''
  ) );
#5929 = FACE_BOUND('',#5930,.T.);
#5930 = EDGE_LOOP('',(#5931));
#5931 = ORIENTED_EDGE('',*,*,#5932,.F.);
#5932 = EDGE_CURVE('',#5933,#5933,#5935,.T.);
#5933 = VERTEX_POINT('',#5934);
#5934 = CARTESIAN_POINT('',(380.,121.25,110.));
#5935 = SURFACE_CURVE('',#5936,(#5941,#5948),.PCURVE_S1.);
#5936 = CIRCLE('',#5937,1.25);
#5937 = AXIS2_PLACEMENT_3D('',#5938,#5939,#5940);
#5938 = CARTESIAN_POINT('',(380.,120.,110.));
#5939 = DIRECTION('',(1.,0.,-0.));
#5940 = DIRECTION('',(0.,1.,0.));
#5941 = PCURVE('',#5687,#5942);
#5942 = DEFINITIONAL_REPRESENTATION('',(#5943),#5947);
#5943 = CIRCLE('',#5944,1.25);
#5944 = AXIS2_PLACEMENT_2D('',#5945,#5946);
#5945 = CARTESIAN_POINT('',(20.,120.));
#5946 = DIRECTION('',(0.,1.));
#5947 = ( GEOMETRIC_REPRESENTATION_CONTEXT(2) 
PARAMETRIC_REPRESENTATION_CONTEXT() REPRESENTATION_CONTEXT('2D SPACE',''
  ) );
#5948 = PCURVE('',#5949,#5954);
#5949 = CYLINDRICAL_SURFACE('',#5950,1.25);
#5950 = AXIS2_PLACEMENT_3D('',#5951,#5952,#5953);
#5951 = CARTESIAN_POINT('',(380.05,120.,110.));
#5952 = DIRECTION('',(1.,-0.,-0.));
#5953 = DIRECTION('',(0.,1.,0.));
#5954 = DEFINITIONAL_REPRESENTATION('',(#5955),#5959);
#5955 = LINE('',#5956,#5957);
#5956 = CARTESIAN_POINT('',(-6.28318530718,-5.000000000001E-02));
#5957 = VECTOR('',#5958,1.);
#5958 = DIRECTION('',(1.,-0.));
#5959 = ( GEOMETRIC_REPRESENTATION_CONTEXT(2) 
PARAMETRIC_REPRESENTATION_CONTEXT() REPRESENTATION_CONTEXT('2D SPACE',''
  ) );
#5960 = FACE_BOUND('',#5961,.T.);
#5961 = EDGE_LOOP('',(#5962));
#5962 = ORIENTED_EDGE('',*,*,#5963,.F.);
#5963 = EDGE_CURVE('',#5964,#5964,#5966,.T.);
#5964 = VERTEX_POINT('',#5965);
#5965 = CARTESIAN_POINT('',(380.,171.25,110.));
#5966 = SURFACE_CURVE('',#5967,(#5972,#5979),.PCURVE_S1.);
#5967 = CIRCLE('',#5968,1.25);
#5968 = AXIS2_PLACEMENT_3D('',#5969,#5970,#5971);
#5969 = CARTESIAN_POINT('',(380.,170.,110.));
#5970 = DIRECTION('',(1.,0.,-0.));
#5971 = DIRECTION('',(0.,1.,0.));
#5972 = PCURVE('',#5687,#5973);
#5973 = DEFINITIONAL_REPRESENTATION('',(#5974),#5978);
#5974 = CIRCLE('',#5975,1.25);
#5975 = AXIS2_PLACEMENT_2D('',#5976,#5977);
#5976 = CARTESIAN_POINT('',(20.,170.));
#5977 = DIRECTION('',(0.,1.));
#5978 = ( GEOMETRIC_REPRESENTATION_CONTEXT(2) 
PARAMETRIC_REPRESENTATION_CONTEXT() REPRESENTATION_CONTEXT('2D SPACE',''
  ) );
#5979 = PCURVE('',#5980,#5985);
#5980 = CYLINDRICAL_SURFACE('',#5981,1.25);
#5981 = AXIS2_PLACEMENT_3D('',#5982,#5983,#5984);
#5982 = CARTESIAN_POINT('',(380.05,170.,110.));
#5983 = DIRECTION('',(1.,-0.,-0.));
#5984 = DIRECTION('',(0.,1.,0.));
#5985 = DEFINITIONAL_REPRESENTATION('',(#5986),#5990);
#5986 = LINE('',#5987,#5988);
#5987 = CARTESIAN_POINT('',(-6.28318530718,-5.000000000001E-02));
#5988 = VECTOR('',#5989,1.);
#5989 = DIRECTION('',(1.,-0.));
#5990 = ( GEOMETRIC_REPRESENTATION_CONTEXT(2) 
PARAMETRIC_REPRESENTATION_CONTEXT() REPRESENTATION_CONTEXT('2D SPACE',''
  ) );
#5991 = FACE_BOUND('',#5992,.T.);
#5992 = EDGE_LOOP('',(#5993));
#5993 = ORIENTED_EDGE('',*,*,#5994,.F.);
#5994 = EDGE_CURVE('',#5995,#5995,#5997,.T.);
#5995 = VERTEX_POINT('',#5996);
#5996 = CARTESIAN_POINT('',(380.,266.25,110.));
#5997 = SURFACE_CURVE('',#5998,(#6003,#6010),.PCURVE_S1.);
#5998 = CIRCLE('',#5999,1.25);
#5999 = AXIS2_PLACEMENT_3D('',#6000,#6001,#6002);
#6000 = CARTESIAN_POINT('',(380.,265.,110.));
#6001 = DIRECTION('',(1.,0.,-0.));
#6002 = DIRECTION('',(0.,1.,0.));
#6003 = PCURVE('',#5687,#6004);
#6004 = DEFINITIONAL_REPRESENTATION('',(#6005),#6009);
#6005 = CIRCLE('',#6006,1.25);
#6006 = AXIS2_PLACEMENT_2D('',#6007,#6008);
#6007 = CARTESIAN_POINT('',(20.,265.));
#6008 = DIRECTION('',(0.,1.));
#6009 = ( GEOMETRIC_REPRESENTATION_CONTEXT(2) 
PARAMETRIC_REPRESENTATION_CONTEXT() REPRESENTATION_CONTEXT('2D SPACE',''
  ) );
#6010 = PCURVE('',#6011,#6016);
#6011 = CYLINDRICAL_SURFACE('',#6012,1.25);
#6012 = AXIS2_PLACEMENT_3D('',#6013,#6014,#6015);
#6013 = CARTESIAN_POINT('',(380.05,265.,110.));
#6014 = DIRECTION('',(1.,-0.,-0.));
#6015 = DIRECTION('',(0.,1.,0.));
#6016 = DEFINITIONAL_REPRESENTATION('',(#6017),#6021);
#6017 = LINE('',#6018,#6019);
#6018 = CARTESIAN_POINT('',(-6.28318530718,-5.000000000001E-02));
#6019 = VECTOR('',#6020,1.);
#6020 = DIRECTION('',(1.,-0.));
#6021 = ( GEOMETRIC_REPRESENTATION_CONTEXT(2) 
PARAMETRIC_REPRESENTATION_CONTEXT() REPRESENTATION_CONTEXT('2D SPACE',''
  ) );
#6022 = ADVANCED_FACE('',(#6023,#6049,#6084,#6119,#6154),#5659,.F.);
#6023 = FACE_BOUND('',#6024,.F.);
#6024 = EDGE_LOOP('',(#6025,#6026,#6027,#6048));
#6025 = ORIENTED_EDGE('',*,*,#5643,.F.);
#6026 = ORIENTED_EDGE('',*,*,#5728,.T.);
#6027 = ORIENTED_EDGE('',*,*,#6028,.T.);
#6028 = EDGE_CURVE('',#5729,#5854,#6029,.T.);
#6029 = SURFACE_CURVE('',#6030,(#6034,#6041),.PCURVE_S1.);
#6030 = LINE('',#6031,#6032);
#6031 = CARTESIAN_POINT('',(340.,290.,130.));
#6032 = VECTOR('',#6033,1.);
#6033 = DIRECTION('',(1.,0.,0.));
#6034 = PCURVE('',#5659,#6035);
#6035 = DEFINITIONAL_REPRESENTATION('',(#6036),#6040);
#6036 = LINE('',#6037,#6038);
#6037 = CARTESIAN_POINT('',(290.,0.));
#6038 = VECTOR('',#6039,1.);
#6039 = DIRECTION('',(0.,1.));
#6040 = ( GEOMETRIC_REPRESENTATION_CONTEXT(2) 
PARAMETRIC_REPRESENTATION_CONTEXT() REPRESENTATION_CONTEXT('2D SPACE',''
  ) );
#6041 = PCURVE('',#5789,#6042);
#6042 = DEFINITIONAL_REPRESENTATION('',(#6043),#6047);
#6043 = LINE('',#6044,#6045);
#6044 = CARTESIAN_POINT('',(0.,0.));
#6045 = VECTOR('',#6046,1.);
#6046 = DIRECTION('',(0.,-1.));
#6047 = ( GEOMETRIC_REPRESENTATION_CONTEXT(2) 
PARAMETRIC_REPRESENTATION_CONTEXT() REPRESENTATION_CONTEXT('2D SPACE',''
  ) );
#6048 = ORIENTED_EDGE('',*,*,#5853,.F.);
#6049 = FACE_BOUND('',#6050,.F.);
#6050 = EDGE_LOOP('',(#6051));
#6051 = ORIENTED_EDGE('',*,*,#6052,.T.);
#6052 = EDGE_CURVE('',#6053,#6053,#6055,.T.);
#6053 = VERTEX_POINT('',#6054);
#6054 = CARTESIAN_POINT('',(361.5,28.,130.));
#6055 = SURFACE_CURVE('',#6056,(#6061,#6072),.PCURVE_S1.);
#6056 = CIRCLE('',#6057,1.5);
#6057 = AXIS2_PLACEMENT_3D('',#6058,#6059,#6060);
#6058 = CARTESIAN_POINT('',(360.,28.,130.));
#6059 = DIRECTION('',(0.,-0.,1.));
#6060 = DIRECTION('',(1.,0.,0.));
#6061 = PCURVE('',#5659,#6062);
#6062 = DEFINITIONAL_REPRESENTATION('',(#6063),#6071);
#6063 = ( BOUNDED_CURVE() B_SPLINE_CURVE(2,(#6064,#6065,#6066,#6067,
#6068,#6069,#6070),.UNSPECIFIED.,.T.,.F.) B_SPLINE_CURVE_WITH_KNOTS((1,2
    ,2,2,2,1),(-2.094395102393,0.,2.094395102393,4.188790204786,
6.28318530718,8.377580409573),.UNSPECIFIED.) CURVE() 
GEOMETRIC_REPRESENTATION_ITEM() RATIONAL_B_SPLINE_CURVE((1.,0.5,1.,0.5,
1.,0.5,1.)) REPRESENTATION_ITEM('') );
#6064 = CARTESIAN_POINT('',(28.,21.5));
#6065 = CARTESIAN_POINT('',(30.598076211353,21.5));
#6066 = CARTESIAN_POINT('',(29.299038105677,19.25));
#6067 = CARTESIAN_POINT('',(28.,17.));
#6068 = CARTESIAN_POINT('',(26.700961894323,19.25));
#6069 = CARTESIAN_POINT('',(25.401923788647,21.5));
#6070 = CARTESIAN_POINT('',(28.,21.5));
#6071 = ( GEOMETRIC_REPRESENTATION_CONTEXT(2) 
PARAMETRIC_REPRESENTATION_CONTEXT() REPRESENTATION_CONTEXT('2D SPACE',''
  ) );
#6072 = PCURVE('',#6073,#6078);
#6073 = CYLINDRICAL_SURFACE('',#6074,1.5);
#6074 = AXIS2_PLACEMENT_3D('',#6075,#6076,#6077);
#6075 = CARTESIAN_POINT('',(360.,28.,130.05));
#6076 = DIRECTION('',(-0.,-0.,1.));
#6077 = DIRECTION('',(1.,0.,0.));
#6078 = DEFINITIONAL_REPRESENTATION('',(#6079),#6083);
#6079 = LINE('',#6080,#6081);
#6080 = CARTESIAN_POINT('',(-6.28318530718,-5.000000000001E-02));
#6081 = VECTOR('',#6082,1.);
#6082 = DIRECTION('',(1.,-0.));
#6083 = ( GEOMETRIC_REPRESENTATION_CONTEXT(2) 
PARAMETRIC_REPRESENTATION_CONTEXT() REPRESENTATION_CONTEXT('2D SPACE',''
  ) );
#6084 = FACE_BOUND('',#6085,.F.);
#6085 = EDGE_LOOP('',(#6086));
#6086 = ORIENTED_EDGE('',*,*,#6087,.T.);
#6087 = EDGE_CURVE('',#6088,#6088,#6090,.T.);
#6088 = VERTEX_POINT('',#6089);
#6089 = CARTESIAN_POINT('',(361.5,117.,130.));
#6090 = SURFACE_CURVE('',#6091,(#6096,#6107),.PCURVE_S1.);
#6091 = CIRCLE('',#6092,1.5);
#6092 = AXIS2_PLACEMENT_3D('',#6093,#6094,#6095);
#6093 = CARTESIAN_POINT('',(360.,117.,130.));
#6094 = DIRECTION('',(0.,-0.,1.));
#6095 = DIRECTION('',(1.,0.,0.));
#6096 = PCURVE('',#5659,#6097);
#6097 = DEFINITIONAL_REPRESENTATION('',(#6098),#6106);
#6098 = ( BOUNDED_CURVE() B_SPLINE_CURVE(2,(#6099,#6100,#6101,#6102,
#6103,#6104,#6105),.UNSPECIFIED.,.T.,.F.) B_SPLINE_CURVE_WITH_KNOTS((1,2
    ,2,2,2,1),(-2.094395102393,0.,2.094395102393,4.188790204786,
6.28318530718,8.377580409573),.UNSPECIFIED.) CURVE() 
GEOMETRIC_REPRESENTATION_ITEM() RATIONAL_B_SPLINE_CURVE((1.,0.5,1.,0.5,
1.,0.5,1.)) REPRESENTATION_ITEM('') );
#6099 = CARTESIAN_POINT('',(117.,21.5));
#6100 = CARTESIAN_POINT('',(119.59807621135,21.5));
#6101 = CARTESIAN_POINT('',(118.29903810567,19.25));
#6102 = CARTESIAN_POINT('',(117.,17.));
#6103 = CARTESIAN_POINT('',(115.70096189432,19.25));
#6104 = CARTESIAN_POINT('',(114.40192378864,21.5));
#6105 = CARTESIAN_POINT('',(117.,21.5));
#6106 = ( GEOMETRIC_REPRESENTATION_CONTEXT(2) 
PARAMETRIC_REPRESENTATION_CONTEXT() REPRESENTATION_CONTEXT('2D SPACE',''
  ) );
#6107 = PCURVE('',#6108,#6113);
#6108 = CYLINDRICAL_SURFACE('',#6109,1.5);
#6109 = AXIS2_PLACEMENT_3D('',#6110,#6111,#6112);
#6110 = CARTESIAN_POINT('',(360.,117.,130.05));
#6111 = DIRECTION('',(-0.,-0.,1.));
#6112 = DIRECTION('',(1.,0.,0.));
#6113 = DEFINITIONAL_REPRESENTATION('',(#6114),#6118);
#6114 = LINE('',#6115,#6116);
#6115 = CARTESIAN_POINT('',(-6.28318530718,-5.000000000001E-02));
#6116 = VECTOR('',#6117,1.);
#6117 = DIRECTION('',(1.,-0.));
#6118 = ( GEOMETRIC_REPRESENTATION_CONTEXT(2) 
PARAMETRIC_REPRESENTATION_CONTEXT() REPRESENTATION_CONTEXT('2D SPACE',''
  ) );
#6119 = FACE_BOUND('',#6120,.F.);
#6120 = EDGE_LOOP('',(#6121));
#6121 = ORIENTED_EDGE('',*,*,#6122,.T.);
#6122 = EDGE_CURVE('',#6123,#6123,#6125,.T.);
#6123 = VERTEX_POINT('',#6124);
#6124 = CARTESIAN_POINT('',(361.5,173.,130.));
#6125 = SURFACE_CURVE('',#6126,(#6131,#6142),.PCURVE_S1.);
#6126 = CIRCLE('',#6127,1.5);
#6127 = AXIS2_PLACEMENT_3D('',#6128,#6129,#6130);
#6128 = CARTESIAN_POINT('',(360.,173.,130.));
#6129 = DIRECTION('',(0.,-0.,1.));
#6130 = DIRECTION('',(1.,0.,0.));
#6131 = PCURVE('',#5659,#6132);
#6132 = DEFINITIONAL_REPRESENTATION('',(#6133),#6141);
#6133 = ( BOUNDED_CURVE() B_SPLINE_CURVE(2,(#6134,#6135,#6136,#6137,
#6138,#6139,#6140),.UNSPECIFIED.,.T.,.F.) B_SPLINE_CURVE_WITH_KNOTS((1,2
    ,2,2,2,1),(-2.094395102393,0.,2.094395102393,4.188790204786,
6.28318530718,8.377580409573),.UNSPECIFIED.) CURVE() 
GEOMETRIC_REPRESENTATION_ITEM() RATIONAL_B_SPLINE_CURVE((1.,0.5,1.,0.5,
1.,0.5,1.)) REPRESENTATION_ITEM('') );
#6134 = CARTESIAN_POINT('',(173.,21.5));
#6135 = CARTESIAN_POINT('',(175.59807621135,21.5));
#6136 = CARTESIAN_POINT('',(174.29903810567,19.25));
#6137 = CARTESIAN_POINT('',(173.,17.));
#6138 = CARTESIAN_POINT('',(171.70096189432,19.25));
#6139 = CARTESIAN_POINT('',(170.40192378864,21.5));
#6140 = CARTESIAN_POINT('',(173.,21.5));
#6141 = ( GEOMETRIC_REPRESENTATION_CONTEXT(2) 
PARAMETRIC_REPRESENTATION_CONTEXT() REPRESENTATION_CONTEXT('2D SPACE',''
  ) );
#6142 = PCURVE('',#6143,#6148);
#6143 = CYLINDRICAL_SURFACE('',#6144,1.5);
#6144 = AXIS2_PLACEMENT_3D('',#6145,#6146,#6147);
#6145 = CARTESIAN_POINT('',(360.,173.,130.05));
#6146 = DIRECTION('',(-0.,-0.,1.));
#6147 = DIRECTION('',(1.,0.,0.));
#6148 = DEFINITIONAL_REPRESENTATION('',(#6149),#6153);
#6149 = LINE('',#6150,#6151);
#6150 = CARTESIAN_POINT('',(-6.28318530718,-5.000000000001E-02));
#6151 = VECTOR('',#6152,1.);
#6152 = DIRECTION('',(1.,-0.));
#6153 = ( GEOMETRIC_REPRESENTATION_CONTEXT(2) 
PARAMETRIC_REPRESENTATION_CONTEXT() REPRESENTATION_CONTEXT('2D SPACE',''
  ) );
#6154 = FACE_BOUND('',#6155,.F.);
#6155 = EDGE_LOOP('',(#6156));
#6156 = ORIENTED_EDGE('',*,*,#6157,.T.);
#6157 = EDGE_CURVE('',#6158,#6158,#6160,.T.);
#6158 = VERTEX_POINT('',#6159);
#6159 = CARTESIAN_POINT('',(361.5,262.,130.));
#6160 = SURFACE_CURVE('',#6161,(#6166,#6177),.PCURVE_S1.);
#6161 = CIRCLE('',#6162,1.5);
#6162 = AXIS2_PLACEMENT_3D('',#6163,#6164,#6165);
#6163 = CARTESIAN_POINT('',(360.,262.,130.));
#6164 = DIRECTION('',(0.,-0.,1.));
#6165 = DIRECTION('',(1.,0.,0.));
#6166 = PCURVE('',#5659,#6167);
#6167 = DEFINITIONAL_REPRESENTATION('',(#6168),#6176);
#6168 = ( BOUNDED_CURVE() B_SPLINE_CURVE(2,(#6169,#6170,#6171,#6172,
#6173,#6174,#6175),.UNSPECIFIED.,.T.,.F.) B_SPLINE_CURVE_WITH_KNOTS((1,2
    ,2,2,2,1),(-2.094395102393,0.,2.094395102393,4.188790204786,
6.28318530718,8.377580409573),.UNSPECIFIED.) CURVE() 
GEOMETRIC_REPRESENTATION_ITEM() RATIONAL_B_SPLINE_CURVE((1.,0.5,1.,0.5,
1.,0.5,1.)) REPRESENTATION_ITEM('') );
#6169 = CARTESIAN_POINT('',(262.,21.5));
#6170 = CARTESIAN_POINT('',(264.59807621135,21.5));
#6171 = CARTESIAN_POINT('',(263.29903810567,19.25));
#6172 = CARTESIAN_POINT('',(262.,17.));
#6173 = CARTESIAN_POINT('',(260.70096189432,19.25));
#6174 = CARTESIAN_POINT('',(259.40192378864,21.5));
#6175 = CARTESIAN_POINT('',(262.,21.5));
#6176 = ( GEOMETRIC_REPRESENTATION_CONTEXT(2) 
PARAMETRIC_REPRESENTATION_CONTEXT() REPRESENTATION_CONTEXT('2D SPACE',''
  ) );
#6177 = PCURVE('',#6178,#6183);
#6178 = CYLINDRICAL_SURFACE('',#6179,1.5);
#6179 = AXIS2_PLACEMENT_3D('',#6180,#6181,#6182);
#6180 = CARTESIAN_POINT('',(360.,262.,130.05));
#6181 = DIRECTION('',(-0.,-0.,1.));
#6182 = DIRECTION('',(1.,0.,0.));
#6183 = DEFINITIONAL_REPRESENTATION('',(#6184),#6188);
#6184 = LINE('',#6185,#6186);
#6185 = CARTESIAN_POINT('',(-6.28318530718,-5.000000000001E-02));
#6186 = VECTOR('',#6187,1.);
#6187 = DIRECTION('',(1.,-0.));
#6188 = ( GEOMETRIC_REPRESENTATION_CONTEXT(2) 
PARAMETRIC_REPRESENTATION_CONTEXT() REPRESENTATION_CONTEXT('2D SPACE',''
  ) );
#6189 = ADVANCED_FACE('',(#6190),#5789,.T.);
#6190 = FACE_BOUND('',#6191,.T.);
#6191 = EDGE_LOOP('',(#6192,#6193,#6194,#6195));
#6192 = ORIENTED_EDGE('',*,*,#5775,.F.);
#6193 = ORIENTED_EDGE('',*,*,#6028,.T.);
#6194 = ORIENTED_EDGE('',*,*,#5878,.T.);
#6195 = ORIENTED_EDGE('',*,*,#5806,.F.);
#6196 = ADVANCED_FACE('',(#6197),#5918,.F.);
#6197 = FACE_BOUND('',#6198,.T.);
#6198 = EDGE_LOOP('',(#6199,#6200,#6223,#6250));
#6199 = ORIENTED_EDGE('',*,*,#5901,.T.);
#6200 = ORIENTED_EDGE('',*,*,#6201,.T.);
#6201 = EDGE_CURVE('',#5902,#6202,#6204,.T.);
#6202 = VERTEX_POINT('',#6203);
#6203 = CARTESIAN_POINT('',(348.95,26.25,110.));
#6204 = SEAM_CURVE('',#6205,(#6209,#6216),.PCURVE_S1.);
#6205 = LINE('',#6206,#6207);
#6206 = CARTESIAN_POINT('',(380.05,26.25,110.));
#6207 = VECTOR('',#6208,1.);
#6208 = DIRECTION('',(-1.,0.,0.));
#6209 = PCURVE('',#5918,#6210);
#6210 = DEFINITIONAL_REPRESENTATION('',(#6211),#6215);
#6211 = LINE('',#6212,#6213);
#6212 = CARTESIAN_POINT('',(-6.28318530718,0.));
#6213 = VECTOR('',#6214,1.);
#6214 = DIRECTION('',(-0.,-1.));
#6215 = ( GEOMETRIC_REPRESENTATION_CONTEXT(2) 
PARAMETRIC_REPRESENTATION_CONTEXT() REPRESENTATION_CONTEXT('2D SPACE',''
  ) );
#6216 = PCURVE('',#5918,#6217);
#6217 = DEFINITIONAL_REPRESENTATION('',(#6218),#6222);
#6218 = LINE('',#6219,#6220);
#6219 = CARTESIAN_POINT('',(-0.,0.));
#6220 = VECTOR('',#6221,1.);
#6221 = DIRECTION('',(-0.,-1.));
#6222 = ( GEOMETRIC_REPRESENTATION_CONTEXT(2) 
PARAMETRIC_REPRESENTATION_CONTEXT() REPRESENTATION_CONTEXT('2D SPACE',''
  ) );
#6223 = ORIENTED_EDGE('',*,*,#6224,.T.);
#6224 = EDGE_CURVE('',#6202,#6202,#6225,.T.);
#6225 = SURFACE_CURVE('',#6226,(#6231,#6238),.PCURVE_S1.);
#6226 = CIRCLE('',#6227,1.25);
#6227 = AXIS2_PLACEMENT_3D('',#6228,#6229,#6230);
#6228 = CARTESIAN_POINT('',(348.95,25.,110.));
#6229 = DIRECTION('',(-1.,0.,0.));
#6230 = DIRECTION('',(0.,1.,0.));
#6231 = PCURVE('',#5918,#6232);
#6232 = DEFINITIONAL_REPRESENTATION('',(#6233),#6237);
#6233 = LINE('',#6234,#6235);
#6234 = CARTESIAN_POINT('',(-0.,-31.1));
#6235 = VECTOR('',#6236,1.);
#6236 = DIRECTION('',(-1.,0.));
#6237 = ( GEOMETRIC_REPRESENTATION_CONTEXT(2) 
PARAMETRIC_REPRESENTATION_CONTEXT() REPRESENTATION_CONTEXT('2D SPACE',''
  ) );
#6238 = PCURVE('',#6239,#6244);
#6239 = PLANE('',#6240);
#6240 = AXIS2_PLACEMENT_3D('',#6241,#6242,#6243);
#6241 = CARTESIAN_POINT('',(348.95,25.,110.));
#6242 = DIRECTION('',(-1.,-0.,-0.));
#6243 = DIRECTION('',(0.,0.,-1.));
#6244 = DEFINITIONAL_REPRESENTATION('',(#6245),#6249);
#6245 = CIRCLE('',#6246,1.25);
#6246 = AXIS2_PLACEMENT_2D('',#6247,#6248);
#6247 = CARTESIAN_POINT('',(0.,3.552713678801E-15));
#6248 = DIRECTION('',(0.,-1.));
#6249 = ( GEOMETRIC_REPRESENTATION_CONTEXT(2) 
PARAMETRIC_REPRESENTATION_CONTEXT() REPRESENTATION_CONTEXT('2D SPACE',''
  ) );
#6250 = ORIENTED_EDGE('',*,*,#6201,.F.);
#6251 = ADVANCED_FACE('',(#6252),#5949,.F.);
#6252 = FACE_BOUND('',#6253,.T.);
#6253 = EDGE_LOOP('',(#6254,#6255,#6278,#6305));
#6254 = ORIENTED_EDGE('',*,*,#5932,.T.);
#6255 = ORIENTED_EDGE('',*,*,#6256,.T.);
#6256 = EDGE_CURVE('',#5933,#6257,#6259,.T.);
#6257 = VERTEX_POINT('',#6258);
#6258 = CARTESIAN_POINT('',(348.95,121.25,110.));
#6259 = SEAM_CURVE('',#6260,(#6264,#6271),.PCURVE_S1.);
#6260 = LINE('',#6261,#6262);
#6261 = CARTESIAN_POINT('',(380.05,121.25,110.));
#6262 = VECTOR('',#6263,1.);
#6263 = DIRECTION('',(-1.,0.,0.));
#6264 = PCURVE('',#5949,#6265);
#6265 = DEFINITIONAL_REPRESENTATION('',(#6266),#6270);
#6266 = LINE('',#6267,#6268);
#6267 = CARTESIAN_POINT('',(-6.28318530718,0.));
#6268 = VECTOR('',#6269,1.);
#6269 = DIRECTION('',(-0.,-1.));
#6270 = ( GEOMETRIC_REPRESENTATION_CONTEXT(2) 
PARAMETRIC_REPRESENTATION_CONTEXT() REPRESENTATION_CONTEXT('2D SPACE',''
  ) );
#6271 = PCURVE('',#5949,#6272);
#6272 = DEFINITIONAL_REPRESENTATION('',(#6273),#6277);
#6273 = LINE('',#6274,#6275);
#6274 = CARTESIAN_POINT('',(-0.,0.));
#6275 = VECTOR('',#6276,1.);
#6276 = DIRECTION('',(-0.,-1.));
#6277 = ( GEOMETRIC_REPRESENTATION_CONTEXT(2) 
PARAMETRIC_REPRESENTATION_CONTEXT() REPRESENTATION_CONTEXT('2D SPACE',''
  ) );
#6278 = ORIENTED_EDGE('',*,*,#6279,.T.);
#6279 = EDGE_CURVE('',#6257,#6257,#6280,.T.);
#6280 = SURFACE_CURVE('',#6281,(#6286,#6293),.PCURVE_S1.);
#6281 = CIRCLE('',#6282,1.25);
#6282 = AXIS2_PLACEMENT_3D('',#6283,#6284,#6285);
#6283 = CARTESIAN_POINT('',(348.95,120.,110.));
#6284 = DIRECTION('',(-1.,0.,0.));
#6285 = DIRECTION('',(0.,1.,0.));
#6286 = PCURVE('',#5949,#6287);
#6287 = DEFINITIONAL_REPRESENTATION('',(#6288),#6292);
#6288 = LINE('',#6289,#6290);
#6289 = CARTESIAN_POINT('',(-0.,-31.1));
#6290 = VECTOR('',#6291,1.);
#6291 = DIRECTION('',(-1.,0.));
#6292 = ( GEOMETRIC_REPRESENTATION_CONTEXT(2) 
PARAMETRIC_REPRESENTATION_CONTEXT() REPRESENTATION_CONTEXT('2D SPACE',''
  ) );
#6293 = PCURVE('',#6294,#6299);
#6294 = PLANE('',#6295);
#6295 = AXIS2_PLACEMENT_3D('',#6296,#6297,#6298);
#6296 = CARTESIAN_POINT('',(348.95,120.,110.));
#6297 = DIRECTION('',(-1.,-0.,-0.));
#6298 = DIRECTION('',(0.,0.,-1.));
#6299 = DEFINITIONAL_REPRESENTATION('',(#6300),#6304);
#6300 = CIRCLE('',#6301,1.25);
#6301 = AXIS2_PLACEMENT_2D('',#6302,#6303);
#6302 = CARTESIAN_POINT('',(0.,1.42108547152E-14));
#6303 = DIRECTION('',(0.,-1.));
#6304 = ( GEOMETRIC_REPRESENTATION_CONTEXT(2) 
PARAMETRIC_REPRESENTATION_CONTEXT() REPRESENTATION_CONTEXT('2D SPACE',''
  ) );
#6305 = ORIENTED_EDGE('',*,*,#6256,.F.);
#6306 = ADVANCED_FACE('',(#6307),#5980,.F.);
#6307 = FACE_BOUND('',#6308,.T.);
#6308 = EDGE_LOOP('',(#6309,#6310,#6333,#6360));
#6309 = ORIENTED_EDGE('',*,*,#5963,.T.);
#6310 = ORIENTED_EDGE('',*,*,#6311,.T.);
#6311 = EDGE_CURVE('',#5964,#6312,#6314,.T.);
#6312 = VERTEX_POINT('',#6313);
#6313 = CARTESIAN_POINT('',(348.95,171.25,110.));
#6314 = SEAM_CURVE('',#6315,(#6319,#6326),.PCURVE_S1.);
#6315 = LINE('',#6316,#6317);
#6316 = CARTESIAN_POINT('',(380.05,171.25,110.));
#6317 = VECTOR('',#6318,1.);
#6318 = DIRECTION('',(-1.,0.,0.));
#6319 = PCURVE('',#5980,#6320);
#6320 = DEFINITIONAL_REPRESENTATION('',(#6321),#6325);
#6321 = LINE('',#6322,#6323);
#6322 = CARTESIAN_POINT('',(-6.28318530718,0.));
#6323 = VECTOR('',#6324,1.);
#6324 = DIRECTION('',(-0.,-1.));
#6325 = ( GEOMETRIC_REPRESENTATION_CONTEXT(2) 
PARAMETRIC_REPRESENTATION_CONTEXT() REPRESENTATION_CONTEXT('2D SPACE',''
  ) );
#6326 = PCURVE('',#5980,#6327);
#6327 = DEFINITIONAL_REPRESENTATION('',(#6328),#6332);
#6328 = LINE('',#6329,#6330);
#6329 = CARTESIAN_POINT('',(-0.,0.));
#6330 = VECTOR('',#6331,1.);
#6331 = DIRECTION('',(-0.,-1.));
#6332 = ( GEOMETRIC_REPRESENTATION_CONTEXT(2) 
PARAMETRIC_REPRESENTATION_CONTEXT() REPRESENTATION_CONTEXT('2D SPACE',''
  ) );
#6333 = ORIENTED_EDGE('',*,*,#6334,.T.);
#6334 = EDGE_CURVE('',#6312,#6312,#6335,.T.);
#6335 = SURFACE_CURVE('',#6336,(#6341,#6348),.PCURVE_S1.);
#6336 = CIRCLE('',#6337,1.25);
#6337 = AXIS2_PLACEMENT_3D('',#6338,#6339,#6340);
#6338 = CARTESIAN_POINT('',(348.95,170.,110.));
#6339 = DIRECTION('',(-1.,0.,0.));
#6340 = DIRECTION('',(0.,1.,0.));
#6341 = PCURVE('',#5980,#6342);
#6342 = DEFINITIONAL_REPRESENTATION('',(#6343),#6347);
#6343 = LINE('',#6344,#6345);
#6344 = CARTESIAN_POINT('',(-0.,-31.1));
#6345 = VECTOR('',#6346,1.);
#6346 = DIRECTION('',(-1.,0.));
#6347 = ( GEOMETRIC_REPRESENTATION_CONTEXT(2) 
PARAMETRIC_REPRESENTATION_CONTEXT() REPRESENTATION_CONTEXT('2D SPACE',''
  ) );
#6348 = PCURVE('',#6349,#6354);
#6349 = PLANE('',#6350);
#6350 = AXIS2_PLACEMENT_3D('',#6351,#6352,#6353);
#6351 = CARTESIAN_POINT('',(348.95,170.,110.));
#6352 = DIRECTION('',(-1.,-0.,-0.));
#6353 = DIRECTION('',(0.,0.,-1.));
#6354 = DEFINITIONAL_REPRESENTATION('',(#6355),#6359);
#6355 = CIRCLE('',#6356,1.25);
#6356 = AXIS2_PLACEMENT_2D('',#6357,#6358);
#6357 = CARTESIAN_POINT('',(0.,0.));
#6358 = DIRECTION('',(0.,-1.));
#6359 = ( GEOMETRIC_REPRESENTATION_CONTEXT(2) 
PARAMETRIC_REPRESENTATION_CONTEXT() REPRESENTATION_CONTEXT('2D SPACE',''
  ) );
#6360 = ORIENTED_EDGE('',*,*,#6311,.F.);
#6361 = ADVANCED_FACE('',(#6362),#6011,.F.);
#6362 = FACE_BOUND('',#6363,.T.);
#6363 = EDGE_LOOP('',(#6364,#6365,#6388,#6415));
#6364 = ORIENTED_EDGE('',*,*,#5994,.T.);
#6365 = ORIENTED_EDGE('',*,*,#6366,.T.);
#6366 = EDGE_CURVE('',#5995,#6367,#6369,.T.);
#6367 = VERTEX_POINT('',#6368);
#6368 = CARTESIAN_POINT('',(348.95,266.25,110.));
#6369 = SEAM_CURVE('',#6370,(#6374,#6381),.PCURVE_S1.);
#6370 = LINE('',#6371,#6372);
#6371 = CARTESIAN_POINT('',(380.05,266.25,110.));
#6372 = VECTOR('',#6373,1.);
#6373 = DIRECTION('',(-1.,0.,0.));
#6374 = PCURVE('',#6011,#6375);
#6375 = DEFINITIONAL_REPRESENTATION('',(#6376),#6380);
#6376 = LINE('',#6377,#6378);
#6377 = CARTESIAN_POINT('',(-6.28318530718,0.));
#6378 = VECTOR('',#6379,1.);
#6379 = DIRECTION('',(-0.,-1.));
#6380 = ( GEOMETRIC_REPRESENTATION_CONTEXT(2) 
PARAMETRIC_REPRESENTATION_CONTEXT() REPRESENTATION_CONTEXT('2D SPACE',''
  ) );
#6381 = PCURVE('',#6011,#6382);
#6382 = DEFINITIONAL_REPRESENTATION('',(#6383),#6387);
#6383 = LINE('',#6384,#6385);
#6384 = CARTESIAN_POINT('',(-0.,0.));
#6385 = VECTOR('',#6386,1.);
#6386 = DIRECTION('',(-0.,-1.));
#6387 = ( GEOMETRIC_REPRESENTATION_CONTEXT(2) 
PARAMETRIC_REPRESENTATION_CONTEXT() REPRESENTATION_CONTEXT('2D SPACE',''
  ) );
#6388 = ORIENTED_EDGE('',*,*,#6389,.T.);
#6389 = EDGE_CURVE('',#6367,#6367,#6390,.T.);
#6390 = SURFACE_CURVE('',#6391,(#6396,#6403),.PCURVE_S1.);
#6391 = CIRCLE('',#6392,1.25);
#6392 = AXIS2_PLACEMENT_3D('',#6393,#6394,#6395);
#6393 = CARTESIAN_POINT('',(348.95,265.,110.));
#6394 = DIRECTION('',(-1.,0.,0.));
#6395 = DIRECTION('',(0.,1.,0.));
#6396 = PCURVE('',#6011,#6397);
#6397 = DEFINITIONAL_REPRESENTATION('',(#6398),#6402);
#6398 = LINE('',#6399,#6400);
#6399 = CARTESIAN_POINT('',(-0.,-31.1));
#6400 = VECTOR('',#6401,1.);
#6401 = DIRECTION('',(-1.,0.));
#6402 = ( GEOMETRIC_REPRESENTATION_CONTEXT(2) 
PARAMETRIC_REPRESENTATION_CONTEXT() REPRESENTATION_CONTEXT('2D SPACE',''
  ) );
#6403 = PCURVE('',#6404,#6409);
#6404 = PLANE('',#6405);
#6405 = AXIS2_PLACEMENT_3D('',#6406,#6407,#6408);
#6406 = CARTESIAN_POINT('',(348.95,265.,110.));
#6407 = DIRECTION('',(-1.,-0.,-0.));
#6408 = DIRECTION('',(0.,0.,-1.));
#6409 = DEFINITIONAL_REPRESENTATION('',(#6410),#6414);
#6410 = CIRCLE('',#6411,1.25);
#6411 = AXIS2_PLACEMENT_2D('',#6412,#6413);
#6412 = CARTESIAN_POINT('',(0.,0.));
#6413 = DIRECTION('',(0.,-1.));
#6414 = ( GEOMETRIC_REPRESENTATION_CONTEXT(2) 
PARAMETRIC_REPRESENTATION_CONTEXT() REPRESENTATION_CONTEXT('2D SPACE',''
  ) );
#6415 = ORIENTED_EDGE('',*,*,#6366,.F.);
#6416 = ADVANCED_FACE('',(#6417),#6073,.F.);
#6417 = FACE_BOUND('',#6418,.T.);
#6418 = EDGE_LOOP('',(#6419,#6420,#6443,#6470));
#6419 = ORIENTED_EDGE('',*,*,#6052,.T.);
#6420 = ORIENTED_EDGE('',*,*,#6421,.T.);
#6421 = EDGE_CURVE('',#6053,#6422,#6424,.T.);
#6422 = VERTEX_POINT('',#6423);
#6423 = CARTESIAN_POINT('',(361.5,28.,109.95));
#6424 = SEAM_CURVE('',#6425,(#6429,#6436),.PCURVE_S1.);
#6425 = LINE('',#6426,#6427);
#6426 = CARTESIAN_POINT('',(361.5,28.,130.05));
#6427 = VECTOR('',#6428,1.);
#6428 = DIRECTION('',(0.,0.,-1.));
#6429 = PCURVE('',#6073,#6430);
#6430 = DEFINITIONAL_REPRESENTATION('',(#6431),#6435);
#6431 = LINE('',#6432,#6433);
#6432 = CARTESIAN_POINT('',(-6.28318530718,0.));
#6433 = VECTOR('',#6434,1.);
#6434 = DIRECTION('',(-0.,-1.));
#6435 = ( GEOMETRIC_REPRESENTATION_CONTEXT(2) 
PARAMETRIC_REPRESENTATION_CONTEXT() REPRESENTATION_CONTEXT('2D SPACE',''
  ) );
#6436 = PCURVE('',#6073,#6437);
#6437 = DEFINITIONAL_REPRESENTATION('',(#6438),#6442);
#6438 = LINE('',#6439,#6440);
#6439 = CARTESIAN_POINT('',(-0.,0.));
#6440 = VECTOR('',#6441,1.);
#6441 = DIRECTION('',(-0.,-1.));
#6442 = ( GEOMETRIC_REPRESENTATION_CONTEXT(2) 
PARAMETRIC_REPRESENTATION_CONTEXT() REPRESENTATION_CONTEXT('2D SPACE',''
  ) );
#6443 = ORIENTED_EDGE('',*,*,#6444,.T.);
#6444 = EDGE_CURVE('',#6422,#6422,#6445,.T.);
#6445 = SURFACE_CURVE('',#6446,(#6451,#6458),.PCURVE_S1.);
#6446 = CIRCLE('',#6447,1.5);
#6447 = AXIS2_PLACEMENT_3D('',#6448,#6449,#6450);
#6448 = CARTESIAN_POINT('',(360.,28.,109.95));
#6449 = DIRECTION('',(0.,0.,-1.));
#6450 = DIRECTION('',(1.,0.,0.));
#6451 = PCURVE('',#6073,#6452);
#6452 = DEFINITIONAL_REPRESENTATION('',(#6453),#6457);
#6453 = LINE('',#6454,#6455);
#6454 = CARTESIAN_POINT('',(-0.,-20.1));
#6455 = VECTOR('',#6456,1.);
#6456 = DIRECTION('',(-1.,0.));
#6457 = ( GEOMETRIC_REPRESENTATION_CONTEXT(2) 
PARAMETRIC_REPRESENTATION_CONTEXT() REPRESENTATION_CONTEXT('2D SPACE',''
  ) );
#6458 = PCURVE('',#6459,#6464);
#6459 = PLANE('',#6460);
#6460 = AXIS2_PLACEMENT_3D('',#6461,#6462,#6463);
#6461 = CARTESIAN_POINT('',(360.,28.,109.95));
#6462 = DIRECTION('',(-0.,-0.,-1.));
#6463 = DIRECTION('',(-1.,0.,0.));
#6464 = DEFINITIONAL_REPRESENTATION('',(#6465),#6469);
#6465 = CIRCLE('',#6466,1.5);
#6466 = AXIS2_PLACEMENT_2D('',#6467,#6468);
#6467 = CARTESIAN_POINT('',(0.,0.));
#6468 = DIRECTION('',(-1.,0.));
#6469 = ( GEOMETRIC_REPRESENTATION_CONTEXT(2) 
PARAMETRIC_REPRESENTATION_CONTEXT() REPRESENTATION_CONTEXT('2D SPACE',''
  ) );
#6470 = ORIENTED_EDGE('',*,*,#6421,.F.);
#6471 = ADVANCED_FACE('',(#6472),#6108,.F.);
#6472 = FACE_BOUND('',#6473,.T.);
#6473 = EDGE_LOOP('',(#6474,#6475,#6498,#6525));
#6474 = ORIENTED_EDGE('',*,*,#6087,.T.);
#6475 = ORIENTED_EDGE('',*,*,#6476,.T.);
#6476 = EDGE_CURVE('',#6088,#6477,#6479,.T.);
#6477 = VERTEX_POINT('',#6478);
#6478 = CARTESIAN_POINT('',(361.5,117.,109.95));
#6479 = SEAM_CURVE('',#6480,(#6484,#6491),.PCURVE_S1.);
#6480 = LINE('',#6481,#6482);
#6481 = CARTESIAN_POINT('',(361.5,117.,130.05));
#6482 = VECTOR('',#6483,1.);
#6483 = DIRECTION('',(0.,0.,-1.));
#6484 = PCURVE('',#6108,#6485);
#6485 = DEFINITIONAL_REPRESENTATION('',(#6486),#6490);
#6486 = LINE('',#6487,#6488);
#6487 = CARTESIAN_POINT('',(-6.28318530718,0.));
#6488 = VECTOR('',#6489,1.);
#6489 = DIRECTION('',(-0.,-1.));
#6490 = ( GEOMETRIC_REPRESENTATION_CONTEXT(2) 
PARAMETRIC_REPRESENTATION_CONTEXT() REPRESENTATION_CONTEXT('2D SPACE',''
  ) );
#6491 = PCURVE('',#6108,#6492);
#6492 = DEFINITIONAL_REPRESENTATION('',(#6493),#6497);
#6493 = LINE('',#6494,#6495);
#6494 = CARTESIAN_POINT('',(-0.,0.));
#6495 = VECTOR('',#6496,1.);
#6496 = DIRECTION('',(-0.,-1.));
#6497 = ( GEOMETRIC_REPRESENTATION_CONTEXT(2) 
PARAMETRIC_REPRESENTATION_CONTEXT() REPRESENTATION_CONTEXT('2D SPACE',''
  ) );
#6498 = ORIENTED_EDGE('',*,*,#6499,.T.);
#6499 = EDGE_CURVE('',#6477,#6477,#6500,.T.);
#6500 = SURFACE_CURVE('',#6501,(#6506,#6513),.PCURVE_S1.);
#6501 = CIRCLE('',#6502,1.5);
#6502 = AXIS2_PLACEMENT_3D('',#6503,#6504,#6505);
#6503 = CARTESIAN_POINT('',(360.,117.,109.95));
#6504 = DIRECTION('',(0.,0.,-1.));
#6505 = DIRECTION('',(1.,0.,0.));
#6506 = PCURVE('',#6108,#6507);
#6507 = DEFINITIONAL_REPRESENTATION('',(#6508),#6512);
#6508 = LINE('',#6509,#6510);
#6509 = CARTESIAN_POINT('',(-0.,-20.1));
#6510 = VECTOR('',#6511,1.);
#6511 = DIRECTION('',(-1.,0.));
#6512 = ( GEOMETRIC_REPRESENTATION_CONTEXT(2) 
PARAMETRIC_REPRESENTATION_CONTEXT() REPRESENTATION_CONTEXT('2D SPACE',''
  ) );
#6513 = PCURVE('',#6514,#6519);
#6514 = PLANE('',#6515);
#6515 = AXIS2_PLACEMENT_3D('',#6516,#6517,#6518);
#6516 = CARTESIAN_POINT('',(360.,117.,109.95));
#6517 = DIRECTION('',(-0.,-0.,-1.));
#6518 = DIRECTION('',(-1.,0.,0.));
#6519 = DEFINITIONAL_REPRESENTATION('',(#6520),#6524);
#6520 = CIRCLE('',#6521,1.5);
#6521 = AXIS2_PLACEMENT_2D('',#6522,#6523);
#6522 = CARTESIAN_POINT('',(0.,1.42108547152E-14));
#6523 = DIRECTION('',(-1.,0.));
#6524 = ( GEOMETRIC_REPRESENTATION_CONTEXT(2) 
PARAMETRIC_REPRESENTATION_CONTEXT() REPRESENTATION_CONTEXT('2D SPACE',''
  ) );
#6525 = ORIENTED_EDGE('',*,*,#6476,.F.);
#6526 = ADVANCED_FACE('',(#6527),#6143,.F.);
#6527 = FACE_BOUND('',#6528,.T.);
#6528 = EDGE_LOOP('',(#6529,#6530,#6553,#6580));
#6529 = ORIENTED_EDGE('',*,*,#6122,.T.);
#6530 = ORIENTED_EDGE('',*,*,#6531,.T.);
#6531 = EDGE_CURVE('',#6123,#6532,#6534,.T.);
#6532 = VERTEX_POINT('',#6533);
#6533 = CARTESIAN_POINT('',(361.5,173.,109.95));
#6534 = SEAM_CURVE('',#6535,(#6539,#6546),.PCURVE_S1.);
#6535 = LINE('',#6536,#6537);
#6536 = CARTESIAN_POINT('',(361.5,173.,130.05));
#6537 = VECTOR('',#6538,1.);
#6538 = DIRECTION('',(0.,0.,-1.));
#6539 = PCURVE('',#6143,#6540);
#6540 = DEFINITIONAL_REPRESENTATION('',(#6541),#6545);
#6541 = LINE('',#6542,#6543);
#6542 = CARTESIAN_POINT('',(-6.28318530718,0.));
#6543 = VECTOR('',#6544,1.);
#6544 = DIRECTION('',(-0.,-1.));
#6545 = ( GEOMETRIC_REPRESENTATION_CONTEXT(2) 
PARAMETRIC_REPRESENTATION_CONTEXT() REPRESENTATION_CONTEXT('2D SPACE',''
  ) );
#6546 = PCURVE('',#6143,#6547);
#6547 = DEFINITIONAL_REPRESENTATION('',(#6548),#6552);
#6548 = LINE('',#6549,#6550);
#6549 = CARTESIAN_POINT('',(-0.,0.));
#6550 = VECTOR('',#6551,1.);
#6551 = DIRECTION('',(-0.,-1.));
#6552 = ( GEOMETRIC_REPRESENTATION_CONTEXT(2) 
PARAMETRIC_REPRESENTATION_CONTEXT() REPRESENTATION_CONTEXT('2D SPACE',''
  ) );
#6553 = ORIENTED_EDGE('',*,*,#6554,.T.);
#6554 = EDGE_CURVE('',#6532,#6532,#6555,.T.);
#6555 = SURFACE_CURVE('',#6556,(#6561,#6568),.PCURVE_S1.);
#6556 = CIRCLE('',#6557,1.5);
#6557 = AXIS2_PLACEMENT_3D('',#6558,#6559,#6560);
#6558 = CARTESIAN_POINT('',(360.,173.,109.95));
#6559 = DIRECTION('',(0.,0.,-1.));
#6560 = DIRECTION('',(1.,0.,0.));
#6561 = PCURVE('',#6143,#6562);
#6562 = DEFINITIONAL_REPRESENTATION('',(#6563),#6567);
#6563 = LINE('',#6564,#6565);
#6564 = CARTESIAN_POINT('',(-0.,-20.1));
#6565 = VECTOR('',#6566,1.);
#6566 = DIRECTION('',(-1.,0.));
#6567 = ( GEOMETRIC_REPRESENTATION_CONTEXT(2) 
PARAMETRIC_REPRESENTATION_CONTEXT() REPRESENTATION_CONTEXT('2D SPACE',''
  ) );
#6568 = PCURVE('',#6569,#6574);
#6569 = PLANE('',#6570);
#6570 = AXIS2_PLACEMENT_3D('',#6571,#6572,#6573);
#6571 = CARTESIAN_POINT('',(360.,173.,109.95));
#6572 = DIRECTION('',(-0.,-0.,-1.));
#6573 = DIRECTION('',(-1.,0.,0.));
#6574 = DEFINITIONAL_REPRESENTATION('',(#6575),#6579);
#6575 = CIRCLE('',#6576,1.5);
#6576 = AXIS2_PLACEMENT_2D('',#6577,#6578);
#6577 = CARTESIAN_POINT('',(0.,0.));
#6578 = DIRECTION('',(-1.,0.));
#6579 = ( GEOMETRIC_REPRESENTATION_CONTEXT(2) 
PARAMETRIC_REPRESENTATION_CONTEXT() REPRESENTATION_CONTEXT('2D SPACE',''
  ) );
#6580 = ORIENTED_EDGE('',*,*,#6531,.F.);
#6581 = ADVANCED_FACE('',(#6582),#6178,.F.);
#6582 = FACE_BOUND('',#6583,.T.);
#6583 = EDGE_LOOP('',(#6584,#6585,#6608,#6635));
#6584 = ORIENTED_EDGE('',*,*,#6157,.T.);
#6585 = ORIENTED_EDGE('',*,*,#6586,.T.);
#6586 = EDGE_CURVE('',#6158,#6587,#6589,.T.);
#6587 = VERTEX_POINT('',#6588);
#6588 = CARTESIAN_POINT('',(361.5,262.,109.95));
#6589 = SEAM_CURVE('',#6590,(#6594,#6601),.PCURVE_S1.);
#6590 = LINE('',#6591,#6592);
#6591 = CARTESIAN_POINT('',(361.5,262.,130.05));
#6592 = VECTOR('',#6593,1.);
#6593 = DIRECTION('',(0.,0.,-1.));
#6594 = PCURVE('',#6178,#6595);
#6595 = DEFINITIONAL_REPRESENTATION('',(#6596),#6600);
#6596 = LINE('',#6597,#6598);
#6597 = CARTESIAN_POINT('',(-6.28318530718,0.));
#6598 = VECTOR('',#6599,1.);
#6599 = DIRECTION('',(-0.,-1.));
#6600 = ( GEOMETRIC_REPRESENTATION_CONTEXT(2) 
PARAMETRIC_REPRESENTATION_CONTEXT() REPRESENTATION_CONTEXT('2D SPACE',''
  ) );
#6601 = PCURVE('',#6178,#6602);
#6602 = DEFINITIONAL_REPRESENTATION('',(#6603),#6607);
#6603 = LINE('',#6604,#6605);
#6604 = CARTESIAN_POINT('',(-0.,0.));
#6605 = VECTOR('',#6606,1.);
#6606 = DIRECTION('',(-0.,-1.));
#6607 = ( GEOMETRIC_REPRESENTATION_CONTEXT(2) 
PARAMETRIC_REPRESENTATION_CONTEXT() REPRESENTATION_CONTEXT('2D SPACE',''
  ) );
#6608 = ORIENTED_EDGE('',*,*,#6609,.T.);
#6609 = EDGE_CURVE('',#6587,#6587,#6610,.T.);
#6610 = SURFACE_CURVE('',#6611,(#6616,#6623),.PCURVE_S1.);
#6611 = CIRCLE('',#6612,1.5);
#6612 = AXIS2_PLACEMENT_3D('',#6613,#6614,#6615);
#6613 = CARTESIAN_POINT('',(360.,262.,109.95));
#6614 = DIRECTION('',(0.,0.,-1.));
#6615 = DIRECTION('',(1.,0.,0.));
#6616 = PCURVE('',#6178,#6617);
#6617 = DEFINITIONAL_REPRESENTATION('',(#6618),#6622);
#6618 = LINE('',#6619,#6620);
#6619 = CARTESIAN_POINT('',(-0.,-20.1));
#6620 = VECTOR('',#6621,1.);
#6621 = DIRECTION('',(-1.,0.));
#6622 = ( GEOMETRIC_REPRESENTATION_CONTEXT(2) 
PARAMETRIC_REPRESENTATION_CONTEXT() REPRESENTATION_CONTEXT('2D SPACE',''
  ) );
#6623 = PCURVE('',#6624,#6629);
#6624 = PLANE('',#6625);
#6625 = AXIS2_PLACEMENT_3D('',#6626,#6627,#6628);
#6626 = CARTESIAN_POINT('',(360.,262.,109.95));
#6627 = DIRECTION('',(-0.,-0.,-1.));
#6628 = DIRECTION('',(-1.,0.,0.));
#6629 = DEFINITIONAL_REPRESENTATION('',(#6630),#6634);
#6630 = CIRCLE('',#6631,1.5);
#6631 = AXIS2_PLACEMENT_2D('',#6632,#6633);
#6632 = CARTESIAN_POINT('',(0.,0.));
#6633 = DIRECTION('',(-1.,0.));
#6634 = ( GEOMETRIC_REPRESENTATION_CONTEXT(2) 
PARAMETRIC_REPRESENTATION_CONTEXT() REPRESENTATION_CONTEXT('2D SPACE',''
  ) );
#6635 = ORIENTED_EDGE('',*,*,#6586,.F.);
#6636 = ADVANCED_FACE('',(#6637),#6239,.F.);
#6637 = FACE_BOUND('',#6638,.F.);
#6638 = EDGE_LOOP('',(#6639));
#6639 = ORIENTED_EDGE('',*,*,#6224,.T.);
#6640 = ADVANCED_FACE('',(#6641),#6294,.F.);
#6641 = FACE_BOUND('',#6642,.F.);
#6642 = EDGE_LOOP('',(#6643));
#6643 = ORIENTED_EDGE('',*,*,#6279,.T.);
#6644 = ADVANCED_FACE('',(#6645),#6349,.F.);
#6645 = FACE_BOUND('',#6646,.F.);
#6646 = EDGE_LOOP('',(#6647));
#6647 = ORIENTED_EDGE('',*,*,#6334,.T.);
#6648 = ADVANCED_FACE('',(#6649),#6404,.F.);
#6649 = FACE_BOUND('',#6650,.F.);
#6650 = EDGE_LOOP('',(#6651));
#6651 = ORIENTED_EDGE('',*,*,#6389,.T.);
#6652 = ADVANCED_FACE('',(#6653),#6459,.F.);
#6653 = FACE_BOUND('',#6654,.F.);
#6654 = EDGE_LOOP('',(#6655));
#6655 = ORIENTED_EDGE('',*,*,#6444,.T.);
#6656 = ADVANCED_FACE('',(#6657),#6514,.F.);
#6657 = FACE_BOUND('',#6658,.F.);
#6658 = EDGE_LOOP('',(#6659));
#6659 = ORIENTED_EDGE('',*,*,#6499,.T.);
#6660 = ADVANCED_FACE('',(#6661),#6569,.F.);
#6661 = FACE_BOUND('',#6662,.F.);
#6662 = EDGE_LOOP('',(#6663));
#6663 = ORIENTED_EDGE('',*,*,#6554,.T.);
#6664 = ADVANCED_FACE('',(#6665),#6624,.F.);
#6665 = FACE_BOUND('',#6666,.F.);
#6666 = EDGE_LOOP('',(#6667));
#6667 = ORIENTED_EDGE('',*,*,#6609,.T.);
#6668 = ( GEOMETRIC_REPRESENTATION_CONTEXT(3) 
GLOBAL_UNCERTAINTY_ASSIGNED_CONTEXT((#6672)) 
GLOBAL_UNIT_ASSIGNED_CONTEXT((#6669,#6670,#6671)) REPRESENTATION_CONTEXT
('Context #1','3D Context with UNIT and UNCERTAINTY') );
#6669 = ( LENGTH_UNIT() NAMED_UNIT(*) SI_UNIT(.MILLI.,.METRE.) );
#6670 = ( NAMED_UNIT(*) PLANE_ANGLE_UNIT() SI_UNIT($,.RADIAN.) );
#6671 = ( NAMED_UNIT(*) SI_UNIT($,.STERADIAN.) SOLID_ANGLE_UNIT() );
#6672 = UNCERTAINTY_MEASURE_WITH_UNIT(LENGTH_MEASURE(1.E-07),#6669,
  'distance_accuracy_value','confusion accuracy');
#6673 = CONTEXT_DEPENDENT_SHAPE_REPRESENTATION(#6674,#6676);
#6674 = ( REPRESENTATION_RELATIONSHIP('','',#5601,#10) 
REPRESENTATION_RELATIONSHIP_WITH_TRANSFORMATION(#6675) 
SHAPE_REPRESENTATION_RELATIONSHIP() );
#6675 = ITEM_DEFINED_TRANSFORMATION('','',#11,#35);
#6676 = PRODUCT_DEFINITION_SHAPE('Placement','Placement of an item',
  #6677);
#6677 = NEXT_ASSEMBLY_USAGE_OCCURRENCE('18','cleat_lo_2','',#5,#5596,$);
#6678 = PRODUCT_RELATED_PRODUCT_CATEGORY('part',$,(#5598));
#6679 = SHAPE_DEFINITION_REPRESENTATION(#6680,#6686);
#6680 = PRODUCT_DEFINITION_SHAPE('','',#6681);
#6681 = PRODUCT_DEFINITION('design','',#6682,#6685);
#6682 = PRODUCT_DEFINITION_FORMATION('','',#6683);
#6683 = PRODUCT('cleat_hi_1','cleat_hi_1','',(#6684));
#6684 = PRODUCT_CONTEXT('',#2,'mechanical');
#6685 = PRODUCT_DEFINITION_CONTEXT('part definition',#2,'design');
#6686 = ADVANCED_BREP_SHAPE_REPRESENTATION('',(#11,#6687),#7769);
#6687 = MANIFOLD_SOLID_BREP('',#6688);
#6688 = CLOSED_SHELL('',(#6689,#6809,#7025,#7074,#7123,#7290,#7297,#7352
    ,#7407,#7462,#7517,#7572,#7627,#7682,#7737,#7741,#7745,#7749,#7753,
    #7757,#7761,#7765));
#6689 = ADVANCED_FACE('',(#6690),#6704,.F.);
#6690 = FACE_BOUND('',#6691,.F.);
#6691 = EDGE_LOOP('',(#6692,#6727,#6755,#6783));
#6692 = ORIENTED_EDGE('',*,*,#6693,.F.);
#6693 = EDGE_CURVE('',#6694,#6696,#6698,.T.);
#6694 = VERTEX_POINT('',#6695);
#6695 = CARTESIAN_POINT('',(20.,0.,280.));
#6696 = VERTEX_POINT('',#6697);
#6697 = CARTESIAN_POINT('',(20.,0.,240.));
#6698 = SURFACE_CURVE('',#6699,(#6703,#6715),.PCURVE_S1.);
#6699 = LINE('',#6700,#6701);
#6700 = CARTESIAN_POINT('',(20.,0.,280.));
#6701 = VECTOR('',#6702,1.);
#6702 = DIRECTION('',(0.,0.,-1.));
#6703 = PCURVE('',#6704,#6709);
#6704 = PLANE('',#6705);
#6705 = AXIS2_PLACEMENT_3D('',#6706,#6707,#6708);
#6706 = CARTESIAN_POINT('',(20.,0.,280.));
#6707 = DIRECTION('',(0.,1.,0.));
#6708 = DIRECTION('',(0.,0.,-1.));
#6709 = DEFINITIONAL_REPRESENTATION('',(#6710),#6714);
#6710 = LINE('',#6711,#6712);
#6711 = CARTESIAN_POINT('',(0.,0.));
#6712 = VECTOR('',#6713,1.);
#6713 = DIRECTION('',(1.,0.));
#6714 = ( GEOMETRIC_REPRESENTATION_CONTEXT(2) 
PARAMETRIC_REPRESENTATION_CONTEXT() REPRESENTATION_CONTEXT('2D SPACE',''
  ) );
#6715 = PCURVE('',#6716,#6721);
#6716 = PLANE('',#6717);
#6717 = AXIS2_PLACEMENT_3D('',#6718,#6719,#6720);
#6718 = CARTESIAN_POINT('',(20.,0.,280.));
#6719 = DIRECTION('',(1.,0.,0.));
#6720 = DIRECTION('',(0.,0.,-1.));
#6721 = DEFINITIONAL_REPRESENTATION('',(#6722),#6726);
#6722 = LINE('',#6723,#6724);
#6723 = CARTESIAN_POINT('',(0.,0.));
#6724 = VECTOR('',#6725,1.);
#6725 = DIRECTION('',(1.,0.));
#6726 = ( GEOMETRIC_REPRESENTATION_CONTEXT(2) 
PARAMETRIC_REPRESENTATION_CONTEXT() REPRESENTATION_CONTEXT('2D SPACE',''
  ) );
#6727 = ORIENTED_EDGE('',*,*,#6728,.T.);
#6728 = EDGE_CURVE('',#6694,#6729,#6731,.T.);
#6729 = VERTEX_POINT('',#6730);
#6730 = CARTESIAN_POINT('',(60.,0.,280.));
#6731 = SURFACE_CURVE('',#6732,(#6736,#6743),.PCURVE_S1.);
#6732 = LINE('',#6733,#6734);
#6733 = CARTESIAN_POINT('',(20.,0.,280.));
#6734 = VECTOR('',#6735,1.);
#6735 = DIRECTION('',(1.,0.,0.));
#6736 = PCURVE('',#6704,#6737);
#6737 = DEFINITIONAL_REPRESENTATION('',(#6738),#6742);
#6738 = LINE('',#6739,#6740);
#6739 = CARTESIAN_POINT('',(0.,0.));
#6740 = VECTOR('',#6741,1.);
#6741 = DIRECTION('',(0.,-1.));
#6742 = ( GEOMETRIC_REPRESENTATION_CONTEXT(2) 
PARAMETRIC_REPRESENTATION_CONTEXT() REPRESENTATION_CONTEXT('2D SPACE',''
  ) );
#6743 = PCURVE('',#6744,#6749);
#6744 = PLANE('',#6745);
#6745 = AXIS2_PLACEMENT_3D('',#6746,#6747,#6748);
#6746 = CARTESIAN_POINT('',(20.,0.,280.));
#6747 = DIRECTION('',(0.,0.,-1.));
#6748 = DIRECTION('',(0.,1.,0.));
#6749 = DEFINITIONAL_REPRESENTATION('',(#6750),#6754);
#6750 = LINE('',#6751,#6752);
#6751 = CARTESIAN_POINT('',(0.,0.));
#6752 = VECTOR('',#6753,1.);
#6753 = DIRECTION('',(0.,1.));
#6754 = ( GEOMETRIC_REPRESENTATION_CONTEXT(2) 
PARAMETRIC_REPRESENTATION_CONTEXT() REPRESENTATION_CONTEXT('2D SPACE',''
  ) );
#6755 = ORIENTED_EDGE('',*,*,#6756,.T.);
#6756 = EDGE_CURVE('',#6729,#6757,#6759,.T.);
#6757 = VERTEX_POINT('',#6758);
#6758 = CARTESIAN_POINT('',(60.,0.,240.));
#6759 = SURFACE_CURVE('',#6760,(#6764,#6771),.PCURVE_S1.);
#6760 = LINE('',#6761,#6762);
#6761 = CARTESIAN_POINT('',(60.,0.,280.));
#6762 = VECTOR('',#6763,1.);
#6763 = DIRECTION('',(0.,0.,-1.));
#6764 = PCURVE('',#6704,#6765);
#6765 = DEFINITIONAL_REPRESENTATION('',(#6766),#6770);
#6766 = LINE('',#6767,#6768);
#6767 = CARTESIAN_POINT('',(0.,-40.));
#6768 = VECTOR('',#6769,1.);
#6769 = DIRECTION('',(1.,0.));
#6770 = ( GEOMETRIC_REPRESENTATION_CONTEXT(2) 
PARAMETRIC_REPRESENTATION_CONTEXT() REPRESENTATION_CONTEXT('2D SPACE',''
  ) );
#6771 = PCURVE('',#6772,#6777);
#6772 = PLANE('',#6773);
#6773 = AXIS2_PLACEMENT_3D('',#6774,#6775,#6776);
#6774 = CARTESIAN_POINT('',(60.,0.,280.));
#6775 = DIRECTION('',(1.,0.,0.));
#6776 = DIRECTION('',(0.,0.,-1.));
#6777 = DEFINITIONAL_REPRESENTATION('',(#6778),#6782);
#6778 = LINE('',#6779,#6780);
#6779 = CARTESIAN_POINT('',(0.,0.));
#6780 = VECTOR('',#6781,1.);
#6781 = DIRECTION('',(1.,0.));
#6782 = ( GEOMETRIC_REPRESENTATION_CONTEXT(2) 
PARAMETRIC_REPRESENTATION_CONTEXT() REPRESENTATION_CONTEXT('2D SPACE',''
  ) );
#6783 = ORIENTED_EDGE('',*,*,#6784,.F.);
#6784 = EDGE_CURVE('',#6696,#6757,#6785,.T.);
#6785 = SURFACE_CURVE('',#6786,(#6790,#6797),.PCURVE_S1.);
#6786 = LINE('',#6787,#6788);
#6787 = CARTESIAN_POINT('',(20.,0.,240.));
#6788 = VECTOR('',#6789,1.);
#6789 = DIRECTION('',(1.,0.,0.));
#6790 = PCURVE('',#6704,#6791);
#6791 = DEFINITIONAL_REPRESENTATION('',(#6792),#6796);
#6792 = LINE('',#6793,#6794);
#6793 = CARTESIAN_POINT('',(40.,0.));
#6794 = VECTOR('',#6795,1.);
#6795 = DIRECTION('',(0.,-1.));
#6796 = ( GEOMETRIC_REPRESENTATION_CONTEXT(2) 
PARAMETRIC_REPRESENTATION_CONTEXT() REPRESENTATION_CONTEXT('2D SPACE',''
  ) );
#6797 = PCURVE('',#6798,#6803);
#6798 = PLANE('',#6799);
#6799 = AXIS2_PLACEMENT_3D('',#6800,#6801,#6802);
#6800 = CARTESIAN_POINT('',(20.,0.,240.));
#6801 = DIRECTION('',(0.,0.,-1.));
#6802 = DIRECTION('',(0.,1.,0.));
#6803 = DEFINITIONAL_REPRESENTATION('',(#6804),#6808);
#6804 = LINE('',#6805,#6806);
#6805 = CARTESIAN_POINT('',(0.,0.));
#6806 = VECTOR('',#6807,1.);
#6807 = DIRECTION('',(0.,1.));
#6808 = ( GEOMETRIC_REPRESENTATION_CONTEXT(2) 
PARAMETRIC_REPRESENTATION_CONTEXT() REPRESENTATION_CONTEXT('2D SPACE',''
  ) );
#6809 = ADVANCED_FACE('',(#6810,#6885,#6920,#6955,#6990),#6716,.F.);
#6810 = FACE_BOUND('',#6811,.F.);
#6811 = EDGE_LOOP('',(#6812,#6835,#6836,#6859));
#6812 = ORIENTED_EDGE('',*,*,#6813,.F.);
#6813 = EDGE_CURVE('',#6694,#6814,#6816,.T.);
#6814 = VERTEX_POINT('',#6815);
#6815 = CARTESIAN_POINT('',(20.,290.,280.));
#6816 = SURFACE_CURVE('',#6817,(#6821,#6828),.PCURVE_S1.);
#6817 = LINE('',#6818,#6819);
#6818 = CARTESIAN_POINT('',(20.,0.,280.));
#6819 = VECTOR('',#6820,1.);
#6820 = DIRECTION('',(0.,1.,0.));
#6821 = PCURVE('',#6716,#6822);
#6822 = DEFINITIONAL_REPRESENTATION('',(#6823),#6827);
#6823 = LINE('',#6824,#6825);
#6824 = CARTESIAN_POINT('',(0.,0.));
#6825 = VECTOR('',#6826,1.);
#6826 = DIRECTION('',(0.,1.));
#6827 = ( GEOMETRIC_REPRESENTATION_CONTEXT(2) 
PARAMETRIC_REPRESENTATION_CONTEXT() REPRESENTATION_CONTEXT('2D SPACE',''
  ) );
#6828 = PCURVE('',#6744,#6829);
#6829 = DEFINITIONAL_REPRESENTATION('',(#6830),#6834);
#6830 = LINE('',#6831,#6832);
#6831 = CARTESIAN_POINT('',(0.,0.));
#6832 = VECTOR('',#6833,1.);
#6833 = DIRECTION('',(1.,0.));
#6834 = ( GEOMETRIC_REPRESENTATION_CONTEXT(2) 
PARAMETRIC_REPRESENTATION_CONTEXT() REPRESENTATION_CONTEXT('2D SPACE',''
  ) );
#6835 = ORIENTED_EDGE('',*,*,#6693,.T.);
#6836 = ORIENTED_EDGE('',*,*,#6837,.T.);
#6837 = EDGE_CURVE('',#6696,#6838,#6840,.T.);
#6838 = VERTEX_POINT('',#6839);
#6839 = CARTESIAN_POINT('',(20.,290.,240.));
#6840 = SURFACE_CURVE('',#6841,(#6845,#6852),.PCURVE_S1.);
#6841 = LINE('',#6842,#6843);
#6842 = CARTESIAN_POINT('',(20.,0.,240.));
#6843 = VECTOR('',#6844,1.);
#6844 = DIRECTION('',(0.,1.,0.));
#6845 = PCURVE('',#6716,#6846);
#6846 = DEFINITIONAL_REPRESENTATION('',(#6847),#6851);
#6847 = LINE('',#6848,#6849);
#6848 = CARTESIAN_POINT('',(40.,0.));
#6849 = VECTOR('',#6850,1.);
#6850 = DIRECTION('',(0.,1.));
#6851 = ( GEOMETRIC_REPRESENTATION_CONTEXT(2) 
PARAMETRIC_REPRESENTATION_CONTEXT() REPRESENTATION_CONTEXT('2D SPACE',''
  ) );
#6852 = PCURVE('',#6798,#6853);
#6853 = DEFINITIONAL_REPRESENTATION('',(#6854),#6858);
#6854 = LINE('',#6855,#6856);
#6855 = CARTESIAN_POINT('',(0.,0.));
#6856 = VECTOR('',#6857,1.);
#6857 = DIRECTION('',(1.,0.));
#6858 = ( GEOMETRIC_REPRESENTATION_CONTEXT(2) 
PARAMETRIC_REPRESENTATION_CONTEXT() REPRESENTATION_CONTEXT('2D SPACE',''
  ) );
#6859 = ORIENTED_EDGE('',*,*,#6860,.F.);
#6860 = EDGE_CURVE('',#6814,#6838,#6861,.T.);
#6861 = SURFACE_CURVE('',#6862,(#6866,#6873),.PCURVE_S1.);
#6862 = LINE('',#6863,#6864);
#6863 = CARTESIAN_POINT('',(20.,290.,280.));
#6864 = VECTOR('',#6865,1.);
#6865 = DIRECTION('',(0.,0.,-1.));
#6866 = PCURVE('',#6716,#6867);
#6867 = DEFINITIONAL_REPRESENTATION('',(#6868),#6872);
#6868 = LINE('',#6869,#6870);
#6869 = CARTESIAN_POINT('',(0.,290.));
#6870 = VECTOR('',#6871,1.);
#6871 = DIRECTION('',(1.,0.));
#6872 = ( GEOMETRIC_REPRESENTATION_CONTEXT(2) 
PARAMETRIC_REPRESENTATION_CONTEXT() REPRESENTATION_CONTEXT('2D SPACE',''
  ) );
#6873 = PCURVE('',#6874,#6879);
#6874 = PLANE('',#6875);
#6875 = AXIS2_PLACEMENT_3D('',#6876,#6877,#6878);
#6876 = CARTESIAN_POINT('',(20.,290.,280.));
#6877 = DIRECTION('',(0.,1.,0.));
#6878 = DIRECTION('',(0.,0.,-1.));
#6879 = DEFINITIONAL_REPRESENTATION('',(#6880),#6884);
#6880 = LINE('',#6881,#6882);
#6881 = CARTESIAN_POINT('',(0.,0.));
#6882 = VECTOR('',#6883,1.);
#6883 = DIRECTION('',(1.,0.));
#6884 = ( GEOMETRIC_REPRESENTATION_CONTEXT(2) 
PARAMETRIC_REPRESENTATION_CONTEXT() REPRESENTATION_CONTEXT('2D SPACE',''
  ) );
#6885 = FACE_BOUND('',#6886,.F.);
#6886 = EDGE_LOOP('',(#6887));
#6887 = ORIENTED_EDGE('',*,*,#6888,.T.);
#6888 = EDGE_CURVE('',#6889,#6889,#6891,.T.);
#6889 = VERTEX_POINT('',#6890);
#6890 = CARTESIAN_POINT('',(20.,26.25,260.));
#6891 = SURFACE_CURVE('',#6892,(#6897,#6908),.PCURVE_S1.);
#6892 = CIRCLE('',#6893,1.25);
#6893 = AXIS2_PLACEMENT_3D('',#6894,#6895,#6896);
#6894 = CARTESIAN_POINT('',(20.,25.,260.));
#6895 = DIRECTION('',(-1.,0.,0.));
#6896 = DIRECTION('',(0.,1.,0.));
#6897 = PCURVE('',#6716,#6898);
#6898 = DEFINITIONAL_REPRESENTATION('',(#6899),#6907);
#6899 = ( BOUNDED_CURVE() B_SPLINE_CURVE(2,(#6900,#6901,#6902,#6903,
#6904,#6905,#6906),.UNSPECIFIED.,.T.,.F.) B_SPLINE_CURVE_WITH_KNOTS((1,2
    ,2,2,2,1),(-2.094395102393,0.,2.094395102393,4.188790204786,
6.28318530718,8.377580409573),.UNSPECIFIED.) CURVE() 
GEOMETRIC_REPRESENTATION_ITEM() RATIONAL_B_SPLINE_CURVE((1.,0.5,1.,0.5,
1.,0.5,1.)) REPRESENTATION_ITEM('') );
#6900 = CARTESIAN_POINT('',(20.,26.25));
#6901 = CARTESIAN_POINT('',(22.165063509461,26.25));
#6902 = CARTESIAN_POINT('',(21.082531754731,24.375));
#6903 = CARTESIAN_POINT('',(20.,22.5));
#6904 = CARTESIAN_POINT('',(18.917468245269,24.375));
#6905 = CARTESIAN_POINT('',(17.834936490539,26.25));
#6906 = CARTESIAN_POINT('',(20.,26.25));
#6907 = ( GEOMETRIC_REPRESENTATION_CONTEXT(2) 
PARAMETRIC_REPRESENTATION_CONTEXT() REPRESENTATION_CONTEXT('2D SPACE',''
  ) );
#6908 = PCURVE('',#6909,#6914);
#6909 = CYLINDRICAL_SURFACE('',#6910,1.25);
#6910 = AXIS2_PLACEMENT_3D('',#6911,#6912,#6913);
#6911 = CARTESIAN_POINT('',(19.95,25.,260.));
#6912 = DIRECTION('',(-1.,-0.,-0.));
#6913 = DIRECTION('',(0.,1.,0.));
#6914 = DEFINITIONAL_REPRESENTATION('',(#6915),#6919);
#6915 = LINE('',#6916,#6917);
#6916 = CARTESIAN_POINT('',(-6.28318530718,-5.E-02));
#6917 = VECTOR('',#6918,1.);
#6918 = DIRECTION('',(1.,-0.));
#6919 = ( GEOMETRIC_REPRESENTATION_CONTEXT(2) 
PARAMETRIC_REPRESENTATION_CONTEXT() REPRESENTATION_CONTEXT('2D SPACE',''
  ) );
#6920 = FACE_BOUND('',#6921,.F.);
#6921 = EDGE_LOOP('',(#6922));
#6922 = ORIENTED_EDGE('',*,*,#6923,.T.);
#6923 = EDGE_CURVE('',#6924,#6924,#6926,.T.);
#6924 = VERTEX_POINT('',#6925);
#6925 = CARTESIAN_POINT('',(20.,121.25,260.));
#6926 = SURFACE_CURVE('',#6927,(#6932,#6943),.PCURVE_S1.);
#6927 = CIRCLE('',#6928,1.25);
#6928 = AXIS2_PLACEMENT_3D('',#6929,#6930,#6931);
#6929 = CARTESIAN_POINT('',(20.,120.,260.));
#6930 = DIRECTION('',(-1.,0.,0.));
#6931 = DIRECTION('',(0.,1.,0.));
#6932 = PCURVE('',#6716,#6933);
#6933 = DEFINITIONAL_REPRESENTATION('',(#6934),#6942);
#6934 = ( BOUNDED_CURVE() B_SPLINE_CURVE(2,(#6935,#6936,#6937,#6938,
#6939,#6940,#6941),.UNSPECIFIED.,.T.,.F.) B_SPLINE_CURVE_WITH_KNOTS((1,2
    ,2,2,2,1),(-2.094395102393,0.,2.094395102393,4.188790204786,
6.28318530718,8.377580409573),.UNSPECIFIED.) CURVE() 
GEOMETRIC_REPRESENTATION_ITEM() RATIONAL_B_SPLINE_CURVE((1.,0.5,1.,0.5,
1.,0.5,1.)) REPRESENTATION_ITEM('') );
#6935 = CARTESIAN_POINT('',(20.,121.25));
#6936 = CARTESIAN_POINT('',(22.165063509461,121.25));
#6937 = CARTESIAN_POINT('',(21.082531754731,119.375));
#6938 = CARTESIAN_POINT('',(20.,117.5));
#6939 = CARTESIAN_POINT('',(18.917468245269,119.375));
#6940 = CARTESIAN_POINT('',(17.834936490539,121.25));
#6941 = CARTESIAN_POINT('',(20.,121.25));
#6942 = ( GEOMETRIC_REPRESENTATION_CONTEXT(2) 
PARAMETRIC_REPRESENTATION_CONTEXT() REPRESENTATION_CONTEXT('2D SPACE',''
  ) );
#6943 = PCURVE('',#6944,#6949);
#6944 = CYLINDRICAL_SURFACE('',#6945,1.25);
#6945 = AXIS2_PLACEMENT_3D('',#6946,#6947,#6948);
#6946 = CARTESIAN_POINT('',(19.95,120.,260.));
#6947 = DIRECTION('',(-1.,-0.,-0.));
#6948 = DIRECTION('',(0.,1.,0.));
#6949 = DEFINITIONAL_REPRESENTATION('',(#6950),#6954);
#6950 = LINE('',#6951,#6952);
#6951 = CARTESIAN_POINT('',(-6.28318530718,-5.E-02));
#6952 = VECTOR('',#6953,1.);
#6953 = DIRECTION('',(1.,-0.));
#6954 = ( GEOMETRIC_REPRESENTATION_CONTEXT(2) 
PARAMETRIC_REPRESENTATION_CONTEXT() REPRESENTATION_CONTEXT('2D SPACE',''
  ) );
#6955 = FACE_BOUND('',#6956,.F.);
#6956 = EDGE_LOOP('',(#6957));
#6957 = ORIENTED_EDGE('',*,*,#6958,.T.);
#6958 = EDGE_CURVE('',#6959,#6959,#6961,.T.);
#6959 = VERTEX_POINT('',#6960);
#6960 = CARTESIAN_POINT('',(20.,171.25,260.));
#6961 = SURFACE_CURVE('',#6962,(#6967,#6978),.PCURVE_S1.);
#6962 = CIRCLE('',#6963,1.25);
#6963 = AXIS2_PLACEMENT_3D('',#6964,#6965,#6966);
#6964 = CARTESIAN_POINT('',(20.,170.,260.));
#6965 = DIRECTION('',(-1.,0.,0.));
#6966 = DIRECTION('',(0.,1.,0.));
#6967 = PCURVE('',#6716,#6968);
#6968 = DEFINITIONAL_REPRESENTATION('',(#6969),#6977);
#6969 = ( BOUNDED_CURVE() B_SPLINE_CURVE(2,(#6970,#6971,#6972,#6973,
#6974,#6975,#6976),.UNSPECIFIED.,.T.,.F.) B_SPLINE_CURVE_WITH_KNOTS((1,2
    ,2,2,2,1),(-2.094395102393,0.,2.094395102393,4.188790204786,
6.28318530718,8.377580409573),.UNSPECIFIED.) CURVE() 
GEOMETRIC_REPRESENTATION_ITEM() RATIONAL_B_SPLINE_CURVE((1.,0.5,1.,0.5,
1.,0.5,1.)) REPRESENTATION_ITEM('') );
#6970 = CARTESIAN_POINT('',(20.,171.25));
#6971 = CARTESIAN_POINT('',(22.165063509461,171.25));
#6972 = CARTESIAN_POINT('',(21.082531754731,169.375));
#6973 = CARTESIAN_POINT('',(20.,167.5));
#6974 = CARTESIAN_POINT('',(18.917468245269,169.375));
#6975 = CARTESIAN_POINT('',(17.834936490539,171.25));
#6976 = CARTESIAN_POINT('',(20.,171.25));
#6977 = ( GEOMETRIC_REPRESENTATION_CONTEXT(2) 
PARAMETRIC_REPRESENTATION_CONTEXT() REPRESENTATION_CONTEXT('2D SPACE',''
  ) );
#6978 = PCURVE('',#6979,#6984);
#6979 = CYLINDRICAL_SURFACE('',#6980,1.25);
#6980 = AXIS2_PLACEMENT_3D('',#6981,#6982,#6983);
#6981 = CARTESIAN_POINT('',(19.95,170.,260.));
#6982 = DIRECTION('',(-1.,-0.,-0.));
#6983 = DIRECTION('',(0.,1.,0.));
#6984 = DEFINITIONAL_REPRESENTATION('',(#6985),#6989);
#6985 = LINE('',#6986,#6987);
#6986 = CARTESIAN_POINT('',(-6.28318530718,-5.E-02));
#6987 = VECTOR('',#6988,1.);
#6988 = DIRECTION('',(1.,-0.));
#6989 = ( GEOMETRIC_REPRESENTATION_CONTEXT(2) 
PARAMETRIC_REPRESENTATION_CONTEXT() REPRESENTATION_CONTEXT('2D SPACE',''
  ) );
#6990 = FACE_BOUND('',#6991,.F.);
#6991 = EDGE_LOOP('',(#6992));
#6992 = ORIENTED_EDGE('',*,*,#6993,.T.);
#6993 = EDGE_CURVE('',#6994,#6994,#6996,.T.);
#6994 = VERTEX_POINT('',#6995);
#6995 = CARTESIAN_POINT('',(20.,266.25,260.));
#6996 = SURFACE_CURVE('',#6997,(#7002,#7013),.PCURVE_S1.);
#6997 = CIRCLE('',#6998,1.25);
#6998 = AXIS2_PLACEMENT_3D('',#6999,#7000,#7001);
#6999 = CARTESIAN_POINT('',(20.,265.,260.));
#7000 = DIRECTION('',(-1.,0.,0.));
#7001 = DIRECTION('',(0.,1.,0.));
#7002 = PCURVE('',#6716,#7003);
#7003 = DEFINITIONAL_REPRESENTATION('',(#7004),#7012);
#7004 = ( BOUNDED_CURVE() B_SPLINE_CURVE(2,(#7005,#7006,#7007,#7008,
#7009,#7010,#7011),.UNSPECIFIED.,.T.,.F.) B_SPLINE_CURVE_WITH_KNOTS((1,2
    ,2,2,2,1),(-2.094395102393,0.,2.094395102393,4.188790204786,
6.28318530718,8.377580409573),.UNSPECIFIED.) CURVE() 
GEOMETRIC_REPRESENTATION_ITEM() RATIONAL_B_SPLINE_CURVE((1.,0.5,1.,0.5,
1.,0.5,1.)) REPRESENTATION_ITEM('') );
#7005 = CARTESIAN_POINT('',(20.,266.25));
#7006 = CARTESIAN_POINT('',(22.165063509461,266.25));
#7007 = CARTESIAN_POINT('',(21.082531754731,264.375));
#7008 = CARTESIAN_POINT('',(20.,262.5));
#7009 = CARTESIAN_POINT('',(18.917468245269,264.375));
#7010 = CARTESIAN_POINT('',(17.834936490539,266.25));
#7011 = CARTESIAN_POINT('',(20.,266.25));
#7012 = ( GEOMETRIC_REPRESENTATION_CONTEXT(2) 
PARAMETRIC_REPRESENTATION_CONTEXT() REPRESENTATION_CONTEXT('2D SPACE',''
  ) );
#7013 = PCURVE('',#7014,#7019);
#7014 = CYLINDRICAL_SURFACE('',#7015,1.25);
#7015 = AXIS2_PLACEMENT_3D('',#7016,#7017,#7018);
#7016 = CARTESIAN_POINT('',(19.95,265.,260.));
#7017 = DIRECTION('',(-1.,-0.,-0.));
#7018 = DIRECTION('',(0.,1.,0.));
#7019 = DEFINITIONAL_REPRESENTATION('',(#7020),#7024);
#7020 = LINE('',#7021,#7022);
#7021 = CARTESIAN_POINT('',(-6.28318530718,-5.E-02));
#7022 = VECTOR('',#7023,1.);
#7023 = DIRECTION('',(1.,-0.));
#7024 = ( GEOMETRIC_REPRESENTATION_CONTEXT(2) 
PARAMETRIC_REPRESENTATION_CONTEXT() REPRESENTATION_CONTEXT('2D SPACE',''
  ) );
#7025 = ADVANCED_FACE('',(#7026),#6798,.T.);
#7026 = FACE_BOUND('',#7027,.T.);
#7027 = EDGE_LOOP('',(#7028,#7029,#7030,#7053));
#7028 = ORIENTED_EDGE('',*,*,#6784,.F.);
#7029 = ORIENTED_EDGE('',*,*,#6837,.T.);
#7030 = ORIENTED_EDGE('',*,*,#7031,.T.);
#7031 = EDGE_CURVE('',#6838,#7032,#7034,.T.);
#7032 = VERTEX_POINT('',#7033);
#7033 = CARTESIAN_POINT('',(60.,290.,240.));
#7034 = SURFACE_CURVE('',#7035,(#7039,#7046),.PCURVE_S1.);
#7035 = LINE('',#7036,#7037);
#7036 = CARTESIAN_POINT('',(20.,290.,240.));
#7037 = VECTOR('',#7038,1.);
#7038 = DIRECTION('',(1.,0.,0.));
#7039 = PCURVE('',#6798,#7040);
#7040 = DEFINITIONAL_REPRESENTATION('',(#7041),#7045);
#7041 = LINE('',#7042,#7043);
#7042 = CARTESIAN_POINT('',(290.,0.));
#7043 = VECTOR('',#7044,1.);
#7044 = DIRECTION('',(0.,1.));
#7045 = ( GEOMETRIC_REPRESENTATION_CONTEXT(2) 
PARAMETRIC_REPRESENTATION_CONTEXT() REPRESENTATION_CONTEXT('2D SPACE',''
  ) );
#7046 = PCURVE('',#6874,#7047);
#7047 = DEFINITIONAL_REPRESENTATION('',(#7048),#7052);
#7048 = LINE('',#7049,#7050);
#7049 = CARTESIAN_POINT('',(40.,0.));
#7050 = VECTOR('',#7051,1.);
#7051 = DIRECTION('',(0.,-1.));
#7052 = ( GEOMETRIC_REPRESENTATION_CONTEXT(2) 
PARAMETRIC_REPRESENTATION_CONTEXT() REPRESENTATION_CONTEXT('2D SPACE',''
  ) );
#7053 = ORIENTED_EDGE('',*,*,#7054,.F.);
#7054 = EDGE_CURVE('',#6757,#7032,#7055,.T.);
#7055 = SURFACE_CURVE('',#7056,(#7060,#7067),.PCURVE_S1.);
#7056 = LINE('',#7057,#7058);
#7057 = CARTESIAN_POINT('',(60.,0.,240.));
#7058 = VECTOR('',#7059,1.);
#7059 = DIRECTION('',(0.,1.,0.));
#7060 = PCURVE('',#6798,#7061);
#7061 = DEFINITIONAL_REPRESENTATION('',(#7062),#7066);
#7062 = LINE('',#7063,#7064);
#7063 = CARTESIAN_POINT('',(0.,40.));
#7064 = VECTOR('',#7065,1.);
#7065 = DIRECTION('',(1.,0.));
#7066 = ( GEOMETRIC_REPRESENTATION_CONTEXT(2) 
PARAMETRIC_REPRESENTATION_CONTEXT() REPRESENTATION_CONTEXT('2D SPACE',''
  ) );
#7067 = PCURVE('',#6772,#7068);
#7068 = DEFINITIONAL_REPRESENTATION('',(#7069),#7073);
#7069 = LINE('',#7070,#7071);
#7070 = CARTESIAN_POINT('',(40.,0.));
#7071 = VECTOR('',#7072,1.);
#7072 = DIRECTION('',(0.,1.));
#7073 = ( GEOMETRIC_REPRESENTATION_CONTEXT(2) 
PARAMETRIC_REPRESENTATION_CONTEXT() REPRESENTATION_CONTEXT('2D SPACE',''
  ) );
#7074 = ADVANCED_FACE('',(#7075),#6772,.T.);
#7075 = FACE_BOUND('',#7076,.T.);
#7076 = EDGE_LOOP('',(#7077,#7100,#7101,#7102));
#7077 = ORIENTED_EDGE('',*,*,#7078,.F.);
#7078 = EDGE_CURVE('',#6729,#7079,#7081,.T.);
#7079 = VERTEX_POINT('',#7080);
#7080 = CARTESIAN_POINT('',(60.,290.,280.));
#7081 = SURFACE_CURVE('',#7082,(#7086,#7093),.PCURVE_S1.);
#7082 = LINE('',#7083,#7084);
#7083 = CARTESIAN_POINT('',(60.,0.,280.));
#7084 = VECTOR('',#7085,1.);
#7085 = DIRECTION('',(0.,1.,0.));
#7086 = PCURVE('',#6772,#7087);
#7087 = DEFINITIONAL_REPRESENTATION('',(#7088),#7092);
#7088 = LINE('',#7089,#7090);
#7089 = CARTESIAN_POINT('',(0.,0.));
#7090 = VECTOR('',#7091,1.);
#7091 = DIRECTION('',(0.,1.));
#7092 = ( GEOMETRIC_REPRESENTATION_CONTEXT(2) 
PARAMETRIC_REPRESENTATION_CONTEXT() REPRESENTATION_CONTEXT('2D SPACE',''
  ) );
#7093 = PCURVE('',#6744,#7094);
#7094 = DEFINITIONAL_REPRESENTATION('',(#7095),#7099);
#7095 = LINE('',#7096,#7097);
#7096 = CARTESIAN_POINT('',(0.,40.));
#7097 = VECTOR('',#7098,1.);
#7098 = DIRECTION('',(1.,0.));
#7099 = ( GEOMETRIC_REPRESENTATION_CONTEXT(2) 
PARAMETRIC_REPRESENTATION_CONTEXT() REPRESENTATION_CONTEXT('2D SPACE',''
  ) );
#7100 = ORIENTED_EDGE('',*,*,#6756,.T.);
#7101 = ORIENTED_EDGE('',*,*,#7054,.T.);
#7102 = ORIENTED_EDGE('',*,*,#7103,.F.);
#7103 = EDGE_CURVE('',#7079,#7032,#7104,.T.);
#7104 = SURFACE_CURVE('',#7105,(#7109,#7116),.PCURVE_S1.);
#7105 = LINE('',#7106,#7107);
#7106 = CARTESIAN_POINT('',(60.,290.,280.));
#7107 = VECTOR('',#7108,1.);
#7108 = DIRECTION('',(0.,0.,-1.));
#7109 = PCURVE('',#6772,#7110);
#7110 = DEFINITIONAL_REPRESENTATION('',(#7111),#7115);
#7111 = LINE('',#7112,#7113);
#7112 = CARTESIAN_POINT('',(0.,290.));
#7113 = VECTOR('',#7114,1.);
#7114 = DIRECTION('',(1.,0.));
#7115 = ( GEOMETRIC_REPRESENTATION_CONTEXT(2) 
PARAMETRIC_REPRESENTATION_CONTEXT() REPRESENTATION_CONTEXT('2D SPACE',''
  ) );
#7116 = PCURVE('',#6874,#7117);
#7117 = DEFINITIONAL_REPRESENTATION('',(#7118),#7122);
#7118 = LINE('',#7119,#7120);
#7119 = CARTESIAN_POINT('',(0.,-40.));
#7120 = VECTOR('',#7121,1.);
#7121 = DIRECTION('',(1.,0.));
#7122 = ( GEOMETRIC_REPRESENTATION_CONTEXT(2) 
PARAMETRIC_REPRESENTATION_CONTEXT() REPRESENTATION_CONTEXT('2D SPACE',''
  ) );
#7123 = ADVANCED_FACE('',(#7124,#7150,#7185,#7220,#7255),#6744,.F.);
#7124 = FACE_BOUND('',#7125,.F.);
#7125 = EDGE_LOOP('',(#7126,#7127,#7128,#7149));
#7126 = ORIENTED_EDGE('',*,*,#6728,.F.);
#7127 = ORIENTED_EDGE('',*,*,#6813,.T.);
#7128 = ORIENTED_EDGE('',*,*,#7129,.T.);
#7129 = EDGE_CURVE('',#6814,#7079,#7130,.T.);
#7130 = SURFACE_CURVE('',#7131,(#7135,#7142),.PCURVE_S1.);
#7131 = LINE('',#7132,#7133);
#7132 = CARTESIAN_POINT('',(20.,290.,280.));
#7133 = VECTOR('',#7134,1.);
#7134 = DIRECTION('',(1.,0.,0.));
#7135 = PCURVE('',#6744,#7136);
#7136 = DEFINITIONAL_REPRESENTATION('',(#7137),#7141);
#7137 = LINE('',#7138,#7139);
#7138 = CARTESIAN_POINT('',(290.,0.));
#7139 = VECTOR('',#7140,1.);
#7140 = DIRECTION('',(0.,1.));
#7141 = ( GEOMETRIC_REPRESENTATION_CONTEXT(2) 
PARAMETRIC_REPRESENTATION_CONTEXT() REPRESENTATION_CONTEXT('2D SPACE',''
  ) );
#7142 = PCURVE('',#6874,#7143);
#7143 = DEFINITIONAL_REPRESENTATION('',(#7144),#7148);
#7144 = LINE('',#7145,#7146);
#7145 = CARTESIAN_POINT('',(0.,0.));
#7146 = VECTOR('',#7147,1.);
#7147 = DIRECTION('',(0.,-1.));
#7148 = ( GEOMETRIC_REPRESENTATION_CONTEXT(2) 
PARAMETRIC_REPRESENTATION_CONTEXT() REPRESENTATION_CONTEXT('2D SPACE',''
  ) );
#7149 = ORIENTED_EDGE('',*,*,#7078,.F.);
#7150 = FACE_BOUND('',#7151,.F.);
#7151 = EDGE_LOOP('',(#7152));
#7152 = ORIENTED_EDGE('',*,*,#7153,.T.);
#7153 = EDGE_CURVE('',#7154,#7154,#7156,.T.);
#7154 = VERTEX_POINT('',#7155);
#7155 = CARTESIAN_POINT('',(41.5,28.,280.));
#7156 = SURFACE_CURVE('',#7157,(#7162,#7173),.PCURVE_S1.);
#7157 = CIRCLE('',#7158,1.5);
#7158 = AXIS2_PLACEMENT_3D('',#7159,#7160,#7161);
#7159 = CARTESIAN_POINT('',(40.,28.,280.));
#7160 = DIRECTION('',(0.,-0.,1.));
#7161 = DIRECTION('',(1.,0.,0.));
#7162 = PCURVE('',#6744,#7163);
#7163 = DEFINITIONAL_REPRESENTATION('',(#7164),#7172);
#7164 = ( BOUNDED_CURVE() B_SPLINE_CURVE(2,(#7165,#7166,#7167,#7168,
#7169,#7170,#7171),.UNSPECIFIED.,.T.,.F.) B_SPLINE_CURVE_WITH_KNOTS((1,2
    ,2,2,2,1),(-2.094395102393,0.,2.094395102393,4.188790204786,
6.28318530718,8.377580409573),.UNSPECIFIED.) CURVE() 
GEOMETRIC_REPRESENTATION_ITEM() RATIONAL_B_SPLINE_CURVE((1.,0.5,1.,0.5,
1.,0.5,1.)) REPRESENTATION_ITEM('') );
#7165 = CARTESIAN_POINT('',(28.,21.5));
#7166 = CARTESIAN_POINT('',(30.598076211353,21.5));
#7167 = CARTESIAN_POINT('',(29.299038105677,19.25));
#7168 = CARTESIAN_POINT('',(28.,17.));
#7169 = CARTESIAN_POINT('',(26.700961894323,19.25));
#7170 = CARTESIAN_POINT('',(25.401923788647,21.5));
#7171 = CARTESIAN_POINT('',(28.,21.5));
#7172 = ( GEOMETRIC_REPRESENTATION_CONTEXT(2) 
PARAMETRIC_REPRESENTATION_CONTEXT() REPRESENTATION_CONTEXT('2D SPACE',''
  ) );
#7173 = PCURVE('',#7174,#7179);
#7174 = CYLINDRICAL_SURFACE('',#7175,1.5);
#7175 = AXIS2_PLACEMENT_3D('',#7176,#7177,#7178);
#7176 = CARTESIAN_POINT('',(40.,28.,280.05));
#7177 = DIRECTION('',(-0.,-0.,1.));
#7178 = DIRECTION('',(1.,0.,0.));
#7179 = DEFINITIONAL_REPRESENTATION('',(#7180),#7184);
#7180 = LINE('',#7181,#7182);
#7181 = CARTESIAN_POINT('',(-6.28318530718,-5.000000000001E-02));
#7182 = VECTOR('',#7183,1.);
#7183 = DIRECTION('',(1.,-0.));
#7184 = ( GEOMETRIC_REPRESENTATION_CONTEXT(2) 
PARAMETRIC_REPRESENTATION_CONTEXT() REPRESENTATION_CONTEXT('2D SPACE',''
  ) );
#7185 = FACE_BOUND('',#7186,.F.);
#7186 = EDGE_LOOP('',(#7187));
#7187 = ORIENTED_EDGE('',*,*,#7188,.T.);
#7188 = EDGE_CURVE('',#7189,#7189,#7191,.T.);
#7189 = VERTEX_POINT('',#7190);
#7190 = CARTESIAN_POINT('',(41.5,117.,280.));
#7191 = SURFACE_CURVE('',#7192,(#7197,#7208),.PCURVE_S1.);
#7192 = CIRCLE('',#7193,1.5);
#7193 = AXIS2_PLACEMENT_3D('',#7194,#7195,#7196);
#7194 = CARTESIAN_POINT('',(40.,117.,280.));
#7195 = DIRECTION('',(0.,-0.,1.));
#7196 = DIRECTION('',(1.,0.,0.));
#7197 = PCURVE('',#6744,#7198);
#7198 = DEFINITIONAL_REPRESENTATION('',(#7199),#7207);
#7199 = ( BOUNDED_CURVE() B_SPLINE_CURVE(2,(#7200,#7201,#7202,#7203,
#7204,#7205,#7206),.UNSPECIFIED.,.T.,.F.) B_SPLINE_CURVE_WITH_KNOTS((1,2
    ,2,2,2,1),(-2.094395102393,0.,2.094395102393,4.188790204786,
6.28318530718,8.377580409573),.UNSPECIFIED.) CURVE() 
GEOMETRIC_REPRESENTATION_ITEM() RATIONAL_B_SPLINE_CURVE((1.,0.5,1.,0.5,
1.,0.5,1.)) REPRESENTATION_ITEM('') );
#7200 = CARTESIAN_POINT('',(117.,21.5));
#7201 = CARTESIAN_POINT('',(119.59807621135,21.5));
#7202 = CARTESIAN_POINT('',(118.29903810567,19.25));
#7203 = CARTESIAN_POINT('',(117.,17.));
#7204 = CARTESIAN_POINT('',(115.70096189432,19.25));
#7205 = CARTESIAN_POINT('',(114.40192378864,21.5));
#7206 = CARTESIAN_POINT('',(117.,21.5));
#7207 = ( GEOMETRIC_REPRESENTATION_CONTEXT(2) 
PARAMETRIC_REPRESENTATION_CONTEXT() REPRESENTATION_CONTEXT('2D SPACE',''
  ) );
#7208 = PCURVE('',#7209,#7214);
#7209 = CYLINDRICAL_SURFACE('',#7210,1.5);
#7210 = AXIS2_PLACEMENT_3D('',#7211,#7212,#7213);
#7211 = CARTESIAN_POINT('',(40.,117.,280.05));
#7212 = DIRECTION('',(-0.,-0.,1.));
#7213 = DIRECTION('',(1.,0.,0.));
#7214 = DEFINITIONAL_REPRESENTATION('',(#7215),#7219);
#7215 = LINE('',#7216,#7217);
#7216 = CARTESIAN_POINT('',(-6.28318530718,-5.000000000001E-02));
#7217 = VECTOR('',#7218,1.);
#7218 = DIRECTION('',(1.,-0.));
#7219 = ( GEOMETRIC_REPRESENTATION_CONTEXT(2) 
PARAMETRIC_REPRESENTATION_CONTEXT() REPRESENTATION_CONTEXT('2D SPACE',''
  ) );
#7220 = FACE_BOUND('',#7221,.F.);
#7221 = EDGE_LOOP('',(#7222));
#7222 = ORIENTED_EDGE('',*,*,#7223,.T.);
#7223 = EDGE_CURVE('',#7224,#7224,#7226,.T.);
#7224 = VERTEX_POINT('',#7225);
#7225 = CARTESIAN_POINT('',(41.5,173.,280.));
#7226 = SURFACE_CURVE('',#7227,(#7232,#7243),.PCURVE_S1.);
#7227 = CIRCLE('',#7228,1.5);
#7228 = AXIS2_PLACEMENT_3D('',#7229,#7230,#7231);
#7229 = CARTESIAN_POINT('',(40.,173.,280.));
#7230 = DIRECTION('',(0.,-0.,1.));
#7231 = DIRECTION('',(1.,0.,0.));
#7232 = PCURVE('',#6744,#7233);
#7233 = DEFINITIONAL_REPRESENTATION('',(#7234),#7242);
#7234 = ( BOUNDED_CURVE() B_SPLINE_CURVE(2,(#7235,#7236,#7237,#7238,
#7239,#7240,#7241),.UNSPECIFIED.,.T.,.F.) B_SPLINE_CURVE_WITH_KNOTS((1,2
    ,2,2,2,1),(-2.094395102393,0.,2.094395102393,4.188790204786,
6.28318530718,8.377580409573),.UNSPECIFIED.) CURVE() 
GEOMETRIC_REPRESENTATION_ITEM() RATIONAL_B_SPLINE_CURVE((1.,0.5,1.,0.5,
1.,0.5,1.)) REPRESENTATION_ITEM('') );
#7235 = CARTESIAN_POINT('',(173.,21.5));
#7236 = CARTESIAN_POINT('',(175.59807621135,21.5));
#7237 = CARTESIAN_POINT('',(174.29903810567,19.25));
#7238 = CARTESIAN_POINT('',(173.,17.));
#7239 = CARTESIAN_POINT('',(171.70096189432,19.25));
#7240 = CARTESIAN_POINT('',(170.40192378864,21.5));
#7241 = CARTESIAN_POINT('',(173.,21.5));
#7242 = ( GEOMETRIC_REPRESENTATION_CONTEXT(2) 
PARAMETRIC_REPRESENTATION_CONTEXT() REPRESENTATION_CONTEXT('2D SPACE',''
  ) );
#7243 = PCURVE('',#7244,#7249);
#7244 = CYLINDRICAL_SURFACE('',#7245,1.5);
#7245 = AXIS2_PLACEMENT_3D('',#7246,#7247,#7248);
#7246 = CARTESIAN_POINT('',(40.,173.,280.05));
#7247 = DIRECTION('',(-0.,-0.,1.));
#7248 = DIRECTION('',(1.,0.,0.));
#7249 = DEFINITIONAL_REPRESENTATION('',(#7250),#7254);
#7250 = LINE('',#7251,#7252);
#7251 = CARTESIAN_POINT('',(-6.28318530718,-5.000000000001E-02));
#7252 = VECTOR('',#7253,1.);
#7253 = DIRECTION('',(1.,-0.));
#7254 = ( GEOMETRIC_REPRESENTATION_CONTEXT(2) 
PARAMETRIC_REPRESENTATION_CONTEXT() REPRESENTATION_CONTEXT('2D SPACE',''
  ) );
#7255 = FACE_BOUND('',#7256,.F.);
#7256 = EDGE_LOOP('',(#7257));
#7257 = ORIENTED_EDGE('',*,*,#7258,.T.);
#7258 = EDGE_CURVE('',#7259,#7259,#7261,.T.);
#7259 = VERTEX_POINT('',#7260);
#7260 = CARTESIAN_POINT('',(41.5,262.,280.));
#7261 = SURFACE_CURVE('',#7262,(#7267,#7278),.PCURVE_S1.);
#7262 = CIRCLE('',#7263,1.5);
#7263 = AXIS2_PLACEMENT_3D('',#7264,#7265,#7266);
#7264 = CARTESIAN_POINT('',(40.,262.,280.));
#7265 = DIRECTION('',(0.,-0.,1.));
#7266 = DIRECTION('',(1.,0.,0.));
#7267 = PCURVE('',#6744,#7268);
#7268 = DEFINITIONAL_REPRESENTATION('',(#7269),#7277);
#7269 = ( BOUNDED_CURVE() B_SPLINE_CURVE(2,(#7270,#7271,#7272,#7273,
#7274,#7275,#7276),.UNSPECIFIED.,.T.,.F.) B_SPLINE_CURVE_WITH_KNOTS((1,2
    ,2,2,2,1),(-2.094395102393,0.,2.094395102393,4.188790204786,
6.28318530718,8.377580409573),.UNSPECIFIED.) CURVE() 
GEOMETRIC_REPRESENTATION_ITEM() RATIONAL_B_SPLINE_CURVE((1.,0.5,1.,0.5,
1.,0.5,1.)) REPRESENTATION_ITEM('') );
#7270 = CARTESIAN_POINT('',(262.,21.5));
#7271 = CARTESIAN_POINT('',(264.59807621135,21.5));
#7272 = CARTESIAN_POINT('',(263.29903810567,19.25));
#7273 = CARTESIAN_POINT('',(262.,17.));
#7274 = CARTESIAN_POINT('',(260.70096189432,19.25));
#7275 = CARTESIAN_POINT('',(259.40192378864,21.5));
#7276 = CARTESIAN_POINT('',(262.,21.5));
#7277 = ( GEOMETRIC_REPRESENTATION_CONTEXT(2) 
PARAMETRIC_REPRESENTATION_CONTEXT() REPRESENTATION_CONTEXT('2D SPACE',''
  ) );
#7278 = PCURVE('',#7279,#7284);
#7279 = CYLINDRICAL_SURFACE('',#7280,1.5);
#7280 = AXIS2_PLACEMENT_3D('',#7281,#7282,#7283);
#7281 = CARTESIAN_POINT('',(40.,262.,280.05));
#7282 = DIRECTION('',(-0.,-0.,1.));
#7283 = DIRECTION('',(1.,0.,0.));
#7284 = DEFINITIONAL_REPRESENTATION('',(#7285),#7289);
#7285 = LINE('',#7286,#7287);
#7286 = CARTESIAN_POINT('',(-6.28318530718,-5.000000000001E-02));
#7287 = VECTOR('',#7288,1.);
#7288 = DIRECTION('',(1.,-0.));
#7289 = ( GEOMETRIC_REPRESENTATION_CONTEXT(2) 
PARAMETRIC_REPRESENTATION_CONTEXT() REPRESENTATION_CONTEXT('2D SPACE',''
  ) );
#7290 = ADVANCED_FACE('',(#7291),#6874,.T.);
#7291 = FACE_BOUND('',#7292,.T.);
#7292 = EDGE_LOOP('',(#7293,#7294,#7295,#7296));
#7293 = ORIENTED_EDGE('',*,*,#6860,.F.);
#7294 = ORIENTED_EDGE('',*,*,#7129,.T.);
#7295 = ORIENTED_EDGE('',*,*,#7103,.T.);
#7296 = ORIENTED_EDGE('',*,*,#7031,.F.);
#7297 = ADVANCED_FACE('',(#7298),#6909,.F.);
#7298 = FACE_BOUND('',#7299,.T.);
#7299 = EDGE_LOOP('',(#7300,#7301,#7324,#7351));
#7300 = ORIENTED_EDGE('',*,*,#6888,.T.);
#7301 = ORIENTED_EDGE('',*,*,#7302,.T.);
#7302 = EDGE_CURVE('',#6889,#7303,#7305,.T.);
#7303 = VERTEX_POINT('',#7304);
#7304 = CARTESIAN_POINT('',(51.05,26.25,260.));
#7305 = SEAM_CURVE('',#7306,(#7310,#7317),.PCURVE_S1.);
#7306 = LINE('',#7307,#7308);
#7307 = CARTESIAN_POINT('',(19.95,26.25,260.));
#7308 = VECTOR('',#7309,1.);
#7309 = DIRECTION('',(1.,0.,0.));
#7310 = PCURVE('',#6909,#7311);
#7311 = DEFINITIONAL_REPRESENTATION('',(#7312),#7316);
#7312 = LINE('',#7313,#7314);
#7313 = CARTESIAN_POINT('',(-6.28318530718,0.));
#7314 = VECTOR('',#7315,1.);
#7315 = DIRECTION('',(-0.,-1.));
#7316 = ( GEOMETRIC_REPRESENTATION_CONTEXT(2) 
PARAMETRIC_REPRESENTATION_CONTEXT() REPRESENTATION_CONTEXT('2D SPACE',''
  ) );
#7317 = PCURVE('',#6909,#7318);
#7318 = DEFINITIONAL_REPRESENTATION('',(#7319),#7323);
#7319 = LINE('',#7320,#7321);
#7320 = CARTESIAN_POINT('',(-0.,0.));
#7321 = VECTOR('',#7322,1.);
#7322 = DIRECTION('',(-0.,-1.));
#7323 = ( GEOMETRIC_REPRESENTATION_CONTEXT(2) 
PARAMETRIC_REPRESENTATION_CONTEXT() REPRESENTATION_CONTEXT('2D SPACE',''
  ) );
#7324 = ORIENTED_EDGE('',*,*,#7325,.T.);
#7325 = EDGE_CURVE('',#7303,#7303,#7326,.T.);
#7326 = SURFACE_CURVE('',#7327,(#7332,#7339),.PCURVE_S1.);
#7327 = CIRCLE('',#7328,1.25);
#7328 = AXIS2_PLACEMENT_3D('',#7329,#7330,#7331);
#7329 = CARTESIAN_POINT('',(51.05,25.,260.));
#7330 = DIRECTION('',(1.,0.,0.));
#7331 = DIRECTION('',(0.,1.,0.));
#7332 = PCURVE('',#6909,#7333);
#7333 = DEFINITIONAL_REPRESENTATION('',(#7334),#7338);
#7334 = LINE('',#7335,#7336);
#7335 = CARTESIAN_POINT('',(-0.,-31.1));
#7336 = VECTOR('',#7337,1.);
#7337 = DIRECTION('',(-1.,0.));
#7338 = ( GEOMETRIC_REPRESENTATION_CONTEXT(2) 
PARAMETRIC_REPRESENTATION_CONTEXT() REPRESENTATION_CONTEXT('2D SPACE',''
  ) );
#7339 = PCURVE('',#7340,#7345);
#7340 = PLANE('',#7341);
#7341 = AXIS2_PLACEMENT_3D('',#7342,#7343,#7344);
#7342 = CARTESIAN_POINT('',(51.05,25.,260.));
#7343 = DIRECTION('',(1.,0.,0.));
#7344 = DIRECTION('',(-0.,0.,1.));
#7345 = DEFINITIONAL_REPRESENTATION('',(#7346),#7350);
#7346 = CIRCLE('',#7347,1.25);
#7347 = AXIS2_PLACEMENT_2D('',#7348,#7349);
#7348 = CARTESIAN_POINT('',(0.,3.552713678801E-15));
#7349 = DIRECTION('',(0.,-1.));
#7350 = ( GEOMETRIC_REPRESENTATION_CONTEXT(2) 
PARAMETRIC_REPRESENTATION_CONTEXT() REPRESENTATION_CONTEXT('2D SPACE',''
  ) );
#7351 = ORIENTED_EDGE('',*,*,#7302,.F.);
#7352 = ADVANCED_FACE('',(#7353),#6944,.F.);
#7353 = FACE_BOUND('',#7354,.T.);
#7354 = EDGE_LOOP('',(#7355,#7356,#7379,#7406));
#7355 = ORIENTED_EDGE('',*,*,#6923,.T.);
#7356 = ORIENTED_EDGE('',*,*,#7357,.T.);
#7357 = EDGE_CURVE('',#6924,#7358,#7360,.T.);
#7358 = VERTEX_POINT('',#7359);
#7359 = CARTESIAN_POINT('',(51.05,121.25,260.));
#7360 = SEAM_CURVE('',#7361,(#7365,#7372),.PCURVE_S1.);
#7361 = LINE('',#7362,#7363);
#7362 = CARTESIAN_POINT('',(19.95,121.25,260.));
#7363 = VECTOR('',#7364,1.);
#7364 = DIRECTION('',(1.,0.,0.));
#7365 = PCURVE('',#6944,#7366);
#7366 = DEFINITIONAL_REPRESENTATION('',(#7367),#7371);
#7367 = LINE('',#7368,#7369);
#7368 = CARTESIAN_POINT('',(-6.28318530718,0.));
#7369 = VECTOR('',#7370,1.);
#7370 = DIRECTION('',(-0.,-1.));
#7371 = ( GEOMETRIC_REPRESENTATION_CONTEXT(2) 
PARAMETRIC_REPRESENTATION_CONTEXT() REPRESENTATION_CONTEXT('2D SPACE',''
  ) );
#7372 = PCURVE('',#6944,#7373);
#7373 = DEFINITIONAL_REPRESENTATION('',(#7374),#7378);
#7374 = LINE('',#7375,#7376);
#7375 = CARTESIAN_POINT('',(-0.,0.));
#7376 = VECTOR('',#7377,1.);
#7377 = DIRECTION('',(-0.,-1.));
#7378 = ( GEOMETRIC_REPRESENTATION_CONTEXT(2) 
PARAMETRIC_REPRESENTATION_CONTEXT() REPRESENTATION_CONTEXT('2D SPACE',''
  ) );
#7379 = ORIENTED_EDGE('',*,*,#7380,.T.);
#7380 = EDGE_CURVE('',#7358,#7358,#7381,.T.);
#7381 = SURFACE_CURVE('',#7382,(#7387,#7394),.PCURVE_S1.);
#7382 = CIRCLE('',#7383,1.25);
#7383 = AXIS2_PLACEMENT_3D('',#7384,#7385,#7386);
#7384 = CARTESIAN_POINT('',(51.05,120.,260.));
#7385 = DIRECTION('',(1.,0.,0.));
#7386 = DIRECTION('',(0.,1.,0.));
#7387 = PCURVE('',#6944,#7388);
#7388 = DEFINITIONAL_REPRESENTATION('',(#7389),#7393);
#7389 = LINE('',#7390,#7391);
#7390 = CARTESIAN_POINT('',(-0.,-31.1));
#7391 = VECTOR('',#7392,1.);
#7392 = DIRECTION('',(-1.,0.));
#7393 = ( GEOMETRIC_REPRESENTATION_CONTEXT(2) 
PARAMETRIC_REPRESENTATION_CONTEXT() REPRESENTATION_CONTEXT('2D SPACE',''
  ) );
#7394 = PCURVE('',#7395,#7400);
#7395 = PLANE('',#7396);
#7396 = AXIS2_PLACEMENT_3D('',#7397,#7398,#7399);
#7397 = CARTESIAN_POINT('',(51.05,120.,260.));
#7398 = DIRECTION('',(1.,0.,0.));
#7399 = DIRECTION('',(-0.,0.,1.));
#7400 = DEFINITIONAL_REPRESENTATION('',(#7401),#7405);
#7401 = CIRCLE('',#7402,1.25);
#7402 = AXIS2_PLACEMENT_2D('',#7403,#7404);
#7403 = CARTESIAN_POINT('',(0.,1.42108547152E-14));
#7404 = DIRECTION('',(0.,-1.));
#7405 = ( GEOMETRIC_REPRESENTATION_CONTEXT(2) 
PARAMETRIC_REPRESENTATION_CONTEXT() REPRESENTATION_CONTEXT('2D SPACE',''
  ) );
#7406 = ORIENTED_EDGE('',*,*,#7357,.F.);
#7407 = ADVANCED_FACE('',(#7408),#6979,.F.);
#7408 = FACE_BOUND('',#7409,.T.);
#7409 = EDGE_LOOP('',(#7410,#7411,#7434,#7461));
#7410 = ORIENTED_EDGE('',*,*,#6958,.T.);
#7411 = ORIENTED_EDGE('',*,*,#7412,.T.);
#7412 = EDGE_CURVE('',#6959,#7413,#7415,.T.);
#7413 = VERTEX_POINT('',#7414);
#7414 = CARTESIAN_POINT('',(51.05,171.25,260.));
#7415 = SEAM_CURVE('',#7416,(#7420,#7427),.PCURVE_S1.);
#7416 = LINE('',#7417,#7418);
#7417 = CARTESIAN_POINT('',(19.95,171.25,260.));
#7418 = VECTOR('',#7419,1.);
#7419 = DIRECTION('',(1.,0.,0.));
#7420 = PCURVE('',#6979,#7421);
#7421 = DEFINITIONAL_REPRESENTATION('',(#7422),#7426);
#7422 = LINE('',#7423,#7424);
#7423 = CARTESIAN_POINT('',(-6.28318530718,0.));
#7424 = VECTOR('',#7425,1.);
#7425 = DIRECTION('',(-0.,-1.));
#7426 = ( GEOMETRIC_REPRESENTATION_CONTEXT(2) 
PARAMETRIC_REPRESENTATION_CONTEXT() REPRESENTATION_CONTEXT('2D SPACE',''
  ) );
#7427 = PCURVE('',#6979,#7428);
#7428 = DEFINITIONAL_REPRESENTATION('',(#7429),#7433);
#7429 = LINE('',#7430,#7431);
#7430 = CARTESIAN_POINT('',(-0.,0.));
#7431 = VECTOR('',#7432,1.);
#7432 = DIRECTION('',(-0.,-1.));
#7433 = ( GEOMETRIC_REPRESENTATION_CONTEXT(2) 
PARAMETRIC_REPRESENTATION_CONTEXT() REPRESENTATION_CONTEXT('2D SPACE',''
  ) );
#7434 = ORIENTED_EDGE('',*,*,#7435,.T.);
#7435 = EDGE_CURVE('',#7413,#7413,#7436,.T.);
#7436 = SURFACE_CURVE('',#7437,(#7442,#7449),.PCURVE_S1.);
#7437 = CIRCLE('',#7438,1.25);
#7438 = AXIS2_PLACEMENT_3D('',#7439,#7440,#7441);
#7439 = CARTESIAN_POINT('',(51.05,170.,260.));
#7440 = DIRECTION('',(1.,0.,0.));
#7441 = DIRECTION('',(0.,1.,0.));
#7442 = PCURVE('',#6979,#7443);
#7443 = DEFINITIONAL_REPRESENTATION('',(#7444),#7448);
#7444 = LINE('',#7445,#7446);
#7445 = CARTESIAN_POINT('',(-0.,-31.1));
#7446 = VECTOR('',#7447,1.);
#7447 = DIRECTION('',(-1.,0.));
#7448 = ( GEOMETRIC_REPRESENTATION_CONTEXT(2) 
PARAMETRIC_REPRESENTATION_CONTEXT() REPRESENTATION_CONTEXT('2D SPACE',''
  ) );
#7449 = PCURVE('',#7450,#7455);
#7450 = PLANE('',#7451);
#7451 = AXIS2_PLACEMENT_3D('',#7452,#7453,#7454);
#7452 = CARTESIAN_POINT('',(51.05,170.,260.));
#7453 = DIRECTION('',(1.,0.,0.));
#7454 = DIRECTION('',(-0.,0.,1.));
#7455 = DEFINITIONAL_REPRESENTATION('',(#7456),#7460);
#7456 = CIRCLE('',#7457,1.25);
#7457 = AXIS2_PLACEMENT_2D('',#7458,#7459);
#7458 = CARTESIAN_POINT('',(0.,0.));
#7459 = DIRECTION('',(0.,-1.));
#7460 = ( GEOMETRIC_REPRESENTATION_CONTEXT(2) 
PARAMETRIC_REPRESENTATION_CONTEXT() REPRESENTATION_CONTEXT('2D SPACE',''
  ) );
#7461 = ORIENTED_EDGE('',*,*,#7412,.F.);
#7462 = ADVANCED_FACE('',(#7463),#7014,.F.);
#7463 = FACE_BOUND('',#7464,.T.);
#7464 = EDGE_LOOP('',(#7465,#7466,#7489,#7516));
#7465 = ORIENTED_EDGE('',*,*,#6993,.T.);
#7466 = ORIENTED_EDGE('',*,*,#7467,.T.);
#7467 = EDGE_CURVE('',#6994,#7468,#7470,.T.);
#7468 = VERTEX_POINT('',#7469);
#7469 = CARTESIAN_POINT('',(51.05,266.25,260.));
#7470 = SEAM_CURVE('',#7471,(#7475,#7482),.PCURVE_S1.);
#7471 = LINE('',#7472,#7473);
#7472 = CARTESIAN_POINT('',(19.95,266.25,260.));
#7473 = VECTOR('',#7474,1.);
#7474 = DIRECTION('',(1.,0.,0.));
#7475 = PCURVE('',#7014,#7476);
#7476 = DEFINITIONAL_REPRESENTATION('',(#7477),#7481);
#7477 = LINE('',#7478,#7479);
#7478 = CARTESIAN_POINT('',(-6.28318530718,0.));
#7479 = VECTOR('',#7480,1.);
#7480 = DIRECTION('',(-0.,-1.));
#7481 = ( GEOMETRIC_REPRESENTATION_CONTEXT(2) 
PARAMETRIC_REPRESENTATION_CONTEXT() REPRESENTATION_CONTEXT('2D SPACE',''
  ) );
#7482 = PCURVE('',#7014,#7483);
#7483 = DEFINITIONAL_REPRESENTATION('',(#7484),#7488);
#7484 = LINE('',#7485,#7486);
#7485 = CARTESIAN_POINT('',(-0.,0.));
#7486 = VECTOR('',#7487,1.);
#7487 = DIRECTION('',(-0.,-1.));
#7488 = ( GEOMETRIC_REPRESENTATION_CONTEXT(2) 
PARAMETRIC_REPRESENTATION_CONTEXT() REPRESENTATION_CONTEXT('2D SPACE',''
  ) );
#7489 = ORIENTED_EDGE('',*,*,#7490,.T.);
#7490 = EDGE_CURVE('',#7468,#7468,#7491,.T.);
#7491 = SURFACE_CURVE('',#7492,(#7497,#7504),.PCURVE_S1.);
#7492 = CIRCLE('',#7493,1.25);
#7493 = AXIS2_PLACEMENT_3D('',#7494,#7495,#7496);
#7494 = CARTESIAN_POINT('',(51.05,265.,260.));
#7495 = DIRECTION('',(1.,0.,0.));
#7496 = DIRECTION('',(0.,1.,0.));
#7497 = PCURVE('',#7014,#7498);
#7498 = DEFINITIONAL_REPRESENTATION('',(#7499),#7503);
#7499 = LINE('',#7500,#7501);
#7500 = CARTESIAN_POINT('',(-0.,-31.1));
#7501 = VECTOR('',#7502,1.);
#7502 = DIRECTION('',(-1.,0.));
#7503 = ( GEOMETRIC_REPRESENTATION_CONTEXT(2) 
PARAMETRIC_REPRESENTATION_CONTEXT() REPRESENTATION_CONTEXT('2D SPACE',''
  ) );
#7504 = PCURVE('',#7505,#7510);
#7505 = PLANE('',#7506);
#7506 = AXIS2_PLACEMENT_3D('',#7507,#7508,#7509);
#7507 = CARTESIAN_POINT('',(51.05,265.,260.));
#7508 = DIRECTION('',(1.,0.,0.));
#7509 = DIRECTION('',(-0.,0.,1.));
#7510 = DEFINITIONAL_REPRESENTATION('',(#7511),#7515);
#7511 = CIRCLE('',#7512,1.25);
#7512 = AXIS2_PLACEMENT_2D('',#7513,#7514);
#7513 = CARTESIAN_POINT('',(0.,0.));
#7514 = DIRECTION('',(0.,-1.));
#7515 = ( GEOMETRIC_REPRESENTATION_CONTEXT(2) 
PARAMETRIC_REPRESENTATION_CONTEXT() REPRESENTATION_CONTEXT('2D SPACE',''
  ) );
#7516 = ORIENTED_EDGE('',*,*,#7467,.F.);
#7517 = ADVANCED_FACE('',(#7518),#7174,.F.);
#7518 = FACE_BOUND('',#7519,.T.);
#7519 = EDGE_LOOP('',(#7520,#7521,#7544,#7571));
#7520 = ORIENTED_EDGE('',*,*,#7153,.T.);
#7521 = ORIENTED_EDGE('',*,*,#7522,.T.);
#7522 = EDGE_CURVE('',#7154,#7523,#7525,.T.);
#7523 = VERTEX_POINT('',#7524);
#7524 = CARTESIAN_POINT('',(41.5,28.,259.95));
#7525 = SEAM_CURVE('',#7526,(#7530,#7537),.PCURVE_S1.);
#7526 = LINE('',#7527,#7528);
#7527 = CARTESIAN_POINT('',(41.5,28.,280.05));
#7528 = VECTOR('',#7529,1.);
#7529 = DIRECTION('',(0.,0.,-1.));
#7530 = PCURVE('',#7174,#7531);
#7531 = DEFINITIONAL_REPRESENTATION('',(#7532),#7536);
#7532 = LINE('',#7533,#7534);
#7533 = CARTESIAN_POINT('',(-6.28318530718,0.));
#7534 = VECTOR('',#7535,1.);
#7535 = DIRECTION('',(-0.,-1.));
#7536 = ( GEOMETRIC_REPRESENTATION_CONTEXT(2) 
PARAMETRIC_REPRESENTATION_CONTEXT() REPRESENTATION_CONTEXT('2D SPACE',''
  ) );
#7537 = PCURVE('',#7174,#7538);
#7538 = DEFINITIONAL_REPRESENTATION('',(#7539),#7543);
#7539 = LINE('',#7540,#7541);
#7540 = CARTESIAN_POINT('',(-0.,0.));
#7541 = VECTOR('',#7542,1.);
#7542 = DIRECTION('',(-0.,-1.));
#7543 = ( GEOMETRIC_REPRESENTATION_CONTEXT(2) 
PARAMETRIC_REPRESENTATION_CONTEXT() REPRESENTATION_CONTEXT('2D SPACE',''
  ) );
#7544 = ORIENTED_EDGE('',*,*,#7545,.T.);
#7545 = EDGE_CURVE('',#7523,#7523,#7546,.T.);
#7546 = SURFACE_CURVE('',#7547,(#7552,#7559),.PCURVE_S1.);
#7547 = CIRCLE('',#7548,1.5);
#7548 = AXIS2_PLACEMENT_3D('',#7549,#7550,#7551);
#7549 = CARTESIAN_POINT('',(40.,28.,259.95));
#7550 = DIRECTION('',(0.,0.,-1.));
#7551 = DIRECTION('',(1.,0.,0.));
#7552 = PCURVE('',#7174,#7553);
#7553 = DEFINITIONAL_REPRESENTATION('',(#7554),#7558);
#7554 = LINE('',#7555,#7556);
#7555 = CARTESIAN_POINT('',(-0.,-20.1));
#7556 = VECTOR('',#7557,1.);
#7557 = DIRECTION('',(-1.,0.));
#7558 = ( GEOMETRIC_REPRESENTATION_CONTEXT(2) 
PARAMETRIC_REPRESENTATION_CONTEXT() REPRESENTATION_CONTEXT('2D SPACE',''
  ) );
#7559 = PCURVE('',#7560,#7565);
#7560 = PLANE('',#7561);
#7561 = AXIS2_PLACEMENT_3D('',#7562,#7563,#7564);
#7562 = CARTESIAN_POINT('',(40.,28.,259.95));
#7563 = DIRECTION('',(-0.,-0.,-1.));
#7564 = DIRECTION('',(-1.,0.,0.));
#7565 = DEFINITIONAL_REPRESENTATION('',(#7566),#7570);
#7566 = CIRCLE('',#7567,1.5);
#7567 = AXIS2_PLACEMENT_2D('',#7568,#7569);
#7568 = CARTESIAN_POINT('',(0.,0.));
#7569 = DIRECTION('',(-1.,0.));
#7570 = ( GEOMETRIC_REPRESENTATION_CONTEXT(2) 
PARAMETRIC_REPRESENTATION_CONTEXT() REPRESENTATION_CONTEXT('2D SPACE',''
  ) );
#7571 = ORIENTED_EDGE('',*,*,#7522,.F.);
#7572 = ADVANCED_FACE('',(#7573),#7209,.F.);
#7573 = FACE_BOUND('',#7574,.T.);
#7574 = EDGE_LOOP('',(#7575,#7576,#7599,#7626));
#7575 = ORIENTED_EDGE('',*,*,#7188,.T.);
#7576 = ORIENTED_EDGE('',*,*,#7577,.T.);
#7577 = EDGE_CURVE('',#7189,#7578,#7580,.T.);
#7578 = VERTEX_POINT('',#7579);
#7579 = CARTESIAN_POINT('',(41.5,117.,259.95));
#7580 = SEAM_CURVE('',#7581,(#7585,#7592),.PCURVE_S1.);
#7581 = LINE('',#7582,#7583);
#7582 = CARTESIAN_POINT('',(41.5,117.,280.05));
#7583 = VECTOR('',#7584,1.);
#7584 = DIRECTION('',(0.,0.,-1.));
#7585 = PCURVE('',#7209,#7586);
#7586 = DEFINITIONAL_REPRESENTATION('',(#7587),#7591);
#7587 = LINE('',#7588,#7589);
#7588 = CARTESIAN_POINT('',(-6.28318530718,0.));
#7589 = VECTOR('',#7590,1.);
#7590 = DIRECTION('',(-0.,-1.));
#7591 = ( GEOMETRIC_REPRESENTATION_CONTEXT(2) 
PARAMETRIC_REPRESENTATION_CONTEXT() REPRESENTATION_CONTEXT('2D SPACE',''
  ) );
#7592 = PCURVE('',#7209,#7593);
#7593 = DEFINITIONAL_REPRESENTATION('',(#7594),#7598);
#7594 = LINE('',#7595,#7596);
#7595 = CARTESIAN_POINT('',(-0.,0.));
#7596 = VECTOR('',#7597,1.);
#7597 = DIRECTION('',(-0.,-1.));
#7598 = ( GEOMETRIC_REPRESENTATION_CONTEXT(2) 
PARAMETRIC_REPRESENTATION_CONTEXT() REPRESENTATION_CONTEXT('2D SPACE',''
  ) );
#7599 = ORIENTED_EDGE('',*,*,#7600,.T.);
#7600 = EDGE_CURVE('',#7578,#7578,#7601,.T.);
#7601 = SURFACE_CURVE('',#7602,(#7607,#7614),.PCURVE_S1.);
#7602 = CIRCLE('',#7603,1.5);
#7603 = AXIS2_PLACEMENT_3D('',#7604,#7605,#7606);
#7604 = CARTESIAN_POINT('',(40.,117.,259.95));
#7605 = DIRECTION('',(0.,0.,-1.));
#7606 = DIRECTION('',(1.,0.,0.));
#7607 = PCURVE('',#7209,#7608);
#7608 = DEFINITIONAL_REPRESENTATION('',(#7609),#7613);
#7609 = LINE('',#7610,#7611);
#7610 = CARTESIAN_POINT('',(-0.,-20.1));
#7611 = VECTOR('',#7612,1.);
#7612 = DIRECTION('',(-1.,0.));
#7613 = ( GEOMETRIC_REPRESENTATION_CONTEXT(2) 
PARAMETRIC_REPRESENTATION_CONTEXT() REPRESENTATION_CONTEXT('2D SPACE',''
  ) );
#7614 = PCURVE('',#7615,#7620);
#7615 = PLANE('',#7616);
#7616 = AXIS2_PLACEMENT_3D('',#7617,#7618,#7619);
#7617 = CARTESIAN_POINT('',(40.,117.,259.95));
#7618 = DIRECTION('',(-0.,-0.,-1.));
#7619 = DIRECTION('',(-1.,0.,0.));
#7620 = DEFINITIONAL_REPRESENTATION('',(#7621),#7625);
#7621 = CIRCLE('',#7622,1.5);
#7622 = AXIS2_PLACEMENT_2D('',#7623,#7624);
#7623 = CARTESIAN_POINT('',(0.,1.42108547152E-14));
#7624 = DIRECTION('',(-1.,0.));
#7625 = ( GEOMETRIC_REPRESENTATION_CONTEXT(2) 
PARAMETRIC_REPRESENTATION_CONTEXT() REPRESENTATION_CONTEXT('2D SPACE',''
  ) );
#7626 = ORIENTED_EDGE('',*,*,#7577,.F.);
#7627 = ADVANCED_FACE('',(#7628),#7244,.F.);
#7628 = FACE_BOUND('',#7629,.T.);
#7629 = EDGE_LOOP('',(#7630,#7631,#7654,#7681));
#7630 = ORIENTED_EDGE('',*,*,#7223,.T.);
#7631 = ORIENTED_EDGE('',*,*,#7632,.T.);
#7632 = EDGE_CURVE('',#7224,#7633,#7635,.T.);
#7633 = VERTEX_POINT('',#7634);
#7634 = CARTESIAN_POINT('',(41.5,173.,259.95));
#7635 = SEAM_CURVE('',#7636,(#7640,#7647),.PCURVE_S1.);
#7636 = LINE('',#7637,#7638);
#7637 = CARTESIAN_POINT('',(41.5,173.,280.05));
#7638 = VECTOR('',#7639,1.);
#7639 = DIRECTION('',(0.,0.,-1.));
#7640 = PCURVE('',#7244,#7641);
#7641 = DEFINITIONAL_REPRESENTATION('',(#7642),#7646);
#7642 = LINE('',#7643,#7644);
#7643 = CARTESIAN_POINT('',(-6.28318530718,0.));
#7644 = VECTOR('',#7645,1.);
#7645 = DIRECTION('',(-0.,-1.));
#7646 = ( GEOMETRIC_REPRESENTATION_CONTEXT(2) 
PARAMETRIC_REPRESENTATION_CONTEXT() REPRESENTATION_CONTEXT('2D SPACE',''
  ) );
#7647 = PCURVE('',#7244,#7648);
#7648 = DEFINITIONAL_REPRESENTATION('',(#7649),#7653);
#7649 = LINE('',#7650,#7651);
#7650 = CARTESIAN_POINT('',(-0.,0.));
#7651 = VECTOR('',#7652,1.);
#7652 = DIRECTION('',(-0.,-1.));
#7653 = ( GEOMETRIC_REPRESENTATION_CONTEXT(2) 
PARAMETRIC_REPRESENTATION_CONTEXT() REPRESENTATION_CONTEXT('2D SPACE',''
  ) );
#7654 = ORIENTED_EDGE('',*,*,#7655,.T.);
#7655 = EDGE_CURVE('',#7633,#7633,#7656,.T.);
#7656 = SURFACE_CURVE('',#7657,(#7662,#7669),.PCURVE_S1.);
#7657 = CIRCLE('',#7658,1.5);
#7658 = AXIS2_PLACEMENT_3D('',#7659,#7660,#7661);
#7659 = CARTESIAN_POINT('',(40.,173.,259.95));
#7660 = DIRECTION('',(0.,0.,-1.));
#7661 = DIRECTION('',(1.,0.,0.));
#7662 = PCURVE('',#7244,#7663);
#7663 = DEFINITIONAL_REPRESENTATION('',(#7664),#7668);
#7664 = LINE('',#7665,#7666);
#7665 = CARTESIAN_POINT('',(-0.,-20.1));
#7666 = VECTOR('',#7667,1.);
#7667 = DIRECTION('',(-1.,0.));
#7668 = ( GEOMETRIC_REPRESENTATION_CONTEXT(2) 
PARAMETRIC_REPRESENTATION_CONTEXT() REPRESENTATION_CONTEXT('2D SPACE',''
  ) );
#7669 = PCURVE('',#7670,#7675);
#7670 = PLANE('',#7671);
#7671 = AXIS2_PLACEMENT_3D('',#7672,#7673,#7674);
#7672 = CARTESIAN_POINT('',(40.,173.,259.95));
#7673 = DIRECTION('',(-0.,-0.,-1.));
#7674 = DIRECTION('',(-1.,0.,0.));
#7675 = DEFINITIONAL_REPRESENTATION('',(#7676),#7680);
#7676 = CIRCLE('',#7677,1.5);
#7677 = AXIS2_PLACEMENT_2D('',#7678,#7679);
#7678 = CARTESIAN_POINT('',(0.,0.));
#7679 = DIRECTION('',(-1.,0.));
#7680 = ( GEOMETRIC_REPRESENTATION_CONTEXT(2) 
PARAMETRIC_REPRESENTATION_CONTEXT() REPRESENTATION_CONTEXT('2D SPACE',''
  ) );
#7681 = ORIENTED_EDGE('',*,*,#7632,.F.);
#7682 = ADVANCED_FACE('',(#7683),#7279,.F.);
#7683 = FACE_BOUND('',#7684,.T.);
#7684 = EDGE_LOOP('',(#7685,#7686,#7709,#7736));
#7685 = ORIENTED_EDGE('',*,*,#7258,.T.);
#7686 = ORIENTED_EDGE('',*,*,#7687,.T.);
#7687 = EDGE_CURVE('',#7259,#7688,#7690,.T.);
#7688 = VERTEX_POINT('',#7689);
#7689 = CARTESIAN_POINT('',(41.5,262.,259.95));
#7690 = SEAM_CURVE('',#7691,(#7695,#7702),.PCURVE_S1.);
#7691 = LINE('',#7692,#7693);
#7692 = CARTESIAN_POINT('',(41.5,262.,280.05));
#7693 = VECTOR('',#7694,1.);
#7694 = DIRECTION('',(0.,0.,-1.));
#7695 = PCURVE('',#7279,#7696);
#7696 = DEFINITIONAL_REPRESENTATION('',(#7697),#7701);
#7697 = LINE('',#7698,#7699);
#7698 = CARTESIAN_POINT('',(-6.28318530718,0.));
#7699 = VECTOR('',#7700,1.);
#7700 = DIRECTION('',(-0.,-1.));
#7701 = ( GEOMETRIC_REPRESENTATION_CONTEXT(2) 
PARAMETRIC_REPRESENTATION_CONTEXT() REPRESENTATION_CONTEXT('2D SPACE',''
  ) );
#7702 = PCURVE('',#7279,#7703);
#7703 = DEFINITIONAL_REPRESENTATION('',(#7704),#7708);
#7704 = LINE('',#7705,#7706);
#7705 = CARTESIAN_POINT('',(-0.,0.));
#7706 = VECTOR('',#7707,1.);
#7707 = DIRECTION('',(-0.,-1.));
#7708 = ( GEOMETRIC_REPRESENTATION_CONTEXT(2) 
PARAMETRIC_REPRESENTATION_CONTEXT() REPRESENTATION_CONTEXT('2D SPACE',''
  ) );
#7709 = ORIENTED_EDGE('',*,*,#7710,.T.);
#7710 = EDGE_CURVE('',#7688,#7688,#7711,.T.);
#7711 = SURFACE_CURVE('',#7712,(#7717,#7724),.PCURVE_S1.);
#7712 = CIRCLE('',#7713,1.5);
#7713 = AXIS2_PLACEMENT_3D('',#7714,#7715,#7716);
#7714 = CARTESIAN_POINT('',(40.,262.,259.95));
#7715 = DIRECTION('',(0.,0.,-1.));
#7716 = DIRECTION('',(1.,0.,0.));
#7717 = PCURVE('',#7279,#7718);
#7718 = DEFINITIONAL_REPRESENTATION('',(#7719),#7723);
#7719 = LINE('',#7720,#7721);
#7720 = CARTESIAN_POINT('',(-0.,-20.1));
#7721 = VECTOR('',#7722,1.);
#7722 = DIRECTION('',(-1.,0.));
#7723 = ( GEOMETRIC_REPRESENTATION_CONTEXT(2) 
PARAMETRIC_REPRESENTATION_CONTEXT() REPRESENTATION_CONTEXT('2D SPACE',''
  ) );
#7724 = PCURVE('',#7725,#7730);
#7725 = PLANE('',#7726);
#7726 = AXIS2_PLACEMENT_3D('',#7727,#7728,#7729);
#7727 = CARTESIAN_POINT('',(40.,262.,259.95));
#7728 = DIRECTION('',(-0.,-0.,-1.));
#7729 = DIRECTION('',(-1.,0.,0.));
#7730 = DEFINITIONAL_REPRESENTATION('',(#7731),#7735);
#7731 = CIRCLE('',#7732,1.5);
#7732 = AXIS2_PLACEMENT_2D('',#7733,#7734);
#7733 = CARTESIAN_POINT('',(0.,0.));
#7734 = DIRECTION('',(-1.,0.));
#7735 = ( GEOMETRIC_REPRESENTATION_CONTEXT(2) 
PARAMETRIC_REPRESENTATION_CONTEXT() REPRESENTATION_CONTEXT('2D SPACE',''
  ) );
#7736 = ORIENTED_EDGE('',*,*,#7687,.F.);
#7737 = ADVANCED_FACE('',(#7738),#7340,.F.);
#7738 = FACE_BOUND('',#7739,.F.);
#7739 = EDGE_LOOP('',(#7740));
#7740 = ORIENTED_EDGE('',*,*,#7325,.T.);
#7741 = ADVANCED_FACE('',(#7742),#7395,.F.);
#7742 = FACE_BOUND('',#7743,.F.);
#7743 = EDGE_LOOP('',(#7744));
#7744 = ORIENTED_EDGE('',*,*,#7380,.T.);
#7745 = ADVANCED_FACE('',(#7746),#7450,.F.);
#7746 = FACE_BOUND('',#7747,.F.);
#7747 = EDGE_LOOP('',(#7748));
#7748 = ORIENTED_EDGE('',*,*,#7435,.T.);
#7749 = ADVANCED_FACE('',(#7750),#7505,.F.);
#7750 = FACE_BOUND('',#7751,.F.);
#7751 = EDGE_LOOP('',(#7752));
#7752 = ORIENTED_EDGE('',*,*,#7490,.T.);
#7753 = ADVANCED_FACE('',(#7754),#7560,.F.);
#7754 = FACE_BOUND('',#7755,.F.);
#7755 = EDGE_LOOP('',(#7756));
#7756 = ORIENTED_EDGE('',*,*,#7545,.T.);
#7757 = ADVANCED_FACE('',(#7758),#7615,.F.);
#7758 = FACE_BOUND('',#7759,.F.);
#7759 = EDGE_LOOP('',(#7760));
#7760 = ORIENTED_EDGE('',*,*,#7600,.T.);
#7761 = ADVANCED_FACE('',(#7762),#7670,.F.);
#7762 = FACE_BOUND('',#7763,.F.);
#7763 = EDGE_LOOP('',(#7764));
#7764 = ORIENTED_EDGE('',*,*,#7655,.T.);
#7765 = ADVANCED_FACE('',(#7766),#7725,.F.);
#7766 = FACE_BOUND('',#7767,.F.);
#7767 = EDGE_LOOP('',(#7768));
#7768 = ORIENTED_EDGE('',*,*,#7710,.T.);
#7769 = ( GEOMETRIC_REPRESENTATION_CONTEXT(3) 
GLOBAL_UNCERTAINTY_ASSIGNED_CONTEXT((#7773)) 
GLOBAL_UNIT_ASSIGNED_CONTEXT((#7770,#7771,#7772)) REPRESENTATION_CONTEXT
('Context #1','3D Context with UNIT and UNCERTAINTY') );
#7770 = ( LENGTH_UNIT() NAMED_UNIT(*) SI_UNIT(.MILLI.,.METRE.) );
#7771 = ( NAMED_UNIT(*) PLANE_ANGLE_UNIT() SI_UNIT($,.RADIAN.) );
#7772 = ( NAMED_UNIT(*) SI_UNIT($,.STERADIAN.) SOLID_ANGLE_UNIT() );
#7773 = UNCERTAINTY_MEASURE_WITH_UNIT(LENGTH_MEASURE(1.E-07),#7770,
  'distance_accuracy_value','confusion accuracy');
#7774 = CONTEXT_DEPENDENT_SHAPE_REPRESENTATION(#7775,#7777);
#7775 = ( REPRESENTATION_RELATIONSHIP('','',#6686,#10) 
REPRESENTATION_RELATIONSHIP_WITH_TRANSFORMATION(#7776) 
SHAPE_REPRESENTATION_RELATIONSHIP() );
#7776 = ITEM_DEFINED_TRANSFORMATION('','',#11,#39);
#7777 = PRODUCT_DEFINITION_SHAPE('Placement','Placement of an item',
  #7778);
#7778 = NEXT_ASSEMBLY_USAGE_OCCURRENCE('19','cleat_hi_1','',#5,#6681,$);
#7779 = PRODUCT_RELATED_PRODUCT_CATEGORY('part',$,(#6683));
#7780 = SHAPE_DEFINITION_REPRESENTATION(#7781,#7787);
#7781 = PRODUCT_DEFINITION_SHAPE('','',#7782);
#7782 = PRODUCT_DEFINITION('design','',#7783,#7786);
#7783 = PRODUCT_DEFINITION_FORMATION('','',#7784);
#7784 = PRODUCT('cleat_hi_2','cleat_hi_2','',(#7785));
#7785 = PRODUCT_CONTEXT('',#2,'mechanical');
#7786 = PRODUCT_DEFINITION_CONTEXT('part definition',#2,'design');
#7787 = ADVANCED_BREP_SHAPE_REPRESENTATION('',(#11,#7788),#8854);
#7788 = MANIFOLD_SOLID_BREP('',#7789);
#7789 = CLOSED_SHELL('',(#7790,#7910,#7986,#8035,#8208,#8375,#8382,#8437
    ,#8492,#8547,#8602,#8657,#8712,#8767,#8822,#8826,#8830,#8834,#8838,
    #8842,#8846,#8850));
#7790 = ADVANCED_FACE('',(#7791),#7805,.F.);
#7791 = FACE_BOUND('',#7792,.F.);
#7792 = EDGE_LOOP('',(#7793,#7828,#7856,#7884));
#7793 = ORIENTED_EDGE('',*,*,#7794,.F.);
#7794 = EDGE_CURVE('',#7795,#7797,#7799,.T.);
#7795 = VERTEX_POINT('',#7796);
#7796 = CARTESIAN_POINT('',(340.,0.,280.));
#7797 = VERTEX_POINT('',#7798);
#7798 = CARTESIAN_POINT('',(340.,0.,240.));
#7799 = SURFACE_CURVE('',#7800,(#7804,#7816),.PCURVE_S1.);
#7800 = LINE('',#7801,#7802);
#7801 = CARTESIAN_POINT('',(340.,0.,280.));
#7802 = VECTOR('',#7803,1.);
#7803 = DIRECTION('',(0.,0.,-1.));
#7804 = PCURVE('',#7805,#7810);
#7805 = PLANE('',#7806);
#7806 = AXIS2_PLACEMENT_3D('',#7807,#7808,#7809);
#7807 = CARTESIAN_POINT('',(340.,0.,280.));
#7808 = DIRECTION('',(0.,1.,0.));
#7809 = DIRECTION('',(0.,0.,-1.));
#7810 = DEFINITIONAL_REPRESENTATION('',(#7811),#7815);
#7811 = LINE('',#7812,#7813);
#7812 = CARTESIAN_POINT('',(0.,0.));
#7813 = VECTOR('',#7814,1.);
#7814 = DIRECTION('',(1.,0.));
#7815 = ( GEOMETRIC_REPRESENTATION_CONTEXT(2) 
PARAMETRIC_REPRESENTATION_CONTEXT() REPRESENTATION_CONTEXT('2D SPACE',''
  ) );
#7816 = PCURVE('',#7817,#7822);
#7817 = PLANE('',#7818);
#7818 = AXIS2_PLACEMENT_3D('',#7819,#7820,#7821);
#7819 = CARTESIAN_POINT('',(340.,0.,280.));
#7820 = DIRECTION('',(1.,0.,0.));
#7821 = DIRECTION('',(0.,0.,-1.));
#7822 = DEFINITIONAL_REPRESENTATION('',(#7823),#7827);
#7823 = LINE('',#7824,#7825);
#7824 = CARTESIAN_POINT('',(0.,0.));
#7825 = VECTOR('',#7826,1.);
#7826 = DIRECTION('',(1.,0.));
#7827 = ( GEOMETRIC_REPRESENTATION_CONTEXT(2) 
PARAMETRIC_REPRESENTATION_CONTEXT() REPRESENTATION_CONTEXT('2D SPACE',''
  ) );
#7828 = ORIENTED_EDGE('',*,*,#7829,.T.);
#7829 = EDGE_CURVE('',#7795,#7830,#7832,.T.);
#7830 = VERTEX_POINT('',#7831);
#7831 = CARTESIAN_POINT('',(380.,0.,280.));
#7832 = SURFACE_CURVE('',#7833,(#7837,#7844),.PCURVE_S1.);
#7833 = LINE('',#7834,#7835);
#7834 = CARTESIAN_POINT('',(340.,0.,280.));
#7835 = VECTOR('',#7836,1.);
#7836 = DIRECTION('',(1.,0.,0.));
#7837 = PCURVE('',#7805,#7838);
#7838 = DEFINITIONAL_REPRESENTATION('',(#7839),#7843);
#7839 = LINE('',#7840,#7841);
#7840 = CARTESIAN_POINT('',(0.,0.));
#7841 = VECTOR('',#7842,1.);
#7842 = DIRECTION('',(0.,-1.));
#7843 = ( GEOMETRIC_REPRESENTATION_CONTEXT(2) 
PARAMETRIC_REPRESENTATION_CONTEXT() REPRESENTATION_CONTEXT('2D SPACE',''
  ) );
#7844 = PCURVE('',#7845,#7850);
#7845 = PLANE('',#7846);
#7846 = AXIS2_PLACEMENT_3D('',#7847,#7848,#7849);
#7847 = CARTESIAN_POINT('',(340.,0.,280.));
#7848 = DIRECTION('',(0.,0.,-1.));
#7849 = DIRECTION('',(0.,1.,0.));
#7850 = DEFINITIONAL_REPRESENTATION('',(#7851),#7855);
#7851 = LINE('',#7852,#7853);
#7852 = CARTESIAN_POINT('',(0.,0.));
#7853 = VECTOR('',#7854,1.);
#7854 = DIRECTION('',(0.,1.));
#7855 = ( GEOMETRIC_REPRESENTATION_CONTEXT(2) 
PARAMETRIC_REPRESENTATION_CONTEXT() REPRESENTATION_CONTEXT('2D SPACE',''
  ) );
#7856 = ORIENTED_EDGE('',*,*,#7857,.T.);
#7857 = EDGE_CURVE('',#7830,#7858,#7860,.T.);
#7858 = VERTEX_POINT('',#7859);
#7859 = CARTESIAN_POINT('',(380.,0.,240.));
#7860 = SURFACE_CURVE('',#7861,(#7865,#7872),.PCURVE_S1.);
#7861 = LINE('',#7862,#7863);
#7862 = CARTESIAN_POINT('',(380.,0.,280.));
#7863 = VECTOR('',#7864,1.);
#7864 = DIRECTION('',(0.,0.,-1.));
#7865 = PCURVE('',#7805,#7866);
#7866 = DEFINITIONAL_REPRESENTATION('',(#7867),#7871);
#7867 = LINE('',#7868,#7869);
#7868 = CARTESIAN_POINT('',(0.,-40.));
#7869 = VECTOR('',#7870,1.);
#7870 = DIRECTION('',(1.,0.));
#7871 = ( GEOMETRIC_REPRESENTATION_CONTEXT(2) 
PARAMETRIC_REPRESENTATION_CONTEXT() REPRESENTATION_CONTEXT('2D SPACE',''
  ) );
#7872 = PCURVE('',#7873,#7878);
#7873 = PLANE('',#7874);
#7874 = AXIS2_PLACEMENT_3D('',#7875,#7876,#7877);
#7875 = CARTESIAN_POINT('',(380.,0.,280.));
#7876 = DIRECTION('',(1.,0.,0.));
#7877 = DIRECTION('',(0.,0.,-1.));
#7878 = DEFINITIONAL_REPRESENTATION('',(#7879),#7883);
#7879 = LINE('',#7880,#7881);
#7880 = CARTESIAN_POINT('',(0.,0.));
#7881 = VECTOR('',#7882,1.);
#7882 = DIRECTION('',(1.,0.));
#7883 = ( GEOMETRIC_REPRESENTATION_CONTEXT(2) 
PARAMETRIC_REPRESENTATION_CONTEXT() REPRESENTATION_CONTEXT('2D SPACE',''
  ) );
#7884 = ORIENTED_EDGE('',*,*,#7885,.F.);
#7885 = EDGE_CURVE('',#7797,#7858,#7886,.T.);
#7886 = SURFACE_CURVE('',#7887,(#7891,#7898),.PCURVE_S1.);
#7887 = LINE('',#7888,#7889);
#7888 = CARTESIAN_POINT('',(340.,0.,240.));
#7889 = VECTOR('',#7890,1.);
#7890 = DIRECTION('',(1.,0.,0.));
#7891 = PCURVE('',#7805,#7892);
#7892 = DEFINITIONAL_REPRESENTATION('',(#7893),#7897);
#7893 = LINE('',#7894,#7895);
#7894 = CARTESIAN_POINT('',(40.,0.));
#7895 = VECTOR('',#7896,1.);
#7896 = DIRECTION('',(0.,-1.));
#7897 = ( GEOMETRIC_REPRESENTATION_CONTEXT(2) 
PARAMETRIC_REPRESENTATION_CONTEXT() REPRESENTATION_CONTEXT('2D SPACE',''
  ) );
#7898 = PCURVE('',#7899,#7904);
#7899 = PLANE('',#7900);
#7900 = AXIS2_PLACEMENT_3D('',#7901,#7902,#7903);
#7901 = CARTESIAN_POINT('',(340.,0.,240.));
#7902 = DIRECTION('',(0.,0.,-1.));
#7903 = DIRECTION('',(0.,1.,0.));
#7904 = DEFINITIONAL_REPRESENTATION('',(#7905),#7909);
#7905 = LINE('',#7906,#7907);
#7906 = CARTESIAN_POINT('',(0.,0.));
#7907 = VECTOR('',#7908,1.);
#7908 = DIRECTION('',(0.,1.));
#7909 = ( GEOMETRIC_REPRESENTATION_CONTEXT(2) 
PARAMETRIC_REPRESENTATION_CONTEXT() REPRESENTATION_CONTEXT('2D SPACE',''
  ) );
#7910 = ADVANCED_FACE('',(#7911),#7817,.F.);
#7911 = FACE_BOUND('',#7912,.F.);
#7912 = EDGE_LOOP('',(#7913,#7936,#7937,#7960));
#7913 = ORIENTED_EDGE('',*,*,#7914,.F.);
#7914 = EDGE_CURVE('',#7795,#7915,#7917,.T.);
#7915 = VERTEX_POINT('',#7916);
#7916 = CARTESIAN_POINT('',(340.,290.,280.));
#7917 = SURFACE_CURVE('',#7918,(#7922,#7929),.PCURVE_S1.);
#7918 = LINE('',#7919,#7920);
#7919 = CARTESIAN_POINT('',(340.,0.,280.));
#7920 = VECTOR('',#7921,1.);
#7921 = DIRECTION('',(0.,1.,0.));
#7922 = PCURVE('',#7817,#7923);
#7923 = DEFINITIONAL_REPRESENTATION('',(#7924),#7928);
#7924 = LINE('',#7925,#7926);
#7925 = CARTESIAN_POINT('',(0.,0.));
#7926 = VECTOR('',#7927,1.);
#7927 = DIRECTION('',(0.,1.));
#7928 = ( GEOMETRIC_REPRESENTATION_CONTEXT(2) 
PARAMETRIC_REPRESENTATION_CONTEXT() REPRESENTATION_CONTEXT('2D SPACE',''
  ) );
#7929 = PCURVE('',#7845,#7930);
#7930 = DEFINITIONAL_REPRESENTATION('',(#7931),#7935);
#7931 = LINE('',#7932,#7933);
#7932 = CARTESIAN_POINT('',(0.,0.));
#7933 = VECTOR('',#7934,1.);
#7934 = DIRECTION('',(1.,0.));
#7935 = ( GEOMETRIC_REPRESENTATION_CONTEXT(2) 
PARAMETRIC_REPRESENTATION_CONTEXT() REPRESENTATION_CONTEXT('2D SPACE',''
  ) );
#7936 = ORIENTED_EDGE('',*,*,#7794,.T.);
#7937 = ORIENTED_EDGE('',*,*,#7938,.T.);
#7938 = EDGE_CURVE('',#7797,#7939,#7941,.T.);
#7939 = VERTEX_POINT('',#7940);
#7940 = CARTESIAN_POINT('',(340.,290.,240.));
#7941 = SURFACE_CURVE('',#7942,(#7946,#7953),.PCURVE_S1.);
#7942 = LINE('',#7943,#7944);
#7943 = CARTESIAN_POINT('',(340.,0.,240.));
#7944 = VECTOR('',#7945,1.);
#7945 = DIRECTION('',(0.,1.,0.));
#7946 = PCURVE('',#7817,#7947);
#7947 = DEFINITIONAL_REPRESENTATION('',(#7948),#7952);
#7948 = LINE('',#7949,#7950);
#7949 = CARTESIAN_POINT('',(40.,0.));
#7950 = VECTOR('',#7951,1.);
#7951 = DIRECTION('',(0.,1.));
#7952 = ( GEOMETRIC_REPRESENTATION_CONTEXT(2) 
PARAMETRIC_REPRESENTATION_CONTEXT() REPRESENTATION_CONTEXT('2D SPACE',''
  ) );
#7953 = PCURVE('',#7899,#7954);
#7954 = DEFINITIONAL_REPRESENTATION('',(#7955),#7959);
#7955 = LINE('',#7956,#7957);
#7956 = CARTESIAN_POINT('',(0.,0.));
#7957 = VECTOR('',#7958,1.);
#7958 = DIRECTION('',(1.,0.));
#7959 = ( GEOMETRIC_REPRESENTATION_CONTEXT(2) 
PARAMETRIC_REPRESENTATION_CONTEXT() REPRESENTATION_CONTEXT('2D SPACE',''
  ) );
#7960 = ORIENTED_EDGE('',*,*,#7961,.F.);
#7961 = EDGE_CURVE('',#7915,#7939,#7962,.T.);
#7962 = SURFACE_CURVE('',#7963,(#7967,#7974),.PCURVE_S1.);
#7963 = LINE('',#7964,#7965);
#7964 = CARTESIAN_POINT('',(340.,290.,280.));
#7965 = VECTOR('',#7966,1.);
#7966 = DIRECTION('',(0.,0.,-1.));
#7967 = PCURVE('',#7817,#7968);
#7968 = DEFINITIONAL_REPRESENTATION('',(#7969),#7973);
#7969 = LINE('',#7970,#7971);
#7970 = CARTESIAN_POINT('',(0.,290.));
#7971 = VECTOR('',#7972,1.);
#7972 = DIRECTION('',(1.,0.));
#7973 = ( GEOMETRIC_REPRESENTATION_CONTEXT(2) 
PARAMETRIC_REPRESENTATION_CONTEXT() REPRESENTATION_CONTEXT('2D SPACE',''
  ) );
#7974 = PCURVE('',#7975,#7980);
#7975 = PLANE('',#7976);
#7976 = AXIS2_PLACEMENT_3D('',#7977,#7978,#7979);
#7977 = CARTESIAN_POINT('',(340.,290.,280.));
#7978 = DIRECTION('',(0.,1.,0.));
#7979 = DIRECTION('',(0.,0.,-1.));
#7980 = DEFINITIONAL_REPRESENTATION('',(#7981),#7985);
#7981 = LINE('',#7982,#7983);
#7982 = CARTESIAN_POINT('',(0.,0.));
#7983 = VECTOR('',#7984,1.);
#7984 = DIRECTION('',(1.,0.));
#7985 = ( GEOMETRIC_REPRESENTATION_CONTEXT(2) 
PARAMETRIC_REPRESENTATION_CONTEXT() REPRESENTATION_CONTEXT('2D SPACE',''
  ) );
#7986 = ADVANCED_FACE('',(#7987),#7899,.T.);
#7987 = FACE_BOUND('',#7988,.T.);
#7988 = EDGE_LOOP('',(#7989,#7990,#7991,#8014));
#7989 = ORIENTED_EDGE('',*,*,#7885,.F.);
#7990 = ORIENTED_EDGE('',*,*,#7938,.T.);
#7991 = ORIENTED_EDGE('',*,*,#7992,.T.);
#7992 = EDGE_CURVE('',#7939,#7993,#7995,.T.);
#7993 = VERTEX_POINT('',#7994);
#7994 = CARTESIAN_POINT('',(380.,290.,240.));
#7995 = SURFACE_CURVE('',#7996,(#8000,#8007),.PCURVE_S1.);
#7996 = LINE('',#7997,#7998);
#7997 = CARTESIAN_POINT('',(340.,290.,240.));
#7998 = VECTOR('',#7999,1.);
#7999 = DIRECTION('',(1.,0.,0.));
#8000 = PCURVE('',#7899,#8001);
#8001 = DEFINITIONAL_REPRESENTATION('',(#8002),#8006);
#8002 = LINE('',#8003,#8004);
#8003 = CARTESIAN_POINT('',(290.,0.));
#8004 = VECTOR('',#8005,1.);
#8005 = DIRECTION('',(0.,1.));
#8006 = ( GEOMETRIC_REPRESENTATION_CONTEXT(2) 
PARAMETRIC_REPRESENTATION_CONTEXT() REPRESENTATION_CONTEXT('2D SPACE',''
  ) );
#8007 = PCURVE('',#7975,#8008);
#8008 = DEFINITIONAL_REPRESENTATION('',(#8009),#8013);
#8009 = LINE('',#8010,#8011);
#8010 = CARTESIAN_POINT('',(40.,0.));
#8011 = VECTOR('',#8012,1.);
#8012 = DIRECTION('',(0.,-1.));
#8013 = ( GEOMETRIC_REPRESENTATION_CONTEXT(2) 
PARAMETRIC_REPRESENTATION_CONTEXT() REPRESENTATION_CONTEXT('2D SPACE',''
  ) );
#8014 = ORIENTED_EDGE('',*,*,#8015,.F.);
#8015 = EDGE_CURVE('',#7858,#7993,#8016,.T.);
#8016 = SURFACE_CURVE('',#8017,(#8021,#8028),.PCURVE_S1.);
#8017 = LINE('',#8018,#8019);
#8018 = CARTESIAN_POINT('',(380.,0.,240.));
#8019 = VECTOR('',#8020,1.);
#8020 = DIRECTION('',(0.,1.,0.));
#8021 = PCURVE('',#7899,#8022);
#8022 = DEFINITIONAL_REPRESENTATION('',(#8023),#8027);
#8023 = LINE('',#8024,#8025);
#8024 = CARTESIAN_POINT('',(0.,40.));
#8025 = VECTOR('',#8026,1.);
#8026 = DIRECTION('',(1.,0.));
#8027 = ( GEOMETRIC_REPRESENTATION_CONTEXT(2) 
PARAMETRIC_REPRESENTATION_CONTEXT() REPRESENTATION_CONTEXT('2D SPACE',''
  ) );
#8028 = PCURVE('',#7873,#8029);
#8029 = DEFINITIONAL_REPRESENTATION('',(#8030),#8034);
#8030 = LINE('',#8031,#8032);
#8031 = CARTESIAN_POINT('',(40.,0.));
#8032 = VECTOR('',#8033,1.);
#8033 = DIRECTION('',(0.,1.));
#8034 = ( GEOMETRIC_REPRESENTATION_CONTEXT(2) 
PARAMETRIC_REPRESENTATION_CONTEXT() REPRESENTATION_CONTEXT('2D SPACE',''
  ) );
#8035 = ADVANCED_FACE('',(#8036,#8084,#8115,#8146,#8177),#7873,.T.);
#8036 = FACE_BOUND('',#8037,.T.);
#8037 = EDGE_LOOP('',(#8038,#8061,#8062,#8063));
#8038 = ORIENTED_EDGE('',*,*,#8039,.F.);
#8039 = EDGE_CURVE('',#7830,#8040,#8042,.T.);
#8040 = VERTEX_POINT('',#8041);
#8041 = CARTESIAN_POINT('',(380.,290.,280.));
#8042 = SURFACE_CURVE('',#8043,(#8047,#8054),.PCURVE_S1.);
#8043 = LINE('',#8044,#8045);
#8044 = CARTESIAN_POINT('',(380.,0.,280.));
#8045 = VECTOR('',#8046,1.);
#8046 = DIRECTION('',(0.,1.,0.));
#8047 = PCURVE('',#7873,#8048);
#8048 = DEFINITIONAL_REPRESENTATION('',(#8049),#8053);
#8049 = LINE('',#8050,#8051);
#8050 = CARTESIAN_POINT('',(0.,0.));
#8051 = VECTOR('',#8052,1.);
#8052 = DIRECTION('',(0.,1.));
#8053 = ( GEOMETRIC_REPRESENTATION_CONTEXT(2) 
PARAMETRIC_REPRESENTATION_CONTEXT() REPRESENTATION_CONTEXT('2D SPACE',''
  ) );
#8054 = PCURVE('',#7845,#8055);
#8055 = DEFINITIONAL_REPRESENTATION('',(#8056),#8060);
#8056 = LINE('',#8057,#8058);
#8057 = CARTESIAN_POINT('',(0.,40.));
#8058 = VECTOR('',#8059,1.);
#8059 = DIRECTION('',(1.,0.));
#8060 = ( GEOMETRIC_REPRESENTATION_CONTEXT(2) 
PARAMETRIC_REPRESENTATION_CONTEXT() REPRESENTATION_CONTEXT('2D SPACE',''
  ) );
#8061 = ORIENTED_EDGE('',*,*,#7857,.T.);
#8062 = ORIENTED_EDGE('',*,*,#8015,.T.);
#8063 = ORIENTED_EDGE('',*,*,#8064,.F.);
#8064 = EDGE_CURVE('',#8040,#7993,#8065,.T.);
#8065 = SURFACE_CURVE('',#8066,(#8070,#8077),.PCURVE_S1.);
#8066 = LINE('',#8067,#8068);
#8067 = CARTESIAN_POINT('',(380.,290.,280.));
#8068 = VECTOR('',#8069,1.);
#8069 = DIRECTION('',(0.,0.,-1.));
#8070 = PCURVE('',#7873,#8071);
#8071 = DEFINITIONAL_REPRESENTATION('',(#8072),#8076);
#8072 = LINE('',#8073,#8074);
#8073 = CARTESIAN_POINT('',(0.,290.));
#8074 = VECTOR('',#8075,1.);
#8075 = DIRECTION('',(1.,0.));
#8076 = ( GEOMETRIC_REPRESENTATION_CONTEXT(2) 
PARAMETRIC_REPRESENTATION_CONTEXT() REPRESENTATION_CONTEXT('2D SPACE',''
  ) );
#8077 = PCURVE('',#7975,#8078);
#8078 = DEFINITIONAL_REPRESENTATION('',(#8079),#8083);
#8079 = LINE('',#8080,#8081);
#8080 = CARTESIAN_POINT('',(0.,-40.));
#8081 = VECTOR('',#8082,1.);
#8082 = DIRECTION('',(1.,0.));
#8083 = ( GEOMETRIC_REPRESENTATION_CONTEXT(2) 
PARAMETRIC_REPRESENTATION_CONTEXT() REPRESENTATION_CONTEXT('2D SPACE',''
  ) );
#8084 = FACE_BOUND('',#8085,.T.);
#8085 = EDGE_LOOP('',(#8086));
#8086 = ORIENTED_EDGE('',*,*,#8087,.F.);
#8087 = EDGE_CURVE('',#8088,#8088,#8090,.T.);
#8088 = VERTEX_POINT('',#8089);
#8089 = CARTESIAN_POINT('',(380.,26.25,260.));
#8090 = SURFACE_CURVE('',#8091,(#8096,#8103),.PCURVE_S1.);
#8091 = CIRCLE('',#8092,1.25);
#8092 = AXIS2_PLACEMENT_3D('',#8093,#8094,#8095);
#8093 = CARTESIAN_POINT('',(380.,25.,260.));
#8094 = DIRECTION('',(1.,0.,-0.));
#8095 = DIRECTION('',(0.,1.,0.));
#8096 = PCURVE('',#7873,#8097);
#8097 = DEFINITIONAL_REPRESENTATION('',(#8098),#8102);
#8098 = CIRCLE('',#8099,1.25);
#8099 = AXIS2_PLACEMENT_2D('',#8100,#8101);
#8100 = CARTESIAN_POINT('',(20.,25.));
#8101 = DIRECTION('',(0.,1.));
#8102 = ( GEOMETRIC_REPRESENTATION_CONTEXT(2) 
PARAMETRIC_REPRESENTATION_CONTEXT() REPRESENTATION_CONTEXT('2D SPACE',''
  ) );
#8103 = PCURVE('',#8104,#8109);
#8104 = CYLINDRICAL_SURFACE('',#8105,1.25);
#8105 = AXIS2_PLACEMENT_3D('',#8106,#8107,#8108);
#8106 = CARTESIAN_POINT('',(380.05,25.,260.));
#8107 = DIRECTION('',(1.,-0.,-0.));
#8108 = DIRECTION('',(0.,1.,0.));
#8109 = DEFINITIONAL_REPRESENTATION('',(#8110),#8114);
#8110 = LINE('',#8111,#8112);
#8111 = CARTESIAN_POINT('',(-6.28318530718,-5.000000000001E-02));
#8112 = VECTOR('',#8113,1.);
#8113 = DIRECTION('',(1.,-0.));
#8114 = ( GEOMETRIC_REPRESENTATION_CONTEXT(2) 
PARAMETRIC_REPRESENTATION_CONTEXT() REPRESENTATION_CONTEXT('2D SPACE',''
  ) );
#8115 = FACE_BOUND('',#8116,.T.);
#8116 = EDGE_LOOP('',(#8117));
#8117 = ORIENTED_EDGE('',*,*,#8118,.F.);
#8118 = EDGE_CURVE('',#8119,#8119,#8121,.T.);
#8119 = VERTEX_POINT('',#8120);
#8120 = CARTESIAN_POINT('',(380.,121.25,260.));
#8121 = SURFACE_CURVE('',#8122,(#8127,#8134),.PCURVE_S1.);
#8122 = CIRCLE('',#8123,1.25);
#8123 = AXIS2_PLACEMENT_3D('',#8124,#8125,#8126);
#8124 = CARTESIAN_POINT('',(380.,120.,260.));
#8125 = DIRECTION('',(1.,0.,-0.));
#8126 = DIRECTION('',(0.,1.,0.));
#8127 = PCURVE('',#7873,#8128);
#8128 = DEFINITIONAL_REPRESENTATION('',(#8129),#8133);
#8129 = CIRCLE('',#8130,1.25);
#8130 = AXIS2_PLACEMENT_2D('',#8131,#8132);
#8131 = CARTESIAN_POINT('',(20.,120.));
#8132 = DIRECTION('',(0.,1.));
#8133 = ( GEOMETRIC_REPRESENTATION_CONTEXT(2) 
PARAMETRIC_REPRESENTATION_CONTEXT() REPRESENTATION_CONTEXT('2D SPACE',''
  ) );
#8134 = PCURVE('',#8135,#8140);
#8135 = CYLINDRICAL_SURFACE('',#8136,1.25);
#8136 = AXIS2_PLACEMENT_3D('',#8137,#8138,#8139);
#8137 = CARTESIAN_POINT('',(380.05,120.,260.));
#8138 = DIRECTION('',(1.,-0.,-0.));
#8139 = DIRECTION('',(0.,1.,0.));
#8140 = DEFINITIONAL_REPRESENTATION('',(#8141),#8145);
#8141 = LINE('',#8142,#8143);
#8142 = CARTESIAN_POINT('',(-6.28318530718,-5.000000000001E-02));
#8143 = VECTOR('',#8144,1.);
#8144 = DIRECTION('',(1.,-0.));
#8145 = ( GEOMETRIC_REPRESENTATION_CONTEXT(2) 
PARAMETRIC_REPRESENTATION_CONTEXT() REPRESENTATION_CONTEXT('2D SPACE',''
  ) );
#8146 = FACE_BOUND('',#8147,.T.);
#8147 = EDGE_LOOP('',(#8148));
#8148 = ORIENTED_EDGE('',*,*,#8149,.F.);
#8149 = EDGE_CURVE('',#8150,#8150,#8152,.T.);
#8150 = VERTEX_POINT('',#8151);
#8151 = CARTESIAN_POINT('',(380.,171.25,260.));
#8152 = SURFACE_CURVE('',#8153,(#8158,#8165),.PCURVE_S1.);
#8153 = CIRCLE('',#8154,1.25);
#8154 = AXIS2_PLACEMENT_3D('',#8155,#8156,#8157);
#8155 = CARTESIAN_POINT('',(380.,170.,260.));
#8156 = DIRECTION('',(1.,0.,-0.));
#8157 = DIRECTION('',(0.,1.,0.));
#8158 = PCURVE('',#7873,#8159);
#8159 = DEFINITIONAL_REPRESENTATION('',(#8160),#8164);
#8160 = CIRCLE('',#8161,1.25);
#8161 = AXIS2_PLACEMENT_2D('',#8162,#8163);
#8162 = CARTESIAN_POINT('',(20.,170.));
#8163 = DIRECTION('',(0.,1.));
#8164 = ( GEOMETRIC_REPRESENTATION_CONTEXT(2) 
PARAMETRIC_REPRESENTATION_CONTEXT() REPRESENTATION_CONTEXT('2D SPACE',''
  ) );
#8165 = PCURVE('',#8166,#8171);
#8166 = CYLINDRICAL_SURFACE('',#8167,1.25);
#8167 = AXIS2_PLACEMENT_3D('',#8168,#8169,#8170);
#8168 = CARTESIAN_POINT('',(380.05,170.,260.));
#8169 = DIRECTION('',(1.,-0.,-0.));
#8170 = DIRECTION('',(0.,1.,0.));
#8171 = DEFINITIONAL_REPRESENTATION('',(#8172),#8176);
#8172 = LINE('',#8173,#8174);
#8173 = CARTESIAN_POINT('',(-6.28318530718,-5.000000000001E-02));
#8174 = VECTOR('',#8175,1.);
#8175 = DIRECTION('',(1.,-0.));
#8176 = ( GEOMETRIC_REPRESENTATION_CONTEXT(2) 
PARAMETRIC_REPRESENTATION_CONTEXT() REPRESENTATION_CONTEXT('2D SPACE',''
  ) );
#8177 = FACE_BOUND('',#8178,.T.);
#8178 = EDGE_LOOP('',(#8179));
#8179 = ORIENTED_EDGE('',*,*,#8180,.F.);
#8180 = EDGE_CURVE('',#8181,#8181,#8183,.T.);
#8181 = VERTEX_POINT('',#8182);
#8182 = CARTESIAN_POINT('',(380.,266.25,260.));
#8183 = SURFACE_CURVE('',#8184,(#8189,#8196),.PCURVE_S1.);
#8184 = CIRCLE('',#8185,1.25);
#8185 = AXIS2_PLACEMENT_3D('',#8186,#8187,#8188);
#8186 = CARTESIAN_POINT('',(380.,265.,260.));
#8187 = DIRECTION('',(1.,0.,-0.));
#8188 = DIRECTION('',(0.,1.,0.));
#8189 = PCURVE('',#7873,#8190);
#8190 = DEFINITIONAL_REPRESENTATION('',(#8191),#8195);
#8191 = CIRCLE('',#8192,1.25);
#8192 = AXIS2_PLACEMENT_2D('',#8193,#8194);
#8193 = CARTESIAN_POINT('',(20.,265.));
#8194 = DIRECTION('',(0.,1.));
#8195 = ( GEOMETRIC_REPRESENTATION_CONTEXT(2) 
PARAMETRIC_REPRESENTATION_CONTEXT() REPRESENTATION_CONTEXT('2D SPACE',''
  ) );
#8196 = PCURVE('',#8197,#8202);
#8197 = CYLINDRICAL_SURFACE('',#8198,1.25);
#8198 = AXIS2_PLACEMENT_3D('',#8199,#8200,#8201);
#8199 = CARTESIAN_POINT('',(380.05,265.,260.));
#8200 = DIRECTION('',(1.,-0.,-0.));
#8201 = DIRECTION('',(0.,1.,0.));
#8202 = DEFINITIONAL_REPRESENTATION('',(#8203),#8207);
#8203 = LINE('',#8204,#8205);
#8204 = CARTESIAN_POINT('',(-6.28318530718,-5.000000000001E-02));
#8205 = VECTOR('',#8206,1.);
#8206 = DIRECTION('',(1.,-0.));
#8207 = ( GEOMETRIC_REPRESENTATION_CONTEXT(2) 
PARAMETRIC_REPRESENTATION_CONTEXT() REPRESENTATION_CONTEXT('2D SPACE',''
  ) );
#8208 = ADVANCED_FACE('',(#8209,#8235,#8270,#8305,#8340),#7845,.F.);
#8209 = FACE_BOUND('',#8210,.F.);
#8210 = EDGE_LOOP('',(#8211,#8212,#8213,#8234));
#8211 = ORIENTED_EDGE('',*,*,#7829,.F.);
#8212 = ORIENTED_EDGE('',*,*,#7914,.T.);
#8213 = ORIENTED_EDGE('',*,*,#8214,.T.);
#8214 = EDGE_CURVE('',#7915,#8040,#8215,.T.);
#8215 = SURFACE_CURVE('',#8216,(#8220,#8227),.PCURVE_S1.);
#8216 = LINE('',#8217,#8218);
#8217 = CARTESIAN_POINT('',(340.,290.,280.));
#8218 = VECTOR('',#8219,1.);
#8219 = DIRECTION('',(1.,0.,0.));
#8220 = PCURVE('',#7845,#8221);
#8221 = DEFINITIONAL_REPRESENTATION('',(#8222),#8226);
#8222 = LINE('',#8223,#8224);
#8223 = CARTESIAN_POINT('',(290.,0.));
#8224 = VECTOR('',#8225,1.);
#8225 = DIRECTION('',(0.,1.));
#8226 = ( GEOMETRIC_REPRESENTATION_CONTEXT(2) 
PARAMETRIC_REPRESENTATION_CONTEXT() REPRESENTATION_CONTEXT('2D SPACE',''
  ) );
#8227 = PCURVE('',#7975,#8228);
#8228 = DEFINITIONAL_REPRESENTATION('',(#8229),#8233);
#8229 = LINE('',#8230,#8231);
#8230 = CARTESIAN_POINT('',(0.,0.));
#8231 = VECTOR('',#8232,1.);
#8232 = DIRECTION('',(0.,-1.));
#8233 = ( GEOMETRIC_REPRESENTATION_CONTEXT(2) 
PARAMETRIC_REPRESENTATION_CONTEXT() REPRESENTATION_CONTEXT('2D SPACE',''
  ) );
#8234 = ORIENTED_EDGE('',*,*,#8039,.F.);
#8235 = FACE_BOUND('',#8236,.F.);
#8236 = EDGE_LOOP('',(#8237));
#8237 = ORIENTED_EDGE('',*,*,#8238,.T.);
#8238 = EDGE_CURVE('',#8239,#8239,#8241,.T.);
#8239 = VERTEX_POINT('',#8240);
#8240 = CARTESIAN_POINT('',(361.5,28.,280.));
#8241 = SURFACE_CURVE('',#8242,(#8247,#8258),.PCURVE_S1.);
#8242 = CIRCLE('',#8243,1.5);
#8243 = AXIS2_PLACEMENT_3D('',#8244,#8245,#8246);
#8244 = CARTESIAN_POINT('',(360.,28.,280.));
#8245 = DIRECTION('',(0.,-0.,1.));
#8246 = DIRECTION('',(1.,0.,0.));
#8247 = PCURVE('',#7845,#8248);
#8248 = DEFINITIONAL_REPRESENTATION('',(#8249),#8257);
#8249 = ( BOUNDED_CURVE() B_SPLINE_CURVE(2,(#8250,#8251,#8252,#8253,
#8254,#8255,#8256),.UNSPECIFIED.,.T.,.F.) B_SPLINE_CURVE_WITH_KNOTS((1,2
    ,2,2,2,1),(-2.094395102393,0.,2.094395102393,4.188790204786,
6.28318530718,8.377580409573),.UNSPECIFIED.) CURVE() 
GEOMETRIC_REPRESENTATION_ITEM() RATIONAL_B_SPLINE_CURVE((1.,0.5,1.,0.5,
1.,0.5,1.)) REPRESENTATION_ITEM('') );
#8250 = CARTESIAN_POINT('',(28.,21.5));
#8251 = CARTESIAN_POINT('',(30.598076211353,21.5));
#8252 = CARTESIAN_POINT('',(29.299038105677,19.25));
#8253 = CARTESIAN_POINT('',(28.,17.));
#8254 = CARTESIAN_POINT('',(26.700961894323,19.25));
#8255 = CARTESIAN_POINT('',(25.401923788647,21.5));
#8256 = CARTESIAN_POINT('',(28.,21.5));
#8257 = ( GEOMETRIC_REPRESENTATION_CONTEXT(2) 
PARAMETRIC_REPRESENTATION_CONTEXT() REPRESENTATION_CONTEXT('2D SPACE',''
  ) );
#8258 = PCURVE('',#8259,#8264);
#8259 = CYLINDRICAL_SURFACE('',#8260,1.5);
#8260 = AXIS2_PLACEMENT_3D('',#8261,#8262,#8263);
#8261 = CARTESIAN_POINT('',(360.,28.,280.05));
#8262 = DIRECTION('',(-0.,-0.,1.));
#8263 = DIRECTION('',(1.,0.,0.));
#8264 = DEFINITIONAL_REPRESENTATION('',(#8265),#8269);
#8265 = LINE('',#8266,#8267);
#8266 = CARTESIAN_POINT('',(-6.28318530718,-5.000000000001E-02));
#8267 = VECTOR('',#8268,1.);
#8268 = DIRECTION('',(1.,-0.));
#8269 = ( GEOMETRIC_REPRESENTATION_CONTEXT(2) 
PARAMETRIC_REPRESENTATION_CONTEXT() REPRESENTATION_CONTEXT('2D SPACE',''
  ) );
#8270 = FACE_BOUND('',#8271,.F.);
#8271 = EDGE_LOOP('',(#8272));
#8272 = ORIENTED_EDGE('',*,*,#8273,.T.);
#8273 = EDGE_CURVE('',#8274,#8274,#8276,.T.);
#8274 = VERTEX_POINT('',#8275);
#8275 = CARTESIAN_POINT('',(361.5,117.,280.));
#8276 = SURFACE_CURVE('',#8277,(#8282,#8293),.PCURVE_S1.);
#8277 = CIRCLE('',#8278,1.5);
#8278 = AXIS2_PLACEMENT_3D('',#8279,#8280,#8281);
#8279 = CARTESIAN_POINT('',(360.,117.,280.));
#8280 = DIRECTION('',(0.,-0.,1.));
#8281 = DIRECTION('',(1.,0.,0.));
#8282 = PCURVE('',#7845,#8283);
#8283 = DEFINITIONAL_REPRESENTATION('',(#8284),#8292);
#8284 = ( BOUNDED_CURVE() B_SPLINE_CURVE(2,(#8285,#8286,#8287,#8288,
#8289,#8290,#8291),.UNSPECIFIED.,.T.,.F.) B_SPLINE_CURVE_WITH_KNOTS((1,2
    ,2,2,2,1),(-2.094395102393,0.,2.094395102393,4.188790204786,
6.28318530718,8.377580409573),.UNSPECIFIED.) CURVE() 
GEOMETRIC_REPRESENTATION_ITEM() RATIONAL_B_SPLINE_CURVE((1.,0.5,1.,0.5,
1.,0.5,1.)) REPRESENTATION_ITEM('') );
#8285 = CARTESIAN_POINT('',(117.,21.5));
#8286 = CARTESIAN_POINT('',(119.59807621135,21.5));
#8287 = CARTESIAN_POINT('',(118.29903810567,19.25));
#8288 = CARTESIAN_POINT('',(117.,17.));
#8289 = CARTESIAN_POINT('',(115.70096189432,19.25));
#8290 = CARTESIAN_POINT('',(114.40192378864,21.5));
#8291 = CARTESIAN_POINT('',(117.,21.5));
#8292 = ( GEOMETRIC_REPRESENTATION_CONTEXT(2) 
PARAMETRIC_REPRESENTATION_CONTEXT() REPRESENTATION_CONTEXT('2D SPACE',''
  ) );
#8293 = PCURVE('',#8294,#8299);
#8294 = CYLINDRICAL_SURFACE('',#8295,1.5);
#8295 = AXIS2_PLACEMENT_3D('',#8296,#8297,#8298);
#8296 = CARTESIAN_POINT('',(360.,117.,280.05));
#8297 = DIRECTION('',(-0.,-0.,1.));
#8298 = DIRECTION('',(1.,0.,0.));
#8299 = DEFINITIONAL_REPRESENTATION('',(#8300),#8304);
#8300 = LINE('',#8301,#8302);
#8301 = CARTESIAN_POINT('',(-6.28318530718,-5.000000000001E-02));
#8302 = VECTOR('',#8303,1.);
#8303 = DIRECTION('',(1.,-0.));
#8304 = ( GEOMETRIC_REPRESENTATION_CONTEXT(2) 
PARAMETRIC_REPRESENTATION_CONTEXT() REPRESENTATION_CONTEXT('2D SPACE',''
  ) );
#8305 = FACE_BOUND('',#8306,.F.);
#8306 = EDGE_LOOP('',(#8307));
#8307 = ORIENTED_EDGE('',*,*,#8308,.T.);
#8308 = EDGE_CURVE('',#8309,#8309,#8311,.T.);
#8309 = VERTEX_POINT('',#8310);
#8310 = CARTESIAN_POINT('',(361.5,173.,280.));
#8311 = SURFACE_CURVE('',#8312,(#8317,#8328),.PCURVE_S1.);
#8312 = CIRCLE('',#8313,1.5);
#8313 = AXIS2_PLACEMENT_3D('',#8314,#8315,#8316);
#8314 = CARTESIAN_POINT('',(360.,173.,280.));
#8315 = DIRECTION('',(0.,-0.,1.));
#8316 = DIRECTION('',(1.,0.,0.));
#8317 = PCURVE('',#7845,#8318);
#8318 = DEFINITIONAL_REPRESENTATION('',(#8319),#8327);
#8319 = ( BOUNDED_CURVE() B_SPLINE_CURVE(2,(#8320,#8321,#8322,#8323,
#8324,#8325,#8326),.UNSPECIFIED.,.T.,.F.) B_SPLINE_CURVE_WITH_KNOTS((1,2
    ,2,2,2,1),(-2.094395102393,0.,2.094395102393,4.188790204786,
6.28318530718,8.377580409573),.UNSPECIFIED.) CURVE() 
GEOMETRIC_REPRESENTATION_ITEM() RATIONAL_B_SPLINE_CURVE((1.,0.5,1.,0.5,
1.,0.5,1.)) REPRESENTATION_ITEM('') );
#8320 = CARTESIAN_POINT('',(173.,21.5));
#8321 = CARTESIAN_POINT('',(175.59807621135,21.5));
#8322 = CARTESIAN_POINT('',(174.29903810567,19.25));
#8323 = CARTESIAN_POINT('',(173.,17.));
#8324 = CARTESIAN_POINT('',(171.70096189432,19.25));
#8325 = CARTESIAN_POINT('',(170.40192378864,21.5));
#8326 = CARTESIAN_POINT('',(173.,21.5));
#8327 = ( GEOMETRIC_REPRESENTATION_CONTEXT(2) 
PARAMETRIC_REPRESENTATION_CONTEXT() REPRESENTATION_CONTEXT('2D SPACE',''
  ) );
#8328 = PCURVE('',#8329,#8334);
#8329 = CYLINDRICAL_SURFACE('',#8330,1.5);
#8330 = AXIS2_PLACEMENT_3D('',#8331,#8332,#8333);
#8331 = CARTESIAN_POINT('',(360.,173.,280.05));
#8332 = DIRECTION('',(-0.,-0.,1.));
#8333 = DIRECTION('',(1.,0.,0.));
#8334 = DEFINITIONAL_REPRESENTATION('',(#8335),#8339);
#8335 = LINE('',#8336,#8337);
#8336 = CARTESIAN_POINT('',(-6.28318530718,-5.000000000001E-02));
#8337 = VECTOR('',#8338,1.);
#8338 = DIRECTION('',(1.,-0.));
#8339 = ( GEOMETRIC_REPRESENTATION_CONTEXT(2) 
PARAMETRIC_REPRESENTATION_CONTEXT() REPRESENTATION_CONTEXT('2D SPACE',''
  ) );
#8340 = FACE_BOUND('',#8341,.F.);
#8341 = EDGE_LOOP('',(#8342));
#8342 = ORIENTED_EDGE('',*,*,#8343,.T.);
#8343 = EDGE_CURVE('',#8344,#8344,#8346,.T.);
#8344 = VERTEX_POINT('',#8345);
#8345 = CARTESIAN_POINT('',(361.5,262.,280.));
#8346 = SURFACE_CURVE('',#8347,(#8352,#8363),.PCURVE_S1.);
#8347 = CIRCLE('',#8348,1.5);
#8348 = AXIS2_PLACEMENT_3D('',#8349,#8350,#8351);
#8349 = CARTESIAN_POINT('',(360.,262.,280.));
#8350 = DIRECTION('',(0.,-0.,1.));
#8351 = DIRECTION('',(1.,0.,0.));
#8352 = PCURVE('',#7845,#8353);
#8353 = DEFINITIONAL_REPRESENTATION('',(#8354),#8362);
#8354 = ( BOUNDED_CURVE() B_SPLINE_CURVE(2,(#8355,#8356,#8357,#8358,
#8359,#8360,#8361),.UNSPECIFIED.,.T.,.F.) B_SPLINE_CURVE_WITH_KNOTS((1,2
    ,2,2,2,1),(-2.094395102393,0.,2.094395102393,4.188790204786,
6.28318530718,8.377580409573),.UNSPECIFIED.) CURVE() 
GEOMETRIC_REPRESENTATION_ITEM() RATIONAL_B_SPLINE_CURVE((1.,0.5,1.,0.5,
1.,0.5,1.)) REPRESENTATION_ITEM('') );
#8355 = CARTESIAN_POINT('',(262.,21.5));
#8356 = CARTESIAN_POINT('',(264.59807621135,21.5));
#8357 = CARTESIAN_POINT('',(263.29903810567,19.25));
#8358 = CARTESIAN_POINT('',(262.,17.));
#8359 = CARTESIAN_POINT('',(260.70096189432,19.25));
#8360 = CARTESIAN_POINT('',(259.40192378864,21.5));
#8361 = CARTESIAN_POINT('',(262.,21.5));
#8362 = ( GEOMETRIC_REPRESENTATION_CONTEXT(2) 
PARAMETRIC_REPRESENTATION_CONTEXT() REPRESENTATION_CONTEXT('2D SPACE',''
  ) );
#8363 = PCURVE('',#8364,#8369);
#8364 = CYLINDRICAL_SURFACE('',#8365,1.5);
#8365 = AXIS2_PLACEMENT_3D('',#8366,#8367,#8368);
#8366 = CARTESIAN_POINT('',(360.,262.,280.05));
#8367 = DIRECTION('',(-0.,-0.,1.));
#8368 = DIRECTION('',(1.,0.,0.));
#8369 = DEFINITIONAL_REPRESENTATION('',(#8370),#8374);
#8370 = LINE('',#8371,#8372);
#8371 = CARTESIAN_POINT('',(-6.28318530718,-5.000000000001E-02));
#8372 = VECTOR('',#8373,1.);
#8373 = DIRECTION('',(1.,-0.));
#8374 = ( GEOMETRIC_REPRESENTATION_CONTEXT(2) 
PARAMETRIC_REPRESENTATION_CONTEXT() REPRESENTATION_CONTEXT('2D SPACE',''
  ) );
#8375 = ADVANCED_FACE('',(#8376),#7975,.T.);
#8376 = FACE_BOUND('',#8377,.T.);
#8377 = EDGE_LOOP('',(#8378,#8379,#8380,#8381));
#8378 = ORIENTED_EDGE('',*,*,#7961,.F.);
#8379 = ORIENTED_EDGE('',*,*,#8214,.T.);
#8380 = ORIENTED_EDGE('',*,*,#8064,.T.);
#8381 = ORIENTED_EDGE('',*,*,#7992,.F.);
#8382 = ADVANCED_FACE('',(#8383),#8104,.F.);
#8383 = FACE_BOUND('',#8384,.T.);
#8384 = EDGE_LOOP('',(#8385,#8386,#8409,#8436));
#8385 = ORIENTED_EDGE('',*,*,#8087,.T.);
#8386 = ORIENTED_EDGE('',*,*,#8387,.T.);
#8387 = EDGE_CURVE('',#8088,#8388,#8390,.T.);
#8388 = VERTEX_POINT('',#8389);
#8389 = CARTESIAN_POINT('',(348.95,26.25,260.));
#8390 = SEAM_CURVE('',#8391,(#8395,#8402),.PCURVE_S1.);
#8391 = LINE('',#8392,#8393);
#8392 = CARTESIAN_POINT('',(380.05,26.25,260.));
#8393 = VECTOR('',#8394,1.);
#8394 = DIRECTION('',(-1.,0.,0.));
#8395 = PCURVE('',#8104,#8396);
#8396 = DEFINITIONAL_REPRESENTATION('',(#8397),#8401);
#8397 = LINE('',#8398,#8399);
#8398 = CARTESIAN_POINT('',(-6.28318530718,0.));
#8399 = VECTOR('',#8400,1.);
#8400 = DIRECTION('',(-0.,-1.));
#8401 = ( GEOMETRIC_REPRESENTATION_CONTEXT(2) 
PARAMETRIC_REPRESENTATION_CONTEXT() REPRESENTATION_CONTEXT('2D SPACE',''
  ) );
#8402 = PCURVE('',#8104,#8403);
#8403 = DEFINITIONAL_REPRESENTATION('',(#8404),#8408);
#8404 = LINE('',#8405,#8406);
#8405 = CARTESIAN_POINT('',(-0.,0.));
#8406 = VECTOR('',#8407,1.);
#8407 = DIRECTION('',(-0.,-1.));
#8408 = ( GEOMETRIC_REPRESENTATION_CONTEXT(2) 
PARAMETRIC_REPRESENTATION_CONTEXT() REPRESENTATION_CONTEXT('2D SPACE',''
  ) );
#8409 = ORIENTED_EDGE('',*,*,#8410,.T.);
#8410 = EDGE_CURVE('',#8388,#8388,#8411,.T.);
#8411 = SURFACE_CURVE('',#8412,(#8417,#8424),.PCURVE_S1.);
#8412 = CIRCLE('',#8413,1.25);
#8413 = AXIS2_PLACEMENT_3D('',#8414,#8415,#8416);
#8414 = CARTESIAN_POINT('',(348.95,25.,260.));
#8415 = DIRECTION('',(-1.,0.,0.));
#8416 = DIRECTION('',(0.,1.,0.));
#8417 = PCURVE('',#8104,#8418);
#8418 = DEFINITIONAL_REPRESENTATION('',(#8419),#8423);
#8419 = LINE('',#8420,#8421);
#8420 = CARTESIAN_POINT('',(-0.,-31.1));
#8421 = VECTOR('',#8422,1.);
#8422 = DIRECTION('',(-1.,0.));
#8423 = ( GEOMETRIC_REPRESENTATION_CONTEXT(2) 
PARAMETRIC_REPRESENTATION_CONTEXT() REPRESENTATION_CONTEXT('2D SPACE',''
  ) );
#8424 = PCURVE('',#8425,#8430);
#8425 = PLANE('',#8426);
#8426 = AXIS2_PLACEMENT_3D('',#8427,#8428,#8429);
#8427 = CARTESIAN_POINT('',(348.95,25.,260.));
#8428 = DIRECTION('',(-1.,-0.,-0.));
#8429 = DIRECTION('',(0.,0.,-1.));
#8430 = DEFINITIONAL_REPRESENTATION('',(#8431),#8435);
#8431 = CIRCLE('',#8432,1.25);
#8432 = AXIS2_PLACEMENT_2D('',#8433,#8434);
#8433 = CARTESIAN_POINT('',(0.,3.552713678801E-15));
#8434 = DIRECTION('',(0.,-1.));
#8435 = ( GEOMETRIC_REPRESENTATION_CONTEXT(2) 
PARAMETRIC_REPRESENTATION_CONTEXT() REPRESENTATION_CONTEXT('2D SPACE',''
  ) );
#8436 = ORIENTED_EDGE('',*,*,#8387,.F.);
#8437 = ADVANCED_FACE('',(#8438),#8135,.F.);
#8438 = FACE_BOUND('',#8439,.T.);
#8439 = EDGE_LOOP('',(#8440,#8441,#8464,#8491));
#8440 = ORIENTED_EDGE('',*,*,#8118,.T.);
#8441 = ORIENTED_EDGE('',*,*,#8442,.T.);
#8442 = EDGE_CURVE('',#8119,#8443,#8445,.T.);
#8443 = VERTEX_POINT('',#8444);
#8444 = CARTESIAN_POINT('',(348.95,121.25,260.));
#8445 = SEAM_CURVE('',#8446,(#8450,#8457),.PCURVE_S1.);
#8446 = LINE('',#8447,#8448);
#8447 = CARTESIAN_POINT('',(380.05,121.25,260.));
#8448 = VECTOR('',#8449,1.);
#8449 = DIRECTION('',(-1.,0.,0.));
#8450 = PCURVE('',#8135,#8451);
#8451 = DEFINITIONAL_REPRESENTATION('',(#8452),#8456);
#8452 = LINE('',#8453,#8454);
#8453 = CARTESIAN_POINT('',(-6.28318530718,0.));
#8454 = VECTOR('',#8455,1.);
#8455 = DIRECTION('',(-0.,-1.));
#8456 = ( GEOMETRIC_REPRESENTATION_CONTEXT(2) 
PARAMETRIC_REPRESENTATION_CONTEXT() REPRESENTATION_CONTEXT('2D SPACE',''
  ) );
#8457 = PCURVE('',#8135,#8458);
#8458 = DEFINITIONAL_REPRESENTATION('',(#8459),#8463);
#8459 = LINE('',#8460,#8461);
#8460 = CARTESIAN_POINT('',(-0.,0.));
#8461 = VECTOR('',#8462,1.);
#8462 = DIRECTION('',(-0.,-1.));
#8463 = ( GEOMETRIC_REPRESENTATION_CONTEXT(2) 
PARAMETRIC_REPRESENTATION_CONTEXT() REPRESENTATION_CONTEXT('2D SPACE',''
  ) );
#8464 = ORIENTED_EDGE('',*,*,#8465,.T.);
#8465 = EDGE_CURVE('',#8443,#8443,#8466,.T.);
#8466 = SURFACE_CURVE('',#8467,(#8472,#8479),.PCURVE_S1.);
#8467 = CIRCLE('',#8468,1.25);
#8468 = AXIS2_PLACEMENT_3D('',#8469,#8470,#8471);
#8469 = CARTESIAN_POINT('',(348.95,120.,260.));
#8470 = DIRECTION('',(-1.,0.,0.));
#8471 = DIRECTION('',(0.,1.,0.));
#8472 = PCURVE('',#8135,#8473);
#8473 = DEFINITIONAL_REPRESENTATION('',(#8474),#8478);
#8474 = LINE('',#8475,#8476);
#8475 = CARTESIAN_POINT('',(-0.,-31.1));
#8476 = VECTOR('',#8477,1.);
#8477 = DIRECTION('',(-1.,0.));
#8478 = ( GEOMETRIC_REPRESENTATION_CONTEXT(2) 
PARAMETRIC_REPRESENTATION_CONTEXT() REPRESENTATION_CONTEXT('2D SPACE',''
  ) );
#8479 = PCURVE('',#8480,#8485);
#8480 = PLANE('',#8481);
#8481 = AXIS2_PLACEMENT_3D('',#8482,#8483,#8484);
#8482 = CARTESIAN_POINT('',(348.95,120.,260.));
#8483 = DIRECTION('',(-1.,-0.,-0.));
#8484 = DIRECTION('',(0.,0.,-1.));
#8485 = DEFINITIONAL_REPRESENTATION('',(#8486),#8490);
#8486 = CIRCLE('',#8487,1.25);
#8487 = AXIS2_PLACEMENT_2D('',#8488,#8489);
#8488 = CARTESIAN_POINT('',(0.,1.42108547152E-14));
#8489 = DIRECTION('',(0.,-1.));
#8490 = ( GEOMETRIC_REPRESENTATION_CONTEXT(2) 
PARAMETRIC_REPRESENTATION_CONTEXT() REPRESENTATION_CONTEXT('2D SPACE',''
  ) );
#8491 = ORIENTED_EDGE('',*,*,#8442,.F.);
#8492 = ADVANCED_FACE('',(#8493),#8166,.F.);
#8493 = FACE_BOUND('',#8494,.T.);
#8494 = EDGE_LOOP('',(#8495,#8496,#8519,#8546));
#8495 = ORIENTED_EDGE('',*,*,#8149,.T.);
#8496 = ORIENTED_EDGE('',*,*,#8497,.T.);
#8497 = EDGE_CURVE('',#8150,#8498,#8500,.T.);
#8498 = VERTEX_POINT('',#8499);
#8499 = CARTESIAN_POINT('',(348.95,171.25,260.));
#8500 = SEAM_CURVE('',#8501,(#8505,#8512),.PCURVE_S1.);
#8501 = LINE('',#8502,#8503);
#8502 = CARTESIAN_POINT('',(380.05,171.25,260.));
#8503 = VECTOR('',#8504,1.);
#8504 = DIRECTION('',(-1.,0.,0.));
#8505 = PCURVE('',#8166,#8506);
#8506 = DEFINITIONAL_REPRESENTATION('',(#8507),#8511);
#8507 = LINE('',#8508,#8509);
#8508 = CARTESIAN_POINT('',(-6.28318530718,0.));
#8509 = VECTOR('',#8510,1.);
#8510 = DIRECTION('',(-0.,-1.));
#8511 = ( GEOMETRIC_REPRESENTATION_CONTEXT(2) 
PARAMETRIC_REPRESENTATION_CONTEXT() REPRESENTATION_CONTEXT('2D SPACE',''
  ) );
#8512 = PCURVE('',#8166,#8513);
#8513 = DEFINITIONAL_REPRESENTATION('',(#8514),#8518);
#8514 = LINE('',#8515,#8516);
#8515 = CARTESIAN_POINT('',(-0.,0.));
#8516 = VECTOR('',#8517,1.);
#8517 = DIRECTION('',(-0.,-1.));
#8518 = ( GEOMETRIC_REPRESENTATION_CONTEXT(2) 
PARAMETRIC_REPRESENTATION_CONTEXT() REPRESENTATION_CONTEXT('2D SPACE',''
  ) );
#8519 = ORIENTED_EDGE('',*,*,#8520,.T.);
#8520 = EDGE_CURVE('',#8498,#8498,#8521,.T.);
#8521 = SURFACE_CURVE('',#8522,(#8527,#8534),.PCURVE_S1.);
#8522 = CIRCLE('',#8523,1.25);
#8523 = AXIS2_PLACEMENT_3D('',#8524,#8525,#8526);
#8524 = CARTESIAN_POINT('',(348.95,170.,260.));
#8525 = DIRECTION('',(-1.,0.,0.));
#8526 = DIRECTION('',(0.,1.,0.));
#8527 = PCURVE('',#8166,#8528);
#8528 = DEFINITIONAL_REPRESENTATION('',(#8529),#8533);
#8529 = LINE('',#8530,#8531);
#8530 = CARTESIAN_POINT('',(-0.,-31.1));
#8531 = VECTOR('',#8532,1.);
#8532 = DIRECTION('',(-1.,0.));
#8533 = ( GEOMETRIC_REPRESENTATION_CONTEXT(2) 
PARAMETRIC_REPRESENTATION_CONTEXT() REPRESENTATION_CONTEXT('2D SPACE',''
  ) );
#8534 = PCURVE('',#8535,#8540);
#8535 = PLANE('',#8536);
#8536 = AXIS2_PLACEMENT_3D('',#8537,#8538,#8539);
#8537 = CARTESIAN_POINT('',(348.95,170.,260.));
#8538 = DIRECTION('',(-1.,-0.,-0.));
#8539 = DIRECTION('',(0.,0.,-1.));
#8540 = DEFINITIONAL_REPRESENTATION('',(#8541),#8545);
#8541 = CIRCLE('',#8542,1.25);
#8542 = AXIS2_PLACEMENT_2D('',#8543,#8544);
#8543 = CARTESIAN_POINT('',(0.,0.));
#8544 = DIRECTION('',(0.,-1.));
#8545 = ( GEOMETRIC_REPRESENTATION_CONTEXT(2) 
PARAMETRIC_REPRESENTATION_CONTEXT() REPRESENTATION_CONTEXT('2D SPACE',''
  ) );
#8546 = ORIENTED_EDGE('',*,*,#8497,.F.);
#8547 = ADVANCED_FACE('',(#8548),#8197,.F.);
#8548 = FACE_BOUND('',#8549,.T.);
#8549 = EDGE_LOOP('',(#8550,#8551,#8574,#8601));
#8550 = ORIENTED_EDGE('',*,*,#8180,.T.);
#8551 = ORIENTED_EDGE('',*,*,#8552,.T.);
#8552 = EDGE_CURVE('',#8181,#8553,#8555,.T.);
#8553 = VERTEX_POINT('',#8554);
#8554 = CARTESIAN_POINT('',(348.95,266.25,260.));
#8555 = SEAM_CURVE('',#8556,(#8560,#8567),.PCURVE_S1.);
#8556 = LINE('',#8557,#8558);
#8557 = CARTESIAN_POINT('',(380.05,266.25,260.));
#8558 = VECTOR('',#8559,1.);
#8559 = DIRECTION('',(-1.,0.,0.));
#8560 = PCURVE('',#8197,#8561);
#8561 = DEFINITIONAL_REPRESENTATION('',(#8562),#8566);
#8562 = LINE('',#8563,#8564);
#8563 = CARTESIAN_POINT('',(-6.28318530718,0.));
#8564 = VECTOR('',#8565,1.);
#8565 = DIRECTION('',(-0.,-1.));
#8566 = ( GEOMETRIC_REPRESENTATION_CONTEXT(2) 
PARAMETRIC_REPRESENTATION_CONTEXT() REPRESENTATION_CONTEXT('2D SPACE',''
  ) );
#8567 = PCURVE('',#8197,#8568);
#8568 = DEFINITIONAL_REPRESENTATION('',(#8569),#8573);
#8569 = LINE('',#8570,#8571);
#8570 = CARTESIAN_POINT('',(-0.,0.));
#8571 = VECTOR('',#8572,1.);
#8572 = DIRECTION('',(-0.,-1.));
#8573 = ( GEOMETRIC_REPRESENTATION_CONTEXT(2) 
PARAMETRIC_REPRESENTATION_CONTEXT() REPRESENTATION_CONTEXT('2D SPACE',''
  ) );
#8574 = ORIENTED_EDGE('',*,*,#8575,.T.);
#8575 = EDGE_CURVE('',#8553,#8553,#8576,.T.);
#8576 = SURFACE_CURVE('',#8577,(#8582,#8589),.PCURVE_S1.);
#8577 = CIRCLE('',#8578,1.25);
#8578 = AXIS2_PLACEMENT_3D('',#8579,#8580,#8581);
#8579 = CARTESIAN_POINT('',(348.95,265.,260.));
#8580 = DIRECTION('',(-1.,0.,0.));
#8581 = DIRECTION('',(0.,1.,0.));
#8582 = PCURVE('',#8197,#8583);
#8583 = DEFINITIONAL_REPRESENTATION('',(#8584),#8588);
#8584 = LINE('',#8585,#8586);
#8585 = CARTESIAN_POINT('',(-0.,-31.1));
#8586 = VECTOR('',#8587,1.);
#8587 = DIRECTION('',(-1.,0.));
#8588 = ( GEOMETRIC_REPRESENTATION_CONTEXT(2) 
PARAMETRIC_REPRESENTATION_CONTEXT() REPRESENTATION_CONTEXT('2D SPACE',''
  ) );
#8589 = PCURVE('',#8590,#8595);
#8590 = PLANE('',#8591);
#8591 = AXIS2_PLACEMENT_3D('',#8592,#8593,#8594);
#8592 = CARTESIAN_POINT('',(348.95,265.,260.));
#8593 = DIRECTION('',(-1.,-0.,-0.));
#8594 = DIRECTION('',(0.,0.,-1.));
#8595 = DEFINITIONAL_REPRESENTATION('',(#8596),#8600);
#8596 = CIRCLE('',#8597,1.25);
#8597 = AXIS2_PLACEMENT_2D('',#8598,#8599);
#8598 = CARTESIAN_POINT('',(0.,0.));
#8599 = DIRECTION('',(0.,-1.));
#8600 = ( GEOMETRIC_REPRESENTATION_CONTEXT(2) 
PARAMETRIC_REPRESENTATION_CONTEXT() REPRESENTATION_CONTEXT('2D SPACE',''
  ) );
#8601 = ORIENTED_EDGE('',*,*,#8552,.F.);
#8602 = ADVANCED_FACE('',(#8603),#8259,.F.);
#8603 = FACE_BOUND('',#8604,.T.);
#8604 = EDGE_LOOP('',(#8605,#8606,#8629,#8656));
#8605 = ORIENTED_EDGE('',*,*,#8238,.T.);
#8606 = ORIENTED_EDGE('',*,*,#8607,.T.);
#8607 = EDGE_CURVE('',#8239,#8608,#8610,.T.);
#8608 = VERTEX_POINT('',#8609);
#8609 = CARTESIAN_POINT('',(361.5,28.,259.95));
#8610 = SEAM_CURVE('',#8611,(#8615,#8622),.PCURVE_S1.);
#8611 = LINE('',#8612,#8613);
#8612 = CARTESIAN_POINT('',(361.5,28.,280.05));
#8613 = VECTOR('',#8614,1.);
#8614 = DIRECTION('',(0.,0.,-1.));
#8615 = PCURVE('',#8259,#8616);
#8616 = DEFINITIONAL_REPRESENTATION('',(#8617),#8621);
#8617 = LINE('',#8618,#8619);
#8618 = CARTESIAN_POINT('',(-6.28318530718,0.));
#8619 = VECTOR('',#8620,1.);
#8620 = DIRECTION('',(-0.,-1.));
#8621 = ( GEOMETRIC_REPRESENTATION_CONTEXT(2) 
PARAMETRIC_REPRESENTATION_CONTEXT() REPRESENTATION_CONTEXT('2D SPACE',''
  ) );
#8622 = PCURVE('',#8259,#8623);
#8623 = DEFINITIONAL_REPRESENTATION('',(#8624),#8628);
#8624 = LINE('',#8625,#8626);
#8625 = CARTESIAN_POINT('',(-0.,0.));
#8626 = VECTOR('',#8627,1.);
#8627 = DIRECTION('',(-0.,-1.));
#8628 = ( GEOMETRIC_REPRESENTATION_CONTEXT(2) 
PARAMETRIC_REPRESENTATION_CONTEXT() REPRESENTATION_CONTEXT('2D SPACE',''
  ) );
#8629 = ORIENTED_EDGE('',*,*,#8630,.T.);
#8630 = EDGE_CURVE('',#8608,#8608,#8631,.T.);
#8631 = SURFACE_CURVE('',#8632,(#8637,#8644),.PCURVE_S1.);
#8632 = CIRCLE('',#8633,1.5);
#8633 = AXIS2_PLACEMENT_3D('',#8634,#8635,#8636);
#8634 = CARTESIAN_POINT('',(360.,28.,259.95));
#8635 = DIRECTION('',(0.,0.,-1.));
#8636 = DIRECTION('',(1.,0.,0.));
#8637 = PCURVE('',#8259,#8638);
#8638 = DEFINITIONAL_REPRESENTATION('',(#8639),#8643);
#8639 = LINE('',#8640,#8641);
#8640 = CARTESIAN_POINT('',(-0.,-20.1));
#8641 = VECTOR('',#8642,1.);
#8642 = DIRECTION('',(-1.,0.));
#8643 = ( GEOMETRIC_REPRESENTATION_CONTEXT(2) 
PARAMETRIC_REPRESENTATION_CONTEXT() REPRESENTATION_CONTEXT('2D SPACE',''
  ) );
#8644 = PCURVE('',#8645,#8650);
#8645 = PLANE('',#8646);
#8646 = AXIS2_PLACEMENT_3D('',#8647,#8648,#8649);
#8647 = CARTESIAN_POINT('',(360.,28.,259.95));
#8648 = DIRECTION('',(-0.,-0.,-1.));
#8649 = DIRECTION('',(-1.,0.,0.));
#8650 = DEFINITIONAL_REPRESENTATION('',(#8651),#8655);
#8651 = CIRCLE('',#8652,1.5);
#8652 = AXIS2_PLACEMENT_2D('',#8653,#8654);
#8653 = CARTESIAN_POINT('',(0.,0.));
#8654 = DIRECTION('',(-1.,0.));
#8655 = ( GEOMETRIC_REPRESENTATION_CONTEXT(2) 
PARAMETRIC_REPRESENTATION_CONTEXT() REPRESENTATION_CONTEXT('2D SPACE',''
  ) );
#8656 = ORIENTED_EDGE('',*,*,#8607,.F.);
#8657 = ADVANCED_FACE('',(#8658),#8294,.F.);
#8658 = FACE_BOUND('',#8659,.T.);
#8659 = EDGE_LOOP('',(#8660,#8661,#8684,#8711));
#8660 = ORIENTED_EDGE('',*,*,#8273,.T.);
#8661 = ORIENTED_EDGE('',*,*,#8662,.T.);
#8662 = EDGE_CURVE('',#8274,#8663,#8665,.T.);
#8663 = VERTEX_POINT('',#8664);
#8664 = CARTESIAN_POINT('',(361.5,117.,259.95));
#8665 = SEAM_CURVE('',#8666,(#8670,#8677),.PCURVE_S1.);
#8666 = LINE('',#8667,#8668);
#8667 = CARTESIAN_POINT('',(361.5,117.,280.05));
#8668 = VECTOR('',#8669,1.);
#8669 = DIRECTION('',(0.,0.,-1.));
#8670 = PCURVE('',#8294,#8671);
#8671 = DEFINITIONAL_REPRESENTATION('',(#8672),#8676);
#8672 = LINE('',#8673,#8674);
#8673 = CARTESIAN_POINT('',(-6.28318530718,0.));
#8674 = VECTOR('',#8675,1.);
#8675 = DIRECTION('',(-0.,-1.));
#8676 = ( GEOMETRIC_REPRESENTATION_CONTEXT(2) 
PARAMETRIC_REPRESENTATION_CONTEXT() REPRESENTATION_CONTEXT('2D SPACE',''
  ) );
#8677 = PCURVE('',#8294,#8678);
#8678 = DEFINITIONAL_REPRESENTATION('',(#8679),#8683);
#8679 = LINE('',#8680,#8681);
#8680 = CARTESIAN_POINT('',(-0.,0.));
#8681 = VECTOR('',#8682,1.);
#8682 = DIRECTION('',(-0.,-1.));
#8683 = ( GEOMETRIC_REPRESENTATION_CONTEXT(2) 
PARAMETRIC_REPRESENTATION_CONTEXT() REPRESENTATION_CONTEXT('2D SPACE',''
  ) );
#8684 = ORIENTED_EDGE('',*,*,#8685,.T.);
#8685 = EDGE_CURVE('',#8663,#8663,#8686,.T.);
#8686 = SURFACE_CURVE('',#8687,(#8692,#8699),.PCURVE_S1.);
#8687 = CIRCLE('',#8688,1.5);
#8688 = AXIS2_PLACEMENT_3D('',#8689,#8690,#8691);
#8689 = CARTESIAN_POINT('',(360.,117.,259.95));
#8690 = DIRECTION('',(0.,0.,-1.));
#8691 = DIRECTION('',(1.,0.,0.));
#8692 = PCURVE('',#8294,#8693);
#8693 = DEFINITIONAL_REPRESENTATION('',(#8694),#8698);
#8694 = LINE('',#8695,#8696);
#8695 = CARTESIAN_POINT('',(-0.,-20.1));
#8696 = VECTOR('',#8697,1.);
#8697 = DIRECTION('',(-1.,0.));
#8698 = ( GEOMETRIC_REPRESENTATION_CONTEXT(2) 
PARAMETRIC_REPRESENTATION_CONTEXT() REPRESENTATION_CONTEXT('2D SPACE',''
  ) );
#8699 = PCURVE('',#8700,#8705);
#8700 = PLANE('',#8701);
#8701 = AXIS2_PLACEMENT_3D('',#8702,#8703,#8704);
#8702 = CARTESIAN_POINT('',(360.,117.,259.95));
#8703 = DIRECTION('',(-0.,-0.,-1.));
#8704 = DIRECTION('',(-1.,0.,0.));
#8705 = DEFINITIONAL_REPRESENTATION('',(#8706),#8710);
#8706 = CIRCLE('',#8707,1.5);
#8707 = AXIS2_PLACEMENT_2D('',#8708,#8709);
#8708 = CARTESIAN_POINT('',(0.,1.42108547152E-14));
#8709 = DIRECTION('',(-1.,0.));
#8710 = ( GEOMETRIC_REPRESENTATION_CONTEXT(2) 
PARAMETRIC_REPRESENTATION_CONTEXT() REPRESENTATION_CONTEXT('2D SPACE',''
  ) );
#8711 = ORIENTED_EDGE('',*,*,#8662,.F.);
#8712 = ADVANCED_FACE('',(#8713),#8329,.F.);
#8713 = FACE_BOUND('',#8714,.T.);
#8714 = EDGE_LOOP('',(#8715,#8716,#8739,#8766));
#8715 = ORIENTED_EDGE('',*,*,#8308,.T.);
#8716 = ORIENTED_EDGE('',*,*,#8717,.T.);
#8717 = EDGE_CURVE('',#8309,#8718,#8720,.T.);
#8718 = VERTEX_POINT('',#8719);
#8719 = CARTESIAN_POINT('',(361.5,173.,259.95));
#8720 = SEAM_CURVE('',#8721,(#8725,#8732),.PCURVE_S1.);
#8721 = LINE('',#8722,#8723);
#8722 = CARTESIAN_POINT('',(361.5,173.,280.05));
#8723 = VECTOR('',#8724,1.);
#8724 = DIRECTION('',(0.,0.,-1.));
#8725 = PCURVE('',#8329,#8726);
#8726 = DEFINITIONAL_REPRESENTATION('',(#8727),#8731);
#8727 = LINE('',#8728,#8729);
#8728 = CARTESIAN_POINT('',(-6.28318530718,0.));
#8729 = VECTOR('',#8730,1.);
#8730 = DIRECTION('',(-0.,-1.));
#8731 = ( GEOMETRIC_REPRESENTATION_CONTEXT(2) 
PARAMETRIC_REPRESENTATION_CONTEXT() REPRESENTATION_CONTEXT('2D SPACE',''
  ) );
#8732 = PCURVE('',#8329,#8733);
#8733 = DEFINITIONAL_REPRESENTATION('',(#8734),#8738);
#8734 = LINE('',#8735,#8736);
#8735 = CARTESIAN_POINT('',(-0.,0.));
#8736 = VECTOR('',#8737,1.);
#8737 = DIRECTION('',(-0.,-1.));
#8738 = ( GEOMETRIC_REPRESENTATION_CONTEXT(2) 
PARAMETRIC_REPRESENTATION_CONTEXT() REPRESENTATION_CONTEXT('2D SPACE',''
  ) );
#8739 = ORIENTED_EDGE('',*,*,#8740,.T.);
#8740 = EDGE_CURVE('',#8718,#8718,#8741,.T.);
#8741 = SURFACE_CURVE('',#8742,(#8747,#8754),.PCURVE_S1.);
#8742 = CIRCLE('',#8743,1.5);
#8743 = AXIS2_PLACEMENT_3D('',#8744,#8745,#8746);
#8744 = CARTESIAN_POINT('',(360.,173.,259.95));
#8745 = DIRECTION('',(0.,0.,-1.));
#8746 = DIRECTION('',(1.,0.,0.));
#8747 = PCURVE('',#8329,#8748);
#8748 = DEFINITIONAL_REPRESENTATION('',(#8749),#8753);
#8749 = LINE('',#8750,#8751);
#8750 = CARTESIAN_POINT('',(-0.,-20.1));
#8751 = VECTOR('',#8752,1.);
#8752 = DIRECTION('',(-1.,0.));
#8753 = ( GEOMETRIC_REPRESENTATION_CONTEXT(2) 
PARAMETRIC_REPRESENTATION_CONTEXT() REPRESENTATION_CONTEXT('2D SPACE',''
  ) );
#8754 = PCURVE('',#8755,#8760);
#8755 = PLANE('',#8756);
#8756 = AXIS2_PLACEMENT_3D('',#8757,#8758,#8759);
#8757 = CARTESIAN_POINT('',(360.,173.,259.95));
#8758 = DIRECTION('',(-0.,-0.,-1.));
#8759 = DIRECTION('',(-1.,0.,0.));
#8760 = DEFINITIONAL_REPRESENTATION('',(#8761),#8765);
#8761 = CIRCLE('',#8762,1.5);
#8762 = AXIS2_PLACEMENT_2D('',#8763,#8764);
#8763 = CARTESIAN_POINT('',(0.,0.));
#8764 = DIRECTION('',(-1.,0.));
#8765 = ( GEOMETRIC_REPRESENTATION_CONTEXT(2) 
PARAMETRIC_REPRESENTATION_CONTEXT() REPRESENTATION_CONTEXT('2D SPACE',''
  ) );
#8766 = ORIENTED_EDGE('',*,*,#8717,.F.);
#8767 = ADVANCED_FACE('',(#8768),#8364,.F.);
#8768 = FACE_BOUND('',#8769,.T.);
#8769 = EDGE_LOOP('',(#8770,#8771,#8794,#8821));
#8770 = ORIENTED_EDGE('',*,*,#8343,.T.);
#8771 = ORIENTED_EDGE('',*,*,#8772,.T.);
#8772 = EDGE_CURVE('',#8344,#8773,#8775,.T.);
#8773 = VERTEX_POINT('',#8774);
#8774 = CARTESIAN_POINT('',(361.5,262.,259.95));
#8775 = SEAM_CURVE('',#8776,(#8780,#8787),.PCURVE_S1.);
#8776 = LINE('',#8777,#8778);
#8777 = CARTESIAN_POINT('',(361.5,262.,280.05));
#8778 = VECTOR('',#8779,1.);
#8779 = DIRECTION('',(0.,0.,-1.));
#8780 = PCURVE('',#8364,#8781);
#8781 = DEFINITIONAL_REPRESENTATION('',(#8782),#8786);
#8782 = LINE('',#8783,#8784);
#8783 = CARTESIAN_POINT('',(-6.28318530718,0.));
#8784 = VECTOR('',#8785,1.);
#8785 = DIRECTION('',(-0.,-1.));
#8786 = ( GEOMETRIC_REPRESENTATION_CONTEXT(2) 
PARAMETRIC_REPRESENTATION_CONTEXT() REPRESENTATION_CONTEXT('2D SPACE',''
  ) );
#8787 = PCURVE('',#8364,#8788);
#8788 = DEFINITIONAL_REPRESENTATION('',(#8789),#8793);
#8789 = LINE('',#8790,#8791);
#8790 = CARTESIAN_POINT('',(-0.,0.));
#8791 = VECTOR('',#8792,1.);
#8792 = DIRECTION('',(-0.,-1.));
#8793 = ( GEOMETRIC_REPRESENTATION_CONTEXT(2) 
PARAMETRIC_REPRESENTATION_CONTEXT() REPRESENTATION_CONTEXT('2D SPACE',''
  ) );
#8794 = ORIENTED_EDGE('',*,*,#8795,.T.);
#8795 = EDGE_CURVE('',#8773,#8773,#8796,.T.);
#8796 = SURFACE_CURVE('',#8797,(#8802,#8809),.PCURVE_S1.);
#8797 = CIRCLE('',#8798,1.5);
#8798 = AXIS2_PLACEMENT_3D('',#8799,#8800,#8801);
#8799 = CARTESIAN_POINT('',(360.,262.,259.95));
#8800 = DIRECTION('',(0.,0.,-1.));
#8801 = DIRECTION('',(1.,0.,0.));
#8802 = PCURVE('',#8364,#8803);
#8803 = DEFINITIONAL_REPRESENTATION('',(#8804),#8808);
#8804 = LINE('',#8805,#8806);
#8805 = CARTESIAN_POINT('',(-0.,-20.1));
#8806 = VECTOR('',#8807,1.);
#8807 = DIRECTION('',(-1.,0.));
#8808 = ( GEOMETRIC_REPRESENTATION_CONTEXT(2) 
PARAMETRIC_REPRESENTATION_CONTEXT() REPRESENTATION_CONTEXT('2D SPACE',''
  ) );
#8809 = PCURVE('',#8810,#8815);
#8810 = PLANE('',#8811);
#8811 = AXIS2_PLACEMENT_3D('',#8812,#8813,#8814);
#8812 = CARTESIAN_POINT('',(360.,262.,259.95));
#8813 = DIRECTION('',(-0.,-0.,-1.));
#8814 = DIRECTION('',(-1.,0.,0.));
#8815 = DEFINITIONAL_REPRESENTATION('',(#8816),#8820);
#8816 = CIRCLE('',#8817,1.5);
#8817 = AXIS2_PLACEMENT_2D('',#8818,#8819);
#8818 = CARTESIAN_POINT('',(0.,0.));
#8819 = DIRECTION('',(-1.,0.));
#8820 = ( GEOMETRIC_REPRESENTATION_CONTEXT(2) 
PARAMETRIC_REPRESENTATION_CONTEXT() REPRESENTATION_CONTEXT('2D SPACE',''
  ) );
#8821 = ORIENTED_EDGE('',*,*,#8772,.F.);
#8822 = ADVANCED_FACE('',(#8823),#8425,.F.);
#8823 = FACE_BOUND('',#8824,.F.);
#8824 = EDGE_LOOP('',(#8825));
#8825 = ORIENTED_EDGE('',*,*,#8410,.T.);
#8826 = ADVANCED_FACE('',(#8827),#8480,.F.);
#8827 = FACE_BOUND('',#8828,.F.);
#8828 = EDGE_LOOP('',(#8829));
#8829 = ORIENTED_EDGE('',*,*,#8465,.T.);
#8830 = ADVANCED_FACE('',(#8831),#8535,.F.);
#8831 = FACE_BOUND('',#8832,.F.);
#8832 = EDGE_LOOP('',(#8833));
#8833 = ORIENTED_EDGE('',*,*,#8520,.T.);
#8834 = ADVANCED_FACE('',(#8835),#8590,.F.);
#8835 = FACE_BOUND('',#8836,.F.);
#8836 = EDGE_LOOP('',(#8837));
#8837 = ORIENTED_EDGE('',*,*,#8575,.T.);
#8838 = ADVANCED_FACE('',(#8839),#8645,.F.);
#8839 = FACE_BOUND('',#8840,.F.);
#8840 = EDGE_LOOP('',(#8841));
#8841 = ORIENTED_EDGE('',*,*,#8630,.T.);
#8842 = ADVANCED_FACE('',(#8843),#8700,.F.);
#8843 = FACE_BOUND('',#8844,.F.);
#8844 = EDGE_LOOP('',(#8845));
#8845 = ORIENTED_EDGE('',*,*,#8685,.T.);
#8846 = ADVANCED_FACE('',(#8847),#8755,.F.);
#8847 = FACE_BOUND('',#8848,.F.);
#8848 = EDGE_LOOP('',(#8849));
#8849 = ORIENTED_EDGE('',*,*,#8740,.T.);
#8850 = ADVANCED_FACE('',(#8851),#8810,.F.);
#8851 = FACE_BOUND('',#8852,.F.);
#8852 = EDGE_LOOP('',(#8853));
#8853 = ORIENTED_EDGE('',*,*,#8795,.T.);
#8854 = ( GEOMETRIC_REPRESENTATION_CONTEXT(3) 
GLOBAL_UNCERTAINTY_ASSIGNED_CONTEXT((#8858)) 
GLOBAL_UNIT_ASSIGNED_CONTEXT((#8855,#8856,#8857)) REPRESENTATION_CONTEXT
('Context #1','3D Context with UNIT and UNCERTAINTY') );
#8855 = ( LENGTH_UNIT() NAMED_UNIT(*) SI_UNIT(.MILLI.,.METRE.) );
#8856 = ( NAMED_UNIT(*) PLANE_ANGLE_UNIT() SI_UNIT($,.RADIAN.) );
#8857 = ( NAMED_UNIT(*) SI_UNIT($,.STERADIAN.) SOLID_ANGLE_UNIT() );
#8858 = UNCERTAINTY_MEASURE_WITH_UNIT(LENGTH_MEASURE(1.E-07),#8855,
  'distance_accuracy_value','confusion accuracy');
#8859 = CONTEXT_DEPENDENT_SHAPE_REPRESENTATION(#8860,#8862);
#8860 = ( REPRESENTATION_RELATIONSHIP('','',#7787,#10) 
REPRESENTATION_RELATIONSHIP_WITH_TRANSFORMATION(#8861) 
SHAPE_REPRESENTATION_RELATIONSHIP() );
#8861 = ITEM_DEFINED_TRANSFORMATION('','',#11,#43);
#8862 = PRODUCT_DEFINITION_SHAPE('Placement','Placement of an item',
  #8863);
#8863 = NEXT_ASSEMBLY_USAGE_OCCURRENCE('20','cleat_hi_2','',#5,#7782,$);
#8864 = PRODUCT_RELATED_PRODUCT_CATEGORY('part',$,(#7784));
#8865 = SHAPE_DEFINITION_REPRESENTATION(#8866,#8872);
#8866 = PRODUCT_DEFINITION_SHAPE('','',#8867);
#8867 = PRODUCT_DEFINITION('design','',#8868,#8871);
#8868 = PRODUCT_DEFINITION_FORMATION('','',#8869);
#8869 = PRODUCT('tread_lo_1','tread_lo_1','',(#8870));
#8870 = PRODUCT_CONTEXT('',#2,'mechanical');
#8871 = PRODUCT_DEFINITION_CONTEXT('part definition',#2,'design');
#8872 = ADVANCED_BREP_SHAPE_REPRESENTATION('',(#11,#8873),#9875);
#8873 = MANIFOLD_SOLID_BREP('',#8874);
#8874 = CLOSED_SHELL('',(#8875,#8995,#9071,#9260,#9309,#9460,#9467,#9541
    ,#9615,#9689,#9763,#9791,#9819,#9847));
#8875 = ADVANCED_FACE('',(#8876),#8890,.F.);
#8876 = FACE_BOUND('',#8877,.F.);
#8877 = EDGE_LOOP('',(#8878,#8913,#8941,#8969));
#8878 = ORIENTED_EDGE('',*,*,#8879,.F.);
#8879 = EDGE_CURVE('',#8880,#8882,#8884,.T.);
#8880 = VERTEX_POINT('',#8881);
#8881 = CARTESIAN_POINT('',(20.,0.,130.));
#8882 = VERTEX_POINT('',#8883);
#8883 = CARTESIAN_POINT('',(20.,0.,150.));
#8884 = SURFACE_CURVE('',#8885,(#8889,#8901),.PCURVE_S1.);
#8885 = LINE('',#8886,#8887);
#8886 = CARTESIAN_POINT('',(20.,0.,130.));
#8887 = VECTOR('',#8888,1.);
#8888 = DIRECTION('',(0.,0.,1.));
#8889 = PCURVE('',#8890,#8895);
#8890 = PLANE('',#8891);
#8891 = AXIS2_PLACEMENT_3D('',#8892,#8893,#8894);
#8892 = CARTESIAN_POINT('',(20.,0.,130.));
#8893 = DIRECTION('',(1.,0.,0.));
#8894 = DIRECTION('',(0.,0.,1.));
#8895 = DEFINITIONAL_REPRESENTATION('',(#8896),#8900);
#8896 = LINE('',#8897,#8898);
#8897 = CARTESIAN_POINT('',(0.,0.));
#8898 = VECTOR('',#8899,1.);
#8899 = DIRECTION('',(1.,0.));
#8900 = ( GEOMETRIC_REPRESENTATION_CONTEXT(2) 
PARAMETRIC_REPRESENTATION_CONTEXT() REPRESENTATION_CONTEXT('2D SPACE',''
  ) );
#8901 = PCURVE('',#8902,#8907);
#8902 = PLANE('',#8903);
#8903 = AXIS2_PLACEMENT_3D('',#8904,#8905,#8906);
#8904 = CARTESIAN_POINT('',(20.,0.,130.));
#8905 = DIRECTION('',(0.,1.,0.));
#8906 = DIRECTION('',(0.,0.,1.));
#8907 = DEFINITIONAL_REPRESENTATION('',(#8908),#8912);
#8908 = LINE('',#8909,#8910);
#8909 = CARTESIAN_POINT('',(0.,0.));
#8910 = VECTOR('',#8911,1.);
#8911 = DIRECTION('',(1.,0.));
#8912 = ( GEOMETRIC_REPRESENTATION_CONTEXT(2) 
PARAMETRIC_REPRESENTATION_CONTEXT() REPRESENTATION_CONTEXT('2D SPACE',''
  ) );
#8913 = ORIENTED_EDGE('',*,*,#8914,.T.);
#8914 = EDGE_CURVE('',#8880,#8915,#8917,.T.);
#8915 = VERTEX_POINT('',#8916);
#8916 = CARTESIAN_POINT('',(20.,145.,130.));
#8917 = SURFACE_CURVE('',#8918,(#8922,#8929),.PCURVE_S1.);
#8918 = LINE('',#8919,#8920);
#8919 = CARTESIAN_POINT('',(20.,0.,130.));
#8920 = VECTOR('',#8921,1.);
#8921 = DIRECTION('',(0.,1.,0.));
#8922 = PCURVE('',#8890,#8923);
#8923 = DEFINITIONAL_REPRESENTATION('',(#8924),#8928);
#8924 = LINE('',#8925,#8926);
#8925 = CARTESIAN_POINT('',(0.,0.));
#8926 = VECTOR('',#8927,1.);
#8927 = DIRECTION('',(0.,-1.));
#8928 = ( GEOMETRIC_REPRESENTATION_CONTEXT(2) 
PARAMETRIC_REPRESENTATION_CONTEXT() REPRESENTATION_CONTEXT('2D SPACE',''
  ) );
#8929 = PCURVE('',#8930,#8935);
#8930 = PLANE('',#8931);
#8931 = AXIS2_PLACEMENT_3D('',#8932,#8933,#8934);
#8932 = CARTESIAN_POINT('',(20.,0.,130.));
#8933 = DIRECTION('',(0.,0.,1.));
#8934 = DIRECTION('',(1.,0.,0.));
#8935 = DEFINITIONAL_REPRESENTATION('',(#8936),#8940);
#8936 = LINE('',#8937,#8938);
#8937 = CARTESIAN_POINT('',(0.,0.));
#8938 = VECTOR('',#8939,1.);
#8939 = DIRECTION('',(0.,1.));
#8940 = ( GEOMETRIC_REPRESENTATION_CONTEXT(2) 
PARAMETRIC_REPRESENTATION_CONTEXT() REPRESENTATION_CONTEXT('2D SPACE',''
  ) );
#8941 = ORIENTED_EDGE('',*,*,#8942,.T.);
#8942 = EDGE_CURVE('',#8915,#8943,#8945,.T.);
#8943 = VERTEX_POINT('',#8944);
#8944 = CARTESIAN_POINT('',(20.,145.,150.));
#8945 = SURFACE_CURVE('',#8946,(#8950,#8957),.PCURVE_S1.);
#8946 = LINE('',#8947,#8948);
#8947 = CARTESIAN_POINT('',(20.,145.,130.));
#8948 = VECTOR('',#8949,1.);
#8949 = DIRECTION('',(0.,0.,1.));
#8950 = PCURVE('',#8890,#8951);
#8951 = DEFINITIONAL_REPRESENTATION('',(#8952),#8956);
#8952 = LINE('',#8953,#8954);
#8953 = CARTESIAN_POINT('',(0.,-145.));
#8954 = VECTOR('',#8955,1.);
#8955 = DIRECTION('',(1.,0.));
#8956 = ( GEOMETRIC_REPRESENTATION_CONTEXT(2) 
PARAMETRIC_REPRESENTATION_CONTEXT() REPRESENTATION_CONTEXT('2D SPACE',''
  ) );
#8957 = PCURVE('',#8958,#8963);
#8958 = PLANE('',#8959);
#8959 = AXIS2_PLACEMENT_3D('',#8960,#8961,#8962);
#8960 = CARTESIAN_POINT('',(20.,145.,130.));
#8961 = DIRECTION('',(0.,1.,0.));
#8962 = DIRECTION('',(0.,0.,1.));
#8963 = DEFINITIONAL_REPRESENTATION('',(#8964),#8968);
#8964 = LINE('',#8965,#8966);
#8965 = CARTESIAN_POINT('',(0.,0.));
#8966 = VECTOR('',#8967,1.);
#8967 = DIRECTION('',(1.,0.));
#8968 = ( GEOMETRIC_REPRESENTATION_CONTEXT(2) 
PARAMETRIC_REPRESENTATION_CONTEXT() REPRESENTATION_CONTEXT('2D SPACE',''
  ) );
#8969 = ORIENTED_EDGE('',*,*,#8970,.F.);
#8970 = EDGE_CURVE('',#8882,#8943,#8971,.T.);
#8971 = SURFACE_CURVE('',#8972,(#8976,#8983),.PCURVE_S1.);
#8972 = LINE('',#8973,#8974);
#8973 = CARTESIAN_POINT('',(20.,0.,150.));
#8974 = VECTOR('',#8975,1.);
#8975 = DIRECTION('',(0.,1.,0.));
#8976 = PCURVE('',#8890,#8977);
#8977 = DEFINITIONAL_REPRESENTATION('',(#8978),#8982);
#8978 = LINE('',#8979,#8980);
#8979 = CARTESIAN_POINT('',(20.,0.));
#8980 = VECTOR('',#8981,1.);
#8981 = DIRECTION('',(0.,-1.));
#8982 = ( GEOMETRIC_REPRESENTATION_CONTEXT(2) 
PARAMETRIC_REPRESENTATION_CONTEXT() REPRESENTATION_CONTEXT('2D SPACE',''
  ) );
#8983 = PCURVE('',#8984,#8989);
#8984 = PLANE('',#8985);
#8985 = AXIS2_PLACEMENT_3D('',#8986,#8987,#8988);
#8986 = CARTESIAN_POINT('',(20.,0.,150.));
#8987 = DIRECTION('',(0.,0.,1.));
#8988 = DIRECTION('',(1.,0.,0.));
#8989 = DEFINITIONAL_REPRESENTATION('',(#8990),#8994);
#8990 = LINE('',#8991,#8992);
#8991 = CARTESIAN_POINT('',(0.,0.));
#8992 = VECTOR('',#8993,1.);
#8993 = DIRECTION('',(0.,1.));
#8994 = ( GEOMETRIC_REPRESENTATION_CONTEXT(2) 
PARAMETRIC_REPRESENTATION_CONTEXT() REPRESENTATION_CONTEXT('2D SPACE',''
  ) );
#8995 = ADVANCED_FACE('',(#8996),#8902,.F.);
#8996 = FACE_BOUND('',#8997,.F.);
#8997 = EDGE_LOOP('',(#8998,#9021,#9022,#9045));
#8998 = ORIENTED_EDGE('',*,*,#8999,.F.);
#8999 = EDGE_CURVE('',#8880,#9000,#9002,.T.);
#9000 = VERTEX_POINT('',#9001);
#9001 = CARTESIAN_POINT('',(380.,0.,130.));
#9002 = SURFACE_CURVE('',#9003,(#9007,#9014),.PCURVE_S1.);
#9003 = LINE('',#9004,#9005);
#9004 = CARTESIAN_POINT('',(20.,0.,130.));
#9005 = VECTOR('',#9006,1.);
#9006 = DIRECTION('',(1.,0.,0.));
#9007 = PCURVE('',#8902,#9008);
#9008 = DEFINITIONAL_REPRESENTATION('',(#9009),#9013);
#9009 = LINE('',#9010,#9011);
#9010 = CARTESIAN_POINT('',(0.,0.));
#9011 = VECTOR('',#9012,1.);
#9012 = DIRECTION('',(0.,1.));
#9013 = ( GEOMETRIC_REPRESENTATION_CONTEXT(2) 
PARAMETRIC_REPRESENTATION_CONTEXT() REPRESENTATION_CONTEXT('2D SPACE',''
  ) );
#9014 = PCURVE('',#8930,#9015);
#9015 = DEFINITIONAL_REPRESENTATION('',(#9016),#9020);
#9016 = LINE('',#9017,#9018);
#9017 = CARTESIAN_POINT('',(0.,0.));
#9018 = VECTOR('',#9019,1.);
#9019 = DIRECTION('',(1.,0.));
#9020 = ( GEOMETRIC_REPRESENTATION_CONTEXT(2) 
PARAMETRIC_REPRESENTATION_CONTEXT() REPRESENTATION_CONTEXT('2D SPACE',''
  ) );
#9021 = ORIENTED_EDGE('',*,*,#8879,.T.);
#9022 = ORIENTED_EDGE('',*,*,#9023,.T.);
#9023 = EDGE_CURVE('',#8882,#9024,#9026,.T.);
#9024 = VERTEX_POINT('',#9025);
#9025 = CARTESIAN_POINT('',(380.,0.,150.));
#9026 = SURFACE_CURVE('',#9027,(#9031,#9038),.PCURVE_S1.);
#9027 = LINE('',#9028,#9029);
#9028 = CARTESIAN_POINT('',(20.,0.,150.));
#9029 = VECTOR('',#9030,1.);
#9030 = DIRECTION('',(1.,0.,0.));
#9031 = PCURVE('',#8902,#9032);
#9032 = DEFINITIONAL_REPRESENTATION('',(#9033),#9037);
#9033 = LINE('',#9034,#9035);
#9034 = CARTESIAN_POINT('',(20.,0.));
#9035 = VECTOR('',#9036,1.);
#9036 = DIRECTION('',(0.,1.));
#9037 = ( GEOMETRIC_REPRESENTATION_CONTEXT(2) 
PARAMETRIC_REPRESENTATION_CONTEXT() REPRESENTATION_CONTEXT('2D SPACE',''
  ) );
#9038 = PCURVE('',#8984,#9039);
#9039 = DEFINITIONAL_REPRESENTATION('',(#9040),#9044);
#9040 = LINE('',#9041,#9042);
#9041 = CARTESIAN_POINT('',(0.,0.));
#9042 = VECTOR('',#9043,1.);
#9043 = DIRECTION('',(1.,0.));
#9044 = ( GEOMETRIC_REPRESENTATION_CONTEXT(2) 
PARAMETRIC_REPRESENTATION_CONTEXT() REPRESENTATION_CONTEXT('2D SPACE',''
  ) );
#9045 = ORIENTED_EDGE('',*,*,#9046,.F.);
#9046 = EDGE_CURVE('',#9000,#9024,#9047,.T.);
#9047 = SURFACE_CURVE('',#9048,(#9052,#9059),.PCURVE_S1.);
#9048 = LINE('',#9049,#9050);
#9049 = CARTESIAN_POINT('',(380.,0.,130.));
#9050 = VECTOR('',#9051,1.);
#9051 = DIRECTION('',(0.,0.,1.));
#9052 = PCURVE('',#8902,#9053);
#9053 = DEFINITIONAL_REPRESENTATION('',(#9054),#9058);
#9054 = LINE('',#9055,#9056);
#9055 = CARTESIAN_POINT('',(0.,360.));
#9056 = VECTOR('',#9057,1.);
#9057 = DIRECTION('',(1.,0.));
#9058 = ( GEOMETRIC_REPRESENTATION_CONTEXT(2) 
PARAMETRIC_REPRESENTATION_CONTEXT() REPRESENTATION_CONTEXT('2D SPACE',''
  ) );
#9059 = PCURVE('',#9060,#9065);
#9060 = PLANE('',#9061);
#9061 = AXIS2_PLACEMENT_3D('',#9062,#9063,#9064);
#9062 = CARTESIAN_POINT('',(380.,0.,130.));
#9063 = DIRECTION('',(1.,0.,0.));
#9064 = DIRECTION('',(0.,0.,1.));
#9065 = DEFINITIONAL_REPRESENTATION('',(#9066),#9070);
#9066 = LINE('',#9067,#9068);
#9067 = CARTESIAN_POINT('',(0.,0.));
#9068 = VECTOR('',#9069,1.);
#9069 = DIRECTION('',(1.,0.));
#9070 = ( GEOMETRIC_REPRESENTATION_CONTEXT(2) 
PARAMETRIC_REPRESENTATION_CONTEXT() REPRESENTATION_CONTEXT('2D SPACE',''
  ) );
#9071 = ADVANCED_FACE('',(#9072,#9120,#9155,#9190,#9225),#8984,.T.);
#9072 = FACE_BOUND('',#9073,.T.);
#9073 = EDGE_LOOP('',(#9074,#9075,#9076,#9099));
#9074 = ORIENTED_EDGE('',*,*,#8970,.F.);
#9075 = ORIENTED_EDGE('',*,*,#9023,.T.);
#9076 = ORIENTED_EDGE('',*,*,#9077,.T.);
#9077 = EDGE_CURVE('',#9024,#9078,#9080,.T.);
#9078 = VERTEX_POINT('',#9079);
#9079 = CARTESIAN_POINT('',(380.,145.,150.));
#9080 = SURFACE_CURVE('',#9081,(#9085,#9092),.PCURVE_S1.);
#9081 = LINE('',#9082,#9083);
#9082 = CARTESIAN_POINT('',(380.,0.,150.));
#9083 = VECTOR('',#9084,1.);
#9084 = DIRECTION('',(0.,1.,0.));
#9085 = PCURVE('',#8984,#9086);
#9086 = DEFINITIONAL_REPRESENTATION('',(#9087),#9091);
#9087 = LINE('',#9088,#9089);
#9088 = CARTESIAN_POINT('',(360.,0.));
#9089 = VECTOR('',#9090,1.);
#9090 = DIRECTION('',(0.,1.));
#9091 = ( GEOMETRIC_REPRESENTATION_CONTEXT(2) 
PARAMETRIC_REPRESENTATION_CONTEXT() REPRESENTATION_CONTEXT('2D SPACE',''
  ) );
#9092 = PCURVE('',#9060,#9093);
#9093 = DEFINITIONAL_REPRESENTATION('',(#9094),#9098);
#9094 = LINE('',#9095,#9096);
#9095 = CARTESIAN_POINT('',(20.,0.));
#9096 = VECTOR('',#9097,1.);
#9097 = DIRECTION('',(0.,-1.));
#9098 = ( GEOMETRIC_REPRESENTATION_CONTEXT(2) 
PARAMETRIC_REPRESENTATION_CONTEXT() REPRESENTATION_CONTEXT('2D SPACE',''
  ) );
#9099 = ORIENTED_EDGE('',*,*,#9100,.F.);
#9100 = EDGE_CURVE('',#8943,#9078,#9101,.T.);
#9101 = SURFACE_CURVE('',#9102,(#9106,#9113),.PCURVE_S1.);
#9102 = LINE('',#9103,#9104);
#9103 = CARTESIAN_POINT('',(20.,145.,150.));
#9104 = VECTOR('',#9105,1.);
#9105 = DIRECTION('',(1.,0.,0.));
#9106 = PCURVE('',#8984,#9107);
#9107 = DEFINITIONAL_REPRESENTATION('',(#9108),#9112);
#9108 = LINE('',#9109,#9110);
#9109 = CARTESIAN_POINT('',(0.,145.));
#9110 = VECTOR('',#9111,1.);
#9111 = DIRECTION('',(1.,0.));
#9112 = ( GEOMETRIC_REPRESENTATION_CONTEXT(2) 
PARAMETRIC_REPRESENTATION_CONTEXT() REPRESENTATION_CONTEXT('2D SPACE',''
  ) );
#9113 = PCURVE('',#8958,#9114);
#9114 = DEFINITIONAL_REPRESENTATION('',(#9115),#9119);
#9115 = LINE('',#9116,#9117);
#9116 = CARTESIAN_POINT('',(20.,0.));
#9117 = VECTOR('',#9118,1.);
#9118 = DIRECTION('',(0.,1.));
#9119 = ( GEOMETRIC_REPRESENTATION_CONTEXT(2) 
PARAMETRIC_REPRESENTATION_CONTEXT() REPRESENTATION_CONTEXT('2D SPACE',''
  ) );
#9120 = FACE_BOUND('',#9121,.T.);
#9121 = EDGE_LOOP('',(#9122));
#9122 = ORIENTED_EDGE('',*,*,#9123,.T.);
#9123 = EDGE_CURVE('',#9124,#9124,#9126,.T.);
#9124 = VERTEX_POINT('',#9125);
#9125 = CARTESIAN_POINT('',(35.65,28.,150.));
#9126 = SURFACE_CURVE('',#9127,(#9132,#9143),.PCURVE_S1.);
#9127 = CIRCLE('',#9128,4.35);
#9128 = AXIS2_PLACEMENT_3D('',#9129,#9130,#9131);
#9129 = CARTESIAN_POINT('',(40.,28.,150.));
#9130 = DIRECTION('',(0.,0.,-1.));
#9131 = DIRECTION('',(-1.,0.,-0.));
#9132 = PCURVE('',#8984,#9133);
#9133 = DEFINITIONAL_REPRESENTATION('',(#9134),#9142);
#9134 = ( BOUNDED_CURVE() B_SPLINE_CURVE(2,(#9135,#9136,#9137,#9138,
#9139,#9140,#9141),.UNSPECIFIED.,.T.,.F.) B_SPLINE_CURVE_WITH_KNOTS((1,2
    ,2,2,2,1),(-2.094395102393,0.,2.094395102393,4.188790204786,
6.28318530718,8.377580409573),.UNSPECIFIED.) CURVE() 
GEOMETRIC_REPRESENTATION_ITEM() RATIONAL_B_SPLINE_CURVE((1.,0.5,1.,0.5,
1.,0.5,1.)) REPRESENTATION_ITEM('') );
#9135 = CARTESIAN_POINT('',(15.65,28.));
#9136 = CARTESIAN_POINT('',(15.65,35.534421012925));
#9137 = CARTESIAN_POINT('',(22.175,31.767210506462));
#9138 = CARTESIAN_POINT('',(28.7,28.));
#9139 = CARTESIAN_POINT('',(22.175,24.232789493538));
#9140 = CARTESIAN_POINT('',(15.65,20.465578987075));
#9141 = CARTESIAN_POINT('',(15.65,28.));
#9142 = ( GEOMETRIC_REPRESENTATION_CONTEXT(2) 
PARAMETRIC_REPRESENTATION_CONTEXT() REPRESENTATION_CONTEXT('2D SPACE',''
  ) );
#9143 = PCURVE('',#9144,#9149);
#9144 = CONICAL_SURFACE('',#9145,4.4,0.785398163397);
#9145 = AXIS2_PLACEMENT_3D('',#9146,#9147,#9148);
#9146 = CARTESIAN_POINT('',(40.,28.,150.05));
#9147 = DIRECTION('',(-0.,-0.,1.));
#9148 = DIRECTION('',(-1.,0.,-0.));
#9149 = DEFINITIONAL_REPRESENTATION('',(#9150),#9154);
#9150 = LINE('',#9151,#9152);
#9151 = CARTESIAN_POINT('',(-0.,-5.000000000001E-02));
#9152 = VECTOR('',#9153,1.);
#9153 = DIRECTION('',(-1.,-0.));
#9154 = ( GEOMETRIC_REPRESENTATION_CONTEXT(2) 
PARAMETRIC_REPRESENTATION_CONTEXT() REPRESENTATION_CONTEXT('2D SPACE',''
  ) );
#9155 = FACE_BOUND('',#9156,.T.);
#9156 = EDGE_LOOP('',(#9157));
#9157 = ORIENTED_EDGE('',*,*,#9158,.T.);
#9158 = EDGE_CURVE('',#9159,#9159,#9161,.T.);
#9159 = VERTEX_POINT('',#9160);
#9160 = CARTESIAN_POINT('',(355.65,28.,150.));
#9161 = SURFACE_CURVE('',#9162,(#9167,#9178),.PCURVE_S1.);
#9162 = CIRCLE('',#9163,4.35);
#9163 = AXIS2_PLACEMENT_3D('',#9164,#9165,#9166);
#9164 = CARTESIAN_POINT('',(360.,28.,150.));
#9165 = DIRECTION('',(0.,0.,-1.));
#9166 = DIRECTION('',(-1.,0.,-0.));
#9167 = PCURVE('',#8984,#9168);
#9168 = DEFINITIONAL_REPRESENTATION('',(#9169),#9177);
#9169 = ( BOUNDED_CURVE() B_SPLINE_CURVE(2,(#9170,#9171,#9172,#9173,
#9174,#9175,#9176),.UNSPECIFIED.,.T.,.F.) B_SPLINE_CURVE_WITH_KNOTS((1,2
    ,2,2,2,1),(-2.094395102393,0.,2.094395102393,4.188790204786,
6.28318530718,8.377580409573),.UNSPECIFIED.) CURVE() 
GEOMETRIC_REPRESENTATION_ITEM() RATIONAL_B_SPLINE_CURVE((1.,0.5,1.,0.5,
1.,0.5,1.)) REPRESENTATION_ITEM('') );
#9170 = CARTESIAN_POINT('',(335.65,28.));
#9171 = CARTESIAN_POINT('',(335.65,35.534421012925));
#9172 = CARTESIAN_POINT('',(342.175,31.767210506462));
#9173 = CARTESIAN_POINT('',(348.7,28.));
#9174 = CARTESIAN_POINT('',(342.175,24.232789493538));
#9175 = CARTESIAN_POINT('',(335.65,20.465578987075));
#9176 = CARTESIAN_POINT('',(335.65,28.));
#9177 = ( GEOMETRIC_REPRESENTATION_CONTEXT(2) 
PARAMETRIC_REPRESENTATION_CONTEXT() REPRESENTATION_CONTEXT('2D SPACE',''
  ) );
#9178 = PCURVE('',#9179,#9184);
#9179 = CONICAL_SURFACE('',#9180,4.4,0.785398163397);
#9180 = AXIS2_PLACEMENT_3D('',#9181,#9182,#9183);
#9181 = CARTESIAN_POINT('',(360.,28.,150.05));
#9182 = DIRECTION('',(-0.,-0.,1.));
#9183 = DIRECTION('',(-1.,0.,-0.));
#9184 = DEFINITIONAL_REPRESENTATION('',(#9185),#9189);
#9185 = LINE('',#9186,#9187);
#9186 = CARTESIAN_POINT('',(-0.,-5.000000000001E-02));
#9187 = VECTOR('',#9188,1.);
#9188 = DIRECTION('',(-1.,-0.));
#9189 = ( GEOMETRIC_REPRESENTATION_CONTEXT(2) 
PARAMETRIC_REPRESENTATION_CONTEXT() REPRESENTATION_CONTEXT('2D SPACE',''
  ) );
#9190 = FACE_BOUND('',#9191,.T.);
#9191 = EDGE_LOOP('',(#9192));
#9192 = ORIENTED_EDGE('',*,*,#9193,.T.);
#9193 = EDGE_CURVE('',#9194,#9194,#9196,.T.);
#9194 = VERTEX_POINT('',#9195);
#9195 = CARTESIAN_POINT('',(35.65,117.,150.));
#9196 = SURFACE_CURVE('',#9197,(#9202,#9213),.PCURVE_S1.);
#9197 = CIRCLE('',#9198,4.35);
#9198 = AXIS2_PLACEMENT_3D('',#9199,#9200,#9201);
#9199 = CARTESIAN_POINT('',(40.,117.,150.));
#9200 = DIRECTION('',(0.,0.,-1.));
#9201 = DIRECTION('',(-1.,0.,-0.));
#9202 = PCURVE('',#8984,#9203);
#9203 = DEFINITIONAL_REPRESENTATION('',(#9204),#9212);
#9204 = ( BOUNDED_CURVE() B_SPLINE_CURVE(2,(#9205,#9206,#9207,#9208,
#9209,#9210,#9211),.UNSPECIFIED.,.T.,.F.) B_SPLINE_CURVE_WITH_KNOTS((1,2
    ,2,2,2,1),(-2.094395102393,0.,2.094395102393,4.188790204786,
6.28318530718,8.377580409573),.UNSPECIFIED.) CURVE() 
GEOMETRIC_REPRESENTATION_ITEM() RATIONAL_B_SPLINE_CURVE((1.,0.5,1.,0.5,
1.,0.5,1.)) REPRESENTATION_ITEM('') );
#9205 = CARTESIAN_POINT('',(15.65,117.));
#9206 = CARTESIAN_POINT('',(15.65,124.53442101292));
#9207 = CARTESIAN_POINT('',(22.175,120.76721050646));
#9208 = CARTESIAN_POINT('',(28.7,117.));
#9209 = CARTESIAN_POINT('',(22.175,113.23278949353));
#9210 = CARTESIAN_POINT('',(15.65,109.46557898707));
#9211 = CARTESIAN_POINT('',(15.65,117.));
#9212 = ( GEOMETRIC_REPRESENTATION_CONTEXT(2) 
PARAMETRIC_REPRESENTATION_CONTEXT() REPRESENTATION_CONTEXT('2D SPACE',''
  ) );
#9213 = PCURVE('',#9214,#9219);
#9214 = CONICAL_SURFACE('',#9215,4.4,0.785398163397);
#9215 = AXIS2_PLACEMENT_3D('',#9216,#9217,#9218);
#9216 = CARTESIAN_POINT('',(40.,117.,150.05));
#9217 = DIRECTION('',(-0.,-0.,1.));
#9218 = DIRECTION('',(-1.,0.,-0.));
#9219 = DEFINITIONAL_REPRESENTATION('',(#9220),#9224);
#9220 = LINE('',#9221,#9222);
#9221 = CARTESIAN_POINT('',(-0.,-5.000000000001E-02));
#9222 = VECTOR('',#9223,1.);
#9223 = DIRECTION('',(-1.,-0.));
#9224 = ( GEOMETRIC_REPRESENTATION_CONTEXT(2) 
PARAMETRIC_REPRESENTATION_CONTEXT() REPRESENTATION_CONTEXT('2D SPACE',''
  ) );
#9225 = FACE_BOUND('',#9226,.T.);
#9226 = EDGE_LOOP('',(#9227));
#9227 = ORIENTED_EDGE('',*,*,#9228,.T.);
#9228 = EDGE_CURVE('',#9229,#9229,#9231,.T.);
#9229 = VERTEX_POINT('',#9230);
#9230 = CARTESIAN_POINT('',(355.65,117.,150.));
#9231 = SURFACE_CURVE('',#9232,(#9237,#9248),.PCURVE_S1.);
#9232 = CIRCLE('',#9233,4.35);
#9233 = AXIS2_PLACEMENT_3D('',#9234,#9235,#9236);
#9234 = CARTESIAN_POINT('',(360.,117.,150.));
#9235 = DIRECTION('',(0.,0.,-1.));
#9236 = DIRECTION('',(-1.,0.,-0.));
#9237 = PCURVE('',#8984,#9238);
#9238 = DEFINITIONAL_REPRESENTATION('',(#9239),#9247);
#9239 = ( BOUNDED_CURVE() B_SPLINE_CURVE(2,(#9240,#9241,#9242,#9243,
#9244,#9245,#9246),.UNSPECIFIED.,.T.,.F.) B_SPLINE_CURVE_WITH_KNOTS((1,2
    ,2,2,2,1),(-2.094395102393,0.,2.094395102393,4.188790204786,
6.28318530718,8.377580409573),.UNSPECIFIED.) CURVE() 
GEOMETRIC_REPRESENTATION_ITEM() RATIONAL_B_SPLINE_CURVE((1.,0.5,1.,0.5,
1.,0.5,1.)) REPRESENTATION_ITEM('') );
#9240 = CARTESIAN_POINT('',(335.65,117.));
#9241 = CARTESIAN_POINT('',(335.65,124.53442101292));
#9242 = CARTESIAN_POINT('',(342.175,120.76721050646));
#9243 = CARTESIAN_POINT('',(348.7,117.));
#9244 = CARTESIAN_POINT('',(342.175,113.23278949353));
#9245 = CARTESIAN_POINT('',(335.65,109.46557898707));
#9246 = CARTESIAN_POINT('',(335.65,117.));
#9247 = ( GEOMETRIC_REPRESENTATION_CONTEXT(2) 
PARAMETRIC_REPRESENTATION_CONTEXT() REPRESENTATION_CONTEXT('2D SPACE',''
  ) );
#9248 = PCURVE('',#9249,#9254);
#9249 = CONICAL_SURFACE('',#9250,4.4,0.785398163397);
#9250 = AXIS2_PLACEMENT_3D('',#9251,#9252,#9253);
#9251 = CARTESIAN_POINT('',(360.,117.,150.05));
#9252 = DIRECTION('',(-0.,-0.,1.));
#9253 = DIRECTION('',(-1.,0.,-0.));
#9254 = DEFINITIONAL_REPRESENTATION('',(#9255),#9259);
#9255 = LINE('',#9256,#9257);
#9256 = CARTESIAN_POINT('',(-0.,-5.000000000001E-02));
#9257 = VECTOR('',#9258,1.);
#9258 = DIRECTION('',(-1.,-0.));
#9259 = ( GEOMETRIC_REPRESENTATION_CONTEXT(2) 
PARAMETRIC_REPRESENTATION_CONTEXT() REPRESENTATION_CONTEXT('2D SPACE',''
  ) );
#9260 = ADVANCED_FACE('',(#9261),#8958,.T.);
#9261 = FACE_BOUND('',#9262,.T.);
#9262 = EDGE_LOOP('',(#9263,#9286,#9287,#9288));
#9263 = ORIENTED_EDGE('',*,*,#9264,.F.);
#9264 = EDGE_CURVE('',#8915,#9265,#9267,.T.);
#9265 = VERTEX_POINT('',#9266);
#9266 = CARTESIAN_POINT('',(380.,145.,130.));
#9267 = SURFACE_CURVE('',#9268,(#9272,#9279),.PCURVE_S1.);
#9268 = LINE('',#9269,#9270);
#9269 = CARTESIAN_POINT('',(20.,145.,130.));
#9270 = VECTOR('',#9271,1.);
#9271 = DIRECTION('',(1.,0.,0.));
#9272 = PCURVE('',#8958,#9273);
#9273 = DEFINITIONAL_REPRESENTATION('',(#9274),#9278);
#9274 = LINE('',#9275,#9276);
#9275 = CARTESIAN_POINT('',(0.,0.));
#9276 = VECTOR('',#9277,1.);
#9277 = DIRECTION('',(0.,1.));
#9278 = ( GEOMETRIC_REPRESENTATION_CONTEXT(2) 
PARAMETRIC_REPRESENTATION_CONTEXT() REPRESENTATION_CONTEXT('2D SPACE',''
  ) );
#9279 = PCURVE('',#8930,#9280);
#9280 = DEFINITIONAL_REPRESENTATION('',(#9281),#9285);
#9281 = LINE('',#9282,#9283);
#9282 = CARTESIAN_POINT('',(0.,145.));
#9283 = VECTOR('',#9284,1.);
#9284 = DIRECTION('',(1.,0.));
#9285 = ( GEOMETRIC_REPRESENTATION_CONTEXT(2) 
PARAMETRIC_REPRESENTATION_CONTEXT() REPRESENTATION_CONTEXT('2D SPACE',''
  ) );
#9286 = ORIENTED_EDGE('',*,*,#8942,.T.);
#9287 = ORIENTED_EDGE('',*,*,#9100,.T.);
#9288 = ORIENTED_EDGE('',*,*,#9289,.F.);
#9289 = EDGE_CURVE('',#9265,#9078,#9290,.T.);
#9290 = SURFACE_CURVE('',#9291,(#9295,#9302),.PCURVE_S1.);
#9291 = LINE('',#9292,#9293);
#9292 = CARTESIAN_POINT('',(380.,145.,130.));
#9293 = VECTOR('',#9294,1.);
#9294 = DIRECTION('',(0.,0.,1.));
#9295 = PCURVE('',#8958,#9296);
#9296 = DEFINITIONAL_REPRESENTATION('',(#9297),#9301);
#9297 = LINE('',#9298,#9299);
#9298 = CARTESIAN_POINT('',(0.,360.));
#9299 = VECTOR('',#9300,1.);
#9300 = DIRECTION('',(1.,0.));
#9301 = ( GEOMETRIC_REPRESENTATION_CONTEXT(2) 
PARAMETRIC_REPRESENTATION_CONTEXT() REPRESENTATION_CONTEXT('2D SPACE',''
  ) );
#9302 = PCURVE('',#9060,#9303);
#9303 = DEFINITIONAL_REPRESENTATION('',(#9304),#9308);
#9304 = LINE('',#9305,#9306);
#9305 = CARTESIAN_POINT('',(0.,-145.));
#9306 = VECTOR('',#9307,1.);
#9307 = DIRECTION('',(1.,0.));
#9308 = ( GEOMETRIC_REPRESENTATION_CONTEXT(2) 
PARAMETRIC_REPRESENTATION_CONTEXT() REPRESENTATION_CONTEXT('2D SPACE',''
  ) );
#9309 = ADVANCED_FACE('',(#9310,#9336,#9367,#9398,#9429),#8930,.F.);
#9310 = FACE_BOUND('',#9311,.F.);
#9311 = EDGE_LOOP('',(#9312,#9313,#9314,#9335));
#9312 = ORIENTED_EDGE('',*,*,#8914,.F.);
#9313 = ORIENTED_EDGE('',*,*,#8999,.T.);
#9314 = ORIENTED_EDGE('',*,*,#9315,.T.);
#9315 = EDGE_CURVE('',#9000,#9265,#9316,.T.);
#9316 = SURFACE_CURVE('',#9317,(#9321,#9328),.PCURVE_S1.);
#9317 = LINE('',#9318,#9319);
#9318 = CARTESIAN_POINT('',(380.,0.,130.));
#9319 = VECTOR('',#9320,1.);
#9320 = DIRECTION('',(0.,1.,0.));
#9321 = PCURVE('',#8930,#9322);
#9322 = DEFINITIONAL_REPRESENTATION('',(#9323),#9327);
#9323 = LINE('',#9324,#9325);
#9324 = CARTESIAN_POINT('',(360.,0.));
#9325 = VECTOR('',#9326,1.);
#9326 = DIRECTION('',(0.,1.));
#9327 = ( GEOMETRIC_REPRESENTATION_CONTEXT(2) 
PARAMETRIC_REPRESENTATION_CONTEXT() REPRESENTATION_CONTEXT('2D SPACE',''
  ) );
#9328 = PCURVE('',#9060,#9329);
#9329 = DEFINITIONAL_REPRESENTATION('',(#9330),#9334);
#9330 = LINE('',#9331,#9332);
#9331 = CARTESIAN_POINT('',(0.,0.));
#9332 = VECTOR('',#9333,1.);
#9333 = DIRECTION('',(0.,-1.));
#9334 = ( GEOMETRIC_REPRESENTATION_CONTEXT(2) 
PARAMETRIC_REPRESENTATION_CONTEXT() REPRESENTATION_CONTEXT('2D SPACE',''
  ) );
#9335 = ORIENTED_EDGE('',*,*,#9264,.F.);
#9336 = FACE_BOUND('',#9337,.F.);
#9337 = EDGE_LOOP('',(#9338));
#9338 = ORIENTED_EDGE('',*,*,#9339,.F.);
#9339 = EDGE_CURVE('',#9340,#9340,#9342,.T.);
#9340 = VERTEX_POINT('',#9341);
#9341 = CARTESIAN_POINT('',(41.5,28.,130.));
#9342 = SURFACE_CURVE('',#9343,(#9348,#9355),.PCURVE_S1.);
#9343 = CIRCLE('',#9344,1.5);
#9344 = AXIS2_PLACEMENT_3D('',#9345,#9346,#9347);
#9345 = CARTESIAN_POINT('',(40.,28.,130.));
#9346 = DIRECTION('',(0.,-0.,1.));
#9347 = DIRECTION('',(1.,0.,0.));
#9348 = PCURVE('',#8930,#9349);
#9349 = DEFINITIONAL_REPRESENTATION('',(#9350),#9354);
#9350 = CIRCLE('',#9351,1.5);
#9351 = AXIS2_PLACEMENT_2D('',#9352,#9353);
#9352 = CARTESIAN_POINT('',(20.,28.));
#9353 = DIRECTION('',(1.,0.));
#9354 = ( GEOMETRIC_REPRESENTATION_CONTEXT(2) 
PARAMETRIC_REPRESENTATION_CONTEXT() REPRESENTATION_CONTEXT('2D SPACE',''
  ) );
#9355 = PCURVE('',#9356,#9361);
#9356 = CYLINDRICAL_SURFACE('',#9357,1.5);
#9357 = AXIS2_PLACEMENT_3D('',#9358,#9359,#9360);
#9358 = CARTESIAN_POINT('',(40.,28.,150.05));
#9359 = DIRECTION('',(-0.,-0.,1.));
#9360 = DIRECTION('',(1.,0.,0.));
#9361 = DEFINITIONAL_REPRESENTATION('',(#9362),#9366);
#9362 = LINE('',#9363,#9364);
#9363 = CARTESIAN_POINT('',(-6.28318530718,-20.05));
#9364 = VECTOR('',#9365,1.);
#9365 = DIRECTION('',(1.,-0.));
#9366 = ( GEOMETRIC_REPRESENTATION_CONTEXT(2) 
PARAMETRIC_REPRESENTATION_CONTEXT() REPRESENTATION_CONTEXT('2D SPACE',''
  ) );
#9367 = FACE_BOUND('',#9368,.F.);
#9368 = EDGE_LOOP('',(#9369));
#9369 = ORIENTED_EDGE('',*,*,#9370,.F.);
#9370 = EDGE_CURVE('',#9371,#9371,#9373,.T.);
#9371 = VERTEX_POINT('',#9372);
#9372 = CARTESIAN_POINT('',(361.5,28.,130.));
#9373 = SURFACE_CURVE('',#9374,(#9379,#9386),.PCURVE_S1.);
#9374 = CIRCLE('',#9375,1.5);
#9375 = AXIS2_PLACEMENT_3D('',#9376,#9377,#9378);
#9376 = CARTESIAN_POINT('',(360.,28.,130.));
#9377 = DIRECTION('',(0.,-0.,1.));
#9378 = DIRECTION('',(1.,0.,0.));
#9379 = PCURVE('',#8930,#9380);
#9380 = DEFINITIONAL_REPRESENTATION('',(#9381),#9385);
#9381 = CIRCLE('',#9382,1.5);
#9382 = AXIS2_PLACEMENT_2D('',#9383,#9384);
#9383 = CARTESIAN_POINT('',(340.,28.));
#9384 = DIRECTION('',(1.,0.));
#9385 = ( GEOMETRIC_REPRESENTATION_CONTEXT(2) 
PARAMETRIC_REPRESENTATION_CONTEXT() REPRESENTATION_CONTEXT('2D SPACE',''
  ) );
#9386 = PCURVE('',#9387,#9392);
#9387 = CYLINDRICAL_SURFACE('',#9388,1.5);
#9388 = AXIS2_PLACEMENT_3D('',#9389,#9390,#9391);
#9389 = CARTESIAN_POINT('',(360.,28.,150.05));
#9390 = DIRECTION('',(-0.,-0.,1.));
#9391 = DIRECTION('',(1.,0.,0.));
#9392 = DEFINITIONAL_REPRESENTATION('',(#9393),#9397);
#9393 = LINE('',#9394,#9395);
#9394 = CARTESIAN_POINT('',(-6.28318530718,-20.05));
#9395 = VECTOR('',#9396,1.);
#9396 = DIRECTION('',(1.,-0.));
#9397 = ( GEOMETRIC_REPRESENTATION_CONTEXT(2) 
PARAMETRIC_REPRESENTATION_CONTEXT() REPRESENTATION_CONTEXT('2D SPACE',''
  ) );
#9398 = FACE_BOUND('',#9399,.F.);
#9399 = EDGE_LOOP('',(#9400));
#9400 = ORIENTED_EDGE('',*,*,#9401,.F.);
#9401 = EDGE_CURVE('',#9402,#9402,#9404,.T.);
#9402 = VERTEX_POINT('',#9403);
#9403 = CARTESIAN_POINT('',(41.5,117.,130.));
#9404 = SURFACE_CURVE('',#9405,(#9410,#9417),.PCURVE_S1.);
#9405 = CIRCLE('',#9406,1.5);
#9406 = AXIS2_PLACEMENT_3D('',#9407,#9408,#9409);
#9407 = CARTESIAN_POINT('',(40.,117.,130.));
#9408 = DIRECTION('',(0.,-0.,1.));
#9409 = DIRECTION('',(1.,0.,0.));
#9410 = PCURVE('',#8930,#9411);
#9411 = DEFINITIONAL_REPRESENTATION('',(#9412),#9416);
#9412 = CIRCLE('',#9413,1.5);
#9413 = AXIS2_PLACEMENT_2D('',#9414,#9415);
#9414 = CARTESIAN_POINT('',(20.,117.));
#9415 = DIRECTION('',(1.,0.));
#9416 = ( GEOMETRIC_REPRESENTATION_CONTEXT(2) 
PARAMETRIC_REPRESENTATION_CONTEXT() REPRESENTATION_CONTEXT('2D SPACE',''
  ) );
#9417 = PCURVE('',#9418,#9423);
#9418 = CYLINDRICAL_SURFACE('',#9419,1.5);
#9419 = AXIS2_PLACEMENT_3D('',#9420,#9421,#9422);
#9420 = CARTESIAN_POINT('',(40.,117.,150.05));
#9421 = DIRECTION('',(-0.,-0.,1.));
#9422 = DIRECTION('',(1.,0.,0.));
#9423 = DEFINITIONAL_REPRESENTATION('',(#9424),#9428);
#9424 = LINE('',#9425,#9426);
#9425 = CARTESIAN_POINT('',(-6.28318530718,-20.05));
#9426 = VECTOR('',#9427,1.);
#9427 = DIRECTION('',(1.,-0.));
#9428 = ( GEOMETRIC_REPRESENTATION_CONTEXT(2) 
PARAMETRIC_REPRESENTATION_CONTEXT() REPRESENTATION_CONTEXT('2D SPACE',''
  ) );
#9429 = FACE_BOUND('',#9430,.F.);
#9430 = EDGE_LOOP('',(#9431));
#9431 = ORIENTED_EDGE('',*,*,#9432,.F.);
#9432 = EDGE_CURVE('',#9433,#9433,#9435,.T.);
#9433 = VERTEX_POINT('',#9434);
#9434 = CARTESIAN_POINT('',(361.5,117.,130.));
#9435 = SURFACE_CURVE('',#9436,(#9441,#9448),.PCURVE_S1.);
#9436 = CIRCLE('',#9437,1.5);
#9437 = AXIS2_PLACEMENT_3D('',#9438,#9439,#9440);
#9438 = CARTESIAN_POINT('',(360.,117.,130.));
#9439 = DIRECTION('',(0.,-0.,1.));
#9440 = DIRECTION('',(1.,0.,0.));
#9441 = PCURVE('',#8930,#9442);
#9442 = DEFINITIONAL_REPRESENTATION('',(#9443),#9447);
#9443 = CIRCLE('',#9444,1.5);
#9444 = AXIS2_PLACEMENT_2D('',#9445,#9446);
#9445 = CARTESIAN_POINT('',(340.,117.));
#9446 = DIRECTION('',(1.,0.));
#9447 = ( GEOMETRIC_REPRESENTATION_CONTEXT(2) 
PARAMETRIC_REPRESENTATION_CONTEXT() REPRESENTATION_CONTEXT('2D SPACE',''
  ) );
#9448 = PCURVE('',#9449,#9454);
#9449 = CYLINDRICAL_SURFACE('',#9450,1.5);
#9450 = AXIS2_PLACEMENT_3D('',#9451,#9452,#9453);
#9451 = CARTESIAN_POINT('',(360.,117.,150.05));
#9452 = DIRECTION('',(-0.,-0.,1.));
#9453 = DIRECTION('',(1.,0.,0.));
#9454 = DEFINITIONAL_REPRESENTATION('',(#9455),#9459);
#9455 = LINE('',#9456,#9457);
#9456 = CARTESIAN_POINT('',(-6.28318530718,-20.05));
#9457 = VECTOR('',#9458,1.);
#9458 = DIRECTION('',(1.,-0.));
#9459 = ( GEOMETRIC_REPRESENTATION_CONTEXT(2) 
PARAMETRIC_REPRESENTATION_CONTEXT() REPRESENTATION_CONTEXT('2D SPACE',''
  ) );
#9460 = ADVANCED_FACE('',(#9461),#9060,.T.);
#9461 = FACE_BOUND('',#9462,.T.);
#9462 = EDGE_LOOP('',(#9463,#9464,#9465,#9466));
#9463 = ORIENTED_EDGE('',*,*,#9046,.F.);
#9464 = ORIENTED_EDGE('',*,*,#9315,.T.);
#9465 = ORIENTED_EDGE('',*,*,#9289,.T.);
#9466 = ORIENTED_EDGE('',*,*,#9077,.F.);
#9467 = ADVANCED_FACE('',(#9468),#9144,.F.);
#9468 = FACE_BOUND('',#9469,.F.);
#9469 = EDGE_LOOP('',(#9470,#9471,#9494,#9518,#9540));
#9470 = ORIENTED_EDGE('',*,*,#9123,.T.);
#9471 = ORIENTED_EDGE('',*,*,#9472,.T.);
#9472 = EDGE_CURVE('',#9124,#9473,#9475,.T.);
#9473 = VERTEX_POINT('',#9474);
#9474 = CARTESIAN_POINT('',(38.5,28.,147.15));
#9475 = SEAM_CURVE('',#9476,(#9480,#9487),.PCURVE_S1.);
#9476 = LINE('',#9477,#9478);
#9477 = CARTESIAN_POINT('',(35.6,28.,150.05));
#9478 = VECTOR('',#9479,1.);
#9479 = DIRECTION('',(0.707106781187,1.731912112471E-16,-0.707106781187)
  );
#9480 = PCURVE('',#9144,#9481);
#9481 = DEFINITIONAL_REPRESENTATION('',(#9482),#9486);
#9482 = LINE('',#9483,#9484);
#9483 = CARTESIAN_POINT('',(0.,-0.));
#9484 = VECTOR('',#9485,1.);
#9485 = DIRECTION('',(-0.,-1.));
#9486 = ( GEOMETRIC_REPRESENTATION_CONTEXT(2) 
PARAMETRIC_REPRESENTATION_CONTEXT() REPRESENTATION_CONTEXT('2D SPACE',''
  ) );
#9487 = PCURVE('',#9144,#9488);
#9488 = DEFINITIONAL_REPRESENTATION('',(#9489),#9493);
#9489 = LINE('',#9490,#9491);
#9490 = CARTESIAN_POINT('',(-6.28318530718,0.));
#9491 = VECTOR('',#9492,1.);
#9492 = DIRECTION('',(-0.,-1.));
#9493 = ( GEOMETRIC_REPRESENTATION_CONTEXT(2) 
PARAMETRIC_REPRESENTATION_CONTEXT() REPRESENTATION_CONTEXT('2D SPACE',''
  ) );
#9494 = ORIENTED_EDGE('',*,*,#9495,.F.);
#9495 = EDGE_CURVE('',#9496,#9473,#9498,.T.);
#9496 = VERTEX_POINT('',#9497);
#9497 = CARTESIAN_POINT('',(41.5,28.,147.15));
#9498 = SURFACE_CURVE('',#9499,(#9504,#9511),.PCURVE_S1.);
#9499 = CIRCLE('',#9500,1.5);
#9500 = AXIS2_PLACEMENT_3D('',#9501,#9502,#9503);
#9501 = CARTESIAN_POINT('',(40.,28.,147.15));
#9502 = DIRECTION('',(0.,0.,-1.));
#9503 = DIRECTION('',(-1.,0.,-0.));
#9504 = PCURVE('',#9144,#9505);
#9505 = DEFINITIONAL_REPRESENTATION('',(#9506),#9510);
#9506 = LINE('',#9507,#9508);
#9507 = CARTESIAN_POINT('',(-0.,-2.9));
#9508 = VECTOR('',#9509,1.);
#9509 = DIRECTION('',(-1.,-0.));
#9510 = ( GEOMETRIC_REPRESENTATION_CONTEXT(2) 
PARAMETRIC_REPRESENTATION_CONTEXT() REPRESENTATION_CONTEXT('2D SPACE',''
  ) );
#9511 = PCURVE('',#9356,#9512);
#9512 = DEFINITIONAL_REPRESENTATION('',(#9513),#9517);
#9513 = LINE('',#9514,#9515);
#9514 = CARTESIAN_POINT('',(3.14159265359,-2.9));
#9515 = VECTOR('',#9516,1.);
#9516 = DIRECTION('',(-1.,0.));
#9517 = ( GEOMETRIC_REPRESENTATION_CONTEXT(2) 
PARAMETRIC_REPRESENTATION_CONTEXT() REPRESENTATION_CONTEXT('2D SPACE',''
  ) );
#9518 = ORIENTED_EDGE('',*,*,#9519,.F.);
#9519 = EDGE_CURVE('',#9473,#9496,#9520,.T.);
#9520 = SURFACE_CURVE('',#9521,(#9526,#9533),.PCURVE_S1.);
#9521 = CIRCLE('',#9522,1.5);
#9522 = AXIS2_PLACEMENT_3D('',#9523,#9524,#9525);
#9523 = CARTESIAN_POINT('',(40.,28.,147.15));
#9524 = DIRECTION('',(0.,0.,-1.));
#9525 = DIRECTION('',(-1.,0.,-0.));
#9526 = PCURVE('',#9144,#9527);
#9527 = DEFINITIONAL_REPRESENTATION('',(#9528),#9532);
#9528 = LINE('',#9529,#9530);
#9529 = CARTESIAN_POINT('',(-0.,-2.9));
#9530 = VECTOR('',#9531,1.);
#9531 = DIRECTION('',(-1.,-0.));
#9532 = ( GEOMETRIC_REPRESENTATION_CONTEXT(2) 
PARAMETRIC_REPRESENTATION_CONTEXT() REPRESENTATION_CONTEXT('2D SPACE',''
  ) );
#9533 = PCURVE('',#9356,#9534);
#9534 = DEFINITIONAL_REPRESENTATION('',(#9535),#9539);
#9535 = LINE('',#9536,#9537);
#9536 = CARTESIAN_POINT('',(-3.14159265359,-2.9));
#9537 = VECTOR('',#9538,1.);
#9538 = DIRECTION('',(-1.,0.));
#9539 = ( GEOMETRIC_REPRESENTATION_CONTEXT(2) 
PARAMETRIC_REPRESENTATION_CONTEXT() REPRESENTATION_CONTEXT('2D SPACE',''
  ) );
#9540 = ORIENTED_EDGE('',*,*,#9472,.F.);
#9541 = ADVANCED_FACE('',(#9542),#9179,.F.);
#9542 = FACE_BOUND('',#9543,.F.);
#9543 = EDGE_LOOP('',(#9544,#9545,#9568,#9592,#9614));
#9544 = ORIENTED_EDGE('',*,*,#9158,.T.);
#9545 = ORIENTED_EDGE('',*,*,#9546,.T.);
#9546 = EDGE_CURVE('',#9159,#9547,#9549,.T.);
#9547 = VERTEX_POINT('',#9548);
#9548 = CARTESIAN_POINT('',(358.5,28.,147.15));
#9549 = SEAM_CURVE('',#9550,(#9554,#9561),.PCURVE_S1.);
#9550 = LINE('',#9551,#9552);
#9551 = CARTESIAN_POINT('',(355.6,28.,150.05));
#9552 = VECTOR('',#9553,1.);
#9553 = DIRECTION('',(0.707106781187,1.731912112471E-16,-0.707106781187)
  );
#9554 = PCURVE('',#9179,#9555);
#9555 = DEFINITIONAL_REPRESENTATION('',(#9556),#9560);
#9556 = LINE('',#9557,#9558);
#9557 = CARTESIAN_POINT('',(0.,-0.));
#9558 = VECTOR('',#9559,1.);
#9559 = DIRECTION('',(-0.,-1.));
#9560 = ( GEOMETRIC_REPRESENTATION_CONTEXT(2) 
PARAMETRIC_REPRESENTATION_CONTEXT() REPRESENTATION_CONTEXT('2D SPACE',''
  ) );
#9561 = PCURVE('',#9179,#9562);
#9562 = DEFINITIONAL_REPRESENTATION('',(#9563),#9567);
#9563 = LINE('',#9564,#9565);
#9564 = CARTESIAN_POINT('',(-6.28318530718,0.));
#9565 = VECTOR('',#9566,1.);
#9566 = DIRECTION('',(-0.,-1.));
#9567 = ( GEOMETRIC_REPRESENTATION_CONTEXT(2) 
PARAMETRIC_REPRESENTATION_CONTEXT() REPRESENTATION_CONTEXT('2D SPACE',''
  ) );
#9568 = ORIENTED_EDGE('',*,*,#9569,.F.);
#9569 = EDGE_CURVE('',#9570,#9547,#9572,.T.);
#9570 = VERTEX_POINT('',#9571);
#9571 = CARTESIAN_POINT('',(361.5,28.,147.15));
#9572 = SURFACE_CURVE('',#9573,(#9578,#9585),.PCURVE_S1.);
#9573 = CIRCLE('',#9574,1.5);
#9574 = AXIS2_PLACEMENT_3D('',#9575,#9576,#9577);
#9575 = CARTESIAN_POINT('',(360.,28.,147.15));
#9576 = DIRECTION('',(0.,0.,-1.));
#9577 = DIRECTION('',(-1.,0.,-0.));
#9578 = PCURVE('',#9179,#9579);
#9579 = DEFINITIONAL_REPRESENTATION('',(#9580),#9584);
#9580 = LINE('',#9581,#9582);
#9581 = CARTESIAN_POINT('',(-0.,-2.9));
#9582 = VECTOR('',#9583,1.);
#9583 = DIRECTION('',(-1.,-0.));
#9584 = ( GEOMETRIC_REPRESENTATION_CONTEXT(2) 
PARAMETRIC_REPRESENTATION_CONTEXT() REPRESENTATION_CONTEXT('2D SPACE',''
  ) );
#9585 = PCURVE('',#9387,#9586);
#9586 = DEFINITIONAL_REPRESENTATION('',(#9587),#9591);
#9587 = LINE('',#9588,#9589);
#9588 = CARTESIAN_POINT('',(3.14159265359,-2.9));
#9589 = VECTOR('',#9590,1.);
#9590 = DIRECTION('',(-1.,0.));
#9591 = ( GEOMETRIC_REPRESENTATION_CONTEXT(2) 
PARAMETRIC_REPRESENTATION_CONTEXT() REPRESENTATION_CONTEXT('2D SPACE',''
  ) );
#9592 = ORIENTED_EDGE('',*,*,#9593,.F.);
#9593 = EDGE_CURVE('',#9547,#9570,#9594,.T.);
#9594 = SURFACE_CURVE('',#9595,(#9600,#9607),.PCURVE_S1.);
#9595 = CIRCLE('',#9596,1.5);
#9596 = AXIS2_PLACEMENT_3D('',#9597,#9598,#9599);
#9597 = CARTESIAN_POINT('',(360.,28.,147.15));
#9598 = DIRECTION('',(0.,0.,-1.));
#9599 = DIRECTION('',(-1.,0.,-0.));
#9600 = PCURVE('',#9179,#9601);
#9601 = DEFINITIONAL_REPRESENTATION('',(#9602),#9606);
#9602 = LINE('',#9603,#9604);
#9603 = CARTESIAN_POINT('',(-0.,-2.9));
#9604 = VECTOR('',#9605,1.);
#9605 = DIRECTION('',(-1.,-0.));
#9606 = ( GEOMETRIC_REPRESENTATION_CONTEXT(2) 
PARAMETRIC_REPRESENTATION_CONTEXT() REPRESENTATION_CONTEXT('2D SPACE',''
  ) );
#9607 = PCURVE('',#9387,#9608);
#9608 = DEFINITIONAL_REPRESENTATION('',(#9609),#9613);
#9609 = LINE('',#9610,#9611);
#9610 = CARTESIAN_POINT('',(-3.14159265359,-2.9));
#9611 = VECTOR('',#9612,1.);
#9612 = DIRECTION('',(-1.,0.));
#9613 = ( GEOMETRIC_REPRESENTATION_CONTEXT(2) 
PARAMETRIC_REPRESENTATION_CONTEXT() REPRESENTATION_CONTEXT('2D SPACE',''
  ) );
#9614 = ORIENTED_EDGE('',*,*,#9546,.F.);
#9615 = ADVANCED_FACE('',(#9616),#9214,.F.);
#9616 = FACE_BOUND('',#9617,.F.);
#9617 = EDGE_LOOP('',(#9618,#9619,#9642,#9666,#9688));
#9618 = ORIENTED_EDGE('',*,*,#9193,.T.);
#9619 = ORIENTED_EDGE('',*,*,#9620,.T.);
#9620 = EDGE_CURVE('',#9194,#9621,#9623,.T.);
#9621 = VERTEX_POINT('',#9622);
#9622 = CARTESIAN_POINT('',(38.5,117.,147.15));
#9623 = SEAM_CURVE('',#9624,(#9628,#9635),.PCURVE_S1.);
#9624 = LINE('',#9625,#9626);
#9625 = CARTESIAN_POINT('',(35.6,117.,150.05));
#9626 = VECTOR('',#9627,1.);
#9627 = DIRECTION('',(0.707106781187,1.731912112471E-16,-0.707106781187)
  );
#9628 = PCURVE('',#9214,#9629);
#9629 = DEFINITIONAL_REPRESENTATION('',(#9630),#9634);
#9630 = LINE('',#9631,#9632);
#9631 = CARTESIAN_POINT('',(0.,-0.));
#9632 = VECTOR('',#9633,1.);
#9633 = DIRECTION('',(-0.,-1.));
#9634 = ( GEOMETRIC_REPRESENTATION_CONTEXT(2) 
PARAMETRIC_REPRESENTATION_CONTEXT() REPRESENTATION_CONTEXT('2D SPACE',''
  ) );
#9635 = PCURVE('',#9214,#9636);
#9636 = DEFINITIONAL_REPRESENTATION('',(#9637),#9641);
#9637 = LINE('',#9638,#9639);
#9638 = CARTESIAN_POINT('',(-6.28318530718,0.));
#9639 = VECTOR('',#9640,1.);
#9640 = DIRECTION('',(-0.,-1.));
#9641 = ( GEOMETRIC_REPRESENTATION_CONTEXT(2) 
PARAMETRIC_REPRESENTATION_CONTEXT() REPRESENTATION_CONTEXT('2D SPACE',''
  ) );
#9642 = ORIENTED_EDGE('',*,*,#9643,.F.);
#9643 = EDGE_CURVE('',#9644,#9621,#9646,.T.);
#9644 = VERTEX_POINT('',#9645);
#9645 = CARTESIAN_POINT('',(41.5,117.,147.15));
#9646 = SURFACE_CURVE('',#9647,(#9652,#9659),.PCURVE_S1.);
#9647 = CIRCLE('',#9648,1.5);
#9648 = AXIS2_PLACEMENT_3D('',#9649,#9650,#9651);
#9649 = CARTESIAN_POINT('',(40.,117.,147.15));
#9650 = DIRECTION('',(0.,0.,-1.));
#9651 = DIRECTION('',(-1.,0.,-0.));
#9652 = PCURVE('',#9214,#9653);
#9653 = DEFINITIONAL_REPRESENTATION('',(#9654),#9658);
#9654 = LINE('',#9655,#9656);
#9655 = CARTESIAN_POINT('',(-0.,-2.9));
#9656 = VECTOR('',#9657,1.);
#9657 = DIRECTION('',(-1.,-0.));
#9658 = ( GEOMETRIC_REPRESENTATION_CONTEXT(2) 
PARAMETRIC_REPRESENTATION_CONTEXT() REPRESENTATION_CONTEXT('2D SPACE',''
  ) );
#9659 = PCURVE('',#9418,#9660);
#9660 = DEFINITIONAL_REPRESENTATION('',(#9661),#9665);
#9661 = LINE('',#9662,#9663);
#9662 = CARTESIAN_POINT('',(3.14159265359,-2.9));
#9663 = VECTOR('',#9664,1.);
#9664 = DIRECTION('',(-1.,0.));
#9665 = ( GEOMETRIC_REPRESENTATION_CONTEXT(2) 
PARAMETRIC_REPRESENTATION_CONTEXT() REPRESENTATION_CONTEXT('2D SPACE',''
  ) );
#9666 = ORIENTED_EDGE('',*,*,#9667,.F.);
#9667 = EDGE_CURVE('',#9621,#9644,#9668,.T.);
#9668 = SURFACE_CURVE('',#9669,(#9674,#9681),.PCURVE_S1.);
#9669 = CIRCLE('',#9670,1.5);
#9670 = AXIS2_PLACEMENT_3D('',#9671,#9672,#9673);
#9671 = CARTESIAN_POINT('',(40.,117.,147.15));
#9672 = DIRECTION('',(0.,0.,-1.));
#9673 = DIRECTION('',(-1.,0.,-0.));
#9674 = PCURVE('',#9214,#9675);
#9675 = DEFINITIONAL_REPRESENTATION('',(#9676),#9680);
#9676 = LINE('',#9677,#9678);
#9677 = CARTESIAN_POINT('',(-0.,-2.9));
#9678 = VECTOR('',#9679,1.);
#9679 = DIRECTION('',(-1.,-0.));
#9680 = ( GEOMETRIC_REPRESENTATION_CONTEXT(2) 
PARAMETRIC_REPRESENTATION_CONTEXT() REPRESENTATION_CONTEXT('2D SPACE',''
  ) );
#9681 = PCURVE('',#9418,#9682);
#9682 = DEFINITIONAL_REPRESENTATION('',(#9683),#9687);
#9683 = LINE('',#9684,#9685);
#9684 = CARTESIAN_POINT('',(-3.14159265359,-2.9));
#9685 = VECTOR('',#9686,1.);
#9686 = DIRECTION('',(-1.,0.));
#9687 = ( GEOMETRIC_REPRESENTATION_CONTEXT(2) 
PARAMETRIC_REPRESENTATION_CONTEXT() REPRESENTATION_CONTEXT('2D SPACE',''
  ) );
#9688 = ORIENTED_EDGE('',*,*,#9620,.F.);
#9689 = ADVANCED_FACE('',(#9690),#9249,.F.);
#9690 = FACE_BOUND('',#9691,.F.);
#9691 = EDGE_LOOP('',(#9692,#9693,#9716,#9740,#9762));
#9692 = ORIENTED_EDGE('',*,*,#9228,.T.);
#9693 = ORIENTED_EDGE('',*,*,#9694,.T.);
#9694 = EDGE_CURVE('',#9229,#9695,#9697,.T.);
#9695 = VERTEX_POINT('',#9696);
#9696 = CARTESIAN_POINT('',(358.5,117.,147.15));
#9697 = SEAM_CURVE('',#9698,(#9702,#9709),.PCURVE_S1.);
#9698 = LINE('',#9699,#9700);
#9699 = CARTESIAN_POINT('',(355.6,117.,150.05));
#9700 = VECTOR('',#9701,1.);
#9701 = DIRECTION('',(0.707106781187,1.731912112471E-16,-0.707106781187)
  );
#9702 = PCURVE('',#9249,#9703);
#9703 = DEFINITIONAL_REPRESENTATION('',(#9704),#9708);
#9704 = LINE('',#9705,#9706);
#9705 = CARTESIAN_POINT('',(0.,-0.));
#9706 = VECTOR('',#9707,1.);
#9707 = DIRECTION('',(-0.,-1.));
#9708 = ( GEOMETRIC_REPRESENTATION_CONTEXT(2) 
PARAMETRIC_REPRESENTATION_CONTEXT() REPRESENTATION_CONTEXT('2D SPACE',''
  ) );
#9709 = PCURVE('',#9249,#9710);
#9710 = DEFINITIONAL_REPRESENTATION('',(#9711),#9715);
#9711 = LINE('',#9712,#9713);
#9712 = CARTESIAN_POINT('',(-6.28318530718,0.));
#9713 = VECTOR('',#9714,1.);
#9714 = DIRECTION('',(-0.,-1.));
#9715 = ( GEOMETRIC_REPRESENTATION_CONTEXT(2) 
PARAMETRIC_REPRESENTATION_CONTEXT() REPRESENTATION_CONTEXT('2D SPACE',''
  ) );
#9716 = ORIENTED_EDGE('',*,*,#9717,.F.);
#9717 = EDGE_CURVE('',#9718,#9695,#9720,.T.);
#9718 = VERTEX_POINT('',#9719);
#9719 = CARTESIAN_POINT('',(361.5,117.,147.15));
#9720 = SURFACE_CURVE('',#9721,(#9726,#9733),.PCURVE_S1.);
#9721 = CIRCLE('',#9722,1.5);
#9722 = AXIS2_PLACEMENT_3D('',#9723,#9724,#9725);
#9723 = CARTESIAN_POINT('',(360.,117.,147.15));
#9724 = DIRECTION('',(0.,0.,-1.));
#9725 = DIRECTION('',(-1.,0.,-0.));
#9726 = PCURVE('',#9249,#9727);
#9727 = DEFINITIONAL_REPRESENTATION('',(#9728),#9732);
#9728 = LINE('',#9729,#9730);
#9729 = CARTESIAN_POINT('',(-0.,-2.9));
#9730 = VECTOR('',#9731,1.);
#9731 = DIRECTION('',(-1.,-0.));
#9732 = ( GEOMETRIC_REPRESENTATION_CONTEXT(2) 
PARAMETRIC_REPRESENTATION_CONTEXT() REPRESENTATION_CONTEXT('2D SPACE',''
  ) );
#9733 = PCURVE('',#9449,#9734);
#9734 = DEFINITIONAL_REPRESENTATION('',(#9735),#9739);
#9735 = LINE('',#9736,#9737);
#9736 = CARTESIAN_POINT('',(3.14159265359,-2.9));
#9737 = VECTOR('',#9738,1.);
#9738 = DIRECTION('',(-1.,0.));
#9739 = ( GEOMETRIC_REPRESENTATION_CONTEXT(2) 
PARAMETRIC_REPRESENTATION_CONTEXT() REPRESENTATION_CONTEXT('2D SPACE',''
  ) );
#9740 = ORIENTED_EDGE('',*,*,#9741,.F.);
#9741 = EDGE_CURVE('',#9695,#9718,#9742,.T.);
#9742 = SURFACE_CURVE('',#9743,(#9748,#9755),.PCURVE_S1.);
#9743 = CIRCLE('',#9744,1.5);
#9744 = AXIS2_PLACEMENT_3D('',#9745,#9746,#9747);
#9745 = CARTESIAN_POINT('',(360.,117.,147.15));
#9746 = DIRECTION('',(0.,0.,-1.));
#9747 = DIRECTION('',(-1.,0.,-0.));
#9748 = PCURVE('',#9249,#9749);
#9749 = DEFINITIONAL_REPRESENTATION('',(#9750),#9754);
#9750 = LINE('',#9751,#9752);
#9751 = CARTESIAN_POINT('',(-0.,-2.9));
#9752 = VECTOR('',#9753,1.);
#9753 = DIRECTION('',(-1.,-0.));
#9754 = ( GEOMETRIC_REPRESENTATION_CONTEXT(2) 
PARAMETRIC_REPRESENTATION_CONTEXT() REPRESENTATION_CONTEXT('2D SPACE',''
  ) );
#9755 = PCURVE('',#9449,#9756);
#9756 = DEFINITIONAL_REPRESENTATION('',(#9757),#9761);
#9757 = LINE('',#9758,#9759);
#9758 = CARTESIAN_POINT('',(-3.14159265359,-2.9));
#9759 = VECTOR('',#9760,1.);
#9760 = DIRECTION('',(-1.,0.));
#9761 = ( GEOMETRIC_REPRESENTATION_CONTEXT(2) 
PARAMETRIC_REPRESENTATION_CONTEXT() REPRESENTATION_CONTEXT('2D SPACE',''
  ) );
#9762 = ORIENTED_EDGE('',*,*,#9694,.F.);
#9763 = ADVANCED_FACE('',(#9764),#9356,.F.);
#9764 = FACE_BOUND('',#9765,.T.);
#9765 = EDGE_LOOP('',(#9766,#9787,#9788,#9789,#9790));
#9766 = ORIENTED_EDGE('',*,*,#9767,.F.);
#9767 = EDGE_CURVE('',#9496,#9340,#9768,.T.);
#9768 = SEAM_CURVE('',#9769,(#9773,#9780),.PCURVE_S1.);
#9769 = LINE('',#9770,#9771);
#9770 = CARTESIAN_POINT('',(41.5,28.,150.05));
#9771 = VECTOR('',#9772,1.);
#9772 = DIRECTION('',(0.,0.,-1.));
#9773 = PCURVE('',#9356,#9774);
#9774 = DEFINITIONAL_REPRESENTATION('',(#9775),#9779);
#9775 = LINE('',#9776,#9777);
#9776 = CARTESIAN_POINT('',(-6.28318530718,0.));
#9777 = VECTOR('',#9778,1.);
#9778 = DIRECTION('',(-0.,-1.));
#9779 = ( GEOMETRIC_REPRESENTATION_CONTEXT(2) 
PARAMETRIC_REPRESENTATION_CONTEXT() REPRESENTATION_CONTEXT('2D SPACE',''
  ) );
#9780 = PCURVE('',#9356,#9781);
#9781 = DEFINITIONAL_REPRESENTATION('',(#9782),#9786);
#9782 = LINE('',#9783,#9784);
#9783 = CARTESIAN_POINT('',(-0.,0.));
#9784 = VECTOR('',#9785,1.);
#9785 = DIRECTION('',(-0.,-1.));
#9786 = ( GEOMETRIC_REPRESENTATION_CONTEXT(2) 
PARAMETRIC_REPRESENTATION_CONTEXT() REPRESENTATION_CONTEXT('2D SPACE',''
  ) );
#9787 = ORIENTED_EDGE('',*,*,#9519,.F.);
#9788 = ORIENTED_EDGE('',*,*,#9495,.F.);
#9789 = ORIENTED_EDGE('',*,*,#9767,.T.);
#9790 = ORIENTED_EDGE('',*,*,#9339,.F.);
#9791 = ADVANCED_FACE('',(#9792),#9387,.F.);
#9792 = FACE_BOUND('',#9793,.T.);
#9793 = EDGE_LOOP('',(#9794,#9815,#9816,#9817,#9818));
#9794 = ORIENTED_EDGE('',*,*,#9795,.F.);
#9795 = EDGE_CURVE('',#9570,#9371,#9796,.T.);
#9796 = SEAM_CURVE('',#9797,(#9801,#9808),.PCURVE_S1.);
#9797 = LINE('',#9798,#9799);
#9798 = CARTESIAN_POINT('',(361.5,28.,150.05));
#9799 = VECTOR('',#9800,1.);
#9800 = DIRECTION('',(0.,0.,-1.));
#9801 = PCURVE('',#9387,#9802);
#9802 = DEFINITIONAL_REPRESENTATION('',(#9803),#9807);
#9803 = LINE('',#9804,#9805);
#9804 = CARTESIAN_POINT('',(-6.28318530718,0.));
#9805 = VECTOR('',#9806,1.);
#9806 = DIRECTION('',(-0.,-1.));
#9807 = ( GEOMETRIC_REPRESENTATION_CONTEXT(2) 
PARAMETRIC_REPRESENTATION_CONTEXT() REPRESENTATION_CONTEXT('2D SPACE',''
  ) );
#9808 = PCURVE('',#9387,#9809);
#9809 = DEFINITIONAL_REPRESENTATION('',(#9810),#9814);
#9810 = LINE('',#9811,#9812);
#9811 = CARTESIAN_POINT('',(-0.,0.));
#9812 = VECTOR('',#9813,1.);
#9813 = DIRECTION('',(-0.,-1.));
#9814 = ( GEOMETRIC_REPRESENTATION_CONTEXT(2) 
PARAMETRIC_REPRESENTATION_CONTEXT() REPRESENTATION_CONTEXT('2D SPACE',''
  ) );
#9815 = ORIENTED_EDGE('',*,*,#9593,.F.);
#9816 = ORIENTED_EDGE('',*,*,#9569,.F.);
#9817 = ORIENTED_EDGE('',*,*,#9795,.T.);
#9818 = ORIENTED_EDGE('',*,*,#9370,.F.);
#9819 = ADVANCED_FACE('',(#9820),#9418,.F.);
#9820 = FACE_BOUND('',#9821,.T.);
#9821 = EDGE_LOOP('',(#9822,#9843,#9844,#9845,#9846));
#9822 = ORIENTED_EDGE('',*,*,#9823,.F.);
#9823 = EDGE_CURVE('',#9644,#9402,#9824,.T.);
#9824 = SEAM_CURVE('',#9825,(#9829,#9836),.PCURVE_S1.);
#9825 = LINE('',#9826,#9827);
#9826 = CARTESIAN_POINT('',(41.5,117.,150.05));
#9827 = VECTOR('',#9828,1.);
#9828 = DIRECTION('',(0.,0.,-1.));
#9829 = PCURVE('',#9418,#9830);
#9830 = DEFINITIONAL_REPRESENTATION('',(#9831),#9835);
#9831 = LINE('',#9832,#9833);
#9832 = CARTESIAN_POINT('',(-6.28318530718,0.));
#9833 = VECTOR('',#9834,1.);
#9834 = DIRECTION('',(-0.,-1.));
#9835 = ( GEOMETRIC_REPRESENTATION_CONTEXT(2) 
PARAMETRIC_REPRESENTATION_CONTEXT() REPRESENTATION_CONTEXT('2D SPACE',''
  ) );
#9836 = PCURVE('',#9418,#9837);
#9837 = DEFINITIONAL_REPRESENTATION('',(#9838),#9842);
#9838 = LINE('',#9839,#9840);
#9839 = CARTESIAN_POINT('',(-0.,0.));
#9840 = VECTOR('',#9841,1.);
#9841 = DIRECTION('',(-0.,-1.));
#9842 = ( GEOMETRIC_REPRESENTATION_CONTEXT(2) 
PARAMETRIC_REPRESENTATION_CONTEXT() REPRESENTATION_CONTEXT('2D SPACE',''
  ) );
#9843 = ORIENTED_EDGE('',*,*,#9667,.F.);
#9844 = ORIENTED_EDGE('',*,*,#9643,.F.);
#9845 = ORIENTED_EDGE('',*,*,#9823,.T.);
#9846 = ORIENTED_EDGE('',*,*,#9401,.F.);
#9847 = ADVANCED_FACE('',(#9848),#9449,.F.);
#9848 = FACE_BOUND('',#9849,.T.);
#9849 = EDGE_LOOP('',(#9850,#9871,#9872,#9873,#9874));
#9850 = ORIENTED_EDGE('',*,*,#9851,.F.);
#9851 = EDGE_CURVE('',#9718,#9433,#9852,.T.);
#9852 = SEAM_CURVE('',#9853,(#9857,#9864),.PCURVE_S1.);
#9853 = LINE('',#9854,#9855);
#9854 = CARTESIAN_POINT('',(361.5,117.,150.05));
#9855 = VECTOR('',#9856,1.);
#9856 = DIRECTION('',(0.,0.,-1.));
#9857 = PCURVE('',#9449,#9858);
#9858 = DEFINITIONAL_REPRESENTATION('',(#9859),#9863);
#9859 = LINE('',#9860,#9861);
#9860 = CARTESIAN_POINT('',(-6.28318530718,0.));
#9861 = VECTOR('',#9862,1.);
#9862 = DIRECTION('',(-0.,-1.));
#9863 = ( GEOMETRIC_REPRESENTATION_CONTEXT(2) 
PARAMETRIC_REPRESENTATION_CONTEXT() REPRESENTATION_CONTEXT('2D SPACE',''
  ) );
#9864 = PCURVE('',#9449,#9865);
#9865 = DEFINITIONAL_REPRESENTATION('',(#9866),#9870);
#9866 = LINE('',#9867,#9868);
#9867 = CARTESIAN_POINT('',(-0.,0.));
#9868 = VECTOR('',#9869,1.);
#9869 = DIRECTION('',(-0.,-1.));
#9870 = ( GEOMETRIC_REPRESENTATION_CONTEXT(2) 
PARAMETRIC_REPRESENTATION_CONTEXT() REPRESENTATION_CONTEXT('2D SPACE',''
  ) );
#9871 = ORIENTED_EDGE('',*,*,#9741,.F.);
#9872 = ORIENTED_EDGE('',*,*,#9717,.F.);
#9873 = ORIENTED_EDGE('',*,*,#9851,.T.);
#9874 = ORIENTED_EDGE('',*,*,#9432,.F.);
#9875 = ( GEOMETRIC_REPRESENTATION_CONTEXT(3) 
GLOBAL_UNCERTAINTY_ASSIGNED_CONTEXT((#9879)) 
GLOBAL_UNIT_ASSIGNED_CONTEXT((#9876,#9877,#9878)) REPRESENTATION_CONTEXT
('Context #1','3D Context with UNIT and UNCERTAINTY') );
#9876 = ( LENGTH_UNIT() NAMED_UNIT(*) SI_UNIT(.MILLI.,.METRE.) );
#9877 = ( NAMED_UNIT(*) PLANE_ANGLE_UNIT() SI_UNIT($,.RADIAN.) );
#9878 = ( NAMED_UNIT(*) SI_UNIT($,.STERADIAN.) SOLID_ANGLE_UNIT() );
#9879 = UNCERTAINTY_MEASURE_WITH_UNIT(LENGTH_MEASURE(1.E-07),#9876,
  'distance_accuracy_value','confusion accuracy');
#9880 = CONTEXT_DEPENDENT_SHAPE_REPRESENTATION(#9881,#9883);
#9881 = ( REPRESENTATION_RELATIONSHIP('','',#8872,#10) 
REPRESENTATION_RELATIONSHIP_WITH_TRANSFORMATION(#9882) 
SHAPE_REPRESENTATION_RELATIONSHIP() );
#9882 = ITEM_DEFINED_TRANSFORMATION('','',#11,#47);
#9883 = PRODUCT_DEFINITION_SHAPE('Placement','Placement of an item',
  #9884);
#9884 = NEXT_ASSEMBLY_USAGE_OCCURRENCE('21','tread_lo_1','',#5,#8867,$);
#9885 = PRODUCT_RELATED_PRODUCT_CATEGORY('part',$,(#8869));
#9886 = SHAPE_DEFINITION_REPRESENTATION(#9887,#9893);
#9887 = PRODUCT_DEFINITION_SHAPE('','',#9888);
#9888 = PRODUCT_DEFINITION('design','',#9889,#9892);
#9889 = PRODUCT_DEFINITION_FORMATION('','',#9890);
#9890 = PRODUCT('tread_lo_2','tread_lo_2','',(#9891));
#9891 = PRODUCT_CONTEXT('',#2,'mechanical');
#9892 = PRODUCT_DEFINITION_CONTEXT('part definition',#2,'design');
#9893 = ADVANCED_BREP_SHAPE_REPRESENTATION('',(#11,#9894),#10896);
#9894 = MANIFOLD_SOLID_BREP('',#9895);
#9895 = CLOSED_SHELL('',(#9896,#10016,#10092,#10281,#10330,#10481,#10488
    ,#10562,#10636,#10710,#10784,#10812,#10840,#10868));
#9896 = ADVANCED_FACE('',(#9897),#9911,.F.);
#9897 = FACE_BOUND('',#9898,.F.);
#9898 = EDGE_LOOP('',(#9899,#9934,#9962,#9990));
#9899 = ORIENTED_EDGE('',*,*,#9900,.F.);
#9900 = EDGE_CURVE('',#9901,#9903,#9905,.T.);
#9901 = VERTEX_POINT('',#9902);
#9902 = CARTESIAN_POINT('',(20.,145.,130.));
#9903 = VERTEX_POINT('',#9904);
#9904 = CARTESIAN_POINT('',(20.,145.,150.));
#9905 = SURFACE_CURVE('',#9906,(#9910,#9922),.PCURVE_S1.);
#9906 = LINE('',#9907,#9908);
#9907 = CARTESIAN_POINT('',(20.,145.,130.));
#9908 = VECTOR('',#9909,1.);
#9909 = DIRECTION('',(0.,0.,1.));
#9910 = PCURVE('',#9911,#9916);
#9911 = PLANE('',#9912);
#9912 = AXIS2_PLACEMENT_3D('',#9913,#9914,#9915);
#9913 = CARTESIAN_POINT('',(20.,145.,130.));
#9914 = DIRECTION('',(1.,0.,0.));
#9915 = DIRECTION('',(0.,0.,1.));
#9916 = DEFINITIONAL_REPRESENTATION('',(#9917),#9921);
#9917 = LINE('',#9918,#9919);
#9918 = CARTESIAN_POINT('',(0.,0.));
#9919 = VECTOR('',#9920,1.);
#9920 = DIRECTION('',(1.,0.));
#9921 = ( GEOMETRIC_REPRESENTATION_CONTEXT(2) 
PARAMETRIC_REPRESENTATION_CONTEXT() REPRESENTATION_CONTEXT('2D SPACE',''
  ) );
#9922 = PCURVE('',#9923,#9928);
#9923 = PLANE('',#9924);
#9924 = AXIS2_PLACEMENT_3D('',#9925,#9926,#9927);
#9925 = CARTESIAN_POINT('',(20.,145.,130.));
#9926 = DIRECTION('',(0.,1.,0.));
#9927 = DIRECTION('',(0.,0.,1.));
#9928 = DEFINITIONAL_REPRESENTATION('',(#9929),#9933);
#9929 = LINE('',#9930,#9931);
#9930 = CARTESIAN_POINT('',(0.,0.));
#9931 = VECTOR('',#9932,1.);
#9932 = DIRECTION('',(1.,0.));
#9933 = ( GEOMETRIC_REPRESENTATION_CONTEXT(2) 
PARAMETRIC_REPRESENTATION_CONTEXT() REPRESENTATION_CONTEXT('2D SPACE',''
  ) );
#9934 = ORIENTED_EDGE('',*,*,#9935,.T.);
#9935 = EDGE_CURVE('',#9901,#9936,#9938,.T.);
#9936 = VERTEX_POINT('',#9937);
#9937 = CARTESIAN_POINT('',(20.,290.,130.));
#9938 = SURFACE_CURVE('',#9939,(#9943,#9950),.PCURVE_S1.);
#9939 = LINE('',#9940,#9941);
#9940 = CARTESIAN_POINT('',(20.,145.,130.));
#9941 = VECTOR('',#9942,1.);
#9942 = DIRECTION('',(0.,1.,0.));
#9943 = PCURVE('',#9911,#9944);
#9944 = DEFINITIONAL_REPRESENTATION('',(#9945),#9949);
#9945 = LINE('',#9946,#9947);
#9946 = CARTESIAN_POINT('',(0.,0.));
#9947 = VECTOR('',#9948,1.);
#9948 = DIRECTION('',(0.,-1.));
#9949 = ( GEOMETRIC_REPRESENTATION_CONTEXT(2) 
PARAMETRIC_REPRESENTATION_CONTEXT() REPRESENTATION_CONTEXT('2D SPACE',''
  ) );
#9950 = PCURVE('',#9951,#9956);
#9951 = PLANE('',#9952);
#9952 = AXIS2_PLACEMENT_3D('',#9953,#9954,#9955);
#9953 = CARTESIAN_POINT('',(20.,145.,130.));
#9954 = DIRECTION('',(0.,0.,1.));
#9955 = DIRECTION('',(1.,0.,0.));
#9956 = DEFINITIONAL_REPRESENTATION('',(#9957),#9961);
#9957 = LINE('',#9958,#9959);
#9958 = CARTESIAN_POINT('',(0.,0.));
#9959 = VECTOR('',#9960,1.);
#9960 = DIRECTION('',(0.,1.));
#9961 = ( GEOMETRIC_REPRESENTATION_CONTEXT(2) 
PARAMETRIC_REPRESENTATION_CONTEXT() REPRESENTATION_CONTEXT('2D SPACE',''
  ) );
#9962 = ORIENTED_EDGE('',*,*,#9963,.T.);
#9963 = EDGE_CURVE('',#9936,#9964,#9966,.T.);
#9964 = VERTEX_POINT('',#9965);
#9965 = CARTESIAN_POINT('',(20.,290.,150.));
#9966 = SURFACE_CURVE('',#9967,(#9971,#9978),.PCURVE_S1.);
#9967 = LINE('',#9968,#9969);
#9968 = CARTESIAN_POINT('',(20.,290.,130.));
#9969 = VECTOR('',#9970,1.);
#9970 = DIRECTION('',(0.,0.,1.));
#9971 = PCURVE('',#9911,#9972);
#9972 = DEFINITIONAL_REPRESENTATION('',(#9973),#9977);
#9973 = LINE('',#9974,#9975);
#9974 = CARTESIAN_POINT('',(0.,-145.));
#9975 = VECTOR('',#9976,1.);
#9976 = DIRECTION('',(1.,0.));
#9977 = ( GEOMETRIC_REPRESENTATION_CONTEXT(2) 
PARAMETRIC_REPRESENTATION_CONTEXT() REPRESENTATION_CONTEXT('2D SPACE',''
  ) );
#9978 = PCURVE('',#9979,#9984);
#9979 = PLANE('',#9980);
#9980 = AXIS2_PLACEMENT_3D('',#9981,#9982,#9983);
#9981 = CARTESIAN_POINT('',(20.,290.,130.));
#9982 = DIRECTION('',(0.,1.,0.));
#9983 = DIRECTION('',(0.,0.,1.));
#9984 = DEFINITIONAL_REPRESENTATION('',(#9985),#9989);
#9985 = LINE('',#9986,#9987);
#9986 = CARTESIAN_POINT('',(0.,0.));
#9987 = VECTOR('',#9988,1.);
#9988 = DIRECTION('',(1.,0.));
#9989 = ( GEOMETRIC_REPRESENTATION_CONTEXT(2) 
PARAMETRIC_REPRESENTATION_CONTEXT() REPRESENTATION_CONTEXT('2D SPACE',''
  ) );
#9990 = ORIENTED_EDGE('',*,*,#9991,.F.);
#9991 = EDGE_CURVE('',#9903,#9964,#9992,.T.);
#9992 = SURFACE_CURVE('',#9993,(#9997,#10004),.PCURVE_S1.);
#9993 = LINE('',#9994,#9995);
#9994 = CARTESIAN_POINT('',(20.,145.,150.));
#9995 = VECTOR('',#9996,1.);
#9996 = DIRECTION('',(0.,1.,0.));
#9997 = PCURVE('',#9911,#9998);
#9998 = DEFINITIONAL_REPRESENTATION('',(#9999),#10003);
#9999 = LINE('',#10000,#10001);
#10000 = CARTESIAN_POINT('',(20.,0.));
#10001 = VECTOR('',#10002,1.);
#10002 = DIRECTION('',(0.,-1.));
#10003 = ( GEOMETRIC_REPRESENTATION_CONTEXT(2) 
PARAMETRIC_REPRESENTATION_CONTEXT() REPRESENTATION_CONTEXT('2D SPACE',''
  ) );
#10004 = PCURVE('',#10005,#10010);
#10005 = PLANE('',#10006);
#10006 = AXIS2_PLACEMENT_3D('',#10007,#10008,#10009);
#10007 = CARTESIAN_POINT('',(20.,145.,150.));
#10008 = DIRECTION('',(0.,0.,1.));
#10009 = DIRECTION('',(1.,0.,0.));
#10010 = DEFINITIONAL_REPRESENTATION('',(#10011),#10015);
#10011 = LINE('',#10012,#10013);
#10012 = CARTESIAN_POINT('',(0.,0.));
#10013 = VECTOR('',#10014,1.);
#10014 = DIRECTION('',(0.,1.));
#10015 = ( GEOMETRIC_REPRESENTATION_CONTEXT(2) 
PARAMETRIC_REPRESENTATION_CONTEXT() REPRESENTATION_CONTEXT('2D SPACE',''
  ) );
#10016 = ADVANCED_FACE('',(#10017),#9923,.F.);
#10017 = FACE_BOUND('',#10018,.F.);
#10018 = EDGE_LOOP('',(#10019,#10042,#10043,#10066));
#10019 = ORIENTED_EDGE('',*,*,#10020,.F.);
#10020 = EDGE_CURVE('',#9901,#10021,#10023,.T.);
#10021 = VERTEX_POINT('',#10022);
#10022 = CARTESIAN_POINT('',(380.,145.,130.));
#10023 = SURFACE_CURVE('',#10024,(#10028,#10035),.PCURVE_S1.);
#10024 = LINE('',#10025,#10026);
#10025 = CARTESIAN_POINT('',(20.,145.,130.));
#10026 = VECTOR('',#10027,1.);
#10027 = DIRECTION('',(1.,0.,0.));
#10028 = PCURVE('',#9923,#10029);
#10029 = DEFINITIONAL_REPRESENTATION('',(#10030),#10034);
#10030 = LINE('',#10031,#10032);
#10031 = CARTESIAN_POINT('',(0.,0.));
#10032 = VECTOR('',#10033,1.);
#10033 = DIRECTION('',(0.,1.));
#10034 = ( GEOMETRIC_REPRESENTATION_CONTEXT(2) 
PARAMETRIC_REPRESENTATION_CONTEXT() REPRESENTATION_CONTEXT('2D SPACE',''
  ) );
#10035 = PCURVE('',#9951,#10036);
#10036 = DEFINITIONAL_REPRESENTATION('',(#10037),#10041);
#10037 = LINE('',#10038,#10039);
#10038 = CARTESIAN_POINT('',(0.,0.));
#10039 = VECTOR('',#10040,1.);
#10040 = DIRECTION('',(1.,0.));
#10041 = ( GEOMETRIC_REPRESENTATION_CONTEXT(2) 
PARAMETRIC_REPRESENTATION_CONTEXT() REPRESENTATION_CONTEXT('2D SPACE',''
  ) );
#10042 = ORIENTED_EDGE('',*,*,#9900,.T.);
#10043 = ORIENTED_EDGE('',*,*,#10044,.T.);
#10044 = EDGE_CURVE('',#9903,#10045,#10047,.T.);
#10045 = VERTEX_POINT('',#10046);
#10046 = CARTESIAN_POINT('',(380.,145.,150.));
#10047 = SURFACE_CURVE('',#10048,(#10052,#10059),.PCURVE_S1.);
#10048 = LINE('',#10049,#10050);
#10049 = CARTESIAN_POINT('',(20.,145.,150.));
#10050 = VECTOR('',#10051,1.);
#10051 = DIRECTION('',(1.,0.,0.));
#10052 = PCURVE('',#9923,#10053);
#10053 = DEFINITIONAL_REPRESENTATION('',(#10054),#10058);
#10054 = LINE('',#10055,#10056);
#10055 = CARTESIAN_POINT('',(20.,0.));
#10056 = VECTOR('',#10057,1.);
#10057 = DIRECTION('',(0.,1.));
#10058 = ( GEOMETRIC_REPRESENTATION_CONTEXT(2) 
PARAMETRIC_REPRESENTATION_CONTEXT() REPRESENTATION_CONTEXT('2D SPACE',''
  ) );
#10059 = PCURVE('',#10005,#10060);
#10060 = DEFINITIONAL_REPRESENTATION('',(#10061),#10065);
#10061 = LINE('',#10062,#10063);
#10062 = CARTESIAN_POINT('',(0.,0.));
#10063 = VECTOR('',#10064,1.);
#10064 = DIRECTION('',(1.,0.));
#10065 = ( GEOMETRIC_REPRESENTATION_CONTEXT(2) 
PARAMETRIC_REPRESENTATION_CONTEXT() REPRESENTATION_CONTEXT('2D SPACE',''
  ) );
#10066 = ORIENTED_EDGE('',*,*,#10067,.F.);
#10067 = EDGE_CURVE('',#10021,#10045,#10068,.T.);
#10068 = SURFACE_CURVE('',#10069,(#10073,#10080),.PCURVE_S1.);
#10069 = LINE('',#10070,#10071);
#10070 = CARTESIAN_POINT('',(380.,145.,130.));
#10071 = VECTOR('',#10072,1.);
#10072 = DIRECTION('',(0.,0.,1.));
#10073 = PCURVE('',#9923,#10074);
#10074 = DEFINITIONAL_REPRESENTATION('',(#10075),#10079);
#10075 = LINE('',#10076,#10077);
#10076 = CARTESIAN_POINT('',(0.,360.));
#10077 = VECTOR('',#10078,1.);
#10078 = DIRECTION('',(1.,0.));
#10079 = ( GEOMETRIC_REPRESENTATION_CONTEXT(2) 
PARAMETRIC_REPRESENTATION_CONTEXT() REPRESENTATION_CONTEXT('2D SPACE',''
  ) );
#10080 = PCURVE('',#10081,#10086);
#10081 = PLANE('',#10082);
#10082 = AXIS2_PLACEMENT_3D('',#10083,#10084,#10085);
#10083 = CARTESIAN_POINT('',(380.,145.,130.));
#10084 = DIRECTION('',(1.,0.,0.));
#10085 = DIRECTION('',(0.,0.,1.));
#10086 = DEFINITIONAL_REPRESENTATION('',(#10087),#10091);
#10087 = LINE('',#10088,#10089);
#10088 = CARTESIAN_POINT('',(0.,0.));
#10089 = VECTOR('',#10090,1.);
#10090 = DIRECTION('',(1.,0.));
#10091 = ( GEOMETRIC_REPRESENTATION_CONTEXT(2) 
PARAMETRIC_REPRESENTATION_CONTEXT() REPRESENTATION_CONTEXT('2D SPACE',''
  ) );
#10092 = ADVANCED_FACE('',(#10093,#10141,#10176,#10211,#10246),#10005,
  .T.);
#10093 = FACE_BOUND('',#10094,.T.);
#10094 = EDGE_LOOP('',(#10095,#10096,#10097,#10120));
#10095 = ORIENTED_EDGE('',*,*,#9991,.F.);
#10096 = ORIENTED_EDGE('',*,*,#10044,.T.);
#10097 = ORIENTED_EDGE('',*,*,#10098,.T.);
#10098 = EDGE_CURVE('',#10045,#10099,#10101,.T.);
#10099 = VERTEX_POINT('',#10100);
#10100 = CARTESIAN_POINT('',(380.,290.,150.));
#10101 = SURFACE_CURVE('',#10102,(#10106,#10113),.PCURVE_S1.);
#10102 = LINE('',#10103,#10104);
#10103 = CARTESIAN_POINT('',(380.,145.,150.));
#10104 = VECTOR('',#10105,1.);
#10105 = DIRECTION('',(0.,1.,0.));
#10106 = PCURVE('',#10005,#10107);
#10107 = DEFINITIONAL_REPRESENTATION('',(#10108),#10112);
#10108 = LINE('',#10109,#10110);
#10109 = CARTESIAN_POINT('',(360.,0.));
#10110 = VECTOR('',#10111,1.);
#10111 = DIRECTION('',(0.,1.));
#10112 = ( GEOMETRIC_REPRESENTATION_CONTEXT(2) 
PARAMETRIC_REPRESENTATION_CONTEXT() REPRESENTATION_CONTEXT('2D SPACE',''
  ) );
#10113 = PCURVE('',#10081,#10114);
#10114 = DEFINITIONAL_REPRESENTATION('',(#10115),#10119);
#10115 = LINE('',#10116,#10117);
#10116 = CARTESIAN_POINT('',(20.,0.));
#10117 = VECTOR('',#10118,1.);
#10118 = DIRECTION('',(0.,-1.));
#10119 = ( GEOMETRIC_REPRESENTATION_CONTEXT(2) 
PARAMETRIC_REPRESENTATION_CONTEXT() REPRESENTATION_CONTEXT('2D SPACE',''
  ) );
#10120 = ORIENTED_EDGE('',*,*,#10121,.F.);
#10121 = EDGE_CURVE('',#9964,#10099,#10122,.T.);
#10122 = SURFACE_CURVE('',#10123,(#10127,#10134),.PCURVE_S1.);
#10123 = LINE('',#10124,#10125);
#10124 = CARTESIAN_POINT('',(20.,290.,150.));
#10125 = VECTOR('',#10126,1.);
#10126 = DIRECTION('',(1.,0.,0.));
#10127 = PCURVE('',#10005,#10128);
#10128 = DEFINITIONAL_REPRESENTATION('',(#10129),#10133);
#10129 = LINE('',#10130,#10131);
#10130 = CARTESIAN_POINT('',(0.,145.));
#10131 = VECTOR('',#10132,1.);
#10132 = DIRECTION('',(1.,0.));
#10133 = ( GEOMETRIC_REPRESENTATION_CONTEXT(2) 
PARAMETRIC_REPRESENTATION_CONTEXT() REPRESENTATION_CONTEXT('2D SPACE',''
  ) );
#10134 = PCURVE('',#9979,#10135);
#10135 = DEFINITIONAL_REPRESENTATION('',(#10136),#10140);
#10136 = LINE('',#10137,#10138);
#10137 = CARTESIAN_POINT('',(20.,0.));
#10138 = VECTOR('',#10139,1.);
#10139 = DIRECTION('',(0.,1.));
#10140 = ( GEOMETRIC_REPRESENTATION_CONTEXT(2) 
PARAMETRIC_REPRESENTATION_CONTEXT() REPRESENTATION_CONTEXT('2D SPACE',''
  ) );
#10141 = FACE_BOUND('',#10142,.T.);
#10142 = EDGE_LOOP('',(#10143));
#10143 = ORIENTED_EDGE('',*,*,#10144,.T.);
#10144 = EDGE_CURVE('',#10145,#10145,#10147,.T.);
#10145 = VERTEX_POINT('',#10146);
#10146 = CARTESIAN_POINT('',(35.65,173.,150.));
#10147 = SURFACE_CURVE('',#10148,(#10153,#10164),.PCURVE_S1.);
#10148 = CIRCLE('',#10149,4.35);
#10149 = AXIS2_PLACEMENT_3D('',#10150,#10151,#10152);
#10150 = CARTESIAN_POINT('',(40.,173.,150.));
#10151 = DIRECTION('',(0.,0.,-1.));
#10152 = DIRECTION('',(-1.,0.,-0.));
#10153 = PCURVE('',#10005,#10154);
#10154 = DEFINITIONAL_REPRESENTATION('',(#10155),#10163);
#10155 = ( BOUNDED_CURVE() B_SPLINE_CURVE(2,(#10156,#10157,#10158,#10159
    ,#10160,#10161,#10162),.UNSPECIFIED.,.T.,.F.) 
B_SPLINE_CURVE_WITH_KNOTS((1,2,2,2,2,1),(-2.094395102393,0.,
    2.094395102393,4.188790204786,6.28318530718,8.377580409573),
.UNSPECIFIED.) CURVE() GEOMETRIC_REPRESENTATION_ITEM() 
RATIONAL_B_SPLINE_CURVE((1.,0.5,1.,0.5,1.,0.5,1.)) REPRESENTATION_ITEM(
  '') );
#10156 = CARTESIAN_POINT('',(15.65,28.));
#10157 = CARTESIAN_POINT('',(15.65,35.534421012925));
#10158 = CARTESIAN_POINT('',(22.175,31.767210506462));
#10159 = CARTESIAN_POINT('',(28.7,28.));
#10160 = CARTESIAN_POINT('',(22.175,24.232789493538));
#10161 = CARTESIAN_POINT('',(15.65,20.465578987075));
#10162 = CARTESIAN_POINT('',(15.65,28.));
#10163 = ( GEOMETRIC_REPRESENTATION_CONTEXT(2) 
PARAMETRIC_REPRESENTATION_CONTEXT() REPRESENTATION_CONTEXT('2D SPACE',''
  ) );
#10164 = PCURVE('',#10165,#10170);
#10165 = CONICAL_SURFACE('',#10166,4.4,0.785398163397);
#10166 = AXIS2_PLACEMENT_3D('',#10167,#10168,#10169);
#10167 = CARTESIAN_POINT('',(40.,173.,150.05));
#10168 = DIRECTION('',(-0.,-0.,1.));
#10169 = DIRECTION('',(-1.,0.,-0.));
#10170 = DEFINITIONAL_REPRESENTATION('',(#10171),#10175);
#10171 = LINE('',#10172,#10173);
#10172 = CARTESIAN_POINT('',(-0.,-5.000000000001E-02));
#10173 = VECTOR('',#10174,1.);
#10174 = DIRECTION('',(-1.,-0.));
#10175 = ( GEOMETRIC_REPRESENTATION_CONTEXT(2) 
PARAMETRIC_REPRESENTATION_CONTEXT() REPRESENTATION_CONTEXT('2D SPACE',''
  ) );
#10176 = FACE_BOUND('',#10177,.T.);
#10177 = EDGE_LOOP('',(#10178));
#10178 = ORIENTED_EDGE('',*,*,#10179,.T.);
#10179 = EDGE_CURVE('',#10180,#10180,#10182,.T.);
#10180 = VERTEX_POINT('',#10181);
#10181 = CARTESIAN_POINT('',(355.65,173.,150.));
#10182 = SURFACE_CURVE('',#10183,(#10188,#10199),.PCURVE_S1.);
#10183 = CIRCLE('',#10184,4.35);
#10184 = AXIS2_PLACEMENT_3D('',#10185,#10186,#10187);
#10185 = CARTESIAN_POINT('',(360.,173.,150.));
#10186 = DIRECTION('',(0.,0.,-1.));
#10187 = DIRECTION('',(-1.,0.,-0.));
#10188 = PCURVE('',#10005,#10189);
#10189 = DEFINITIONAL_REPRESENTATION('',(#10190),#10198);
#10190 = ( BOUNDED_CURVE() B_SPLINE_CURVE(2,(#10191,#10192,#10193,#10194
    ,#10195,#10196,#10197),.UNSPECIFIED.,.T.,.F.) 
B_SPLINE_CURVE_WITH_KNOTS((1,2,2,2,2,1),(-2.094395102393,0.,
    2.094395102393,4.188790204786,6.28318530718,8.377580409573),
.UNSPECIFIED.) CURVE() GEOMETRIC_REPRESENTATION_ITEM() 
RATIONAL_B_SPLINE_CURVE((1.,0.5,1.,0.5,1.,0.5,1.)) REPRESENTATION_ITEM(
  '') );
#10191 = CARTESIAN_POINT('',(335.65,28.));
#10192 = CARTESIAN_POINT('',(335.65,35.534421012925));
#10193 = CARTESIAN_POINT('',(342.175,31.767210506462));
#10194 = CARTESIAN_POINT('',(348.7,28.));
#10195 = CARTESIAN_POINT('',(342.175,24.232789493538));
#10196 = CARTESIAN_POINT('',(335.65,20.465578987075));
#10197 = CARTESIAN_POINT('',(335.65,28.));
#10198 = ( GEOMETRIC_REPRESENTATION_CONTEXT(2) 
PARAMETRIC_REPRESENTATION_CONTEXT() REPRESENTATION_CONTEXT('2D SPACE',''
  ) );
#10199 = PCURVE('',#10200,#10205);
#10200 = CONICAL_SURFACE('',#10201,4.4,0.785398163397);
#10201 = AXIS2_PLACEMENT_3D('',#10202,#10203,#10204);
#10202 = CARTESIAN_POINT('',(360.,173.,150.05));
#10203 = DIRECTION('',(-0.,-0.,1.));
#10204 = DIRECTION('',(-1.,0.,-0.));
#10205 = DEFINITIONAL_REPRESENTATION('',(#10206),#10210);
#10206 = LINE('',#10207,#10208);
#10207 = CARTESIAN_POINT('',(-0.,-5.000000000001E-02));
#10208 = VECTOR('',#10209,1.);
#10209 = DIRECTION('',(-1.,-0.));
#10210 = ( GEOMETRIC_REPRESENTATION_CONTEXT(2) 
PARAMETRIC_REPRESENTATION_CONTEXT() REPRESENTATION_CONTEXT('2D SPACE',''
  ) );
#10211 = FACE_BOUND('',#10212,.T.);
#10212 = EDGE_LOOP('',(#10213));
#10213 = ORIENTED_EDGE('',*,*,#10214,.T.);
#10214 = EDGE_CURVE('',#10215,#10215,#10217,.T.);
#10215 = VERTEX_POINT('',#10216);
#10216 = CARTESIAN_POINT('',(35.65,262.,150.));
#10217 = SURFACE_CURVE('',#10218,(#10223,#10234),.PCURVE_S1.);
#10218 = CIRCLE('',#10219,4.35);
#10219 = AXIS2_PLACEMENT_3D('',#10220,#10221,#10222);
#10220 = CARTESIAN_POINT('',(40.,262.,150.));
#10221 = DIRECTION('',(0.,0.,-1.));
#10222 = DIRECTION('',(-1.,0.,-0.));
#10223 = PCURVE('',#10005,#10224);
#10224 = DEFINITIONAL_REPRESENTATION('',(#10225),#10233);
#10225 = ( BOUNDED_CURVE() B_SPLINE_CURVE(2,(#10226,#10227,#10228,#10229
    ,#10230,#10231,#10232),.UNSPECIFIED.,.T.,.F.) 
B_SPLINE_CURVE_WITH_KNOTS((1,2,2,2,2,1),(-2.094395102393,0.,
    2.094395102393,4.188790204786,6.28318530718,8.377580409573),
.UNSPECIFIED.) CURVE() GEOMETRIC_REPRESENTATION_ITEM() 
RATIONAL_B_SPLINE_CURVE((1.,0.5,1.,0.5,1.,0.5,1.)) REPRESENTATION_ITEM(
  '') );
#10226 = CARTESIAN_POINT('',(15.65,117.));
#10227 = CARTESIAN_POINT('',(15.65,124.53442101292));
#10228 = CARTESIAN_POINT('',(22.175,120.76721050646));
#10229 = CARTESIAN_POINT('',(28.7,117.));
#10230 = CARTESIAN_POINT('',(22.175,113.23278949353));
#10231 = CARTESIAN_POINT('',(15.65,109.46557898707));
#10232 = CARTESIAN_POINT('',(15.65,117.));
#10233 = ( GEOMETRIC_REPRESENTATION_CONTEXT(2) 
PARAMETRIC_REPRESENTATION_CONTEXT() REPRESENTATION_CONTEXT('2D SPACE',''
  ) );
#10234 = PCURVE('',#10235,#10240);
#10235 = CONICAL_SURFACE('',#10236,4.4,0.785398163397);
#10236 = AXIS2_PLACEMENT_3D('',#10237,#10238,#10239);
#10237 = CARTESIAN_POINT('',(40.,262.,150.05));
#10238 = DIRECTION('',(-0.,-0.,1.));
#10239 = DIRECTION('',(-1.,0.,-0.));
#10240 = DEFINITIONAL_REPRESENTATION('',(#10241),#10245);
#10241 = LINE('',#10242,#10243);
#10242 = CARTESIAN_POINT('',(-0.,-5.000000000001E-02));
#10243 = VECTOR('',#10244,1.);
#10244 = DIRECTION('',(-1.,-0.));
#10245 = ( GEOMETRIC_REPRESENTATION_CONTEXT(2) 
PARAMETRIC_REPRESENTATION_CONTEXT() REPRESENTATION_CONTEXT('2D SPACE',''
  ) );
#10246 = FACE_BOUND('',#10247,.T.);
#10247 = EDGE_LOOP('',(#10248));
#10248 = ORIENTED_EDGE('',*,*,#10249,.T.);
#10249 = EDGE_CURVE('',#10250,#10250,#10252,.T.);
#10250 = VERTEX_POINT('',#10251);
#10251 = CARTESIAN_POINT('',(355.65,262.,150.));
#10252 = SURFACE_CURVE('',#10253,(#10258,#10269),.PCURVE_S1.);
#10253 = CIRCLE('',#10254,4.35);
#10254 = AXIS2_PLACEMENT_3D('',#10255,#10256,#10257);
#10255 = CARTESIAN_POINT('',(360.,262.,150.));
#10256 = DIRECTION('',(0.,0.,-1.));
#10257 = DIRECTION('',(-1.,0.,-0.));
#10258 = PCURVE('',#10005,#10259);
#10259 = DEFINITIONAL_REPRESENTATION('',(#10260),#10268);
#10260 = ( BOUNDED_CURVE() B_SPLINE_CURVE(2,(#10261,#10262,#10263,#10264
    ,#10265,#10266,#10267),.UNSPECIFIED.,.T.,.F.) 
B_SPLINE_CURVE_WITH_KNOTS((1,2,2,2,2,1),(-2.094395102393,0.,
    2.094395102393,4.188790204786,6.28318530718,8.377580409573),
.UNSPECIFIED.) CURVE() GEOMETRIC_REPRESENTATION_ITEM() 
RATIONAL_B_SPLINE_CURVE((1.,0.5,1.,0.5,1.,0.5,1.)) REPRESENTATION_ITEM(
  '') );
#10261 = CARTESIAN_POINT('',(335.65,117.));
#10262 = CARTESIAN_POINT('',(335.65,124.53442101292));
#10263 = CARTESIAN_POINT('',(342.175,120.76721050646));
#10264 = CARTESIAN_POINT('',(348.7,117.));
#10265 = CARTESIAN_POINT('',(342.175,113.23278949353));
#10266 = CARTESIAN_POINT('',(335.65,109.46557898707));
#10267 = CARTESIAN_POINT('',(335.65,117.));
#10268 = ( GEOMETRIC_REPRESENTATION_CONTEXT(2) 
PARAMETRIC_REPRESENTATION_CONTEXT() REPRESENTATION_CONTEXT('2D SPACE',''
  ) );
#10269 = PCURVE('',#10270,#10275);
#10270 = CONICAL_SURFACE('',#10271,4.4,0.785398163397);
#10271 = AXIS2_PLACEMENT_3D('',#10272,#10273,#10274);
#10272 = CARTESIAN_POINT('',(360.,262.,150.05));
#10273 = DIRECTION('',(-0.,-0.,1.));
#10274 = DIRECTION('',(-1.,0.,-0.));
#10275 = DEFINITIONAL_REPRESENTATION('',(#10276),#10280);
#10276 = LINE('',#10277,#10278);
#10277 = CARTESIAN_POINT('',(-0.,-5.000000000001E-02));
#10278 = VECTOR('',#10279,1.);
#10279 = DIRECTION('',(-1.,-0.));
#10280 = ( GEOMETRIC_REPRESENTATION_CONTEXT(2) 
PARAMETRIC_REPRESENTATION_CONTEXT() REPRESENTATION_CONTEXT('2D SPACE',''
  ) );
#10281 = ADVANCED_FACE('',(#10282),#9979,.T.);
#10282 = FACE_BOUND('',#10283,.T.);
#10283 = EDGE_LOOP('',(#10284,#10307,#10308,#10309));
#10284 = ORIENTED_EDGE('',*,*,#10285,.F.);
#10285 = EDGE_CURVE('',#9936,#10286,#10288,.T.);
#10286 = VERTEX_POINT('',#10287);
#10287 = CARTESIAN_POINT('',(380.,290.,130.));
#10288 = SURFACE_CURVE('',#10289,(#10293,#10300),.PCURVE_S1.);
#10289 = LINE('',#10290,#10291);
#10290 = CARTESIAN_POINT('',(20.,290.,130.));
#10291 = VECTOR('',#10292,1.);
#10292 = DIRECTION('',(1.,0.,0.));
#10293 = PCURVE('',#9979,#10294);
#10294 = DEFINITIONAL_REPRESENTATION('',(#10295),#10299);
#10295 = LINE('',#10296,#10297);
#10296 = CARTESIAN_POINT('',(0.,0.));
#10297 = VECTOR('',#10298,1.);
#10298 = DIRECTION('',(0.,1.));
#10299 = ( GEOMETRIC_REPRESENTATION_CONTEXT(2) 
PARAMETRIC_REPRESENTATION_CONTEXT() REPRESENTATION_CONTEXT('2D SPACE',''
  ) );
#10300 = PCURVE('',#9951,#10301);
#10301 = DEFINITIONAL_REPRESENTATION('',(#10302),#10306);
#10302 = LINE('',#10303,#10304);
#10303 = CARTESIAN_POINT('',(0.,145.));
#10304 = VECTOR('',#10305,1.);
#10305 = DIRECTION('',(1.,0.));
#10306 = ( GEOMETRIC_REPRESENTATION_CONTEXT(2) 
PARAMETRIC_REPRESENTATION_CONTEXT() REPRESENTATION_CONTEXT('2D SPACE',''
  ) );
#10307 = ORIENTED_EDGE('',*,*,#9963,.T.);
#10308 = ORIENTED_EDGE('',*,*,#10121,.T.);
#10309 = ORIENTED_EDGE('',*,*,#10310,.F.);
#10310 = EDGE_CURVE('',#10286,#10099,#10311,.T.);
#10311 = SURFACE_CURVE('',#10312,(#10316,#10323),.PCURVE_S1.);
#10312 = LINE('',#10313,#10314);
#10313 = CARTESIAN_POINT('',(380.,290.,130.));
#10314 = VECTOR('',#10315,1.);
#10315 = DIRECTION('',(0.,0.,1.));
#10316 = PCURVE('',#9979,#10317);
#10317 = DEFINITIONAL_REPRESENTATION('',(#10318),#10322);
#10318 = LINE('',#10319,#10320);
#10319 = CARTESIAN_POINT('',(0.,360.));
#10320 = VECTOR('',#10321,1.);
#10321 = DIRECTION('',(1.,0.));
#10322 = ( GEOMETRIC_REPRESENTATION_CONTEXT(2) 
PARAMETRIC_REPRESENTATION_CONTEXT() REPRESENTATION_CONTEXT('2D SPACE',''
  ) );
#10323 = PCURVE('',#10081,#10324);
#10324 = DEFINITIONAL_REPRESENTATION('',(#10325),#10329);
#10325 = LINE('',#10326,#10327);
#10326 = CARTESIAN_POINT('',(0.,-145.));
#10327 = VECTOR('',#10328,1.);
#10328 = DIRECTION('',(1.,0.));
#10329 = ( GEOMETRIC_REPRESENTATION_CONTEXT(2) 
PARAMETRIC_REPRESENTATION_CONTEXT() REPRESENTATION_CONTEXT('2D SPACE',''
  ) );
#10330 = ADVANCED_FACE('',(#10331,#10357,#10388,#10419,#10450),#9951,.F.
  );
#10331 = FACE_BOUND('',#10332,.F.);
#10332 = EDGE_LOOP('',(#10333,#10334,#10335,#10356));
#10333 = ORIENTED_EDGE('',*,*,#9935,.F.);
#10334 = ORIENTED_EDGE('',*,*,#10020,.T.);
#10335 = ORIENTED_EDGE('',*,*,#10336,.T.);
#10336 = EDGE_CURVE('',#10021,#10286,#10337,.T.);
#10337 = SURFACE_CURVE('',#10338,(#10342,#10349),.PCURVE_S1.);
#10338 = LINE('',#10339,#10340);
#10339 = CARTESIAN_POINT('',(380.,145.,130.));
#10340 = VECTOR('',#10341,1.);
#10341 = DIRECTION('',(0.,1.,0.));
#10342 = PCURVE('',#9951,#10343);
#10343 = DEFINITIONAL_REPRESENTATION('',(#10344),#10348);
#10344 = LINE('',#10345,#10346);
#10345 = CARTESIAN_POINT('',(360.,0.));
#10346 = VECTOR('',#10347,1.);
#10347 = DIRECTION('',(0.,1.));
#10348 = ( GEOMETRIC_REPRESENTATION_CONTEXT(2) 
PARAMETRIC_REPRESENTATION_CONTEXT() REPRESENTATION_CONTEXT('2D SPACE',''
  ) );
#10349 = PCURVE('',#10081,#10350);
#10350 = DEFINITIONAL_REPRESENTATION('',(#10351),#10355);
#10351 = LINE('',#10352,#10353);
#10352 = CARTESIAN_POINT('',(0.,0.));
#10353 = VECTOR('',#10354,1.);
#10354 = DIRECTION('',(0.,-1.));
#10355 = ( GEOMETRIC_REPRESENTATION_CONTEXT(2) 
PARAMETRIC_REPRESENTATION_CONTEXT() REPRESENTATION_CONTEXT('2D SPACE',''
  ) );
#10356 = ORIENTED_EDGE('',*,*,#10285,.F.);
#10357 = FACE_BOUND('',#10358,.F.);
#10358 = EDGE_LOOP('',(#10359));
#10359 = ORIENTED_EDGE('',*,*,#10360,.F.);
#10360 = EDGE_CURVE('',#10361,#10361,#10363,.T.);
#10361 = VERTEX_POINT('',#10362);
#10362 = CARTESIAN_POINT('',(41.5,173.,130.));
#10363 = SURFACE_CURVE('',#10364,(#10369,#10376),.PCURVE_S1.);
#10364 = CIRCLE('',#10365,1.5);
#10365 = AXIS2_PLACEMENT_3D('',#10366,#10367,#10368);
#10366 = CARTESIAN_POINT('',(40.,173.,130.));
#10367 = DIRECTION('',(0.,-0.,1.));
#10368 = DIRECTION('',(1.,0.,0.));
#10369 = PCURVE('',#9951,#10370);
#10370 = DEFINITIONAL_REPRESENTATION('',(#10371),#10375);
#10371 = CIRCLE('',#10372,1.5);
#10372 = AXIS2_PLACEMENT_2D('',#10373,#10374);
#10373 = CARTESIAN_POINT('',(20.,28.));
#10374 = DIRECTION('',(1.,0.));
#10375 = ( GEOMETRIC_REPRESENTATION_CONTEXT(2) 
PARAMETRIC_REPRESENTATION_CONTEXT() REPRESENTATION_CONTEXT('2D SPACE',''
  ) );
#10376 = PCURVE('',#10377,#10382);
#10377 = CYLINDRICAL_SURFACE('',#10378,1.5);
#10378 = AXIS2_PLACEMENT_3D('',#10379,#10380,#10381);
#10379 = CARTESIAN_POINT('',(40.,173.,150.05));
#10380 = DIRECTION('',(-0.,-0.,1.));
#10381 = DIRECTION('',(1.,0.,0.));
#10382 = DEFINITIONAL_REPRESENTATION('',(#10383),#10387);
#10383 = LINE('',#10384,#10385);
#10384 = CARTESIAN_POINT('',(-6.28318530718,-20.05));
#10385 = VECTOR('',#10386,1.);
#10386 = DIRECTION('',(1.,-0.));
#10387 = ( GEOMETRIC_REPRESENTATION_CONTEXT(2) 
PARAMETRIC_REPRESENTATION_CONTEXT() REPRESENTATION_CONTEXT('2D SPACE',''
  ) );
#10388 = FACE_BOUND('',#10389,.F.);
#10389 = EDGE_LOOP('',(#10390));
#10390 = ORIENTED_EDGE('',*,*,#10391,.F.);
#10391 = EDGE_CURVE('',#10392,#10392,#10394,.T.);
#10392 = VERTEX_POINT('',#10393);
#10393 = CARTESIAN_POINT('',(361.5,173.,130.));
#10394 = SURFACE_CURVE('',#10395,(#10400,#10407),.PCURVE_S1.);
#10395 = CIRCLE('',#10396,1.5);
#10396 = AXIS2_PLACEMENT_3D('',#10397,#10398,#10399);
#10397 = CARTESIAN_POINT('',(360.,173.,130.));
#10398 = DIRECTION('',(0.,-0.,1.));
#10399 = DIRECTION('',(1.,0.,0.));
#10400 = PCURVE('',#9951,#10401);
#10401 = DEFINITIONAL_REPRESENTATION('',(#10402),#10406);
#10402 = CIRCLE('',#10403,1.5);
#10403 = AXIS2_PLACEMENT_2D('',#10404,#10405);
#10404 = CARTESIAN_POINT('',(340.,28.));
#10405 = DIRECTION('',(1.,0.));
#10406 = ( GEOMETRIC_REPRESENTATION_CONTEXT(2) 
PARAMETRIC_REPRESENTATION_CONTEXT() REPRESENTATION_CONTEXT('2D SPACE',''
  ) );
#10407 = PCURVE('',#10408,#10413);
#10408 = CYLINDRICAL_SURFACE('',#10409,1.5);
#10409 = AXIS2_PLACEMENT_3D('',#10410,#10411,#10412);
#10410 = CARTESIAN_POINT('',(360.,173.,150.05));
#10411 = DIRECTION('',(-0.,-0.,1.));
#10412 = DIRECTION('',(1.,0.,0.));
#10413 = DEFINITIONAL_REPRESENTATION('',(#10414),#10418);
#10414 = LINE('',#10415,#10416);
#10415 = CARTESIAN_POINT('',(-6.28318530718,-20.05));
#10416 = VECTOR('',#10417,1.);
#10417 = DIRECTION('',(1.,-0.));
#10418 = ( GEOMETRIC_REPRESENTATION_CONTEXT(2) 
PARAMETRIC_REPRESENTATION_CONTEXT() REPRESENTATION_CONTEXT('2D SPACE',''
  ) );
#10419 = FACE_BOUND('',#10420,.F.);
#10420 = EDGE_LOOP('',(#10421));
#10421 = ORIENTED_EDGE('',*,*,#10422,.F.);
#10422 = EDGE_CURVE('',#10423,#10423,#10425,.T.);
#10423 = VERTEX_POINT('',#10424);
#10424 = CARTESIAN_POINT('',(41.5,262.,130.));
#10425 = SURFACE_CURVE('',#10426,(#10431,#10438),.PCURVE_S1.);
#10426 = CIRCLE('',#10427,1.5);
#10427 = AXIS2_PLACEMENT_3D('',#10428,#10429,#10430);
#10428 = CARTESIAN_POINT('',(40.,262.,130.));
#10429 = DIRECTION('',(0.,-0.,1.));
#10430 = DIRECTION('',(1.,0.,0.));
#10431 = PCURVE('',#9951,#10432);
#10432 = DEFINITIONAL_REPRESENTATION('',(#10433),#10437);
#10433 = CIRCLE('',#10434,1.5);
#10434 = AXIS2_PLACEMENT_2D('',#10435,#10436);
#10435 = CARTESIAN_POINT('',(20.,117.));
#10436 = DIRECTION('',(1.,0.));
#10437 = ( GEOMETRIC_REPRESENTATION_CONTEXT(2) 
PARAMETRIC_REPRESENTATION_CONTEXT() REPRESENTATION_CONTEXT('2D SPACE',''
  ) );
#10438 = PCURVE('',#10439,#10444);
#10439 = CYLINDRICAL_SURFACE('',#10440,1.5);
#10440 = AXIS2_PLACEMENT_3D('',#10441,#10442,#10443);
#10441 = CARTESIAN_POINT('',(40.,262.,150.05));
#10442 = DIRECTION('',(-0.,-0.,1.));
#10443 = DIRECTION('',(1.,0.,0.));
#10444 = DEFINITIONAL_REPRESENTATION('',(#10445),#10449);
#10445 = LINE('',#10446,#10447);
#10446 = CARTESIAN_POINT('',(-6.28318530718,-20.05));
#10447 = VECTOR('',#10448,1.);
#10448 = DIRECTION('',(1.,-0.));
#10449 = ( GEOMETRIC_REPRESENTATION_CONTEXT(2) 
PARAMETRIC_REPRESENTATION_CONTEXT() REPRESENTATION_CONTEXT('2D SPACE',''
  ) );
#10450 = FACE_BOUND('',#10451,.F.);
#10451 = EDGE_LOOP('',(#10452));
#10452 = ORIENTED_EDGE('',*,*,#10453,.F.);
#10453 = EDGE_CURVE('',#10454,#10454,#10456,.T.);
#10454 = VERTEX_POINT('',#10455);
#10455 = CARTESIAN_POINT('',(361.5,262.,130.));
#10456 = SURFACE_CURVE('',#10457,(#10462,#10469),.PCURVE_S1.);
#10457 = CIRCLE('',#10458,1.5);
#10458 = AXIS2_PLACEMENT_3D('',#10459,#10460,#10461);
#10459 = CARTESIAN_POINT('',(360.,262.,130.));
#10460 = DIRECTION('',(0.,-0.,1.));
#10461 = DIRECTION('',(1.,0.,0.));
#10462 = PCURVE('',#9951,#10463);
#10463 = DEFINITIONAL_REPRESENTATION('',(#10464),#10468);
#10464 = CIRCLE('',#10465,1.5);
#10465 = AXIS2_PLACEMENT_2D('',#10466,#10467);
#10466 = CARTESIAN_POINT('',(340.,117.));
#10467 = DIRECTION('',(1.,0.));
#10468 = ( GEOMETRIC_REPRESENTATION_CONTEXT(2) 
PARAMETRIC_REPRESENTATION_CONTEXT() REPRESENTATION_CONTEXT('2D SPACE',''
  ) );
#10469 = PCURVE('',#10470,#10475);
#10470 = CYLINDRICAL_SURFACE('',#10471,1.5);
#10471 = AXIS2_PLACEMENT_3D('',#10472,#10473,#10474);
#10472 = CARTESIAN_POINT('',(360.,262.,150.05));
#10473 = DIRECTION('',(-0.,-0.,1.));
#10474 = DIRECTION('',(1.,0.,0.));
#10475 = DEFINITIONAL_REPRESENTATION('',(#10476),#10480);
#10476 = LINE('',#10477,#10478);
#10477 = CARTESIAN_POINT('',(-6.28318530718,-20.05));
#10478 = VECTOR('',#10479,1.);
#10479 = DIRECTION('',(1.,-0.));
#10480 = ( GEOMETRIC_REPRESENTATION_CONTEXT(2) 
PARAMETRIC_REPRESENTATION_CONTEXT() REPRESENTATION_CONTEXT('2D SPACE',''
  ) );
#10481 = ADVANCED_FACE('',(#10482),#10081,.T.);
#10482 = FACE_BOUND('',#10483,.T.);
#10483 = EDGE_LOOP('',(#10484,#10485,#10486,#10487));
#10484 = ORIENTED_EDGE('',*,*,#10067,.F.);
#10485 = ORIENTED_EDGE('',*,*,#10336,.T.);
#10486 = ORIENTED_EDGE('',*,*,#10310,.T.);
#10487 = ORIENTED_EDGE('',*,*,#10098,.F.);
#10488 = ADVANCED_FACE('',(#10489),#10165,.F.);
#10489 = FACE_BOUND('',#10490,.F.);
#10490 = EDGE_LOOP('',(#10491,#10492,#10515,#10539,#10561));
#10491 = ORIENTED_EDGE('',*,*,#10144,.T.);
#10492 = ORIENTED_EDGE('',*,*,#10493,.T.);
#10493 = EDGE_CURVE('',#10145,#10494,#10496,.T.);
#10494 = VERTEX_POINT('',#10495);
#10495 = CARTESIAN_POINT('',(38.5,173.,147.15));
#10496 = SEAM_CURVE('',#10497,(#10501,#10508),.PCURVE_S1.);
#10497 = LINE('',#10498,#10499);
#10498 = CARTESIAN_POINT('',(35.6,173.,150.05));
#10499 = VECTOR('',#10500,1.);
#10500 = DIRECTION('',(0.707106781187,1.731912112471E-16,-0.707106781187
    ));
#10501 = PCURVE('',#10165,#10502);
#10502 = DEFINITIONAL_REPRESENTATION('',(#10503),#10507);
#10503 = LINE('',#10504,#10505);
#10504 = CARTESIAN_POINT('',(0.,-0.));
#10505 = VECTOR('',#10506,1.);
#10506 = DIRECTION('',(-0.,-1.));
#10507 = ( GEOMETRIC_REPRESENTATION_CONTEXT(2) 
PARAMETRIC_REPRESENTATION_CONTEXT() REPRESENTATION_CONTEXT('2D SPACE',''
  ) );
#10508 = PCURVE('',#10165,#10509);
#10509 = DEFINITIONAL_REPRESENTATION('',(#10510),#10514);
#10510 = LINE('',#10511,#10512);
#10511 = CARTESIAN_POINT('',(-6.28318530718,0.));
#10512 = VECTOR('',#10513,1.);
#10513 = DIRECTION('',(-0.,-1.));
#10514 = ( GEOMETRIC_REPRESENTATION_CONTEXT(2) 
PARAMETRIC_REPRESENTATION_CONTEXT() REPRESENTATION_CONTEXT('2D SPACE',''
  ) );
#10515 = ORIENTED_EDGE('',*,*,#10516,.F.);
#10516 = EDGE_CURVE('',#10517,#10494,#10519,.T.);
#10517 = VERTEX_POINT('',#10518);
#10518 = CARTESIAN_POINT('',(41.5,173.,147.15));
#10519 = SURFACE_CURVE('',#10520,(#10525,#10532),.PCURVE_S1.);
#10520 = CIRCLE('',#10521,1.5);
#10521 = AXIS2_PLACEMENT_3D('',#10522,#10523,#10524);
#10522 = CARTESIAN_POINT('',(40.,173.,147.15));
#10523 = DIRECTION('',(0.,0.,-1.));
#10524 = DIRECTION('',(-1.,0.,-0.));
#10525 = PCURVE('',#10165,#10526);
#10526 = DEFINITIONAL_REPRESENTATION('',(#10527),#10531);
#10527 = LINE('',#10528,#10529);
#10528 = CARTESIAN_POINT('',(-0.,-2.9));
#10529 = VECTOR('',#10530,1.);
#10530 = DIRECTION('',(-1.,-0.));
#10531 = ( GEOMETRIC_REPRESENTATION_CONTEXT(2) 
PARAMETRIC_REPRESENTATION_CONTEXT() REPRESENTATION_CONTEXT('2D SPACE',''
  ) );
#10532 = PCURVE('',#10377,#10533);
#10533 = DEFINITIONAL_REPRESENTATION('',(#10534),#10538);
#10534 = LINE('',#10535,#10536);
#10535 = CARTESIAN_POINT('',(3.14159265359,-2.9));
#10536 = VECTOR('',#10537,1.);
#10537 = DIRECTION('',(-1.,0.));
#10538 = ( GEOMETRIC_REPRESENTATION_CONTEXT(2) 
PARAMETRIC_REPRESENTATION_CONTEXT() REPRESENTATION_CONTEXT('2D SPACE',''
  ) );
#10539 = ORIENTED_EDGE('',*,*,#10540,.F.);
#10540 = EDGE_CURVE('',#10494,#10517,#10541,.T.);
#10541 = SURFACE_CURVE('',#10542,(#10547,#10554),.PCURVE_S1.);
#10542 = CIRCLE('',#10543,1.5);
#10543 = AXIS2_PLACEMENT_3D('',#10544,#10545,#10546);
#10544 = CARTESIAN_POINT('',(40.,173.,147.15));
#10545 = DIRECTION('',(0.,0.,-1.));
#10546 = DIRECTION('',(-1.,0.,-0.));
#10547 = PCURVE('',#10165,#10548);
#10548 = DEFINITIONAL_REPRESENTATION('',(#10549),#10553);
#10549 = LINE('',#10550,#10551);
#10550 = CARTESIAN_POINT('',(-0.,-2.9));
#10551 = VECTOR('',#10552,1.);
#10552 = DIRECTION('',(-1.,-0.));
#10553 = ( GEOMETRIC_REPRESENTATION_CONTEXT(2) 
PARAMETRIC_REPRESENTATION_CONTEXT() REPRESENTATION_CONTEXT('2D SPACE',''
  ) );
#10554 = PCURVE('',#10377,#10555);
#10555 = DEFINITIONAL_REPRESENTATION('',(#10556),#10560);
#10556 = LINE('',#10557,#10558);
#10557 = CARTESIAN_POINT('',(-3.14159265359,-2.9));
#10558 = VECTOR('',#10559,1.);
#10559 = DIRECTION('',(-1.,0.));
#10560 = ( GEOMETRIC_REPRESENTATION_CONTEXT(2) 
PARAMETRIC_REPRESENTATION_CONTEXT() REPRESENTATION_CONTEXT('2D SPACE',''
  ) );
#10561 = ORIENTED_EDGE('',*,*,#10493,.F.);
#10562 = ADVANCED_FACE('',(#10563),#10200,.F.);
#10563 = FACE_BOUND('',#10564,.F.);
#10564 = EDGE_LOOP('',(#10565,#10566,#10589,#10613,#10635));
#10565 = ORIENTED_EDGE('',*,*,#10179,.T.);
#10566 = ORIENTED_EDGE('',*,*,#10567,.T.);
#10567 = EDGE_CURVE('',#10180,#10568,#10570,.T.);
#10568 = VERTEX_POINT('',#10569);
#10569 = CARTESIAN_POINT('',(358.5,173.,147.15));
#10570 = SEAM_CURVE('',#10571,(#10575,#10582),.PCURVE_S1.);
#10571 = LINE('',#10572,#10573);
#10572 = CARTESIAN_POINT('',(355.6,173.,150.05));
#10573 = VECTOR('',#10574,1.);
#10574 = DIRECTION('',(0.707106781187,1.731912112471E-16,-0.707106781187
    ));
#10575 = PCURVE('',#10200,#10576);
#10576 = DEFINITIONAL_REPRESENTATION('',(#10577),#10581);
#10577 = LINE('',#10578,#10579);
#10578 = CARTESIAN_POINT('',(0.,-0.));
#10579 = VECTOR('',#10580,1.);
#10580 = DIRECTION('',(-0.,-1.));
#10581 = ( GEOMETRIC_REPRESENTATION_CONTEXT(2) 
PARAMETRIC_REPRESENTATION_CONTEXT() REPRESENTATION_CONTEXT('2D SPACE',''
  ) );
#10582 = PCURVE('',#10200,#10583);
#10583 = DEFINITIONAL_REPRESENTATION('',(#10584),#10588);
#10584 = LINE('',#10585,#10586);
#10585 = CARTESIAN_POINT('',(-6.28318530718,0.));
#10586 = VECTOR('',#10587,1.);
#10587 = DIRECTION('',(-0.,-1.));
#10588 = ( GEOMETRIC_REPRESENTATION_CONTEXT(2) 
PARAMETRIC_REPRESENTATION_CONTEXT() REPRESENTATION_CONTEXT('2D SPACE',''
  ) );
#10589 = ORIENTED_EDGE('',*,*,#10590,.F.);
#10590 = EDGE_CURVE('',#10591,#10568,#10593,.T.);
#10591 = VERTEX_POINT('',#10592);
#10592 = CARTESIAN_POINT('',(361.5,173.,147.15));
#10593 = SURFACE_CURVE('',#10594,(#10599,#10606),.PCURVE_S1.);
#10594 = CIRCLE('',#10595,1.5);
#10595 = AXIS2_PLACEMENT_3D('',#10596,#10597,#10598);
#10596 = CARTESIAN_POINT('',(360.,173.,147.15));
#10597 = DIRECTION('',(0.,0.,-1.));
#10598 = DIRECTION('',(-1.,0.,-0.));
#10599 = PCURVE('',#10200,#10600);
#10600 = DEFINITIONAL_REPRESENTATION('',(#10601),#10605);
#10601 = LINE('',#10602,#10603);
#10602 = CARTESIAN_POINT('',(-0.,-2.9));
#10603 = VECTOR('',#10604,1.);
#10604 = DIRECTION('',(-1.,-0.));
#10605 = ( GEOMETRIC_REPRESENTATION_CONTEXT(2) 
PARAMETRIC_REPRESENTATION_CONTEXT() REPRESENTATION_CONTEXT('2D SPACE',''
  ) );
#10606 = PCURVE('',#10408,#10607);
#10607 = DEFINITIONAL_REPRESENTATION('',(#10608),#10612);
#10608 = LINE('',#10609,#10610);
#10609 = CARTESIAN_POINT('',(3.14159265359,-2.9));
#10610 = VECTOR('',#10611,1.);
#10611 = DIRECTION('',(-1.,0.));
#10612 = ( GEOMETRIC_REPRESENTATION_CONTEXT(2) 
PARAMETRIC_REPRESENTATION_CONTEXT() REPRESENTATION_CONTEXT('2D SPACE',''
  ) );
#10613 = ORIENTED_EDGE('',*,*,#10614,.F.);
#10614 = EDGE_CURVE('',#10568,#10591,#10615,.T.);
#10615 = SURFACE_CURVE('',#10616,(#10621,#10628),.PCURVE_S1.);
#10616 = CIRCLE('',#10617,1.5);
#10617 = AXIS2_PLACEMENT_3D('',#10618,#10619,#10620);
#10618 = CARTESIAN_POINT('',(360.,173.,147.15));
#10619 = DIRECTION('',(0.,0.,-1.));
#10620 = DIRECTION('',(-1.,0.,-0.));
#10621 = PCURVE('',#10200,#10622);
#10622 = DEFINITIONAL_REPRESENTATION('',(#10623),#10627);
#10623 = LINE('',#10624,#10625);
#10624 = CARTESIAN_POINT('',(-0.,-2.9));
#10625 = VECTOR('',#10626,1.);
#10626 = DIRECTION('',(-1.,-0.));
#10627 = ( GEOMETRIC_REPRESENTATION_CONTEXT(2) 
PARAMETRIC_REPRESENTATION_CONTEXT() REPRESENTATION_CONTEXT('2D SPACE',''
  ) );
#10628 = PCURVE('',#10408,#10629);
#10629 = DEFINITIONAL_REPRESENTATION('',(#10630),#10634);
#10630 = LINE('',#10631,#10632);
#10631 = CARTESIAN_POINT('',(-3.14159265359,-2.9));
#10632 = VECTOR('',#10633,1.);
#10633 = DIRECTION('',(-1.,0.));
#10634 = ( GEOMETRIC_REPRESENTATION_CONTEXT(2) 
PARAMETRIC_REPRESENTATION_CONTEXT() REPRESENTATION_CONTEXT('2D SPACE',''
  ) );
#10635 = ORIENTED_EDGE('',*,*,#10567,.F.);
#10636 = ADVANCED_FACE('',(#10637),#10235,.F.);
#10637 = FACE_BOUND('',#10638,.F.);
#10638 = EDGE_LOOP('',(#10639,#10640,#10663,#10687,#10709));
#10639 = ORIENTED_EDGE('',*,*,#10214,.T.);
#10640 = ORIENTED_EDGE('',*,*,#10641,.T.);
#10641 = EDGE_CURVE('',#10215,#10642,#10644,.T.);
#10642 = VERTEX_POINT('',#10643);
#10643 = CARTESIAN_POINT('',(38.5,262.,147.15));
#10644 = SEAM_CURVE('',#10645,(#10649,#10656),.PCURVE_S1.);
#10645 = LINE('',#10646,#10647);
#10646 = CARTESIAN_POINT('',(35.6,262.,150.05));
#10647 = VECTOR('',#10648,1.);
#10648 = DIRECTION('',(0.707106781187,1.731912112471E-16,-0.707106781187
    ));
#10649 = PCURVE('',#10235,#10650);
#10650 = DEFINITIONAL_REPRESENTATION('',(#10651),#10655);
#10651 = LINE('',#10652,#10653);
#10652 = CARTESIAN_POINT('',(0.,-0.));
#10653 = VECTOR('',#10654,1.);
#10654 = DIRECTION('',(-0.,-1.));
#10655 = ( GEOMETRIC_REPRESENTATION_CONTEXT(2) 
PARAMETRIC_REPRESENTATION_CONTEXT() REPRESENTATION_CONTEXT('2D SPACE',''
  ) );
#10656 = PCURVE('',#10235,#10657);
#10657 = DEFINITIONAL_REPRESENTATION('',(#10658),#10662);
#10658 = LINE('',#10659,#10660);
#10659 = CARTESIAN_POINT('',(-6.28318530718,0.));
#10660 = VECTOR('',#10661,1.);
#10661 = DIRECTION('',(-0.,-1.));
#10662 = ( GEOMETRIC_REPRESENTATION_CONTEXT(2) 
PARAMETRIC_REPRESENTATION_CONTEXT() REPRESENTATION_CONTEXT('2D SPACE',''
  ) );
#10663 = ORIENTED_EDGE('',*,*,#10664,.F.);
#10664 = EDGE_CURVE('',#10665,#10642,#10667,.T.);
#10665 = VERTEX_POINT('',#10666);
#10666 = CARTESIAN_POINT('',(41.5,262.,147.15));
#10667 = SURFACE_CURVE('',#10668,(#10673,#10680),.PCURVE_S1.);
#10668 = CIRCLE('',#10669,1.5);
#10669 = AXIS2_PLACEMENT_3D('',#10670,#10671,#10672);
#10670 = CARTESIAN_POINT('',(40.,262.,147.15));
#10671 = DIRECTION('',(0.,0.,-1.));
#10672 = DIRECTION('',(-1.,0.,-0.));
#10673 = PCURVE('',#10235,#10674);
#10674 = DEFINITIONAL_REPRESENTATION('',(#10675),#10679);
#10675 = LINE('',#10676,#10677);
#10676 = CARTESIAN_POINT('',(-0.,-2.9));
#10677 = VECTOR('',#10678,1.);
#10678 = DIRECTION('',(-1.,-0.));
#10679 = ( GEOMETRIC_REPRESENTATION_CONTEXT(2) 
PARAMETRIC_REPRESENTATION_CONTEXT() REPRESENTATION_CONTEXT('2D SPACE',''
  ) );
#10680 = PCURVE('',#10439,#10681);
#10681 = DEFINITIONAL_REPRESENTATION('',(#10682),#10686);
#10682 = LINE('',#10683,#10684);
#10683 = CARTESIAN_POINT('',(3.14159265359,-2.9));
#10684 = VECTOR('',#10685,1.);
#10685 = DIRECTION('',(-1.,0.));
#10686 = ( GEOMETRIC_REPRESENTATION_CONTEXT(2) 
PARAMETRIC_REPRESENTATION_CONTEXT() REPRESENTATION_CONTEXT('2D SPACE',''
  ) );
#10687 = ORIENTED_EDGE('',*,*,#10688,.F.);
#10688 = EDGE_CURVE('',#10642,#10665,#10689,.T.);
#10689 = SURFACE_CURVE('',#10690,(#10695,#10702),.PCURVE_S1.);
#10690 = CIRCLE('',#10691,1.5);
#10691 = AXIS2_PLACEMENT_3D('',#10692,#10693,#10694);
#10692 = CARTESIAN_POINT('',(40.,262.,147.15));
#10693 = DIRECTION('',(0.,0.,-1.));
#10694 = DIRECTION('',(-1.,0.,-0.));
#10695 = PCURVE('',#10235,#10696);
#10696 = DEFINITIONAL_REPRESENTATION('',(#10697),#10701);
#10697 = LINE('',#10698,#10699);
#10698 = CARTESIAN_POINT('',(-0.,-2.9));
#10699 = VECTOR('',#10700,1.);
#10700 = DIRECTION('',(-1.,-0.));
#10701 = ( GEOMETRIC_REPRESENTATION_CONTEXT(2) 
PARAMETRIC_REPRESENTATION_CONTEXT() REPRESENTATION_CONTEXT('2D SPACE',''
  ) );
#10702 = PCURVE('',#10439,#10703);
#10703 = DEFINITIONAL_REPRESENTATION('',(#10704),#10708);
#10704 = LINE('',#10705,#10706);
#10705 = CARTESIAN_POINT('',(-3.14159265359,-2.9));
#10706 = VECTOR('',#10707,1.);
#10707 = DIRECTION('',(-1.,0.));
#10708 = ( GEOMETRIC_REPRESENTATION_CONTEXT(2) 
PARAMETRIC_REPRESENTATION_CONTEXT() REPRESENTATION_CONTEXT('2D SPACE',''
  ) );
#10709 = ORIENTED_EDGE('',*,*,#10641,.F.);
#10710 = ADVANCED_FACE('',(#10711),#10270,.F.);
#10711 = FACE_BOUND('',#10712,.F.);
#10712 = EDGE_LOOP('',(#10713,#10714,#10737,#10761,#10783));
#10713 = ORIENTED_EDGE('',*,*,#10249,.T.);
#10714 = ORIENTED_EDGE('',*,*,#10715,.T.);
#10715 = EDGE_CURVE('',#10250,#10716,#10718,.T.);
#10716 = VERTEX_POINT('',#10717);
#10717 = CARTESIAN_POINT('',(358.5,262.,147.15));
#10718 = SEAM_CURVE('',#10719,(#10723,#10730),.PCURVE_S1.);
#10719 = LINE('',#10720,#10721);
#10720 = CARTESIAN_POINT('',(355.6,262.,150.05));
#10721 = VECTOR('',#10722,1.);
#10722 = DIRECTION('',(0.707106781187,1.731912112471E-16,-0.707106781187
    ));
#10723 = PCURVE('',#10270,#10724);
#10724 = DEFINITIONAL_REPRESENTATION('',(#10725),#10729);
#10725 = LINE('',#10726,#10727);
#10726 = CARTESIAN_POINT('',(0.,-0.));
#10727 = VECTOR('',#10728,1.);
#10728 = DIRECTION('',(-0.,-1.));
#10729 = ( GEOMETRIC_REPRESENTATION_CONTEXT(2) 
PARAMETRIC_REPRESENTATION_CONTEXT() REPRESENTATION_CONTEXT('2D SPACE',''
  ) );
#10730 = PCURVE('',#10270,#10731);
#10731 = DEFINITIONAL_REPRESENTATION('',(#10732),#10736);
#10732 = LINE('',#10733,#10734);
#10733 = CARTESIAN_POINT('',(-6.28318530718,0.));
#10734 = VECTOR('',#10735,1.);
#10735 = DIRECTION('',(-0.,-1.));
#10736 = ( GEOMETRIC_REPRESENTATION_CONTEXT(2) 
PARAMETRIC_REPRESENTATION_CONTEXT() REPRESENTATION_CONTEXT('2D SPACE',''
  ) );
#10737 = ORIENTED_EDGE('',*,*,#10738,.F.);
#10738 = EDGE_CURVE('',#10739,#10716,#10741,.T.);
#10739 = VERTEX_POINT('',#10740);
#10740 = CARTESIAN_POINT('',(361.5,262.,147.15));
#10741 = SURFACE_CURVE('',#10742,(#10747,#10754),.PCURVE_S1.);
#10742 = CIRCLE('',#10743,1.5);
#10743 = AXIS2_PLACEMENT_3D('',#10744,#10745,#10746);
#10744 = CARTESIAN_POINT('',(360.,262.,147.15));
#10745 = DIRECTION('',(0.,0.,-1.));
#10746 = DIRECTION('',(-1.,0.,-0.));
#10747 = PCURVE('',#10270,#10748);
#10748 = DEFINITIONAL_REPRESENTATION('',(#10749),#10753);
#10749 = LINE('',#10750,#10751);
#10750 = CARTESIAN_POINT('',(-0.,-2.9));
#10751 = VECTOR('',#10752,1.);
#10752 = DIRECTION('',(-1.,-0.));
#10753 = ( GEOMETRIC_REPRESENTATION_CONTEXT(2) 
PARAMETRIC_REPRESENTATION_CONTEXT() REPRESENTATION_CONTEXT('2D SPACE',''
  ) );
#10754 = PCURVE('',#10470,#10755);
#10755 = DEFINITIONAL_REPRESENTATION('',(#10756),#10760);
#10756 = LINE('',#10757,#10758);
#10757 = CARTESIAN_POINT('',(3.14159265359,-2.9));
#10758 = VECTOR('',#10759,1.);
#10759 = DIRECTION('',(-1.,0.));
#10760 = ( GEOMETRIC_REPRESENTATION_CONTEXT(2) 
PARAMETRIC_REPRESENTATION_CONTEXT() REPRESENTATION_CONTEXT('2D SPACE',''
  ) );
#10761 = ORIENTED_EDGE('',*,*,#10762,.F.);
#10762 = EDGE_CURVE('',#10716,#10739,#10763,.T.);
#10763 = SURFACE_CURVE('',#10764,(#10769,#10776),.PCURVE_S1.);
#10764 = CIRCLE('',#10765,1.5);
#10765 = AXIS2_PLACEMENT_3D('',#10766,#10767,#10768);
#10766 = CARTESIAN_POINT('',(360.,262.,147.15));
#10767 = DIRECTION('',(0.,0.,-1.));
#10768 = DIRECTION('',(-1.,0.,-0.));
#10769 = PCURVE('',#10270,#10770);
#10770 = DEFINITIONAL_REPRESENTATION('',(#10771),#10775);
#10771 = LINE('',#10772,#10773);
#10772 = CARTESIAN_POINT('',(-0.,-2.9));
#10773 = VECTOR('',#10774,1.);
#10774 = DIRECTION('',(-1.,-0.));
#10775 = ( GEOMETRIC_REPRESENTATION_CONTEXT(2) 
PARAMETRIC_REPRESENTATION_CONTEXT() REPRESENTATION_CONTEXT('2D SPACE',''
  ) );
#10776 = PCURVE('',#10470,#10777);
#10777 = DEFINITIONAL_REPRESENTATION('',(#10778),#10782);
#10778 = LINE('',#10779,#10780);
#10779 = CARTESIAN_POINT('',(-3.14159265359,-2.9));
#10780 = VECTOR('',#10781,1.);
#10781 = DIRECTION('',(-1.,0.));
#10782 = ( GEOMETRIC_REPRESENTATION_CONTEXT(2) 
PARAMETRIC_REPRESENTATION_CONTEXT() REPRESENTATION_CONTEXT('2D SPACE',''
  ) );
#10783 = ORIENTED_EDGE('',*,*,#10715,.F.);
#10784 = ADVANCED_FACE('',(#10785),#10377,.F.);
#10785 = FACE_BOUND('',#10786,.T.);
#10786 = EDGE_LOOP('',(#10787,#10808,#10809,#10810,#10811));
#10787 = ORIENTED_EDGE('',*,*,#10788,.F.);
#10788 = EDGE_CURVE('',#10517,#10361,#10789,.T.);
#10789 = SEAM_CURVE('',#10790,(#10794,#10801),.PCURVE_S1.);
#10790 = LINE('',#10791,#10792);
#10791 = CARTESIAN_POINT('',(41.5,173.,150.05));
#10792 = VECTOR('',#10793,1.);
#10793 = DIRECTION('',(0.,0.,-1.));
#10794 = PCURVE('',#10377,#10795);
#10795 = DEFINITIONAL_REPRESENTATION('',(#10796),#10800);
#10796 = LINE('',#10797,#10798);
#10797 = CARTESIAN_POINT('',(-6.28318530718,0.));
#10798 = VECTOR('',#10799,1.);
#10799 = DIRECTION('',(-0.,-1.));
#10800 = ( GEOMETRIC_REPRESENTATION_CONTEXT(2) 
PARAMETRIC_REPRESENTATION_CONTEXT() REPRESENTATION_CONTEXT('2D SPACE',''
  ) );
#10801 = PCURVE('',#10377,#10802);
#10802 = DEFINITIONAL_REPRESENTATION('',(#10803),#10807);
#10803 = LINE('',#10804,#10805);
#10804 = CARTESIAN_POINT('',(-0.,0.));
#10805 = VECTOR('',#10806,1.);
#10806 = DIRECTION('',(-0.,-1.));
#10807 = ( GEOMETRIC_REPRESENTATION_CONTEXT(2) 
PARAMETRIC_REPRESENTATION_CONTEXT() REPRESENTATION_CONTEXT('2D SPACE',''
  ) );
#10808 = ORIENTED_EDGE('',*,*,#10540,.F.);
#10809 = ORIENTED_EDGE('',*,*,#10516,.F.);
#10810 = ORIENTED_EDGE('',*,*,#10788,.T.);
#10811 = ORIENTED_EDGE('',*,*,#10360,.F.);
#10812 = ADVANCED_FACE('',(#10813),#10408,.F.);
#10813 = FACE_BOUND('',#10814,.T.);
#10814 = EDGE_LOOP('',(#10815,#10836,#10837,#10838,#10839));
#10815 = ORIENTED_EDGE('',*,*,#10816,.F.);
#10816 = EDGE_CURVE('',#10591,#10392,#10817,.T.);
#10817 = SEAM_CURVE('',#10818,(#10822,#10829),.PCURVE_S1.);
#10818 = LINE('',#10819,#10820);
#10819 = CARTESIAN_POINT('',(361.5,173.,150.05));
#10820 = VECTOR('',#10821,1.);
#10821 = DIRECTION('',(0.,0.,-1.));
#10822 = PCURVE('',#10408,#10823);
#10823 = DEFINITIONAL_REPRESENTATION('',(#10824),#10828);
#10824 = LINE('',#10825,#10826);
#10825 = CARTESIAN_POINT('',(-6.28318530718,0.));
#10826 = VECTOR('',#10827,1.);
#10827 = DIRECTION('',(-0.,-1.));
#10828 = ( GEOMETRIC_REPRESENTATION_CONTEXT(2) 
PARAMETRIC_REPRESENTATION_CONTEXT() REPRESENTATION_CONTEXT('2D SPACE',''
  ) );
#10829 = PCURVE('',#10408,#10830);
#10830 = DEFINITIONAL_REPRESENTATION('',(#10831),#10835);
#10831 = LINE('',#10832,#10833);
#10832 = CARTESIAN_POINT('',(-0.,0.));
#10833 = VECTOR('',#10834,1.);
#10834 = DIRECTION('',(-0.,-1.));
#10835 = ( GEOMETRIC_REPRESENTATION_CONTEXT(2) 
PARAMETRIC_REPRESENTATION_CONTEXT() REPRESENTATION_CONTEXT('2D SPACE',''
  ) );
#10836 = ORIENTED_EDGE('',*,*,#10614,.F.);
#10837 = ORIENTED_EDGE('',*,*,#10590,.F.);
#10838 = ORIENTED_EDGE('',*,*,#10816,.T.);
#10839 = ORIENTED_EDGE('',*,*,#10391,.F.);
#10840 = ADVANCED_FACE('',(#10841),#10439,.F.);
#10841 = FACE_BOUND('',#10842,.T.);
#10842 = EDGE_LOOP('',(#10843,#10864,#10865,#10866,#10867));
#10843 = ORIENTED_EDGE('',*,*,#10844,.F.);
#10844 = EDGE_CURVE('',#10665,#10423,#10845,.T.);
#10845 = SEAM_CURVE('',#10846,(#10850,#10857),.PCURVE_S1.);
#10846 = LINE('',#10847,#10848);
#10847 = CARTESIAN_POINT('',(41.5,262.,150.05));
#10848 = VECTOR('',#10849,1.);
#10849 = DIRECTION('',(0.,0.,-1.));
#10850 = PCURVE('',#10439,#10851);
#10851 = DEFINITIONAL_REPRESENTATION('',(#10852),#10856);
#10852 = LINE('',#10853,#10854);
#10853 = CARTESIAN_POINT('',(-6.28318530718,0.));
#10854 = VECTOR('',#10855,1.);
#10855 = DIRECTION('',(-0.,-1.));
#10856 = ( GEOMETRIC_REPRESENTATION_CONTEXT(2) 
PARAMETRIC_REPRESENTATION_CONTEXT() REPRESENTATION_CONTEXT('2D SPACE',''
  ) );
#10857 = PCURVE('',#10439,#10858);
#10858 = DEFINITIONAL_REPRESENTATION('',(#10859),#10863);
#10859 = LINE('',#10860,#10861);
#10860 = CARTESIAN_POINT('',(-0.,0.));
#10861 = VECTOR('',#10862,1.);
#10862 = DIRECTION('',(-0.,-1.));
#10863 = ( GEOMETRIC_REPRESENTATION_CONTEXT(2) 
PARAMETRIC_REPRESENTATION_CONTEXT() REPRESENTATION_CONTEXT('2D SPACE',''
  ) );
#10864 = ORIENTED_EDGE('',*,*,#10688,.F.);
#10865 = ORIENTED_EDGE('',*,*,#10664,.F.);
#10866 = ORIENTED_EDGE('',*,*,#10844,.T.);
#10867 = ORIENTED_EDGE('',*,*,#10422,.F.);
#10868 = ADVANCED_FACE('',(#10869),#10470,.F.);
#10869 = FACE_BOUND('',#10870,.T.);
#10870 = EDGE_LOOP('',(#10871,#10892,#10893,#10894,#10895));
#10871 = ORIENTED_EDGE('',*,*,#10872,.F.);
#10872 = EDGE_CURVE('',#10739,#10454,#10873,.T.);
#10873 = SEAM_CURVE('',#10874,(#10878,#10885),.PCURVE_S1.);
#10874 = LINE('',#10875,#10876);
#10875 = CARTESIAN_POINT('',(361.5,262.,150.05));
#10876 = VECTOR('',#10877,1.);
#10877 = DIRECTION('',(0.,0.,-1.));
#10878 = PCURVE('',#10470,#10879);
#10879 = DEFINITIONAL_REPRESENTATION('',(#10880),#10884);
#10880 = LINE('',#10881,#10882);
#10881 = CARTESIAN_POINT('',(-6.28318530718,0.));
#10882 = VECTOR('',#10883,1.);
#10883 = DIRECTION('',(-0.,-1.));
#10884 = ( GEOMETRIC_REPRESENTATION_CONTEXT(2) 
PARAMETRIC_REPRESENTATION_CONTEXT() REPRESENTATION_CONTEXT('2D SPACE',''
  ) );
#10885 = PCURVE('',#10470,#10886);
#10886 = DEFINITIONAL_REPRESENTATION('',(#10887),#10891);
#10887 = LINE('',#10888,#10889);
#10888 = CARTESIAN_POINT('',(-0.,0.));
#10889 = VECTOR('',#10890,1.);
#10890 = DIRECTION('',(-0.,-1.));
#10891 = ( GEOMETRIC_REPRESENTATION_CONTEXT(2) 
PARAMETRIC_REPRESENTATION_CONTEXT() REPRESENTATION_CONTEXT('2D SPACE',''
  ) );
#10892 = ORIENTED_EDGE('',*,*,#10762,.F.);
#10893 = ORIENTED_EDGE('',*,*,#10738,.F.);
#10894 = ORIENTED_EDGE('',*,*,#10872,.T.);
#10895 = ORIENTED_EDGE('',*,*,#10453,.F.);
#10896 = ( GEOMETRIC_REPRESENTATION_CONTEXT(3) 
GLOBAL_UNCERTAINTY_ASSIGNED_CONTEXT((#10900)) 
GLOBAL_UNIT_ASSIGNED_CONTEXT((#10897,#10898,#10899)) 
REPRESENTATION_CONTEXT('Context #1',
  '3D Context with UNIT and UNCERTAINTY') );
#10897 = ( LENGTH_UNIT() NAMED_UNIT(*) SI_UNIT(.MILLI.,.METRE.) );
#10898 = ( NAMED_UNIT(*) PLANE_ANGLE_UNIT() SI_UNIT($,.RADIAN.) );
#10899 = ( NAMED_UNIT(*) SI_UNIT($,.STERADIAN.) SOLID_ANGLE_UNIT() );
#10900 = UNCERTAINTY_MEASURE_WITH_UNIT(LENGTH_MEASURE(1.E-07),#10897,
  'distance_accuracy_value','confusion accuracy');
#10901 = CONTEXT_DEPENDENT_SHAPE_REPRESENTATION(#10902,#10904);
#10902 = ( REPRESENTATION_RELATIONSHIP('','',#9893,#10) 
REPRESENTATION_RELATIONSHIP_WITH_TRANSFORMATION(#10903) 
SHAPE_REPRESENTATION_RELATIONSHIP() );
#10903 = ITEM_DEFINED_TRANSFORMATION('','',#11,#51);
#10904 = PRODUCT_DEFINITION_SHAPE('Placement','Placement of an item',
  #10905);
#10905 = NEXT_ASSEMBLY_USAGE_OCCURRENCE('22','tread_lo_2','',#5,#9888,$
  );
#10906 = PRODUCT_RELATED_PRODUCT_CATEGORY('part',$,(#9890));
#10907 = SHAPE_DEFINITION_REPRESENTATION(#10908,#10914);
#10908 = PRODUCT_DEFINITION_SHAPE('','',#10909);
#10909 = PRODUCT_DEFINITION('design','',#10910,#10913);
#10910 = PRODUCT_DEFINITION_FORMATION('','',#10911);
#10911 = PRODUCT('tread_hi_1','tread_hi_1','',(#10912));
#10912 = PRODUCT_CONTEXT('',#2,'mechanical');
#10913 = PRODUCT_DEFINITION_CONTEXT('part definition',#2,'design');
#10914 = ADVANCED_BREP_SHAPE_REPRESENTATION('',(#11,#10915),#11917);
#10915 = MANIFOLD_SOLID_BREP('',#10916);
#10916 = CLOSED_SHELL('',(#10917,#11037,#11113,#11302,#11351,#11502,
    #11509,#11583,#11657,#11731,#11805,#11833,#11861,#11889));
#10917 = ADVANCED_FACE('',(#10918),#10932,.F.);
#10918 = FACE_BOUND('',#10919,.F.);
#10919 = EDGE_LOOP('',(#10920,#10955,#10983,#11011));
#10920 = ORIENTED_EDGE('',*,*,#10921,.F.);
#10921 = EDGE_CURVE('',#10922,#10924,#10926,.T.);
#10922 = VERTEX_POINT('',#10923);
#10923 = CARTESIAN_POINT('',(20.,0.,280.));
#10924 = VERTEX_POINT('',#10925);
#10925 = CARTESIAN_POINT('',(20.,0.,300.));
#10926 = SURFACE_CURVE('',#10927,(#10931,#10943),.PCURVE_S1.);
#10927 = LINE('',#10928,#10929);
#10928 = CARTESIAN_POINT('',(20.,0.,280.));
#10929 = VECTOR('',#10930,1.);
#10930 = DIRECTION('',(0.,0.,1.));
#10931 = PCURVE('',#10932,#10937);
#10932 = PLANE('',#10933);
#10933 = AXIS2_PLACEMENT_3D('',#10934,#10935,#10936);
#10934 = CARTESIAN_POINT('',(20.,0.,280.));
#10935 = DIRECTION('',(1.,0.,0.));
#10936 = DIRECTION('',(0.,0.,1.));
#10937 = DEFINITIONAL_REPRESENTATION('',(#10938),#10942);
#10938 = LINE('',#10939,#10940);
#10939 = CARTESIAN_POINT('',(0.,0.));
#10940 = VECTOR('',#10941,1.);
#10941 = DIRECTION('',(1.,0.));
#10942 = ( GEOMETRIC_REPRESENTATION_CONTEXT(2) 
PARAMETRIC_REPRESENTATION_CONTEXT() REPRESENTATION_CONTEXT('2D SPACE',''
  ) );
#10943 = PCURVE('',#10944,#10949);
#10944 = PLANE('',#10945);
#10945 = AXIS2_PLACEMENT_3D('',#10946,#10947,#10948);
#10946 = CARTESIAN_POINT('',(20.,0.,280.));
#10947 = DIRECTION('',(0.,1.,0.));
#10948 = DIRECTION('',(0.,0.,1.));
#10949 = DEFINITIONAL_REPRESENTATION('',(#10950),#10954);
#10950 = LINE('',#10951,#10952);
#10951 = CARTESIAN_POINT('',(0.,0.));
#10952 = VECTOR('',#10953,1.);
#10953 = DIRECTION('',(1.,0.));
#10954 = ( GEOMETRIC_REPRESENTATION_CONTEXT(2) 
PARAMETRIC_REPRESENTATION_CONTEXT() REPRESENTATION_CONTEXT('2D SPACE',''
  ) );
#10955 = ORIENTED_EDGE('',*,*,#10956,.T.);
#10956 = EDGE_CURVE('',#10922,#10957,#10959,.T.);
#10957 = VERTEX_POINT('',#10958);
#10958 = CARTESIAN_POINT('',(20.,145.,280.));
#10959 = SURFACE_CURVE('',#10960,(#10964,#10971),.PCURVE_S1.);
#10960 = LINE('',#10961,#10962);
#10961 = CARTESIAN_POINT('',(20.,0.,280.));
#10962 = VECTOR('',#10963,1.);
#10963 = DIRECTION('',(0.,1.,0.));
#10964 = PCURVE('',#10932,#10965);
#10965 = DEFINITIONAL_REPRESENTATION('',(#10966),#10970);
#10966 = LINE('',#10967,#10968);
#10967 = CARTESIAN_POINT('',(0.,0.));
#10968 = VECTOR('',#10969,1.);
#10969 = DIRECTION('',(0.,-1.));
#10970 = ( GEOMETRIC_REPRESENTATION_CONTEXT(2) 
PARAMETRIC_REPRESENTATION_CONTEXT() REPRESENTATION_CONTEXT('2D SPACE',''
  ) );
#10971 = PCURVE('',#10972,#10977);
#10972 = PLANE('',#10973);
#10973 = AXIS2_PLACEMENT_3D('',#10974,#10975,#10976);
#10974 = CARTESIAN_POINT('',(20.,0.,280.));
#10975 = DIRECTION('',(0.,0.,1.));
#10976 = DIRECTION('',(1.,0.,0.));
#10977 = DEFINITIONAL_REPRESENTATION('',(#10978),#10982);
#10978 = LINE('',#10979,#10980);
#10979 = CARTESIAN_POINT('',(0.,0.));
#10980 = VECTOR('',#10981,1.);
#10981 = DIRECTION('',(0.,1.));
#10982 = ( GEOMETRIC_REPRESENTATION_CONTEXT(2) 
PARAMETRIC_REPRESENTATION_CONTEXT() REPRESENTATION_CONTEXT('2D SPACE',''
  ) );
#10983 = ORIENTED_EDGE('',*,*,#10984,.T.);
#10984 = EDGE_CURVE('',#10957,#10985,#10987,.T.);
#10985 = VERTEX_POINT('',#10986);
#10986 = CARTESIAN_POINT('',(20.,145.,300.));
#10987 = SURFACE_CURVE('',#10988,(#10992,#10999),.PCURVE_S1.);
#10988 = LINE('',#10989,#10990);
#10989 = CARTESIAN_POINT('',(20.,145.,280.));
#10990 = VECTOR('',#10991,1.);
#10991 = DIRECTION('',(0.,0.,1.));
#10992 = PCURVE('',#10932,#10993);
#10993 = DEFINITIONAL_REPRESENTATION('',(#10994),#10998);
#10994 = LINE('',#10995,#10996);
#10995 = CARTESIAN_POINT('',(0.,-145.));
#10996 = VECTOR('',#10997,1.);
#10997 = DIRECTION('',(1.,0.));
#10998 = ( GEOMETRIC_REPRESENTATION_CONTEXT(2) 
PARAMETRIC_REPRESENTATION_CONTEXT() REPRESENTATION_CONTEXT('2D SPACE',''
  ) );
#10999 = PCURVE('',#11000,#11005);
#11000 = PLANE('',#11001);
#11001 = AXIS2_PLACEMENT_3D('',#11002,#11003,#11004);
#11002 = CARTESIAN_POINT('',(20.,145.,280.));
#11003 = DIRECTION('',(0.,1.,0.));
#11004 = DIRECTION('',(0.,0.,1.));
#11005 = DEFINITIONAL_REPRESENTATION('',(#11006),#11010);
#11006 = LINE('',#11007,#11008);
#11007 = CARTESIAN_POINT('',(0.,0.));
#11008 = VECTOR('',#11009,1.);
#11009 = DIRECTION('',(1.,0.));
#11010 = ( GEOMETRIC_REPRESENTATION_CONTEXT(2) 
PARAMETRIC_REPRESENTATION_CONTEXT() REPRESENTATION_CONTEXT('2D SPACE',''
  ) );
#11011 = ORIENTED_EDGE('',*,*,#11012,.F.);
#11012 = EDGE_CURVE('',#10924,#10985,#11013,.T.);
#11013 = SURFACE_CURVE('',#11014,(#11018,#11025),.PCURVE_S1.);
#11014 = LINE('',#11015,#11016);
#11015 = CARTESIAN_POINT('',(20.,0.,300.));
#11016 = VECTOR('',#11017,1.);
#11017 = DIRECTION('',(0.,1.,0.));
#11018 = PCURVE('',#10932,#11019);
#11019 = DEFINITIONAL_REPRESENTATION('',(#11020),#11024);
#11020 = LINE('',#11021,#11022);
#11021 = CARTESIAN_POINT('',(20.,0.));
#11022 = VECTOR('',#11023,1.);
#11023 = DIRECTION('',(0.,-1.));
#11024 = ( GEOMETRIC_REPRESENTATION_CONTEXT(2) 
PARAMETRIC_REPRESENTATION_CONTEXT() REPRESENTATION_CONTEXT('2D SPACE',''
  ) );
#11025 = PCURVE('',#11026,#11031);
#11026 = PLANE('',#11027);
#11027 = AXIS2_PLACEMENT_3D('',#11028,#11029,#11030);
#11028 = CARTESIAN_POINT('',(20.,0.,300.));
#11029 = DIRECTION('',(0.,0.,1.));
#11030 = DIRECTION('',(1.,0.,0.));
#11031 = DEFINITIONAL_REPRESENTATION('',(#11032),#11036);
#11032 = LINE('',#11033,#11034);
#11033 = CARTESIAN_POINT('',(0.,0.));
#11034 = VECTOR('',#11035,1.);
#11035 = DIRECTION('',(0.,1.));
#11036 = ( GEOMETRIC_REPRESENTATION_CONTEXT(2) 
PARAMETRIC_REPRESENTATION_CONTEXT() REPRESENTATION_CONTEXT('2D SPACE',''
  ) );
#11037 = ADVANCED_FACE('',(#11038),#10944,.F.);
#11038 = FACE_BOUND('',#11039,.F.);
#11039 = EDGE_LOOP('',(#11040,#11063,#11064,#11087));
#11040 = ORIENTED_EDGE('',*,*,#11041,.F.);
#11041 = EDGE_CURVE('',#10922,#11042,#11044,.T.);
#11042 = VERTEX_POINT('',#11043);
#11043 = CARTESIAN_POINT('',(380.,0.,280.));
#11044 = SURFACE_CURVE('',#11045,(#11049,#11056),.PCURVE_S1.);
#11045 = LINE('',#11046,#11047);
#11046 = CARTESIAN_POINT('',(20.,0.,280.));
#11047 = VECTOR('',#11048,1.);
#11048 = DIRECTION('',(1.,0.,0.));
#11049 = PCURVE('',#10944,#11050);
#11050 = DEFINITIONAL_REPRESENTATION('',(#11051),#11055);
#11051 = LINE('',#11052,#11053);
#11052 = CARTESIAN_POINT('',(0.,0.));
#11053 = VECTOR('',#11054,1.);
#11054 = DIRECTION('',(0.,1.));
#11055 = ( GEOMETRIC_REPRESENTATION_CONTEXT(2) 
PARAMETRIC_REPRESENTATION_CONTEXT() REPRESENTATION_CONTEXT('2D SPACE',''
  ) );
#11056 = PCURVE('',#10972,#11057);
#11057 = DEFINITIONAL_REPRESENTATION('',(#11058),#11062);
#11058 = LINE('',#11059,#11060);
#11059 = CARTESIAN_POINT('',(0.,0.));
#11060 = VECTOR('',#11061,1.);
#11061 = DIRECTION('',(1.,0.));
#11062 = ( GEOMETRIC_REPRESENTATION_CONTEXT(2) 
PARAMETRIC_REPRESENTATION_CONTEXT() REPRESENTATION_CONTEXT('2D SPACE',''
  ) );
#11063 = ORIENTED_EDGE('',*,*,#10921,.T.);
#11064 = ORIENTED_EDGE('',*,*,#11065,.T.);
#11065 = EDGE_CURVE('',#10924,#11066,#11068,.T.);
#11066 = VERTEX_POINT('',#11067);
#11067 = CARTESIAN_POINT('',(380.,0.,300.));
#11068 = SURFACE_CURVE('',#11069,(#11073,#11080),.PCURVE_S1.);
#11069 = LINE('',#11070,#11071);
#11070 = CARTESIAN_POINT('',(20.,0.,300.));
#11071 = VECTOR('',#11072,1.);
#11072 = DIRECTION('',(1.,0.,0.));
#11073 = PCURVE('',#10944,#11074);
#11074 = DEFINITIONAL_REPRESENTATION('',(#11075),#11079);
#11075 = LINE('',#11076,#11077);
#11076 = CARTESIAN_POINT('',(20.,0.));
#11077 = VECTOR('',#11078,1.);
#11078 = DIRECTION('',(0.,1.));
#11079 = ( GEOMETRIC_REPRESENTATION_CONTEXT(2) 
PARAMETRIC_REPRESENTATION_CONTEXT() REPRESENTATION_CONTEXT('2D SPACE',''
  ) );
#11080 = PCURVE('',#11026,#11081);
#11081 = DEFINITIONAL_REPRESENTATION('',(#11082),#11086);
#11082 = LINE('',#11083,#11084);
#11083 = CARTESIAN_POINT('',(0.,0.));
#11084 = VECTOR('',#11085,1.);
#11085 = DIRECTION('',(1.,0.));
#11086 = ( GEOMETRIC_REPRESENTATION_CONTEXT(2) 
PARAMETRIC_REPRESENTATION_CONTEXT() REPRESENTATION_CONTEXT('2D SPACE',''
  ) );
#11087 = ORIENTED_EDGE('',*,*,#11088,.F.);
#11088 = EDGE_CURVE('',#11042,#11066,#11089,.T.);
#11089 = SURFACE_CURVE('',#11090,(#11094,#11101),.PCURVE_S1.);
#11090 = LINE('',#11091,#11092);
#11091 = CARTESIAN_POINT('',(380.,0.,280.));
#11092 = VECTOR('',#11093,1.);
#11093 = DIRECTION('',(0.,0.,1.));
#11094 = PCURVE('',#10944,#11095);
#11095 = DEFINITIONAL_REPRESENTATION('',(#11096),#11100);
#11096 = LINE('',#11097,#11098);
#11097 = CARTESIAN_POINT('',(0.,360.));
#11098 = VECTOR('',#11099,1.);
#11099 = DIRECTION('',(1.,0.));
#11100 = ( GEOMETRIC_REPRESENTATION_CONTEXT(2) 
PARAMETRIC_REPRESENTATION_CONTEXT() REPRESENTATION_CONTEXT('2D SPACE',''
  ) );
#11101 = PCURVE('',#11102,#11107);
#11102 = PLANE('',#11103);
#11103 = AXIS2_PLACEMENT_3D('',#11104,#11105,#11106);
#11104 = CARTESIAN_POINT('',(380.,0.,280.));
#11105 = DIRECTION('',(1.,0.,0.));
#11106 = DIRECTION('',(0.,0.,1.));
#11107 = DEFINITIONAL_REPRESENTATION('',(#11108),#11112);
#11108 = LINE('',#11109,#11110);
#11109 = CARTESIAN_POINT('',(0.,0.));
#11110 = VECTOR('',#11111,1.);
#11111 = DIRECTION('',(1.,0.));
#11112 = ( GEOMETRIC_REPRESENTATION_CONTEXT(2) 
PARAMETRIC_REPRESENTATION_CONTEXT() REPRESENTATION_CONTEXT('2D SPACE',''
  ) );
#11113 = ADVANCED_FACE('',(#11114,#11162,#11197,#11232,#11267),#11026,
  .T.);
#11114 = FACE_BOUND('',#11115,.T.);
#11115 = EDGE_LOOP('',(#11116,#11117,#11118,#11141));
#11116 = ORIENTED_EDGE('',*,*,#11012,.F.);
#11117 = ORIENTED_EDGE('',*,*,#11065,.T.);
#11118 = ORIENTED_EDGE('',*,*,#11119,.T.);
#11119 = EDGE_CURVE('',#11066,#11120,#11122,.T.);
#11120 = VERTEX_POINT('',#11121);
#11121 = CARTESIAN_POINT('',(380.,145.,300.));
#11122 = SURFACE_CURVE('',#11123,(#11127,#11134),.PCURVE_S1.);
#11123 = LINE('',#11124,#11125);
#11124 = CARTESIAN_POINT('',(380.,0.,300.));
#11125 = VECTOR('',#11126,1.);
#11126 = DIRECTION('',(0.,1.,0.));
#11127 = PCURVE('',#11026,#11128);
#11128 = DEFINITIONAL_REPRESENTATION('',(#11129),#11133);
#11129 = LINE('',#11130,#11131);
#11130 = CARTESIAN_POINT('',(360.,0.));
#11131 = VECTOR('',#11132,1.);
#11132 = DIRECTION('',(0.,1.));
#11133 = ( GEOMETRIC_REPRESENTATION_CONTEXT(2) 
PARAMETRIC_REPRESENTATION_CONTEXT() REPRESENTATION_CONTEXT('2D SPACE',''
  ) );
#11134 = PCURVE('',#11102,#11135);
#11135 = DEFINITIONAL_REPRESENTATION('',(#11136),#11140);
#11136 = LINE('',#11137,#11138);
#11137 = CARTESIAN_POINT('',(20.,0.));
#11138 = VECTOR('',#11139,1.);
#11139 = DIRECTION('',(0.,-1.));
#11140 = ( GEOMETRIC_REPRESENTATION_CONTEXT(2) 
PARAMETRIC_REPRESENTATION_CONTEXT() REPRESENTATION_CONTEXT('2D SPACE',''
  ) );
#11141 = ORIENTED_EDGE('',*,*,#11142,.F.);
#11142 = EDGE_CURVE('',#10985,#11120,#11143,.T.);
#11143 = SURFACE_CURVE('',#11144,(#11148,#11155),.PCURVE_S1.);
#11144 = LINE('',#11145,#11146);
#11145 = CARTESIAN_POINT('',(20.,145.,300.));
#11146 = VECTOR('',#11147,1.);
#11147 = DIRECTION('',(1.,0.,0.));
#11148 = PCURVE('',#11026,#11149);
#11149 = DEFINITIONAL_REPRESENTATION('',(#11150),#11154);
#11150 = LINE('',#11151,#11152);
#11151 = CARTESIAN_POINT('',(0.,145.));
#11152 = VECTOR('',#11153,1.);
#11153 = DIRECTION('',(1.,0.));
#11154 = ( GEOMETRIC_REPRESENTATION_CONTEXT(2) 
PARAMETRIC_REPRESENTATION_CONTEXT() REPRESENTATION_CONTEXT('2D SPACE',''
  ) );
#11155 = PCURVE('',#11000,#11156);
#11156 = DEFINITIONAL_REPRESENTATION('',(#11157),#11161);
#11157 = LINE('',#11158,#11159);
#11158 = CARTESIAN_POINT('',(20.,0.));
#11159 = VECTOR('',#11160,1.);
#11160 = DIRECTION('',(0.,1.));
#11161 = ( GEOMETRIC_REPRESENTATION_CONTEXT(2) 
PARAMETRIC_REPRESENTATION_CONTEXT() REPRESENTATION_CONTEXT('2D SPACE',''
  ) );
#11162 = FACE_BOUND('',#11163,.T.);
#11163 = EDGE_LOOP('',(#11164));
#11164 = ORIENTED_EDGE('',*,*,#11165,.T.);
#11165 = EDGE_CURVE('',#11166,#11166,#11168,.T.);
#11166 = VERTEX_POINT('',#11167);
#11167 = CARTESIAN_POINT('',(35.65,28.,300.));
#11168 = SURFACE_CURVE('',#11169,(#11174,#11185),.PCURVE_S1.);
#11169 = CIRCLE('',#11170,4.35);
#11170 = AXIS2_PLACEMENT_3D('',#11171,#11172,#11173);
#11171 = CARTESIAN_POINT('',(40.,28.,300.));
#11172 = DIRECTION('',(0.,0.,-1.));
#11173 = DIRECTION('',(-1.,0.,-0.));
#11174 = PCURVE('',#11026,#11175);
#11175 = DEFINITIONAL_REPRESENTATION('',(#11176),#11184);
#11176 = ( BOUNDED_CURVE() B_SPLINE_CURVE(2,(#11177,#11178,#11179,#11180
    ,#11181,#11182,#11183),.UNSPECIFIED.,.T.,.F.) 
B_SPLINE_CURVE_WITH_KNOTS((1,2,2,2,2,1),(-2.094395102393,0.,
    2.094395102393,4.188790204786,6.28318530718,8.377580409573),
.UNSPECIFIED.) CURVE() GEOMETRIC_REPRESENTATION_ITEM() 
RATIONAL_B_SPLINE_CURVE((1.,0.5,1.,0.5,1.,0.5,1.)) REPRESENTATION_ITEM(
  '') );
#11177 = CARTESIAN_POINT('',(15.65,28.));
#11178 = CARTESIAN_POINT('',(15.65,35.534421012925));
#11179 = CARTESIAN_POINT('',(22.175,31.767210506462));
#11180 = CARTESIAN_POINT('',(28.7,28.));
#11181 = CARTESIAN_POINT('',(22.175,24.232789493538));
#11182 = CARTESIAN_POINT('',(15.65,20.465578987075));
#11183 = CARTESIAN_POINT('',(15.65,28.));
#11184 = ( GEOMETRIC_REPRESENTATION_CONTEXT(2) 
PARAMETRIC_REPRESENTATION_CONTEXT() REPRESENTATION_CONTEXT('2D SPACE',''
  ) );
#11185 = PCURVE('',#11186,#11191);
#11186 = CONICAL_SURFACE('',#11187,4.4,0.785398163397);
#11187 = AXIS2_PLACEMENT_3D('',#11188,#11189,#11190);
#11188 = CARTESIAN_POINT('',(40.,28.,300.05));
#11189 = DIRECTION('',(-0.,-0.,1.));
#11190 = DIRECTION('',(-1.,0.,-0.));
#11191 = DEFINITIONAL_REPRESENTATION('',(#11192),#11196);
#11192 = LINE('',#11193,#11194);
#11193 = CARTESIAN_POINT('',(-0.,-5.000000000001E-02));
#11194 = VECTOR('',#11195,1.);
#11195 = DIRECTION('',(-1.,-0.));
#11196 = ( GEOMETRIC_REPRESENTATION_CONTEXT(2) 
PARAMETRIC_REPRESENTATION_CONTEXT() REPRESENTATION_CONTEXT('2D SPACE',''
  ) );
#11197 = FACE_BOUND('',#11198,.T.);
#11198 = EDGE_LOOP('',(#11199));
#11199 = ORIENTED_EDGE('',*,*,#11200,.T.);
#11200 = EDGE_CURVE('',#11201,#11201,#11203,.T.);
#11201 = VERTEX_POINT('',#11202);
#11202 = CARTESIAN_POINT('',(355.65,28.,300.));
#11203 = SURFACE_CURVE('',#11204,(#11209,#11220),.PCURVE_S1.);
#11204 = CIRCLE('',#11205,4.35);
#11205 = AXIS2_PLACEMENT_3D('',#11206,#11207,#11208);
#11206 = CARTESIAN_POINT('',(360.,28.,300.));
#11207 = DIRECTION('',(0.,0.,-1.));
#11208 = DIRECTION('',(-1.,0.,-0.));
#11209 = PCURVE('',#11026,#11210);
#11210 = DEFINITIONAL_REPRESENTATION('',(#11211),#11219);
#11211 = ( BOUNDED_CURVE() B_SPLINE_CURVE(2,(#11212,#11213,#11214,#11215
    ,#11216,#11217,#11218),.UNSPECIFIED.,.T.,.F.) 
B_SPLINE_CURVE_WITH_KNOTS((1,2,2,2,2,1),(-2.094395102393,0.,
    2.094395102393,4.188790204786,6.28318530718,8.377580409573),
.UNSPECIFIED.) CURVE() GEOMETRIC_REPRESENTATION_ITEM() 
RATIONAL_B_SPLINE_CURVE((1.,0.5,1.,0.5,1.,0.5,1.)) REPRESENTATION_ITEM(
  '') );
#11212 = CARTESIAN_POINT('',(335.65,28.));
#11213 = CARTESIAN_POINT('',(335.65,35.534421012925));
#11214 = CARTESIAN_POINT('',(342.175,31.767210506462));
#11215 = CARTESIAN_POINT('',(348.7,28.));
#11216 = CARTESIAN_POINT('',(342.175,24.232789493538));
#11217 = CARTESIAN_POINT('',(335.65,20.465578987075));
#11218 = CARTESIAN_POINT('',(335.65,28.));
#11219 = ( GEOMETRIC_REPRESENTATION_CONTEXT(2) 
PARAMETRIC_REPRESENTATION_CONTEXT() REPRESENTATION_CONTEXT('2D SPACE',''
  ) );
#11220 = PCURVE('',#11221,#11226);
#11221 = CONICAL_SURFACE('',#11222,4.4,0.785398163397);
#11222 = AXIS2_PLACEMENT_3D('',#11223,#11224,#11225);
#11223 = CARTESIAN_POINT('',(360.,28.,300.05));
#11224 = DIRECTION('',(-0.,-0.,1.));
#11225 = DIRECTION('',(-1.,0.,-0.));
#11226 = DEFINITIONAL_REPRESENTATION('',(#11227),#11231);
#11227 = LINE('',#11228,#11229);
#11228 = CARTESIAN_POINT('',(-0.,-5.000000000001E-02));
#11229 = VECTOR('',#11230,1.);
#11230 = DIRECTION('',(-1.,-0.));
#11231 = ( GEOMETRIC_REPRESENTATION_CONTEXT(2) 
PARAMETRIC_REPRESENTATION_CONTEXT() REPRESENTATION_CONTEXT('2D SPACE',''
  ) );
#11232 = FACE_BOUND('',#11233,.T.);
#11233 = EDGE_LOOP('',(#11234));
#11234 = ORIENTED_EDGE('',*,*,#11235,.T.);
#11235 = EDGE_CURVE('',#11236,#11236,#11238,.T.);
#11236 = VERTEX_POINT('',#11237);
#11237 = CARTESIAN_POINT('',(35.65,117.,300.));
#11238 = SURFACE_CURVE('',#11239,(#11244,#11255),.PCURVE_S1.);
#11239 = CIRCLE('',#11240,4.35);
#11240 = AXIS2_PLACEMENT_3D('',#11241,#11242,#11243);
#11241 = CARTESIAN_POINT('',(40.,117.,300.));
#11242 = DIRECTION('',(0.,0.,-1.));
#11243 = DIRECTION('',(-1.,0.,-0.));
#11244 = PCURVE('',#11026,#11245);
#11245 = DEFINITIONAL_REPRESENTATION('',(#11246),#11254);
#11246 = ( BOUNDED_CURVE() B_SPLINE_CURVE(2,(#11247,#11248,#11249,#11250
    ,#11251,#11252,#11253),.UNSPECIFIED.,.T.,.F.) 
B_SPLINE_CURVE_WITH_KNOTS((1,2,2,2,2,1),(-2.094395102393,0.,
    2.094395102393,4.188790204786,6.28318530718,8.377580409573),
.UNSPECIFIED.) CURVE() GEOMETRIC_REPRESENTATION_ITEM() 
RATIONAL_B_SPLINE_CURVE((1.,0.5,1.,0.5,1.,0.5,1.)) REPRESENTATION_ITEM(
  '') );
#11247 = CARTESIAN_POINT('',(15.65,117.));
#11248 = CARTESIAN_POINT('',(15.65,124.53442101292));
#11249 = CARTESIAN_POINT('',(22.175,120.76721050646));
#11250 = CARTESIAN_POINT('',(28.7,117.));
#11251 = CARTESIAN_POINT('',(22.175,113.23278949353));
#11252 = CARTESIAN_POINT('',(15.65,109.46557898707));
#11253 = CARTESIAN_POINT('',(15.65,117.));
#11254 = ( GEOMETRIC_REPRESENTATION_CONTEXT(2) 
PARAMETRIC_REPRESENTATION_CONTEXT() REPRESENTATION_CONTEXT('2D SPACE',''
  ) );
#11255 = PCURVE('',#11256,#11261);
#11256 = CONICAL_SURFACE('',#11257,4.4,0.785398163397);
#11257 = AXIS2_PLACEMENT_3D('',#11258,#11259,#11260);
#11258 = CARTESIAN_POINT('',(40.,117.,300.05));
#11259 = DIRECTION('',(-0.,-0.,1.));
#11260 = DIRECTION('',(-1.,0.,-0.));
#11261 = DEFINITIONAL_REPRESENTATION('',(#11262),#11266);
#11262 = LINE('',#11263,#11264);
#11263 = CARTESIAN_POINT('',(-0.,-5.000000000001E-02));
#11264 = VECTOR('',#11265,1.);
#11265 = DIRECTION('',(-1.,-0.));
#11266 = ( GEOMETRIC_REPRESENTATION_CONTEXT(2) 
PARAMETRIC_REPRESENTATION_CONTEXT() REPRESENTATION_CONTEXT('2D SPACE',''
  ) );
#11267 = FACE_BOUND('',#11268,.T.);
#11268 = EDGE_LOOP('',(#11269));
#11269 = ORIENTED_EDGE('',*,*,#11270,.T.);
#11270 = EDGE_CURVE('',#11271,#11271,#11273,.T.);
#11271 = VERTEX_POINT('',#11272);
#11272 = CARTESIAN_POINT('',(355.65,117.,300.));
#11273 = SURFACE_CURVE('',#11274,(#11279,#11290),.PCURVE_S1.);
#11274 = CIRCLE('',#11275,4.35);
#11275 = AXIS2_PLACEMENT_3D('',#11276,#11277,#11278);
#11276 = CARTESIAN_POINT('',(360.,117.,300.));
#11277 = DIRECTION('',(0.,0.,-1.));
#11278 = DIRECTION('',(-1.,0.,-0.));
#11279 = PCURVE('',#11026,#11280);
#11280 = DEFINITIONAL_REPRESENTATION('',(#11281),#11289);
#11281 = ( BOUNDED_CURVE() B_SPLINE_CURVE(2,(#11282,#11283,#11284,#11285
    ,#11286,#11287,#11288),.UNSPECIFIED.,.T.,.F.) 
B_SPLINE_CURVE_WITH_KNOTS((1,2,2,2,2,1),(-2.094395102393,0.,
    2.094395102393,4.188790204786,6.28318530718,8.377580409573),
.UNSPECIFIED.) CURVE() GEOMETRIC_REPRESENTATION_ITEM() 
RATIONAL_B_SPLINE_CURVE((1.,0.5,1.,0.5,1.,0.5,1.)) REPRESENTATION_ITEM(
  '') );
#11282 = CARTESIAN_POINT('',(335.65,117.));
#11283 = CARTESIAN_POINT('',(335.65,124.53442101292));
#11284 = CARTESIAN_POINT('',(342.175,120.76721050646));
#11285 = CARTESIAN_POINT('',(348.7,117.));
#11286 = CARTESIAN_POINT('',(342.175,113.23278949353));
#11287 = CARTESIAN_POINT('',(335.65,109.46557898707));
#11288 = CARTESIAN_POINT('',(335.65,117.));
#11289 = ( GEOMETRIC_REPRESENTATION_CONTEXT(2) 
PARAMETRIC_REPRESENTATION_CONTEXT() REPRESENTATION_CONTEXT('2D SPACE',''
  ) );
#11290 = PCURVE('',#11291,#11296);
#11291 = CONICAL_SURFACE('',#11292,4.4,0.785398163397);
#11292 = AXIS2_PLACEMENT_3D('',#11293,#11294,#11295);
#11293 = CARTESIAN_POINT('',(360.,117.,300.05));
#11294 = DIRECTION('',(-0.,-0.,1.));
#11295 = DIRECTION('',(-1.,0.,-0.));
#11296 = DEFINITIONAL_REPRESENTATION('',(#11297),#11301);
#11297 = LINE('',#11298,#11299);
#11298 = CARTESIAN_POINT('',(-0.,-5.000000000001E-02));
#11299 = VECTOR('',#11300,1.);
#11300 = DIRECTION('',(-1.,-0.));
#11301 = ( GEOMETRIC_REPRESENTATION_CONTEXT(2) 
PARAMETRIC_REPRESENTATION_CONTEXT() REPRESENTATION_CONTEXT('2D SPACE',''
  ) );
#11302 = ADVANCED_FACE('',(#11303),#11000,.T.);
#11303 = FACE_BOUND('',#11304,.T.);
#11304 = EDGE_LOOP('',(#11305,#11328,#11329,#11330));
#11305 = ORIENTED_EDGE('',*,*,#11306,.F.);
#11306 = EDGE_CURVE('',#10957,#11307,#11309,.T.);
#11307 = VERTEX_POINT('',#11308);
#11308 = CARTESIAN_POINT('',(380.,145.,280.));
#11309 = SURFACE_CURVE('',#11310,(#11314,#11321),.PCURVE_S1.);
#11310 = LINE('',#11311,#11312);
#11311 = CARTESIAN_POINT('',(20.,145.,280.));
#11312 = VECTOR('',#11313,1.);
#11313 = DIRECTION('',(1.,0.,0.));
#11314 = PCURVE('',#11000,#11315);
#11315 = DEFINITIONAL_REPRESENTATION('',(#11316),#11320);
#11316 = LINE('',#11317,#11318);
#11317 = CARTESIAN_POINT('',(0.,0.));
#11318 = VECTOR('',#11319,1.);
#11319 = DIRECTION('',(0.,1.));
#11320 = ( GEOMETRIC_REPRESENTATION_CONTEXT(2) 
PARAMETRIC_REPRESENTATION_CONTEXT() REPRESENTATION_CONTEXT('2D SPACE',''
  ) );
#11321 = PCURVE('',#10972,#11322);
#11322 = DEFINITIONAL_REPRESENTATION('',(#11323),#11327);
#11323 = LINE('',#11324,#11325);
#11324 = CARTESIAN_POINT('',(0.,145.));
#11325 = VECTOR('',#11326,1.);
#11326 = DIRECTION('',(1.,0.));
#11327 = ( GEOMETRIC_REPRESENTATION_CONTEXT(2) 
PARAMETRIC_REPRESENTATION_CONTEXT() REPRESENTATION_CONTEXT('2D SPACE',''
  ) );
#11328 = ORIENTED_EDGE('',*,*,#10984,.T.);
#11329 = ORIENTED_EDGE('',*,*,#11142,.T.);
#11330 = ORIENTED_EDGE('',*,*,#11331,.F.);
#11331 = EDGE_CURVE('',#11307,#11120,#11332,.T.);
#11332 = SURFACE_CURVE('',#11333,(#11337,#11344),.PCURVE_S1.);
#11333 = LINE('',#11334,#11335);
#11334 = CARTESIAN_POINT('',(380.,145.,280.));
#11335 = VECTOR('',#11336,1.);
#11336 = DIRECTION('',(0.,0.,1.));
#11337 = PCURVE('',#11000,#11338);
#11338 = DEFINITIONAL_REPRESENTATION('',(#11339),#11343);
#11339 = LINE('',#11340,#11341);
#11340 = CARTESIAN_POINT('',(0.,360.));
#11341 = VECTOR('',#11342,1.);
#11342 = DIRECTION('',(1.,0.));
#11343 = ( GEOMETRIC_REPRESENTATION_CONTEXT(2) 
PARAMETRIC_REPRESENTATION_CONTEXT() REPRESENTATION_CONTEXT('2D SPACE',''
  ) );
#11344 = PCURVE('',#11102,#11345);
#11345 = DEFINITIONAL_REPRESENTATION('',(#11346),#11350);
#11346 = LINE('',#11347,#11348);
#11347 = CARTESIAN_POINT('',(0.,-145.));
#11348 = VECTOR('',#11349,1.);
#11349 = DIRECTION('',(1.,0.));
#11350 = ( GEOMETRIC_REPRESENTATION_CONTEXT(2) 
PARAMETRIC_REPRESENTATION_CONTEXT() REPRESENTATION_CONTEXT('2D SPACE',''
  ) );
#11351 = ADVANCED_FACE('',(#11352,#11378,#11409,#11440,#11471),#10972,
  .F.);
#11352 = FACE_BOUND('',#11353,.F.);
#11353 = EDGE_LOOP('',(#11354,#11355,#11356,#11377));
#11354 = ORIENTED_EDGE('',*,*,#10956,.F.);
#11355 = ORIENTED_EDGE('',*,*,#11041,.T.);
#11356 = ORIENTED_EDGE('',*,*,#11357,.T.);
#11357 = EDGE_CURVE('',#11042,#11307,#11358,.T.);
#11358 = SURFACE_CURVE('',#11359,(#11363,#11370),.PCURVE_S1.);
#11359 = LINE('',#11360,#11361);
#11360 = CARTESIAN_POINT('',(380.,0.,280.));
#11361 = VECTOR('',#11362,1.);
#11362 = DIRECTION('',(0.,1.,0.));
#11363 = PCURVE('',#10972,#11364);
#11364 = DEFINITIONAL_REPRESENTATION('',(#11365),#11369);
#11365 = LINE('',#11366,#11367);
#11366 = CARTESIAN_POINT('',(360.,0.));
#11367 = VECTOR('',#11368,1.);
#11368 = DIRECTION('',(0.,1.));
#11369 = ( GEOMETRIC_REPRESENTATION_CONTEXT(2) 
PARAMETRIC_REPRESENTATION_CONTEXT() REPRESENTATION_CONTEXT('2D SPACE',''
  ) );
#11370 = PCURVE('',#11102,#11371);
#11371 = DEFINITIONAL_REPRESENTATION('',(#11372),#11376);
#11372 = LINE('',#11373,#11374);
#11373 = CARTESIAN_POINT('',(0.,0.));
#11374 = VECTOR('',#11375,1.);
#11375 = DIRECTION('',(0.,-1.));
#11376 = ( GEOMETRIC_REPRESENTATION_CONTEXT(2) 
PARAMETRIC_REPRESENTATION_CONTEXT() REPRESENTATION_CONTEXT('2D SPACE',''
  ) );
#11377 = ORIENTED_EDGE('',*,*,#11306,.F.);
#11378 = FACE_BOUND('',#11379,.F.);
#11379 = EDGE_LOOP('',(#11380));
#11380 = ORIENTED_EDGE('',*,*,#11381,.F.);
#11381 = EDGE_CURVE('',#11382,#11382,#11384,.T.);
#11382 = VERTEX_POINT('',#11383);
#11383 = CARTESIAN_POINT('',(41.5,28.,280.));
#11384 = SURFACE_CURVE('',#11385,(#11390,#11397),.PCURVE_S1.);
#11385 = CIRCLE('',#11386,1.5);
#11386 = AXIS2_PLACEMENT_3D('',#11387,#11388,#11389);
#11387 = CARTESIAN_POINT('',(40.,28.,280.));
#11388 = DIRECTION('',(0.,-0.,1.));
#11389 = DIRECTION('',(1.,0.,0.));
#11390 = PCURVE('',#10972,#11391);
#11391 = DEFINITIONAL_REPRESENTATION('',(#11392),#11396);
#11392 = CIRCLE('',#11393,1.5);
#11393 = AXIS2_PLACEMENT_2D('',#11394,#11395);
#11394 = CARTESIAN_POINT('',(20.,28.));
#11395 = DIRECTION('',(1.,0.));
#11396 = ( GEOMETRIC_REPRESENTATION_CONTEXT(2) 
PARAMETRIC_REPRESENTATION_CONTEXT() REPRESENTATION_CONTEXT('2D SPACE',''
  ) );
#11397 = PCURVE('',#11398,#11403);
#11398 = CYLINDRICAL_SURFACE('',#11399,1.5);
#11399 = AXIS2_PLACEMENT_3D('',#11400,#11401,#11402);
#11400 = CARTESIAN_POINT('',(40.,28.,300.05));
#11401 = DIRECTION('',(-0.,-0.,1.));
#11402 = DIRECTION('',(1.,0.,0.));
#11403 = DEFINITIONAL_REPRESENTATION('',(#11404),#11408);
#11404 = LINE('',#11405,#11406);
#11405 = CARTESIAN_POINT('',(-6.28318530718,-20.05));
#11406 = VECTOR('',#11407,1.);
#11407 = DIRECTION('',(1.,-0.));
#11408 = ( GEOMETRIC_REPRESENTATION_CONTEXT(2) 
PARAMETRIC_REPRESENTATION_CONTEXT() REPRESENTATION_CONTEXT('2D SPACE',''
  ) );
#11409 = FACE_BOUND('',#11410,.F.);
#11410 = EDGE_LOOP('',(#11411));
#11411 = ORIENTED_EDGE('',*,*,#11412,.F.);
#11412 = EDGE_CURVE('',#11413,#11413,#11415,.T.);
#11413 = VERTEX_POINT('',#11414);
#11414 = CARTESIAN_POINT('',(361.5,28.,280.));
#11415 = SURFACE_CURVE('',#11416,(#11421,#11428),.PCURVE_S1.);
#11416 = CIRCLE('',#11417,1.5);
#11417 = AXIS2_PLACEMENT_3D('',#11418,#11419,#11420);
#11418 = CARTESIAN_POINT('',(360.,28.,280.));
#11419 = DIRECTION('',(0.,-0.,1.));
#11420 = DIRECTION('',(1.,0.,0.));
#11421 = PCURVE('',#10972,#11422);
#11422 = DEFINITIONAL_REPRESENTATION('',(#11423),#11427);
#11423 = CIRCLE('',#11424,1.5);
#11424 = AXIS2_PLACEMENT_2D('',#11425,#11426);
#11425 = CARTESIAN_POINT('',(340.,28.));
#11426 = DIRECTION('',(1.,0.));
#11427 = ( GEOMETRIC_REPRESENTATION_CONTEXT(2) 
PARAMETRIC_REPRESENTATION_CONTEXT() REPRESENTATION_CONTEXT('2D SPACE',''
  ) );
#11428 = PCURVE('',#11429,#11434);
#11429 = CYLINDRICAL_SURFACE('',#11430,1.5);
#11430 = AXIS2_PLACEMENT_3D('',#11431,#11432,#11433);
#11431 = CARTESIAN_POINT('',(360.,28.,300.05));
#11432 = DIRECTION('',(-0.,-0.,1.));
#11433 = DIRECTION('',(1.,0.,0.));
#11434 = DEFINITIONAL_REPRESENTATION('',(#11435),#11439);
#11435 = LINE('',#11436,#11437);
#11436 = CARTESIAN_POINT('',(-6.28318530718,-20.05));
#11437 = VECTOR('',#11438,1.);
#11438 = DIRECTION('',(1.,-0.));
#11439 = ( GEOMETRIC_REPRESENTATION_CONTEXT(2) 
PARAMETRIC_REPRESENTATION_CONTEXT() REPRESENTATION_CONTEXT('2D SPACE',''
  ) );
#11440 = FACE_BOUND('',#11441,.F.);
#11441 = EDGE_LOOP('',(#11442));
#11442 = ORIENTED_EDGE('',*,*,#11443,.F.);
#11443 = EDGE_CURVE('',#11444,#11444,#11446,.T.);
#11444 = VERTEX_POINT('',#11445);
#11445 = CARTESIAN_POINT('',(41.5,117.,280.));
#11446 = SURFACE_CURVE('',#11447,(#11452,#11459),.PCURVE_S1.);
#11447 = CIRCLE('',#11448,1.5);
#11448 = AXIS2_PLACEMENT_3D('',#11449,#11450,#11451);
#11449 = CARTESIAN_POINT('',(40.,117.,280.));
#11450 = DIRECTION('',(0.,-0.,1.));
#11451 = DIRECTION('',(1.,0.,0.));
#11452 = PCURVE('',#10972,#11453);
#11453 = DEFINITIONAL_REPRESENTATION('',(#11454),#11458);
#11454 = CIRCLE('',#11455,1.5);
#11455 = AXIS2_PLACEMENT_2D('',#11456,#11457);
#11456 = CARTESIAN_POINT('',(20.,117.));
#11457 = DIRECTION('',(1.,0.));
#11458 = ( GEOMETRIC_REPRESENTATION_CONTEXT(2) 
PARAMETRIC_REPRESENTATION_CONTEXT() REPRESENTATION_CONTEXT('2D SPACE',''
  ) );
#11459 = PCURVE('',#11460,#11465);
#11460 = CYLINDRICAL_SURFACE('',#11461,1.5);
#11461 = AXIS2_PLACEMENT_3D('',#11462,#11463,#11464);
#11462 = CARTESIAN_POINT('',(40.,117.,300.05));
#11463 = DIRECTION('',(-0.,-0.,1.));
#11464 = DIRECTION('',(1.,0.,0.));
#11465 = DEFINITIONAL_REPRESENTATION('',(#11466),#11470);
#11466 = LINE('',#11467,#11468);
#11467 = CARTESIAN_POINT('',(-6.28318530718,-20.05));
#11468 = VECTOR('',#11469,1.);
#11469 = DIRECTION('',(1.,-0.));
#11470 = ( GEOMETRIC_REPRESENTATION_CONTEXT(2) 
PARAMETRIC_REPRESENTATION_CONTEXT() REPRESENTATION_CONTEXT('2D SPACE',''
  ) );
#11471 = FACE_BOUND('',#11472,.F.);
#11472 = EDGE_LOOP('',(#11473));
#11473 = ORIENTED_EDGE('',*,*,#11474,.F.);
#11474 = EDGE_CURVE('',#11475,#11475,#11477,.T.);
#11475 = VERTEX_POINT('',#11476);
#11476 = CARTESIAN_POINT('',(361.5,117.,280.));
#11477 = SURFACE_CURVE('',#11478,(#11483,#11490),.PCURVE_S1.);
#11478 = CIRCLE('',#11479,1.5);
#11479 = AXIS2_PLACEMENT_3D('',#11480,#11481,#11482);
#11480 = CARTESIAN_POINT('',(360.,117.,280.));
#11481 = DIRECTION('',(0.,-0.,1.));
#11482 = DIRECTION('',(1.,0.,0.));
#11483 = PCURVE('',#10972,#11484);
#11484 = DEFINITIONAL_REPRESENTATION('',(#11485),#11489);
#11485 = CIRCLE('',#11486,1.5);
#11486 = AXIS2_PLACEMENT_2D('',#11487,#11488);
#11487 = CARTESIAN_POINT('',(340.,117.));
#11488 = DIRECTION('',(1.,0.));
#11489 = ( GEOMETRIC_REPRESENTATION_CONTEXT(2) 
PARAMETRIC_REPRESENTATION_CONTEXT() REPRESENTATION_CONTEXT('2D SPACE',''
  ) );
#11490 = PCURVE('',#11491,#11496);
#11491 = CYLINDRICAL_SURFACE('',#11492,1.5);
#11492 = AXIS2_PLACEMENT_3D('',#11493,#11494,#11495);
#11493 = CARTESIAN_POINT('',(360.,117.,300.05));
#11494 = DIRECTION('',(-0.,-0.,1.));
#11495 = DIRECTION('',(1.,0.,0.));
#11496 = DEFINITIONAL_REPRESENTATION('',(#11497),#11501);
#11497 = LINE('',#11498,#11499);
#11498 = CARTESIAN_POINT('',(-6.28318530718,-20.05));
#11499 = VECTOR('',#11500,1.);
#11500 = DIRECTION('',(1.,-0.));
#11501 = ( GEOMETRIC_REPRESENTATION_CONTEXT(2) 
PARAMETRIC_REPRESENTATION_CONTEXT() REPRESENTATION_CONTEXT('2D SPACE',''
  ) );
#11502 = ADVANCED_FACE('',(#11503),#11102,.T.);
#11503 = FACE_BOUND('',#11504,.T.);
#11504 = EDGE_LOOP('',(#11505,#11506,#11507,#11508));
#11505 = ORIENTED_EDGE('',*,*,#11088,.F.);
#11506 = ORIENTED_EDGE('',*,*,#11357,.T.);
#11507 = ORIENTED_EDGE('',*,*,#11331,.T.);
#11508 = ORIENTED_EDGE('',*,*,#11119,.F.);
#11509 = ADVANCED_FACE('',(#11510),#11186,.F.);
#11510 = FACE_BOUND('',#11511,.F.);
#11511 = EDGE_LOOP('',(#11512,#11513,#11536,#11560,#11582));
#11512 = ORIENTED_EDGE('',*,*,#11165,.T.);
#11513 = ORIENTED_EDGE('',*,*,#11514,.T.);
#11514 = EDGE_CURVE('',#11166,#11515,#11517,.T.);
#11515 = VERTEX_POINT('',#11516);
#11516 = CARTESIAN_POINT('',(38.5,28.,297.15));
#11517 = SEAM_CURVE('',#11518,(#11522,#11529),.PCURVE_S1.);
#11518 = LINE('',#11519,#11520);
#11519 = CARTESIAN_POINT('',(35.6,28.,300.05));
#11520 = VECTOR('',#11521,1.);
#11521 = DIRECTION('',(0.707106781187,1.731912112471E-16,-0.707106781187
    ));
#11522 = PCURVE('',#11186,#11523);
#11523 = DEFINITIONAL_REPRESENTATION('',(#11524),#11528);
#11524 = LINE('',#11525,#11526);
#11525 = CARTESIAN_POINT('',(0.,-0.));
#11526 = VECTOR('',#11527,1.);
#11527 = DIRECTION('',(-0.,-1.));
#11528 = ( GEOMETRIC_REPRESENTATION_CONTEXT(2) 
PARAMETRIC_REPRESENTATION_CONTEXT() REPRESENTATION_CONTEXT('2D SPACE',''
  ) );
#11529 = PCURVE('',#11186,#11530);
#11530 = DEFINITIONAL_REPRESENTATION('',(#11531),#11535);
#11531 = LINE('',#11532,#11533);
#11532 = CARTESIAN_POINT('',(-6.28318530718,0.));
#11533 = VECTOR('',#11534,1.);
#11534 = DIRECTION('',(-0.,-1.));
#11535 = ( GEOMETRIC_REPRESENTATION_CONTEXT(2) 
PARAMETRIC_REPRESENTATION_CONTEXT() REPRESENTATION_CONTEXT('2D SPACE',''
  ) );
#11536 = ORIENTED_EDGE('',*,*,#11537,.F.);
#11537 = EDGE_CURVE('',#11538,#11515,#11540,.T.);
#11538 = VERTEX_POINT('',#11539);
#11539 = CARTESIAN_POINT('',(41.5,28.,297.15));
#11540 = SURFACE_CURVE('',#11541,(#11546,#11553),.PCURVE_S1.);
#11541 = CIRCLE('',#11542,1.5);
#11542 = AXIS2_PLACEMENT_3D('',#11543,#11544,#11545);
#11543 = CARTESIAN_POINT('',(40.,28.,297.15));
#11544 = DIRECTION('',(0.,0.,-1.));
#11545 = DIRECTION('',(-1.,0.,-0.));
#11546 = PCURVE('',#11186,#11547);
#11547 = DEFINITIONAL_REPRESENTATION('',(#11548),#11552);
#11548 = LINE('',#11549,#11550);
#11549 = CARTESIAN_POINT('',(-0.,-2.9));
#11550 = VECTOR('',#11551,1.);
#11551 = DIRECTION('',(-1.,-0.));
#11552 = ( GEOMETRIC_REPRESENTATION_CONTEXT(2) 
PARAMETRIC_REPRESENTATION_CONTEXT() REPRESENTATION_CONTEXT('2D SPACE',''
  ) );
#11553 = PCURVE('',#11398,#11554);
#11554 = DEFINITIONAL_REPRESENTATION('',(#11555),#11559);
#11555 = LINE('',#11556,#11557);
#11556 = CARTESIAN_POINT('',(3.14159265359,-2.9));
#11557 = VECTOR('',#11558,1.);
#11558 = DIRECTION('',(-1.,0.));
#11559 = ( GEOMETRIC_REPRESENTATION_CONTEXT(2) 
PARAMETRIC_REPRESENTATION_CONTEXT() REPRESENTATION_CONTEXT('2D SPACE',''
  ) );
#11560 = ORIENTED_EDGE('',*,*,#11561,.F.);
#11561 = EDGE_CURVE('',#11515,#11538,#11562,.T.);
#11562 = SURFACE_CURVE('',#11563,(#11568,#11575),.PCURVE_S1.);
#11563 = CIRCLE('',#11564,1.5);
#11564 = AXIS2_PLACEMENT_3D('',#11565,#11566,#11567);
#11565 = CARTESIAN_POINT('',(40.,28.,297.15));
#11566 = DIRECTION('',(0.,0.,-1.));
#11567 = DIRECTION('',(-1.,0.,-0.));
#11568 = PCURVE('',#11186,#11569);
#11569 = DEFINITIONAL_REPRESENTATION('',(#11570),#11574);
#11570 = LINE('',#11571,#11572);
#11571 = CARTESIAN_POINT('',(-0.,-2.9));
#11572 = VECTOR('',#11573,1.);
#11573 = DIRECTION('',(-1.,-0.));
#11574 = ( GEOMETRIC_REPRESENTATION_CONTEXT(2) 
PARAMETRIC_REPRESENTATION_CONTEXT() REPRESENTATION_CONTEXT('2D SPACE',''
  ) );
#11575 = PCURVE('',#11398,#11576);
#11576 = DEFINITIONAL_REPRESENTATION('',(#11577),#11581);
#11577 = LINE('',#11578,#11579);
#11578 = CARTESIAN_POINT('',(-3.14159265359,-2.9));
#11579 = VECTOR('',#11580,1.);
#11580 = DIRECTION('',(-1.,0.));
#11581 = ( GEOMETRIC_REPRESENTATION_CONTEXT(2) 
PARAMETRIC_REPRESENTATION_CONTEXT() REPRESENTATION_CONTEXT('2D SPACE',''
  ) );
#11582 = ORIENTED_EDGE('',*,*,#11514,.F.);
#11583 = ADVANCED_FACE('',(#11584),#11221,.F.);
#11584 = FACE_BOUND('',#11585,.F.);
#11585 = EDGE_LOOP('',(#11586,#11587,#11610,#11634,#11656));
#11586 = ORIENTED_EDGE('',*,*,#11200,.T.);
#11587 = ORIENTED_EDGE('',*,*,#11588,.T.);
#11588 = EDGE_CURVE('',#11201,#11589,#11591,.T.);
#11589 = VERTEX_POINT('',#11590);
#11590 = CARTESIAN_POINT('',(358.5,28.,297.15));
#11591 = SEAM_CURVE('',#11592,(#11596,#11603),.PCURVE_S1.);
#11592 = LINE('',#11593,#11594);
#11593 = CARTESIAN_POINT('',(355.6,28.,300.05));
#11594 = VECTOR('',#11595,1.);
#11595 = DIRECTION('',(0.707106781187,1.731912112471E-16,-0.707106781187
    ));
#11596 = PCURVE('',#11221,#11597);
#11597 = DEFINITIONAL_REPRESENTATION('',(#11598),#11602);
#11598 = LINE('',#11599,#11600);
#11599 = CARTESIAN_POINT('',(0.,-0.));
#11600 = VECTOR('',#11601,1.);
#11601 = DIRECTION('',(-0.,-1.));
#11602 = ( GEOMETRIC_REPRESENTATION_CONTEXT(2) 
PARAMETRIC_REPRESENTATION_CONTEXT() REPRESENTATION_CONTEXT('2D SPACE',''
  ) );
#11603 = PCURVE('',#11221,#11604);
#11604 = DEFINITIONAL_REPRESENTATION('',(#11605),#11609);
#11605 = LINE('',#11606,#11607);
#11606 = CARTESIAN_POINT('',(-6.28318530718,0.));
#11607 = VECTOR('',#11608,1.);
#11608 = DIRECTION('',(-0.,-1.));
#11609 = ( GEOMETRIC_REPRESENTATION_CONTEXT(2) 
PARAMETRIC_REPRESENTATION_CONTEXT() REPRESENTATION_CONTEXT('2D SPACE',''
  ) );
#11610 = ORIENTED_EDGE('',*,*,#11611,.F.);
#11611 = EDGE_CURVE('',#11612,#11589,#11614,.T.);
#11612 = VERTEX_POINT('',#11613);
#11613 = CARTESIAN_POINT('',(361.5,28.,297.15));
#11614 = SURFACE_CURVE('',#11615,(#11620,#11627),.PCURVE_S1.);
#11615 = CIRCLE('',#11616,1.5);
#11616 = AXIS2_PLACEMENT_3D('',#11617,#11618,#11619);
#11617 = CARTESIAN_POINT('',(360.,28.,297.15));
#11618 = DIRECTION('',(0.,0.,-1.));
#11619 = DIRECTION('',(-1.,0.,-0.));
#11620 = PCURVE('',#11221,#11621);
#11621 = DEFINITIONAL_REPRESENTATION('',(#11622),#11626);
#11622 = LINE('',#11623,#11624);
#11623 = CARTESIAN_POINT('',(-0.,-2.9));
#11624 = VECTOR('',#11625,1.);
#11625 = DIRECTION('',(-1.,-0.));
#11626 = ( GEOMETRIC_REPRESENTATION_CONTEXT(2) 
PARAMETRIC_REPRESENTATION_CONTEXT() REPRESENTATION_CONTEXT('2D SPACE',''
  ) );
#11627 = PCURVE('',#11429,#11628);
#11628 = DEFINITIONAL_REPRESENTATION('',(#11629),#11633);
#11629 = LINE('',#11630,#11631);
#11630 = CARTESIAN_POINT('',(3.14159265359,-2.9));
#11631 = VECTOR('',#11632,1.);
#11632 = DIRECTION('',(-1.,0.));
#11633 = ( GEOMETRIC_REPRESENTATION_CONTEXT(2) 
PARAMETRIC_REPRESENTATION_CONTEXT() REPRESENTATION_CONTEXT('2D SPACE',''
  ) );
#11634 = ORIENTED_EDGE('',*,*,#11635,.F.);
#11635 = EDGE_CURVE('',#11589,#11612,#11636,.T.);
#11636 = SURFACE_CURVE('',#11637,(#11642,#11649),.PCURVE_S1.);
#11637 = CIRCLE('',#11638,1.5);
#11638 = AXIS2_PLACEMENT_3D('',#11639,#11640,#11641);
#11639 = CARTESIAN_POINT('',(360.,28.,297.15));
#11640 = DIRECTION('',(0.,0.,-1.));
#11641 = DIRECTION('',(-1.,0.,-0.));
#11642 = PCURVE('',#11221,#11643);
#11643 = DEFINITIONAL_REPRESENTATION('',(#11644),#11648);
#11644 = LINE('',#11645,#11646);
#11645 = CARTESIAN_POINT('',(-0.,-2.9));
#11646 = VECTOR('',#11647,1.);
#11647 = DIRECTION('',(-1.,-0.));
#11648 = ( GEOMETRIC_REPRESENTATION_CONTEXT(2) 
PARAMETRIC_REPRESENTATION_CONTEXT() REPRESENTATION_CONTEXT('2D SPACE',''
  ) );
#11649 = PCURVE('',#11429,#11650);
#11650 = DEFINITIONAL_REPRESENTATION('',(#11651),#11655);
#11651 = LINE('',#11652,#11653);
#11652 = CARTESIAN_POINT('',(-3.14159265359,-2.9));
#11653 = VECTOR('',#11654,1.);
#11654 = DIRECTION('',(-1.,0.));
#11655 = ( GEOMETRIC_REPRESENTATION_CONTEXT(2) 
PARAMETRIC_REPRESENTATION_CONTEXT() REPRESENTATION_CONTEXT('2D SPACE',''
  ) );
#11656 = ORIENTED_EDGE('',*,*,#11588,.F.);
#11657 = ADVANCED_FACE('',(#11658),#11256,.F.);
#11658 = FACE_BOUND('',#11659,.F.);
#11659 = EDGE_LOOP('',(#11660,#11661,#11684,#11708,#11730));
#11660 = ORIENTED_EDGE('',*,*,#11235,.T.);
#11661 = ORIENTED_EDGE('',*,*,#11662,.T.);
#11662 = EDGE_CURVE('',#11236,#11663,#11665,.T.);
#11663 = VERTEX_POINT('',#11664);
#11664 = CARTESIAN_POINT('',(38.5,117.,297.15));
#11665 = SEAM_CURVE('',#11666,(#11670,#11677),.PCURVE_S1.);
#11666 = LINE('',#11667,#11668);
#11667 = CARTESIAN_POINT('',(35.6,117.,300.05));
#11668 = VECTOR('',#11669,1.);
#11669 = DIRECTION('',(0.707106781187,1.731912112471E-16,-0.707106781187
    ));
#11670 = PCURVE('',#11256,#11671);
#11671 = DEFINITIONAL_REPRESENTATION('',(#11672),#11676);
#11672 = LINE('',#11673,#11674);
#11673 = CARTESIAN_POINT('',(0.,-0.));
#11674 = VECTOR('',#11675,1.);
#11675 = DIRECTION('',(-0.,-1.));
#11676 = ( GEOMETRIC_REPRESENTATION_CONTEXT(2) 
PARAMETRIC_REPRESENTATION_CONTEXT() REPRESENTATION_CONTEXT('2D SPACE',''
  ) );
#11677 = PCURVE('',#11256,#11678);
#11678 = DEFINITIONAL_REPRESENTATION('',(#11679),#11683);
#11679 = LINE('',#11680,#11681);
#11680 = CARTESIAN_POINT('',(-6.28318530718,0.));
#11681 = VECTOR('',#11682,1.);
#11682 = DIRECTION('',(-0.,-1.));
#11683 = ( GEOMETRIC_REPRESENTATION_CONTEXT(2) 
PARAMETRIC_REPRESENTATION_CONTEXT() REPRESENTATION_CONTEXT('2D SPACE',''
  ) );
#11684 = ORIENTED_EDGE('',*,*,#11685,.F.);
#11685 = EDGE_CURVE('',#11686,#11663,#11688,.T.);
#11686 = VERTEX_POINT('',#11687);
#11687 = CARTESIAN_POINT('',(41.5,117.,297.15));
#11688 = SURFACE_CURVE('',#11689,(#11694,#11701),.PCURVE_S1.);
#11689 = CIRCLE('',#11690,1.5);
#11690 = AXIS2_PLACEMENT_3D('',#11691,#11692,#11693);
#11691 = CARTESIAN_POINT('',(40.,117.,297.15));
#11692 = DIRECTION('',(0.,0.,-1.));
#11693 = DIRECTION('',(-1.,0.,-0.));
#11694 = PCURVE('',#11256,#11695);
#11695 = DEFINITIONAL_REPRESENTATION('',(#11696),#11700);
#11696 = LINE('',#11697,#11698);
#11697 = CARTESIAN_POINT('',(-0.,-2.9));
#11698 = VECTOR('',#11699,1.);
#11699 = DIRECTION('',(-1.,-0.));
#11700 = ( GEOMETRIC_REPRESENTATION_CONTEXT(2) 
PARAMETRIC_REPRESENTATION_CONTEXT() REPRESENTATION_CONTEXT('2D SPACE',''
  ) );
#11701 = PCURVE('',#11460,#11702);
#11702 = DEFINITIONAL_REPRESENTATION('',(#11703),#11707);
#11703 = LINE('',#11704,#11705);
#11704 = CARTESIAN_POINT('',(3.14159265359,-2.9));
#11705 = VECTOR('',#11706,1.);
#11706 = DIRECTION('',(-1.,0.));
#11707 = ( GEOMETRIC_REPRESENTATION_CONTEXT(2) 
PARAMETRIC_REPRESENTATION_CONTEXT() REPRESENTATION_CONTEXT('2D SPACE',''
  ) );
#11708 = ORIENTED_EDGE('',*,*,#11709,.F.);
#11709 = EDGE_CURVE('',#11663,#11686,#11710,.T.);
#11710 = SURFACE_CURVE('',#11711,(#11716,#11723),.PCURVE_S1.);
#11711 = CIRCLE('',#11712,1.5);
#11712 = AXIS2_PLACEMENT_3D('',#11713,#11714,#11715);
#11713 = CARTESIAN_POINT('',(40.,117.,297.15));
#11714 = DIRECTION('',(0.,0.,-1.));
#11715 = DIRECTION('',(-1.,0.,-0.));
#11716 = PCURVE('',#11256,#11717);
#11717 = DEFINITIONAL_REPRESENTATION('',(#11718),#11722);
#11718 = LINE('',#11719,#11720);
#11719 = CARTESIAN_POINT('',(-0.,-2.9));
#11720 = VECTOR('',#11721,1.);
#11721 = DIRECTION('',(-1.,-0.));
#11722 = ( GEOMETRIC_REPRESENTATION_CONTEXT(2) 
PARAMETRIC_REPRESENTATION_CONTEXT() REPRESENTATION_CONTEXT('2D SPACE',''
  ) );
#11723 = PCURVE('',#11460,#11724);
#11724 = DEFINITIONAL_REPRESENTATION('',(#11725),#11729);
#11725 = LINE('',#11726,#11727);
#11726 = CARTESIAN_POINT('',(-3.14159265359,-2.9));
#11727 = VECTOR('',#11728,1.);
#11728 = DIRECTION('',(-1.,0.));
#11729 = ( GEOMETRIC_REPRESENTATION_CONTEXT(2) 
PARAMETRIC_REPRESENTATION_CONTEXT() REPRESENTATION_CONTEXT('2D SPACE',''
  ) );
#11730 = ORIENTED_EDGE('',*,*,#11662,.F.);
#11731 = ADVANCED_FACE('',(#11732),#11291,.F.);
#11732 = FACE_BOUND('',#11733,.F.);
#11733 = EDGE_LOOP('',(#11734,#11735,#11758,#11782,#11804));
#11734 = ORIENTED_EDGE('',*,*,#11270,.T.);
#11735 = ORIENTED_EDGE('',*,*,#11736,.T.);
#11736 = EDGE_CURVE('',#11271,#11737,#11739,.T.);
#11737 = VERTEX_POINT('',#11738);
#11738 = CARTESIAN_POINT('',(358.5,117.,297.15));
#11739 = SEAM_CURVE('',#11740,(#11744,#11751),.PCURVE_S1.);
#11740 = LINE('',#11741,#11742);
#11741 = CARTESIAN_POINT('',(355.6,117.,300.05));
#11742 = VECTOR('',#11743,1.);
#11743 = DIRECTION('',(0.707106781187,1.731912112471E-16,-0.707106781187
    ));
#11744 = PCURVE('',#11291,#11745);
#11745 = DEFINITIONAL_REPRESENTATION('',(#11746),#11750);
#11746 = LINE('',#11747,#11748);
#11747 = CARTESIAN_POINT('',(0.,-0.));
#11748 = VECTOR('',#11749,1.);
#11749 = DIRECTION('',(-0.,-1.));
#11750 = ( GEOMETRIC_REPRESENTATION_CONTEXT(2) 
PARAMETRIC_REPRESENTATION_CONTEXT() REPRESENTATION_CONTEXT('2D SPACE',''
  ) );
#11751 = PCURVE('',#11291,#11752);
#11752 = DEFINITIONAL_REPRESENTATION('',(#11753),#11757);
#11753 = LINE('',#11754,#11755);
#11754 = CARTESIAN_POINT('',(-6.28318530718,0.));
#11755 = VECTOR('',#11756,1.);
#11756 = DIRECTION('',(-0.,-1.));
#11757 = ( GEOMETRIC_REPRESENTATION_CONTEXT(2) 
PARAMETRIC_REPRESENTATION_CONTEXT() REPRESENTATION_CONTEXT('2D SPACE',''
  ) );
#11758 = ORIENTED_EDGE('',*,*,#11759,.F.);
#11759 = EDGE_CURVE('',#11760,#11737,#11762,.T.);
#11760 = VERTEX_POINT('',#11761);
#11761 = CARTESIAN_POINT('',(361.5,117.,297.15));
#11762 = SURFACE_CURVE('',#11763,(#11768,#11775),.PCURVE_S1.);
#11763 = CIRCLE('',#11764,1.5);
#11764 = AXIS2_PLACEMENT_3D('',#11765,#11766,#11767);
#11765 = CARTESIAN_POINT('',(360.,117.,297.15));
#11766 = DIRECTION('',(0.,0.,-1.));
#11767 = DIRECTION('',(-1.,0.,-0.));
#11768 = PCURVE('',#11291,#11769);
#11769 = DEFINITIONAL_REPRESENTATION('',(#11770),#11774);
#11770 = LINE('',#11771,#11772);
#11771 = CARTESIAN_POINT('',(-0.,-2.9));
#11772 = VECTOR('',#11773,1.);
#11773 = DIRECTION('',(-1.,-0.));
#11774 = ( GEOMETRIC_REPRESENTATION_CONTEXT(2) 
PARAMETRIC_REPRESENTATION_CONTEXT() REPRESENTATION_CONTEXT('2D SPACE',''
  ) );
#11775 = PCURVE('',#11491,#11776);
#11776 = DEFINITIONAL_REPRESENTATION('',(#11777),#11781);
#11777 = LINE('',#11778,#11779);
#11778 = CARTESIAN_POINT('',(3.14159265359,-2.9));
#11779 = VECTOR('',#11780,1.);
#11780 = DIRECTION('',(-1.,0.));
#11781 = ( GEOMETRIC_REPRESENTATION_CONTEXT(2) 
PARAMETRIC_REPRESENTATION_CONTEXT() REPRESENTATION_CONTEXT('2D SPACE',''
  ) );
#11782 = ORIENTED_EDGE('',*,*,#11783,.F.);
#11783 = EDGE_CURVE('',#11737,#11760,#11784,.T.);
#11784 = SURFACE_CURVE('',#11785,(#11790,#11797),.PCURVE_S1.);
#11785 = CIRCLE('',#11786,1.5);
#11786 = AXIS2_PLACEMENT_3D('',#11787,#11788,#11789);
#11787 = CARTESIAN_POINT('',(360.,117.,297.15));
#11788 = DIRECTION('',(0.,0.,-1.));
#11789 = DIRECTION('',(-1.,0.,-0.));
#11790 = PCURVE('',#11291,#11791);
#11791 = DEFINITIONAL_REPRESENTATION('',(#11792),#11796);
#11792 = LINE('',#11793,#11794);
#11793 = CARTESIAN_POINT('',(-0.,-2.9));
#11794 = VECTOR('',#11795,1.);
#11795 = DIRECTION('',(-1.,-0.));
#11796 = ( GEOMETRIC_REPRESENTATION_CONTEXT(2) 
PARAMETRIC_REPRESENTATION_CONTEXT() REPRESENTATION_CONTEXT('2D SPACE',''
  ) );
#11797 = PCURVE('',#11491,#11798);
#11798 = DEFINITIONAL_REPRESENTATION('',(#11799),#11803);
#11799 = LINE('',#11800,#11801);
#11800 = CARTESIAN_POINT('',(-3.14159265359,-2.9));
#11801 = VECTOR('',#11802,1.);
#11802 = DIRECTION('',(-1.,0.));
#11803 = ( GEOMETRIC_REPRESENTATION_CONTEXT(2) 
PARAMETRIC_REPRESENTATION_CONTEXT() REPRESENTATION_CONTEXT('2D SPACE',''
  ) );
#11804 = ORIENTED_EDGE('',*,*,#11736,.F.);
#11805 = ADVANCED_FACE('',(#11806),#11398,.F.);
#11806 = FACE_BOUND('',#11807,.T.);
#11807 = EDGE_LOOP('',(#11808,#11829,#11830,#11831,#11832));
#11808 = ORIENTED_EDGE('',*,*,#11809,.F.);
#11809 = EDGE_CURVE('',#11538,#11382,#11810,.T.);
#11810 = SEAM_CURVE('',#11811,(#11815,#11822),.PCURVE_S1.);
#11811 = LINE('',#11812,#11813);
#11812 = CARTESIAN_POINT('',(41.5,28.,300.05));
#11813 = VECTOR('',#11814,1.);
#11814 = DIRECTION('',(0.,0.,-1.));
#11815 = PCURVE('',#11398,#11816);
#11816 = DEFINITIONAL_REPRESENTATION('',(#11817),#11821);
#11817 = LINE('',#11818,#11819);
#11818 = CARTESIAN_POINT('',(-6.28318530718,0.));
#11819 = VECTOR('',#11820,1.);
#11820 = DIRECTION('',(-0.,-1.));
#11821 = ( GEOMETRIC_REPRESENTATION_CONTEXT(2) 
PARAMETRIC_REPRESENTATION_CONTEXT() REPRESENTATION_CONTEXT('2D SPACE',''
  ) );
#11822 = PCURVE('',#11398,#11823);
#11823 = DEFINITIONAL_REPRESENTATION('',(#11824),#11828);
#11824 = LINE('',#11825,#11826);
#11825 = CARTESIAN_POINT('',(-0.,0.));
#11826 = VECTOR('',#11827,1.);
#11827 = DIRECTION('',(-0.,-1.));
#11828 = ( GEOMETRIC_REPRESENTATION_CONTEXT(2) 
PARAMETRIC_REPRESENTATION_CONTEXT() REPRESENTATION_CONTEXT('2D SPACE',''
  ) );
#11829 = ORIENTED_EDGE('',*,*,#11561,.F.);
#11830 = ORIENTED_EDGE('',*,*,#11537,.F.);
#11831 = ORIENTED_EDGE('',*,*,#11809,.T.);
#11832 = ORIENTED_EDGE('',*,*,#11381,.F.);
#11833 = ADVANCED_FACE('',(#11834),#11429,.F.);
#11834 = FACE_BOUND('',#11835,.T.);
#11835 = EDGE_LOOP('',(#11836,#11857,#11858,#11859,#11860));
#11836 = ORIENTED_EDGE('',*,*,#11837,.F.);
#11837 = EDGE_CURVE('',#11612,#11413,#11838,.T.);
#11838 = SEAM_CURVE('',#11839,(#11843,#11850),.PCURVE_S1.);
#11839 = LINE('',#11840,#11841);
#11840 = CARTESIAN_POINT('',(361.5,28.,300.05));
#11841 = VECTOR('',#11842,1.);
#11842 = DIRECTION('',(0.,0.,-1.));
#11843 = PCURVE('',#11429,#11844);
#11844 = DEFINITIONAL_REPRESENTATION('',(#11845),#11849);
#11845 = LINE('',#11846,#11847);
#11846 = CARTESIAN_POINT('',(-6.28318530718,0.));
#11847 = VECTOR('',#11848,1.);
#11848 = DIRECTION('',(-0.,-1.));
#11849 = ( GEOMETRIC_REPRESENTATION_CONTEXT(2) 
PARAMETRIC_REPRESENTATION_CONTEXT() REPRESENTATION_CONTEXT('2D SPACE',''
  ) );
#11850 = PCURVE('',#11429,#11851);
#11851 = DEFINITIONAL_REPRESENTATION('',(#11852),#11856);
#11852 = LINE('',#11853,#11854);
#11853 = CARTESIAN_POINT('',(-0.,0.));
#11854 = VECTOR('',#11855,1.);
#11855 = DIRECTION('',(-0.,-1.));
#11856 = ( GEOMETRIC_REPRESENTATION_CONTEXT(2) 
PARAMETRIC_REPRESENTATION_CONTEXT() REPRESENTATION_CONTEXT('2D SPACE',''
  ) );
#11857 = ORIENTED_EDGE('',*,*,#11635,.F.);
#11858 = ORIENTED_EDGE('',*,*,#11611,.F.);
#11859 = ORIENTED_EDGE('',*,*,#11837,.T.);
#11860 = ORIENTED_EDGE('',*,*,#11412,.F.);
#11861 = ADVANCED_FACE('',(#11862),#11460,.F.);
#11862 = FACE_BOUND('',#11863,.T.);
#11863 = EDGE_LOOP('',(#11864,#11885,#11886,#11887,#11888));
#11864 = ORIENTED_EDGE('',*,*,#11865,.F.);
#11865 = EDGE_CURVE('',#11686,#11444,#11866,.T.);
#11866 = SEAM_CURVE('',#11867,(#11871,#11878),.PCURVE_S1.);
#11867 = LINE('',#11868,#11869);
#11868 = CARTESIAN_POINT('',(41.5,117.,300.05));
#11869 = VECTOR('',#11870,1.);
#11870 = DIRECTION('',(0.,0.,-1.));
#11871 = PCURVE('',#11460,#11872);
#11872 = DEFINITIONAL_REPRESENTATION('',(#11873),#11877);
#11873 = LINE('',#11874,#11875);
#11874 = CARTESIAN_POINT('',(-6.28318530718,0.));
#11875 = VECTOR('',#11876,1.);
#11876 = DIRECTION('',(-0.,-1.));
#11877 = ( GEOMETRIC_REPRESENTATION_CONTEXT(2) 
PARAMETRIC_REPRESENTATION_CONTEXT() REPRESENTATION_CONTEXT('2D SPACE',''
  ) );
#11878 = PCURVE('',#11460,#11879);
#11879 = DEFINITIONAL_REPRESENTATION('',(#11880),#11884);
#11880 = LINE('',#11881,#11882);
#11881 = CARTESIAN_POINT('',(-0.,0.));
#11882 = VECTOR('',#11883,1.);
#11883 = DIRECTION('',(-0.,-1.));
#11884 = ( GEOMETRIC_REPRESENTATION_CONTEXT(2) 
PARAMETRIC_REPRESENTATION_CONTEXT() REPRESENTATION_CONTEXT('2D SPACE',''
  ) );
#11885 = ORIENTED_EDGE('',*,*,#11709,.F.);
#11886 = ORIENTED_EDGE('',*,*,#11685,.F.);
#11887 = ORIENTED_EDGE('',*,*,#11865,.T.);
#11888 = ORIENTED_EDGE('',*,*,#11443,.F.);
#11889 = ADVANCED_FACE('',(#11890),#11491,.F.);
#11890 = FACE_BOUND('',#11891,.T.);
#11891 = EDGE_LOOP('',(#11892,#11913,#11914,#11915,#11916));
#11892 = ORIENTED_EDGE('',*,*,#11893,.F.);
#11893 = EDGE_CURVE('',#11760,#11475,#11894,.T.);
#11894 = SEAM_CURVE('',#11895,(#11899,#11906),.PCURVE_S1.);
#11895 = LINE('',#11896,#11897);
#11896 = CARTESIAN_POINT('',(361.5,117.,300.05));
#11897 = VECTOR('',#11898,1.);
#11898 = DIRECTION('',(0.,0.,-1.));
#11899 = PCURVE('',#11491,#11900);
#11900 = DEFINITIONAL_REPRESENTATION('',(#11901),#11905);
#11901 = LINE('',#11902,#11903);
#11902 = CARTESIAN_POINT('',(-6.28318530718,0.));
#11903 = VECTOR('',#11904,1.);
#11904 = DIRECTION('',(-0.,-1.));
#11905 = ( GEOMETRIC_REPRESENTATION_CONTEXT(2) 
PARAMETRIC_REPRESENTATION_CONTEXT() REPRESENTATION_CONTEXT('2D SPACE',''
  ) );
#11906 = PCURVE('',#11491,#11907);
#11907 = DEFINITIONAL_REPRESENTATION('',(#11908),#11912);
#11908 = LINE('',#11909,#11910);
#11909 = CARTESIAN_POINT('',(-0.,0.));
#11910 = VECTOR('',#11911,1.);
#11911 = DIRECTION('',(-0.,-1.));
#11912 = ( GEOMETRIC_REPRESENTATION_CONTEXT(2) 
PARAMETRIC_REPRESENTATION_CONTEXT() REPRESENTATION_CONTEXT('2D SPACE',''
  ) );
#11913 = ORIENTED_EDGE('',*,*,#11783,.F.);
#11914 = ORIENTED_EDGE('',*,*,#11759,.F.);
#11915 = ORIENTED_EDGE('',*,*,#11893,.T.);
#11916 = ORIENTED_EDGE('',*,*,#11474,.F.);
#11917 = ( GEOMETRIC_REPRESENTATION_CONTEXT(3) 
GLOBAL_UNCERTAINTY_ASSIGNED_CONTEXT((#11921)) 
GLOBAL_UNIT_ASSIGNED_CONTEXT((#11918,#11919,#11920)) 
REPRESENTATION_CONTEXT('Context #1',
  '3D Context with UNIT and UNCERTAINTY') );
#11918 = ( LENGTH_UNIT() NAMED_UNIT(*) SI_UNIT(.MILLI.,.METRE.) );
#11919 = ( NAMED_UNIT(*) PLANE_ANGLE_UNIT() SI_UNIT($,.RADIAN.) );
#11920 = ( NAMED_UNIT(*) SI_UNIT($,.STERADIAN.) SOLID_ANGLE_UNIT() );
#11921 = UNCERTAINTY_MEASURE_WITH_UNIT(LENGTH_MEASURE(1.E-07),#11918,
  'distance_accuracy_value','confusion accuracy');
#11922 = CONTEXT_DEPENDENT_SHAPE_REPRESENTATION(#11923,#11925);
#11923 = ( REPRESENTATION_RELATIONSHIP('','',#10914,#10) 
REPRESENTATION_RELATIONSHIP_WITH_TRANSFORMATION(#11924) 
SHAPE_REPRESENTATION_RELATIONSHIP() );
#11924 = ITEM_DEFINED_TRANSFORMATION('','',#11,#55);
#11925 = PRODUCT_DEFINITION_SHAPE('Placement','Placement of an item',
  #11926);
#11926 = NEXT_ASSEMBLY_USAGE_OCCURRENCE('23','tread_hi_1','',#5,#10909,$
  );
#11927 = PRODUCT_RELATED_PRODUCT_CATEGORY('part',$,(#10911));
#11928 = SHAPE_DEFINITION_REPRESENTATION(#11929,#11935);
#11929 = PRODUCT_DEFINITION_SHAPE('','',#11930);
#11930 = PRODUCT_DEFINITION('design','',#11931,#11934);
#11931 = PRODUCT_DEFINITION_FORMATION('','',#11932);
#11932 = PRODUCT('tread_hi_2','tread_hi_2','',(#11933));
#11933 = PRODUCT_CONTEXT('',#2,'mechanical');
#11934 = PRODUCT_DEFINITION_CONTEXT('part definition',#2,'design');
#11935 = ADVANCED_BREP_SHAPE_REPRESENTATION('',(#11,#11936),#12938);
#11936 = MANIFOLD_SOLID_BREP('',#11937);
#11937 = CLOSED_SHELL('',(#11938,#12058,#12134,#12323,#12372,#12523,
    #12530,#12604,#12678,#12752,#12826,#12854,#12882,#12910));
#11938 = ADVANCED_FACE('',(#11939),#11953,.F.);
#11939 = FACE_BOUND('',#11940,.F.);
#11940 = EDGE_LOOP('',(#11941,#11976,#12004,#12032));
#11941 = ORIENTED_EDGE('',*,*,#11942,.F.);
#11942 = EDGE_CURVE('',#11943,#11945,#11947,.T.);
#11943 = VERTEX_POINT('',#11944);
#11944 = CARTESIAN_POINT('',(20.,145.,280.));
#11945 = VERTEX_POINT('',#11946);
#11946 = CARTESIAN_POINT('',(20.,145.,300.));
#11947 = SURFACE_CURVE('',#11948,(#11952,#11964),.PCURVE_S1.);
#11948 = LINE('',#11949,#11950);
#11949 = CARTESIAN_POINT('',(20.,145.,280.));
#11950 = VECTOR('',#11951,1.);
#11951 = DIRECTION('',(0.,0.,1.));
#11952 = PCURVE('',#11953,#11958);
#11953 = PLANE('',#11954);
#11954 = AXIS2_PLACEMENT_3D('',#11955,#11956,#11957);
#11955 = CARTESIAN_POINT('',(20.,145.,280.));
#11956 = DIRECTION('',(1.,0.,0.));
#11957 = DIRECTION('',(0.,0.,1.));
#11958 = DEFINITIONAL_REPRESENTATION('',(#11959),#11963);
#11959 = LINE('',#11960,#11961);
#11960 = CARTESIAN_POINT('',(0.,0.));
#11961 = VECTOR('',#11962,1.);
#11962 = DIRECTION('',(1.,0.));
#11963 = ( GEOMETRIC_REPRESENTATION_CONTEXT(2) 
PARAMETRIC_REPRESENTATION_CONTEXT() REPRESENTATION_CONTEXT('2D SPACE',''
  ) );
#11964 = PCURVE('',#11965,#11970);
#11965 = PLANE('',#11966);
#11966 = AXIS2_PLACEMENT_3D('',#11967,#11968,#11969);
#11967 = CARTESIAN_POINT('',(20.,145.,280.));
#11968 = DIRECTION('',(0.,1.,0.));
#11969 = DIRECTION('',(0.,0.,1.));
#11970 = DEFINITIONAL_REPRESENTATION('',(#11971),#11975);
#11971 = LINE('',#11972,#11973);
#11972 = CARTESIAN_POINT('',(0.,0.));
#11973 = VECTOR('',#11974,1.);
#11974 = DIRECTION('',(1.,0.));
#11975 = ( GEOMETRIC_REPRESENTATION_CONTEXT(2) 
PARAMETRIC_REPRESENTATION_CONTEXT() REPRESENTATION_CONTEXT('2D SPACE',''
  ) );
#11976 = ORIENTED_EDGE('',*,*,#11977,.T.);
#11977 = EDGE_CURVE('',#11943,#11978,#11980,.T.);
#11978 = VERTEX_POINT('',#11979);
#11979 = CARTESIAN_POINT('',(20.,290.,280.));
#11980 = SURFACE_CURVE('',#11981,(#11985,#11992),.PCURVE_S1.);
#11981 = LINE('',#11982,#11983);
#11982 = CARTESIAN_POINT('',(20.,145.,280.));
#11983 = VECTOR('',#11984,1.);
#11984 = DIRECTION('',(0.,1.,0.));
#11985 = PCURVE('',#11953,#11986);
#11986 = DEFINITIONAL_REPRESENTATION('',(#11987),#11991);
#11987 = LINE('',#11988,#11989);
#11988 = CARTESIAN_POINT('',(0.,0.));
#11989 = VECTOR('',#11990,1.);
#11990 = DIRECTION('',(0.,-1.));
#11991 = ( GEOMETRIC_REPRESENTATION_CONTEXT(2) 
PARAMETRIC_REPRESENTATION_CONTEXT() REPRESENTATION_CONTEXT('2D SPACE',''
  ) );
#11992 = PCURVE('',#11993,#11998);
#11993 = PLANE('',#11994);
#11994 = AXIS2_PLACEMENT_3D('',#11995,#11996,#11997);
#11995 = CARTESIAN_POINT('',(20.,145.,280.));
#11996 = DIRECTION('',(0.,0.,1.));
#11997 = DIRECTION('',(1.,0.,0.));
#11998 = DEFINITIONAL_REPRESENTATION('',(#11999),#12003);
#11999 = LINE('',#12000,#12001);
#12000 = CARTESIAN_POINT('',(0.,0.));
#12001 = VECTOR('',#12002,1.);
#12002 = DIRECTION('',(0.,1.));
#12003 = ( GEOMETRIC_REPRESENTATION_CONTEXT(2) 
PARAMETRIC_REPRESENTATION_CONTEXT() REPRESENTATION_CONTEXT('2D SPACE',''
  ) );
#12004 = ORIENTED_EDGE('',*,*,#12005,.T.);
#12005 = EDGE_CURVE('',#11978,#12006,#12008,.T.);
#12006 = VERTEX_POINT('',#12007);
#12007 = CARTESIAN_POINT('',(20.,290.,300.));
#12008 = SURFACE_CURVE('',#12009,(#12013,#12020),.PCURVE_S1.);
#12009 = LINE('',#12010,#12011);
#12010 = CARTESIAN_POINT('',(20.,290.,280.));
#12011 = VECTOR('',#12012,1.);
#12012 = DIRECTION('',(0.,0.,1.));
#12013 = PCURVE('',#11953,#12014);
#12014 = DEFINITIONAL_REPRESENTATION('',(#12015),#12019);
#12015 = LINE('',#12016,#12017);
#12016 = CARTESIAN_POINT('',(0.,-145.));
#12017 = VECTOR('',#12018,1.);
#12018 = DIRECTION('',(1.,0.));
#12019 = ( GEOMETRIC_REPRESENTATION_CONTEXT(2) 
PARAMETRIC_REPRESENTATION_CONTEXT() REPRESENTATION_CONTEXT('2D SPACE',''
  ) );
#12020 = PCURVE('',#12021,#12026);
#12021 = PLANE('',#12022);
#12022 = AXIS2_PLACEMENT_3D('',#12023,#12024,#12025);
#12023 = CARTESIAN_POINT('',(20.,290.,280.));
#12024 = DIRECTION('',(0.,1.,0.));
#12025 = DIRECTION('',(0.,0.,1.));
#12026 = DEFINITIONAL_REPRESENTATION('',(#12027),#12031);
#12027 = LINE('',#12028,#12029);
#12028 = CARTESIAN_POINT('',(0.,0.));
#12029 = VECTOR('',#12030,1.);
#12030 = DIRECTION('',(1.,0.));
#12031 = ( GEOMETRIC_REPRESENTATION_CONTEXT(2) 
PARAMETRIC_REPRESENTATION_CONTEXT() REPRESENTATION_CONTEXT('2D SPACE',''
  ) );
#12032 = ORIENTED_EDGE('',*,*,#12033,.F.);
#12033 = EDGE_CURVE('',#11945,#12006,#12034,.T.);
#12034 = SURFACE_CURVE('',#12035,(#12039,#12046),.PCURVE_S1.);
#12035 = LINE('',#12036,#12037);
#12036 = CARTESIAN_POINT('',(20.,145.,300.));
#12037 = VECTOR('',#12038,1.);
#12038 = DIRECTION('',(0.,1.,0.));
#12039 = PCURVE('',#11953,#12040);
#12040 = DEFINITIONAL_REPRESENTATION('',(#12041),#12045);
#12041 = LINE('',#12042,#12043);
#12042 = CARTESIAN_POINT('',(20.,0.));
#12043 = VECTOR('',#12044,1.);
#12044 = DIRECTION('',(0.,-1.));
#12045 = ( GEOMETRIC_REPRESENTATION_CONTEXT(2) 
PARAMETRIC_REPRESENTATION_CONTEXT() REPRESENTATION_CONTEXT('2D SPACE',''
  ) );
#12046 = PCURVE('',#12047,#12052);
#12047 = PLANE('',#12048);
#12048 = AXIS2_PLACEMENT_3D('',#12049,#12050,#12051);
#12049 = CARTESIAN_POINT('',(20.,145.,300.));
#12050 = DIRECTION('',(0.,0.,1.));
#12051 = DIRECTION('',(1.,0.,0.));
#12052 = DEFINITIONAL_REPRESENTATION('',(#12053),#12057);
#12053 = LINE('',#12054,#12055);
#12054 = CARTESIAN_POINT('',(0.,0.));
#12055 = VECTOR('',#12056,1.);
#12056 = DIRECTION('',(0.,1.));
#12057 = ( GEOMETRIC_REPRESENTATION_CONTEXT(2) 
PARAMETRIC_REPRESENTATION_CONTEXT() REPRESENTATION_CONTEXT('2D SPACE',''
  ) );
#12058 = ADVANCED_FACE('',(#12059),#11965,.F.);
#12059 = FACE_BOUND('',#12060,.F.);
#12060 = EDGE_LOOP('',(#12061,#12084,#12085,#12108));
#12061 = ORIENTED_EDGE('',*,*,#12062,.F.);
#12062 = EDGE_CURVE('',#11943,#12063,#12065,.T.);
#12063 = VERTEX_POINT('',#12064);
#12064 = CARTESIAN_POINT('',(380.,145.,280.));
#12065 = SURFACE_CURVE('',#12066,(#12070,#12077),.PCURVE_S1.);
#12066 = LINE('',#12067,#12068);
#12067 = CARTESIAN_POINT('',(20.,145.,280.));
#12068 = VECTOR('',#12069,1.);
#12069 = DIRECTION('',(1.,0.,0.));
#12070 = PCURVE('',#11965,#12071);
#12071 = DEFINITIONAL_REPRESENTATION('',(#12072),#12076);
#12072 = LINE('',#12073,#12074);
#12073 = CARTESIAN_POINT('',(0.,0.));
#12074 = VECTOR('',#12075,1.);
#12075 = DIRECTION('',(0.,1.));
#12076 = ( GEOMETRIC_REPRESENTATION_CONTEXT(2) 
PARAMETRIC_REPRESENTATION_CONTEXT() REPRESENTATION_CONTEXT('2D SPACE',''
  ) );
#12077 = PCURVE('',#11993,#12078);
#12078 = DEFINITIONAL_REPRESENTATION('',(#12079),#12083);
#12079 = LINE('',#12080,#12081);
#12080 = CARTESIAN_POINT('',(0.,0.));
#12081 = VECTOR('',#12082,1.);
#12082 = DIRECTION('',(1.,0.));
#12083 = ( GEOMETRIC_REPRESENTATION_CONTEXT(2) 
PARAMETRIC_REPRESENTATION_CONTEXT() REPRESENTATION_CONTEXT('2D SPACE',''
  ) );
#12084 = ORIENTED_EDGE('',*,*,#11942,.T.);
#12085 = ORIENTED_EDGE('',*,*,#12086,.T.);
#12086 = EDGE_CURVE('',#11945,#12087,#12089,.T.);
#12087 = VERTEX_POINT('',#12088);
#12088 = CARTESIAN_POINT('',(380.,145.,300.));
#12089 = SURFACE_CURVE('',#12090,(#12094,#12101),.PCURVE_S1.);
#12090 = LINE('',#12091,#12092);
#12091 = CARTESIAN_POINT('',(20.,145.,300.));
#12092 = VECTOR('',#12093,1.);
#12093 = DIRECTION('',(1.,0.,0.));
#12094 = PCURVE('',#11965,#12095);
#12095 = DEFINITIONAL_REPRESENTATION('',(#12096),#12100);
#12096 = LINE('',#12097,#12098);
#12097 = CARTESIAN_POINT('',(20.,0.));
#12098 = VECTOR('',#12099,1.);
#12099 = DIRECTION('',(0.,1.));
#12100 = ( GEOMETRIC_REPRESENTATION_CONTEXT(2) 
PARAMETRIC_REPRESENTATION_CONTEXT() REPRESENTATION_CONTEXT('2D SPACE',''
  ) );
#12101 = PCURVE('',#12047,#12102);
#12102 = DEFINITIONAL_REPRESENTATION('',(#12103),#12107);
#12103 = LINE('',#12104,#12105);
#12104 = CARTESIAN_POINT('',(0.,0.));
#12105 = VECTOR('',#12106,1.);
#12106 = DIRECTION('',(1.,0.));
#12107 = ( GEOMETRIC_REPRESENTATION_CONTEXT(2) 
PARAMETRIC_REPRESENTATION_CONTEXT() REPRESENTATION_CONTEXT('2D SPACE',''
  ) );
#12108 = ORIENTED_EDGE('',*,*,#12109,.F.);
#12109 = EDGE_CURVE('',#12063,#12087,#12110,.T.);
#12110 = SURFACE_CURVE('',#12111,(#12115,#12122),.PCURVE_S1.);
#12111 = LINE('',#12112,#12113);
#12112 = CARTESIAN_POINT('',(380.,145.,280.));
#12113 = VECTOR('',#12114,1.);
#12114 = DIRECTION('',(0.,0.,1.));
#12115 = PCURVE('',#11965,#12116);
#12116 = DEFINITIONAL_REPRESENTATION('',(#12117),#12121);
#12117 = LINE('',#12118,#12119);
#12118 = CARTESIAN_POINT('',(0.,360.));
#12119 = VECTOR('',#12120,1.);
#12120 = DIRECTION('',(1.,0.));
#12121 = ( GEOMETRIC_REPRESENTATION_CONTEXT(2) 
PARAMETRIC_REPRESENTATION_CONTEXT() REPRESENTATION_CONTEXT('2D SPACE',''
  ) );
#12122 = PCURVE('',#12123,#12128);
#12123 = PLANE('',#12124);
#12124 = AXIS2_PLACEMENT_3D('',#12125,#12126,#12127);
#12125 = CARTESIAN_POINT('',(380.,145.,280.));
#12126 = DIRECTION('',(1.,0.,0.));
#12127 = DIRECTION('',(0.,0.,1.));
#12128 = DEFINITIONAL_REPRESENTATION('',(#12129),#12133);
#12129 = LINE('',#12130,#12131);
#12130 = CARTESIAN_POINT('',(0.,0.));
#12131 = VECTOR('',#12132,1.);
#12132 = DIRECTION('',(1.,0.));
#12133 = ( GEOMETRIC_REPRESENTATION_CONTEXT(2) 
PARAMETRIC_REPRESENTATION_CONTEXT() REPRESENTATION_CONTEXT('2D SPACE',''
  ) );
#12134 = ADVANCED_FACE('',(#12135,#12183,#12218,#12253,#12288),#12047,
  .T.);
#12135 = FACE_BOUND('',#12136,.T.);
#12136 = EDGE_LOOP('',(#12137,#12138,#12139,#12162));
#12137 = ORIENTED_EDGE('',*,*,#12033,.F.);
#12138 = ORIENTED_EDGE('',*,*,#12086,.T.);
#12139 = ORIENTED_EDGE('',*,*,#12140,.T.);
#12140 = EDGE_CURVE('',#12087,#12141,#12143,.T.);
#12141 = VERTEX_POINT('',#12142);
#12142 = CARTESIAN_POINT('',(380.,290.,300.));
#12143 = SURFACE_CURVE('',#12144,(#12148,#12155),.PCURVE_S1.);
#12144 = LINE('',#12145,#12146);
#12145 = CARTESIAN_POINT('',(380.,145.,300.));
#12146 = VECTOR('',#12147,1.);
#12147 = DIRECTION('',(0.,1.,0.));
#12148 = PCURVE('',#12047,#12149);
#12149 = DEFINITIONAL_REPRESENTATION('',(#12150),#12154);
#12150 = LINE('',#12151,#12152);
#12151 = CARTESIAN_POINT('',(360.,0.));
#12152 = VECTOR('',#12153,1.);
#12153 = DIRECTION('',(0.,1.));
#12154 = ( GEOMETRIC_REPRESENTATION_CONTEXT(2) 
PARAMETRIC_REPRESENTATION_CONTEXT() REPRESENTATION_CONTEXT('2D SPACE',''
  ) );
#12155 = PCURVE('',#12123,#12156);
#12156 = DEFINITIONAL_REPRESENTATION('',(#12157),#12161);
#12157 = LINE('',#12158,#12159);
#12158 = CARTESIAN_POINT('',(20.,0.));
#12159 = VECTOR('',#12160,1.);
#12160 = DIRECTION('',(0.,-1.));
#12161 = ( GEOMETRIC_REPRESENTATION_CONTEXT(2) 
PARAMETRIC_REPRESENTATION_CONTEXT() REPRESENTATION_CONTEXT('2D SPACE',''
  ) );
#12162 = ORIENTED_EDGE('',*,*,#12163,.F.);
#12163 = EDGE_CURVE('',#12006,#12141,#12164,.T.);
#12164 = SURFACE_CURVE('',#12165,(#12169,#12176),.PCURVE_S1.);
#12165 = LINE('',#12166,#12167);
#12166 = CARTESIAN_POINT('',(20.,290.,300.));
#12167 = VECTOR('',#12168,1.);
#12168 = DIRECTION('',(1.,0.,0.));
#12169 = PCURVE('',#12047,#12170);
#12170 = DEFINITIONAL_REPRESENTATION('',(#12171),#12175);
#12171 = LINE('',#12172,#12173);
#12172 = CARTESIAN_POINT('',(0.,145.));
#12173 = VECTOR('',#12174,1.);
#12174 = DIRECTION('',(1.,0.));
#12175 = ( GEOMETRIC_REPRESENTATION_CONTEXT(2) 
PARAMETRIC_REPRESENTATION_CONTEXT() REPRESENTATION_CONTEXT('2D SPACE',''
  ) );
#12176 = PCURVE('',#12021,#12177);
#12177 = DEFINITIONAL_REPRESENTATION('',(#12178),#12182);
#12178 = LINE('',#12179,#12180);
#12179 = CARTESIAN_POINT('',(20.,0.));
#12180 = VECTOR('',#12181,1.);
#12181 = DIRECTION('',(0.,1.));
#12182 = ( GEOMETRIC_REPRESENTATION_CONTEXT(2) 
PARAMETRIC_REPRESENTATION_CONTEXT() REPRESENTATION_CONTEXT('2D SPACE',''
  ) );
#12183 = FACE_BOUND('',#12184,.T.);
#12184 = EDGE_LOOP('',(#12185));
#12185 = ORIENTED_EDGE('',*,*,#12186,.T.);
#12186 = EDGE_CURVE('',#12187,#12187,#12189,.T.);
#12187 = VERTEX_POINT('',#12188);
#12188 = CARTESIAN_POINT('',(35.65,173.,300.));
#12189 = SURFACE_CURVE('',#12190,(#12195,#12206),.PCURVE_S1.);
#12190 = CIRCLE('',#12191,4.35);
#12191 = AXIS2_PLACEMENT_3D('',#12192,#12193,#12194);
#12192 = CARTESIAN_POINT('',(40.,173.,300.));
#12193 = DIRECTION('',(0.,0.,-1.));
#12194 = DIRECTION('',(-1.,0.,-0.));
#12195 = PCURVE('',#12047,#12196);
#12196 = DEFINITIONAL_REPRESENTATION('',(#12197),#12205);
#12197 = ( BOUNDED_CURVE() B_SPLINE_CURVE(2,(#12198,#12199,#12200,#12201
    ,#12202,#12203,#12204),.UNSPECIFIED.,.T.,.F.) 
B_SPLINE_CURVE_WITH_KNOTS((1,2,2,2,2,1),(-2.094395102393,0.,
    2.094395102393,4.188790204786,6.28318530718,8.377580409573),
.UNSPECIFIED.) CURVE() GEOMETRIC_REPRESENTATION_ITEM() 
RATIONAL_B_SPLINE_CURVE((1.,0.5,1.,0.5,1.,0.5,1.)) REPRESENTATION_ITEM(
  '') );
#12198 = CARTESIAN_POINT('',(15.65,28.));
#12199 = CARTESIAN_POINT('',(15.65,35.534421012925));
#12200 = CARTESIAN_POINT('',(22.175,31.767210506462));
#12201 = CARTESIAN_POINT('',(28.7,28.));
#12202 = CARTESIAN_POINT('',(22.175,24.232789493538));
#12203 = CARTESIAN_POINT('',(15.65,20.465578987075));
#12204 = CARTESIAN_POINT('',(15.65,28.));
#12205 = ( GEOMETRIC_REPRESENTATION_CONTEXT(2) 
PARAMETRIC_REPRESENTATION_CONTEXT() REPRESENTATION_CONTEXT('2D SPACE',''
  ) );
#12206 = PCURVE('',#12207,#12212);
#12207 = CONICAL_SURFACE('',#12208,4.4,0.785398163397);
#12208 = AXIS2_PLACEMENT_3D('',#12209,#12210,#12211);
#12209 = CARTESIAN_POINT('',(40.,173.,300.05));
#12210 = DIRECTION('',(-0.,-0.,1.));
#12211 = DIRECTION('',(-1.,0.,-0.));
#12212 = DEFINITIONAL_REPRESENTATION('',(#12213),#12217);
#12213 = LINE('',#12214,#12215);
#12214 = CARTESIAN_POINT('',(-0.,-5.000000000001E-02));
#12215 = VECTOR('',#12216,1.);
#12216 = DIRECTION('',(-1.,-0.));
#12217 = ( GEOMETRIC_REPRESENTATION_CONTEXT(2) 
PARAMETRIC_REPRESENTATION_CONTEXT() REPRESENTATION_CONTEXT('2D SPACE',''
  ) );
#12218 = FACE_BOUND('',#12219,.T.);
#12219 = EDGE_LOOP('',(#12220));
#12220 = ORIENTED_EDGE('',*,*,#12221,.T.);
#12221 = EDGE_CURVE('',#12222,#12222,#12224,.T.);
#12222 = VERTEX_POINT('',#12223);
#12223 = CARTESIAN_POINT('',(355.65,173.,300.));
#12224 = SURFACE_CURVE('',#12225,(#12230,#12241),.PCURVE_S1.);
#12225 = CIRCLE('',#12226,4.35);
#12226 = AXIS2_PLACEMENT_3D('',#12227,#12228,#12229);
#12227 = CARTESIAN_POINT('',(360.,173.,300.));
#12228 = DIRECTION('',(0.,0.,-1.));
#12229 = DIRECTION('',(-1.,0.,-0.));
#12230 = PCURVE('',#12047,#12231);
#12231 = DEFINITIONAL_REPRESENTATION('',(#12232),#12240);
#12232 = ( BOUNDED_CURVE() B_SPLINE_CURVE(2,(#12233,#12234,#12235,#12236
    ,#12237,#12238,#12239),.UNSPECIFIED.,.T.,.F.) 
B_SPLINE_CURVE_WITH_KNOTS((1,2,2,2,2,1),(-2.094395102393,0.,
    2.094395102393,4.188790204786,6.28318530718,8.377580409573),
.UNSPECIFIED.) CURVE() GEOMETRIC_REPRESENTATION_ITEM() 
RATIONAL_B_SPLINE_CURVE((1.,0.5,1.,0.5,1.,0.5,1.)) REPRESENTATION_ITEM(
  '') );
#12233 = CARTESIAN_POINT('',(335.65,28.));
#12234 = CARTESIAN_POINT('',(335.65,35.534421012925));
#12235 = CARTESIAN_POINT('',(342.175,31.767210506462));
#12236 = CARTESIAN_POINT('',(348.7,28.));
#12237 = CARTESIAN_POINT('',(342.175,24.232789493538));
#12238 = CARTESIAN_POINT('',(335.65,20.465578987075));
#12239 = CARTESIAN_POINT('',(335.65,28.));
#12240 = ( GEOMETRIC_REPRESENTATION_CONTEXT(2) 
PARAMETRIC_REPRESENTATION_CONTEXT() REPRESENTATION_CONTEXT('2D SPACE',''
  ) );
#12241 = PCURVE('',#12242,#12247);
#12242 = CONICAL_SURFACE('',#12243,4.4,0.785398163397);
#12243 = AXIS2_PLACEMENT_3D('',#12244,#12245,#12246);
#12244 = CARTESIAN_POINT('',(360.,173.,300.05));
#12245 = DIRECTION('',(-0.,-0.,1.));
#12246 = DIRECTION('',(-1.,0.,-0.));
#12247 = DEFINITIONAL_REPRESENTATION('',(#12248),#12252);
#12248 = LINE('',#12249,#12250);
#12249 = CARTESIAN_POINT('',(-0.,-5.000000000001E-02));
#12250 = VECTOR('',#12251,1.);
#12251 = DIRECTION('',(-1.,-0.));
#12252 = ( GEOMETRIC_REPRESENTATION_CONTEXT(2) 
PARAMETRIC_REPRESENTATION_CONTEXT() REPRESENTATION_CONTEXT('2D SPACE',''
  ) );
#12253 = FACE_BOUND('',#12254,.T.);
#12254 = EDGE_LOOP('',(#12255));
#12255 = ORIENTED_EDGE('',*,*,#12256,.T.);
#12256 = EDGE_CURVE('',#12257,#12257,#12259,.T.);
#12257 = VERTEX_POINT('',#12258);
#12258 = CARTESIAN_POINT('',(35.65,262.,300.));
#12259 = SURFACE_CURVE('',#12260,(#12265,#12276),.PCURVE_S1.);
#12260 = CIRCLE('',#12261,4.35);
#12261 = AXIS2_PLACEMENT_3D('',#12262,#12263,#12264);
#12262 = CARTESIAN_POINT('',(40.,262.,300.));
#12263 = DIRECTION('',(0.,0.,-1.));
#12264 = DIRECTION('',(-1.,0.,-0.));
#12265 = PCURVE('',#12047,#12266);
#12266 = DEFINITIONAL_REPRESENTATION('',(#12267),#12275);
#12267 = ( BOUNDED_CURVE() B_SPLINE_CURVE(2,(#12268,#12269,#12270,#12271
    ,#12272,#12273,#12274),.UNSPECIFIED.,.T.,.F.) 
B_SPLINE_CURVE_WITH_KNOTS((1,2,2,2,2,1),(-2.094395102393,0.,
    2.094395102393,4.188790204786,6.28318530718,8.377580409573),
.UNSPECIFIED.) CURVE() GEOMETRIC_REPRESENTATION_ITEM() 
RATIONAL_B_SPLINE_CURVE((1.,0.5,1.,0.5,1.,0.5,1.)) REPRESENTATION_ITEM(
  '') );
#12268 = CARTESIAN_POINT('',(15.65,117.));
#12269 = CARTESIAN_POINT('',(15.65,124.53442101292));
#12270 = CARTESIAN_POINT('',(22.175,120.76721050646));
#12271 = CARTESIAN_POINT('',(28.7,117.));
#12272 = CARTESIAN_POINT('',(22.175,113.23278949353));
#12273 = CARTESIAN_POINT('',(15.65,109.46557898707));
#12274 = CARTESIAN_POINT('',(15.65,117.));
#12275 = ( GEOMETRIC_REPRESENTATION_CONTEXT(2) 
PARAMETRIC_REPRESENTATION_CONTEXT() REPRESENTATION_CONTEXT('2D SPACE',''
  ) );
#12276 = PCURVE('',#12277,#12282);
#12277 = CONICAL_SURFACE('',#12278,4.4,0.785398163397);
#12278 = AXIS2_PLACEMENT_3D('',#12279,#12280,#12281);
#12279 = CARTESIAN_POINT('',(40.,262.,300.05));
#12280 = DIRECTION('',(-0.,-0.,1.));
#12281 = DIRECTION('',(-1.,0.,-0.));
#12282 = DEFINITIONAL_REPRESENTATION('',(#12283),#12287);
#12283 = LINE('',#12284,#12285);
#12284 = CARTESIAN_POINT('',(-0.,-5.000000000001E-02));
#12285 = VECTOR('',#12286,1.);
#12286 = DIRECTION('',(-1.,-0.));
#12287 = ( GEOMETRIC_REPRESENTATION_CONTEXT(2) 
PARAMETRIC_REPRESENTATION_CONTEXT() REPRESENTATION_CONTEXT('2D SPACE',''
  ) );
#12288 = FACE_BOUND('',#12289,.T.);
#12289 = EDGE_LOOP('',(#12290));
#12290 = ORIENTED_EDGE('',*,*,#12291,.T.);
#12291 = EDGE_CURVE('',#12292,#12292,#12294,.T.);
#12292 = VERTEX_POINT('',#12293);
#12293 = CARTESIAN_POINT('',(355.65,262.,300.));
#12294 = SURFACE_CURVE('',#12295,(#12300,#12311),.PCURVE_S1.);
#12295 = CIRCLE('',#12296,4.35);
#12296 = AXIS2_PLACEMENT_3D('',#12297,#12298,#12299);
#12297 = CARTESIAN_POINT('',(360.,262.,300.));
#12298 = DIRECTION('',(0.,0.,-1.));
#12299 = DIRECTION('',(-1.,0.,-0.));
#12300 = PCURVE('',#12047,#12301);
#12301 = DEFINITIONAL_REPRESENTATION('',(#12302),#12310);
#12302 = ( BOUNDED_CURVE() B_SPLINE_CURVE(2,(#12303,#12304,#12305,#12306
    ,#12307,#12308,#12309),.UNSPECIFIED.,.T.,.F.) 
B_SPLINE_CURVE_WITH_KNOTS((1,2,2,2,2,1),(-2.094395102393,0.,
    2.094395102393,4.188790204786,6.28318530718,8.377580409573),
.UNSPECIFIED.) CURVE() GEOMETRIC_REPRESENTATION_ITEM() 
RATIONAL_B_SPLINE_CURVE((1.,0.5,1.,0.5,1.,0.5,1.)) REPRESENTATION_ITEM(
  '') );
#12303 = CARTESIAN_POINT('',(335.65,117.));
#12304 = CARTESIAN_POINT('',(335.65,124.53442101292));
#12305 = CARTESIAN_POINT('',(342.175,120.76721050646));
#12306 = CARTESIAN_POINT('',(348.7,117.));
#12307 = CARTESIAN_POINT('',(342.175,113.23278949353));
#12308 = CARTESIAN_POINT('',(335.65,109.46557898707));
#12309 = CARTESIAN_POINT('',(335.65,117.));
#12310 = ( GEOMETRIC_REPRESENTATION_CONTEXT(2) 
PARAMETRIC_REPRESENTATION_CONTEXT() REPRESENTATION_CONTEXT('2D SPACE',''
  ) );
#12311 = PCURVE('',#12312,#12317);
#12312 = CONICAL_SURFACE('',#12313,4.4,0.785398163397);
#12313 = AXIS2_PLACEMENT_3D('',#12314,#12315,#12316);
#12314 = CARTESIAN_POINT('',(360.,262.,300.05));
#12315 = DIRECTION('',(-0.,-0.,1.));
#12316 = DIRECTION('',(-1.,0.,-0.));
#12317 = DEFINITIONAL_REPRESENTATION('',(#12318),#12322);
#12318 = LINE('',#12319,#12320);
#12319 = CARTESIAN_POINT('',(-0.,-5.000000000001E-02));
#12320 = VECTOR('',#12321,1.);
#12321 = DIRECTION('',(-1.,-0.));
#12322 = ( GEOMETRIC_REPRESENTATION_CONTEXT(2) 
PARAMETRIC_REPRESENTATION_CONTEXT() REPRESENTATION_CONTEXT('2D SPACE',''
  ) );
#12323 = ADVANCED_FACE('',(#12324),#12021,.T.);
#12324 = FACE_BOUND('',#12325,.T.);
#12325 = EDGE_LOOP('',(#12326,#12349,#12350,#12351));
#12326 = ORIENTED_EDGE('',*,*,#12327,.F.);
#12327 = EDGE_CURVE('',#11978,#12328,#12330,.T.);
#12328 = VERTEX_POINT('',#12329);
#12329 = CARTESIAN_POINT('',(380.,290.,280.));
#12330 = SURFACE_CURVE('',#12331,(#12335,#12342),.PCURVE_S1.);
#12331 = LINE('',#12332,#12333);
#12332 = CARTESIAN_POINT('',(20.,290.,280.));
#12333 = VECTOR('',#12334,1.);
#12334 = DIRECTION('',(1.,0.,0.));
#12335 = PCURVE('',#12021,#12336);
#12336 = DEFINITIONAL_REPRESENTATION('',(#12337),#12341);
#12337 = LINE('',#12338,#12339);
#12338 = CARTESIAN_POINT('',(0.,0.));
#12339 = VECTOR('',#12340,1.);
#12340 = DIRECTION('',(0.,1.));
#12341 = ( GEOMETRIC_REPRESENTATION_CONTEXT(2) 
PARAMETRIC_REPRESENTATION_CONTEXT() REPRESENTATION_CONTEXT('2D SPACE',''
  ) );
#12342 = PCURVE('',#11993,#12343);
#12343 = DEFINITIONAL_REPRESENTATION('',(#12344),#12348);
#12344 = LINE('',#12345,#12346);
#12345 = CARTESIAN_POINT('',(0.,145.));
#12346 = VECTOR('',#12347,1.);
#12347 = DIRECTION('',(1.,0.));
#12348 = ( GEOMETRIC_REPRESENTATION_CONTEXT(2) 
PARAMETRIC_REPRESENTATION_CONTEXT() REPRESENTATION_CONTEXT('2D SPACE',''
  ) );
#12349 = ORIENTED_EDGE('',*,*,#12005,.T.);
#12350 = ORIENTED_EDGE('',*,*,#12163,.T.);
#12351 = ORIENTED_EDGE('',*,*,#12352,.F.);
#12352 = EDGE_CURVE('',#12328,#12141,#12353,.T.);
#12353 = SURFACE_CURVE('',#12354,(#12358,#12365),.PCURVE_S1.);
#12354 = LINE('',#12355,#12356);
#12355 = CARTESIAN_POINT('',(380.,290.,280.));
#12356 = VECTOR('',#12357,1.);
#12357 = DIRECTION('',(0.,0.,1.));
#12358 = PCURVE('',#12021,#12359);
#12359 = DEFINITIONAL_REPRESENTATION('',(#12360),#12364);
#12360 = LINE('',#12361,#12362);
#12361 = CARTESIAN_POINT('',(0.,360.));
#12362 = VECTOR('',#12363,1.);
#12363 = DIRECTION('',(1.,0.));
#12364 = ( GEOMETRIC_REPRESENTATION_CONTEXT(2) 
PARAMETRIC_REPRESENTATION_CONTEXT() REPRESENTATION_CONTEXT('2D SPACE',''
  ) );
#12365 = PCURVE('',#12123,#12366);
#12366 = DEFINITIONAL_REPRESENTATION('',(#12367),#12371);
#12367 = LINE('',#12368,#12369);
#12368 = CARTESIAN_POINT('',(0.,-145.));
#12369 = VECTOR('',#12370,1.);
#12370 = DIRECTION('',(1.,0.));
#12371 = ( GEOMETRIC_REPRESENTATION_CONTEXT(2) 
PARAMETRIC_REPRESENTATION_CONTEXT() REPRESENTATION_CONTEXT('2D SPACE',''
  ) );
#12372 = ADVANCED_FACE('',(#12373,#12399,#12430,#12461,#12492),#11993,
  .F.);
#12373 = FACE_BOUND('',#12374,.F.);
#12374 = EDGE_LOOP('',(#12375,#12376,#12377,#12398));
#12375 = ORIENTED_EDGE('',*,*,#11977,.F.);
#12376 = ORIENTED_EDGE('',*,*,#12062,.T.);
#12377 = ORIENTED_EDGE('',*,*,#12378,.T.);
#12378 = EDGE_CURVE('',#12063,#12328,#12379,.T.);
#12379 = SURFACE_CURVE('',#12380,(#12384,#12391),.PCURVE_S1.);
#12380 = LINE('',#12381,#12382);
#12381 = CARTESIAN_POINT('',(380.,145.,280.));
#12382 = VECTOR('',#12383,1.);
#12383 = DIRECTION('',(0.,1.,0.));
#12384 = PCURVE('',#11993,#12385);
#12385 = DEFINITIONAL_REPRESENTATION('',(#12386),#12390);
#12386 = LINE('',#12387,#12388);
#12387 = CARTESIAN_POINT('',(360.,0.));
#12388 = VECTOR('',#12389,1.);
#12389 = DIRECTION('',(0.,1.));
#12390 = ( GEOMETRIC_REPRESENTATION_CONTEXT(2) 
PARAMETRIC_REPRESENTATION_CONTEXT() REPRESENTATION_CONTEXT('2D SPACE',''
  ) );
#12391 = PCURVE('',#12123,#12392);
#12392 = DEFINITIONAL_REPRESENTATION('',(#12393),#12397);
#12393 = LINE('',#12394,#12395);
#12394 = CARTESIAN_POINT('',(0.,0.));
#12395 = VECTOR('',#12396,1.);
#12396 = DIRECTION('',(0.,-1.));
#12397 = ( GEOMETRIC_REPRESENTATION_CONTEXT(2) 
PARAMETRIC_REPRESENTATION_CONTEXT() REPRESENTATION_CONTEXT('2D SPACE',''
  ) );
#12398 = ORIENTED_EDGE('',*,*,#12327,.F.);
#12399 = FACE_BOUND('',#12400,.F.);
#12400 = EDGE_LOOP('',(#12401));
#12401 = ORIENTED_EDGE('',*,*,#12402,.F.);
#12402 = EDGE_CURVE('',#12403,#12403,#12405,.T.);
#12403 = VERTEX_POINT('',#12404);
#12404 = CARTESIAN_POINT('',(41.5,173.,280.));
#12405 = SURFACE_CURVE('',#12406,(#12411,#12418),.PCURVE_S1.);
#12406 = CIRCLE('',#12407,1.5);
#12407 = AXIS2_PLACEMENT_3D('',#12408,#12409,#12410);
#12408 = CARTESIAN_POINT('',(40.,173.,280.));
#12409 = DIRECTION('',(0.,-0.,1.));
#12410 = DIRECTION('',(1.,0.,0.));
#12411 = PCURVE('',#11993,#12412);
#12412 = DEFINITIONAL_REPRESENTATION('',(#12413),#12417);
#12413 = CIRCLE('',#12414,1.5);
#12414 = AXIS2_PLACEMENT_2D('',#12415,#12416);
#12415 = CARTESIAN_POINT('',(20.,28.));
#12416 = DIRECTION('',(1.,0.));
#12417 = ( GEOMETRIC_REPRESENTATION_CONTEXT(2) 
PARAMETRIC_REPRESENTATION_CONTEXT() REPRESENTATION_CONTEXT('2D SPACE',''
  ) );
#12418 = PCURVE('',#12419,#12424);
#12419 = CYLINDRICAL_SURFACE('',#12420,1.5);
#12420 = AXIS2_PLACEMENT_3D('',#12421,#12422,#12423);
#12421 = CARTESIAN_POINT('',(40.,173.,300.05));
#12422 = DIRECTION('',(-0.,-0.,1.));
#12423 = DIRECTION('',(1.,0.,0.));
#12424 = DEFINITIONAL_REPRESENTATION('',(#12425),#12429);
#12425 = LINE('',#12426,#12427);
#12426 = CARTESIAN_POINT('',(-6.28318530718,-20.05));
#12427 = VECTOR('',#12428,1.);
#12428 = DIRECTION('',(1.,-0.));
#12429 = ( GEOMETRIC_REPRESENTATION_CONTEXT(2) 
PARAMETRIC_REPRESENTATION_CONTEXT() REPRESENTATION_CONTEXT('2D SPACE',''
  ) );
#12430 = FACE_BOUND('',#12431,.F.);
#12431 = EDGE_LOOP('',(#12432));
#12432 = ORIENTED_EDGE('',*,*,#12433,.F.);
#12433 = EDGE_CURVE('',#12434,#12434,#12436,.T.);
#12434 = VERTEX_POINT('',#12435);
#12435 = CARTESIAN_POINT('',(361.5,173.,280.));
#12436 = SURFACE_CURVE('',#12437,(#12442,#12449),.PCURVE_S1.);
#12437 = CIRCLE('',#12438,1.5);
#12438 = AXIS2_PLACEMENT_3D('',#12439,#12440,#12441);
#12439 = CARTESIAN_POINT('',(360.,173.,280.));
#12440 = DIRECTION('',(0.,-0.,1.));
#12441 = DIRECTION('',(1.,0.,0.));
#12442 = PCURVE('',#11993,#12443);
#12443 = DEFINITIONAL_REPRESENTATION('',(#12444),#12448);
#12444 = CIRCLE('',#12445,1.5);
#12445 = AXIS2_PLACEMENT_2D('',#12446,#12447);
#12446 = CARTESIAN_POINT('',(340.,28.));
#12447 = DIRECTION('',(1.,0.));
#12448 = ( GEOMETRIC_REPRESENTATION_CONTEXT(2) 
PARAMETRIC_REPRESENTATION_CONTEXT() REPRESENTATION_CONTEXT('2D SPACE',''
  ) );
#12449 = PCURVE('',#12450,#12455);
#12450 = CYLINDRICAL_SURFACE('',#12451,1.5);
#12451 = AXIS2_PLACEMENT_3D('',#12452,#12453,#12454);
#12452 = CARTESIAN_POINT('',(360.,173.,300.05));
#12453 = DIRECTION('',(-0.,-0.,1.));
#12454 = DIRECTION('',(1.,0.,0.));
#12455 = DEFINITIONAL_REPRESENTATION('',(#12456),#12460);
#12456 = LINE('',#12457,#12458);
#12457 = CARTESIAN_POINT('',(-6.28318530718,-20.05));
#12458 = VECTOR('',#12459,1.);
#12459 = DIRECTION('',(1.,-0.));
#12460 = ( GEOMETRIC_REPRESENTATION_CONTEXT(2) 
PARAMETRIC_REPRESENTATION_CONTEXT() REPRESENTATION_CONTEXT('2D SPACE',''
  ) );
#12461 = FACE_BOUND('',#12462,.F.);
#12462 = EDGE_LOOP('',(#12463));
#12463 = ORIENTED_EDGE('',*,*,#12464,.F.);
#12464 = EDGE_CURVE('',#12465,#12465,#12467,.T.);
#12465 = VERTEX_POINT('',#12466);
#12466 = CARTESIAN_POINT('',(41.5,262.,280.));
#12467 = SURFACE_CURVE('',#12468,(#12473,#12480),.PCURVE_S1.);
#12468 = CIRCLE('',#12469,1.5);
#12469 = AXIS2_PLACEMENT_3D('',#12470,#12471,#12472);
#12470 = CARTESIAN_POINT('',(40.,262.,280.));
#12471 = DIRECTION('',(0.,-0.,1.));
#12472 = DIRECTION('',(1.,0.,0.));
#12473 = PCURVE('',#11993,#12474);
#12474 = DEFINITIONAL_REPRESENTATION('',(#12475),#12479);
#12475 = CIRCLE('',#12476,1.5);
#12476 = AXIS2_PLACEMENT_2D('',#12477,#12478);
#12477 = CARTESIAN_POINT('',(20.,117.));
#12478 = DIRECTION('',(1.,0.));
#12479 = ( GEOMETRIC_REPRESENTATION_CONTEXT(2) 
PARAMETRIC_REPRESENTATION_CONTEXT() REPRESENTATION_CONTEXT('2D SPACE',''
  ) );
#12480 = PCURVE('',#12481,#12486);
#12481 = CYLINDRICAL_SURFACE('',#12482,1.5);
#12482 = AXIS2_PLACEMENT_3D('',#12483,#12484,#12485);
#12483 = CARTESIAN_POINT('',(40.,262.,300.05));
#12484 = DIRECTION('',(-0.,-0.,1.));
#12485 = DIRECTION('',(1.,0.,0.));
#12486 = DEFINITIONAL_REPRESENTATION('',(#12487),#12491);
#12487 = LINE('',#12488,#12489);
#12488 = CARTESIAN_POINT('',(-6.28318530718,-20.05));
#12489 = VECTOR('',#12490,1.);
#12490 = DIRECTION('',(1.,-0.));
#12491 = ( GEOMETRIC_REPRESENTATION_CONTEXT(2) 
PARAMETRIC_REPRESENTATION_CONTEXT() REPRESENTATION_CONTEXT('2D SPACE',''
  ) );
#12492 = FACE_BOUND('',#12493,.F.);
#12493 = EDGE_LOOP('',(#12494));
#12494 = ORIENTED_EDGE('',*,*,#12495,.F.);
#12495 = EDGE_CURVE('',#12496,#12496,#12498,.T.);
#12496 = VERTEX_POINT('',#12497);
#12497 = CARTESIAN_POINT('',(361.5,262.,280.));
#12498 = SURFACE_CURVE('',#12499,(#12504,#12511),.PCURVE_S1.);
#12499 = CIRCLE('',#12500,1.5);
#12500 = AXIS2_PLACEMENT_3D('',#12501,#12502,#12503);
#12501 = CARTESIAN_POINT('',(360.,262.,280.));
#12502 = DIRECTION('',(0.,-0.,1.));
#12503 = DIRECTION('',(1.,0.,0.));
#12504 = PCURVE('',#11993,#12505);
#12505 = DEFINITIONAL_REPRESENTATION('',(#12506),#12510);
#12506 = CIRCLE('',#12507,1.5);
#12507 = AXIS2_PLACEMENT_2D('',#12508,#12509);
#12508 = CARTESIAN_POINT('',(340.,117.));
#12509 = DIRECTION('',(1.,0.));
#12510 = ( GEOMETRIC_REPRESENTATION_CONTEXT(2) 
PARAMETRIC_REPRESENTATION_CONTEXT() REPRESENTATION_CONTEXT('2D SPACE',''
  ) );
#12511 = PCURVE('',#12512,#12517);
#12512 = CYLINDRICAL_SURFACE('',#12513,1.5);
#12513 = AXIS2_PLACEMENT_3D('',#12514,#12515,#12516);
#12514 = CARTESIAN_POINT('',(360.,262.,300.05));
#12515 = DIRECTION('',(-0.,-0.,1.));
#12516 = DIRECTION('',(1.,0.,0.));
#12517 = DEFINITIONAL_REPRESENTATION('',(#12518),#12522);
#12518 = LINE('',#12519,#12520);
#12519 = CARTESIAN_POINT('',(-6.28318530718,-20.05));
#12520 = VECTOR('',#12521,1.);
#12521 = DIRECTION('',(1.,-0.));
#12522 = ( GEOMETRIC_REPRESENTATION_CONTEXT(2) 
PARAMETRIC_REPRESENTATION_CONTEXT() REPRESENTATION_CONTEXT('2D SPACE',''
  ) );
#12523 = ADVANCED_FACE('',(#12524),#12123,.T.);
#12524 = FACE_BOUND('',#12525,.T.);
#12525 = EDGE_LOOP('',(#12526,#12527,#12528,#12529));
#12526 = ORIENTED_EDGE('',*,*,#12109,.F.);
#12527 = ORIENTED_EDGE('',*,*,#12378,.T.);
#12528 = ORIENTED_EDGE('',*,*,#12352,.T.);
#12529 = ORIENTED_EDGE('',*,*,#12140,.F.);
#12530 = ADVANCED_FACE('',(#12531),#12207,.F.);
#12531 = FACE_BOUND('',#12532,.F.);
#12532 = EDGE_LOOP('',(#12533,#12534,#12557,#12581,#12603));
#12533 = ORIENTED_EDGE('',*,*,#12186,.T.);
#12534 = ORIENTED_EDGE('',*,*,#12535,.T.);
#12535 = EDGE_CURVE('',#12187,#12536,#12538,.T.);
#12536 = VERTEX_POINT('',#12537);
#12537 = CARTESIAN_POINT('',(38.5,173.,297.15));
#12538 = SEAM_CURVE('',#12539,(#12543,#12550),.PCURVE_S1.);
#12539 = LINE('',#12540,#12541);
#12540 = CARTESIAN_POINT('',(35.6,173.,300.05));
#12541 = VECTOR('',#12542,1.);
#12542 = DIRECTION('',(0.707106781187,1.731912112471E-16,-0.707106781187
    ));
#12543 = PCURVE('',#12207,#12544);
#12544 = DEFINITIONAL_REPRESENTATION('',(#12545),#12549);
#12545 = LINE('',#12546,#12547);
#12546 = CARTESIAN_POINT('',(0.,-0.));
#12547 = VECTOR('',#12548,1.);
#12548 = DIRECTION('',(-0.,-1.));
#12549 = ( GEOMETRIC_REPRESENTATION_CONTEXT(2) 
PARAMETRIC_REPRESENTATION_CONTEXT() REPRESENTATION_CONTEXT('2D SPACE',''
  ) );
#12550 = PCURVE('',#12207,#12551);
#12551 = DEFINITIONAL_REPRESENTATION('',(#12552),#12556);
#12552 = LINE('',#12553,#12554);
#12553 = CARTESIAN_POINT('',(-6.28318530718,0.));
#12554 = VECTOR('',#12555,1.);
#12555 = DIRECTION('',(-0.,-1.));
#12556 = ( GEOMETRIC_REPRESENTATION_CONTEXT(2) 
PARAMETRIC_REPRESENTATION_CONTEXT() REPRESENTATION_CONTEXT('2D SPACE',''
  ) );
#12557 = ORIENTED_EDGE('',*,*,#12558,.F.);
#12558 = EDGE_CURVE('',#12559,#12536,#12561,.T.);
#12559 = VERTEX_POINT('',#12560);
#12560 = CARTESIAN_POINT('',(41.5,173.,297.15));
#12561 = SURFACE_CURVE('',#12562,(#12567,#12574),.PCURVE_S1.);
#12562 = CIRCLE('',#12563,1.5);
#12563 = AXIS2_PLACEMENT_3D('',#12564,#12565,#12566);
#12564 = CARTESIAN_POINT('',(40.,173.,297.15));
#12565 = DIRECTION('',(0.,0.,-1.));
#12566 = DIRECTION('',(-1.,0.,-0.));
#12567 = PCURVE('',#12207,#12568);
#12568 = DEFINITIONAL_REPRESENTATION('',(#12569),#12573);
#12569 = LINE('',#12570,#12571);
#12570 = CARTESIAN_POINT('',(-0.,-2.9));
#12571 = VECTOR('',#12572,1.);
#12572 = DIRECTION('',(-1.,-0.));
#12573 = ( GEOMETRIC_REPRESENTATION_CONTEXT(2) 
PARAMETRIC_REPRESENTATION_CONTEXT() REPRESENTATION_CONTEXT('2D SPACE',''
  ) );
#12574 = PCURVE('',#12419,#12575);
#12575 = DEFINITIONAL_REPRESENTATION('',(#12576),#12580);
#12576 = LINE('',#12577,#12578);
#12577 = CARTESIAN_POINT('',(3.14159265359,-2.9));
#12578 = VECTOR('',#12579,1.);
#12579 = DIRECTION('',(-1.,0.));
#12580 = ( GEOMETRIC_REPRESENTATION_CONTEXT(2) 
PARAMETRIC_REPRESENTATION_CONTEXT() REPRESENTATION_CONTEXT('2D SPACE',''
  ) );
#12581 = ORIENTED_EDGE('',*,*,#12582,.F.);
#12582 = EDGE_CURVE('',#12536,#12559,#12583,.T.);
#12583 = SURFACE_CURVE('',#12584,(#12589,#12596),.PCURVE_S1.);
#12584 = CIRCLE('',#12585,1.5);
#12585 = AXIS2_PLACEMENT_3D('',#12586,#12587,#12588);
#12586 = CARTESIAN_POINT('',(40.,173.,297.15));
#12587 = DIRECTION('',(0.,0.,-1.));
#12588 = DIRECTION('',(-1.,0.,-0.));
#12589 = PCURVE('',#12207,#12590);
#12590 = DEFINITIONAL_REPRESENTATION('',(#12591),#12595);
#12591 = LINE('',#12592,#12593);
#12592 = CARTESIAN_POINT('',(-0.,-2.9));
#12593 = VECTOR('',#12594,1.);
#12594 = DIRECTION('',(-1.,-0.));
#12595 = ( GEOMETRIC_REPRESENTATION_CONTEXT(2) 
PARAMETRIC_REPRESENTATION_CONTEXT() REPRESENTATION_CONTEXT('2D SPACE',''
  ) );
#12596 = PCURVE('',#12419,#12597);
#12597 = DEFINITIONAL_REPRESENTATION('',(#12598),#12602);
#12598 = LINE('',#12599,#12600);
#12599 = CARTESIAN_POINT('',(-3.14159265359,-2.9));
#12600 = VECTOR('',#12601,1.);
#12601 = DIRECTION('',(-1.,0.));
#12602 = ( GEOMETRIC_REPRESENTATION_CONTEXT(2) 
PARAMETRIC_REPRESENTATION_CONTEXT() REPRESENTATION_CONTEXT('2D SPACE',''
  ) );
#12603 = ORIENTED_EDGE('',*,*,#12535,.F.);
#12604 = ADVANCED_FACE('',(#12605),#12242,.F.);
#12605 = FACE_BOUND('',#12606,.F.);
#12606 = EDGE_LOOP('',(#12607,#12608,#12631,#12655,#12677));
#12607 = ORIENTED_EDGE('',*,*,#12221,.T.);
#12608 = ORIENTED_EDGE('',*,*,#12609,.T.);
#12609 = EDGE_CURVE('',#12222,#12610,#12612,.T.);
#12610 = VERTEX_POINT('',#12611);
#12611 = CARTESIAN_POINT('',(358.5,173.,297.15));
#12612 = SEAM_CURVE('',#12613,(#12617,#12624),.PCURVE_S1.);
#12613 = LINE('',#12614,#12615);
#12614 = CARTESIAN_POINT('',(355.6,173.,300.05));
#12615 = VECTOR('',#12616,1.);
#12616 = DIRECTION('',(0.707106781187,1.731912112471E-16,-0.707106781187
    ));
#12617 = PCURVE('',#12242,#12618);
#12618 = DEFINITIONAL_REPRESENTATION('',(#12619),#12623);
#12619 = LINE('',#12620,#12621);
#12620 = CARTESIAN_POINT('',(0.,-0.));
#12621 = VECTOR('',#12622,1.);
#12622 = DIRECTION('',(-0.,-1.));
#12623 = ( GEOMETRIC_REPRESENTATION_CONTEXT(2) 
PARAMETRIC_REPRESENTATION_CONTEXT() REPRESENTATION_CONTEXT('2D SPACE',''
  ) );
#12624 = PCURVE('',#12242,#12625);
#12625 = DEFINITIONAL_REPRESENTATION('',(#12626),#12630);
#12626 = LINE('',#12627,#12628);
#12627 = CARTESIAN_POINT('',(-6.28318530718,0.));
#12628 = VECTOR('',#12629,1.);
#12629 = DIRECTION('',(-0.,-1.));
#12630 = ( GEOMETRIC_REPRESENTATION_CONTEXT(2) 
PARAMETRIC_REPRESENTATION_CONTEXT() REPRESENTATION_CONTEXT('2D SPACE',''
  ) );
#12631 = ORIENTED_EDGE('',*,*,#12632,.F.);
#12632 = EDGE_CURVE('',#12633,#12610,#12635,.T.);
#12633 = VERTEX_POINT('',#12634);
#12634 = CARTESIAN_POINT('',(361.5,173.,297.15));
#12635 = SURFACE_CURVE('',#12636,(#12641,#12648),.PCURVE_S1.);
#12636 = CIRCLE('',#12637,1.5);
#12637 = AXIS2_PLACEMENT_3D('',#12638,#12639,#12640);
#12638 = CARTESIAN_POINT('',(360.,173.,297.15));
#12639 = DIRECTION('',(0.,0.,-1.));
#12640 = DIRECTION('',(-1.,0.,-0.));
#12641 = PCURVE('',#12242,#12642);
#12642 = DEFINITIONAL_REPRESENTATION('',(#12643),#12647);
#12643 = LINE('',#12644,#12645);
#12644 = CARTESIAN_POINT('',(-0.,-2.9));
#12645 = VECTOR('',#12646,1.);
#12646 = DIRECTION('',(-1.,-0.));
#12647 = ( GEOMETRIC_REPRESENTATION_CONTEXT(2) 
PARAMETRIC_REPRESENTATION_CONTEXT() REPRESENTATION_CONTEXT('2D SPACE',''
  ) );
#12648 = PCURVE('',#12450,#12649);
#12649 = DEFINITIONAL_REPRESENTATION('',(#12650),#12654);
#12650 = LINE('',#12651,#12652);
#12651 = CARTESIAN_POINT('',(3.14159265359,-2.9));
#12652 = VECTOR('',#12653,1.);
#12653 = DIRECTION('',(-1.,0.));
#12654 = ( GEOMETRIC_REPRESENTATION_CONTEXT(2) 
PARAMETRIC_REPRESENTATION_CONTEXT() REPRESENTATION_CONTEXT('2D SPACE',''
  ) );
#12655 = ORIENTED_EDGE('',*,*,#12656,.F.);
#12656 = EDGE_CURVE('',#12610,#12633,#12657,.T.);
#12657 = SURFACE_CURVE('',#12658,(#12663,#12670),.PCURVE_S1.);
#12658 = CIRCLE('',#12659,1.5);
#12659 = AXIS2_PLACEMENT_3D('',#12660,#12661,#12662);
#12660 = CARTESIAN_POINT('',(360.,173.,297.15));
#12661 = DIRECTION('',(0.,0.,-1.));
#12662 = DIRECTION('',(-1.,0.,-0.));
#12663 = PCURVE('',#12242,#12664);
#12664 = DEFINITIONAL_REPRESENTATION('',(#12665),#12669);
#12665 = LINE('',#12666,#12667);
#12666 = CARTESIAN_POINT('',(-0.,-2.9));
#12667 = VECTOR('',#12668,1.);
#12668 = DIRECTION('',(-1.,-0.));
#12669 = ( GEOMETRIC_REPRESENTATION_CONTEXT(2) 
PARAMETRIC_REPRESENTATION_CONTEXT() REPRESENTATION_CONTEXT('2D SPACE',''
  ) );
#12670 = PCURVE('',#12450,#12671);
#12671 = DEFINITIONAL_REPRESENTATION('',(#12672),#12676);
#12672 = LINE('',#12673,#12674);
#12673 = CARTESIAN_POINT('',(-3.14159265359,-2.9));
#12674 = VECTOR('',#12675,1.);
#12675 = DIRECTION('',(-1.,0.));
#12676 = ( GEOMETRIC_REPRESENTATION_CONTEXT(2) 
PARAMETRIC_REPRESENTATION_CONTEXT() REPRESENTATION_CONTEXT('2D SPACE',''
  ) );
#12677 = ORIENTED_EDGE('',*,*,#12609,.F.);
#12678 = ADVANCED_FACE('',(#12679),#12277,.F.);
#12679 = FACE_BOUND('',#12680,.F.);
#12680 = EDGE_LOOP('',(#12681,#12682,#12705,#12729,#12751));
#12681 = ORIENTED_EDGE('',*,*,#12256,.T.);
#12682 = ORIENTED_EDGE('',*,*,#12683,.T.);
#12683 = EDGE_CURVE('',#12257,#12684,#12686,.T.);
#12684 = VERTEX_POINT('',#12685);
#12685 = CARTESIAN_POINT('',(38.5,262.,297.15));
#12686 = SEAM_CURVE('',#12687,(#12691,#12698),.PCURVE_S1.);
#12687 = LINE('',#12688,#12689);
#12688 = CARTESIAN_POINT('',(35.6,262.,300.05));
#12689 = VECTOR('',#12690,1.);
#12690 = DIRECTION('',(0.707106781187,1.731912112471E-16,-0.707106781187
    ));
#12691 = PCURVE('',#12277,#12692);
#12692 = DEFINITIONAL_REPRESENTATION('',(#12693),#12697);
#12693 = LINE('',#12694,#12695);
#12694 = CARTESIAN_POINT('',(0.,-0.));
#12695 = VECTOR('',#12696,1.);
#12696 = DIRECTION('',(-0.,-1.));
#12697 = ( GEOMETRIC_REPRESENTATION_CONTEXT(2) 
PARAMETRIC_REPRESENTATION_CONTEXT() REPRESENTATION_CONTEXT('2D SPACE',''
  ) );
#12698 = PCURVE('',#12277,#12699);
#12699 = DEFINITIONAL_REPRESENTATION('',(#12700),#12704);
#12700 = LINE('',#12701,#12702);
#12701 = CARTESIAN_POINT('',(-6.28318530718,0.));
#12702 = VECTOR('',#12703,1.);
#12703 = DIRECTION('',(-0.,-1.));
#12704 = ( GEOMETRIC_REPRESENTATION_CONTEXT(2) 
PARAMETRIC_REPRESENTATION_CONTEXT() REPRESENTATION_CONTEXT('2D SPACE',''
  ) );
#12705 = ORIENTED_EDGE('',*,*,#12706,.F.);
#12706 = EDGE_CURVE('',#12707,#12684,#12709,.T.);
#12707 = VERTEX_POINT('',#12708);
#12708 = CARTESIAN_POINT('',(41.5,262.,297.15));
#12709 = SURFACE_CURVE('',#12710,(#12715,#12722),.PCURVE_S1.);
#12710 = CIRCLE('',#12711,1.5);
#12711 = AXIS2_PLACEMENT_3D('',#12712,#12713,#12714);
#12712 = CARTESIAN_POINT('',(40.,262.,297.15));
#12713 = DIRECTION('',(0.,0.,-1.));
#12714 = DIRECTION('',(-1.,0.,-0.));
#12715 = PCURVE('',#12277,#12716);
#12716 = DEFINITIONAL_REPRESENTATION('',(#12717),#12721);
#12717 = LINE('',#12718,#12719);
#12718 = CARTESIAN_POINT('',(-0.,-2.9));
#12719 = VECTOR('',#12720,1.);
#12720 = DIRECTION('',(-1.,-0.));
#12721 = ( GEOMETRIC_REPRESENTATION_CONTEXT(2) 
PARAMETRIC_REPRESENTATION_CONTEXT() REPRESENTATION_CONTEXT('2D SPACE',''
  ) );
#12722 = PCURVE('',#12481,#12723);
#12723 = DEFINITIONAL_REPRESENTATION('',(#12724),#12728);
#12724 = LINE('',#12725,#12726);
#12725 = CARTESIAN_POINT('',(3.14159265359,-2.9));
#12726 = VECTOR('',#12727,1.);
#12727 = DIRECTION('',(-1.,0.));
#12728 = ( GEOMETRIC_REPRESENTATION_CONTEXT(2) 
PARAMETRIC_REPRESENTATION_CONTEXT() REPRESENTATION_CONTEXT('2D SPACE',''
  ) );
#12729 = ORIENTED_EDGE('',*,*,#12730,.F.);
#12730 = EDGE_CURVE('',#12684,#12707,#12731,.T.);
#12731 = SURFACE_CURVE('',#12732,(#12737,#12744),.PCURVE_S1.);
#12732 = CIRCLE('',#12733,1.5);
#12733 = AXIS2_PLACEMENT_3D('',#12734,#12735,#12736);
#12734 = CARTESIAN_POINT('',(40.,262.,297.15));
#12735 = DIRECTION('',(0.,0.,-1.));
#12736 = DIRECTION('',(-1.,0.,-0.));
#12737 = PCURVE('',#12277,#12738);
#12738 = DEFINITIONAL_REPRESENTATION('',(#12739),#12743);
#12739 = LINE('',#12740,#12741);
#12740 = CARTESIAN_POINT('',(-0.,-2.9));
#12741 = VECTOR('',#12742,1.);
#12742 = DIRECTION('',(-1.,-0.));
#12743 = ( GEOMETRIC_REPRESENTATION_CONTEXT(2) 
PARAMETRIC_REPRESENTATION_CONTEXT() REPRESENTATION_CONTEXT('2D SPACE',''
  ) );
#12744 = PCURVE('',#12481,#12745);
#12745 = DEFINITIONAL_REPRESENTATION('',(#12746),#12750);
#12746 = LINE('',#12747,#12748);
#12747 = CARTESIAN_POINT('',(-3.14159265359,-2.9));
#12748 = VECTOR('',#12749,1.);
#12749 = DIRECTION('',(-1.,0.));
#12750 = ( GEOMETRIC_REPRESENTATION_CONTEXT(2) 
PARAMETRIC_REPRESENTATION_CONTEXT() REPRESENTATION_CONTEXT('2D SPACE',''
  ) );
#12751 = ORIENTED_EDGE('',*,*,#12683,.F.);
#12752 = ADVANCED_FACE('',(#12753),#12312,.F.);
#12753 = FACE_BOUND('',#12754,.F.);
#12754 = EDGE_LOOP('',(#12755,#12756,#12779,#12803,#12825));
#12755 = ORIENTED_EDGE('',*,*,#12291,.T.);
#12756 = ORIENTED_EDGE('',*,*,#12757,.T.);
#12757 = EDGE_CURVE('',#12292,#12758,#12760,.T.);
#12758 = VERTEX_POINT('',#12759);
#12759 = CARTESIAN_POINT('',(358.5,262.,297.15));
#12760 = SEAM_CURVE('',#12761,(#12765,#12772),.PCURVE_S1.);
#12761 = LINE('',#12762,#12763);
#12762 = CARTESIAN_POINT('',(355.6,262.,300.05));
#12763 = VECTOR('',#12764,1.);
#12764 = DIRECTION('',(0.707106781187,1.731912112471E-16,-0.707106781187
    ));
#12765 = PCURVE('',#12312,#12766);
#12766 = DEFINITIONAL_REPRESENTATION('',(#12767),#12771);
#12767 = LINE('',#12768,#12769);
#12768 = CARTESIAN_POINT('',(0.,-0.));
#12769 = VECTOR('',#12770,1.);
#12770 = DIRECTION('',(-0.,-1.));
#12771 = ( GEOMETRIC_REPRESENTATION_CONTEXT(2) 
PARAMETRIC_REPRESENTATION_CONTEXT() REPRESENTATION_CONTEXT('2D SPACE',''
  ) );
#12772 = PCURVE('',#12312,#12773);
#12773 = DEFINITIONAL_REPRESENTATION('',(#12774),#12778);
#12774 = LINE('',#12775,#12776);
#12775 = CARTESIAN_POINT('',(-6.28318530718,0.));
#12776 = VECTOR('',#12777,1.);
#12777 = DIRECTION('',(-0.,-1.));
#12778 = ( GEOMETRIC_REPRESENTATION_CONTEXT(2) 
PARAMETRIC_REPRESENTATION_CONTEXT() REPRESENTATION_CONTEXT('2D SPACE',''
  ) );
#12779 = ORIENTED_EDGE('',*,*,#12780,.F.);
#12780 = EDGE_CURVE('',#12781,#12758,#12783,.T.);
#12781 = VERTEX_POINT('',#12782);
#12782 = CARTESIAN_POINT('',(361.5,262.,297.15));
#12783 = SURFACE_CURVE('',#12784,(#12789,#12796),.PCURVE_S1.);
#12784 = CIRCLE('',#12785,1.5);
#12785 = AXIS2_PLACEMENT_3D('',#12786,#12787,#12788);
#12786 = CARTESIAN_POINT('',(360.,262.,297.15));
#12787 = DIRECTION('',(0.,0.,-1.));
#12788 = DIRECTION('',(-1.,0.,-0.));
#12789 = PCURVE('',#12312,#12790);
#12790 = DEFINITIONAL_REPRESENTATION('',(#12791),#12795);
#12791 = LINE('',#12792,#12793);
#12792 = CARTESIAN_POINT('',(-0.,-2.9));
#12793 = VECTOR('',#12794,1.);
#12794 = DIRECTION('',(-1.,-0.));
#12795 = ( GEOMETRIC_REPRESENTATION_CONTEXT(2) 
PARAMETRIC_REPRESENTATION_CONTEXT() REPRESENTATION_CONTEXT('2D SPACE',''
  ) );
#12796 = PCURVE('',#12512,#12797);
#12797 = DEFINITIONAL_REPRESENTATION('',(#12798),#12802);
#12798 = LINE('',#12799,#12800);
#12799 = CARTESIAN_POINT('',(3.14159265359,-2.9));
#12800 = VECTOR('',#12801,1.);
#12801 = DIRECTION('',(-1.,0.));
#12802 = ( GEOMETRIC_REPRESENTATION_CONTEXT(2) 
PARAMETRIC_REPRESENTATION_CONTEXT() REPRESENTATION_CONTEXT('2D SPACE',''
  ) );
#12803 = ORIENTED_EDGE('',*,*,#12804,.F.);
#12804 = EDGE_CURVE('',#12758,#12781,#12805,.T.);
#12805 = SURFACE_CURVE('',#12806,(#12811,#12818),.PCURVE_S1.);
#12806 = CIRCLE('',#12807,1.5);
#12807 = AXIS2_PLACEMENT_3D('',#12808,#12809,#12810);
#12808 = CARTESIAN_POINT('',(360.,262.,297.15));
#12809 = DIRECTION('',(0.,0.,-1.));
#12810 = DIRECTION('',(-1.,0.,-0.));
#12811 = PCURVE('',#12312,#12812);
#12812 = DEFINITIONAL_REPRESENTATION('',(#12813),#12817);
#12813 = LINE('',#12814,#12815);
#12814 = CARTESIAN_POINT('',(-0.,-2.9));
#12815 = VECTOR('',#12816,1.);
#12816 = DIRECTION('',(-1.,-0.));
#12817 = ( GEOMETRIC_REPRESENTATION_CONTEXT(2) 
PARAMETRIC_REPRESENTATION_CONTEXT() REPRESENTATION_CONTEXT('2D SPACE',''
  ) );
#12818 = PCURVE('',#12512,#12819);
#12819 = DEFINITIONAL_REPRESENTATION('',(#12820),#12824);
#12820 = LINE('',#12821,#12822);
#12821 = CARTESIAN_POINT('',(-3.14159265359,-2.9));
#12822 = VECTOR('',#12823,1.);
#12823 = DIRECTION('',(-1.,0.));
#12824 = ( GEOMETRIC_REPRESENTATION_CONTEXT(2) 
PARAMETRIC_REPRESENTATION_CONTEXT() REPRESENTATION_CONTEXT('2D SPACE',''
  ) );
#12825 = ORIENTED_EDGE('',*,*,#12757,.F.);
#12826 = ADVANCED_FACE('',(#12827),#12419,.F.);
#12827 = FACE_BOUND('',#12828,.T.);
#12828 = EDGE_LOOP('',(#12829,#12850,#12851,#12852,#12853));
#12829 = ORIENTED_EDGE('',*,*,#12830,.F.);
#12830 = EDGE_CURVE('',#12559,#12403,#12831,.T.);
#12831 = SEAM_CURVE('',#12832,(#12836,#12843),.PCURVE_S1.);
#12832 = LINE('',#12833,#12834);
#12833 = CARTESIAN_POINT('',(41.5,173.,300.05));
#12834 = VECTOR('',#12835,1.);
#12835 = DIRECTION('',(0.,0.,-1.));
#12836 = PCURVE('',#12419,#12837);
#12837 = DEFINITIONAL_REPRESENTATION('',(#12838),#12842);
#12838 = LINE('',#12839,#12840);
#12839 = CARTESIAN_POINT('',(-6.28318530718,0.));
#12840 = VECTOR('',#12841,1.);
#12841 = DIRECTION('',(-0.,-1.));
#12842 = ( GEOMETRIC_REPRESENTATION_CONTEXT(2) 
PARAMETRIC_REPRESENTATION_CONTEXT() REPRESENTATION_CONTEXT('2D SPACE',''
  ) );
#12843 = PCURVE('',#12419,#12844);
#12844 = DEFINITIONAL_REPRESENTATION('',(#12845),#12849);
#12845 = LINE('',#12846,#12847);
#12846 = CARTESIAN_POINT('',(-0.,0.));
#12847 = VECTOR('',#12848,1.);
#12848 = DIRECTION('',(-0.,-1.));
#12849 = ( GEOMETRIC_REPRESENTATION_CONTEXT(2) 
PARAMETRIC_REPRESENTATION_CONTEXT() REPRESENTATION_CONTEXT('2D SPACE',''
  ) );
#12850 = ORIENTED_EDGE('',*,*,#12582,.F.);
#12851 = ORIENTED_EDGE('',*,*,#12558,.F.);
#12852 = ORIENTED_EDGE('',*,*,#12830,.T.);
#12853 = ORIENTED_EDGE('',*,*,#12402,.F.);
#12854 = ADVANCED_FACE('',(#12855),#12450,.F.);
#12855 = FACE_BOUND('',#12856,.T.);
#12856 = EDGE_LOOP('',(#12857,#12878,#12879,#12880,#12881));
#12857 = ORIENTED_EDGE('',*,*,#12858,.F.);
#12858 = EDGE_CURVE('',#12633,#12434,#12859,.T.);
#12859 = SEAM_CURVE('',#12860,(#12864,#12871),.PCURVE_S1.);
#12860 = LINE('',#12861,#12862);
#12861 = CARTESIAN_POINT('',(361.5,173.,300.05));
#12862 = VECTOR('',#12863,1.);
#12863 = DIRECTION('',(0.,0.,-1.));
#12864 = PCURVE('',#12450,#12865);
#12865 = DEFINITIONAL_REPRESENTATION('',(#12866),#12870);
#12866 = LINE('',#12867,#12868);
#12867 = CARTESIAN_POINT('',(-6.28318530718,0.));
#12868 = VECTOR('',#12869,1.);
#12869 = DIRECTION('',(-0.,-1.));
#12870 = ( GEOMETRIC_REPRESENTATION_CONTEXT(2) 
PARAMETRIC_REPRESENTATION_CONTEXT() REPRESENTATION_CONTEXT('2D SPACE',''
  ) );
#12871 = PCURVE('',#12450,#12872);
#12872 = DEFINITIONAL_REPRESENTATION('',(#12873),#12877);
#12873 = LINE('',#12874,#12875);
#12874 = CARTESIAN_POINT('',(-0.,0.));
#12875 = VECTOR('',#12876,1.);
#12876 = DIRECTION('',(-0.,-1.));
#12877 = ( GEOMETRIC_REPRESENTATION_CONTEXT(2) 
PARAMETRIC_REPRESENTATION_CONTEXT() REPRESENTATION_CONTEXT('2D SPACE',''
  ) );
#12878 = ORIENTED_EDGE('',*,*,#12656,.F.);
#12879 = ORIENTED_EDGE('',*,*,#12632,.F.);
#12880 = ORIENTED_EDGE('',*,*,#12858,.T.);
#12881 = ORIENTED_EDGE('',*,*,#12433,.F.);
#12882 = ADVANCED_FACE('',(#12883),#12481,.F.);
#12883 = FACE_BOUND('',#12884,.T.);
#12884 = EDGE_LOOP('',(#12885,#12906,#12907,#12908,#12909));
#12885 = ORIENTED_EDGE('',*,*,#12886,.F.);
#12886 = EDGE_CURVE('',#12707,#12465,#12887,.T.);
#12887 = SEAM_CURVE('',#12888,(#12892,#12899),.PCURVE_S1.);
#12888 = LINE('',#12889,#12890);
#12889 = CARTESIAN_POINT('',(41.5,262.,300.05));
#12890 = VECTOR('',#12891,1.);
#12891 = DIRECTION('',(0.,0.,-1.));
#12892 = PCURVE('',#12481,#12893);
#12893 = DEFINITIONAL_REPRESENTATION('',(#12894),#12898);
#12894 = LINE('',#12895,#12896);
#12895 = CARTESIAN_POINT('',(-6.28318530718,0.));
#12896 = VECTOR('',#12897,1.);
#12897 = DIRECTION('',(-0.,-1.));
#12898 = ( GEOMETRIC_REPRESENTATION_CONTEXT(2) 
PARAMETRIC_REPRESENTATION_CONTEXT() REPRESENTATION_CONTEXT('2D SPACE',''
  ) );
#12899 = PCURVE('',#12481,#12900);
#12900 = DEFINITIONAL_REPRESENTATION('',(#12901),#12905);
#12901 = LINE('',#12902,#12903);
#12902 = CARTESIAN_POINT('',(-0.,0.));
#12903 = VECTOR('',#12904,1.);
#12904 = DIRECTION('',(-0.,-1.));
#12905 = ( GEOMETRIC_REPRESENTATION_CONTEXT(2) 
PARAMETRIC_REPRESENTATION_CONTEXT() REPRESENTATION_CONTEXT('2D SPACE',''
  ) );
#12906 = ORIENTED_EDGE('',*,*,#12730,.F.);
#12907 = ORIENTED_EDGE('',*,*,#12706,.F.);
#12908 = ORIENTED_EDGE('',*,*,#12886,.T.);
#12909 = ORIENTED_EDGE('',*,*,#12464,.F.);
#12910 = ADVANCED_FACE('',(#12911),#12512,.F.);
#12911 = FACE_BOUND('',#12912,.T.);
#12912 = EDGE_LOOP('',(#12913,#12934,#12935,#12936,#12937));
#12913 = ORIENTED_EDGE('',*,*,#12914,.F.);
#12914 = EDGE_CURVE('',#12781,#12496,#12915,.T.);
#12915 = SEAM_CURVE('',#12916,(#12920,#12927),.PCURVE_S1.);
#12916 = LINE('',#12917,#12918);
#12917 = CARTESIAN_POINT('',(361.5,262.,300.05));
#12918 = VECTOR('',#12919,1.);
#12919 = DIRECTION('',(0.,0.,-1.));
#12920 = PCURVE('',#12512,#12921);
#12921 = DEFINITIONAL_REPRESENTATION('',(#12922),#12926);
#12922 = LINE('',#12923,#12924);
#12923 = CARTESIAN_POINT('',(-6.28318530718,0.));
#12924 = VECTOR('',#12925,1.);
#12925 = DIRECTION('',(-0.,-1.));
#12926 = ( GEOMETRIC_REPRESENTATION_CONTEXT(2) 
PARAMETRIC_REPRESENTATION_CONTEXT() REPRESENTATION_CONTEXT('2D SPACE',''
  ) );
#12927 = PCURVE('',#12512,#12928);
#12928 = DEFINITIONAL_REPRESENTATION('',(#12929),#12933);
#12929 = LINE('',#12930,#12931);
#12930 = CARTESIAN_POINT('',(-0.,0.));
#12931 = VECTOR('',#12932,1.);
#12932 = DIRECTION('',(-0.,-1.));
#12933 = ( GEOMETRIC_REPRESENTATION_CONTEXT(2) 
PARAMETRIC_REPRESENTATION_CONTEXT() REPRESENTATION_CONTEXT('2D SPACE',''
  ) );
#12934 = ORIENTED_EDGE('',*,*,#12804,.F.);
#12935 = ORIENTED_EDGE('',*,*,#12780,.F.);
#12936 = ORIENTED_EDGE('',*,*,#12914,.T.);
#12937 = ORIENTED_EDGE('',*,*,#12495,.F.);
#12938 = ( GEOMETRIC_REPRESENTATION_CONTEXT(3) 
GLOBAL_UNCERTAINTY_ASSIGNED_CONTEXT((#12942)) 
GLOBAL_UNIT_ASSIGNED_CONTEXT((#12939,#12940,#12941)) 
REPRESENTATION_CONTEXT('Context #1',
  '3D Context with UNIT and UNCERTAINTY') );
#12939 = ( LENGTH_UNIT() NAMED_UNIT(*) SI_UNIT(.MILLI.,.METRE.) );
#12940 = ( NAMED_UNIT(*) PLANE_ANGLE_UNIT() SI_UNIT($,.RADIAN.) );
#12941 = ( NAMED_UNIT(*) SI_UNIT($,.STERADIAN.) SOLID_ANGLE_UNIT() );
#12942 = UNCERTAINTY_MEASURE_WITH_UNIT(LENGTH_MEASURE(1.E-07),#12939,
  'distance_accuracy_value','confusion accuracy');
#12943 = CONTEXT_DEPENDENT_SHAPE_REPRESENTATION(#12944,#12946);
#12944 = ( REPRESENTATION_RELATIONSHIP('','',#11935,#10) 
REPRESENTATION_RELATIONSHIP_WITH_TRANSFORMATION(#12945) 
SHAPE_REPRESENTATION_RELATIONSHIP() );
#12945 = ITEM_DEFINED_TRANSFORMATION('','',#11,#59);
#12946 = PRODUCT_DEFINITION_SHAPE('Placement','Placement of an item',
  #12947);
#12947 = NEXT_ASSEMBLY_USAGE_OCCURRENCE('24','tread_hi_2','',#5,#11930,$
  );
#12948 = PRODUCT_RELATED_PRODUCT_CATEGORY('part',$,(#11932));
#12949 = SHAPE_DEFINITION_REPRESENTATION(#12950,#12956);
#12950 = PRODUCT_DEFINITION_SHAPE('','',#12951);
#12951 = PRODUCT_DEFINITION('design','',#12952,#12955);
#12952 = PRODUCT_DEFINITION_FORMATION('','',#12953);
#12953 = PRODUCT('brace','brace','',(#12954));
#12954 = PRODUCT_CONTEXT('',#2,'mechanical');
#12955 = PRODUCT_DEFINITION_CONTEXT('part definition',#2,'design');
#12956 = ADVANCED_BREP_SHAPE_REPRESENTATION('',(#11,#12957),#13471);
#12957 = MANIFOLD_SOLID_BREP('',#12958);
#12958 = CLOSED_SHELL('',(#12959,#13114,#13190,#13239,#13288,#13315,
    #13370,#13408,#13412,#13467));
#12959 = ADVANCED_FACE('',(#12960,#13079),#12974,.F.);
#12960 = FACE_BOUND('',#12961,.F.);
#12961 = EDGE_LOOP('',(#12962,#12997,#13025,#13053));
#12962 = ORIENTED_EDGE('',*,*,#12963,.F.);
#12963 = EDGE_CURVE('',#12964,#12966,#12968,.T.);
#12964 = VERTEX_POINT('',#12965);
#12965 = CARTESIAN_POINT('',(20.,290.,180.));
#12966 = VERTEX_POINT('',#12967);
#12967 = CARTESIAN_POINT('',(20.,250.,180.));
#12968 = SURFACE_CURVE('',#12969,(#12973,#12985),.PCURVE_S1.);
#12969 = LINE('',#12970,#12971);
#12970 = CARTESIAN_POINT('',(20.,290.,180.));
#12971 = VECTOR('',#12972,1.);
#12972 = DIRECTION('',(0.,-1.,0.));
#12973 = PCURVE('',#12974,#12979);
#12974 = PLANE('',#12975);
#12975 = AXIS2_PLACEMENT_3D('',#12976,#12977,#12978);
#12976 = CARTESIAN_POINT('',(20.,290.,180.));
#12977 = DIRECTION('',(1.,0.,0.));
#12978 = DIRECTION('',(0.,-1.,0.));
#12979 = DEFINITIONAL_REPRESENTATION('',(#12980),#12984);
#12980 = LINE('',#12981,#12982);
#12981 = CARTESIAN_POINT('',(0.,0.));
#12982 = VECTOR('',#12983,1.);
#12983 = DIRECTION('',(1.,0.));
#12984 = ( GEOMETRIC_REPRESENTATION_CONTEXT(2) 
PARAMETRIC_REPRESENTATION_CONTEXT() REPRESENTATION_CONTEXT('2D SPACE',''
  ) );
#12985 = PCURVE('',#12986,#12991);
#12986 = PLANE('',#12987);
#12987 = AXIS2_PLACEMENT_3D('',#12988,#12989,#12990);
#12988 = CARTESIAN_POINT('',(20.,290.,180.));
#12989 = DIRECTION('',(0.,0.,1.));
#12990 = DIRECTION('',(0.,-1.,0.));
#12991 = DEFINITIONAL_REPRESENTATION('',(#12992),#12996);
#12992 = LINE('',#12993,#12994);
#12993 = CARTESIAN_POINT('',(0.,0.));
#12994 = VECTOR('',#12995,1.);
#12995 = DIRECTION('',(1.,0.));
#12996 = ( GEOMETRIC_REPRESENTATION_CONTEXT(2) 
PARAMETRIC_REPRESENTATION_CONTEXT() REPRESENTATION_CONTEXT('2D SPACE',''
  ) );
#12997 = ORIENTED_EDGE('',*,*,#12998,.T.);
#12998 = EDGE_CURVE('',#12964,#12999,#13001,.T.);
#12999 = VERTEX_POINT('',#13000);
#13000 = CARTESIAN_POINT('',(20.,290.,220.));
#13001 = SURFACE_CURVE('',#13002,(#13006,#13013),.PCURVE_S1.);
#13002 = LINE('',#13003,#13004);
#13003 = CARTESIAN_POINT('',(20.,290.,180.));
#13004 = VECTOR('',#13005,1.);
#13005 = DIRECTION('',(0.,0.,1.));
#13006 = PCURVE('',#12974,#13007);
#13007 = DEFINITIONAL_REPRESENTATION('',(#13008),#13012);
#13008 = LINE('',#13009,#13010);
#13009 = CARTESIAN_POINT('',(0.,0.));
#13010 = VECTOR('',#13011,1.);
#13011 = DIRECTION('',(0.,-1.));
#13012 = ( GEOMETRIC_REPRESENTATION_CONTEXT(2) 
PARAMETRIC_REPRESENTATION_CONTEXT() REPRESENTATION_CONTEXT('2D SPACE',''
  ) );
#13013 = PCURVE('',#13014,#13019);
#13014 = PLANE('',#13015);
#13015 = AXIS2_PLACEMENT_3D('',#13016,#13017,#13018);
#13016 = CARTESIAN_POINT('',(20.,290.,180.));
#13017 = DIRECTION('',(0.,-1.,0.));
#13018 = DIRECTION('',(1.,0.,0.));
#13019 = DEFINITIONAL_REPRESENTATION('',(#13020),#13024);
#13020 = LINE('',#13021,#13022);
#13021 = CARTESIAN_POINT('',(0.,0.));
#13022 = VECTOR('',#13023,1.);
#13023 = DIRECTION('',(0.,1.));
#13024 = ( GEOMETRIC_REPRESENTATION_CONTEXT(2) 
PARAMETRIC_REPRESENTATION_CONTEXT() REPRESENTATION_CONTEXT('2D SPACE',''
  ) );
#13025 = ORIENTED_EDGE('',*,*,#13026,.T.);
#13026 = EDGE_CURVE('',#12999,#13027,#13029,.T.);
#13027 = VERTEX_POINT('',#13028);
#13028 = CARTESIAN_POINT('',(20.,250.,220.));
#13029 = SURFACE_CURVE('',#13030,(#13034,#13041),.PCURVE_S1.);
#13030 = LINE('',#13031,#13032);
#13031 = CARTESIAN_POINT('',(20.,290.,220.));
#13032 = VECTOR('',#13033,1.);
#13033 = DIRECTION('',(0.,-1.,0.));
#13034 = PCURVE('',#12974,#13035);
#13035 = DEFINITIONAL_REPRESENTATION('',(#13036),#13040);
#13036 = LINE('',#13037,#13038);
#13037 = CARTESIAN_POINT('',(0.,-40.));
#13038 = VECTOR('',#13039,1.);
#13039 = DIRECTION('',(1.,0.));
#13040 = ( GEOMETRIC_REPRESENTATION_CONTEXT(2) 
PARAMETRIC_REPRESENTATION_CONTEXT() REPRESENTATION_CONTEXT('2D SPACE',''
  ) );
#13041 = PCURVE('',#13042,#13047);
#13042 = PLANE('',#13043);
#13043 = AXIS2_PLACEMENT_3D('',#13044,#13045,#13046);
#13044 = CARTESIAN_POINT('',(20.,290.,220.));
#13045 = DIRECTION('',(0.,0.,1.));
#13046 = DIRECTION('',(0.,-1.,0.));
#13047 = DEFINITIONAL_REPRESENTATION('',(#13048),#13052);
#13048 = LINE('',#13049,#13050);
#13049 = CARTESIAN_POINT('',(0.,0.));
#13050 = VECTOR('',#13051,1.);
#13051 = DIRECTION('',(1.,0.));
#13052 = ( GEOMETRIC_REPRESENTATION_CONTEXT(2) 
PARAMETRIC_REPRESENTATION_CONTEXT() REPRESENTATION_CONTEXT('2D SPACE',''
  ) );
#13053 = ORIENTED_EDGE('',*,*,#13054,.F.);
#13054 = EDGE_CURVE('',#12966,#13027,#13055,.T.);
#13055 = SURFACE_CURVE('',#13056,(#13060,#13067),.PCURVE_S1.);
#13056 = LINE('',#13057,#13058);
#13057 = CARTESIAN_POINT('',(20.,250.,180.));
#13058 = VECTOR('',#13059,1.);
#13059 = DIRECTION('',(0.,0.,1.));
#13060 = PCURVE('',#12974,#13061);
#13061 = DEFINITIONAL_REPRESENTATION('',(#13062),#13066);
#13062 = LINE('',#13063,#13064);
#13063 = CARTESIAN_POINT('',(40.,0.));
#13064 = VECTOR('',#13065,1.);
#13065 = DIRECTION('',(0.,-1.));
#13066 = ( GEOMETRIC_REPRESENTATION_CONTEXT(2) 
PARAMETRIC_REPRESENTATION_CONTEXT() REPRESENTATION_CONTEXT('2D SPACE',''
  ) );
#13067 = PCURVE('',#13068,#13073);
#13068 = PLANE('',#13069);
#13069 = AXIS2_PLACEMENT_3D('',#13070,#13071,#13072);
#13070 = CARTESIAN_POINT('',(20.,250.,180.));
#13071 = DIRECTION('',(0.,-1.,0.));
#13072 = DIRECTION('',(1.,0.,0.));
#13073 = DEFINITIONAL_REPRESENTATION('',(#13074),#13078);
#13074 = LINE('',#13075,#13076);
#13075 = CARTESIAN_POINT('',(0.,0.));
#13076 = VECTOR('',#13077,1.);
#13077 = DIRECTION('',(0.,1.));
#13078 = ( GEOMETRIC_REPRESENTATION_CONTEXT(2) 
PARAMETRIC_REPRESENTATION_CONTEXT() REPRESENTATION_CONTEXT('2D SPACE',''
  ) );
#13079 = FACE_BOUND('',#13080,.F.);
#13080 = EDGE_LOOP('',(#13081));
#13081 = ORIENTED_EDGE('',*,*,#13082,.T.);
#13082 = EDGE_CURVE('',#13083,#13083,#13085,.T.);
#13083 = VERTEX_POINT('',#13084);
#13084 = CARTESIAN_POINT('',(20.,271.5,200.));
#13085 = SURFACE_CURVE('',#13086,(#13091,#13102),.PCURVE_S1.);
#13086 = CIRCLE('',#13087,1.5);
#13087 = AXIS2_PLACEMENT_3D('',#13088,#13089,#13090);
#13088 = CARTESIAN_POINT('',(20.,270.,200.));
#13089 = DIRECTION('',(-1.,0.,0.));
#13090 = DIRECTION('',(0.,1.,0.));
#13091 = PCURVE('',#12974,#13092);
#13092 = DEFINITIONAL_REPRESENTATION('',(#13093),#13101);
#13093 = ( BOUNDED_CURVE() B_SPLINE_CURVE(2,(#13094,#13095,#13096,#13097
    ,#13098,#13099,#13100),.UNSPECIFIED.,.T.,.F.) 
B_SPLINE_CURVE_WITH_KNOTS((1,2,2,2,2,1),(-2.094395102393,0.,
    2.094395102393,4.188790204786,6.28318530718,8.377580409573),
.UNSPECIFIED.) CURVE() GEOMETRIC_REPRESENTATION_ITEM() 
RATIONAL_B_SPLINE_CURVE((1.,0.5,1.,0.5,1.,0.5,1.)) REPRESENTATION_ITEM(
  '') );
#13094 = CARTESIAN_POINT('',(18.5,-20.));
#13095 = CARTESIAN_POINT('',(18.5,-17.40192378864));
#13096 = CARTESIAN_POINT('',(20.75,-18.70096189432));
#13097 = CARTESIAN_POINT('',(23.,-20.));
#13098 = CARTESIAN_POINT('',(20.75,-21.29903810567));
#13099 = CARTESIAN_POINT('',(18.5,-22.59807621135));
#13100 = CARTESIAN_POINT('',(18.5,-20.));
#13101 = ( GEOMETRIC_REPRESENTATION_CONTEXT(2) 
PARAMETRIC_REPRESENTATION_CONTEXT() REPRESENTATION_CONTEXT('2D SPACE',''
  ) );
#13102 = PCURVE('',#13103,#13108);
#13103 = CYLINDRICAL_SURFACE('',#13104,1.5);
#13104 = AXIS2_PLACEMENT_3D('',#13105,#13106,#13107);
#13105 = CARTESIAN_POINT('',(19.95,270.,200.));
#13106 = DIRECTION('',(-1.,-0.,-0.));
#13107 = DIRECTION('',(0.,1.,0.));
#13108 = DEFINITIONAL_REPRESENTATION('',(#13109),#13113);
#13109 = LINE('',#13110,#13111);
#13110 = CARTESIAN_POINT('',(-6.28318530718,-5.E-02));
#13111 = VECTOR('',#13112,1.);
#13112 = DIRECTION('',(1.,-0.));
#13113 = ( GEOMETRIC_REPRESENTATION_CONTEXT(2) 
PARAMETRIC_REPRESENTATION_CONTEXT() REPRESENTATION_CONTEXT('2D SPACE',''
  ) );
#13114 = ADVANCED_FACE('',(#13115),#12986,.F.);
#13115 = FACE_BOUND('',#13116,.F.);
#13116 = EDGE_LOOP('',(#13117,#13140,#13141,#13164));
#13117 = ORIENTED_EDGE('',*,*,#13118,.F.);
#13118 = EDGE_CURVE('',#12964,#13119,#13121,.T.);
#13119 = VERTEX_POINT('',#13120);
#13120 = CARTESIAN_POINT('',(380.,290.,180.));
#13121 = SURFACE_CURVE('',#13122,(#13126,#13133),.PCURVE_S1.);
#13122 = LINE('',#13123,#13124);
#13123 = CARTESIAN_POINT('',(20.,290.,180.));
#13124 = VECTOR('',#13125,1.);
#13125 = DIRECTION('',(1.,0.,0.));
#13126 = PCURVE('',#12986,#13127);
#13127 = DEFINITIONAL_REPRESENTATION('',(#13128),#13132);
#13128 = LINE('',#13129,#13130);
#13129 = CARTESIAN_POINT('',(0.,0.));
#13130 = VECTOR('',#13131,1.);
#13131 = DIRECTION('',(0.,1.));
#13132 = ( GEOMETRIC_REPRESENTATION_CONTEXT(2) 
PARAMETRIC_REPRESENTATION_CONTEXT() REPRESENTATION_CONTEXT('2D SPACE',''
  ) );
#13133 = PCURVE('',#13014,#13134);
#13134 = DEFINITIONAL_REPRESENTATION('',(#13135),#13139);
#13135 = LINE('',#13136,#13137);
#13136 = CARTESIAN_POINT('',(0.,0.));
#13137 = VECTOR('',#13138,1.);
#13138 = DIRECTION('',(1.,0.));
#13139 = ( GEOMETRIC_REPRESENTATION_CONTEXT(2) 
PARAMETRIC_REPRESENTATION_CONTEXT() REPRESENTATION_CONTEXT('2D SPACE',''
  ) );
#13140 = ORIENTED_EDGE('',*,*,#12963,.T.);
#13141 = ORIENTED_EDGE('',*,*,#13142,.T.);
#13142 = EDGE_CURVE('',#12966,#13143,#13145,.T.);
#13143 = VERTEX_POINT('',#13144);
#13144 = CARTESIAN_POINT('',(380.,250.,180.));
#13145 = SURFACE_CURVE('',#13146,(#13150,#13157),.PCURVE_S1.);
#13146 = LINE('',#13147,#13148);
#13147 = CARTESIAN_POINT('',(20.,250.,180.));
#13148 = VECTOR('',#13149,1.);
#13149 = DIRECTION('',(1.,0.,0.));
#13150 = PCURVE('',#12986,#13151);
#13151 = DEFINITIONAL_REPRESENTATION('',(#13152),#13156);
#13152 = LINE('',#13153,#13154);
#13153 = CARTESIAN_POINT('',(40.,0.));
#13154 = VECTOR('',#13155,1.);
#13155 = DIRECTION('',(0.,1.));
#13156 = ( GEOMETRIC_REPRESENTATION_CONTEXT(2) 
PARAMETRIC_REPRESENTATION_CONTEXT() REPRESENTATION_CONTEXT('2D SPACE',''
  ) );
#13157 = PCURVE('',#13068,#13158);
#13158 = DEFINITIONAL_REPRESENTATION('',(#13159),#13163);
#13159 = LINE('',#13160,#13161);
#13160 = CARTESIAN_POINT('',(0.,0.));
#13161 = VECTOR('',#13162,1.);
#13162 = DIRECTION('',(1.,0.));
#13163 = ( GEOMETRIC_REPRESENTATION_CONTEXT(2) 
PARAMETRIC_REPRESENTATION_CONTEXT() REPRESENTATION_CONTEXT('2D SPACE',''
  ) );
#13164 = ORIENTED_EDGE('',*,*,#13165,.F.);
#13165 = EDGE_CURVE('',#13119,#13143,#13166,.T.);
#13166 = SURFACE_CURVE('',#13167,(#13171,#13178),.PCURVE_S1.);
#13167 = LINE('',#13168,#13169);
#13168 = CARTESIAN_POINT('',(380.,290.,180.));
#13169 = VECTOR('',#13170,1.);
#13170 = DIRECTION('',(0.,-1.,0.));
#13171 = PCURVE('',#12986,#13172);
#13172 = DEFINITIONAL_REPRESENTATION('',(#13173),#13177);
#13173 = LINE('',#13174,#13175);
#13174 = CARTESIAN_POINT('',(0.,360.));
#13175 = VECTOR('',#13176,1.);
#13176 = DIRECTION('',(1.,0.));
#13177 = ( GEOMETRIC_REPRESENTATION_CONTEXT(2) 
PARAMETRIC_REPRESENTATION_CONTEXT() REPRESENTATION_CONTEXT('2D SPACE',''
  ) );
#13178 = PCURVE('',#13179,#13184);
#13179 = PLANE('',#13180);
#13180 = AXIS2_PLACEMENT_3D('',#13181,#13182,#13183);
#13181 = CARTESIAN_POINT('',(380.,290.,180.));
#13182 = DIRECTION('',(1.,0.,0.));
#13183 = DIRECTION('',(0.,-1.,0.));
#13184 = DEFINITIONAL_REPRESENTATION('',(#13185),#13189);
#13185 = LINE('',#13186,#13187);
#13186 = CARTESIAN_POINT('',(0.,0.));
#13187 = VECTOR('',#13188,1.);
#13188 = DIRECTION('',(1.,0.));
#13189 = ( GEOMETRIC_REPRESENTATION_CONTEXT(2) 
PARAMETRIC_REPRESENTATION_CONTEXT() REPRESENTATION_CONTEXT('2D SPACE',''
  ) );
#13190 = ADVANCED_FACE('',(#13191),#13068,.T.);
#13191 = FACE_BOUND('',#13192,.T.);
#13192 = EDGE_LOOP('',(#13193,#13194,#13195,#13218));
#13193 = ORIENTED_EDGE('',*,*,#13054,.F.);
#13194 = ORIENTED_EDGE('',*,*,#13142,.T.);
#13195 = ORIENTED_EDGE('',*,*,#13196,.T.);
#13196 = EDGE_CURVE('',#13143,#13197,#13199,.T.);
#13197 = VERTEX_POINT('',#13198);
#13198 = CARTESIAN_POINT('',(380.,250.,220.));
#13199 = SURFACE_CURVE('',#13200,(#13204,#13211),.PCURVE_S1.);
#13200 = LINE('',#13201,#13202);
#13201 = CARTESIAN_POINT('',(380.,250.,180.));
#13202 = VECTOR('',#13203,1.);
#13203 = DIRECTION('',(0.,0.,1.));
#13204 = PCURVE('',#13068,#13205);
#13205 = DEFINITIONAL_REPRESENTATION('',(#13206),#13210);
#13206 = LINE('',#13207,#13208);
#13207 = CARTESIAN_POINT('',(360.,0.));
#13208 = VECTOR('',#13209,1.);
#13209 = DIRECTION('',(0.,1.));
#13210 = ( GEOMETRIC_REPRESENTATION_CONTEXT(2) 
PARAMETRIC_REPRESENTATION_CONTEXT() REPRESENTATION_CONTEXT('2D SPACE',''
  ) );
#13211 = PCURVE('',#13179,#13212);
#13212 = DEFINITIONAL_REPRESENTATION('',(#13213),#13217);
#13213 = LINE('',#13214,#13215);
#13214 = CARTESIAN_POINT('',(40.,0.));
#13215 = VECTOR('',#13216,1.);
#13216 = DIRECTION('',(0.,-1.));
#13217 = ( GEOMETRIC_REPRESENTATION_CONTEXT(2) 
PARAMETRIC_REPRESENTATION_CONTEXT() REPRESENTATION_CONTEXT('2D SPACE',''
  ) );
#13218 = ORIENTED_EDGE('',*,*,#13219,.F.);
#13219 = EDGE_CURVE('',#13027,#13197,#13220,.T.);
#13220 = SURFACE_CURVE('',#13221,(#13225,#13232),.PCURVE_S1.);
#13221 = LINE('',#13222,#13223);
#13222 = CARTESIAN_POINT('',(20.,250.,220.));
#13223 = VECTOR('',#13224,1.);
#13224 = DIRECTION('',(1.,0.,0.));
#13225 = PCURVE('',#13068,#13226);
#13226 = DEFINITIONAL_REPRESENTATION('',(#13227),#13231);
#13227 = LINE('',#13228,#13229);
#13228 = CARTESIAN_POINT('',(0.,40.));
#13229 = VECTOR('',#13230,1.);
#13230 = DIRECTION('',(1.,0.));
#13231 = ( GEOMETRIC_REPRESENTATION_CONTEXT(2) 
PARAMETRIC_REPRESENTATION_CONTEXT() REPRESENTATION_CONTEXT('2D SPACE',''
  ) );
#13232 = PCURVE('',#13042,#13233);
#13233 = DEFINITIONAL_REPRESENTATION('',(#13234),#13238);
#13234 = LINE('',#13235,#13236);
#13235 = CARTESIAN_POINT('',(40.,0.));
#13236 = VECTOR('',#13237,1.);
#13237 = DIRECTION('',(0.,1.));
#13238 = ( GEOMETRIC_REPRESENTATION_CONTEXT(2) 
PARAMETRIC_REPRESENTATION_CONTEXT() REPRESENTATION_CONTEXT('2D SPACE',''
  ) );
#13239 = ADVANCED_FACE('',(#13240),#13014,.F.);
#13240 = FACE_BOUND('',#13241,.F.);
#13241 = EDGE_LOOP('',(#13242,#13243,#13244,#13267));
#13242 = ORIENTED_EDGE('',*,*,#12998,.F.);
#13243 = ORIENTED_EDGE('',*,*,#13118,.T.);
#13244 = ORIENTED_EDGE('',*,*,#13245,.T.);
#13245 = EDGE_CURVE('',#13119,#13246,#13248,.T.);
#13246 = VERTEX_POINT('',#13247);
#13247 = CARTESIAN_POINT('',(380.,290.,220.));
#13248 = SURFACE_CURVE('',#13249,(#13253,#13260),.PCURVE_S1.);
#13249 = LINE('',#13250,#13251);
#13250 = CARTESIAN_POINT('',(380.,290.,180.));
#13251 = VECTOR('',#13252,1.);
#13252 = DIRECTION('',(0.,0.,1.));
#13253 = PCURVE('',#13014,#13254);
#13254 = DEFINITIONAL_REPRESENTATION('',(#13255),#13259);
#13255 = LINE('',#13256,#13257);
#13256 = CARTESIAN_POINT('',(360.,0.));
#13257 = VECTOR('',#13258,1.);
#13258 = DIRECTION('',(0.,1.));
#13259 = ( GEOMETRIC_REPRESENTATION_CONTEXT(2) 
PARAMETRIC_REPRESENTATION_CONTEXT() REPRESENTATION_CONTEXT('2D SPACE',''
  ) );
#13260 = PCURVE('',#13179,#13261);
#13261 = DEFINITIONAL_REPRESENTATION('',(#13262),#13266);
#13262 = LINE('',#13263,#13264);
#13263 = CARTESIAN_POINT('',(0.,0.));
#13264 = VECTOR('',#13265,1.);
#13265 = DIRECTION('',(0.,-1.));
#13266 = ( GEOMETRIC_REPRESENTATION_CONTEXT(2) 
PARAMETRIC_REPRESENTATION_CONTEXT() REPRESENTATION_CONTEXT('2D SPACE',''
  ) );
#13267 = ORIENTED_EDGE('',*,*,#13268,.F.);
#13268 = EDGE_CURVE('',#12999,#13246,#13269,.T.);
#13269 = SURFACE_CURVE('',#13270,(#13274,#13281),.PCURVE_S1.);
#13270 = LINE('',#13271,#13272);
#13271 = CARTESIAN_POINT('',(20.,290.,220.));
#13272 = VECTOR('',#13273,1.);
#13273 = DIRECTION('',(1.,0.,0.));
#13274 = PCURVE('',#13014,#13275);
#13275 = DEFINITIONAL_REPRESENTATION('',(#13276),#13280);
#13276 = LINE('',#13277,#13278);
#13277 = CARTESIAN_POINT('',(0.,40.));
#13278 = VECTOR('',#13279,1.);
#13279 = DIRECTION('',(1.,0.));
#13280 = ( GEOMETRIC_REPRESENTATION_CONTEXT(2) 
PARAMETRIC_REPRESENTATION_CONTEXT() REPRESENTATION_CONTEXT('2D SPACE',''
  ) );
#13281 = PCURVE('',#13042,#13282);
#13282 = DEFINITIONAL_REPRESENTATION('',(#13283),#13287);
#13283 = LINE('',#13284,#13285);
#13284 = CARTESIAN_POINT('',(0.,0.));
#13285 = VECTOR('',#13286,1.);
#13286 = DIRECTION('',(0.,1.));
#13287 = ( GEOMETRIC_REPRESENTATION_CONTEXT(2) 
PARAMETRIC_REPRESENTATION_CONTEXT() REPRESENTATION_CONTEXT('2D SPACE',''
  ) );
#13288 = ADVANCED_FACE('',(#13289),#13042,.T.);
#13289 = FACE_BOUND('',#13290,.T.);
#13290 = EDGE_LOOP('',(#13291,#13292,#13293,#13294));
#13291 = ORIENTED_EDGE('',*,*,#13268,.F.);
#13292 = ORIENTED_EDGE('',*,*,#13026,.T.);
#13293 = ORIENTED_EDGE('',*,*,#13219,.T.);
#13294 = ORIENTED_EDGE('',*,*,#13295,.F.);
#13295 = EDGE_CURVE('',#13246,#13197,#13296,.T.);
#13296 = SURFACE_CURVE('',#13297,(#13301,#13308),.PCURVE_S1.);
#13297 = LINE('',#13298,#13299);
#13298 = CARTESIAN_POINT('',(380.,290.,220.));
#13299 = VECTOR('',#13300,1.);
#13300 = DIRECTION('',(0.,-1.,0.));
#13301 = PCURVE('',#13042,#13302);
#13302 = DEFINITIONAL_REPRESENTATION('',(#13303),#13307);
#13303 = LINE('',#13304,#13305);
#13304 = CARTESIAN_POINT('',(0.,360.));
#13305 = VECTOR('',#13306,1.);
#13306 = DIRECTION('',(1.,0.));
#13307 = ( GEOMETRIC_REPRESENTATION_CONTEXT(2) 
PARAMETRIC_REPRESENTATION_CONTEXT() REPRESENTATION_CONTEXT('2D SPACE',''
  ) );
#13308 = PCURVE('',#13179,#13309);
#13309 = DEFINITIONAL_REPRESENTATION('',(#13310),#13314);
#13310 = LINE('',#13311,#13312);
#13311 = CARTESIAN_POINT('',(0.,-40.));
#13312 = VECTOR('',#13313,1.);
#13313 = DIRECTION('',(1.,0.));
#13314 = ( GEOMETRIC_REPRESENTATION_CONTEXT(2) 
PARAMETRIC_REPRESENTATION_CONTEXT() REPRESENTATION_CONTEXT('2D SPACE',''
  ) );
#13315 = ADVANCED_FACE('',(#13316),#13103,.F.);
#13316 = FACE_BOUND('',#13317,.T.);
#13317 = EDGE_LOOP('',(#13318,#13319,#13342,#13369));
#13318 = ORIENTED_EDGE('',*,*,#13082,.T.);
#13319 = ORIENTED_EDGE('',*,*,#13320,.T.);
#13320 = EDGE_CURVE('',#13083,#13321,#13323,.T.);
#13321 = VERTEX_POINT('',#13322);
#13322 = CARTESIAN_POINT('',(40.05,271.5,200.));
#13323 = SEAM_CURVE('',#13324,(#13328,#13335),.PCURVE_S1.);
#13324 = LINE('',#13325,#13326);
#13325 = CARTESIAN_POINT('',(19.95,271.5,200.));
#13326 = VECTOR('',#13327,1.);
#13327 = DIRECTION('',(1.,0.,0.));
#13328 = PCURVE('',#13103,#13329);
#13329 = DEFINITIONAL_REPRESENTATION('',(#13330),#13334);
#13330 = LINE('',#13331,#13332);
#13331 = CARTESIAN_POINT('',(-6.28318530718,0.));
#13332 = VECTOR('',#13333,1.);
#13333 = DIRECTION('',(-0.,-1.));
#13334 = ( GEOMETRIC_REPRESENTATION_CONTEXT(2) 
PARAMETRIC_REPRESENTATION_CONTEXT() REPRESENTATION_CONTEXT('2D SPACE',''
  ) );
#13335 = PCURVE('',#13103,#13336);
#13336 = DEFINITIONAL_REPRESENTATION('',(#13337),#13341);
#13337 = LINE('',#13338,#13339);
#13338 = CARTESIAN_POINT('',(-0.,0.));
#13339 = VECTOR('',#13340,1.);
#13340 = DIRECTION('',(-0.,-1.));
#13341 = ( GEOMETRIC_REPRESENTATION_CONTEXT(2) 
PARAMETRIC_REPRESENTATION_CONTEXT() REPRESENTATION_CONTEXT('2D SPACE',''
  ) );
#13342 = ORIENTED_EDGE('',*,*,#13343,.T.);
#13343 = EDGE_CURVE('',#13321,#13321,#13344,.T.);
#13344 = SURFACE_CURVE('',#13345,(#13350,#13357),.PCURVE_S1.);
#13345 = CIRCLE('',#13346,1.5);
#13346 = AXIS2_PLACEMENT_3D('',#13347,#13348,#13349);
#13347 = CARTESIAN_POINT('',(40.05,270.,200.));
#13348 = DIRECTION('',(1.,0.,0.));
#13349 = DIRECTION('',(0.,1.,0.));
#13350 = PCURVE('',#13103,#13351);
#13351 = DEFINITIONAL_REPRESENTATION('',(#13352),#13356);
#13352 = LINE('',#13353,#13354);
#13353 = CARTESIAN_POINT('',(-0.,-20.1));
#13354 = VECTOR('',#13355,1.);
#13355 = DIRECTION('',(-1.,0.));
#13356 = ( GEOMETRIC_REPRESENTATION_CONTEXT(2) 
PARAMETRIC_REPRESENTATION_CONTEXT() REPRESENTATION_CONTEXT('2D SPACE',''
  ) );
#13357 = PCURVE('',#13358,#13363);
#13358 = PLANE('',#13359);
#13359 = AXIS2_PLACEMENT_3D('',#13360,#13361,#13362);
#13360 = CARTESIAN_POINT('',(40.05,270.,200.));
#13361 = DIRECTION('',(1.,0.,0.));
#13362 = DIRECTION('',(-0.,0.,1.));
#13363 = DEFINITIONAL_REPRESENTATION('',(#13364),#13368);
#13364 = CIRCLE('',#13365,1.5);
#13365 = AXIS2_PLACEMENT_2D('',#13366,#13367);
#13366 = CARTESIAN_POINT('',(0.,0.));
#13367 = DIRECTION('',(0.,-1.));
#13368 = ( GEOMETRIC_REPRESENTATION_CONTEXT(2) 
PARAMETRIC_REPRESENTATION_CONTEXT() REPRESENTATION_CONTEXT('2D SPACE',''
  ) );
#13369 = ORIENTED_EDGE('',*,*,#13320,.F.);
#13370 = ADVANCED_FACE('',(#13371,#13377),#13179,.T.);
#13371 = FACE_BOUND('',#13372,.T.);
#13372 = EDGE_LOOP('',(#13373,#13374,#13375,#13376));
#13373 = ORIENTED_EDGE('',*,*,#13165,.F.);
#13374 = ORIENTED_EDGE('',*,*,#13245,.T.);
#13375 = ORIENTED_EDGE('',*,*,#13295,.T.);
#13376 = ORIENTED_EDGE('',*,*,#13196,.F.);
#13377 = FACE_BOUND('',#13378,.T.);
#13378 = EDGE_LOOP('',(#13379));
#13379 = ORIENTED_EDGE('',*,*,#13380,.F.);
#13380 = EDGE_CURVE('',#13381,#13381,#13383,.T.);
#13381 = VERTEX_POINT('',#13382);
#13382 = CARTESIAN_POINT('',(380.,271.5,200.));
#13383 = SURFACE_CURVE('',#13384,(#13389,#13396),.PCURVE_S1.);
#13384 = CIRCLE('',#13385,1.5);
#13385 = AXIS2_PLACEMENT_3D('',#13386,#13387,#13388);
#13386 = CARTESIAN_POINT('',(380.,270.,200.));
#13387 = DIRECTION('',(1.,0.,-0.));
#13388 = DIRECTION('',(0.,1.,0.));
#13389 = PCURVE('',#13179,#13390);
#13390 = DEFINITIONAL_REPRESENTATION('',(#13391),#13395);
#13391 = CIRCLE('',#13392,1.5);
#13392 = AXIS2_PLACEMENT_2D('',#13393,#13394);
#13393 = CARTESIAN_POINT('',(20.,-20.));
#13394 = DIRECTION('',(-1.,0.));
#13395 = ( GEOMETRIC_REPRESENTATION_CONTEXT(2) 
PARAMETRIC_REPRESENTATION_CONTEXT() REPRESENTATION_CONTEXT('2D SPACE',''
  ) );
#13396 = PCURVE('',#13397,#13402);
#13397 = CYLINDRICAL_SURFACE('',#13398,1.5);
#13398 = AXIS2_PLACEMENT_3D('',#13399,#13400,#13401);
#13399 = CARTESIAN_POINT('',(380.05,270.,200.));
#13400 = DIRECTION('',(1.,-0.,-0.));
#13401 = DIRECTION('',(0.,1.,0.));
#13402 = DEFINITIONAL_REPRESENTATION('',(#13403),#13407);
#13403 = LINE('',#13404,#13405);
#13404 = CARTESIAN_POINT('',(-6.28318530718,-5.000000000001E-02));
#13405 = VECTOR('',#13406,1.);
#13406 = DIRECTION('',(1.,-0.));
#13407 = ( GEOMETRIC_REPRESENTATION_CONTEXT(2) 
PARAMETRIC_REPRESENTATION_CONTEXT() REPRESENTATION_CONTEXT('2D SPACE',''
  ) );
#13408 = ADVANCED_FACE('',(#13409),#13358,.F.);
#13409 = FACE_BOUND('',#13410,.F.);
#13410 = EDGE_LOOP('',(#13411));
#13411 = ORIENTED_EDGE('',*,*,#13343,.T.);
#13412 = ADVANCED_FACE('',(#13413),#13397,.F.);
#13413 = FACE_BOUND('',#13414,.T.);
#13414 = EDGE_LOOP('',(#13415,#13416,#13439,#13466));
#13415 = ORIENTED_EDGE('',*,*,#13380,.T.);
#13416 = ORIENTED_EDGE('',*,*,#13417,.T.);
#13417 = EDGE_CURVE('',#13381,#13418,#13420,.T.);
#13418 = VERTEX_POINT('',#13419);
#13419 = CARTESIAN_POINT('',(359.95,271.5,200.));
#13420 = SEAM_CURVE('',#13421,(#13425,#13432),.PCURVE_S1.);
#13421 = LINE('',#13422,#13423);
#13422 = CARTESIAN_POINT('',(380.05,271.5,200.));
#13423 = VECTOR('',#13424,1.);
#13424 = DIRECTION('',(-1.,0.,0.));
#13425 = PCURVE('',#13397,#13426);
#13426 = DEFINITIONAL_REPRESENTATION('',(#13427),#13431);
#13427 = LINE('',#13428,#13429);
#13428 = CARTESIAN_POINT('',(-6.28318530718,0.));
#13429 = VECTOR('',#13430,1.);
#13430 = DIRECTION('',(-0.,-1.));
#13431 = ( GEOMETRIC_REPRESENTATION_CONTEXT(2) 
PARAMETRIC_REPRESENTATION_CONTEXT() REPRESENTATION_CONTEXT('2D SPACE',''
  ) );
#13432 = PCURVE('',#13397,#13433);
#13433 = DEFINITIONAL_REPRESENTATION('',(#13434),#13438);
#13434 = LINE('',#13435,#13436);
#13435 = CARTESIAN_POINT('',(-0.,0.));
#13436 = VECTOR('',#13437,1.);
#13437 = DIRECTION('',(-0.,-1.));
#13438 = ( GEOMETRIC_REPRESENTATION_CONTEXT(2) 
PARAMETRIC_REPRESENTATION_CONTEXT() REPRESENTATION_CONTEXT('2D SPACE',''
  ) );
#13439 = ORIENTED_EDGE('',*,*,#13440,.T.);
#13440 = EDGE_CURVE('',#13418,#13418,#13441,.T.);
#13441 = SURFACE_CURVE('',#13442,(#13447,#13454),.PCURVE_S1.);
#13442 = CIRCLE('',#13443,1.5);
#13443 = AXIS2_PLACEMENT_3D('',#13444,#13445,#13446);
#13444 = CARTESIAN_POINT('',(359.95,270.,200.));
#13445 = DIRECTION('',(-1.,0.,0.));
#13446 = DIRECTION('',(0.,1.,0.));
#13447 = PCURVE('',#13397,#13448);
#13448 = DEFINITIONAL_REPRESENTATION('',(#13449),#13453);
#13449 = LINE('',#13450,#13451);
#13450 = CARTESIAN_POINT('',(-0.,-20.1));
#13451 = VECTOR('',#13452,1.);
#13452 = DIRECTION('',(-1.,0.));
#13453 = ( GEOMETRIC_REPRESENTATION_CONTEXT(2) 
PARAMETRIC_REPRESENTATION_CONTEXT() REPRESENTATION_CONTEXT('2D SPACE',''
  ) );
#13454 = PCURVE('',#13455,#13460);
#13455 = PLANE('',#13456);
#13456 = AXIS2_PLACEMENT_3D('',#13457,#13458,#13459);
#13457 = CARTESIAN_POINT('',(359.95,270.,200.));
#13458 = DIRECTION('',(-1.,-0.,-0.));
#13459 = DIRECTION('',(0.,0.,-1.));
#13460 = DEFINITIONAL_REPRESENTATION('',(#13461),#13465);
#13461 = CIRCLE('',#13462,1.5);
#13462 = AXIS2_PLACEMENT_2D('',#13463,#13464);
#13463 = CARTESIAN_POINT('',(0.,0.));
#13464 = DIRECTION('',(0.,-1.));
#13465 = ( GEOMETRIC_REPRESENTATION_CONTEXT(2) 
PARAMETRIC_REPRESENTATION_CONTEXT() REPRESENTATION_CONTEXT('2D SPACE',''
  ) );
#13466 = ORIENTED_EDGE('',*,*,#13417,.F.);
#13467 = ADVANCED_FACE('',(#13468),#13455,.F.);
#13468 = FACE_BOUND('',#13469,.F.);
#13469 = EDGE_LOOP('',(#13470));
#13470 = ORIENTED_EDGE('',*,*,#13440,.T.);
#13471 = ( GEOMETRIC_REPRESENTATION_CONTEXT(3) 
GLOBAL_UNCERTAINTY_ASSIGNED_CONTEXT((#13475)) 
GLOBAL_UNIT_ASSIGNED_CONTEXT((#13472,#13473,#13474)) 
REPRESENTATION_CONTEXT('Context #1',
  '3D Context with UNIT and UNCERTAINTY') );
#13472 = ( LENGTH_UNIT() NAMED_UNIT(*) SI_UNIT(.MILLI.,.METRE.) );
#13473 = ( NAMED_UNIT(*) PLANE_ANGLE_UNIT() SI_UNIT($,.RADIAN.) );
#13474 = ( NAMED_UNIT(*) SI_UNIT($,.STERADIAN.) SOLID_ANGLE_UNIT() );
#13475 = UNCERTAINTY_MEASURE_WITH_UNIT(LENGTH_MEASURE(1.E-07),#13472,
  'distance_accuracy_value','confusion accuracy');
#13476 = CONTEXT_DEPENDENT_SHAPE_REPRESENTATION(#13477,#13479);
#13477 = ( REPRESENTATION_RELATIONSHIP('','',#12956,#10) 
REPRESENTATION_RELATIONSHIP_WITH_TRANSFORMATION(#13478) 
SHAPE_REPRESENTATION_RELATIONSHIP() );
#13478 = ITEM_DEFINED_TRANSFORMATION('','',#11,#63);
#13479 = PRODUCT_DEFINITION_SHAPE('Placement','Placement of an item',
  #13480);
#13480 = NEXT_ASSEMBLY_USAGE_OCCURRENCE('25','brace','',#5,#12951,$);
#13481 = PRODUCT_RELATED_PRODUCT_CATEGORY('part',$,(#12953));
#13482 = MECHANICAL_DESIGN_GEOMETRIC_PRESENTATION_REPRESENTATION('',(
    #13483),#10896);
#13483 = STYLED_ITEM('color',(#13484),#9894);
#13484 = PRESENTATION_STYLE_ASSIGNMENT((#13485));
#13485 = SURFACE_STYLE_USAGE(.BOTH.,#13486);
#13486 = SURFACE_SIDE_STYLE('',(#13487));
#13487 = SURFACE_STYLE_FILL_AREA(#13488);
#13488 = FILL_AREA_STYLE('',(#13489));
#13489 = FILL_AREA_STYLE_COLOUR('',#13490);
#13490 = COLOUR_RGB('',0.870000009629,0.729999995167,0.520000005207);
#13491 = MECHANICAL_DESIGN_GEOMETRIC_PRESENTATION_REPRESENTATION('',(
    #13492),#4482);
#13492 = STYLED_ITEM('color',(#13493),#3312);
#13493 = PRESENTATION_STYLE_ASSIGNMENT((#13494));
#13494 = SURFACE_STYLE_USAGE(.BOTH.,#13495);
#13495 = SURFACE_SIDE_STYLE('',(#13496));
#13496 = SURFACE_STYLE_FILL_AREA(#13497);
#13497 = FILL_AREA_STYLE('',(#13498));
#13498 = FILL_AREA_STYLE_COLOUR('',#13490);
#13499 = MECHANICAL_DESIGN_GEOMETRIC_PRESENTATION_REPRESENTATION('',(
    #13500),#1083);
#13500 = STYLED_ITEM('color',(#13501),#81);
#13501 = PRESENTATION_STYLE_ASSIGNMENT((#13502));
#13502 = SURFACE_STYLE_USAGE(.BOTH.,#13503);
#13503 = SURFACE_SIDE_STYLE('',(#13504));
#13504 = SURFACE_STYLE_FILL_AREA(#13505);
#13505 = FILL_AREA_STYLE('',(#13506));
#13506 = FILL_AREA_STYLE_COLOUR('',#13490);
#13507 = MECHANICAL_DESIGN_GEOMETRIC_PRESENTATION_REPRESENTATION('',(
    #13508),#11917);
#13508 = STYLED_ITEM('color',(#13509),#10915);
#13509 = PRESENTATION_STYLE_ASSIGNMENT((#13510));
#13510 = SURFACE_STYLE_USAGE(.BOTH.,#13511);
#13511 = SURFACE_SIDE_STYLE('',(#13512));
#13512 = SURFACE_STYLE_FILL_AREA(#13513);
#13513 = FILL_AREA_STYLE('',(#13514));
#13514 = FILL_AREA_STYLE_COLOUR('',#13490);
#13515 = MECHANICAL_DESIGN_GEOMETRIC_PRESENTATION_REPRESENTATION('',(
    #13516),#5583);
#13516 = STYLED_ITEM('color',(#13517),#4501);
#13517 = PRESENTATION_STYLE_ASSIGNMENT((#13518));
#13518 = SURFACE_STYLE_USAGE(.BOTH.,#13519);
#13519 = SURFACE_SIDE_STYLE('',(#13520));
#13520 = SURFACE_STYLE_FILL_AREA(#13521);
#13521 = FILL_AREA_STYLE('',(#13522));
#13522 = FILL_AREA_STYLE_COLOUR('',#13490);
#13523 = MECHANICAL_DESIGN_GEOMETRIC_PRESENTATION_REPRESENTATION('',(
    #13524),#7769);
#13524 = STYLED_ITEM('color',(#13525),#6687);
#13525 = PRESENTATION_STYLE_ASSIGNMENT((#13526));
#13526 = SURFACE_STYLE_USAGE(.BOTH.,#13527);
#13527 = SURFACE_SIDE_STYLE('',(#13528));
#13528 = SURFACE_STYLE_FILL_AREA(#13529);
#13529 = FILL_AREA_STYLE('',(#13530));
#13530 = FILL_AREA_STYLE_COLOUR('',#13490);
#13531 = MECHANICAL_DESIGN_GEOMETRIC_PRESENTATION_REPRESENTATION('',(
    #13532),#12938);
#13532 = STYLED_ITEM('color',(#13533),#11936);
#13533 = PRESENTATION_STYLE_ASSIGNMENT((#13534));
#13534 = SURFACE_STYLE_USAGE(.BOTH.,#13535);
#13535 = SURFACE_SIDE_STYLE('',(#13536));
#13536 = SURFACE_STYLE_FILL_AREA(#13537);
#13537 = FILL_AREA_STYLE('',(#13538));
#13538 = FILL_AREA_STYLE_COLOUR('',#13490);
#13539 = MECHANICAL_DESIGN_GEOMETRIC_PRESENTATION_REPRESENTATION('',(
    #13540),#9875);
#13540 = STYLED_ITEM('color',(#13541),#8873);
#13541 = PRESENTATION_STYLE_ASSIGNMENT((#13542));
#13542 = SURFACE_STYLE_USAGE(.BOTH.,#13543);
#13543 = SURFACE_SIDE_STYLE('',(#13544));
#13544 = SURFACE_STYLE_FILL_AREA(#13545);
#13545 = FILL_AREA_STYLE('',(#13546));
#13546 = FILL_AREA_STYLE_COLOUR('',#13490);
#13547 = MECHANICAL_DESIGN_GEOMETRIC_PRESENTATION_REPRESENTATION('',(
    #13548),#6668);
#13548 = STYLED_ITEM('color',(#13549),#5602);
#13549 = PRESENTATION_STYLE_ASSIGNMENT((#13550));
#13550 = SURFACE_STYLE_USAGE(.BOTH.,#13551);
#13551 = SURFACE_SIDE_STYLE('',(#13552));
#13552 = SURFACE_STYLE_FILL_AREA(#13553);
#13553 = FILL_AREA_STYLE('',(#13554));
#13554 = FILL_AREA_STYLE_COLOUR('',#13490);
#13555 = MECHANICAL_DESIGN_GEOMETRIC_PRESENTATION_REPRESENTATION('',(
    #13556),#13471);
#13556 = STYLED_ITEM('color',(#13557),#12957);
#13557 = PRESENTATION_STYLE_ASSIGNMENT((#13558));
#13558 = SURFACE_STYLE_USAGE(.BOTH.,#13559);
#13559 = SURFACE_SIDE_STYLE('',(#13560));
#13560 = SURFACE_STYLE_FILL_AREA(#13561);
#13561 = FILL_AREA_STYLE('',(#13562));
#13562 = FILL_AREA_STYLE_COLOUR('',#13490);
#13563 = MECHANICAL_DESIGN_GEOMETRIC_PRESENTATION_REPRESENTATION('',(
    #13564),#3293);
#13564 = STYLED_ITEM('color',(#13565),#2291);
#13565 = PRESENTATION_STYLE_ASSIGNMENT((#13566));
#13566 = SURFACE_STYLE_USAGE(.BOTH.,#13567);
#13567 = SURFACE_SIDE_STYLE('',(#13568));
#13568 = SURFACE_STYLE_FILL_AREA(#13569);
#13569 = FILL_AREA_STYLE('',(#13570));
#13570 = FILL_AREA_STYLE_COLOUR('',#13490);
#13571 = MECHANICAL_DESIGN_GEOMETRIC_PRESENTATION_REPRESENTATION('',(
    #13572),#8854);
#13572 = STYLED_ITEM('color',(#13573),#7788);
#13573 = PRESENTATION_STYLE_ASSIGNMENT((#13574));
#13574 = SURFACE_STYLE_USAGE(.BOTH.,#13575);
#13575 = SURFACE_SIDE_STYLE('',(#13576));
#13576 = SURFACE_STYLE_FILL_AREA(#13577);
#13577 = FILL_AREA_STYLE('',(#13578));
#13578 = FILL_AREA_STYLE_COLOUR('',#13490);
#13579 = MECHANICAL_DESIGN_GEOMETRIC_PRESENTATION_REPRESENTATION('',(
    #13580),#2272);
#13580 = STYLED_ITEM('color',(#13581),#1102);
#13581 = PRESENTATION_STYLE_ASSIGNMENT((#13582));
#13582 = SURFACE_STYLE_USAGE(.BOTH.,#13583);
#13583 = SURFACE_SIDE_STYLE('',(#13584));
#13584 = SURFACE_STYLE_FILL_AREA(#13585);
#13585 = FILL_AREA_STYLE('',(#13586));
#13586 = FILL_AREA_STYLE_COLOUR('',#13490);
ENDSEC;
END-ISO-10303-21;
