ISO-10303-21;
HEADER;
FILE_DESCRIPTION(('Open CASCADE Model'),'2;1');
FILE_NAME('Open CASCADE Shape Model','2026-09-17T14:49:27',('Author'),(
    'Open CASCADE'),'Open CASCADE STEP processor 7.9','Open CASCADE 7.9'
  ,'Unknown');
FILE_SCHEMA(('AUTOMOTIVE_DESIGN { 1 0 10303 214 1 1 1 1 }'));
ENDSEC;
DATA;
#1 = APPLICATION_PROTOCOL_DEFINITION('international standard',
  'automotive_design',2000,#2);
#2 = APPLICATION_CONTEXT(
  'core data for automotive mechanical design processes');
#3 = SHAPE_DEFINITION_REPRESENTATION(#4,#10);
#4 = PRODUCT_DEFINITION_SHAPE('','',#5);
#5 = PRODUCT_DEFINITION('design','',#6,#9);
#6 = PRODUCT_DEFINITION_FORMATION('','',#7);
#7 = PRODUCT('project','project','',(#8));
#8 = PRODUCT_CONTEXT('',#2,'mechanical');
#9 = PRODUCT_DEFINITION_CONTEXT('part definition',#2,'design');
#10 = SHAPE_REPRESENTATION('',(#11,#15,#19,#23),#27);
#11 = AXIS2_PLACEMENT_3D('',#12,#13,#14);
#12 = CARTESIAN_POINT('',(0.,0.,0.));
#13 = DIRECTION('',(0.,0.,1.));
#14 = DIRECTION('',(1.,0.,-0.));
#15 = AXIS2_PLACEMENT_3D('',#16,#17,#18);
#16 = CARTESIAN_POINT('',(0.,0.,0.));
#17 = DIRECTION('',(0.,0.,1.));
#18 = DIRECTION('',(1.,0.,-0.));
#19 = AXIS2_PLACEMENT_3D('',#20,#21,#22);
#20 = CARTESIAN_POINT('',(0.,0.,0.));
#21 = DIRECTION('',(0.,0.,1.));
#22 = DIRECTION('',(1.,0.,-0.));
#23 = AXIS2_PLACEMENT_3D('',#24,#25,#26);
#24 = CARTESIAN_POINT('',(0.,0.,0.));
#25 = DIRECTION('',(0.,0.,1.));
#26 = DIRECTION('',(1.,0.,-0.));
#27 = ( GEOMETRIC_REPRESENTATION_CONTEXT(3) 
GLOBAL_UNCERTAINTY_ASSIGNED_CONTEXT((#31)) GLOBAL_UNIT_ASSIGNED_CONTEXT(
(#28,#29,#30)) REPRESENTATION_CONTEXT('Context #1',
  '3D Context with UNIT and UNCERTAINTY') );
#28 = ( LENGTH_UNIT() NAMED_UNIT(*) SI_UNIT(.MILLI.,.METRE.) );
#29 = ( NAMED_UNIT(*) PLANE_ANGLE_UNIT() SI_UNIT($,.RADIAN.) );
#30 = ( NAMED_UNIT(*) SI_UNIT($,.STERADIAN.) SOLID_ANGLE_UNIT() );
#31 = UNCERTAINTY_MEASURE_WITH_UNIT(LENGTH_MEASURE(1.E-07),#28,
  'distance_accuracy_value','confusion accuracy');
#32 = PRODUCT_RELATED_PRODUCT_CATEGORY('part',$,(#7));
#33 = SHAPE_DEFINITION_REPRESENTATION(#34,#40);
#34 = PRODUCT_DEFINITION_SHAPE('','',#35);
#35 = PRODUCT_DEFINITION('design','',#36,#39);
#36 = PRODUCT_DEFINITION_FORMATION('','',#37);
#37 = PRODUCT('shelf','shelf','',(#38));
#38 = PRODUCT_CONTEXT('',#2,'mechanical');
#39 = PRODUCT_DEFINITION_CONTEXT('part definition',#2,'design');
#40 = ADVANCED_BREP_SHAPE_REPRESENTATION('',(#11,#41),#739);
#41 = MANIFOLD_SOLID_BREP('',#42);
#42 = CLOSED_SHELL('',(#43,#163,#239,#428,#477,#624,#631,#658,#685,#712)
  );
#43 = ADVANCED_FACE('',(#44),#58,.F.);
#44 = FACE_BOUND('',#45,.F.);
#45 = EDGE_LOOP('',(#46,#81,#109,#137));
#46 = ORIENTED_EDGE('',*,*,#47,.F.);
#47 = EDGE_CURVE('',#48,#50,#52,.T.);
#48 = VERTEX_POINT('',#49);
#49 = CARTESIAN_POINT('',(0.,0.,250.));
#50 = VERTEX_POINT('',#51);
#51 = CARTESIAN_POINT('',(0.,0.,270.));
#52 = SURFACE_CURVE('',#53,(#57,#69),.PCURVE_S1.);
#53 = LINE('',#54,#55);
#54 = CARTESIAN_POINT('',(0.,0.,250.));
#55 = VECTOR('',#56,1.);
#56 = DIRECTION('',(0.,0.,1.));
#57 = PCURVE('',#58,#63);
#58 = PLANE('',#59);
#59 = AXIS2_PLACEMENT_3D('',#60,#61,#62);
#60 = CARTESIAN_POINT('',(0.,0.,250.));
#61 = DIRECTION('',(1.,0.,0.));
#62 = DIRECTION('',(0.,0.,1.));
#63 = DEFINITIONAL_REPRESENTATION('',(#64),#68);
#64 = LINE('',#65,#66);
#65 = CARTESIAN_POINT('',(0.,0.));
#66 = VECTOR('',#67,1.);
#67 = DIRECTION('',(1.,0.));
#68 = ( GEOMETRIC_REPRESENTATION_CONTEXT(2) 
PARAMETRIC_REPRESENTATION_CONTEXT() REPRESENTATION_CONTEXT('2D SPACE',''
  ) );
#69 = PCURVE('',#70,#75);
#70 = PLANE('',#71);
#71 = AXIS2_PLACEMENT_3D('',#72,#73,#74);
#72 = CARTESIAN_POINT('',(0.,0.,250.));
#73 = DIRECTION('',(0.,1.,0.));
#74 = DIRECTION('',(0.,0.,1.));
#75 = DEFINITIONAL_REPRESENTATION('',(#76),#80);
#76 = LINE('',#77,#78);
#77 = CARTESIAN_POINT('',(0.,0.));
#78 = VECTOR('',#79,1.);
#79 = DIRECTION('',(1.,0.));
#80 = ( GEOMETRIC_REPRESENTATION_CONTEXT(2) 
PARAMETRIC_REPRESENTATION_CONTEXT() REPRESENTATION_CONTEXT('2D SPACE',''
  ) );
#81 = ORIENTED_EDGE('',*,*,#82,.T.);
#82 = EDGE_CURVE('',#48,#83,#85,.T.);
#83 = VERTEX_POINT('',#84);
#84 = CARTESIAN_POINT('',(0.,145.,250.));
#85 = SURFACE_CURVE('',#86,(#90,#97),.PCURVE_S1.);
#86 = LINE('',#87,#88);
#87 = CARTESIAN_POINT('',(0.,0.,250.));
#88 = VECTOR('',#89,1.);
#89 = DIRECTION('',(0.,1.,0.));
#90 = PCURVE('',#58,#91);
#91 = DEFINITIONAL_REPRESENTATION('',(#92),#96);
#92 = LINE('',#93,#94);
#93 = CARTESIAN_POINT('',(0.,0.));
#94 = VECTOR('',#95,1.);
#95 = DIRECTION('',(0.,-1.));
#96 = ( GEOMETRIC_REPRESENTATION_CONTEXT(2) 
PARAMETRIC_REPRESENTATION_CONTEXT() REPRESENTATION_CONTEXT('2D SPACE',''
  ) );
#97 = PCURVE('',#98,#103);
#98 = PLANE('',#99);
#99 = AXIS2_PLACEMENT_3D('',#100,#101,#102);
#100 = CARTESIAN_POINT('',(0.,0.,250.));
#101 = DIRECTION('',(0.,0.,1.));
#102 = DIRECTION('',(1.,0.,0.));
#103 = DEFINITIONAL_REPRESENTATION('',(#104),#108);
#104 = LINE('',#105,#106);
#105 = CARTESIAN_POINT('',(0.,0.));
#106 = VECTOR('',#107,1.);
#107 = DIRECTION('',(0.,1.));
#108 = ( GEOMETRIC_REPRESENTATION_CONTEXT(2) 
PARAMETRIC_REPRESENTATION_CONTEXT() REPRESENTATION_CONTEXT('2D SPACE',''
  ) );
#109 = ORIENTED_EDGE('',*,*,#110,.T.);
#110 = EDGE_CURVE('',#83,#111,#113,.T.);
#111 = VERTEX_POINT('',#112);
#112 = CARTESIAN_POINT('',(0.,145.,270.));
#113 = SURFACE_CURVE('',#114,(#118,#125),.PCURVE_S1.);
#114 = LINE('',#115,#116);
#115 = CARTESIAN_POINT('',(0.,145.,250.));
#116 = VECTOR('',#117,1.);
#117 = DIRECTION('',(0.,0.,1.));
#118 = PCURVE('',#58,#119);
#119 = DEFINITIONAL_REPRESENTATION('',(#120),#124);
#120 = LINE('',#121,#122);
#121 = CARTESIAN_POINT('',(0.,-145.));
#122 = VECTOR('',#123,1.);
#123 = DIRECTION('',(1.,0.));
#124 = ( GEOMETRIC_REPRESENTATION_CONTEXT(2) 
PARAMETRIC_REPRESENTATION_CONTEXT() REPRESENTATION_CONTEXT('2D SPACE',''
  ) );
#125 = PCURVE('',#126,#131);
#126 = PLANE('',#127);
#127 = AXIS2_PLACEMENT_3D('',#128,#129,#130);
#128 = CARTESIAN_POINT('',(0.,145.,250.));
#129 = DIRECTION('',(0.,1.,0.));
#130 = DIRECTION('',(0.,0.,1.));
#131 = DEFINITIONAL_REPRESENTATION('',(#132),#136);
#132 = LINE('',#133,#134);
#133 = CARTESIAN_POINT('',(0.,0.));
#134 = VECTOR('',#135,1.);
#135 = DIRECTION('',(1.,0.));
#136 = ( GEOMETRIC_REPRESENTATION_CONTEXT(2) 
PARAMETRIC_REPRESENTATION_CONTEXT() REPRESENTATION_CONTEXT('2D SPACE',''
  ) );
#137 = ORIENTED_EDGE('',*,*,#138,.F.);
#138 = EDGE_CURVE('',#50,#111,#139,.T.);
#139 = SURFACE_CURVE('',#140,(#144,#151),.PCURVE_S1.);
#140 = LINE('',#141,#142);
#141 = CARTESIAN_POINT('',(0.,0.,270.));
#142 = VECTOR('',#143,1.);
#143 = DIRECTION('',(0.,1.,0.));
#144 = PCURVE('',#58,#145);
#145 = DEFINITIONAL_REPRESENTATION('',(#146),#150);
#146 = LINE('',#147,#148);
#147 = CARTESIAN_POINT('',(20.,0.));
#148 = VECTOR('',#149,1.);
#149 = DIRECTION('',(0.,-1.));
#150 = ( GEOMETRIC_REPRESENTATION_CONTEXT(2) 
PARAMETRIC_REPRESENTATION_CONTEXT() REPRESENTATION_CONTEXT('2D SPACE',''
  ) );
#151 = PCURVE('',#152,#157);
#152 = PLANE('',#153);
#153 = AXIS2_PLACEMENT_3D('',#154,#155,#156);
#154 = CARTESIAN_POINT('',(0.,0.,270.));
#155 = DIRECTION('',(0.,0.,1.));
#156 = DIRECTION('',(1.,0.,0.));
#157 = DEFINITIONAL_REPRESENTATION('',(#158),#162);
#158 = LINE('',#159,#160);
#159 = CARTESIAN_POINT('',(0.,0.));
#160 = VECTOR('',#161,1.);
#161 = DIRECTION('',(0.,1.));
#162 = ( GEOMETRIC_REPRESENTATION_CONTEXT(2) 
PARAMETRIC_REPRESENTATION_CONTEXT() REPRESENTATION_CONTEXT('2D SPACE',''
  ) );
#163 = ADVANCED_FACE('',(#164),#70,.F.);
#164 = FACE_BOUND('',#165,.F.);
#165 = EDGE_LOOP('',(#166,#189,#190,#213));
#166 = ORIENTED_EDGE('',*,*,#167,.F.);
#167 = EDGE_CURVE('',#48,#168,#170,.T.);
#168 = VERTEX_POINT('',#169);
#169 = CARTESIAN_POINT('',(800.,0.,250.));
#170 = SURFACE_CURVE('',#171,(#175,#182),.PCURVE_S1.);
#171 = LINE('',#172,#173);
#172 = CARTESIAN_POINT('',(0.,0.,250.));
#173 = VECTOR('',#174,1.);
#174 = DIRECTION('',(1.,0.,0.));
#175 = PCURVE('',#70,#176);
#176 = DEFINITIONAL_REPRESENTATION('',(#177),#181);
#177 = LINE('',#178,#179);
#178 = CARTESIAN_POINT('',(0.,0.));
#179 = VECTOR('',#180,1.);
#180 = DIRECTION('',(0.,1.));
#181 = ( GEOMETRIC_REPRESENTATION_CONTEXT(2) 
PARAMETRIC_REPRESENTATION_CONTEXT() REPRESENTATION_CONTEXT('2D SPACE',''
  ) );
#182 = PCURVE('',#98,#183);
#183 = DEFINITIONAL_REPRESENTATION('',(#184),#188);
#184 = LINE('',#185,#186);
#185 = CARTESIAN_POINT('',(0.,0.));
#186 = VECTOR('',#187,1.);
#187 = DIRECTION('',(1.,0.));
#188 = ( GEOMETRIC_REPRESENTATION_CONTEXT(2) 
PARAMETRIC_REPRESENTATION_CONTEXT() REPRESENTATION_CONTEXT('2D SPACE',''
  ) );
#189 = ORIENTED_EDGE('',*,*,#47,.T.);
#190 = ORIENTED_EDGE('',*,*,#191,.T.);
#191 = EDGE_CURVE('',#50,#192,#194,.T.);
#192 = VERTEX_POINT('',#193);
#193 = CARTESIAN_POINT('',(800.,0.,270.));
#194 = SURFACE_CURVE('',#195,(#199,#206),.PCURVE_S1.);
#195 = LINE('',#196,#197);
#196 = CARTESIAN_POINT('',(0.,0.,270.));
#197 = VECTOR('',#198,1.);
#198 = DIRECTION('',(1.,0.,0.));
#199 = PCURVE('',#70,#200);
#200 = DEFINITIONAL_REPRESENTATION('',(#201),#205);
#201 = LINE('',#202,#203);
#202 = CARTESIAN_POINT('',(20.,0.));
#203 = VECTOR('',#204,1.);
#204 = DIRECTION('',(0.,1.));
#205 = ( GEOMETRIC_REPRESENTATION_CONTEXT(2) 
PARAMETRIC_REPRESENTATION_CONTEXT() REPRESENTATION_CONTEXT('2D SPACE',''
  ) );
#206 = PCURVE('',#152,#207);
#207 = DEFINITIONAL_REPRESENTATION('',(#208),#212);
#208 = LINE('',#209,#210);
#209 = CARTESIAN_POINT('',(0.,0.));
#210 = VECTOR('',#211,1.);
#211 = DIRECTION('',(1.,0.));
#212 = ( GEOMETRIC_REPRESENTATION_CONTEXT(2) 
PARAMETRIC_REPRESENTATION_CONTEXT() REPRESENTATION_CONTEXT('2D SPACE',''
  ) );
#213 = ORIENTED_EDGE('',*,*,#214,.F.);
#214 = EDGE_CURVE('',#168,#192,#215,.T.);
#215 = SURFACE_CURVE('',#216,(#220,#227),.PCURVE_S1.);
#216 = LINE('',#217,#218);
#217 = CARTESIAN_POINT('',(800.,0.,250.));
#218 = VECTOR('',#219,1.);
#219 = DIRECTION('',(0.,0.,1.));
#220 = PCURVE('',#70,#221);
#221 = DEFINITIONAL_REPRESENTATION('',(#222),#226);
#222 = LINE('',#223,#224);
#223 = CARTESIAN_POINT('',(0.,800.));
#224 = VECTOR('',#225,1.);
#225 = DIRECTION('',(1.,0.));
#226 = ( GEOMETRIC_REPRESENTATION_CONTEXT(2) 
PARAMETRIC_REPRESENTATION_CONTEXT() REPRESENTATION_CONTEXT('2D SPACE',''
  ) );
#227 = PCURVE('',#228,#233);
#228 = PLANE('',#229);
#229 = AXIS2_PLACEMENT_3D('',#230,#231,#232);
#230 = CARTESIAN_POINT('',(800.,0.,250.));
#231 = DIRECTION('',(1.,0.,0.));
#232 = DIRECTION('',(0.,0.,1.));
#233 = DEFINITIONAL_REPRESENTATION('',(#234),#238);
#234 = LINE('',#235,#236);
#235 = CARTESIAN_POINT('',(0.,0.));
#236 = VECTOR('',#237,1.);
#237 = DIRECTION('',(1.,0.));
#238 = ( GEOMETRIC_REPRESENTATION_CONTEXT(2) 
PARAMETRIC_REPRESENTATION_CONTEXT() REPRESENTATION_CONTEXT('2D SPACE',''
  ) );
#239 = ADVANCED_FACE('',(#240,#288,#323,#358,#393),#152,.T.);
#240 = FACE_BOUND('',#241,.T.);
#241 = EDGE_LOOP('',(#242,#243,#244,#267));
#242 = ORIENTED_EDGE('',*,*,#138,.F.);
#243 = ORIENTED_EDGE('',*,*,#191,.T.);
#244 = ORIENTED_EDGE('',*,*,#245,.T.);
#245 = EDGE_CURVE('',#192,#246,#248,.T.);
#246 = VERTEX_POINT('',#247);
#247 = CARTESIAN_POINT('',(800.,145.,270.));
#248 = SURFACE_CURVE('',#249,(#253,#260),.PCURVE_S1.);
#249 = LINE('',#250,#251);
#250 = CARTESIAN_POINT('',(800.,0.,270.));
#251 = VECTOR('',#252,1.);
#252 = DIRECTION('',(0.,1.,0.));
#253 = PCURVE('',#152,#254);
#254 = DEFINITIONAL_REPRESENTATION('',(#255),#259);
#255 = LINE('',#256,#257);
#256 = CARTESIAN_POINT('',(800.,0.));
#257 = VECTOR('',#258,1.);
#258 = DIRECTION('',(0.,1.));
#259 = ( GEOMETRIC_REPRESENTATION_CONTEXT(2) 
PARAMETRIC_REPRESENTATION_CONTEXT() REPRESENTATION_CONTEXT('2D SPACE',''
  ) );
#260 = PCURVE('',#228,#261);
#261 = DEFINITIONAL_REPRESENTATION('',(#262),#266);
#262 = LINE('',#263,#264);
#263 = CARTESIAN_POINT('',(20.,0.));
#264 = VECTOR('',#265,1.);
#265 = DIRECTION('',(0.,-1.));
#266 = ( GEOMETRIC_REPRESENTATION_CONTEXT(2) 
PARAMETRIC_REPRESENTATION_CONTEXT() REPRESENTATION_CONTEXT('2D SPACE',''
  ) );
#267 = ORIENTED_EDGE('',*,*,#268,.F.);
#268 = EDGE_CURVE('',#111,#246,#269,.T.);
#269 = SURFACE_CURVE('',#270,(#274,#281),.PCURVE_S1.);
#270 = LINE('',#271,#272);
#271 = CARTESIAN_POINT('',(0.,145.,270.));
#272 = VECTOR('',#273,1.);
#273 = DIRECTION('',(1.,0.,0.));
#274 = PCURVE('',#152,#275);
#275 = DEFINITIONAL_REPRESENTATION('',(#276),#280);
#276 = LINE('',#277,#278);
#277 = CARTESIAN_POINT('',(0.,145.));
#278 = VECTOR('',#279,1.);
#279 = DIRECTION('',(1.,0.));
#280 = ( GEOMETRIC_REPRESENTATION_CONTEXT(2) 
PARAMETRIC_REPRESENTATION_CONTEXT() REPRESENTATION_CONTEXT('2D SPACE',''
  ) );
#281 = PCURVE('',#126,#282);
#282 = DEFINITIONAL_REPRESENTATION('',(#283),#287);
#283 = LINE('',#284,#285);
#284 = CARTESIAN_POINT('',(20.,0.));
#285 = VECTOR('',#286,1.);
#286 = DIRECTION('',(0.,1.));
#287 = ( GEOMETRIC_REPRESENTATION_CONTEXT(2) 
PARAMETRIC_REPRESENTATION_CONTEXT() REPRESENTATION_CONTEXT('2D SPACE',''
  ) );
#288 = FACE_BOUND('',#289,.T.);
#289 = EDGE_LOOP('',(#290));
#290 = ORIENTED_EDGE('',*,*,#291,.T.);
#291 = EDGE_CURVE('',#292,#292,#294,.T.);
#292 = VERTEX_POINT('',#293);
#293 = CARTESIAN_POINT('',(113.75,25.,270.));
#294 = SURFACE_CURVE('',#295,(#300,#311),.PCURVE_S1.);
#295 = CIRCLE('',#296,1.25);
#296 = AXIS2_PLACEMENT_3D('',#297,#298,#299);
#297 = CARTESIAN_POINT('',(112.5,25.,270.));
#298 = DIRECTION('',(0.,0.,-1.));
#299 = DIRECTION('',(1.,0.,0.));
#300 = PCURVE('',#152,#301);
#301 = DEFINITIONAL_REPRESENTATION('',(#302),#310);
#302 = ( BOUNDED_CURVE() B_SPLINE_CURVE(2,(#303,#304,#305,#306,#307,#308
,#309),.UNSPECIFIED.,.T.,.F.) B_SPLINE_CURVE_WITH_KNOTS((1,2,2,2,2,1),(
    -2.094395102393,0.,2.094395102393,4.188790204786,6.28318530718,
8.377580409573),.UNSPECIFIED.) CURVE() GEOMETRIC_REPRESENTATION_ITEM() 
RATIONAL_B_SPLINE_CURVE((1.,0.5,1.,0.5,1.,0.5,1.)) REPRESENTATION_ITEM(
  '') );
#303 = CARTESIAN_POINT('',(113.75,25.));
#304 = CARTESIAN_POINT('',(113.75,22.834936490539));
#305 = CARTESIAN_POINT('',(111.875,23.917468245269));
#306 = CARTESIAN_POINT('',(110.,25.));
#307 = CARTESIAN_POINT('',(111.875,26.082531754731));
#308 = CARTESIAN_POINT('',(113.75,27.165063509461));
#309 = CARTESIAN_POINT('',(113.75,25.));
#310 = ( GEOMETRIC_REPRESENTATION_CONTEXT(2) 
PARAMETRIC_REPRESENTATION_CONTEXT() REPRESENTATION_CONTEXT('2D SPACE',''
  ) );
#311 = PCURVE('',#312,#317);
#312 = CYLINDRICAL_SURFACE('',#313,1.25);
#313 = AXIS2_PLACEMENT_3D('',#314,#315,#316);
#314 = CARTESIAN_POINT('',(112.5,25.,249.95));
#315 = DIRECTION('',(-0.,-0.,-1.));
#316 = DIRECTION('',(1.,0.,0.));
#317 = DEFINITIONAL_REPRESENTATION('',(#318),#322);
#318 = LINE('',#319,#320);
#319 = CARTESIAN_POINT('',(-6.28318530718,-20.05));
#320 = VECTOR('',#321,1.);
#321 = DIRECTION('',(1.,-0.));
#322 = ( GEOMETRIC_REPRESENTATION_CONTEXT(2) 
PARAMETRIC_REPRESENTATION_CONTEXT() REPRESENTATION_CONTEXT('2D SPACE',''
  ) );
#323 = FACE_BOUND('',#324,.T.);
#324 = EDGE_LOOP('',(#325));
#325 = ORIENTED_EDGE('',*,*,#326,.T.);
#326 = EDGE_CURVE('',#327,#327,#329,.T.);
#327 = VERTEX_POINT('',#328);
#328 = CARTESIAN_POINT('',(688.75,25.,270.));
#329 = SURFACE_CURVE('',#330,(#335,#346),.PCURVE_S1.);
#330 = CIRCLE('',#331,1.25);
#331 = AXIS2_PLACEMENT_3D('',#332,#333,#334);
#332 = CARTESIAN_POINT('',(687.5,25.,270.));
#333 = DIRECTION('',(0.,0.,-1.));
#334 = DIRECTION('',(1.,0.,0.));
#335 = PCURVE('',#152,#336);
#336 = DEFINITIONAL_REPRESENTATION('',(#337),#345);
#337 = ( BOUNDED_CURVE() B_SPLINE_CURVE(2,(#338,#339,#340,#341,#342,#343
,#344),.UNSPECIFIED.,.T.,.F.) B_SPLINE_CURVE_WITH_KNOTS((1,2,2,2,2,1),(
    -2.094395102393,0.,2.094395102393,4.188790204786,6.28318530718,
8.377580409573),.UNSPECIFIED.) CURVE() GEOMETRIC_REPRESENTATION_ITEM() 
RATIONAL_B_SPLINE_CURVE((1.,0.5,1.,0.5,1.,0.5,1.)) REPRESENTATION_ITEM(
  '') );
#338 = CARTESIAN_POINT('',(688.75,25.));
#339 = CARTESIAN_POINT('',(688.75,22.834936490539));
#340 = CARTESIAN_POINT('',(686.875,23.917468245269));
#341 = CARTESIAN_POINT('',(685.,25.));
#342 = CARTESIAN_POINT('',(686.875,26.082531754731));
#343 = CARTESIAN_POINT('',(688.75,27.165063509461));
#344 = CARTESIAN_POINT('',(688.75,25.));
#345 = ( GEOMETRIC_REPRESENTATION_CONTEXT(2) 
PARAMETRIC_REPRESENTATION_CONTEXT() REPRESENTATION_CONTEXT('2D SPACE',''
  ) );
#346 = PCURVE('',#347,#352);
#347 = CYLINDRICAL_SURFACE('',#348,1.25);
#348 = AXIS2_PLACEMENT_3D('',#349,#350,#351);
#349 = CARTESIAN_POINT('',(687.5,25.,249.95));
#350 = DIRECTION('',(-0.,-0.,-1.));
#351 = DIRECTION('',(1.,0.,0.));
#352 = DEFINITIONAL_REPRESENTATION('',(#353),#357);
#353 = LINE('',#354,#355);
#354 = CARTESIAN_POINT('',(-6.28318530718,-20.05));
#355 = VECTOR('',#356,1.);
#356 = DIRECTION('',(1.,-0.));
#357 = ( GEOMETRIC_REPRESENTATION_CONTEXT(2) 
PARAMETRIC_REPRESENTATION_CONTEXT() REPRESENTATION_CONTEXT('2D SPACE',''
  ) );
#358 = FACE_BOUND('',#359,.T.);
#359 = EDGE_LOOP('',(#360));
#360 = ORIENTED_EDGE('',*,*,#361,.T.);
#361 = EDGE_CURVE('',#362,#362,#364,.T.);
#362 = VERTEX_POINT('',#363);
#363 = CARTESIAN_POINT('',(113.75,120.,270.));
#364 = SURFACE_CURVE('',#365,(#370,#381),.PCURVE_S1.);
#365 = CIRCLE('',#366,1.25);
#366 = AXIS2_PLACEMENT_3D('',#367,#368,#369);
#367 = CARTESIAN_POINT('',(112.5,120.,270.));
#368 = DIRECTION('',(0.,0.,-1.));
#369 = DIRECTION('',(1.,0.,0.));
#370 = PCURVE('',#152,#371);
#371 = DEFINITIONAL_REPRESENTATION('',(#372),#380);
#372 = ( BOUNDED_CURVE() B_SPLINE_CURVE(2,(#373,#374,#375,#376,#377,#378
,#379),.UNSPECIFIED.,.T.,.F.) B_SPLINE_CURVE_WITH_KNOTS((1,2,2,2,2,1),(
    -2.094395102393,0.,2.094395102393,4.188790204786,6.28318530718,
8.377580409573),.UNSPECIFIED.) CURVE() GEOMETRIC_REPRESENTATION_ITEM() 
RATIONAL_B_SPLINE_CURVE((1.,0.5,1.,0.5,1.,0.5,1.)) REPRESENTATION_ITEM(
  '') );
#373 = CARTESIAN_POINT('',(113.75,120.));
#374 = CARTESIAN_POINT('',(113.75,117.83493649053));
#375 = CARTESIAN_POINT('',(111.875,118.91746824526));
#376 = CARTESIAN_POINT('',(110.,120.));
#377 = CARTESIAN_POINT('',(111.875,121.08253175473));
#378 = CARTESIAN_POINT('',(113.75,122.16506350946));
#379 = CARTESIAN_POINT('',(113.75,120.));
#380 = ( GEOMETRIC_REPRESENTATION_CONTEXT(2) 
PARAMETRIC_REPRESENTATION_CONTEXT() REPRESENTATION_CONTEXT('2D SPACE',''
  ) );
#381 = PCURVE('',#382,#387);
#382 = CYLINDRICAL_SURFACE('',#383,1.25);
#383 = AXIS2_PLACEMENT_3D('',#384,#385,#386);
#384 = CARTESIAN_POINT('',(112.5,120.,249.95));
#385 = DIRECTION('',(-0.,-0.,-1.));
#386 = DIRECTION('',(1.,0.,0.));
#387 = DEFINITIONAL_REPRESENTATION('',(#388),#392);
#388 = LINE('',#389,#390);
#389 = CARTESIAN_POINT('',(-6.28318530718,-20.05));
#390 = VECTOR('',#391,1.);
#391 = DIRECTION('',(1.,-0.));
#392 = ( GEOMETRIC_REPRESENTATION_CONTEXT(2) 
PARAMETRIC_REPRESENTATION_CONTEXT() REPRESENTATION_CONTEXT('2D SPACE',''
  ) );
#393 = FACE_BOUND('',#394,.T.);
#394 = EDGE_LOOP('',(#395));
#395 = ORIENTED_EDGE('',*,*,#396,.T.);
#396 = EDGE_CURVE('',#397,#397,#399,.T.);
#397 = VERTEX_POINT('',#398);
#398 = CARTESIAN_POINT('',(688.75,120.,270.));
#399 = SURFACE_CURVE('',#400,(#405,#416),.PCURVE_S1.);
#400 = CIRCLE('',#401,1.25);
#401 = AXIS2_PLACEMENT_3D('',#402,#403,#404);
#402 = CARTESIAN_POINT('',(687.5,120.,270.));
#403 = DIRECTION('',(0.,0.,-1.));
#404 = DIRECTION('',(1.,0.,0.));
#405 = PCURVE('',#152,#406);
#406 = DEFINITIONAL_REPRESENTATION('',(#407),#415);
#407 = ( BOUNDED_CURVE() B_SPLINE_CURVE(2,(#408,#409,#410,#411,#412,#413
,#414),.UNSPECIFIED.,.T.,.F.) B_SPLINE_CURVE_WITH_KNOTS((1,2,2,2,2,1),(
    -2.094395102393,0.,2.094395102393,4.188790204786,6.28318530718,
8.377580409573),.UNSPECIFIED.) CURVE() GEOMETRIC_REPRESENTATION_ITEM() 
RATIONAL_B_SPLINE_CURVE((1.,0.5,1.,0.5,1.,0.5,1.)) REPRESENTATION_ITEM(
  '') );
#408 = CARTESIAN_POINT('',(688.75,120.));
#409 = CARTESIAN_POINT('',(688.75,117.83493649053));
#410 = CARTESIAN_POINT('',(686.875,118.91746824526));
#411 = CARTESIAN_POINT('',(685.,120.));
#412 = CARTESIAN_POINT('',(686.875,121.08253175473));
#413 = CARTESIAN_POINT('',(688.75,122.16506350946));
#414 = CARTESIAN_POINT('',(688.75,120.));
#415 = ( GEOMETRIC_REPRESENTATION_CONTEXT(2) 
PARAMETRIC_REPRESENTATION_CONTEXT() REPRESENTATION_CONTEXT('2D SPACE',''
  ) );
#416 = PCURVE('',#417,#422);
#417 = CYLINDRICAL_SURFACE('',#418,1.25);
#418 = AXIS2_PLACEMENT_3D('',#419,#420,#421);
#419 = CARTESIAN_POINT('',(687.5,120.,249.95));
#420 = DIRECTION('',(-0.,-0.,-1.));
#421 = DIRECTION('',(1.,0.,0.));
#422 = DEFINITIONAL_REPRESENTATION('',(#423),#427);
#423 = LINE('',#424,#425);
#424 = CARTESIAN_POINT('',(-6.28318530718,-20.05));
#425 = VECTOR('',#426,1.);
#426 = DIRECTION('',(1.,-0.));
#427 = ( GEOMETRIC_REPRESENTATION_CONTEXT(2) 
PARAMETRIC_REPRESENTATION_CONTEXT() REPRESENTATION_CONTEXT('2D SPACE',''
  ) );
#428 = ADVANCED_FACE('',(#429),#126,.T.);
#429 = FACE_BOUND('',#430,.T.);
#430 = EDGE_LOOP('',(#431,#454,#455,#456));
#431 = ORIENTED_EDGE('',*,*,#432,.F.);
#432 = EDGE_CURVE('',#83,#433,#435,.T.);
#433 = VERTEX_POINT('',#434);
#434 = CARTESIAN_POINT('',(800.,145.,250.));
#435 = SURFACE_CURVE('',#436,(#440,#447),.PCURVE_S1.);
#436 = LINE('',#437,#438);
#437 = CARTESIAN_POINT('',(0.,145.,250.));
#438 = VECTOR('',#439,1.);
#439 = DIRECTION('',(1.,0.,0.));
#440 = PCURVE('',#126,#441);
#441 = DEFINITIONAL_REPRESENTATION('',(#442),#446);
#442 = LINE('',#443,#444);
#443 = CARTESIAN_POINT('',(0.,0.));
#444 = VECTOR('',#445,1.);
#445 = DIRECTION('',(0.,1.));
#446 = ( GEOMETRIC_REPRESENTATION_CONTEXT(2) 
PARAMETRIC_REPRESENTATION_CONTEXT() REPRESENTATION_CONTEXT('2D SPACE',''
  ) );
#447 = PCURVE('',#98,#448);
#448 = DEFINITIONAL_REPRESENTATION('',(#449),#453);
#449 = LINE('',#450,#451);
#450 = CARTESIAN_POINT('',(0.,145.));
#451 = VECTOR('',#452,1.);
#452 = DIRECTION('',(1.,0.));
#453 = ( GEOMETRIC_REPRESENTATION_CONTEXT(2) 
PARAMETRIC_REPRESENTATION_CONTEXT() REPRESENTATION_CONTEXT('2D SPACE',''
  ) );
#454 = ORIENTED_EDGE('',*,*,#110,.T.);
#455 = ORIENTED_EDGE('',*,*,#268,.T.);
#456 = ORIENTED_EDGE('',*,*,#457,.F.);
#457 = EDGE_CURVE('',#433,#246,#458,.T.);
#458 = SURFACE_CURVE('',#459,(#463,#470),.PCURVE_S1.);
#459 = LINE('',#460,#461);
#460 = CARTESIAN_POINT('',(800.,145.,250.));
#461 = VECTOR('',#462,1.);
#462 = DIRECTION('',(0.,0.,1.));
#463 = PCURVE('',#126,#464);
#464 = DEFINITIONAL_REPRESENTATION('',(#465),#469);
#465 = LINE('',#466,#467);
#466 = CARTESIAN_POINT('',(0.,800.));
#467 = VECTOR('',#468,1.);
#468 = DIRECTION('',(1.,0.));
#469 = ( GEOMETRIC_REPRESENTATION_CONTEXT(2) 
PARAMETRIC_REPRESENTATION_CONTEXT() REPRESENTATION_CONTEXT('2D SPACE',''
  ) );
#470 = PCURVE('',#228,#471);
#471 = DEFINITIONAL_REPRESENTATION('',(#472),#476);
#472 = LINE('',#473,#474);
#473 = CARTESIAN_POINT('',(0.,-145.));
#474 = VECTOR('',#475,1.);
#475 = DIRECTION('',(1.,0.));
#476 = ( GEOMETRIC_REPRESENTATION_CONTEXT(2) 
PARAMETRIC_REPRESENTATION_CONTEXT() REPRESENTATION_CONTEXT('2D SPACE',''
  ) );
#477 = ADVANCED_FACE('',(#478,#504,#534,#564,#594),#98,.F.);
#478 = FACE_BOUND('',#479,.F.);
#479 = EDGE_LOOP('',(#480,#481,#482,#503));
#480 = ORIENTED_EDGE('',*,*,#82,.F.);
#481 = ORIENTED_EDGE('',*,*,#167,.T.);
#482 = ORIENTED_EDGE('',*,*,#483,.T.);
#483 = EDGE_CURVE('',#168,#433,#484,.T.);
#484 = SURFACE_CURVE('',#485,(#489,#496),.PCURVE_S1.);
#485 = LINE('',#486,#487);
#486 = CARTESIAN_POINT('',(800.,0.,250.));
#487 = VECTOR('',#488,1.);
#488 = DIRECTION('',(0.,1.,0.));
#489 = PCURVE('',#98,#490);
#490 = DEFINITIONAL_REPRESENTATION('',(#491),#495);
#491 = LINE('',#492,#493);
#492 = CARTESIAN_POINT('',(800.,0.));
#493 = VECTOR('',#494,1.);
#494 = DIRECTION('',(0.,1.));
#495 = ( GEOMETRIC_REPRESENTATION_CONTEXT(2) 
PARAMETRIC_REPRESENTATION_CONTEXT() REPRESENTATION_CONTEXT('2D SPACE',''
  ) );
#496 = PCURVE('',#228,#497);
#497 = DEFINITIONAL_REPRESENTATION('',(#498),#502);
#498 = LINE('',#499,#500);
#499 = CARTESIAN_POINT('',(0.,0.));
#500 = VECTOR('',#501,1.);
#501 = DIRECTION('',(0.,-1.));
#502 = ( GEOMETRIC_REPRESENTATION_CONTEXT(2) 
PARAMETRIC_REPRESENTATION_CONTEXT() REPRESENTATION_CONTEXT('2D SPACE',''
  ) );
#503 = ORIENTED_EDGE('',*,*,#432,.F.);
#504 = FACE_BOUND('',#505,.F.);
#505 = EDGE_LOOP('',(#506));
#506 = ORIENTED_EDGE('',*,*,#507,.T.);
#507 = EDGE_CURVE('',#508,#508,#510,.T.);
#508 = VERTEX_POINT('',#509);
#509 = CARTESIAN_POINT('',(113.75,25.,250.));
#510 = SURFACE_CURVE('',#511,(#516,#527),.PCURVE_S1.);
#511 = CIRCLE('',#512,1.25);
#512 = AXIS2_PLACEMENT_3D('',#513,#514,#515);
#513 = CARTESIAN_POINT('',(112.5,25.,250.));
#514 = DIRECTION('',(0.,0.,-1.));
#515 = DIRECTION('',(1.,0.,0.));
#516 = PCURVE('',#98,#517);
#517 = DEFINITIONAL_REPRESENTATION('',(#518),#526);
#518 = ( BOUNDED_CURVE() B_SPLINE_CURVE(2,(#519,#520,#521,#522,#523,#524
,#525),.UNSPECIFIED.,.T.,.F.) B_SPLINE_CURVE_WITH_KNOTS((1,2,2,2,2,1),(
    -2.094395102393,0.,2.094395102393,4.188790204786,6.28318530718,
8.377580409573),.UNSPECIFIED.) CURVE() GEOMETRIC_REPRESENTATION_ITEM() 
RATIONAL_B_SPLINE_CURVE((1.,0.5,1.,0.5,1.,0.5,1.)) REPRESENTATION_ITEM(
  '') );
#519 = CARTESIAN_POINT('',(113.75,25.));
#520 = CARTESIAN_POINT('',(113.75,22.834936490539));
#521 = CARTESIAN_POINT('',(111.875,23.917468245269));
#522 = CARTESIAN_POINT('',(110.,25.));
#523 = CARTESIAN_POINT('',(111.875,26.082531754731));
#524 = CARTESIAN_POINT('',(113.75,27.165063509461));
#525 = CARTESIAN_POINT('',(113.75,25.));
#526 = ( GEOMETRIC_REPRESENTATION_CONTEXT(2) 
PARAMETRIC_REPRESENTATION_CONTEXT() REPRESENTATION_CONTEXT('2D SPACE',''
  ) );
#527 = PCURVE('',#312,#528);
#528 = DEFINITIONAL_REPRESENTATION('',(#529),#533);
#529 = LINE('',#530,#531);
#530 = CARTESIAN_POINT('',(-6.28318530718,-5.000000000001E-02));
#531 = VECTOR('',#532,1.);
#532 = DIRECTION('',(1.,-0.));
#533 = ( GEOMETRIC_REPRESENTATION_CONTEXT(2) 
PARAMETRIC_REPRESENTATION_CONTEXT() REPRESENTATION_CONTEXT('2D SPACE',''
  ) );
#534 = FACE_BOUND('',#535,.F.);
#535 = EDGE_LOOP('',(#536));
#536 = ORIENTED_EDGE('',*,*,#537,.T.);
#537 = EDGE_CURVE('',#538,#538,#540,.T.);
#538 = VERTEX_POINT('',#539);
#539 = CARTESIAN_POINT('',(688.75,25.,250.));
#540 = SURFACE_CURVE('',#541,(#546,#557),.PCURVE_S1.);
#541 = CIRCLE('',#542,1.25);
#542 = AXIS2_PLACEMENT_3D('',#543,#544,#545);
#543 = CARTESIAN_POINT('',(687.5,25.,250.));
#544 = DIRECTION('',(0.,0.,-1.));
#545 = DIRECTION('',(1.,0.,0.));
#546 = PCURVE('',#98,#547);
#547 = DEFINITIONAL_REPRESENTATION('',(#548),#556);
#548 = ( BOUNDED_CURVE() B_SPLINE_CURVE(2,(#549,#550,#551,#552,#553,#554
,#555),.UNSPECIFIED.,.T.,.F.) B_SPLINE_CURVE_WITH_KNOTS((1,2,2,2,2,1),(
    -2.094395102393,0.,2.094395102393,4.188790204786,6.28318530718,
8.377580409573),.UNSPECIFIED.) CURVE() GEOMETRIC_REPRESENTATION_ITEM() 
RATIONAL_B_SPLINE_CURVE((1.,0.5,1.,0.5,1.,0.5,1.)) REPRESENTATION_ITEM(
  '') );
#549 = CARTESIAN_POINT('',(688.75,25.));
#550 = CARTESIAN_POINT('',(688.75,22.834936490539));
#551 = CARTESIAN_POINT('',(686.875,23.917468245269));
#552 = CARTESIAN_POINT('',(685.,25.));
#553 = CARTESIAN_POINT('',(686.875,26.082531754731));
#554 = CARTESIAN_POINT('',(688.75,27.165063509461));
#555 = CARTESIAN_POINT('',(688.75,25.));
#556 = ( GEOMETRIC_REPRESENTATION_CONTEXT(2) 
PARAMETRIC_REPRESENTATION_CONTEXT() REPRESENTATION_CONTEXT('2D SPACE',''
  ) );
#557 = PCURVE('',#347,#558);
#558 = DEFINITIONAL_REPRESENTATION('',(#559),#563);
#559 = LINE('',#560,#561);
#560 = CARTESIAN_POINT('',(-6.28318530718,-5.000000000001E-02));
#561 = VECTOR('',#562,1.);
#562 = DIRECTION('',(1.,-0.));
#563 = ( GEOMETRIC_REPRESENTATION_CONTEXT(2) 
PARAMETRIC_REPRESENTATION_CONTEXT() REPRESENTATION_CONTEXT('2D SPACE',''
  ) );
#564 = FACE_BOUND('',#565,.F.);
#565 = EDGE_LOOP('',(#566));
#566 = ORIENTED_EDGE('',*,*,#567,.T.);
#567 = EDGE_CURVE('',#568,#568,#570,.T.);
#568 = VERTEX_POINT('',#569);
#569 = CARTESIAN_POINT('',(113.75,120.,250.));
#570 = SURFACE_CURVE('',#571,(#576,#587),.PCURVE_S1.);
#571 = CIRCLE('',#572,1.25);
#572 = AXIS2_PLACEMENT_3D('',#573,#574,#575);
#573 = CARTESIAN_POINT('',(112.5,120.,250.));
#574 = DIRECTION('',(0.,0.,-1.));
#575 = DIRECTION('',(1.,0.,0.));
#576 = PCURVE('',#98,#577);
#577 = DEFINITIONAL_REPRESENTATION('',(#578),#586);
#578 = ( BOUNDED_CURVE() B_SPLINE_CURVE(2,(#579,#580,#581,#582,#583,#584
,#585),.UNSPECIFIED.,.T.,.F.) B_SPLINE_CURVE_WITH_KNOTS((1,2,2,2,2,1),(
    -2.094395102393,0.,2.094395102393,4.188790204786,6.28318530718,
8.377580409573),.UNSPECIFIED.) CURVE() GEOMETRIC_REPRESENTATION_ITEM() 
RATIONAL_B_SPLINE_CURVE((1.,0.5,1.,0.5,1.,0.5,1.)) REPRESENTATION_ITEM(
  '') );
#579 = CARTESIAN_POINT('',(113.75,120.));
#580 = CARTESIAN_POINT('',(113.75,117.83493649053));
#581 = CARTESIAN_POINT('',(111.875,118.91746824526));
#582 = CARTESIAN_POINT('',(110.,120.));
#583 = CARTESIAN_POINT('',(111.875,121.08253175473));
#584 = CARTESIAN_POINT('',(113.75,122.16506350946));
#585 = CARTESIAN_POINT('',(113.75,120.));
#586 = ( GEOMETRIC_REPRESENTATION_CONTEXT(2) 
PARAMETRIC_REPRESENTATION_CONTEXT() REPRESENTATION_CONTEXT('2D SPACE',''
  ) );
#587 = PCURVE('',#382,#588);
#588 = DEFINITIONAL_REPRESENTATION('',(#589),#593);
#589 = LINE('',#590,#591);
#590 = CARTESIAN_POINT('',(-6.28318530718,-5.000000000001E-02));
#591 = VECTOR('',#592,1.);
#592 = DIRECTION('',(1.,-0.));
#593 = ( GEOMETRIC_REPRESENTATION_CONTEXT(2) 
PARAMETRIC_REPRESENTATION_CONTEXT() REPRESENTATION_CONTEXT('2D SPACE',''
  ) );
#594 = FACE_BOUND('',#595,.F.);
#595 = EDGE_LOOP('',(#596));
#596 = ORIENTED_EDGE('',*,*,#597,.T.);
#597 = EDGE_CURVE('',#598,#598,#600,.T.);
#598 = VERTEX_POINT('',#599);
#599 = CARTESIAN_POINT('',(688.75,120.,250.));
#600 = SURFACE_CURVE('',#601,(#606,#617),.PCURVE_S1.);
#601 = CIRCLE('',#602,1.25);
#602 = AXIS2_PLACEMENT_3D('',#603,#604,#605);
#603 = CARTESIAN_POINT('',(687.5,120.,250.));
#604 = DIRECTION('',(0.,0.,-1.));
#605 = DIRECTION('',(1.,0.,0.));
#606 = PCURVE('',#98,#607);
#607 = DEFINITIONAL_REPRESENTATION('',(#608),#616);
#608 = ( BOUNDED_CURVE() B_SPLINE_CURVE(2,(#609,#610,#611,#612,#613,#614
,#615),.UNSPECIFIED.,.T.,.F.) B_SPLINE_CURVE_WITH_KNOTS((1,2,2,2,2,1),(
    -2.094395102393,0.,2.094395102393,4.188790204786,6.28318530718,
8.377580409573),.UNSPECIFIED.) CURVE() GEOMETRIC_REPRESENTATION_ITEM() 
RATIONAL_B_SPLINE_CURVE((1.,0.5,1.,0.5,1.,0.5,1.)) REPRESENTATION_ITEM(
  '') );
#609 = CARTESIAN_POINT('',(688.75,120.));
#610 = CARTESIAN_POINT('',(688.75,117.83493649053));
#611 = CARTESIAN_POINT('',(686.875,118.91746824526));
#612 = CARTESIAN_POINT('',(685.,120.));
#613 = CARTESIAN_POINT('',(686.875,121.08253175473));
#614 = CARTESIAN_POINT('',(688.75,122.16506350946));
#615 = CARTESIAN_POINT('',(688.75,120.));
#616 = ( GEOMETRIC_REPRESENTATION_CONTEXT(2) 
PARAMETRIC_REPRESENTATION_CONTEXT() REPRESENTATION_CONTEXT('2D SPACE',''
  ) );
#617 = PCURVE('',#417,#618);
#618 = DEFINITIONAL_REPRESENTATION('',(#619),#623);
#619 = LINE('',#620,#621);
#620 = CARTESIAN_POINT('',(-6.28318530718,-5.000000000001E-02));
#621 = VECTOR('',#622,1.);
#622 = DIRECTION('',(1.,-0.));
#623 = ( GEOMETRIC_REPRESENTATION_CONTEXT(2) 
PARAMETRIC_REPRESENTATION_CONTEXT() REPRESENTATION_CONTEXT('2D SPACE',''
  ) );
#624 = ADVANCED_FACE('',(#625),#228,.T.);
#625 = FACE_BOUND('',#626,.T.);
#626 = EDGE_LOOP('',(#627,#628,#629,#630));
#627 = ORIENTED_EDGE('',*,*,#214,.F.);
#628 = ORIENTED_EDGE('',*,*,#483,.T.);
#629 = ORIENTED_EDGE('',*,*,#457,.T.);
#630 = ORIENTED_EDGE('',*,*,#245,.F.);
#631 = ADVANCED_FACE('',(#632),#312,.F.);
#632 = FACE_BOUND('',#633,.T.);
#633 = EDGE_LOOP('',(#634,#635,#656,#657));
#634 = ORIENTED_EDGE('',*,*,#507,.T.);
#635 = ORIENTED_EDGE('',*,*,#636,.T.);
#636 = EDGE_CURVE('',#508,#292,#637,.T.);
#637 = SEAM_CURVE('',#638,(#642,#649),.PCURVE_S1.);
#638 = LINE('',#639,#640);
#639 = CARTESIAN_POINT('',(113.75,25.,249.95));
#640 = VECTOR('',#641,1.);
#641 = DIRECTION('',(0.,0.,1.));
#642 = PCURVE('',#312,#643);
#643 = DEFINITIONAL_REPRESENTATION('',(#644),#648);
#644 = LINE('',#645,#646);
#645 = CARTESIAN_POINT('',(-6.28318530718,0.));
#646 = VECTOR('',#647,1.);
#647 = DIRECTION('',(-0.,-1.));
#648 = ( GEOMETRIC_REPRESENTATION_CONTEXT(2) 
PARAMETRIC_REPRESENTATION_CONTEXT() REPRESENTATION_CONTEXT('2D SPACE',''
  ) );
#649 = PCURVE('',#312,#650);
#650 = DEFINITIONAL_REPRESENTATION('',(#651),#655);
#651 = LINE('',#652,#653);
#652 = CARTESIAN_POINT('',(-0.,0.));
#653 = VECTOR('',#654,1.);
#654 = DIRECTION('',(-0.,-1.));
#655 = ( GEOMETRIC_REPRESENTATION_CONTEXT(2) 
PARAMETRIC_REPRESENTATION_CONTEXT() REPRESENTATION_CONTEXT('2D SPACE',''
  ) );
#656 = ORIENTED_EDGE('',*,*,#291,.F.);
#657 = ORIENTED_EDGE('',*,*,#636,.F.);
#658 = ADVANCED_FACE('',(#659),#347,.F.);
#659 = FACE_BOUND('',#660,.T.);
#660 = EDGE_LOOP('',(#661,#662,#683,#684));
#661 = ORIENTED_EDGE('',*,*,#537,.T.);
#662 = ORIENTED_EDGE('',*,*,#663,.T.);
#663 = EDGE_CURVE('',#538,#327,#664,.T.);
#664 = SEAM_CURVE('',#665,(#669,#676),.PCURVE_S1.);
#665 = LINE('',#666,#667);
#666 = CARTESIAN_POINT('',(688.75,25.,249.95));
#667 = VECTOR('',#668,1.);
#668 = DIRECTION('',(0.,0.,1.));
#669 = PCURVE('',#347,#670);
#670 = DEFINITIONAL_REPRESENTATION('',(#671),#675);
#671 = LINE('',#672,#673);
#672 = CARTESIAN_POINT('',(-6.28318530718,0.));
#673 = VECTOR('',#674,1.);
#674 = DIRECTION('',(-0.,-1.));
#675 = ( GEOMETRIC_REPRESENTATION_CONTEXT(2) 
PARAMETRIC_REPRESENTATION_CONTEXT() REPRESENTATION_CONTEXT('2D SPACE',''
  ) );
#676 = PCURVE('',#347,#677);
#677 = DEFINITIONAL_REPRESENTATION('',(#678),#682);
#678 = LINE('',#679,#680);
#679 = CARTESIAN_POINT('',(-0.,0.));
#680 = VECTOR('',#681,1.);
#681 = DIRECTION('',(-0.,-1.));
#682 = ( GEOMETRIC_REPRESENTATION_CONTEXT(2) 
PARAMETRIC_REPRESENTATION_CONTEXT() REPRESENTATION_CONTEXT('2D SPACE',''
  ) );
#683 = ORIENTED_EDGE('',*,*,#326,.F.);
#684 = ORIENTED_EDGE('',*,*,#663,.F.);
#685 = ADVANCED_FACE('',(#686),#382,.F.);
#686 = FACE_BOUND('',#687,.T.);
#687 = EDGE_LOOP('',(#688,#689,#710,#711));
#688 = ORIENTED_EDGE('',*,*,#567,.T.);
#689 = ORIENTED_EDGE('',*,*,#690,.T.);
#690 = EDGE_CURVE('',#568,#362,#691,.T.);
#691 = SEAM_CURVE('',#692,(#696,#703),.PCURVE_S1.);
#692 = LINE('',#693,#694);
#693 = CARTESIAN_POINT('',(113.75,120.,249.95));
#694 = VECTOR('',#695,1.);
#695 = DIRECTION('',(0.,0.,1.));
#696 = PCURVE('',#382,#697);
#697 = DEFINITIONAL_REPRESENTATION('',(#698),#702);
#698 = LINE('',#699,#700);
#699 = CARTESIAN_POINT('',(-6.28318530718,0.));
#700 = VECTOR('',#701,1.);
#701 = DIRECTION('',(-0.,-1.));
#702 = ( GEOMETRIC_REPRESENTATION_CONTEXT(2) 
PARAMETRIC_REPRESENTATION_CONTEXT() REPRESENTATION_CONTEXT('2D SPACE',''
  ) );
#703 = PCURVE('',#382,#704);
#704 = DEFINITIONAL_REPRESENTATION('',(#705),#709);
#705 = LINE('',#706,#707);
#706 = CARTESIAN_POINT('',(-0.,0.));
#707 = VECTOR('',#708,1.);
#708 = DIRECTION('',(-0.,-1.));
#709 = ( GEOMETRIC_REPRESENTATION_CONTEXT(2) 
PARAMETRIC_REPRESENTATION_CONTEXT() REPRESENTATION_CONTEXT('2D SPACE',''
  ) );
#710 = ORIENTED_EDGE('',*,*,#361,.F.);
#711 = ORIENTED_EDGE('',*,*,#690,.F.);
#712 = ADVANCED_FACE('',(#713),#417,.F.);
#713 = FACE_BOUND('',#714,.T.);
#714 = EDGE_LOOP('',(#715,#716,#737,#738));
#715 = ORIENTED_EDGE('',*,*,#597,.T.);
#716 = ORIENTED_EDGE('',*,*,#717,.T.);
#717 = EDGE_CURVE('',#598,#397,#718,.T.);
#718 = SEAM_CURVE('',#719,(#723,#730),.PCURVE_S1.);
#719 = LINE('',#720,#721);
#720 = CARTESIAN_POINT('',(688.75,120.,249.95));
#721 = VECTOR('',#722,1.);
#722 = DIRECTION('',(0.,0.,1.));
#723 = PCURVE('',#417,#724);
#724 = DEFINITIONAL_REPRESENTATION('',(#725),#729);
#725 = LINE('',#726,#727);
#726 = CARTESIAN_POINT('',(-6.28318530718,0.));
#727 = VECTOR('',#728,1.);
#728 = DIRECTION('',(-0.,-1.));
#729 = ( GEOMETRIC_REPRESENTATION_CONTEXT(2) 
PARAMETRIC_REPRESENTATION_CONTEXT() REPRESENTATION_CONTEXT('2D SPACE',''
  ) );
#730 = PCURVE('',#417,#731);
#731 = DEFINITIONAL_REPRESENTATION('',(#732),#736);
#732 = LINE('',#733,#734);
#733 = CARTESIAN_POINT('',(-0.,0.));
#734 = VECTOR('',#735,1.);
#735 = DIRECTION('',(-0.,-1.));
#736 = ( GEOMETRIC_REPRESENTATION_CONTEXT(2) 
PARAMETRIC_REPRESENTATION_CONTEXT() REPRESENTATION_CONTEXT('2D SPACE',''
  ) );
#737 = ORIENTED_EDGE('',*,*,#396,.F.);
#738 = ORIENTED_EDGE('',*,*,#717,.F.);
#739 = ( GEOMETRIC_REPRESENTATION_CONTEXT(3) 
GLOBAL_UNCERTAINTY_ASSIGNED_CONTEXT((#743)) GLOBAL_UNIT_ASSIGNED_CONTEXT
((#740,#741,#742)) REPRESENTATION_CONTEXT('Context #1',
  '3D Context with UNIT and UNCERTAINTY') );
#740 = ( LENGTH_UNIT() NAMED_UNIT(*) SI_UNIT(.MILLI.,.METRE.) );
#741 = ( NAMED_UNIT(*) PLANE_ANGLE_UNIT() SI_UNIT($,.RADIAN.) );
#742 = ( NAMED_UNIT(*) SI_UNIT($,.STERADIAN.) SOLID_ANGLE_UNIT() );
#743 = UNCERTAINTY_MEASURE_WITH_UNIT(LENGTH_MEASURE(1.E-07),#740,
  'distance_accuracy_value','confusion accuracy');
#744 = CONTEXT_DEPENDENT_SHAPE_REPRESENTATION(#745,#747);
#745 = ( REPRESENTATION_RELATIONSHIP('','',#40,#10) 
REPRESENTATION_RELATIONSHIP_WITH_TRANSFORMATION(#746) 
SHAPE_REPRESENTATION_RELATIONSHIP() );
#746 = ITEM_DEFINED_TRANSFORMATION('','',#11,#15);
#747 = PRODUCT_DEFINITION_SHAPE('Placement','Placement of an item',#748
  );
#748 = NEXT_ASSEMBLY_USAGE_OCCURRENCE('13','shelf','',#5,#35,$);
#749 = PRODUCT_RELATED_PRODUCT_CATEGORY('part',$,(#37));
#750 = SHAPE_DEFINITION_REPRESENTATION(#751,#757);
#751 = PRODUCT_DEFINITION_SHAPE('','',#752);
#752 = PRODUCT_DEFINITION('design','',#753,#756);
#753 = PRODUCT_DEFINITION_FORMATION('','',#754);
#754 = PRODUCT('bracket_1','bracket_1','',(#755));
#755 = PRODUCT_CONTEXT('',#2,'mechanical');
#756 = PRODUCT_DEFINITION_CONTEXT('part definition',#2,'design');
#757 = ADVANCED_BREP_SHAPE_REPRESENTATION('',(#11,#758),#1698);
#758 = MANIFOLD_SOLID_BREP('',#759);
#759 = CLOSED_SHELL('',(#760,#1012,#1088,#1193,#1288,#1315,#1365,#1420,
    #1470,#1525,#1552,#1637,#1644,#1671));
#760 = ADVANCED_FACE('',(#761,#880,#915,#946,#981),#775,.F.);
#761 = FACE_BOUND('',#762,.F.);
#762 = EDGE_LOOP('',(#763,#798,#826,#854));
#763 = ORIENTED_EDGE('',*,*,#764,.T.);
#764 = EDGE_CURVE('',#765,#767,#769,.T.);
#765 = VERTEX_POINT('',#766);
#766 = CARTESIAN_POINT('',(100.,0.,250.));
#767 = VERTEX_POINT('',#768);
#768 = CARTESIAN_POINT('',(100.,250.,250.));
#769 = SURFACE_CURVE('',#770,(#774,#786),.PCURVE_S1.);
#770 = LINE('',#771,#772);
#771 = CARTESIAN_POINT('',(100.,0.,250.));
#772 = VECTOR('',#773,1.);
#773 = DIRECTION('',(0.,1.,0.));
#774 = PCURVE('',#775,#780);
#775 = PLANE('',#776);
#776 = AXIS2_PLACEMENT_3D('',#777,#778,#779);
#777 = CARTESIAN_POINT('',(100.,0.,250.));
#778 = DIRECTION('',(0.,0.,-1.));
#779 = DIRECTION('',(1.,0.,0.));
#780 = DEFINITIONAL_REPRESENTATION('',(#781),#785);
#781 = LINE('',#782,#783);
#782 = CARTESIAN_POINT('',(0.,0.));
#783 = VECTOR('',#784,1.);
#784 = DIRECTION('',(0.,-1.));
#785 = ( GEOMETRIC_REPRESENTATION_CONTEXT(2) 
PARAMETRIC_REPRESENTATION_CONTEXT() REPRESENTATION_CONTEXT('2D SPACE',''
  ) );
#786 = PCURVE('',#787,#792);
#787 = PLANE('',#788);
#788 = AXIS2_PLACEMENT_3D('',#789,#790,#791);
#789 = CARTESIAN_POINT('',(100.,0.,225.));
#790 = DIRECTION('',(1.,0.,0.));
#791 = DIRECTION('',(0.,0.,1.));
#792 = DEFINITIONAL_REPRESENTATION('',(#793),#797);
#793 = LINE('',#794,#795);
#794 = CARTESIAN_POINT('',(25.,0.));
#795 = VECTOR('',#796,1.);
#796 = DIRECTION('',(0.,-1.));
#797 = ( GEOMETRIC_REPRESENTATION_CONTEXT(2) 
PARAMETRIC_REPRESENTATION_CONTEXT() REPRESENTATION_CONTEXT('2D SPACE',''
  ) );
#798 = ORIENTED_EDGE('',*,*,#799,.T.);
#799 = EDGE_CURVE('',#767,#800,#802,.T.);
#800 = VERTEX_POINT('',#801);
#801 = CARTESIAN_POINT('',(125.,250.,250.));
#802 = SURFACE_CURVE('',#803,(#807,#814),.PCURVE_S1.);
#803 = LINE('',#804,#805);
#804 = CARTESIAN_POINT('',(100.,250.,250.));
#805 = VECTOR('',#806,1.);
#806 = DIRECTION('',(1.,0.,0.));
#807 = PCURVE('',#775,#808);
#808 = DEFINITIONAL_REPRESENTATION('',(#809),#813);
#809 = LINE('',#810,#811);
#810 = CARTESIAN_POINT('',(0.,-250.));
#811 = VECTOR('',#812,1.);
#812 = DIRECTION('',(1.,0.));
#813 = ( GEOMETRIC_REPRESENTATION_CONTEXT(2) 
PARAMETRIC_REPRESENTATION_CONTEXT() REPRESENTATION_CONTEXT('2D SPACE',''
  ) );
#814 = PCURVE('',#815,#820);
#815 = PLANE('',#816);
#816 = AXIS2_PLACEMENT_3D('',#817,#818,#819);
#817 = CARTESIAN_POINT('',(107.66,250.,242.34));
#818 = DIRECTION('',(0.,1.,0.));
#819 = DIRECTION('',(0.,0.,-1.));
#820 = DEFINITIONAL_REPRESENTATION('',(#821),#825);
#821 = LINE('',#822,#823);
#822 = CARTESIAN_POINT('',(-7.66,7.66));
#823 = VECTOR('',#824,1.);
#824 = DIRECTION('',(0.,-1.));
#825 = ( GEOMETRIC_REPRESENTATION_CONTEXT(2) 
PARAMETRIC_REPRESENTATION_CONTEXT() REPRESENTATION_CONTEXT('2D SPACE',''
  ) );
#826 = ORIENTED_EDGE('',*,*,#827,.F.);
#827 = EDGE_CURVE('',#828,#800,#830,.T.);
#828 = VERTEX_POINT('',#829);
#829 = CARTESIAN_POINT('',(125.,0.,250.));
#830 = SURFACE_CURVE('',#831,(#835,#842),.PCURVE_S1.);
#831 = LINE('',#832,#833);
#832 = CARTESIAN_POINT('',(125.,0.,250.));
#833 = VECTOR('',#834,1.);
#834 = DIRECTION('',(0.,1.,0.));
#835 = PCURVE('',#775,#836);
#836 = DEFINITIONAL_REPRESENTATION('',(#837),#841);
#837 = LINE('',#838,#839);
#838 = CARTESIAN_POINT('',(25.,0.));
#839 = VECTOR('',#840,1.);
#840 = DIRECTION('',(0.,-1.));
#841 = ( GEOMETRIC_REPRESENTATION_CONTEXT(2) 
PARAMETRIC_REPRESENTATION_CONTEXT() REPRESENTATION_CONTEXT('2D SPACE',''
  ) );
#842 = PCURVE('',#843,#848);
#843 = PLANE('',#844);
#844 = AXIS2_PLACEMENT_3D('',#845,#846,#847);
#845 = CARTESIAN_POINT('',(125.,0.,250.));
#846 = DIRECTION('',(-1.,0.,0.));
#847 = DIRECTION('',(0.,0.,-1.));
#848 = DEFINITIONAL_REPRESENTATION('',(#849),#853);
#849 = LINE('',#850,#851);
#850 = CARTESIAN_POINT('',(0.,0.));
#851 = VECTOR('',#852,1.);
#852 = DIRECTION('',(0.,-1.));
#853 = ( GEOMETRIC_REPRESENTATION_CONTEXT(2) 
PARAMETRIC_REPRESENTATION_CONTEXT() REPRESENTATION_CONTEXT('2D SPACE',''
  ) );
#854 = ORIENTED_EDGE('',*,*,#855,.F.);
#855 = EDGE_CURVE('',#765,#828,#856,.T.);
#856 = SURFACE_CURVE('',#857,(#861,#868),.PCURVE_S1.);
#857 = LINE('',#858,#859);
#858 = CARTESIAN_POINT('',(100.,0.,250.));
#859 = VECTOR('',#860,1.);
#860 = DIRECTION('',(1.,0.,0.));
#861 = PCURVE('',#775,#862);
#862 = DEFINITIONAL_REPRESENTATION('',(#863),#867);
#863 = LINE('',#864,#865);
#864 = CARTESIAN_POINT('',(0.,0.));
#865 = VECTOR('',#866,1.);
#866 = DIRECTION('',(1.,0.));
#867 = ( GEOMETRIC_REPRESENTATION_CONTEXT(2) 
PARAMETRIC_REPRESENTATION_CONTEXT() REPRESENTATION_CONTEXT('2D SPACE',''
  ) );
#868 = PCURVE('',#869,#874);
#869 = PLANE('',#870);
#870 = AXIS2_PLACEMENT_3D('',#871,#872,#873);
#871 = CARTESIAN_POINT('',(107.66,0.,242.34));
#872 = DIRECTION('',(0.,1.,0.));
#873 = DIRECTION('',(0.,0.,-1.));
#874 = DEFINITIONAL_REPRESENTATION('',(#875),#879);
#875 = LINE('',#876,#877);
#876 = CARTESIAN_POINT('',(-7.66,7.66));
#877 = VECTOR('',#878,1.);
#878 = DIRECTION('',(0.,-1.));
#879 = ( GEOMETRIC_REPRESENTATION_CONTEXT(2) 
PARAMETRIC_REPRESENTATION_CONTEXT() REPRESENTATION_CONTEXT('2D SPACE',''
  ) );
#880 = FACE_BOUND('',#881,.F.);
#881 = EDGE_LOOP('',(#882));
#882 = ORIENTED_EDGE('',*,*,#883,.T.);
#883 = EDGE_CURVE('',#884,#884,#886,.T.);
#884 = VERTEX_POINT('',#885);
#885 = CARTESIAN_POINT('',(112.5,183.,250.));
#886 = SURFACE_CURVE('',#887,(#892,#903),.PCURVE_S1.);
#887 = CIRCLE('',#888,3.);
#888 = AXIS2_PLACEMENT_3D('',#889,#890,#891);
#889 = CARTESIAN_POINT('',(112.5,180.,250.));
#890 = DIRECTION('',(0.,-0.,1.));
#891 = DIRECTION('',(0.,1.,0.));
#892 = PCURVE('',#775,#893);
#893 = DEFINITIONAL_REPRESENTATION('',(#894),#902);
#894 = ( BOUNDED_CURVE() B_SPLINE_CURVE(2,(#895,#896,#897,#898,#899,#900
,#901),.UNSPECIFIED.,.T.,.F.) B_SPLINE_CURVE_WITH_KNOTS((1,2,2,2,2,1),(
    -2.094395102393,0.,2.094395102393,4.188790204786,6.28318530718,
8.377580409573),.UNSPECIFIED.) CURVE() GEOMETRIC_REPRESENTATION_ITEM() 
RATIONAL_B_SPLINE_CURVE((1.,0.5,1.,0.5,1.,0.5,1.)) REPRESENTATION_ITEM(
  '') );
#895 = CARTESIAN_POINT('',(12.5,-183.));
#896 = CARTESIAN_POINT('',(7.303847577293,-183.));
#897 = CARTESIAN_POINT('',(9.901923788647,-178.5));
#898 = CARTESIAN_POINT('',(12.5,-174.));
#899 = CARTESIAN_POINT('',(15.098076211353,-178.5));
#900 = CARTESIAN_POINT('',(17.696152422707,-183.));
#901 = CARTESIAN_POINT('',(12.5,-183.));
#902 = ( GEOMETRIC_REPRESENTATION_CONTEXT(2) 
PARAMETRIC_REPRESENTATION_CONTEXT() REPRESENTATION_CONTEXT('2D SPACE',''
  ) );
#903 = PCURVE('',#904,#909);
#904 = CYLINDRICAL_SURFACE('',#905,3.);
#905 = AXIS2_PLACEMENT_3D('',#906,#907,#908);
#906 = CARTESIAN_POINT('',(112.5,180.,250.01));
#907 = DIRECTION('',(-0.,-0.,1.));
#908 = DIRECTION('',(0.,1.,0.));
#909 = DEFINITIONAL_REPRESENTATION('',(#910),#914);
#910 = LINE('',#911,#912);
#911 = CARTESIAN_POINT('',(-6.28318530718,-1.E-02));
#912 = VECTOR('',#913,1.);
#913 = DIRECTION('',(1.,-0.));
#914 = ( GEOMETRIC_REPRESENTATION_CONTEXT(2) 
PARAMETRIC_REPRESENTATION_CONTEXT() REPRESENTATION_CONTEXT('2D SPACE',''
  ) );
#915 = FACE_BOUND('',#916,.F.);
#916 = EDGE_LOOP('',(#917));
#917 = ORIENTED_EDGE('',*,*,#918,.F.);
#918 = EDGE_CURVE('',#919,#919,#921,.T.);
#919 = VERTEX_POINT('',#920);
#920 = CARTESIAN_POINT('',(113.75,120.,250.));
#921 = SURFACE_CURVE('',#922,(#927,#934),.PCURVE_S1.);
#922 = CIRCLE('',#923,1.25);
#923 = AXIS2_PLACEMENT_3D('',#924,#925,#926);
#924 = CARTESIAN_POINT('',(112.5,120.,250.));
#925 = DIRECTION('',(0.,0.,-1.));
#926 = DIRECTION('',(1.,0.,0.));
#927 = PCURVE('',#775,#928);
#928 = DEFINITIONAL_REPRESENTATION('',(#929),#933);
#929 = CIRCLE('',#930,1.25);
#930 = AXIS2_PLACEMENT_2D('',#931,#932);
#931 = CARTESIAN_POINT('',(12.5,-120.));
#932 = DIRECTION('',(1.,0.));
#933 = ( GEOMETRIC_REPRESENTATION_CONTEXT(2) 
PARAMETRIC_REPRESENTATION_CONTEXT() REPRESENTATION_CONTEXT('2D SPACE',''
  ) );
#934 = PCURVE('',#935,#940);
#935 = CYLINDRICAL_SURFACE('',#936,1.25);
#936 = AXIS2_PLACEMENT_3D('',#937,#938,#939);
#937 = CARTESIAN_POINT('',(112.5,120.,246.95));
#938 = DIRECTION('',(-0.,-0.,-1.));
#939 = DIRECTION('',(1.,0.,0.));
#940 = DEFINITIONAL_REPRESENTATION('',(#941),#945);
#941 = LINE('',#942,#943);
#942 = CARTESIAN_POINT('',(-6.28318530718,-3.05));
#943 = VECTOR('',#944,1.);
#944 = DIRECTION('',(1.,-0.));
#945 = ( GEOMETRIC_REPRESENTATION_CONTEXT(2) 
PARAMETRIC_REPRESENTATION_CONTEXT() REPRESENTATION_CONTEXT('2D SPACE',''
  ) );
#946 = FACE_BOUND('',#947,.F.);
#947 = EDGE_LOOP('',(#948));
#948 = ORIENTED_EDGE('',*,*,#949,.T.);
#949 = EDGE_CURVE('',#950,#950,#952,.T.);
#950 = VERTEX_POINT('',#951);
#951 = CARTESIAN_POINT('',(112.5,43.,250.));
#952 = SURFACE_CURVE('',#953,(#958,#969),.PCURVE_S1.);
#953 = CIRCLE('',#954,3.);
#954 = AXIS2_PLACEMENT_3D('',#955,#956,#957);
#955 = CARTESIAN_POINT('',(112.5,40.,250.));
#956 = DIRECTION('',(0.,-0.,1.));
#957 = DIRECTION('',(0.,1.,0.));
#958 = PCURVE('',#775,#959);
#959 = DEFINITIONAL_REPRESENTATION('',(#960),#968);
#960 = ( BOUNDED_CURVE() B_SPLINE_CURVE(2,(#961,#962,#963,#964,#965,#966
,#967),.UNSPECIFIED.,.T.,.F.) B_SPLINE_CURVE_WITH_KNOTS((1,2,2,2,2,1),(
    -2.094395102393,0.,2.094395102393,4.188790204786,6.28318530718,
8.377580409573),.UNSPECIFIED.) CURVE() GEOMETRIC_REPRESENTATION_ITEM() 
RATIONAL_B_SPLINE_CURVE((1.,0.5,1.,0.5,1.,0.5,1.)) REPRESENTATION_ITEM(
  '') );
#961 = CARTESIAN_POINT('',(12.5,-43.));
#962 = CARTESIAN_POINT('',(7.303847577293,-43.));
#963 = CARTESIAN_POINT('',(9.901923788647,-38.5));
#964 = CARTESIAN_POINT('',(12.5,-34.));
#965 = CARTESIAN_POINT('',(15.098076211353,-38.5));
#966 = CARTESIAN_POINT('',(17.696152422707,-43.));
#967 = CARTESIAN_POINT('',(12.5,-43.));
#968 = ( GEOMETRIC_REPRESENTATION_CONTEXT(2) 
PARAMETRIC_REPRESENTATION_CONTEXT() REPRESENTATION_CONTEXT('2D SPACE',''
  ) );
#969 = PCURVE('',#970,#975);
#970 = CYLINDRICAL_SURFACE('',#971,3.);
#971 = AXIS2_PLACEMENT_3D('',#972,#973,#974);
#972 = CARTESIAN_POINT('',(112.5,40.,250.01));
#973 = DIRECTION('',(-0.,-0.,1.));
#974 = DIRECTION('',(0.,1.,0.));
#975 = DEFINITIONAL_REPRESENTATION('',(#976),#980);
#976 = LINE('',#977,#978);
#977 = CARTESIAN_POINT('',(-6.28318530718,-1.E-02));
#978 = VECTOR('',#979,1.);
#979 = DIRECTION('',(1.,-0.));
#980 = ( GEOMETRIC_REPRESENTATION_CONTEXT(2) 
PARAMETRIC_REPRESENTATION_CONTEXT() REPRESENTATION_CONTEXT('2D SPACE',''
  ) );
#981 = FACE_BOUND('',#982,.F.);
#982 = EDGE_LOOP('',(#983));
#983 = ORIENTED_EDGE('',*,*,#984,.F.);
#984 = EDGE_CURVE('',#985,#985,#987,.T.);
#985 = VERTEX_POINT('',#986);
#986 = CARTESIAN_POINT('',(113.75,25.,250.));
#987 = SURFACE_CURVE('',#988,(#993,#1000),.PCURVE_S1.);
#988 = CIRCLE('',#989,1.25);
#989 = AXIS2_PLACEMENT_3D('',#990,#991,#992);
#990 = CARTESIAN_POINT('',(112.5,25.,250.));
#991 = DIRECTION('',(0.,0.,-1.));
#992 = DIRECTION('',(1.,0.,0.));
#993 = PCURVE('',#775,#994);
#994 = DEFINITIONAL_REPRESENTATION('',(#995),#999);
#995 = CIRCLE('',#996,1.25);
#996 = AXIS2_PLACEMENT_2D('',#997,#998);
#997 = CARTESIAN_POINT('',(12.5,-25.));
#998 = DIRECTION('',(1.,0.));
#999 = ( GEOMETRIC_REPRESENTATION_CONTEXT(2) 
PARAMETRIC_REPRESENTATION_CONTEXT() REPRESENTATION_CONTEXT('2D SPACE',''
  ) );
#1000 = PCURVE('',#1001,#1006);
#1001 = CYLINDRICAL_SURFACE('',#1002,1.25);
#1002 = AXIS2_PLACEMENT_3D('',#1003,#1004,#1005);
#1003 = CARTESIAN_POINT('',(112.5,25.,246.95));
#1004 = DIRECTION('',(-0.,-0.,-1.));
#1005 = DIRECTION('',(1.,0.,0.));
#1006 = DEFINITIONAL_REPRESENTATION('',(#1007),#1011);
#1007 = LINE('',#1008,#1009);
#1008 = CARTESIAN_POINT('',(-6.28318530718,-3.05));
#1009 = VECTOR('',#1010,1.);
#1010 = DIRECTION('',(1.,-0.));
#1011 = ( GEOMETRIC_REPRESENTATION_CONTEXT(2) 
PARAMETRIC_REPRESENTATION_CONTEXT() REPRESENTATION_CONTEXT('2D SPACE',''
  ) );
#1012 = ADVANCED_FACE('',(#1013),#787,.F.);
#1013 = FACE_BOUND('',#1014,.F.);
#1014 = EDGE_LOOP('',(#1015,#1045,#1066,#1067));
#1015 = ORIENTED_EDGE('',*,*,#1016,.T.);
#1016 = EDGE_CURVE('',#1017,#1019,#1021,.T.);
#1017 = VERTEX_POINT('',#1018);
#1018 = CARTESIAN_POINT('',(100.,0.,225.));
#1019 = VERTEX_POINT('',#1020);
#1020 = CARTESIAN_POINT('',(100.,250.,225.));
#1021 = SURFACE_CURVE('',#1022,(#1026,#1033),.PCURVE_S1.);
#1022 = LINE('',#1023,#1024);
#1023 = CARTESIAN_POINT('',(100.,0.,225.));
#1024 = VECTOR('',#1025,1.);
#1025 = DIRECTION('',(0.,1.,0.));
#1026 = PCURVE('',#787,#1027);
#1027 = DEFINITIONAL_REPRESENTATION('',(#1028),#1032);
#1028 = LINE('',#1029,#1030);
#1029 = CARTESIAN_POINT('',(0.,0.));
#1030 = VECTOR('',#1031,1.);
#1031 = DIRECTION('',(0.,-1.));
#1032 = ( GEOMETRIC_REPRESENTATION_CONTEXT(2) 
PARAMETRIC_REPRESENTATION_CONTEXT() REPRESENTATION_CONTEXT('2D SPACE',''
  ) );
#1033 = PCURVE('',#1034,#1039);
#1034 = PLANE('',#1035);
#1035 = AXIS2_PLACEMENT_3D('',#1036,#1037,#1038);
#1036 = CARTESIAN_POINT('',(103.,0.,225.));
#1037 = DIRECTION('',(0.,0.,1.));
#1038 = DIRECTION('',(-1.,0.,0.));
#1039 = DEFINITIONAL_REPRESENTATION('',(#1040),#1044);
#1040 = LINE('',#1041,#1042);
#1041 = CARTESIAN_POINT('',(3.,0.));
#1042 = VECTOR('',#1043,1.);
#1043 = DIRECTION('',(0.,-1.));
#1044 = ( GEOMETRIC_REPRESENTATION_CONTEXT(2) 
PARAMETRIC_REPRESENTATION_CONTEXT() REPRESENTATION_CONTEXT('2D SPACE',''
  ) );
#1045 = ORIENTED_EDGE('',*,*,#1046,.T.);
#1046 = EDGE_CURVE('',#1019,#767,#1047,.T.);
#1047 = SURFACE_CURVE('',#1048,(#1052,#1059),.PCURVE_S1.);
#1048 = LINE('',#1049,#1050);
#1049 = CARTESIAN_POINT('',(100.,250.,225.));
#1050 = VECTOR('',#1051,1.);
#1051 = DIRECTION('',(0.,0.,1.));
#1052 = PCURVE('',#787,#1053);
#1053 = DEFINITIONAL_REPRESENTATION('',(#1054),#1058);
#1054 = LINE('',#1055,#1056);
#1055 = CARTESIAN_POINT('',(0.,-250.));
#1056 = VECTOR('',#1057,1.);
#1057 = DIRECTION('',(1.,0.));
#1058 = ( GEOMETRIC_REPRESENTATION_CONTEXT(2) 
PARAMETRIC_REPRESENTATION_CONTEXT() REPRESENTATION_CONTEXT('2D SPACE',''
  ) );
#1059 = PCURVE('',#815,#1060);
#1060 = DEFINITIONAL_REPRESENTATION('',(#1061),#1065);
#1061 = LINE('',#1062,#1063);
#1062 = CARTESIAN_POINT('',(17.34,7.66));
#1063 = VECTOR('',#1064,1.);
#1064 = DIRECTION('',(-1.,0.));
#1065 = ( GEOMETRIC_REPRESENTATION_CONTEXT(2) 
PARAMETRIC_REPRESENTATION_CONTEXT() REPRESENTATION_CONTEXT('2D SPACE',''
  ) );
#1066 = ORIENTED_EDGE('',*,*,#764,.F.);
#1067 = ORIENTED_EDGE('',*,*,#1068,.F.);
#1068 = EDGE_CURVE('',#1017,#765,#1069,.T.);
#1069 = SURFACE_CURVE('',#1070,(#1074,#1081),.PCURVE_S1.);
#1070 = LINE('',#1071,#1072);
#1071 = CARTESIAN_POINT('',(100.,0.,225.));
#1072 = VECTOR('',#1073,1.);
#1073 = DIRECTION('',(0.,0.,1.));
#1074 = PCURVE('',#787,#1075);
#1075 = DEFINITIONAL_REPRESENTATION('',(#1076),#1080);
#1076 = LINE('',#1077,#1078);
#1077 = CARTESIAN_POINT('',(0.,0.));
#1078 = VECTOR('',#1079,1.);
#1079 = DIRECTION('',(1.,0.));
#1080 = ( GEOMETRIC_REPRESENTATION_CONTEXT(2) 
PARAMETRIC_REPRESENTATION_CONTEXT() REPRESENTATION_CONTEXT('2D SPACE',''
  ) );
#1081 = PCURVE('',#869,#1082);
#1082 = DEFINITIONAL_REPRESENTATION('',(#1083),#1087);
#1083 = LINE('',#1084,#1085);
#1084 = CARTESIAN_POINT('',(17.34,7.66));
#1085 = VECTOR('',#1086,1.);
#1086 = DIRECTION('',(-1.,0.));
#1087 = ( GEOMETRIC_REPRESENTATION_CONTEXT(2) 
PARAMETRIC_REPRESENTATION_CONTEXT() REPRESENTATION_CONTEXT('2D SPACE',''
  ) );
#1088 = ADVANCED_FACE('',(#1089),#869,.F.);
#1089 = FACE_BOUND('',#1090,.F.);
#1090 = EDGE_LOOP('',(#1091,#1092,#1115,#1143,#1171,#1192));
#1091 = ORIENTED_EDGE('',*,*,#855,.T.);
#1092 = ORIENTED_EDGE('',*,*,#1093,.T.);
#1093 = EDGE_CURVE('',#828,#1094,#1096,.T.);
#1094 = VERTEX_POINT('',#1095);
#1095 = CARTESIAN_POINT('',(125.,0.,247.));
#1096 = SURFACE_CURVE('',#1097,(#1101,#1108),.PCURVE_S1.);
#1097 = LINE('',#1098,#1099);
#1098 = CARTESIAN_POINT('',(125.,0.,250.));
#1099 = VECTOR('',#1100,1.);
#1100 = DIRECTION('',(0.,0.,-1.));
#1101 = PCURVE('',#869,#1102);
#1102 = DEFINITIONAL_REPRESENTATION('',(#1103),#1107);
#1103 = LINE('',#1104,#1105);
#1104 = CARTESIAN_POINT('',(-7.66,-17.34));
#1105 = VECTOR('',#1106,1.);
#1106 = DIRECTION('',(1.,0.));
#1107 = ( GEOMETRIC_REPRESENTATION_CONTEXT(2) 
PARAMETRIC_REPRESENTATION_CONTEXT() REPRESENTATION_CONTEXT('2D SPACE',''
  ) );
#1108 = PCURVE('',#843,#1109);
#1109 = DEFINITIONAL_REPRESENTATION('',(#1110),#1114);
#1110 = LINE('',#1111,#1112);
#1111 = CARTESIAN_POINT('',(0.,0.));
#1112 = VECTOR('',#1113,1.);
#1113 = DIRECTION('',(1.,0.));
#1114 = ( GEOMETRIC_REPRESENTATION_CONTEXT(2) 
PARAMETRIC_REPRESENTATION_CONTEXT() REPRESENTATION_CONTEXT('2D SPACE',''
  ) );
#1115 = ORIENTED_EDGE('',*,*,#1116,.T.);
#1116 = EDGE_CURVE('',#1094,#1117,#1119,.T.);
#1117 = VERTEX_POINT('',#1118);
#1118 = CARTESIAN_POINT('',(103.,0.,247.));
#1119 = SURFACE_CURVE('',#1120,(#1124,#1131),.PCURVE_S1.);
#1120 = LINE('',#1121,#1122);
#1121 = CARTESIAN_POINT('',(125.,0.,247.));
#1122 = VECTOR('',#1123,1.);
#1123 = DIRECTION('',(-1.,0.,0.));
#1124 = PCURVE('',#869,#1125);
#1125 = DEFINITIONAL_REPRESENTATION('',(#1126),#1130);
#1126 = LINE('',#1127,#1128);
#1127 = CARTESIAN_POINT('',(-4.66,-17.34));
#1128 = VECTOR('',#1129,1.);
#1129 = DIRECTION('',(0.,1.));
#1130 = ( GEOMETRIC_REPRESENTATION_CONTEXT(2) 
PARAMETRIC_REPRESENTATION_CONTEXT() REPRESENTATION_CONTEXT('2D SPACE',''
  ) );
#1131 = PCURVE('',#1132,#1137);
#1132 = PLANE('',#1133);
#1133 = AXIS2_PLACEMENT_3D('',#1134,#1135,#1136);
#1134 = CARTESIAN_POINT('',(125.,0.,247.));
#1135 = DIRECTION('',(0.,0.,1.));
#1136 = DIRECTION('',(-1.,0.,0.));
#1137 = DEFINITIONAL_REPRESENTATION('',(#1138),#1142);
#1138 = LINE('',#1139,#1140);
#1139 = CARTESIAN_POINT('',(0.,0.));
#1140 = VECTOR('',#1141,1.);
#1141 = DIRECTION('',(1.,0.));
#1142 = ( GEOMETRIC_REPRESENTATION_CONTEXT(2) 
PARAMETRIC_REPRESENTATION_CONTEXT() REPRESENTATION_CONTEXT('2D SPACE',''
  ) );
#1143 = ORIENTED_EDGE('',*,*,#1144,.T.);
#1144 = EDGE_CURVE('',#1117,#1145,#1147,.T.);
#1145 = VERTEX_POINT('',#1146);
#1146 = CARTESIAN_POINT('',(103.,0.,225.));
#1147 = SURFACE_CURVE('',#1148,(#1152,#1159),.PCURVE_S1.);
#1148 = LINE('',#1149,#1150);
#1149 = CARTESIAN_POINT('',(103.,0.,247.));
#1150 = VECTOR('',#1151,1.);
#1151 = DIRECTION('',(0.,0.,-1.));
#1152 = PCURVE('',#869,#1153);
#1153 = DEFINITIONAL_REPRESENTATION('',(#1154),#1158);
#1154 = LINE('',#1155,#1156);
#1155 = CARTESIAN_POINT('',(-4.66,4.66));
#1156 = VECTOR('',#1157,1.);
#1157 = DIRECTION('',(1.,0.));
#1158 = ( GEOMETRIC_REPRESENTATION_CONTEXT(2) 
PARAMETRIC_REPRESENTATION_CONTEXT() REPRESENTATION_CONTEXT('2D SPACE',''
  ) );
#1159 = PCURVE('',#1160,#1165);
#1160 = PLANE('',#1161);
#1161 = AXIS2_PLACEMENT_3D('',#1162,#1163,#1164);
#1162 = CARTESIAN_POINT('',(103.,0.,247.));
#1163 = DIRECTION('',(-1.,0.,0.));
#1164 = DIRECTION('',(0.,0.,-1.));
#1165 = DEFINITIONAL_REPRESENTATION('',(#1166),#1170);
#1166 = LINE('',#1167,#1168);
#1167 = CARTESIAN_POINT('',(0.,0.));
#1168 = VECTOR('',#1169,1.);
#1169 = DIRECTION('',(1.,0.));
#1170 = ( GEOMETRIC_REPRESENTATION_CONTEXT(2) 
PARAMETRIC_REPRESENTATION_CONTEXT() REPRESENTATION_CONTEXT('2D SPACE',''
  ) );
#1171 = ORIENTED_EDGE('',*,*,#1172,.T.);
#1172 = EDGE_CURVE('',#1145,#1017,#1173,.T.);
#1173 = SURFACE_CURVE('',#1174,(#1178,#1185),.PCURVE_S1.);
#1174 = LINE('',#1175,#1176);
#1175 = CARTESIAN_POINT('',(103.,0.,225.));
#1176 = VECTOR('',#1177,1.);
#1177 = DIRECTION('',(-1.,0.,0.));
#1178 = PCURVE('',#869,#1179);
#1179 = DEFINITIONAL_REPRESENTATION('',(#1180),#1184);
#1180 = LINE('',#1181,#1182);
#1181 = CARTESIAN_POINT('',(17.34,4.66));
#1182 = VECTOR('',#1183,1.);
#1183 = DIRECTION('',(0.,1.));
#1184 = ( GEOMETRIC_REPRESENTATION_CONTEXT(2) 
PARAMETRIC_REPRESENTATION_CONTEXT() REPRESENTATION_CONTEXT('2D SPACE',''
  ) );
#1185 = PCURVE('',#1034,#1186);
#1186 = DEFINITIONAL_REPRESENTATION('',(#1187),#1191);
#1187 = LINE('',#1188,#1189);
#1188 = CARTESIAN_POINT('',(0.,0.));
#1189 = VECTOR('',#1190,1.);
#1190 = DIRECTION('',(1.,0.));
#1191 = ( GEOMETRIC_REPRESENTATION_CONTEXT(2) 
PARAMETRIC_REPRESENTATION_CONTEXT() REPRESENTATION_CONTEXT('2D SPACE',''
  ) );
#1192 = ORIENTED_EDGE('',*,*,#1068,.T.);
#1193 = ADVANCED_FACE('',(#1194),#815,.T.);
#1194 = FACE_BOUND('',#1195,.T.);
#1195 = EDGE_LOOP('',(#1196,#1197,#1220,#1243,#1266,#1287));
#1196 = ORIENTED_EDGE('',*,*,#799,.T.);
#1197 = ORIENTED_EDGE('',*,*,#1198,.T.);
#1198 = EDGE_CURVE('',#800,#1199,#1201,.T.);
#1199 = VERTEX_POINT('',#1200);
#1200 = CARTESIAN_POINT('',(125.,250.,247.));
#1201 = SURFACE_CURVE('',#1202,(#1206,#1213),.PCURVE_S1.);
#1202 = LINE('',#1203,#1204);
#1203 = CARTESIAN_POINT('',(125.,250.,250.));
#1204 = VECTOR('',#1205,1.);
#1205 = DIRECTION('',(0.,0.,-1.));
#1206 = PCURVE('',#815,#1207);
#1207 = DEFINITIONAL_REPRESENTATION('',(#1208),#1212);
#1208 = LINE('',#1209,#1210);
#1209 = CARTESIAN_POINT('',(-7.66,-17.34));
#1210 = VECTOR('',#1211,1.);
#1211 = DIRECTION('',(1.,0.));
#1212 = ( GEOMETRIC_REPRESENTATION_CONTEXT(2) 
PARAMETRIC_REPRESENTATION_CONTEXT() REPRESENTATION_CONTEXT('2D SPACE',''
  ) );
#1213 = PCURVE('',#843,#1214);
#1214 = DEFINITIONAL_REPRESENTATION('',(#1215),#1219);
#1215 = LINE('',#1216,#1217);
#1216 = CARTESIAN_POINT('',(0.,-250.));
#1217 = VECTOR('',#1218,1.);
#1218 = DIRECTION('',(1.,0.));
#1219 = ( GEOMETRIC_REPRESENTATION_CONTEXT(2) 
PARAMETRIC_REPRESENTATION_CONTEXT() REPRESENTATION_CONTEXT('2D SPACE',''
  ) );
#1220 = ORIENTED_EDGE('',*,*,#1221,.T.);
#1221 = EDGE_CURVE('',#1199,#1222,#1224,.T.);
#1222 = VERTEX_POINT('',#1223);
#1223 = CARTESIAN_POINT('',(103.,250.,247.));
#1224 = SURFACE_CURVE('',#1225,(#1229,#1236),.PCURVE_S1.);
#1225 = LINE('',#1226,#1227);
#1226 = CARTESIAN_POINT('',(125.,250.,247.));
#1227 = VECTOR('',#1228,1.);
#1228 = DIRECTION('',(-1.,0.,0.));
#1229 = PCURVE('',#815,#1230);
#1230 = DEFINITIONAL_REPRESENTATION('',(#1231),#1235);
#1231 = LINE('',#1232,#1233);
#1232 = CARTESIAN_POINT('',(-4.66,-17.34));
#1233 = VECTOR('',#1234,1.);
#1234 = DIRECTION('',(0.,1.));
#1235 = ( GEOMETRIC_REPRESENTATION_CONTEXT(2) 
PARAMETRIC_REPRESENTATION_CONTEXT() REPRESENTATION_CONTEXT('2D SPACE',''
  ) );
#1236 = PCURVE('',#1132,#1237);
#1237 = DEFINITIONAL_REPRESENTATION('',(#1238),#1242);
#1238 = LINE('',#1239,#1240);
#1239 = CARTESIAN_POINT('',(0.,-250.));
#1240 = VECTOR('',#1241,1.);
#1241 = DIRECTION('',(1.,0.));
#1242 = ( GEOMETRIC_REPRESENTATION_CONTEXT(2) 
PARAMETRIC_REPRESENTATION_CONTEXT() REPRESENTATION_CONTEXT('2D SPACE',''
  ) );
#1243 = ORIENTED_EDGE('',*,*,#1244,.T.);
#1244 = EDGE_CURVE('',#1222,#1245,#1247,.T.);
#1245 = VERTEX_POINT('',#1246);
#1246 = CARTESIAN_POINT('',(103.,250.,225.));
#1247 = SURFACE_CURVE('',#1248,(#1252,#1259),.PCURVE_S1.);
#1248 = LINE('',#1249,#1250);
#1249 = CARTESIAN_POINT('',(103.,250.,247.));
#1250 = VECTOR('',#1251,1.);
#1251 = DIRECTION('',(0.,0.,-1.));
#1252 = PCURVE('',#815,#1253);
#1253 = DEFINITIONAL_REPRESENTATION('',(#1254),#1258);
#1254 = LINE('',#1255,#1256);
#1255 = CARTESIAN_POINT('',(-4.66,4.66));
#1256 = VECTOR('',#1257,1.);
#1257 = DIRECTION('',(1.,0.));
#1258 = ( GEOMETRIC_REPRESENTATION_CONTEXT(2) 
PARAMETRIC_REPRESENTATION_CONTEXT() REPRESENTATION_CONTEXT('2D SPACE',''
  ) );
#1259 = PCURVE('',#1160,#1260);
#1260 = DEFINITIONAL_REPRESENTATION('',(#1261),#1265);
#1261 = LINE('',#1262,#1263);
#1262 = CARTESIAN_POINT('',(0.,-250.));
#1263 = VECTOR('',#1264,1.);
#1264 = DIRECTION('',(1.,0.));
#1265 = ( GEOMETRIC_REPRESENTATION_CONTEXT(2) 
PARAMETRIC_REPRESENTATION_CONTEXT() REPRESENTATION_CONTEXT('2D SPACE',''
  ) );
#1266 = ORIENTED_EDGE('',*,*,#1267,.T.);
#1267 = EDGE_CURVE('',#1245,#1019,#1268,.T.);
#1268 = SURFACE_CURVE('',#1269,(#1273,#1280),.PCURVE_S1.);
#1269 = LINE('',#1270,#1271);
#1270 = CARTESIAN_POINT('',(103.,250.,225.));
#1271 = VECTOR('',#1272,1.);
#1272 = DIRECTION('',(-1.,0.,0.));
#1273 = PCURVE('',#815,#1274);
#1274 = DEFINITIONAL_REPRESENTATION('',(#1275),#1279);
#1275 = LINE('',#1276,#1277);
#1276 = CARTESIAN_POINT('',(17.34,4.66));
#1277 = VECTOR('',#1278,1.);
#1278 = DIRECTION('',(0.,1.));
#1279 = ( GEOMETRIC_REPRESENTATION_CONTEXT(2) 
PARAMETRIC_REPRESENTATION_CONTEXT() REPRESENTATION_CONTEXT('2D SPACE',''
  ) );
#1280 = PCURVE('',#1034,#1281);
#1281 = DEFINITIONAL_REPRESENTATION('',(#1282),#1286);
#1282 = LINE('',#1283,#1284);
#1283 = CARTESIAN_POINT('',(0.,-250.));
#1284 = VECTOR('',#1285,1.);
#1285 = DIRECTION('',(1.,0.));
#1286 = ( GEOMETRIC_REPRESENTATION_CONTEXT(2) 
PARAMETRIC_REPRESENTATION_CONTEXT() REPRESENTATION_CONTEXT('2D SPACE',''
  ) );
#1287 = ORIENTED_EDGE('',*,*,#1046,.T.);
#1288 = ADVANCED_FACE('',(#1289),#843,.F.);
#1289 = FACE_BOUND('',#1290,.F.);
#1290 = EDGE_LOOP('',(#1291,#1292,#1293,#1314));
#1291 = ORIENTED_EDGE('',*,*,#827,.T.);
#1292 = ORIENTED_EDGE('',*,*,#1198,.T.);
#1293 = ORIENTED_EDGE('',*,*,#1294,.F.);
#1294 = EDGE_CURVE('',#1094,#1199,#1295,.T.);
#1295 = SURFACE_CURVE('',#1296,(#1300,#1307),.PCURVE_S1.);
#1296 = LINE('',#1297,#1298);
#1297 = CARTESIAN_POINT('',(125.,0.,247.));
#1298 = VECTOR('',#1299,1.);
#1299 = DIRECTION('',(0.,1.,0.));
#1300 = PCURVE('',#843,#1301);
#1301 = DEFINITIONAL_REPRESENTATION('',(#1302),#1306);
#1302 = LINE('',#1303,#1304);
#1303 = CARTESIAN_POINT('',(3.,0.));
#1304 = VECTOR('',#1305,1.);
#1305 = DIRECTION('',(0.,-1.));
#1306 = ( GEOMETRIC_REPRESENTATION_CONTEXT(2) 
PARAMETRIC_REPRESENTATION_CONTEXT() REPRESENTATION_CONTEXT('2D SPACE',''
  ) );
#1307 = PCURVE('',#1132,#1308);
#1308 = DEFINITIONAL_REPRESENTATION('',(#1309),#1313);
#1309 = LINE('',#1310,#1311);
#1310 = CARTESIAN_POINT('',(0.,0.));
#1311 = VECTOR('',#1312,1.);
#1312 = DIRECTION('',(0.,-1.));
#1313 = ( GEOMETRIC_REPRESENTATION_CONTEXT(2) 
PARAMETRIC_REPRESENTATION_CONTEXT() REPRESENTATION_CONTEXT('2D SPACE',''
  ) );
#1314 = ORIENTED_EDGE('',*,*,#1093,.F.);
#1315 = ADVANCED_FACE('',(#1316),#904,.F.);
#1316 = FACE_BOUND('',#1317,.T.);
#1317 = EDGE_LOOP('',(#1318,#1319,#1342,#1364));
#1318 = ORIENTED_EDGE('',*,*,#883,.T.);
#1319 = ORIENTED_EDGE('',*,*,#1320,.T.);
#1320 = EDGE_CURVE('',#884,#1321,#1323,.T.);
#1321 = VERTEX_POINT('',#1322);
#1322 = CARTESIAN_POINT('',(112.5,183.,247.));
#1323 = SEAM_CURVE('',#1324,(#1328,#1335),.PCURVE_S1.);
#1324 = LINE('',#1325,#1326);
#1325 = CARTESIAN_POINT('',(112.5,183.,250.01));
#1326 = VECTOR('',#1327,1.);
#1327 = DIRECTION('',(0.,0.,-1.));
#1328 = PCURVE('',#904,#1329);
#1329 = DEFINITIONAL_REPRESENTATION('',(#1330),#1334);
#1330 = LINE('',#1331,#1332);
#1331 = CARTESIAN_POINT('',(-6.28318530718,0.));
#1332 = VECTOR('',#1333,1.);
#1333 = DIRECTION('',(-0.,-1.));
#1334 = ( GEOMETRIC_REPRESENTATION_CONTEXT(2) 
PARAMETRIC_REPRESENTATION_CONTEXT() REPRESENTATION_CONTEXT('2D SPACE',''
  ) );
#1335 = PCURVE('',#904,#1336);
#1336 = DEFINITIONAL_REPRESENTATION('',(#1337),#1341);
#1337 = LINE('',#1338,#1339);
#1338 = CARTESIAN_POINT('',(-0.,0.));
#1339 = VECTOR('',#1340,1.);
#1340 = DIRECTION('',(-0.,-1.));
#1341 = ( GEOMETRIC_REPRESENTATION_CONTEXT(2) 
PARAMETRIC_REPRESENTATION_CONTEXT() REPRESENTATION_CONTEXT('2D SPACE',''
  ) );
#1342 = ORIENTED_EDGE('',*,*,#1343,.F.);
#1343 = EDGE_CURVE('',#1321,#1321,#1344,.T.);
#1344 = SURFACE_CURVE('',#1345,(#1350,#1357),.PCURVE_S1.);
#1345 = CIRCLE('',#1346,3.);
#1346 = AXIS2_PLACEMENT_3D('',#1347,#1348,#1349);
#1347 = CARTESIAN_POINT('',(112.5,180.,247.));
#1348 = DIRECTION('',(0.,-0.,1.));
#1349 = DIRECTION('',(0.,1.,0.));
#1350 = PCURVE('',#904,#1351);
#1351 = DEFINITIONAL_REPRESENTATION('',(#1352),#1356);
#1352 = LINE('',#1353,#1354);
#1353 = CARTESIAN_POINT('',(-6.28318530718,-3.01));
#1354 = VECTOR('',#1355,1.);
#1355 = DIRECTION('',(1.,-0.));
#1356 = ( GEOMETRIC_REPRESENTATION_CONTEXT(2) 
PARAMETRIC_REPRESENTATION_CONTEXT() REPRESENTATION_CONTEXT('2D SPACE',''
  ) );
#1357 = PCURVE('',#1132,#1358);
#1358 = DEFINITIONAL_REPRESENTATION('',(#1359),#1363);
#1359 = CIRCLE('',#1360,3.);
#1360 = AXIS2_PLACEMENT_2D('',#1361,#1362);
#1361 = CARTESIAN_POINT('',(12.5,-180.));
#1362 = DIRECTION('',(0.,-1.));
#1363 = ( GEOMETRIC_REPRESENTATION_CONTEXT(2) 
PARAMETRIC_REPRESENTATION_CONTEXT() REPRESENTATION_CONTEXT('2D SPACE',''
  ) );
#1364 = ORIENTED_EDGE('',*,*,#1320,.F.);
#1365 = ADVANCED_FACE('',(#1366),#935,.F.);
#1366 = FACE_BOUND('',#1367,.T.);
#1367 = EDGE_LOOP('',(#1368,#1391,#1418,#1419));
#1368 = ORIENTED_EDGE('',*,*,#1369,.F.);
#1369 = EDGE_CURVE('',#1370,#919,#1372,.T.);
#1370 = VERTEX_POINT('',#1371);
#1371 = CARTESIAN_POINT('',(113.75,120.,249.55));
#1372 = SEAM_CURVE('',#1373,(#1377,#1384),.PCURVE_S1.);
#1373 = LINE('',#1374,#1375);
#1374 = CARTESIAN_POINT('',(113.75,120.,246.95));
#1375 = VECTOR('',#1376,1.);
#1376 = DIRECTION('',(0.,0.,1.));
#1377 = PCURVE('',#935,#1378);
#1378 = DEFINITIONAL_REPRESENTATION('',(#1379),#1383);
#1379 = LINE('',#1380,#1381);
#1380 = CARTESIAN_POINT('',(-6.28318530718,0.));
#1381 = VECTOR('',#1382,1.);
#1382 = DIRECTION('',(-0.,-1.));
#1383 = ( GEOMETRIC_REPRESENTATION_CONTEXT(2) 
PARAMETRIC_REPRESENTATION_CONTEXT() REPRESENTATION_CONTEXT('2D SPACE',''
  ) );
#1384 = PCURVE('',#935,#1385);
#1385 = DEFINITIONAL_REPRESENTATION('',(#1386),#1390);
#1386 = LINE('',#1387,#1388);
#1387 = CARTESIAN_POINT('',(-0.,0.));
#1388 = VECTOR('',#1389,1.);
#1389 = DIRECTION('',(-0.,-1.));
#1390 = ( GEOMETRIC_REPRESENTATION_CONTEXT(2) 
PARAMETRIC_REPRESENTATION_CONTEXT() REPRESENTATION_CONTEXT('2D SPACE',''
  ) );
#1391 = ORIENTED_EDGE('',*,*,#1392,.F.);
#1392 = EDGE_CURVE('',#1370,#1370,#1393,.T.);
#1393 = SURFACE_CURVE('',#1394,(#1399,#1406),.PCURVE_S1.);
#1394 = CIRCLE('',#1395,1.25);
#1395 = AXIS2_PLACEMENT_3D('',#1396,#1397,#1398);
#1396 = CARTESIAN_POINT('',(112.5,120.,249.55));
#1397 = DIRECTION('',(0.,0.,1.));
#1398 = DIRECTION('',(1.,0.,-0.));
#1399 = PCURVE('',#935,#1400);
#1400 = DEFINITIONAL_REPRESENTATION('',(#1401),#1405);
#1401 = LINE('',#1402,#1403);
#1402 = CARTESIAN_POINT('',(-0.,-2.6));
#1403 = VECTOR('',#1404,1.);
#1404 = DIRECTION('',(-1.,0.));
#1405 = ( GEOMETRIC_REPRESENTATION_CONTEXT(2) 
PARAMETRIC_REPRESENTATION_CONTEXT() REPRESENTATION_CONTEXT('2D SPACE',''
  ) );
#1406 = PCURVE('',#1407,#1412);
#1407 = CONICAL_SURFACE('',#1408,3.85,0.785398163397);
#1408 = AXIS2_PLACEMENT_3D('',#1409,#1410,#1411);
#1409 = CARTESIAN_POINT('',(112.5,120.,246.95));
#1410 = DIRECTION('',(-0.,-0.,-1.));
#1411 = DIRECTION('',(1.,0.,-0.));
#1412 = DEFINITIONAL_REPRESENTATION('',(#1413),#1417);
#1413 = LINE('',#1414,#1415);
#1414 = CARTESIAN_POINT('',(-0.,-2.6));
#1415 = VECTOR('',#1416,1.);
#1416 = DIRECTION('',(-1.,-0.));
#1417 = ( GEOMETRIC_REPRESENTATION_CONTEXT(2) 
PARAMETRIC_REPRESENTATION_CONTEXT() REPRESENTATION_CONTEXT('2D SPACE',''
  ) );
#1418 = ORIENTED_EDGE('',*,*,#1369,.T.);
#1419 = ORIENTED_EDGE('',*,*,#918,.F.);
#1420 = ADVANCED_FACE('',(#1421),#970,.F.);
#1421 = FACE_BOUND('',#1422,.T.);
#1422 = EDGE_LOOP('',(#1423,#1424,#1447,#1469));
#1423 = ORIENTED_EDGE('',*,*,#949,.T.);
#1424 = ORIENTED_EDGE('',*,*,#1425,.T.);
#1425 = EDGE_CURVE('',#950,#1426,#1428,.T.);
#1426 = VERTEX_POINT('',#1427);
#1427 = CARTESIAN_POINT('',(112.5,43.,247.));
#1428 = SEAM_CURVE('',#1429,(#1433,#1440),.PCURVE_S1.);
#1429 = LINE('',#1430,#1431);
#1430 = CARTESIAN_POINT('',(112.5,43.,250.01));
#1431 = VECTOR('',#1432,1.);
#1432 = DIRECTION('',(0.,0.,-1.));
#1433 = PCURVE('',#970,#1434);
#1434 = DEFINITIONAL_REPRESENTATION('',(#1435),#1439);
#1435 = LINE('',#1436,#1437);
#1436 = CARTESIAN_POINT('',(-6.28318530718,0.));
#1437 = VECTOR('',#1438,1.);
#1438 = DIRECTION('',(-0.,-1.));
#1439 = ( GEOMETRIC_REPRESENTATION_CONTEXT(2) 
PARAMETRIC_REPRESENTATION_CONTEXT() REPRESENTATION_CONTEXT('2D SPACE',''
  ) );
#1440 = PCURVE('',#970,#1441);
#1441 = DEFINITIONAL_REPRESENTATION('',(#1442),#1446);
#1442 = LINE('',#1443,#1444);
#1443 = CARTESIAN_POINT('',(-0.,0.));
#1444 = VECTOR('',#1445,1.);
#1445 = DIRECTION('',(-0.,-1.));
#1446 = ( GEOMETRIC_REPRESENTATION_CONTEXT(2) 
PARAMETRIC_REPRESENTATION_CONTEXT() REPRESENTATION_CONTEXT('2D SPACE',''
  ) );
#1447 = ORIENTED_EDGE('',*,*,#1448,.F.);
#1448 = EDGE_CURVE('',#1426,#1426,#1449,.T.);
#1449 = SURFACE_CURVE('',#1450,(#1455,#1462),.PCURVE_S1.);
#1450 = CIRCLE('',#1451,3.);
#1451 = AXIS2_PLACEMENT_3D('',#1452,#1453,#1454);
#1452 = CARTESIAN_POINT('',(112.5,40.,247.));
#1453 = DIRECTION('',(0.,-0.,1.));
#1454 = DIRECTION('',(0.,1.,0.));
#1455 = PCURVE('',#970,#1456);
#1456 = DEFINITIONAL_REPRESENTATION('',(#1457),#1461);
#1457 = LINE('',#1458,#1459);
#1458 = CARTESIAN_POINT('',(-6.28318530718,-3.01));
#1459 = VECTOR('',#1460,1.);
#1460 = DIRECTION('',(1.,-0.));
#1461 = ( GEOMETRIC_REPRESENTATION_CONTEXT(2) 
PARAMETRIC_REPRESENTATION_CONTEXT() REPRESENTATION_CONTEXT('2D SPACE',''
  ) );
#1462 = PCURVE('',#1132,#1463);
#1463 = DEFINITIONAL_REPRESENTATION('',(#1464),#1468);
#1464 = CIRCLE('',#1465,3.);
#1465 = AXIS2_PLACEMENT_2D('',#1466,#1467);
#1466 = CARTESIAN_POINT('',(12.5,-40.));
#1467 = DIRECTION('',(0.,-1.));
#1468 = ( GEOMETRIC_REPRESENTATION_CONTEXT(2) 
PARAMETRIC_REPRESENTATION_CONTEXT() REPRESENTATION_CONTEXT('2D SPACE',''
  ) );
#1469 = ORIENTED_EDGE('',*,*,#1425,.F.);
#1470 = ADVANCED_FACE('',(#1471),#1001,.F.);
#1471 = FACE_BOUND('',#1472,.T.);
#1472 = EDGE_LOOP('',(#1473,#1496,#1523,#1524));
#1473 = ORIENTED_EDGE('',*,*,#1474,.F.);
#1474 = EDGE_CURVE('',#1475,#985,#1477,.T.);
#1475 = VERTEX_POINT('',#1476);
#1476 = CARTESIAN_POINT('',(113.75,25.,249.55));
#1477 = SEAM_CURVE('',#1478,(#1482,#1489),.PCURVE_S1.);
#1478 = LINE('',#1479,#1480);
#1479 = CARTESIAN_POINT('',(113.75,25.,246.95));
#1480 = VECTOR('',#1481,1.);
#1481 = DIRECTION('',(0.,0.,1.));
#1482 = PCURVE('',#1001,#1483);
#1483 = DEFINITIONAL_REPRESENTATION('',(#1484),#1488);
#1484 = LINE('',#1485,#1486);
#1485 = CARTESIAN_POINT('',(-6.28318530718,0.));
#1486 = VECTOR('',#1487,1.);
#1487 = DIRECTION('',(-0.,-1.));
#1488 = ( GEOMETRIC_REPRESENTATION_CONTEXT(2) 
PARAMETRIC_REPRESENTATION_CONTEXT() REPRESENTATION_CONTEXT('2D SPACE',''
  ) );
#1489 = PCURVE('',#1001,#1490);
#1490 = DEFINITIONAL_REPRESENTATION('',(#1491),#1495);
#1491 = LINE('',#1492,#1493);
#1492 = CARTESIAN_POINT('',(-0.,0.));
#1493 = VECTOR('',#1494,1.);
#1494 = DIRECTION('',(-0.,-1.));
#1495 = ( GEOMETRIC_REPRESENTATION_CONTEXT(2) 
PARAMETRIC_REPRESENTATION_CONTEXT() REPRESENTATION_CONTEXT('2D SPACE',''
  ) );
#1496 = ORIENTED_EDGE('',*,*,#1497,.F.);
#1497 = EDGE_CURVE('',#1475,#1475,#1498,.T.);
#1498 = SURFACE_CURVE('',#1499,(#1504,#1511),.PCURVE_S1.);
#1499 = CIRCLE('',#1500,1.25);
#1500 = AXIS2_PLACEMENT_3D('',#1501,#1502,#1503);
#1501 = CARTESIAN_POINT('',(112.5,25.,249.55));
#1502 = DIRECTION('',(0.,0.,1.));
#1503 = DIRECTION('',(1.,0.,-0.));
#1504 = PCURVE('',#1001,#1505);
#1505 = DEFINITIONAL_REPRESENTATION('',(#1506),#1510);
#1506 = LINE('',#1507,#1508);
#1507 = CARTESIAN_POINT('',(-0.,-2.6));
#1508 = VECTOR('',#1509,1.);
#1509 = DIRECTION('',(-1.,0.));
#1510 = ( GEOMETRIC_REPRESENTATION_CONTEXT(2) 
PARAMETRIC_REPRESENTATION_CONTEXT() REPRESENTATION_CONTEXT('2D SPACE',''
  ) );
#1511 = PCURVE('',#1512,#1517);
#1512 = CONICAL_SURFACE('',#1513,3.85,0.785398163397);
#1513 = AXIS2_PLACEMENT_3D('',#1514,#1515,#1516);
#1514 = CARTESIAN_POINT('',(112.5,25.,246.95));
#1515 = DIRECTION('',(-0.,-0.,-1.));
#1516 = DIRECTION('',(1.,0.,-0.));
#1517 = DEFINITIONAL_REPRESENTATION('',(#1518),#1522);
#1518 = LINE('',#1519,#1520);
#1519 = CARTESIAN_POINT('',(-0.,-2.6));
#1520 = VECTOR('',#1521,1.);
#1521 = DIRECTION('',(-1.,-0.));
#1522 = ( GEOMETRIC_REPRESENTATION_CONTEXT(2) 
PARAMETRIC_REPRESENTATION_CONTEXT() REPRESENTATION_CONTEXT('2D SPACE',''
  ) );
#1523 = ORIENTED_EDGE('',*,*,#1474,.T.);
#1524 = ORIENTED_EDGE('',*,*,#984,.F.);
#1525 = ADVANCED_FACE('',(#1526),#1034,.F.);
#1526 = FACE_BOUND('',#1527,.F.);
#1527 = EDGE_LOOP('',(#1528,#1549,#1550,#1551));
#1528 = ORIENTED_EDGE('',*,*,#1529,.T.);
#1529 = EDGE_CURVE('',#1145,#1245,#1530,.T.);
#1530 = SURFACE_CURVE('',#1531,(#1535,#1542),.PCURVE_S1.);
#1531 = LINE('',#1532,#1533);
#1532 = CARTESIAN_POINT('',(103.,0.,225.));
#1533 = VECTOR('',#1534,1.);
#1534 = DIRECTION('',(0.,1.,0.));
#1535 = PCURVE('',#1034,#1536);
#1536 = DEFINITIONAL_REPRESENTATION('',(#1537),#1541);
#1537 = LINE('',#1538,#1539);
#1538 = CARTESIAN_POINT('',(0.,0.));
#1539 = VECTOR('',#1540,1.);
#1540 = DIRECTION('',(0.,-1.));
#1541 = ( GEOMETRIC_REPRESENTATION_CONTEXT(2) 
PARAMETRIC_REPRESENTATION_CONTEXT() REPRESENTATION_CONTEXT('2D SPACE',''
  ) );
#1542 = PCURVE('',#1160,#1543);
#1543 = DEFINITIONAL_REPRESENTATION('',(#1544),#1548);
#1544 = LINE('',#1545,#1546);
#1545 = CARTESIAN_POINT('',(22.,0.));
#1546 = VECTOR('',#1547,1.);
#1547 = DIRECTION('',(0.,-1.));
#1548 = ( GEOMETRIC_REPRESENTATION_CONTEXT(2) 
PARAMETRIC_REPRESENTATION_CONTEXT() REPRESENTATION_CONTEXT('2D SPACE',''
  ) );
#1549 = ORIENTED_EDGE('',*,*,#1267,.T.);
#1550 = ORIENTED_EDGE('',*,*,#1016,.F.);
#1551 = ORIENTED_EDGE('',*,*,#1172,.F.);
#1552 = ADVANCED_FACE('',(#1553,#1579,#1582,#1608,#1611),#1132,.F.);
#1553 = FACE_BOUND('',#1554,.F.);
#1554 = EDGE_LOOP('',(#1555,#1556,#1557,#1578));
#1555 = ORIENTED_EDGE('',*,*,#1294,.T.);
#1556 = ORIENTED_EDGE('',*,*,#1221,.T.);
#1557 = ORIENTED_EDGE('',*,*,#1558,.F.);
#1558 = EDGE_CURVE('',#1117,#1222,#1559,.T.);
#1559 = SURFACE_CURVE('',#1560,(#1564,#1571),.PCURVE_S1.);
#1560 = LINE('',#1561,#1562);
#1561 = CARTESIAN_POINT('',(103.,0.,247.));
#1562 = VECTOR('',#1563,1.);
#1563 = DIRECTION('',(0.,1.,0.));
#1564 = PCURVE('',#1132,#1565);
#1565 = DEFINITIONAL_REPRESENTATION('',(#1566),#1570);
#1566 = LINE('',#1567,#1568);
#1567 = CARTESIAN_POINT('',(22.,0.));
#1568 = VECTOR('',#1569,1.);
#1569 = DIRECTION('',(0.,-1.));
#1570 = ( GEOMETRIC_REPRESENTATION_CONTEXT(2) 
PARAMETRIC_REPRESENTATION_CONTEXT() REPRESENTATION_CONTEXT('2D SPACE',''
  ) );
#1571 = PCURVE('',#1160,#1572);
#1572 = DEFINITIONAL_REPRESENTATION('',(#1573),#1577);
#1573 = LINE('',#1574,#1575);
#1574 = CARTESIAN_POINT('',(0.,0.));
#1575 = VECTOR('',#1576,1.);
#1576 = DIRECTION('',(0.,-1.));
#1577 = ( GEOMETRIC_REPRESENTATION_CONTEXT(2) 
PARAMETRIC_REPRESENTATION_CONTEXT() REPRESENTATION_CONTEXT('2D SPACE',''
  ) );
#1578 = ORIENTED_EDGE('',*,*,#1116,.F.);
#1579 = FACE_BOUND('',#1580,.F.);
#1580 = EDGE_LOOP('',(#1581));
#1581 = ORIENTED_EDGE('',*,*,#1343,.F.);
#1582 = FACE_BOUND('',#1583,.F.);
#1583 = EDGE_LOOP('',(#1584));
#1584 = ORIENTED_EDGE('',*,*,#1585,.F.);
#1585 = EDGE_CURVE('',#1586,#1586,#1588,.T.);
#1586 = VERTEX_POINT('',#1587);
#1587 = CARTESIAN_POINT('',(116.3,120.,247.));
#1588 = SURFACE_CURVE('',#1589,(#1594,#1601),.PCURVE_S1.);
#1589 = CIRCLE('',#1590,3.8);
#1590 = AXIS2_PLACEMENT_3D('',#1591,#1592,#1593);
#1591 = CARTESIAN_POINT('',(112.5,120.,247.));
#1592 = DIRECTION('',(0.,0.,1.));
#1593 = DIRECTION('',(1.,0.,-0.));
#1594 = PCURVE('',#1132,#1595);
#1595 = DEFINITIONAL_REPRESENTATION('',(#1596),#1600);
#1596 = CIRCLE('',#1597,3.8);
#1597 = AXIS2_PLACEMENT_2D('',#1598,#1599);
#1598 = CARTESIAN_POINT('',(12.5,-120.));
#1599 = DIRECTION('',(-1.,-0.));
#1600 = ( GEOMETRIC_REPRESENTATION_CONTEXT(2) 
PARAMETRIC_REPRESENTATION_CONTEXT() REPRESENTATION_CONTEXT('2D SPACE',''
  ) );
#1601 = PCURVE('',#1407,#1602);
#1602 = DEFINITIONAL_REPRESENTATION('',(#1603),#1607);
#1603 = LINE('',#1604,#1605);
#1604 = CARTESIAN_POINT('',(-0.,-5.000000000001E-02));
#1605 = VECTOR('',#1606,1.);
#1606 = DIRECTION('',(-1.,-0.));
#1607 = ( GEOMETRIC_REPRESENTATION_CONTEXT(2) 
PARAMETRIC_REPRESENTATION_CONTEXT() REPRESENTATION_CONTEXT('2D SPACE',''
  ) );
#1608 = FACE_BOUND('',#1609,.F.);
#1609 = EDGE_LOOP('',(#1610));
#1610 = ORIENTED_EDGE('',*,*,#1448,.F.);
#1611 = FACE_BOUND('',#1612,.F.);
#1612 = EDGE_LOOP('',(#1613));
#1613 = ORIENTED_EDGE('',*,*,#1614,.F.);
#1614 = EDGE_CURVE('',#1615,#1615,#1617,.T.);
#1615 = VERTEX_POINT('',#1616);
#1616 = CARTESIAN_POINT('',(116.3,25.,247.));
#1617 = SURFACE_CURVE('',#1618,(#1623,#1630),.PCURVE_S1.);
#1618 = CIRCLE('',#1619,3.8);
#1619 = AXIS2_PLACEMENT_3D('',#1620,#1621,#1622);
#1620 = CARTESIAN_POINT('',(112.5,25.,247.));
#1621 = DIRECTION('',(0.,0.,1.));
#1622 = DIRECTION('',(1.,0.,-0.));
#1623 = PCURVE('',#1132,#1624);
#1624 = DEFINITIONAL_REPRESENTATION('',(#1625),#1629);
#1625 = CIRCLE('',#1626,3.8);
#1626 = AXIS2_PLACEMENT_2D('',#1627,#1628);
#1627 = CARTESIAN_POINT('',(12.5,-25.));
#1628 = DIRECTION('',(-1.,-0.));
#1629 = ( GEOMETRIC_REPRESENTATION_CONTEXT(2) 
PARAMETRIC_REPRESENTATION_CONTEXT() REPRESENTATION_CONTEXT('2D SPACE',''
  ) );
#1630 = PCURVE('',#1512,#1631);
#1631 = DEFINITIONAL_REPRESENTATION('',(#1632),#1636);
#1632 = LINE('',#1633,#1634);
#1633 = CARTESIAN_POINT('',(-0.,-5.000000000001E-02));
#1634 = VECTOR('',#1635,1.);
#1635 = DIRECTION('',(-1.,-0.));
#1636 = ( GEOMETRIC_REPRESENTATION_CONTEXT(2) 
PARAMETRIC_REPRESENTATION_CONTEXT() REPRESENTATION_CONTEXT('2D SPACE',''
  ) );
#1637 = ADVANCED_FACE('',(#1638),#1160,.F.);
#1638 = FACE_BOUND('',#1639,.F.);
#1639 = EDGE_LOOP('',(#1640,#1641,#1642,#1643));
#1640 = ORIENTED_EDGE('',*,*,#1558,.T.);
#1641 = ORIENTED_EDGE('',*,*,#1244,.T.);
#1642 = ORIENTED_EDGE('',*,*,#1529,.F.);
#1643 = ORIENTED_EDGE('',*,*,#1144,.F.);
#1644 = ADVANCED_FACE('',(#1645),#1407,.F.);
#1645 = FACE_BOUND('',#1646,.F.);
#1646 = EDGE_LOOP('',(#1647,#1668,#1669,#1670));
#1647 = ORIENTED_EDGE('',*,*,#1648,.T.);
#1648 = EDGE_CURVE('',#1586,#1370,#1649,.T.);
#1649 = SEAM_CURVE('',#1650,(#1654,#1661),.PCURVE_S1.);
#1650 = LINE('',#1651,#1652);
#1651 = CARTESIAN_POINT('',(116.35,120.,246.95));
#1652 = VECTOR('',#1653,1.);
#1653 = DIRECTION('',(-0.707106781187,1.731912112471E-16,0.707106781187)
  );
#1654 = PCURVE('',#1407,#1655);
#1655 = DEFINITIONAL_REPRESENTATION('',(#1656),#1660);
#1656 = LINE('',#1657,#1658);
#1657 = CARTESIAN_POINT('',(-6.28318530718,0.));
#1658 = VECTOR('',#1659,1.);
#1659 = DIRECTION('',(-0.,-1.));
#1660 = ( GEOMETRIC_REPRESENTATION_CONTEXT(2) 
PARAMETRIC_REPRESENTATION_CONTEXT() REPRESENTATION_CONTEXT('2D SPACE',''
  ) );
#1661 = PCURVE('',#1407,#1662);
#1662 = DEFINITIONAL_REPRESENTATION('',(#1663),#1667);
#1663 = LINE('',#1664,#1665);
#1664 = CARTESIAN_POINT('',(0.,-0.));
#1665 = VECTOR('',#1666,1.);
#1666 = DIRECTION('',(-0.,-1.));
#1667 = ( GEOMETRIC_REPRESENTATION_CONTEXT(2) 
PARAMETRIC_REPRESENTATION_CONTEXT() REPRESENTATION_CONTEXT('2D SPACE',''
  ) );
#1668 = ORIENTED_EDGE('',*,*,#1392,.F.);
#1669 = ORIENTED_EDGE('',*,*,#1648,.F.);
#1670 = ORIENTED_EDGE('',*,*,#1585,.T.);
#1671 = ADVANCED_FACE('',(#1672),#1512,.F.);
#1672 = FACE_BOUND('',#1673,.F.);
#1673 = EDGE_LOOP('',(#1674,#1695,#1696,#1697));
#1674 = ORIENTED_EDGE('',*,*,#1675,.T.);
#1675 = EDGE_CURVE('',#1615,#1475,#1676,.T.);
#1676 = SEAM_CURVE('',#1677,(#1681,#1688),.PCURVE_S1.);
#1677 = LINE('',#1678,#1679);
#1678 = CARTESIAN_POINT('',(116.35,25.,246.95));
#1679 = VECTOR('',#1680,1.);
#1680 = DIRECTION('',(-0.707106781187,1.731912112471E-16,0.707106781187)
  );
#1681 = PCURVE('',#1512,#1682);
#1682 = DEFINITIONAL_REPRESENTATION('',(#1683),#1687);
#1683 = LINE('',#1684,#1685);
#1684 = CARTESIAN_POINT('',(-6.28318530718,0.));
#1685 = VECTOR('',#1686,1.);
#1686 = DIRECTION('',(-0.,-1.));
#1687 = ( GEOMETRIC_REPRESENTATION_CONTEXT(2) 
PARAMETRIC_REPRESENTATION_CONTEXT() REPRESENTATION_CONTEXT('2D SPACE',''
  ) );
#1688 = PCURVE('',#1512,#1689);
#1689 = DEFINITIONAL_REPRESENTATION('',(#1690),#1694);
#1690 = LINE('',#1691,#1692);
#1691 = CARTESIAN_POINT('',(0.,-0.));
#1692 = VECTOR('',#1693,1.);
#1693 = DIRECTION('',(-0.,-1.));
#1694 = ( GEOMETRIC_REPRESENTATION_CONTEXT(2) 
PARAMETRIC_REPRESENTATION_CONTEXT() REPRESENTATION_CONTEXT('2D SPACE',''
  ) );
#1695 = ORIENTED_EDGE('',*,*,#1497,.F.);
#1696 = ORIENTED_EDGE('',*,*,#1675,.F.);
#1697 = ORIENTED_EDGE('',*,*,#1614,.T.);
#1698 = ( GEOMETRIC_REPRESENTATION_CONTEXT(3) 
GLOBAL_UNCERTAINTY_ASSIGNED_CONTEXT((#1702)) 
GLOBAL_UNIT_ASSIGNED_CONTEXT((#1699,#1700,#1701)) REPRESENTATION_CONTEXT
('Context #1','3D Context with UNIT and UNCERTAINTY') );
#1699 = ( LENGTH_UNIT() NAMED_UNIT(*) SI_UNIT(.MILLI.,.METRE.) );
#1700 = ( NAMED_UNIT(*) PLANE_ANGLE_UNIT() SI_UNIT($,.RADIAN.) );
#1701 = ( NAMED_UNIT(*) SI_UNIT($,.STERADIAN.) SOLID_ANGLE_UNIT() );
#1702 = UNCERTAINTY_MEASURE_WITH_UNIT(LENGTH_MEASURE(1.E-07),#1699,
  'distance_accuracy_value','confusion accuracy');
#1703 = CONTEXT_DEPENDENT_SHAPE_REPRESENTATION(#1704,#1706);
#1704 = ( REPRESENTATION_RELATIONSHIP('','',#757,#10) 
REPRESENTATION_RELATIONSHIP_WITH_TRANSFORMATION(#1705) 
SHAPE_REPRESENTATION_RELATIONSHIP() );
#1705 = ITEM_DEFINED_TRANSFORMATION('','',#11,#19);
#1706 = PRODUCT_DEFINITION_SHAPE('Placement','Placement of an item',
  #1707);
#1707 = NEXT_ASSEMBLY_USAGE_OCCURRENCE('14','bracket_1','',#5,#752,$);
#1708 = PRODUCT_RELATED_PRODUCT_CATEGORY('part',$,(#754));
#1709 = SHAPE_DEFINITION_REPRESENTATION(#1710,#1716);
#1710 = PRODUCT_DEFINITION_SHAPE('','',#1711);
#1711 = PRODUCT_DEFINITION('design','',#1712,#1715);
#1712 = PRODUCT_DEFINITION_FORMATION('','',#1713);
#1713 = PRODUCT('bracket_2','bracket_2','',(#1714));
#1714 = PRODUCT_CONTEXT('',#2,'mechanical');
#1715 = PRODUCT_DEFINITION_CONTEXT('part definition',#2,'design');
#1716 = ADVANCED_BREP_SHAPE_REPRESENTATION('',(#11,#1717),#2657);
#1717 = MANIFOLD_SOLID_BREP('',#1718);
#1718 = CLOSED_SHELL('',(#1719,#1971,#2047,#2152,#2247,#2274,#2324,#2379
    ,#2429,#2484,#2511,#2596,#2603,#2630));
#1719 = ADVANCED_FACE('',(#1720,#1839,#1874,#1905,#1940),#1734,.F.);
#1720 = FACE_BOUND('',#1721,.F.);
#1721 = EDGE_LOOP('',(#1722,#1757,#1785,#1813));
#1722 = ORIENTED_EDGE('',*,*,#1723,.T.);
#1723 = EDGE_CURVE('',#1724,#1726,#1728,.T.);
#1724 = VERTEX_POINT('',#1725);
#1725 = CARTESIAN_POINT('',(675.,0.,250.));
#1726 = VERTEX_POINT('',#1727);
#1727 = CARTESIAN_POINT('',(675.,250.,250.));
#1728 = SURFACE_CURVE('',#1729,(#1733,#1745),.PCURVE_S1.);
#1729 = LINE('',#1730,#1731);
#1730 = CARTESIAN_POINT('',(675.,0.,250.));
#1731 = VECTOR('',#1732,1.);
#1732 = DIRECTION('',(0.,1.,0.));
#1733 = PCURVE('',#1734,#1739);
#1734 = PLANE('',#1735);
#1735 = AXIS2_PLACEMENT_3D('',#1736,#1737,#1738);
#1736 = CARTESIAN_POINT('',(675.,0.,250.));
#1737 = DIRECTION('',(0.,0.,-1.));
#1738 = DIRECTION('',(1.,0.,0.));
#1739 = DEFINITIONAL_REPRESENTATION('',(#1740),#1744);
#1740 = LINE('',#1741,#1742);
#1741 = CARTESIAN_POINT('',(0.,0.));
#1742 = VECTOR('',#1743,1.);
#1743 = DIRECTION('',(0.,-1.));
#1744 = ( GEOMETRIC_REPRESENTATION_CONTEXT(2) 
PARAMETRIC_REPRESENTATION_CONTEXT() REPRESENTATION_CONTEXT('2D SPACE',''
  ) );
#1745 = PCURVE('',#1746,#1751);
#1746 = PLANE('',#1747);
#1747 = AXIS2_PLACEMENT_3D('',#1748,#1749,#1750);
#1748 = CARTESIAN_POINT('',(675.,0.,225.));
#1749 = DIRECTION('',(1.,0.,0.));
#1750 = DIRECTION('',(0.,0.,1.));
#1751 = DEFINITIONAL_REPRESENTATION('',(#1752),#1756);
#1752 = LINE('',#1753,#1754);
#1753 = CARTESIAN_POINT('',(25.,0.));
#1754 = VECTOR('',#1755,1.);
#1755 = DIRECTION('',(0.,-1.));
#1756 = ( GEOMETRIC_REPRESENTATION_CONTEXT(2) 
PARAMETRIC_REPRESENTATION_CONTEXT() REPRESENTATION_CONTEXT('2D SPACE',''
  ) );
#1757 = ORIENTED_EDGE('',*,*,#1758,.T.);
#1758 = EDGE_CURVE('',#1726,#1759,#1761,.T.);
#1759 = VERTEX_POINT('',#1760);
#1760 = CARTESIAN_POINT('',(700.,250.,250.));
#1761 = SURFACE_CURVE('',#1762,(#1766,#1773),.PCURVE_S1.);
#1762 = LINE('',#1763,#1764);
#1763 = CARTESIAN_POINT('',(675.,250.,250.));
#1764 = VECTOR('',#1765,1.);
#1765 = DIRECTION('',(1.,0.,0.));
#1766 = PCURVE('',#1734,#1767);
#1767 = DEFINITIONAL_REPRESENTATION('',(#1768),#1772);
#1768 = LINE('',#1769,#1770);
#1769 = CARTESIAN_POINT('',(0.,-250.));
#1770 = VECTOR('',#1771,1.);
#1771 = DIRECTION('',(1.,0.));
#1772 = ( GEOMETRIC_REPRESENTATION_CONTEXT(2) 
PARAMETRIC_REPRESENTATION_CONTEXT() REPRESENTATION_CONTEXT('2D SPACE',''
  ) );
#1773 = PCURVE('',#1774,#1779);
#1774 = PLANE('',#1775);
#1775 = AXIS2_PLACEMENT_3D('',#1776,#1777,#1778);
#1776 = CARTESIAN_POINT('',(682.66,250.,242.34));
#1777 = DIRECTION('',(0.,1.,0.));
#1778 = DIRECTION('',(0.,0.,-1.));
#1779 = DEFINITIONAL_REPRESENTATION('',(#1780),#1784);
#1780 = LINE('',#1781,#1782);
#1781 = CARTESIAN_POINT('',(-7.66,7.66));
#1782 = VECTOR('',#1783,1.);
#1783 = DIRECTION('',(0.,-1.));
#1784 = ( GEOMETRIC_REPRESENTATION_CONTEXT(2) 
PARAMETRIC_REPRESENTATION_CONTEXT() REPRESENTATION_CONTEXT('2D SPACE',''
  ) );
#1785 = ORIENTED_EDGE('',*,*,#1786,.F.);
#1786 = EDGE_CURVE('',#1787,#1759,#1789,.T.);
#1787 = VERTEX_POINT('',#1788);
#1788 = CARTESIAN_POINT('',(700.,0.,250.));
#1789 = SURFACE_CURVE('',#1790,(#1794,#1801),.PCURVE_S1.);
#1790 = LINE('',#1791,#1792);
#1791 = CARTESIAN_POINT('',(700.,0.,250.));
#1792 = VECTOR('',#1793,1.);
#1793 = DIRECTION('',(0.,1.,0.));
#1794 = PCURVE('',#1734,#1795);
#1795 = DEFINITIONAL_REPRESENTATION('',(#1796),#1800);
#1796 = LINE('',#1797,#1798);
#1797 = CARTESIAN_POINT('',(25.,0.));
#1798 = VECTOR('',#1799,1.);
#1799 = DIRECTION('',(0.,-1.));
#1800 = ( GEOMETRIC_REPRESENTATION_CONTEXT(2) 
PARAMETRIC_REPRESENTATION_CONTEXT() REPRESENTATION_CONTEXT('2D SPACE',''
  ) );
#1801 = PCURVE('',#1802,#1807);
#1802 = PLANE('',#1803);
#1803 = AXIS2_PLACEMENT_3D('',#1804,#1805,#1806);
#1804 = CARTESIAN_POINT('',(700.,0.,250.));
#1805 = DIRECTION('',(-1.,0.,0.));
#1806 = DIRECTION('',(0.,0.,-1.));
#1807 = DEFINITIONAL_REPRESENTATION('',(#1808),#1812);
#1808 = LINE('',#1809,#1810);
#1809 = CARTESIAN_POINT('',(0.,0.));
#1810 = VECTOR('',#1811,1.);
#1811 = DIRECTION('',(0.,-1.));
#1812 = ( GEOMETRIC_REPRESENTATION_CONTEXT(2) 
PARAMETRIC_REPRESENTATION_CONTEXT() REPRESENTATION_CONTEXT('2D SPACE',''
  ) );
#1813 = ORIENTED_EDGE('',*,*,#1814,.F.);
#1814 = EDGE_CURVE('',#1724,#1787,#1815,.T.);
#1815 = SURFACE_CURVE('',#1816,(#1820,#1827),.PCURVE_S1.);
#1816 = LINE('',#1817,#1818);
#1817 = CARTESIAN_POINT('',(675.,0.,250.));
#1818 = VECTOR('',#1819,1.);
#1819 = DIRECTION('',(1.,0.,0.));
#1820 = PCURVE('',#1734,#1821);
#1821 = DEFINITIONAL_REPRESENTATION('',(#1822),#1826);
#1822 = LINE('',#1823,#1824);
#1823 = CARTESIAN_POINT('',(0.,0.));
#1824 = VECTOR('',#1825,1.);
#1825 = DIRECTION('',(1.,0.));
#1826 = ( GEOMETRIC_REPRESENTATION_CONTEXT(2) 
PARAMETRIC_REPRESENTATION_CONTEXT() REPRESENTATION_CONTEXT('2D SPACE',''
  ) );
#1827 = PCURVE('',#1828,#1833);
#1828 = PLANE('',#1829);
#1829 = AXIS2_PLACEMENT_3D('',#1830,#1831,#1832);
#1830 = CARTESIAN_POINT('',(682.66,0.,242.34));
#1831 = DIRECTION('',(0.,1.,0.));
#1832 = DIRECTION('',(0.,0.,-1.));
#1833 = DEFINITIONAL_REPRESENTATION('',(#1834),#1838);
#1834 = LINE('',#1835,#1836);
#1835 = CARTESIAN_POINT('',(-7.66,7.66));
#1836 = VECTOR('',#1837,1.);
#1837 = DIRECTION('',(0.,-1.));
#1838 = ( GEOMETRIC_REPRESENTATION_CONTEXT(2) 
PARAMETRIC_REPRESENTATION_CONTEXT() REPRESENTATION_CONTEXT('2D SPACE',''
  ) );
#1839 = FACE_BOUND('',#1840,.F.);
#1840 = EDGE_LOOP('',(#1841));
#1841 = ORIENTED_EDGE('',*,*,#1842,.T.);
#1842 = EDGE_CURVE('',#1843,#1843,#1845,.T.);
#1843 = VERTEX_POINT('',#1844);
#1844 = CARTESIAN_POINT('',(687.5,183.,250.));
#1845 = SURFACE_CURVE('',#1846,(#1851,#1862),.PCURVE_S1.);
#1846 = CIRCLE('',#1847,3.);
#1847 = AXIS2_PLACEMENT_3D('',#1848,#1849,#1850);
#1848 = CARTESIAN_POINT('',(687.5,180.,250.));
#1849 = DIRECTION('',(0.,-0.,1.));
#1850 = DIRECTION('',(0.,1.,0.));
#1851 = PCURVE('',#1734,#1852);
#1852 = DEFINITIONAL_REPRESENTATION('',(#1853),#1861);
#1853 = ( BOUNDED_CURVE() B_SPLINE_CURVE(2,(#1854,#1855,#1856,#1857,
#1858,#1859,#1860),.UNSPECIFIED.,.T.,.F.) B_SPLINE_CURVE_WITH_KNOTS((1,2
    ,2,2,2,1),(-2.094395102393,0.,2.094395102393,4.188790204786,
6.28318530718,8.377580409573),.UNSPECIFIED.) CURVE() 
GEOMETRIC_REPRESENTATION_ITEM() RATIONAL_B_SPLINE_CURVE((1.,0.5,1.,0.5,
1.,0.5,1.)) REPRESENTATION_ITEM('') );
#1854 = CARTESIAN_POINT('',(12.5,-183.));
#1855 = CARTESIAN_POINT('',(7.303847577293,-183.));
#1856 = CARTESIAN_POINT('',(9.901923788647,-178.5));
#1857 = CARTESIAN_POINT('',(12.5,-174.));
#1858 = CARTESIAN_POINT('',(15.098076211353,-178.5));
#1859 = CARTESIAN_POINT('',(17.696152422707,-183.));
#1860 = CARTESIAN_POINT('',(12.5,-183.));
#1861 = ( GEOMETRIC_REPRESENTATION_CONTEXT(2) 
PARAMETRIC_REPRESENTATION_CONTEXT() REPRESENTATION_CONTEXT('2D SPACE',''
  ) );
#1862 = PCURVE('',#1863,#1868);
#1863 = CYLINDRICAL_SURFACE('',#1864,3.);
#1864 = AXIS2_PLACEMENT_3D('',#1865,#1866,#1867);
#1865 = CARTESIAN_POINT('',(687.5,180.,250.01));
#1866 = DIRECTION('',(-0.,-0.,1.));
#1867 = DIRECTION('',(0.,1.,0.));
#1868 = DEFINITIONAL_REPRESENTATION('',(#1869),#1873);
#1869 = LINE('',#1870,#1871);
#1870 = CARTESIAN_POINT('',(-6.28318530718,-1.E-02));
#1871 = VECTOR('',#1872,1.);
#1872 = DIRECTION('',(1.,-0.));
#1873 = ( GEOMETRIC_REPRESENTATION_CONTEXT(2) 
PARAMETRIC_REPRESENTATION_CONTEXT() REPRESENTATION_CONTEXT('2D SPACE',''
  ) );
#1874 = FACE_BOUND('',#1875,.F.);
#1875 = EDGE_LOOP('',(#1876));
#1876 = ORIENTED_EDGE('',*,*,#1877,.F.);
#1877 = EDGE_CURVE('',#1878,#1878,#1880,.T.);
#1878 = VERTEX_POINT('',#1879);
#1879 = CARTESIAN_POINT('',(688.75,120.,250.));
#1880 = SURFACE_CURVE('',#1881,(#1886,#1893),.PCURVE_S1.);
#1881 = CIRCLE('',#1882,1.25);
#1882 = AXIS2_PLACEMENT_3D('',#1883,#1884,#1885);
#1883 = CARTESIAN_POINT('',(687.5,120.,250.));
#1884 = DIRECTION('',(0.,0.,-1.));
#1885 = DIRECTION('',(1.,0.,0.));
#1886 = PCURVE('',#1734,#1887);
#1887 = DEFINITIONAL_REPRESENTATION('',(#1888),#1892);
#1888 = CIRCLE('',#1889,1.25);
#1889 = AXIS2_PLACEMENT_2D('',#1890,#1891);
#1890 = CARTESIAN_POINT('',(12.5,-120.));
#1891 = DIRECTION('',(1.,0.));
#1892 = ( GEOMETRIC_REPRESENTATION_CONTEXT(2) 
PARAMETRIC_REPRESENTATION_CONTEXT() REPRESENTATION_CONTEXT('2D SPACE',''
  ) );
#1893 = PCURVE('',#1894,#1899);
#1894 = CYLINDRICAL_SURFACE('',#1895,1.25);
#1895 = AXIS2_PLACEMENT_3D('',#1896,#1897,#1898);
#1896 = CARTESIAN_POINT('',(687.5,120.,246.95));
#1897 = DIRECTION('',(-0.,-0.,-1.));
#1898 = DIRECTION('',(1.,0.,0.));
#1899 = DEFINITIONAL_REPRESENTATION('',(#1900),#1904);
#1900 = LINE('',#1901,#1902);
#1901 = CARTESIAN_POINT('',(-6.28318530718,-3.05));
#1902 = VECTOR('',#1903,1.);
#1903 = DIRECTION('',(1.,-0.));
#1904 = ( GEOMETRIC_REPRESENTATION_CONTEXT(2) 
PARAMETRIC_REPRESENTATION_CONTEXT() REPRESENTATION_CONTEXT('2D SPACE',''
  ) );
#1905 = FACE_BOUND('',#1906,.F.);
#1906 = EDGE_LOOP('',(#1907));
#1907 = ORIENTED_EDGE('',*,*,#1908,.T.);
#1908 = EDGE_CURVE('',#1909,#1909,#1911,.T.);
#1909 = VERTEX_POINT('',#1910);
#1910 = CARTESIAN_POINT('',(687.5,43.,250.));
#1911 = SURFACE_CURVE('',#1912,(#1917,#1928),.PCURVE_S1.);
#1912 = CIRCLE('',#1913,3.);
#1913 = AXIS2_PLACEMENT_3D('',#1914,#1915,#1916);
#1914 = CARTESIAN_POINT('',(687.5,40.,250.));
#1915 = DIRECTION('',(0.,-0.,1.));
#1916 = DIRECTION('',(0.,1.,0.));
#1917 = PCURVE('',#1734,#1918);
#1918 = DEFINITIONAL_REPRESENTATION('',(#1919),#1927);
#1919 = ( BOUNDED_CURVE() B_SPLINE_CURVE(2,(#1920,#1921,#1922,#1923,
#1924,#1925,#1926),.UNSPECIFIED.,.T.,.F.) B_SPLINE_CURVE_WITH_KNOTS((1,2
    ,2,2,2,1),(-2.094395102393,0.,2.094395102393,4.188790204786,
6.28318530718,8.377580409573),.UNSPECIFIED.) CURVE() 
GEOMETRIC_REPRESENTATION_ITEM() RATIONAL_B_SPLINE_CURVE((1.,0.5,1.,0.5,
1.,0.5,1.)) REPRESENTATION_ITEM('') );
#1920 = CARTESIAN_POINT('',(12.5,-43.));
#1921 = CARTESIAN_POINT('',(7.303847577293,-43.));
#1922 = CARTESIAN_POINT('',(9.901923788647,-38.5));
#1923 = CARTESIAN_POINT('',(12.5,-34.));
#1924 = CARTESIAN_POINT('',(15.098076211353,-38.5));
#1925 = CARTESIAN_POINT('',(17.696152422707,-43.));
#1926 = CARTESIAN_POINT('',(12.5,-43.));
#1927 = ( GEOMETRIC_REPRESENTATION_CONTEXT(2) 
PARAMETRIC_REPRESENTATION_CONTEXT() REPRESENTATION_CONTEXT('2D SPACE',''
  ) );
#1928 = PCURVE('',#1929,#1934);
#1929 = CYLINDRICAL_SURFACE('',#1930,3.);
#1930 = AXIS2_PLACEMENT_3D('',#1931,#1932,#1933);
#1931 = CARTESIAN_POINT('',(687.5,40.,250.01));
#1932 = DIRECTION('',(-0.,-0.,1.));
#1933 = DIRECTION('',(0.,1.,0.));
#1934 = DEFINITIONAL_REPRESENTATION('',(#1935),#1939);
#1935 = LINE('',#1936,#1937);
#1936 = CARTESIAN_POINT('',(-6.28318530718,-1.E-02));
#1937 = VECTOR('',#1938,1.);
#1938 = DIRECTION('',(1.,-0.));
#1939 = ( GEOMETRIC_REPRESENTATION_CONTEXT(2) 
PARAMETRIC_REPRESENTATION_CONTEXT() REPRESENTATION_CONTEXT('2D SPACE',''
  ) );
#1940 = FACE_BOUND('',#1941,.F.);
#1941 = EDGE_LOOP('',(#1942));
#1942 = ORIENTED_EDGE('',*,*,#1943,.F.);
#1943 = EDGE_CURVE('',#1944,#1944,#1946,.T.);
#1944 = VERTEX_POINT('',#1945);
#1945 = CARTESIAN_POINT('',(688.75,25.,250.));
#1946 = SURFACE_CURVE('',#1947,(#1952,#1959),.PCURVE_S1.);
#1947 = CIRCLE('',#1948,1.25);
#1948 = AXIS2_PLACEMENT_3D('',#1949,#1950,#1951);
#1949 = CARTESIAN_POINT('',(687.5,25.,250.));
#1950 = DIRECTION('',(0.,0.,-1.));
#1951 = DIRECTION('',(1.,0.,0.));
#1952 = PCURVE('',#1734,#1953);
#1953 = DEFINITIONAL_REPRESENTATION('',(#1954),#1958);
#1954 = CIRCLE('',#1955,1.25);
#1955 = AXIS2_PLACEMENT_2D('',#1956,#1957);
#1956 = CARTESIAN_POINT('',(12.5,-25.));
#1957 = DIRECTION('',(1.,0.));
#1958 = ( GEOMETRIC_REPRESENTATION_CONTEXT(2) 
PARAMETRIC_REPRESENTATION_CONTEXT() REPRESENTATION_CONTEXT('2D SPACE',''
  ) );
#1959 = PCURVE('',#1960,#1965);
#1960 = CYLINDRICAL_SURFACE('',#1961,1.25);
#1961 = AXIS2_PLACEMENT_3D('',#1962,#1963,#1964);
#1962 = CARTESIAN_POINT('',(687.5,25.,246.95));
#1963 = DIRECTION('',(-0.,-0.,-1.));
#1964 = DIRECTION('',(1.,0.,0.));
#1965 = DEFINITIONAL_REPRESENTATION('',(#1966),#1970);
#1966 = LINE('',#1967,#1968);
#1967 = CARTESIAN_POINT('',(-6.28318530718,-3.05));
#1968 = VECTOR('',#1969,1.);
#1969 = DIRECTION('',(1.,-0.));
#1970 = ( GEOMETRIC_REPRESENTATION_CONTEXT(2) 
PARAMETRIC_REPRESENTATION_CONTEXT() REPRESENTATION_CONTEXT('2D SPACE',''
  ) );
#1971 = ADVANCED_FACE('',(#1972),#1746,.F.);
#1972 = FACE_BOUND('',#1973,.F.);
#1973 = EDGE_LOOP('',(#1974,#2004,#2025,#2026));
#1974 = ORIENTED_EDGE('',*,*,#1975,.T.);
#1975 = EDGE_CURVE('',#1976,#1978,#1980,.T.);
#1976 = VERTEX_POINT('',#1977);
#1977 = CARTESIAN_POINT('',(675.,0.,225.));
#1978 = VERTEX_POINT('',#1979);
#1979 = CARTESIAN_POINT('',(675.,250.,225.));
#1980 = SURFACE_CURVE('',#1981,(#1985,#1992),.PCURVE_S1.);
#1981 = LINE('',#1982,#1983);
#1982 = CARTESIAN_POINT('',(675.,0.,225.));
#1983 = VECTOR('',#1984,1.);
#1984 = DIRECTION('',(0.,1.,0.));
#1985 = PCURVE('',#1746,#1986);
#1986 = DEFINITIONAL_REPRESENTATION('',(#1987),#1991);
#1987 = LINE('',#1988,#1989);
#1988 = CARTESIAN_POINT('',(0.,0.));
#1989 = VECTOR('',#1990,1.);
#1990 = DIRECTION('',(0.,-1.));
#1991 = ( GEOMETRIC_REPRESENTATION_CONTEXT(2) 
PARAMETRIC_REPRESENTATION_CONTEXT() REPRESENTATION_CONTEXT('2D SPACE',''
  ) );
#1992 = PCURVE('',#1993,#1998);
#1993 = PLANE('',#1994);
#1994 = AXIS2_PLACEMENT_3D('',#1995,#1996,#1997);
#1995 = CARTESIAN_POINT('',(678.,0.,225.));
#1996 = DIRECTION('',(0.,0.,1.));
#1997 = DIRECTION('',(-1.,0.,0.));
#1998 = DEFINITIONAL_REPRESENTATION('',(#1999),#2003);
#1999 = LINE('',#2000,#2001);
#2000 = CARTESIAN_POINT('',(3.,0.));
#2001 = VECTOR('',#2002,1.);
#2002 = DIRECTION('',(0.,-1.));
#2003 = ( GEOMETRIC_REPRESENTATION_CONTEXT(2) 
PARAMETRIC_REPRESENTATION_CONTEXT() REPRESENTATION_CONTEXT('2D SPACE',''
  ) );
#2004 = ORIENTED_EDGE('',*,*,#2005,.T.);
#2005 = EDGE_CURVE('',#1978,#1726,#2006,.T.);
#2006 = SURFACE_CURVE('',#2007,(#2011,#2018),.PCURVE_S1.);
#2007 = LINE('',#2008,#2009);
#2008 = CARTESIAN_POINT('',(675.,250.,225.));
#2009 = VECTOR('',#2010,1.);
#2010 = DIRECTION('',(0.,0.,1.));
#2011 = PCURVE('',#1746,#2012);
#2012 = DEFINITIONAL_REPRESENTATION('',(#2013),#2017);
#2013 = LINE('',#2014,#2015);
#2014 = CARTESIAN_POINT('',(0.,-250.));
#2015 = VECTOR('',#2016,1.);
#2016 = DIRECTION('',(1.,0.));
#2017 = ( GEOMETRIC_REPRESENTATION_CONTEXT(2) 
PARAMETRIC_REPRESENTATION_CONTEXT() REPRESENTATION_CONTEXT('2D SPACE',''
  ) );
#2018 = PCURVE('',#1774,#2019);
#2019 = DEFINITIONAL_REPRESENTATION('',(#2020),#2024);
#2020 = LINE('',#2021,#2022);
#2021 = CARTESIAN_POINT('',(17.34,7.66));
#2022 = VECTOR('',#2023,1.);
#2023 = DIRECTION('',(-1.,0.));
#2024 = ( GEOMETRIC_REPRESENTATION_CONTEXT(2) 
PARAMETRIC_REPRESENTATION_CONTEXT() REPRESENTATION_CONTEXT('2D SPACE',''
  ) );
#2025 = ORIENTED_EDGE('',*,*,#1723,.F.);
#2026 = ORIENTED_EDGE('',*,*,#2027,.F.);
#2027 = EDGE_CURVE('',#1976,#1724,#2028,.T.);
#2028 = SURFACE_CURVE('',#2029,(#2033,#2040),.PCURVE_S1.);
#2029 = LINE('',#2030,#2031);
#2030 = CARTESIAN_POINT('',(675.,0.,225.));
#2031 = VECTOR('',#2032,1.);
#2032 = DIRECTION('',(0.,0.,1.));
#2033 = PCURVE('',#1746,#2034);
#2034 = DEFINITIONAL_REPRESENTATION('',(#2035),#2039);
#2035 = LINE('',#2036,#2037);
#2036 = CARTESIAN_POINT('',(0.,0.));
#2037 = VECTOR('',#2038,1.);
#2038 = DIRECTION('',(1.,0.));
#2039 = ( GEOMETRIC_REPRESENTATION_CONTEXT(2) 
PARAMETRIC_REPRESENTATION_CONTEXT() REPRESENTATION_CONTEXT('2D SPACE',''
  ) );
#2040 = PCURVE('',#1828,#2041);
#2041 = DEFINITIONAL_REPRESENTATION('',(#2042),#2046);
#2042 = LINE('',#2043,#2044);
#2043 = CARTESIAN_POINT('',(17.34,7.66));
#2044 = VECTOR('',#2045,1.);
#2045 = DIRECTION('',(-1.,0.));
#2046 = ( GEOMETRIC_REPRESENTATION_CONTEXT(2) 
PARAMETRIC_REPRESENTATION_CONTEXT() REPRESENTATION_CONTEXT('2D SPACE',''
  ) );
#2047 = ADVANCED_FACE('',(#2048),#1828,.F.);
#2048 = FACE_BOUND('',#2049,.F.);
#2049 = EDGE_LOOP('',(#2050,#2051,#2074,#2102,#2130,#2151));
#2050 = ORIENTED_EDGE('',*,*,#1814,.T.);
#2051 = ORIENTED_EDGE('',*,*,#2052,.T.);
#2052 = EDGE_CURVE('',#1787,#2053,#2055,.T.);
#2053 = VERTEX_POINT('',#2054);
#2054 = CARTESIAN_POINT('',(700.,0.,247.));
#2055 = SURFACE_CURVE('',#2056,(#2060,#2067),.PCURVE_S1.);
#2056 = LINE('',#2057,#2058);
#2057 = CARTESIAN_POINT('',(700.,0.,250.));
#2058 = VECTOR('',#2059,1.);
#2059 = DIRECTION('',(0.,0.,-1.));
#2060 = PCURVE('',#1828,#2061);
#2061 = DEFINITIONAL_REPRESENTATION('',(#2062),#2066);
#2062 = LINE('',#2063,#2064);
#2063 = CARTESIAN_POINT('',(-7.66,-17.34));
#2064 = VECTOR('',#2065,1.);
#2065 = DIRECTION('',(1.,0.));
#2066 = ( GEOMETRIC_REPRESENTATION_CONTEXT(2) 
PARAMETRIC_REPRESENTATION_CONTEXT() REPRESENTATION_CONTEXT('2D SPACE',''
  ) );
#2067 = PCURVE('',#1802,#2068);
#2068 = DEFINITIONAL_REPRESENTATION('',(#2069),#2073);
#2069 = LINE('',#2070,#2071);
#2070 = CARTESIAN_POINT('',(0.,0.));
#2071 = VECTOR('',#2072,1.);
#2072 = DIRECTION('',(1.,0.));
#2073 = ( GEOMETRIC_REPRESENTATION_CONTEXT(2) 
PARAMETRIC_REPRESENTATION_CONTEXT() REPRESENTATION_CONTEXT('2D SPACE',''
  ) );
#2074 = ORIENTED_EDGE('',*,*,#2075,.T.);
#2075 = EDGE_CURVE('',#2053,#2076,#2078,.T.);
#2076 = VERTEX_POINT('',#2077);
#2077 = CARTESIAN_POINT('',(678.,0.,247.));
#2078 = SURFACE_CURVE('',#2079,(#2083,#2090),.PCURVE_S1.);
#2079 = LINE('',#2080,#2081);
#2080 = CARTESIAN_POINT('',(700.,0.,247.));
#2081 = VECTOR('',#2082,1.);
#2082 = DIRECTION('',(-1.,0.,0.));
#2083 = PCURVE('',#1828,#2084);
#2084 = DEFINITIONAL_REPRESENTATION('',(#2085),#2089);
#2085 = LINE('',#2086,#2087);
#2086 = CARTESIAN_POINT('',(-4.66,-17.34));
#2087 = VECTOR('',#2088,1.);
#2088 = DIRECTION('',(0.,1.));
#2089 = ( GEOMETRIC_REPRESENTATION_CONTEXT(2) 
PARAMETRIC_REPRESENTATION_CONTEXT() REPRESENTATION_CONTEXT('2D SPACE',''
  ) );
#2090 = PCURVE('',#2091,#2096);
#2091 = PLANE('',#2092);
#2092 = AXIS2_PLACEMENT_3D('',#2093,#2094,#2095);
#2093 = CARTESIAN_POINT('',(700.,0.,247.));
#2094 = DIRECTION('',(0.,0.,1.));
#2095 = DIRECTION('',(-1.,0.,0.));
#2096 = DEFINITIONAL_REPRESENTATION('',(#2097),#2101);
#2097 = LINE('',#2098,#2099);
#2098 = CARTESIAN_POINT('',(0.,0.));
#2099 = VECTOR('',#2100,1.);
#2100 = DIRECTION('',(1.,0.));
#2101 = ( GEOMETRIC_REPRESENTATION_CONTEXT(2) 
PARAMETRIC_REPRESENTATION_CONTEXT() REPRESENTATION_CONTEXT('2D SPACE',''
  ) );
#2102 = ORIENTED_EDGE('',*,*,#2103,.T.);
#2103 = EDGE_CURVE('',#2076,#2104,#2106,.T.);
#2104 = VERTEX_POINT('',#2105);
#2105 = CARTESIAN_POINT('',(678.,0.,225.));
#2106 = SURFACE_CURVE('',#2107,(#2111,#2118),.PCURVE_S1.);
#2107 = LINE('',#2108,#2109);
#2108 = CARTESIAN_POINT('',(678.,0.,247.));
#2109 = VECTOR('',#2110,1.);
#2110 = DIRECTION('',(0.,0.,-1.));
#2111 = PCURVE('',#1828,#2112);
#2112 = DEFINITIONAL_REPRESENTATION('',(#2113),#2117);
#2113 = LINE('',#2114,#2115);
#2114 = CARTESIAN_POINT('',(-4.66,4.66));
#2115 = VECTOR('',#2116,1.);
#2116 = DIRECTION('',(1.,0.));
#2117 = ( GEOMETRIC_REPRESENTATION_CONTEXT(2) 
PARAMETRIC_REPRESENTATION_CONTEXT() REPRESENTATION_CONTEXT('2D SPACE',''
  ) );
#2118 = PCURVE('',#2119,#2124);
#2119 = PLANE('',#2120);
#2120 = AXIS2_PLACEMENT_3D('',#2121,#2122,#2123);
#2121 = CARTESIAN_POINT('',(678.,0.,247.));
#2122 = DIRECTION('',(-1.,0.,0.));
#2123 = DIRECTION('',(0.,0.,-1.));
#2124 = DEFINITIONAL_REPRESENTATION('',(#2125),#2129);
#2125 = LINE('',#2126,#2127);
#2126 = CARTESIAN_POINT('',(0.,0.));
#2127 = VECTOR('',#2128,1.);
#2128 = DIRECTION('',(1.,0.));
#2129 = ( GEOMETRIC_REPRESENTATION_CONTEXT(2) 
PARAMETRIC_REPRESENTATION_CONTEXT() REPRESENTATION_CONTEXT('2D SPACE',''
  ) );
#2130 = ORIENTED_EDGE('',*,*,#2131,.T.);
#2131 = EDGE_CURVE('',#2104,#1976,#2132,.T.);
#2132 = SURFACE_CURVE('',#2133,(#2137,#2144),.PCURVE_S1.);
#2133 = LINE('',#2134,#2135);
#2134 = CARTESIAN_POINT('',(678.,0.,225.));
#2135 = VECTOR('',#2136,1.);
#2136 = DIRECTION('',(-1.,0.,0.));
#2137 = PCURVE('',#1828,#2138);
#2138 = DEFINITIONAL_REPRESENTATION('',(#2139),#2143);
#2139 = LINE('',#2140,#2141);
#2140 = CARTESIAN_POINT('',(17.34,4.66));
#2141 = VECTOR('',#2142,1.);
#2142 = DIRECTION('',(0.,1.));
#2143 = ( GEOMETRIC_REPRESENTATION_CONTEXT(2) 
PARAMETRIC_REPRESENTATION_CONTEXT() REPRESENTATION_CONTEXT('2D SPACE',''
  ) );
#2144 = PCURVE('',#1993,#2145);
#2145 = DEFINITIONAL_REPRESENTATION('',(#2146),#2150);
#2146 = LINE('',#2147,#2148);
#2147 = CARTESIAN_POINT('',(0.,0.));
#2148 = VECTOR('',#2149,1.);
#2149 = DIRECTION('',(1.,0.));
#2150 = ( GEOMETRIC_REPRESENTATION_CONTEXT(2) 
PARAMETRIC_REPRESENTATION_CONTEXT() REPRESENTATION_CONTEXT('2D SPACE',''
  ) );
#2151 = ORIENTED_EDGE('',*,*,#2027,.T.);
#2152 = ADVANCED_FACE('',(#2153),#1774,.T.);
#2153 = FACE_BOUND('',#2154,.T.);
#2154 = EDGE_LOOP('',(#2155,#2156,#2179,#2202,#2225,#2246));
#2155 = ORIENTED_EDGE('',*,*,#1758,.T.);
#2156 = ORIENTED_EDGE('',*,*,#2157,.T.);
#2157 = EDGE_CURVE('',#1759,#2158,#2160,.T.);
#2158 = VERTEX_POINT('',#2159);
#2159 = CARTESIAN_POINT('',(700.,250.,247.));
#2160 = SURFACE_CURVE('',#2161,(#2165,#2172),.PCURVE_S1.);
#2161 = LINE('',#2162,#2163);
#2162 = CARTESIAN_POINT('',(700.,250.,250.));
#2163 = VECTOR('',#2164,1.);
#2164 = DIRECTION('',(0.,0.,-1.));
#2165 = PCURVE('',#1774,#2166);
#2166 = DEFINITIONAL_REPRESENTATION('',(#2167),#2171);
#2167 = LINE('',#2168,#2169);
#2168 = CARTESIAN_POINT('',(-7.66,-17.34));
#2169 = VECTOR('',#2170,1.);
#2170 = DIRECTION('',(1.,0.));
#2171 = ( GEOMETRIC_REPRESENTATION_CONTEXT(2) 
PARAMETRIC_REPRESENTATION_CONTEXT() REPRESENTATION_CONTEXT('2D SPACE',''
  ) );
#2172 = PCURVE('',#1802,#2173);
#2173 = DEFINITIONAL_REPRESENTATION('',(#2174),#2178);
#2174 = LINE('',#2175,#2176);
#2175 = CARTESIAN_POINT('',(0.,-250.));
#2176 = VECTOR('',#2177,1.);
#2177 = DIRECTION('',(1.,0.));
#2178 = ( GEOMETRIC_REPRESENTATION_CONTEXT(2) 
PARAMETRIC_REPRESENTATION_CONTEXT() REPRESENTATION_CONTEXT('2D SPACE',''
  ) );
#2179 = ORIENTED_EDGE('',*,*,#2180,.T.);
#2180 = EDGE_CURVE('',#2158,#2181,#2183,.T.);
#2181 = VERTEX_POINT('',#2182);
#2182 = CARTESIAN_POINT('',(678.,250.,247.));
#2183 = SURFACE_CURVE('',#2184,(#2188,#2195),.PCURVE_S1.);
#2184 = LINE('',#2185,#2186);
#2185 = CARTESIAN_POINT('',(700.,250.,247.));
#2186 = VECTOR('',#2187,1.);
#2187 = DIRECTION('',(-1.,0.,0.));
#2188 = PCURVE('',#1774,#2189);
#2189 = DEFINITIONAL_REPRESENTATION('',(#2190),#2194);
#2190 = LINE('',#2191,#2192);
#2191 = CARTESIAN_POINT('',(-4.66,-17.34));
#2192 = VECTOR('',#2193,1.);
#2193 = DIRECTION('',(0.,1.));
#2194 = ( GEOMETRIC_REPRESENTATION_CONTEXT(2) 
PARAMETRIC_REPRESENTATION_CONTEXT() REPRESENTATION_CONTEXT('2D SPACE',''
  ) );
#2195 = PCURVE('',#2091,#2196);
#2196 = DEFINITIONAL_REPRESENTATION('',(#2197),#2201);
#2197 = LINE('',#2198,#2199);
#2198 = CARTESIAN_POINT('',(0.,-250.));
#2199 = VECTOR('',#2200,1.);
#2200 = DIRECTION('',(1.,0.));
#2201 = ( GEOMETRIC_REPRESENTATION_CONTEXT(2) 
PARAMETRIC_REPRESENTATION_CONTEXT() REPRESENTATION_CONTEXT('2D SPACE',''
  ) );
#2202 = ORIENTED_EDGE('',*,*,#2203,.T.);
#2203 = EDGE_CURVE('',#2181,#2204,#2206,.T.);
#2204 = VERTEX_POINT('',#2205);
#2205 = CARTESIAN_POINT('',(678.,250.,225.));
#2206 = SURFACE_CURVE('',#2207,(#2211,#2218),.PCURVE_S1.);
#2207 = LINE('',#2208,#2209);
#2208 = CARTESIAN_POINT('',(678.,250.,247.));
#2209 = VECTOR('',#2210,1.);
#2210 = DIRECTION('',(0.,0.,-1.));
#2211 = PCURVE('',#1774,#2212);
#2212 = DEFINITIONAL_REPRESENTATION('',(#2213),#2217);
#2213 = LINE('',#2214,#2215);
#2214 = CARTESIAN_POINT('',(-4.66,4.66));
#2215 = VECTOR('',#2216,1.);
#2216 = DIRECTION('',(1.,0.));
#2217 = ( GEOMETRIC_REPRESENTATION_CONTEXT(2) 
PARAMETRIC_REPRESENTATION_CONTEXT() REPRESENTATION_CONTEXT('2D SPACE',''
  ) );
#2218 = PCURVE('',#2119,#2219);
#2219 = DEFINITIONAL_REPRESENTATION('',(#2220),#2224);
#2220 = LINE('',#2221,#2222);
#2221 = CARTESIAN_POINT('',(0.,-250.));
#2222 = VECTOR('',#2223,1.);
#2223 = DIRECTION('',(1.,0.));
#2224 = ( GEOMETRIC_REPRESENTATION_CONTEXT(2) 
PARAMETRIC_REPRESENTATION_CONTEXT() REPRESENTATION_CONTEXT('2D SPACE',''
  ) );
#2225 = ORIENTED_EDGE('',*,*,#2226,.T.);
#2226 = EDGE_CURVE('',#2204,#1978,#2227,.T.);
#2227 = SURFACE_CURVE('',#2228,(#2232,#2239),.PCURVE_S1.);
#2228 = LINE('',#2229,#2230);
#2229 = CARTESIAN_POINT('',(678.,250.,225.));
#2230 = VECTOR('',#2231,1.);
#2231 = DIRECTION('',(-1.,0.,0.));
#2232 = PCURVE('',#1774,#2233);
#2233 = DEFINITIONAL_REPRESENTATION('',(#2234),#2238);
#2234 = LINE('',#2235,#2236);
#2235 = CARTESIAN_POINT('',(17.34,4.66));
#2236 = VECTOR('',#2237,1.);
#2237 = DIRECTION('',(0.,1.));
#2238 = ( GEOMETRIC_REPRESENTATION_CONTEXT(2) 
PARAMETRIC_REPRESENTATION_CONTEXT() REPRESENTATION_CONTEXT('2D SPACE',''
  ) );
#2239 = PCURVE('',#1993,#2240);
#2240 = DEFINITIONAL_REPRESENTATION('',(#2241),#2245);
#2241 = LINE('',#2242,#2243);
#2242 = CARTESIAN_POINT('',(0.,-250.));
#2243 = VECTOR('',#2244,1.);
#2244 = DIRECTION('',(1.,0.));
#2245 = ( GEOMETRIC_REPRESENTATION_CONTEXT(2) 
PARAMETRIC_REPRESENTATION_CONTEXT() REPRESENTATION_CONTEXT('2D SPACE',''
  ) );
#2246 = ORIENTED_EDGE('',*,*,#2005,.T.);
#2247 = ADVANCED_FACE('',(#2248),#1802,.F.);
#2248 = FACE_BOUND('',#2249,.F.);
#2249 = EDGE_LOOP('',(#2250,#2251,#2252,#2273));
#2250 = ORIENTED_EDGE('',*,*,#1786,.T.);
#2251 = ORIENTED_EDGE('',*,*,#2157,.T.);
#2252 = ORIENTED_EDGE('',*,*,#2253,.F.);
#2253 = EDGE_CURVE('',#2053,#2158,#2254,.T.);
#2254 = SURFACE_CURVE('',#2255,(#2259,#2266),.PCURVE_S1.);
#2255 = LINE('',#2256,#2257);
#2256 = CARTESIAN_POINT('',(700.,0.,247.));
#2257 = VECTOR('',#2258,1.);
#2258 = DIRECTION('',(0.,1.,0.));
#2259 = PCURVE('',#1802,#2260);
#2260 = DEFINITIONAL_REPRESENTATION('',(#2261),#2265);
#2261 = LINE('',#2262,#2263);
#2262 = CARTESIAN_POINT('',(3.,0.));
#2263 = VECTOR('',#2264,1.);
#2264 = DIRECTION('',(0.,-1.));
#2265 = ( GEOMETRIC_REPRESENTATION_CONTEXT(2) 
PARAMETRIC_REPRESENTATION_CONTEXT() REPRESENTATION_CONTEXT('2D SPACE',''
  ) );
#2266 = PCURVE('',#2091,#2267);
#2267 = DEFINITIONAL_REPRESENTATION('',(#2268),#2272);
#2268 = LINE('',#2269,#2270);
#2269 = CARTESIAN_POINT('',(0.,0.));
#2270 = VECTOR('',#2271,1.);
#2271 = DIRECTION('',(0.,-1.));
#2272 = ( GEOMETRIC_REPRESENTATION_CONTEXT(2) 
PARAMETRIC_REPRESENTATION_CONTEXT() REPRESENTATION_CONTEXT('2D SPACE',''
  ) );
#2273 = ORIENTED_EDGE('',*,*,#2052,.F.);
#2274 = ADVANCED_FACE('',(#2275),#1863,.F.);
#2275 = FACE_BOUND('',#2276,.T.);
#2276 = EDGE_LOOP('',(#2277,#2278,#2301,#2323));
#2277 = ORIENTED_EDGE('',*,*,#1842,.T.);
#2278 = ORIENTED_EDGE('',*,*,#2279,.T.);
#2279 = EDGE_CURVE('',#1843,#2280,#2282,.T.);
#2280 = VERTEX_POINT('',#2281);
#2281 = CARTESIAN_POINT('',(687.5,183.,247.));
#2282 = SEAM_CURVE('',#2283,(#2287,#2294),.PCURVE_S1.);
#2283 = LINE('',#2284,#2285);
#2284 = CARTESIAN_POINT('',(687.5,183.,250.01));
#2285 = VECTOR('',#2286,1.);
#2286 = DIRECTION('',(0.,0.,-1.));
#2287 = PCURVE('',#1863,#2288);
#2288 = DEFINITIONAL_REPRESENTATION('',(#2289),#2293);
#2289 = LINE('',#2290,#2291);
#2290 = CARTESIAN_POINT('',(-6.28318530718,0.));
#2291 = VECTOR('',#2292,1.);
#2292 = DIRECTION('',(-0.,-1.));
#2293 = ( GEOMETRIC_REPRESENTATION_CONTEXT(2) 
PARAMETRIC_REPRESENTATION_CONTEXT() REPRESENTATION_CONTEXT('2D SPACE',''
  ) );
#2294 = PCURVE('',#1863,#2295);
#2295 = DEFINITIONAL_REPRESENTATION('',(#2296),#2300);
#2296 = LINE('',#2297,#2298);
#2297 = CARTESIAN_POINT('',(-0.,0.));
#2298 = VECTOR('',#2299,1.);
#2299 = DIRECTION('',(-0.,-1.));
#2300 = ( GEOMETRIC_REPRESENTATION_CONTEXT(2) 
PARAMETRIC_REPRESENTATION_CONTEXT() REPRESENTATION_CONTEXT('2D SPACE',''
  ) );
#2301 = ORIENTED_EDGE('',*,*,#2302,.F.);
#2302 = EDGE_CURVE('',#2280,#2280,#2303,.T.);
#2303 = SURFACE_CURVE('',#2304,(#2309,#2316),.PCURVE_S1.);
#2304 = CIRCLE('',#2305,3.);
#2305 = AXIS2_PLACEMENT_3D('',#2306,#2307,#2308);
#2306 = CARTESIAN_POINT('',(687.5,180.,247.));
#2307 = DIRECTION('',(0.,-0.,1.));
#2308 = DIRECTION('',(0.,1.,0.));
#2309 = PCURVE('',#1863,#2310);
#2310 = DEFINITIONAL_REPRESENTATION('',(#2311),#2315);
#2311 = LINE('',#2312,#2313);
#2312 = CARTESIAN_POINT('',(-6.28318530718,-3.01));
#2313 = VECTOR('',#2314,1.);
#2314 = DIRECTION('',(1.,-0.));
#2315 = ( GEOMETRIC_REPRESENTATION_CONTEXT(2) 
PARAMETRIC_REPRESENTATION_CONTEXT() REPRESENTATION_CONTEXT('2D SPACE',''
  ) );
#2316 = PCURVE('',#2091,#2317);
#2317 = DEFINITIONAL_REPRESENTATION('',(#2318),#2322);
#2318 = CIRCLE('',#2319,3.);
#2319 = AXIS2_PLACEMENT_2D('',#2320,#2321);
#2320 = CARTESIAN_POINT('',(12.5,-180.));
#2321 = DIRECTION('',(0.,-1.));
#2322 = ( GEOMETRIC_REPRESENTATION_CONTEXT(2) 
PARAMETRIC_REPRESENTATION_CONTEXT() REPRESENTATION_CONTEXT('2D SPACE',''
  ) );
#2323 = ORIENTED_EDGE('',*,*,#2279,.F.);
#2324 = ADVANCED_FACE('',(#2325),#1894,.F.);
#2325 = FACE_BOUND('',#2326,.T.);
#2326 = EDGE_LOOP('',(#2327,#2350,#2377,#2378));
#2327 = ORIENTED_EDGE('',*,*,#2328,.F.);
#2328 = EDGE_CURVE('',#2329,#1878,#2331,.T.);
#2329 = VERTEX_POINT('',#2330);
#2330 = CARTESIAN_POINT('',(688.75,120.,249.55));
#2331 = SEAM_CURVE('',#2332,(#2336,#2343),.PCURVE_S1.);
#2332 = LINE('',#2333,#2334);
#2333 = CARTESIAN_POINT('',(688.75,120.,246.95));
#2334 = VECTOR('',#2335,1.);
#2335 = DIRECTION('',(0.,0.,1.));
#2336 = PCURVE('',#1894,#2337);
#2337 = DEFINITIONAL_REPRESENTATION('',(#2338),#2342);
#2338 = LINE('',#2339,#2340);
#2339 = CARTESIAN_POINT('',(-6.28318530718,0.));
#2340 = VECTOR('',#2341,1.);
#2341 = DIRECTION('',(-0.,-1.));
#2342 = ( GEOMETRIC_REPRESENTATION_CONTEXT(2) 
PARAMETRIC_REPRESENTATION_CONTEXT() REPRESENTATION_CONTEXT('2D SPACE',''
  ) );
#2343 = PCURVE('',#1894,#2344);
#2344 = DEFINITIONAL_REPRESENTATION('',(#2345),#2349);
#2345 = LINE('',#2346,#2347);
#2346 = CARTESIAN_POINT('',(-0.,0.));
#2347 = VECTOR('',#2348,1.);
#2348 = DIRECTION('',(-0.,-1.));
#2349 = ( GEOMETRIC_REPRESENTATION_CONTEXT(2) 
PARAMETRIC_REPRESENTATION_CONTEXT() REPRESENTATION_CONTEXT('2D SPACE',''
  ) );
#2350 = ORIENTED_EDGE('',*,*,#2351,.F.);
#2351 = EDGE_CURVE('',#2329,#2329,#2352,.T.);
#2352 = SURFACE_CURVE('',#2353,(#2358,#2365),.PCURVE_S1.);
#2353 = CIRCLE('',#2354,1.25);
#2354 = AXIS2_PLACEMENT_3D('',#2355,#2356,#2357);
#2355 = CARTESIAN_POINT('',(687.5,120.,249.55));
#2356 = DIRECTION('',(0.,0.,1.));
#2357 = DIRECTION('',(1.,0.,-0.));
#2358 = PCURVE('',#1894,#2359);
#2359 = DEFINITIONAL_REPRESENTATION('',(#2360),#2364);
#2360 = LINE('',#2361,#2362);
#2361 = CARTESIAN_POINT('',(-0.,-2.6));
#2362 = VECTOR('',#2363,1.);
#2363 = DIRECTION('',(-1.,0.));
#2364 = ( GEOMETRIC_REPRESENTATION_CONTEXT(2) 
PARAMETRIC_REPRESENTATION_CONTEXT() REPRESENTATION_CONTEXT('2D SPACE',''
  ) );
#2365 = PCURVE('',#2366,#2371);
#2366 = CONICAL_SURFACE('',#2367,3.85,0.785398163397);
#2367 = AXIS2_PLACEMENT_3D('',#2368,#2369,#2370);
#2368 = CARTESIAN_POINT('',(687.5,120.,246.95));
#2369 = DIRECTION('',(-0.,-0.,-1.));
#2370 = DIRECTION('',(1.,0.,-0.));
#2371 = DEFINITIONAL_REPRESENTATION('',(#2372),#2376);
#2372 = LINE('',#2373,#2374);
#2373 = CARTESIAN_POINT('',(-0.,-2.6));
#2374 = VECTOR('',#2375,1.);
#2375 = DIRECTION('',(-1.,-0.));
#2376 = ( GEOMETRIC_REPRESENTATION_CONTEXT(2) 
PARAMETRIC_REPRESENTATION_CONTEXT() REPRESENTATION_CONTEXT('2D SPACE',''
  ) );
#2377 = ORIENTED_EDGE('',*,*,#2328,.T.);
#2378 = ORIENTED_EDGE('',*,*,#1877,.F.);
#2379 = ADVANCED_FACE('',(#2380),#1929,.F.);
#2380 = FACE_BOUND('',#2381,.T.);
#2381 = EDGE_LOOP('',(#2382,#2383,#2406,#2428));
#2382 = ORIENTED_EDGE('',*,*,#1908,.T.);
#2383 = ORIENTED_EDGE('',*,*,#2384,.T.);
#2384 = EDGE_CURVE('',#1909,#2385,#2387,.T.);
#2385 = VERTEX_POINT('',#2386);
#2386 = CARTESIAN_POINT('',(687.5,43.,247.));
#2387 = SEAM_CURVE('',#2388,(#2392,#2399),.PCURVE_S1.);
#2388 = LINE('',#2389,#2390);
#2389 = CARTESIAN_POINT('',(687.5,43.,250.01));
#2390 = VECTOR('',#2391,1.);
#2391 = DIRECTION('',(0.,0.,-1.));
#2392 = PCURVE('',#1929,#2393);
#2393 = DEFINITIONAL_REPRESENTATION('',(#2394),#2398);
#2394 = LINE('',#2395,#2396);
#2395 = CARTESIAN_POINT('',(-6.28318530718,0.));
#2396 = VECTOR('',#2397,1.);
#2397 = DIRECTION('',(-0.,-1.));
#2398 = ( GEOMETRIC_REPRESENTATION_CONTEXT(2) 
PARAMETRIC_REPRESENTATION_CONTEXT() REPRESENTATION_CONTEXT('2D SPACE',''
  ) );
#2399 = PCURVE('',#1929,#2400);
#2400 = DEFINITIONAL_REPRESENTATION('',(#2401),#2405);
#2401 = LINE('',#2402,#2403);
#2402 = CARTESIAN_POINT('',(-0.,0.));
#2403 = VECTOR('',#2404,1.);
#2404 = DIRECTION('',(-0.,-1.));
#2405 = ( GEOMETRIC_REPRESENTATION_CONTEXT(2) 
PARAMETRIC_REPRESENTATION_CONTEXT() REPRESENTATION_CONTEXT('2D SPACE',''
  ) );
#2406 = ORIENTED_EDGE('',*,*,#2407,.F.);
#2407 = EDGE_CURVE('',#2385,#2385,#2408,.T.);
#2408 = SURFACE_CURVE('',#2409,(#2414,#2421),.PCURVE_S1.);
#2409 = CIRCLE('',#2410,3.);
#2410 = AXIS2_PLACEMENT_3D('',#2411,#2412,#2413);
#2411 = CARTESIAN_POINT('',(687.5,40.,247.));
#2412 = DIRECTION('',(0.,-0.,1.));
#2413 = DIRECTION('',(0.,1.,0.));
#2414 = PCURVE('',#1929,#2415);
#2415 = DEFINITIONAL_REPRESENTATION('',(#2416),#2420);
#2416 = LINE('',#2417,#2418);
#2417 = CARTESIAN_POINT('',(-6.28318530718,-3.01));
#2418 = VECTOR('',#2419,1.);
#2419 = DIRECTION('',(1.,-0.));
#2420 = ( GEOMETRIC_REPRESENTATION_CONTEXT(2) 
PARAMETRIC_REPRESENTATION_CONTEXT() REPRESENTATION_CONTEXT('2D SPACE',''
  ) );
#2421 = PCURVE('',#2091,#2422);
#2422 = DEFINITIONAL_REPRESENTATION('',(#2423),#2427);
#2423 = CIRCLE('',#2424,3.);
#2424 = AXIS2_PLACEMENT_2D('',#2425,#2426);
#2425 = CARTESIAN_POINT('',(12.5,-40.));
#2426 = DIRECTION('',(0.,-1.));
#2427 = ( GEOMETRIC_REPRESENTATION_CONTEXT(2) 
PARAMETRIC_REPRESENTATION_CONTEXT() REPRESENTATION_CONTEXT('2D SPACE',''
  ) );
#2428 = ORIENTED_EDGE('',*,*,#2384,.F.);
#2429 = ADVANCED_FACE('',(#2430),#1960,.F.);
#2430 = FACE_BOUND('',#2431,.T.);
#2431 = EDGE_LOOP('',(#2432,#2455,#2482,#2483));
#2432 = ORIENTED_EDGE('',*,*,#2433,.F.);
#2433 = EDGE_CURVE('',#2434,#1944,#2436,.T.);
#2434 = VERTEX_POINT('',#2435);
#2435 = CARTESIAN_POINT('',(688.75,25.,249.55));
#2436 = SEAM_CURVE('',#2437,(#2441,#2448),.PCURVE_S1.);
#2437 = LINE('',#2438,#2439);
#2438 = CARTESIAN_POINT('',(688.75,25.,246.95));
#2439 = VECTOR('',#2440,1.);
#2440 = DIRECTION('',(0.,0.,1.));
#2441 = PCURVE('',#1960,#2442);
#2442 = DEFINITIONAL_REPRESENTATION('',(#2443),#2447);
#2443 = LINE('',#2444,#2445);
#2444 = CARTESIAN_POINT('',(-6.28318530718,0.));
#2445 = VECTOR('',#2446,1.);
#2446 = DIRECTION('',(-0.,-1.));
#2447 = ( GEOMETRIC_REPRESENTATION_CONTEXT(2) 
PARAMETRIC_REPRESENTATION_CONTEXT() REPRESENTATION_CONTEXT('2D SPACE',''
  ) );
#2448 = PCURVE('',#1960,#2449);
#2449 = DEFINITIONAL_REPRESENTATION('',(#2450),#2454);
#2450 = LINE('',#2451,#2452);
#2451 = CARTESIAN_POINT('',(-0.,0.));
#2452 = VECTOR('',#2453,1.);
#2453 = DIRECTION('',(-0.,-1.));
#2454 = ( GEOMETRIC_REPRESENTATION_CONTEXT(2) 
PARAMETRIC_REPRESENTATION_CONTEXT() REPRESENTATION_CONTEXT('2D SPACE',''
  ) );
#2455 = ORIENTED_EDGE('',*,*,#2456,.F.);
#2456 = EDGE_CURVE('',#2434,#2434,#2457,.T.);
#2457 = SURFACE_CURVE('',#2458,(#2463,#2470),.PCURVE_S1.);
#2458 = CIRCLE('',#2459,1.25);
#2459 = AXIS2_PLACEMENT_3D('',#2460,#2461,#2462);
#2460 = CARTESIAN_POINT('',(687.5,25.,249.55));
#2461 = DIRECTION('',(0.,0.,1.));
#2462 = DIRECTION('',(1.,0.,-0.));
#2463 = PCURVE('',#1960,#2464);
#2464 = DEFINITIONAL_REPRESENTATION('',(#2465),#2469);
#2465 = LINE('',#2466,#2467);
#2466 = CARTESIAN_POINT('',(-0.,-2.6));
#2467 = VECTOR('',#2468,1.);
#2468 = DIRECTION('',(-1.,0.));
#2469 = ( GEOMETRIC_REPRESENTATION_CONTEXT(2) 
PARAMETRIC_REPRESENTATION_CONTEXT() REPRESENTATION_CONTEXT('2D SPACE',''
  ) );
#2470 = PCURVE('',#2471,#2476);
#2471 = CONICAL_SURFACE('',#2472,3.85,0.785398163397);
#2472 = AXIS2_PLACEMENT_3D('',#2473,#2474,#2475);
#2473 = CARTESIAN_POINT('',(687.5,25.,246.95));
#2474 = DIRECTION('',(-0.,-0.,-1.));
#2475 = DIRECTION('',(1.,0.,-0.));
#2476 = DEFINITIONAL_REPRESENTATION('',(#2477),#2481);
#2477 = LINE('',#2478,#2479);
#2478 = CARTESIAN_POINT('',(-0.,-2.6));
#2479 = VECTOR('',#2480,1.);
#2480 = DIRECTION('',(-1.,-0.));
#2481 = ( GEOMETRIC_REPRESENTATION_CONTEXT(2) 
PARAMETRIC_REPRESENTATION_CONTEXT() REPRESENTATION_CONTEXT('2D SPACE',''
  ) );
#2482 = ORIENTED_EDGE('',*,*,#2433,.T.);
#2483 = ORIENTED_EDGE('',*,*,#1943,.F.);
#2484 = ADVANCED_FACE('',(#2485),#1993,.F.);
#2485 = FACE_BOUND('',#2486,.F.);
#2486 = EDGE_LOOP('',(#2487,#2508,#2509,#2510));
#2487 = ORIENTED_EDGE('',*,*,#2488,.T.);
#2488 = EDGE_CURVE('',#2104,#2204,#2489,.T.);
#2489 = SURFACE_CURVE('',#2490,(#2494,#2501),.PCURVE_S1.);
#2490 = LINE('',#2491,#2492);
#2491 = CARTESIAN_POINT('',(678.,0.,225.));
#2492 = VECTOR('',#2493,1.);
#2493 = DIRECTION('',(0.,1.,0.));
#2494 = PCURVE('',#1993,#2495);
#2495 = DEFINITIONAL_REPRESENTATION('',(#2496),#2500);
#2496 = LINE('',#2497,#2498);
#2497 = CARTESIAN_POINT('',(0.,0.));
#2498 = VECTOR('',#2499,1.);
#2499 = DIRECTION('',(0.,-1.));
#2500 = ( GEOMETRIC_REPRESENTATION_CONTEXT(2) 
PARAMETRIC_REPRESENTATION_CONTEXT() REPRESENTATION_CONTEXT('2D SPACE',''
  ) );
#2501 = PCURVE('',#2119,#2502);
#2502 = DEFINITIONAL_REPRESENTATION('',(#2503),#2507);
#2503 = LINE('',#2504,#2505);
#2504 = CARTESIAN_POINT('',(22.,0.));
#2505 = VECTOR('',#2506,1.);
#2506 = DIRECTION('',(0.,-1.));
#2507 = ( GEOMETRIC_REPRESENTATION_CONTEXT(2) 
PARAMETRIC_REPRESENTATION_CONTEXT() REPRESENTATION_CONTEXT('2D SPACE',''
  ) );
#2508 = ORIENTED_EDGE('',*,*,#2226,.T.);
#2509 = ORIENTED_EDGE('',*,*,#1975,.F.);
#2510 = ORIENTED_EDGE('',*,*,#2131,.F.);
#2511 = ADVANCED_FACE('',(#2512,#2538,#2541,#2567,#2570),#2091,.F.);
#2512 = FACE_BOUND('',#2513,.F.);
#2513 = EDGE_LOOP('',(#2514,#2515,#2516,#2537));
#2514 = ORIENTED_EDGE('',*,*,#2253,.T.);
#2515 = ORIENTED_EDGE('',*,*,#2180,.T.);
#2516 = ORIENTED_EDGE('',*,*,#2517,.F.);
#2517 = EDGE_CURVE('',#2076,#2181,#2518,.T.);
#2518 = SURFACE_CURVE('',#2519,(#2523,#2530),.PCURVE_S1.);
#2519 = LINE('',#2520,#2521);
#2520 = CARTESIAN_POINT('',(678.,0.,247.));
#2521 = VECTOR('',#2522,1.);
#2522 = DIRECTION('',(0.,1.,0.));
#2523 = PCURVE('',#2091,#2524);
#2524 = DEFINITIONAL_REPRESENTATION('',(#2525),#2529);
#2525 = LINE('',#2526,#2527);
#2526 = CARTESIAN_POINT('',(22.,0.));
#2527 = VECTOR('',#2528,1.);
#2528 = DIRECTION('',(0.,-1.));
#2529 = ( GEOMETRIC_REPRESENTATION_CONTEXT(2) 
PARAMETRIC_REPRESENTATION_CONTEXT() REPRESENTATION_CONTEXT('2D SPACE',''
  ) );
#2530 = PCURVE('',#2119,#2531);
#2531 = DEFINITIONAL_REPRESENTATION('',(#2532),#2536);
#2532 = LINE('',#2533,#2534);
#2533 = CARTESIAN_POINT('',(0.,0.));
#2534 = VECTOR('',#2535,1.);
#2535 = DIRECTION('',(0.,-1.));
#2536 = ( GEOMETRIC_REPRESENTATION_CONTEXT(2) 
PARAMETRIC_REPRESENTATION_CONTEXT() REPRESENTATION_CONTEXT('2D SPACE',''
  ) );
#2537 = ORIENTED_EDGE('',*,*,#2075,.F.);
#2538 = FACE_BOUND('',#2539,.F.);
#2539 = EDGE_LOOP('',(#2540));
#2540 = ORIENTED_EDGE('',*,*,#2302,.F.);
#2541 = FACE_BOUND('',#2542,.F.);
#2542 = EDGE_LOOP('',(#2543));
#2543 = ORIENTED_EDGE('',*,*,#2544,.F.);
#2544 = EDGE_CURVE('',#2545,#2545,#2547,.T.);
#2545 = VERTEX_POINT('',#2546);
#2546 = CARTESIAN_POINT('',(691.3,120.,247.));
#2547 = SURFACE_CURVE('',#2548,(#2553,#2560),.PCURVE_S1.);
#2548 = CIRCLE('',#2549,3.8);
#2549 = AXIS2_PLACEMENT_3D('',#2550,#2551,#2552);
#2550 = CARTESIAN_POINT('',(687.5,120.,247.));
#2551 = DIRECTION('',(0.,0.,1.));
#2552 = DIRECTION('',(1.,0.,-0.));
#2553 = PCURVE('',#2091,#2554);
#2554 = DEFINITIONAL_REPRESENTATION('',(#2555),#2559);
#2555 = CIRCLE('',#2556,3.8);
#2556 = AXIS2_PLACEMENT_2D('',#2557,#2558);
#2557 = CARTESIAN_POINT('',(12.5,-120.));
#2558 = DIRECTION('',(-1.,-0.));
#2559 = ( GEOMETRIC_REPRESENTATION_CONTEXT(2) 
PARAMETRIC_REPRESENTATION_CONTEXT() REPRESENTATION_CONTEXT('2D SPACE',''
  ) );
#2560 = PCURVE('',#2366,#2561);
#2561 = DEFINITIONAL_REPRESENTATION('',(#2562),#2566);
#2562 = LINE('',#2563,#2564);
#2563 = CARTESIAN_POINT('',(-0.,-5.000000000001E-02));
#2564 = VECTOR('',#2565,1.);
#2565 = DIRECTION('',(-1.,-0.));
#2566 = ( GEOMETRIC_REPRESENTATION_CONTEXT(2) 
PARAMETRIC_REPRESENTATION_CONTEXT() REPRESENTATION_CONTEXT('2D SPACE',''
  ) );
#2567 = FACE_BOUND('',#2568,.F.);
#2568 = EDGE_LOOP('',(#2569));
#2569 = ORIENTED_EDGE('',*,*,#2407,.F.);
#2570 = FACE_BOUND('',#2571,.F.);
#2571 = EDGE_LOOP('',(#2572));
#2572 = ORIENTED_EDGE('',*,*,#2573,.F.);
#2573 = EDGE_CURVE('',#2574,#2574,#2576,.T.);
#2574 = VERTEX_POINT('',#2575);
#2575 = CARTESIAN_POINT('',(691.3,25.,247.));
#2576 = SURFACE_CURVE('',#2577,(#2582,#2589),.PCURVE_S1.);
#2577 = CIRCLE('',#2578,3.8);
#2578 = AXIS2_PLACEMENT_3D('',#2579,#2580,#2581);
#2579 = CARTESIAN_POINT('',(687.5,25.,247.));
#2580 = DIRECTION('',(0.,0.,1.));
#2581 = DIRECTION('',(1.,0.,-0.));
#2582 = PCURVE('',#2091,#2583);
#2583 = DEFINITIONAL_REPRESENTATION('',(#2584),#2588);
#2584 = CIRCLE('',#2585,3.8);
#2585 = AXIS2_PLACEMENT_2D('',#2586,#2587);
#2586 = CARTESIAN_POINT('',(12.5,-25.));
#2587 = DIRECTION('',(-1.,-0.));
#2588 = ( GEOMETRIC_REPRESENTATION_CONTEXT(2) 
PARAMETRIC_REPRESENTATION_CONTEXT() REPRESENTATION_CONTEXT('2D SPACE',''
  ) );
#2589 = PCURVE('',#2471,#2590);
#2590 = DEFINITIONAL_REPRESENTATION('',(#2591),#2595);
#2591 = LINE('',#2592,#2593);
#2592 = CARTESIAN_POINT('',(-0.,-5.000000000001E-02));
#2593 = VECTOR('',#2594,1.);
#2594 = DIRECTION('',(-1.,-0.));
#2595 = ( GEOMETRIC_REPRESENTATION_CONTEXT(2) 
PARAMETRIC_REPRESENTATION_CONTEXT() REPRESENTATION_CONTEXT('2D SPACE',''
  ) );
#2596 = ADVANCED_FACE('',(#2597),#2119,.F.);
#2597 = FACE_BOUND('',#2598,.F.);
#2598 = EDGE_LOOP('',(#2599,#2600,#2601,#2602));
#2599 = ORIENTED_EDGE('',*,*,#2517,.T.);
#2600 = ORIENTED_EDGE('',*,*,#2203,.T.);
#2601 = ORIENTED_EDGE('',*,*,#2488,.F.);
#2602 = ORIENTED_EDGE('',*,*,#2103,.F.);
#2603 = ADVANCED_FACE('',(#2604),#2366,.F.);
#2604 = FACE_BOUND('',#2605,.F.);
#2605 = EDGE_LOOP('',(#2606,#2627,#2628,#2629));
#2606 = ORIENTED_EDGE('',*,*,#2607,.T.);
#2607 = EDGE_CURVE('',#2545,#2329,#2608,.T.);
#2608 = SEAM_CURVE('',#2609,(#2613,#2620),.PCURVE_S1.);
#2609 = LINE('',#2610,#2611);
#2610 = CARTESIAN_POINT('',(691.35,120.,246.95));
#2611 = VECTOR('',#2612,1.);
#2612 = DIRECTION('',(-0.707106781187,1.731912112471E-16,0.707106781187)
  );
#2613 = PCURVE('',#2366,#2614);
#2614 = DEFINITIONAL_REPRESENTATION('',(#2615),#2619);
#2615 = LINE('',#2616,#2617);
#2616 = CARTESIAN_POINT('',(-6.28318530718,0.));
#2617 = VECTOR('',#2618,1.);
#2618 = DIRECTION('',(-0.,-1.));
#2619 = ( GEOMETRIC_REPRESENTATION_CONTEXT(2) 
PARAMETRIC_REPRESENTATION_CONTEXT() REPRESENTATION_CONTEXT('2D SPACE',''
  ) );
#2620 = PCURVE('',#2366,#2621);
#2621 = DEFINITIONAL_REPRESENTATION('',(#2622),#2626);
#2622 = LINE('',#2623,#2624);
#2623 = CARTESIAN_POINT('',(0.,-0.));
#2624 = VECTOR('',#2625,1.);
#2625 = DIRECTION('',(-0.,-1.));
#2626 = ( GEOMETRIC_REPRESENTATION_CONTEXT(2) 
PARAMETRIC_REPRESENTATION_CONTEXT() REPRESENTATION_CONTEXT('2D SPACE',''
  ) );
#2627 = ORIENTED_EDGE('',*,*,#2351,.F.);
#2628 = ORIENTED_EDGE('',*,*,#2607,.F.);
#2629 = ORIENTED_EDGE('',*,*,#2544,.T.);
#2630 = ADVANCED_FACE('',(#2631),#2471,.F.);
#2631 = FACE_BOUND('',#2632,.F.);
#2632 = EDGE_LOOP('',(#2633,#2654,#2655,#2656));
#2633 = ORIENTED_EDGE('',*,*,#2634,.T.);
#2634 = EDGE_CURVE('',#2574,#2434,#2635,.T.);
#2635 = SEAM_CURVE('',#2636,(#2640,#2647),.PCURVE_S1.);
#2636 = LINE('',#2637,#2638);
#2637 = CARTESIAN_POINT('',(691.35,25.,246.95));
#2638 = VECTOR('',#2639,1.);
#2639 = DIRECTION('',(-0.707106781187,1.731912112471E-16,0.707106781187)
  );
#2640 = PCURVE('',#2471,#2641);
#2641 = DEFINITIONAL_REPRESENTATION('',(#2642),#2646);
#2642 = LINE('',#2643,#2644);
#2643 = CARTESIAN_POINT('',(-6.28318530718,0.));
#2644 = VECTOR('',#2645,1.);
#2645 = DIRECTION('',(-0.,-1.));
#2646 = ( GEOMETRIC_REPRESENTATION_CONTEXT(2) 
PARAMETRIC_REPRESENTATION_CONTEXT() REPRESENTATION_CONTEXT('2D SPACE',''
  ) );
#2647 = PCURVE('',#2471,#2648);
#2648 = DEFINITIONAL_REPRESENTATION('',(#2649),#2653);
#2649 = LINE('',#2650,#2651);
#2650 = CARTESIAN_POINT('',(0.,-0.));
#2651 = VECTOR('',#2652,1.);
#2652 = DIRECTION('',(-0.,-1.));
#2653 = ( GEOMETRIC_REPRESENTATION_CONTEXT(2) 
PARAMETRIC_REPRESENTATION_CONTEXT() REPRESENTATION_CONTEXT('2D SPACE',''
  ) );
#2654 = ORIENTED_EDGE('',*,*,#2456,.F.);
#2655 = ORIENTED_EDGE('',*,*,#2634,.F.);
#2656 = ORIENTED_EDGE('',*,*,#2573,.T.);
#2657 = ( GEOMETRIC_REPRESENTATION_CONTEXT(3) 
GLOBAL_UNCERTAINTY_ASSIGNED_CONTEXT((#2661)) 
GLOBAL_UNIT_ASSIGNED_CONTEXT((#2658,#2659,#2660)) REPRESENTATION_CONTEXT
('Context #1','3D Context with UNIT and UNCERTAINTY') );
#2658 = ( LENGTH_UNIT() NAMED_UNIT(*) SI_UNIT(.MILLI.,.METRE.) );
#2659 = ( NAMED_UNIT(*) PLANE_ANGLE_UNIT() SI_UNIT($,.RADIAN.) );
#2660 = ( NAMED_UNIT(*) SI_UNIT($,.STERADIAN.) SOLID_ANGLE_UNIT() );
#2661 = UNCERTAINTY_MEASURE_WITH_UNIT(LENGTH_MEASURE(1.E-07),#2658,
  'distance_accuracy_value','confusion accuracy');
#2662 = CONTEXT_DEPENDENT_SHAPE_REPRESENTATION(#2663,#2665);
#2663 = ( REPRESENTATION_RELATIONSHIP('','',#1716,#10) 
REPRESENTATION_RELATIONSHIP_WITH_TRANSFORMATION(#2664) 
SHAPE_REPRESENTATION_RELATIONSHIP() );
#2664 = ITEM_DEFINED_TRANSFORMATION('','',#11,#23);
#2665 = PRODUCT_DEFINITION_SHAPE('Placement','Placement of an item',
  #2666);
#2666 = NEXT_ASSEMBLY_USAGE_OCCURRENCE('15','bracket_2','',#5,#1711,$);
#2667 = PRODUCT_RELATED_PRODUCT_CATEGORY('part',$,(#1713));
#2668 = MECHANICAL_DESIGN_GEOMETRIC_PRESENTATION_REPRESENTATION('',(
    #2669),#2657);
#2669 = STYLED_ITEM('color',(#2670),#1717);
#2670 = PRESENTATION_STYLE_ASSIGNMENT((#2671));
#2671 = SURFACE_STYLE_USAGE(.BOTH.,#2672);
#2672 = SURFACE_SIDE_STYLE('',(#2673));
#2673 = SURFACE_STYLE_FILL_AREA(#2674);
#2674 = FILL_AREA_STYLE('',(#2675));
#2675 = FILL_AREA_STYLE_COLOUR('',#2676);
#2676 = COLOUR_RGB('',0.250000000672,0.259999998834,0.27999999963);
#2677 = MECHANICAL_DESIGN_GEOMETRIC_PRESENTATION_REPRESENTATION('',(
    #2678),#1698);
#2678 = STYLED_ITEM('color',(#2679),#758);
#2679 = PRESENTATION_STYLE_ASSIGNMENT((#2680));
#2680 = SURFACE_STYLE_USAGE(.BOTH.,#2681);
#2681 = SURFACE_SIDE_STYLE('',(#2682));
#2682 = SURFACE_STYLE_FILL_AREA(#2683);
#2683 = FILL_AREA_STYLE('',(#2684));
#2684 = FILL_AREA_STYLE_COLOUR('',#2676);
#2685 = MECHANICAL_DESIGN_GEOMETRIC_PRESENTATION_REPRESENTATION('',(
    #2686),#739);
#2686 = STYLED_ITEM('color',(#2687),#41);
#2687 = PRESENTATION_STYLE_ASSIGNMENT((#2688));
#2688 = SURFACE_STYLE_USAGE(.BOTH.,#2689);
#2689 = SURFACE_SIDE_STYLE('',(#2690));
#2690 = SURFACE_STYLE_FILL_AREA(#2691);
#2691 = FILL_AREA_STYLE('',(#2692));
#2692 = FILL_AREA_STYLE_COLOUR('',#2693);
#2693 = COLOUR_RGB('',0.870000009629,0.729999995167,0.520000005207);
ENDSEC;
END-ISO-10303-21;
