ISO-10303-21;
HEADER;
FILE_DESCRIPTION(('Open CASCADE Model'),'2;1');
FILE_NAME('Open CASCADE Shape Model','2026-09-18T08:34:29',('Author'),(
    'Open CASCADE'),'Open CASCADE STEP processor 7.9','Open CASCADE 7.9'
  ,'Unknown');
FILE_SCHEMA(('AUTOMOTIVE_DESIGN { 1 0 10303 214 1 1 1 1 }'));
ENDSEC;
DATA;
#1 = APPLICATION_PROTOCOL_DEFINITION('international standard',
  'automotive_design',2000,#2);
#2 = APPLICATION_CONTEXT(
  'core data for automotive mechanical design processes');
#3 = SHAPE_DEFINITION_REPRESENTATION(#4,#10);
#4 = PRODUCT_DEFINITION_SHAPE('','',#5);
#5 = PRODUCT_DEFINITION('design','',#6,#9);
#6 = PRODUCT_DEFINITION_FORMATION('','',#7);
#7 = PRODUCT('project','project','',(#8));
#8 = PRODUCT_CONTEXT('',#2,'mechanical');
#9 = PRODUCT_DEFINITION_CONTEXT('part definition',#2,'design');
#10 = SHAPE_REPRESENTATION('',(#11,#15,#19,#23,#27,#31,#35,#39,#43),#47
  );
#11 = AXIS2_PLACEMENT_3D('',#12,#13,#14);
#12 = CARTESIAN_POINT('',(0.,0.,0.));
#13 = DIRECTION('',(0.,0.,1.));
#14 = DIRECTION('',(1.,0.,-0.));
#15 = AXIS2_PLACEMENT_3D('',#16,#17,#18);
#16 = CARTESIAN_POINT('',(0.,0.,0.));
#17 = DIRECTION('',(0.,0.,1.));
#18 = DIRECTION('',(1.,0.,-0.));
#19 = AXIS2_PLACEMENT_3D('',#20,#21,#22);
#20 = CARTESIAN_POINT('',(0.,0.,0.));
#21 = DIRECTION('',(0.,0.,1.));
#22 = DIRECTION('',(1.,0.,-0.));
#23 = AXIS2_PLACEMENT_3D('',#24,#25,#26);
#24 = CARTESIAN_POINT('',(0.,0.,0.));
#25 = DIRECTION('',(0.,0.,1.));
#26 = DIRECTION('',(1.,0.,-0.));
#27 = AXIS2_PLACEMENT_3D('',#28,#29,#30);
#28 = CARTESIAN_POINT('',(0.,0.,0.));
#29 = DIRECTION('',(0.,0.,1.));
#30 = DIRECTION('',(1.,0.,-0.));
#31 = AXIS2_PLACEMENT_3D('',#32,#33,#34);
#32 = CARTESIAN_POINT('',(0.,0.,0.));
#33 = DIRECTION('',(0.,0.,1.));
#34 = DIRECTION('',(1.,0.,-0.));
#35 = AXIS2_PLACEMENT_3D('',#36,#37,#38);
#36 = CARTESIAN_POINT('',(0.,0.,0.));
#37 = DIRECTION('',(0.,0.,1.));
#38 = DIRECTION('',(1.,0.,-0.));
#39 = AXIS2_PLACEMENT_3D('',#40,#41,#42);
#40 = CARTESIAN_POINT('',(0.,0.,0.));
#41 = DIRECTION('',(0.,0.,1.));
#42 = DIRECTION('',(1.,0.,-0.));
#43 = AXIS2_PLACEMENT_3D('',#44,#45,#46);
#44 = CARTESIAN_POINT('',(0.,0.,0.));
#45 = DIRECTION('',(0.,0.,1.));
#46 = DIRECTION('',(1.,0.,-0.));
#47 = ( GEOMETRIC_REPRESENTATION_CONTEXT(3) 
GLOBAL_UNCERTAINTY_ASSIGNED_CONTEXT((#51)) GLOBAL_UNIT_ASSIGNED_CONTEXT(
(#48,#49,#50)) REPRESENTATION_CONTEXT('Context #1',
  '3D Context with UNIT and UNCERTAINTY') );
#48 = ( LENGTH_UNIT() NAMED_UNIT(*) SI_UNIT(.MILLI.,.METRE.) );
#49 = ( NAMED_UNIT(*) PLANE_ANGLE_UNIT() SI_UNIT($,.RADIAN.) );
#50 = ( NAMED_UNIT(*) SI_UNIT($,.STERADIAN.) SOLID_ANGLE_UNIT() );
#51 = UNCERTAINTY_MEASURE_WITH_UNIT(LENGTH_MEASURE(1.E-07),#48,
  'distance_accuracy_value','confusion accuracy');
#52 = PRODUCT_RELATED_PRODUCT_CATEGORY('part',$,(#7));
#53 = SHAPE_DEFINITION_REPRESENTATION(#54,#60);
#54 = PRODUCT_DEFINITION_SHAPE('','',#55);
#55 = PRODUCT_DEFINITION('design','',#56,#59);
#56 = PRODUCT_DEFINITION_FORMATION('','',#57);
#57 = PRODUCT('front','front','',(#58));
#58 = PRODUCT_CONTEXT('',#2,'mechanical');
#59 = PRODUCT_DEFINITION_CONTEXT('part definition',#2,'design');
#60 = ADVANCED_BREP_SHAPE_REPRESENTATION('',(#11,#61),#1615);
#61 = MANIFOLD_SOLID_BREP('',#62);
#62 = CLOSED_SHELL('',(#63,#183,#259,#553,#602,#880,#949,#999,#1049,
    #1099,#1149,#1176,#1226,#1276,#1303,#1330,#1357,#1412,#1439,#1466,
    #1493,#1548,#1603,#1607,#1611));
#63 = ADVANCED_FACE('',(#64),#78,.F.);
#64 = FACE_BOUND('',#65,.F.);
#65 = EDGE_LOOP('',(#66,#101,#129,#157));
#66 = ORIENTED_EDGE('',*,*,#67,.F.);
#67 = EDGE_CURVE('',#68,#70,#72,.T.);
#68 = VERTEX_POINT('',#69);
#69 = CARTESIAN_POINT('',(0.,0.,0.));
#70 = VERTEX_POINT('',#71);
#71 = CARTESIAN_POINT('',(0.,20.,0.));
#72 = SURFACE_CURVE('',#73,(#77,#89),.PCURVE_S1.);
#73 = LINE('',#74,#75);
#74 = CARTESIAN_POINT('',(0.,0.,0.));
#75 = VECTOR('',#76,1.);
#76 = DIRECTION('',(0.,1.,0.));
#77 = PCURVE('',#78,#83);
#78 = PLANE('',#79);
#79 = AXIS2_PLACEMENT_3D('',#80,#81,#82);
#80 = CARTESIAN_POINT('',(0.,0.,0.));
#81 = DIRECTION('',(0.,0.,1.));
#82 = DIRECTION('',(0.,1.,0.));
#83 = DEFINITIONAL_REPRESENTATION('',(#84),#88);
#84 = LINE('',#85,#86);
#85 = CARTESIAN_POINT('',(0.,0.));
#86 = VECTOR('',#87,1.);
#87 = DIRECTION('',(1.,0.));
#88 = ( GEOMETRIC_REPRESENTATION_CONTEXT(2) 
PARAMETRIC_REPRESENTATION_CONTEXT() REPRESENTATION_CONTEXT('2D SPACE',''
  ) );
#89 = PCURVE('',#90,#95);
#90 = PLANE('',#91);
#91 = AXIS2_PLACEMENT_3D('',#92,#93,#94);
#92 = CARTESIAN_POINT('',(0.,0.,0.));
#93 = DIRECTION('',(1.,0.,0.));
#94 = DIRECTION('',(0.,1.,0.));
#95 = DEFINITIONAL_REPRESENTATION('',(#96),#100);
#96 = LINE('',#97,#98);
#97 = CARTESIAN_POINT('',(0.,0.));
#98 = VECTOR('',#99,1.);
#99 = DIRECTION('',(1.,0.));
#100 = ( GEOMETRIC_REPRESENTATION_CONTEXT(2) 
PARAMETRIC_REPRESENTATION_CONTEXT() REPRESENTATION_CONTEXT('2D SPACE',''
  ) );
#101 = ORIENTED_EDGE('',*,*,#102,.T.);
#102 = EDGE_CURVE('',#68,#103,#105,.T.);
#103 = VERTEX_POINT('',#104);
#104 = CARTESIAN_POINT('',(145.,0.,0.));
#105 = SURFACE_CURVE('',#106,(#110,#117),.PCURVE_S1.);
#106 = LINE('',#107,#108);
#107 = CARTESIAN_POINT('',(0.,0.,0.));
#108 = VECTOR('',#109,1.);
#109 = DIRECTION('',(1.,0.,0.));
#110 = PCURVE('',#78,#111);
#111 = DEFINITIONAL_REPRESENTATION('',(#112),#116);
#112 = LINE('',#113,#114);
#113 = CARTESIAN_POINT('',(0.,0.));
#114 = VECTOR('',#115,1.);
#115 = DIRECTION('',(0.,-1.));
#116 = ( GEOMETRIC_REPRESENTATION_CONTEXT(2) 
PARAMETRIC_REPRESENTATION_CONTEXT() REPRESENTATION_CONTEXT('2D SPACE',''
  ) );
#117 = PCURVE('',#118,#123);
#118 = PLANE('',#119);
#119 = AXIS2_PLACEMENT_3D('',#120,#121,#122);
#120 = CARTESIAN_POINT('',(0.,0.,0.));
#121 = DIRECTION('',(0.,1.,0.));
#122 = DIRECTION('',(0.,0.,1.));
#123 = DEFINITIONAL_REPRESENTATION('',(#124),#128);
#124 = LINE('',#125,#126);
#125 = CARTESIAN_POINT('',(0.,0.));
#126 = VECTOR('',#127,1.);
#127 = DIRECTION('',(0.,1.));
#128 = ( GEOMETRIC_REPRESENTATION_CONTEXT(2) 
PARAMETRIC_REPRESENTATION_CONTEXT() REPRESENTATION_CONTEXT('2D SPACE',''
  ) );
#129 = ORIENTED_EDGE('',*,*,#130,.T.);
#130 = EDGE_CURVE('',#103,#131,#133,.T.);
#131 = VERTEX_POINT('',#132);
#132 = CARTESIAN_POINT('',(145.,20.,0.));
#133 = SURFACE_CURVE('',#134,(#138,#145),.PCURVE_S1.);
#134 = LINE('',#135,#136);
#135 = CARTESIAN_POINT('',(145.,0.,0.));
#136 = VECTOR('',#137,1.);
#137 = DIRECTION('',(0.,1.,0.));
#138 = PCURVE('',#78,#139);
#139 = DEFINITIONAL_REPRESENTATION('',(#140),#144);
#140 = LINE('',#141,#142);
#141 = CARTESIAN_POINT('',(0.,-145.));
#142 = VECTOR('',#143,1.);
#143 = DIRECTION('',(1.,0.));
#144 = ( GEOMETRIC_REPRESENTATION_CONTEXT(2) 
PARAMETRIC_REPRESENTATION_CONTEXT() REPRESENTATION_CONTEXT('2D SPACE',''
  ) );
#145 = PCURVE('',#146,#151);
#146 = PLANE('',#147);
#147 = AXIS2_PLACEMENT_3D('',#148,#149,#150);
#148 = CARTESIAN_POINT('',(145.,0.,0.));
#149 = DIRECTION('',(1.,0.,0.));
#150 = DIRECTION('',(0.,1.,0.));
#151 = DEFINITIONAL_REPRESENTATION('',(#152),#156);
#152 = LINE('',#153,#154);
#153 = CARTESIAN_POINT('',(0.,0.));
#154 = VECTOR('',#155,1.);
#155 = DIRECTION('',(1.,0.));
#156 = ( GEOMETRIC_REPRESENTATION_CONTEXT(2) 
PARAMETRIC_REPRESENTATION_CONTEXT() REPRESENTATION_CONTEXT('2D SPACE',''
  ) );
#157 = ORIENTED_EDGE('',*,*,#158,.F.);
#158 = EDGE_CURVE('',#70,#131,#159,.T.);
#159 = SURFACE_CURVE('',#160,(#164,#171),.PCURVE_S1.);
#160 = LINE('',#161,#162);
#161 = CARTESIAN_POINT('',(0.,20.,0.));
#162 = VECTOR('',#163,1.);
#163 = DIRECTION('',(1.,0.,0.));
#164 = PCURVE('',#78,#165);
#165 = DEFINITIONAL_REPRESENTATION('',(#166),#170);
#166 = LINE('',#167,#168);
#167 = CARTESIAN_POINT('',(20.,0.));
#168 = VECTOR('',#169,1.);
#169 = DIRECTION('',(0.,-1.));
#170 = ( GEOMETRIC_REPRESENTATION_CONTEXT(2) 
PARAMETRIC_REPRESENTATION_CONTEXT() REPRESENTATION_CONTEXT('2D SPACE',''
  ) );
#171 = PCURVE('',#172,#177);
#172 = PLANE('',#173);
#173 = AXIS2_PLACEMENT_3D('',#174,#175,#176);
#174 = CARTESIAN_POINT('',(0.,20.,0.));
#175 = DIRECTION('',(0.,1.,0.));
#176 = DIRECTION('',(0.,0.,1.));
#177 = DEFINITIONAL_REPRESENTATION('',(#178),#182);
#178 = LINE('',#179,#180);
#179 = CARTESIAN_POINT('',(0.,0.));
#180 = VECTOR('',#181,1.);
#181 = DIRECTION('',(0.,1.));
#182 = ( GEOMETRIC_REPRESENTATION_CONTEXT(2) 
PARAMETRIC_REPRESENTATION_CONTEXT() REPRESENTATION_CONTEXT('2D SPACE',''
  ) );
#183 = ADVANCED_FACE('',(#184),#90,.F.);
#184 = FACE_BOUND('',#185,.F.);
#185 = EDGE_LOOP('',(#186,#209,#210,#233));
#186 = ORIENTED_EDGE('',*,*,#187,.F.);
#187 = EDGE_CURVE('',#68,#188,#190,.T.);
#188 = VERTEX_POINT('',#189);
#189 = CARTESIAN_POINT('',(0.,0.,280.));
#190 = SURFACE_CURVE('',#191,(#195,#202),.PCURVE_S1.);
#191 = LINE('',#192,#193);
#192 = CARTESIAN_POINT('',(0.,0.,0.));
#193 = VECTOR('',#194,1.);
#194 = DIRECTION('',(0.,0.,1.));
#195 = PCURVE('',#90,#196);
#196 = DEFINITIONAL_REPRESENTATION('',(#197),#201);
#197 = LINE('',#198,#199);
#198 = CARTESIAN_POINT('',(0.,0.));
#199 = VECTOR('',#200,1.);
#200 = DIRECTION('',(0.,1.));
#201 = ( GEOMETRIC_REPRESENTATION_CONTEXT(2) 
PARAMETRIC_REPRESENTATION_CONTEXT() REPRESENTATION_CONTEXT('2D SPACE',''
  ) );
#202 = PCURVE('',#118,#203);
#203 = DEFINITIONAL_REPRESENTATION('',(#204),#208);
#204 = LINE('',#205,#206);
#205 = CARTESIAN_POINT('',(0.,0.));
#206 = VECTOR('',#207,1.);
#207 = DIRECTION('',(1.,0.));
#208 = ( GEOMETRIC_REPRESENTATION_CONTEXT(2) 
PARAMETRIC_REPRESENTATION_CONTEXT() REPRESENTATION_CONTEXT('2D SPACE',''
  ) );
#209 = ORIENTED_EDGE('',*,*,#67,.T.);
#210 = ORIENTED_EDGE('',*,*,#211,.T.);
#211 = EDGE_CURVE('',#70,#212,#214,.T.);
#212 = VERTEX_POINT('',#213);
#213 = CARTESIAN_POINT('',(0.,20.,280.));
#214 = SURFACE_CURVE('',#215,(#219,#226),.PCURVE_S1.);
#215 = LINE('',#216,#217);
#216 = CARTESIAN_POINT('',(0.,20.,0.));
#217 = VECTOR('',#218,1.);
#218 = DIRECTION('',(0.,0.,1.));
#219 = PCURVE('',#90,#220);
#220 = DEFINITIONAL_REPRESENTATION('',(#221),#225);
#221 = LINE('',#222,#223);
#222 = CARTESIAN_POINT('',(20.,0.));
#223 = VECTOR('',#224,1.);
#224 = DIRECTION('',(0.,1.));
#225 = ( GEOMETRIC_REPRESENTATION_CONTEXT(2) 
PARAMETRIC_REPRESENTATION_CONTEXT() REPRESENTATION_CONTEXT('2D SPACE',''
  ) );
#226 = PCURVE('',#172,#227);
#227 = DEFINITIONAL_REPRESENTATION('',(#228),#232);
#228 = LINE('',#229,#230);
#229 = CARTESIAN_POINT('',(0.,0.));
#230 = VECTOR('',#231,1.);
#231 = DIRECTION('',(1.,0.));
#232 = ( GEOMETRIC_REPRESENTATION_CONTEXT(2) 
PARAMETRIC_REPRESENTATION_CONTEXT() REPRESENTATION_CONTEXT('2D SPACE',''
  ) );
#233 = ORIENTED_EDGE('',*,*,#234,.F.);
#234 = EDGE_CURVE('',#188,#212,#235,.T.);
#235 = SURFACE_CURVE('',#236,(#240,#247),.PCURVE_S1.);
#236 = LINE('',#237,#238);
#237 = CARTESIAN_POINT('',(0.,0.,280.));
#238 = VECTOR('',#239,1.);
#239 = DIRECTION('',(0.,1.,0.));
#240 = PCURVE('',#90,#241);
#241 = DEFINITIONAL_REPRESENTATION('',(#242),#246);
#242 = LINE('',#243,#244);
#243 = CARTESIAN_POINT('',(0.,280.));
#244 = VECTOR('',#245,1.);
#245 = DIRECTION('',(1.,0.));
#246 = ( GEOMETRIC_REPRESENTATION_CONTEXT(2) 
PARAMETRIC_REPRESENTATION_CONTEXT() REPRESENTATION_CONTEXT('2D SPACE',''
  ) );
#247 = PCURVE('',#248,#253);
#248 = PLANE('',#249);
#249 = AXIS2_PLACEMENT_3D('',#250,#251,#252);
#250 = CARTESIAN_POINT('',(0.,0.,280.));
#251 = DIRECTION('',(0.,0.,1.));
#252 = DIRECTION('',(0.,1.,0.));
#253 = DEFINITIONAL_REPRESENTATION('',(#254),#258);
#254 = LINE('',#255,#256);
#255 = CARTESIAN_POINT('',(0.,0.));
#256 = VECTOR('',#257,1.);
#257 = DIRECTION('',(1.,0.));
#258 = ( GEOMETRIC_REPRESENTATION_CONTEXT(2) 
PARAMETRIC_REPRESENTATION_CONTEXT() REPRESENTATION_CONTEXT('2D SPACE',''
  ) );
#259 = ADVANCED_FACE('',(#260,#308,#343,#378,#413,#448,#483,#518),#172,
  .T.);
#260 = FACE_BOUND('',#261,.T.);
#261 = EDGE_LOOP('',(#262,#263,#264,#287));
#262 = ORIENTED_EDGE('',*,*,#158,.F.);
#263 = ORIENTED_EDGE('',*,*,#211,.T.);
#264 = ORIENTED_EDGE('',*,*,#265,.T.);
#265 = EDGE_CURVE('',#212,#266,#268,.T.);
#266 = VERTEX_POINT('',#267);
#267 = CARTESIAN_POINT('',(145.,20.,280.));
#268 = SURFACE_CURVE('',#269,(#273,#280),.PCURVE_S1.);
#269 = LINE('',#270,#271);
#270 = CARTESIAN_POINT('',(0.,20.,280.));
#271 = VECTOR('',#272,1.);
#272 = DIRECTION('',(1.,0.,0.));
#273 = PCURVE('',#172,#274);
#274 = DEFINITIONAL_REPRESENTATION('',(#275),#279);
#275 = LINE('',#276,#277);
#276 = CARTESIAN_POINT('',(280.,0.));
#277 = VECTOR('',#278,1.);
#278 = DIRECTION('',(0.,1.));
#279 = ( GEOMETRIC_REPRESENTATION_CONTEXT(2) 
PARAMETRIC_REPRESENTATION_CONTEXT() REPRESENTATION_CONTEXT('2D SPACE',''
  ) );
#280 = PCURVE('',#248,#281);
#281 = DEFINITIONAL_REPRESENTATION('',(#282),#286);
#282 = LINE('',#283,#284);
#283 = CARTESIAN_POINT('',(20.,0.));
#284 = VECTOR('',#285,1.);
#285 = DIRECTION('',(0.,-1.));
#286 = ( GEOMETRIC_REPRESENTATION_CONTEXT(2) 
PARAMETRIC_REPRESENTATION_CONTEXT() REPRESENTATION_CONTEXT('2D SPACE',''
  ) );
#287 = ORIENTED_EDGE('',*,*,#288,.F.);
#288 = EDGE_CURVE('',#131,#266,#289,.T.);
#289 = SURFACE_CURVE('',#290,(#294,#301),.PCURVE_S1.);
#290 = LINE('',#291,#292);
#291 = CARTESIAN_POINT('',(145.,20.,0.));
#292 = VECTOR('',#293,1.);
#293 = DIRECTION('',(0.,0.,1.));
#294 = PCURVE('',#172,#295);
#295 = DEFINITIONAL_REPRESENTATION('',(#296),#300);
#296 = LINE('',#297,#298);
#297 = CARTESIAN_POINT('',(0.,145.));
#298 = VECTOR('',#299,1.);
#299 = DIRECTION('',(1.,0.));
#300 = ( GEOMETRIC_REPRESENTATION_CONTEXT(2) 
PARAMETRIC_REPRESENTATION_CONTEXT() REPRESENTATION_CONTEXT('2D SPACE',''
  ) );
#301 = PCURVE('',#146,#302);
#302 = DEFINITIONAL_REPRESENTATION('',(#303),#307);
#303 = LINE('',#304,#305);
#304 = CARTESIAN_POINT('',(20.,0.));
#305 = VECTOR('',#306,1.);
#306 = DIRECTION('',(0.,1.));
#307 = ( GEOMETRIC_REPRESENTATION_CONTEXT(2) 
PARAMETRIC_REPRESENTATION_CONTEXT() REPRESENTATION_CONTEXT('2D SPACE',''
  ) );
#308 = FACE_BOUND('',#309,.T.);
#309 = EDGE_LOOP('',(#310));
#310 = ORIENTED_EDGE('',*,*,#311,.T.);
#311 = EDGE_CURVE('',#312,#312,#314,.T.);
#312 = VERTEX_POINT('',#313);
#313 = CARTESIAN_POINT('',(10.,20.,26.25));
#314 = SURFACE_CURVE('',#315,(#320,#331),.PCURVE_S1.);
#315 = CIRCLE('',#316,1.25);
#316 = AXIS2_PLACEMENT_3D('',#317,#318,#319);
#317 = CARTESIAN_POINT('',(10.,20.,25.));
#318 = DIRECTION('',(0.,-1.,0.));
#319 = DIRECTION('',(0.,0.,1.));
#320 = PCURVE('',#172,#321);
#321 = DEFINITIONAL_REPRESENTATION('',(#322),#330);
#322 = ( BOUNDED_CURVE() B_SPLINE_CURVE(2,(#323,#324,#325,#326,#327,#328
,#329),.UNSPECIFIED.,.T.,.F.) B_SPLINE_CURVE_WITH_KNOTS((1,2,2,2,2,1),(
    -2.094395102393,0.,2.094395102393,4.188790204786,6.28318530718,
8.377580409573),.UNSPECIFIED.) CURVE() GEOMETRIC_REPRESENTATION_ITEM() 
RATIONAL_B_SPLINE_CURVE((1.,0.5,1.,0.5,1.,0.5,1.)) REPRESENTATION_ITEM(
  '') );
#323 = CARTESIAN_POINT('',(26.25,10.));
#324 = CARTESIAN_POINT('',(26.25,7.834936490539));
#325 = CARTESIAN_POINT('',(24.375,8.917468245269));
#326 = CARTESIAN_POINT('',(22.5,10.));
#327 = CARTESIAN_POINT('',(24.375,11.082531754731));
#328 = CARTESIAN_POINT('',(26.25,12.165063509461));
#329 = CARTESIAN_POINT('',(26.25,10.));
#330 = ( GEOMETRIC_REPRESENTATION_CONTEXT(2) 
PARAMETRIC_REPRESENTATION_CONTEXT() REPRESENTATION_CONTEXT('2D SPACE',''
  ) );
#331 = PCURVE('',#332,#337);
#332 = CYLINDRICAL_SURFACE('',#333,1.25);
#333 = AXIS2_PLACEMENT_3D('',#334,#335,#336);
#334 = CARTESIAN_POINT('',(10.,-5.E-02,25.));
#335 = DIRECTION('',(-0.,-1.,-0.));
#336 = DIRECTION('',(0.,0.,1.));
#337 = DEFINITIONAL_REPRESENTATION('',(#338),#342);
#338 = LINE('',#339,#340);
#339 = CARTESIAN_POINT('',(-6.28318530718,-20.05));
#340 = VECTOR('',#341,1.);
#341 = DIRECTION('',(1.,-0.));
#342 = ( GEOMETRIC_REPRESENTATION_CONTEXT(2) 
PARAMETRIC_REPRESENTATION_CONTEXT() REPRESENTATION_CONTEXT('2D SPACE',''
  ) );
#343 = FACE_BOUND('',#344,.T.);
#344 = EDGE_LOOP('',(#345));
#345 = ORIENTED_EDGE('',*,*,#346,.T.);
#346 = EDGE_CURVE('',#347,#347,#349,.T.);
#347 = VERTEX_POINT('',#348);
#348 = CARTESIAN_POINT('',(10.,20.,141.25));
#349 = SURFACE_CURVE('',#350,(#355,#366),.PCURVE_S1.);
#350 = CIRCLE('',#351,1.25);
#351 = AXIS2_PLACEMENT_3D('',#352,#353,#354);
#352 = CARTESIAN_POINT('',(10.,20.,140.));
#353 = DIRECTION('',(0.,-1.,0.));
#354 = DIRECTION('',(0.,0.,1.));
#355 = PCURVE('',#172,#356);
#356 = DEFINITIONAL_REPRESENTATION('',(#357),#365);
#357 = ( BOUNDED_CURVE() B_SPLINE_CURVE(2,(#358,#359,#360,#361,#362,#363
,#364),.UNSPECIFIED.,.T.,.F.) B_SPLINE_CURVE_WITH_KNOTS((1,2,2,2,2,1),(
    -2.094395102393,0.,2.094395102393,4.188790204786,6.28318530718,
8.377580409573),.UNSPECIFIED.) CURVE() GEOMETRIC_REPRESENTATION_ITEM() 
RATIONAL_B_SPLINE_CURVE((1.,0.5,1.,0.5,1.,0.5,1.)) REPRESENTATION_ITEM(
  '') );
#358 = CARTESIAN_POINT('',(141.25,10.));
#359 = CARTESIAN_POINT('',(141.25,7.834936490539));
#360 = CARTESIAN_POINT('',(139.375,8.917468245269));
#361 = CARTESIAN_POINT('',(137.5,10.));
#362 = CARTESIAN_POINT('',(139.375,11.082531754731));
#363 = CARTESIAN_POINT('',(141.25,12.165063509461));
#364 = CARTESIAN_POINT('',(141.25,10.));
#365 = ( GEOMETRIC_REPRESENTATION_CONTEXT(2) 
PARAMETRIC_REPRESENTATION_CONTEXT() REPRESENTATION_CONTEXT('2D SPACE',''
  ) );
#366 = PCURVE('',#367,#372);
#367 = CYLINDRICAL_SURFACE('',#368,1.25);
#368 = AXIS2_PLACEMENT_3D('',#369,#370,#371);
#369 = CARTESIAN_POINT('',(10.,-5.E-02,140.));
#370 = DIRECTION('',(-0.,-1.,-0.));
#371 = DIRECTION('',(0.,0.,1.));
#372 = DEFINITIONAL_REPRESENTATION('',(#373),#377);
#373 = LINE('',#374,#375);
#374 = CARTESIAN_POINT('',(-6.28318530718,-20.05));
#375 = VECTOR('',#376,1.);
#376 = DIRECTION('',(1.,-0.));
#377 = ( GEOMETRIC_REPRESENTATION_CONTEXT(2) 
PARAMETRIC_REPRESENTATION_CONTEXT() REPRESENTATION_CONTEXT('2D SPACE',''
  ) );
#378 = FACE_BOUND('',#379,.T.);
#379 = EDGE_LOOP('',(#380));
#380 = ORIENTED_EDGE('',*,*,#381,.T.);
#381 = EDGE_CURVE('',#382,#382,#384,.T.);
#382 = VERTEX_POINT('',#383);
#383 = CARTESIAN_POINT('',(10.,20.,256.25));
#384 = SURFACE_CURVE('',#385,(#390,#401),.PCURVE_S1.);
#385 = CIRCLE('',#386,1.25);
#386 = AXIS2_PLACEMENT_3D('',#387,#388,#389);
#387 = CARTESIAN_POINT('',(10.,20.,255.));
#388 = DIRECTION('',(0.,-1.,0.));
#389 = DIRECTION('',(0.,0.,1.));
#390 = PCURVE('',#172,#391);
#391 = DEFINITIONAL_REPRESENTATION('',(#392),#400);
#392 = ( BOUNDED_CURVE() B_SPLINE_CURVE(2,(#393,#394,#395,#396,#397,#398
,#399),.UNSPECIFIED.,.T.,.F.) B_SPLINE_CURVE_WITH_KNOTS((1,2,2,2,2,1),(
    -2.094395102393,0.,2.094395102393,4.188790204786,6.28318530718,
8.377580409573),.UNSPECIFIED.) CURVE() GEOMETRIC_REPRESENTATION_ITEM() 
RATIONAL_B_SPLINE_CURVE((1.,0.5,1.,0.5,1.,0.5,1.)) REPRESENTATION_ITEM(
  '') );
#393 = CARTESIAN_POINT('',(256.25,10.));
#394 = CARTESIAN_POINT('',(256.25,7.834936490539));
#395 = CARTESIAN_POINT('',(254.375,8.917468245269));
#396 = CARTESIAN_POINT('',(252.5,10.));
#397 = CARTESIAN_POINT('',(254.375,11.082531754731));
#398 = CARTESIAN_POINT('',(256.25,12.165063509461));
#399 = CARTESIAN_POINT('',(256.25,10.));
#400 = ( GEOMETRIC_REPRESENTATION_CONTEXT(2) 
PARAMETRIC_REPRESENTATION_CONTEXT() REPRESENTATION_CONTEXT('2D SPACE',''
  ) );
#401 = PCURVE('',#402,#407);
#402 = CYLINDRICAL_SURFACE('',#403,1.25);
#403 = AXIS2_PLACEMENT_3D('',#404,#405,#406);
#404 = CARTESIAN_POINT('',(10.,-5.E-02,255.));
#405 = DIRECTION('',(-0.,-1.,-0.));
#406 = DIRECTION('',(0.,0.,1.));
#407 = DEFINITIONAL_REPRESENTATION('',(#408),#412);
#408 = LINE('',#409,#410);
#409 = CARTESIAN_POINT('',(-6.28318530718,-20.05));
#410 = VECTOR('',#411,1.);
#411 = DIRECTION('',(1.,-0.));
#412 = ( GEOMETRIC_REPRESENTATION_CONTEXT(2) 
PARAMETRIC_REPRESENTATION_CONTEXT() REPRESENTATION_CONTEXT('2D SPACE',''
  ) );
#413 = FACE_BOUND('',#414,.T.);
#414 = EDGE_LOOP('',(#415));
#415 = ORIENTED_EDGE('',*,*,#416,.T.);
#416 = EDGE_CURVE('',#417,#417,#419,.T.);
#417 = VERTEX_POINT('',#418);
#418 = CARTESIAN_POINT('',(135.,20.,26.25));
#419 = SURFACE_CURVE('',#420,(#425,#436),.PCURVE_S1.);
#420 = CIRCLE('',#421,1.25);
#421 = AXIS2_PLACEMENT_3D('',#422,#423,#424);
#422 = CARTESIAN_POINT('',(135.,20.,25.));
#423 = DIRECTION('',(0.,-1.,0.));
#424 = DIRECTION('',(0.,0.,1.));
#425 = PCURVE('',#172,#426);
#426 = DEFINITIONAL_REPRESENTATION('',(#427),#435);
#427 = ( BOUNDED_CURVE() B_SPLINE_CURVE(2,(#428,#429,#430,#431,#432,#433
,#434),.UNSPECIFIED.,.T.,.F.) B_SPLINE_CURVE_WITH_KNOTS((1,2,2,2,2,1),(
    -2.094395102393,0.,2.094395102393,4.188790204786,6.28318530718,
8.377580409573),.UNSPECIFIED.) CURVE() GEOMETRIC_REPRESENTATION_ITEM() 
RATIONAL_B_SPLINE_CURVE((1.,0.5,1.,0.5,1.,0.5,1.)) REPRESENTATION_ITEM(
  '') );
#428 = CARTESIAN_POINT('',(26.25,135.));
#429 = CARTESIAN_POINT('',(26.25,132.83493649053));
#430 = CARTESIAN_POINT('',(24.375,133.91746824526));
#431 = CARTESIAN_POINT('',(22.5,135.));
#432 = CARTESIAN_POINT('',(24.375,136.08253175473));
#433 = CARTESIAN_POINT('',(26.25,137.16506350946));
#434 = CARTESIAN_POINT('',(26.25,135.));
#435 = ( GEOMETRIC_REPRESENTATION_CONTEXT(2) 
PARAMETRIC_REPRESENTATION_CONTEXT() REPRESENTATION_CONTEXT('2D SPACE',''
  ) );
#436 = PCURVE('',#437,#442);
#437 = CYLINDRICAL_SURFACE('',#438,1.25);
#438 = AXIS2_PLACEMENT_3D('',#439,#440,#441);
#439 = CARTESIAN_POINT('',(135.,-5.E-02,25.));
#440 = DIRECTION('',(-0.,-1.,-0.));
#441 = DIRECTION('',(0.,0.,1.));
#442 = DEFINITIONAL_REPRESENTATION('',(#443),#447);
#443 = LINE('',#444,#445);
#444 = CARTESIAN_POINT('',(-6.28318530718,-20.05));
#445 = VECTOR('',#446,1.);
#446 = DIRECTION('',(1.,-0.));
#447 = ( GEOMETRIC_REPRESENTATION_CONTEXT(2) 
PARAMETRIC_REPRESENTATION_CONTEXT() REPRESENTATION_CONTEXT('2D SPACE',''
  ) );
#448 = FACE_BOUND('',#449,.T.);
#449 = EDGE_LOOP('',(#450));
#450 = ORIENTED_EDGE('',*,*,#451,.T.);
#451 = EDGE_CURVE('',#452,#452,#454,.T.);
#452 = VERTEX_POINT('',#453);
#453 = CARTESIAN_POINT('',(72.5,20.,202.5));
#454 = SURFACE_CURVE('',#455,(#460,#471),.PCURVE_S1.);
#455 = CIRCLE('',#456,22.5);
#456 = AXIS2_PLACEMENT_3D('',#457,#458,#459);
#457 = CARTESIAN_POINT('',(72.5,20.,180.));
#458 = DIRECTION('',(0.,-1.,0.));
#459 = DIRECTION('',(0.,0.,1.));
#460 = PCURVE('',#172,#461);
#461 = DEFINITIONAL_REPRESENTATION('',(#462),#470);
#462 = ( BOUNDED_CURVE() B_SPLINE_CURVE(2,(#463,#464,#465,#466,#467,#468
,#469),.UNSPECIFIED.,.T.,.F.) B_SPLINE_CURVE_WITH_KNOTS((1,2,2,2,2,1),(
    -2.094395102393,0.,2.094395102393,4.188790204786,6.28318530718,
8.377580409573),.UNSPECIFIED.) CURVE() GEOMETRIC_REPRESENTATION_ITEM() 
RATIONAL_B_SPLINE_CURVE((1.,0.5,1.,0.5,1.,0.5,1.)) REPRESENTATION_ITEM(
  '') );
#463 = CARTESIAN_POINT('',(202.5,72.5));
#464 = CARTESIAN_POINT('',(202.5,33.5288568297));
#465 = CARTESIAN_POINT('',(168.75,53.01442841485));
#466 = CARTESIAN_POINT('',(135.,72.5));
#467 = CARTESIAN_POINT('',(168.75,91.98557158515));
#468 = CARTESIAN_POINT('',(202.5,111.4711431703));
#469 = CARTESIAN_POINT('',(202.5,72.5));
#470 = ( GEOMETRIC_REPRESENTATION_CONTEXT(2) 
PARAMETRIC_REPRESENTATION_CONTEXT() REPRESENTATION_CONTEXT('2D SPACE',''
  ) );
#471 = PCURVE('',#472,#477);
#472 = CYLINDRICAL_SURFACE('',#473,22.5);
#473 = AXIS2_PLACEMENT_3D('',#474,#475,#476);
#474 = CARTESIAN_POINT('',(72.5,-1.E-02,180.));
#475 = DIRECTION('',(-0.,-1.,-0.));
#476 = DIRECTION('',(0.,0.,1.));
#477 = DEFINITIONAL_REPRESENTATION('',(#478),#482);
#478 = LINE('',#479,#480);
#479 = CARTESIAN_POINT('',(-6.28318530718,-20.01));
#480 = VECTOR('',#481,1.);
#481 = DIRECTION('',(1.,-0.));
#482 = ( GEOMETRIC_REPRESENTATION_CONTEXT(2) 
PARAMETRIC_REPRESENTATION_CONTEXT() REPRESENTATION_CONTEXT('2D SPACE',''
  ) );
#483 = FACE_BOUND('',#484,.T.);
#484 = EDGE_LOOP('',(#485));
#485 = ORIENTED_EDGE('',*,*,#486,.T.);
#486 = EDGE_CURVE('',#487,#487,#489,.T.);
#487 = VERTEX_POINT('',#488);
#488 = CARTESIAN_POINT('',(135.,20.,141.25));
#489 = SURFACE_CURVE('',#490,(#495,#506),.PCURVE_S1.);
#490 = CIRCLE('',#491,1.25);
#491 = AXIS2_PLACEMENT_3D('',#492,#493,#494);
#492 = CARTESIAN_POINT('',(135.,20.,140.));
#493 = DIRECTION('',(0.,-1.,0.));
#494 = DIRECTION('',(0.,0.,1.));
#495 = PCURVE('',#172,#496);
#496 = DEFINITIONAL_REPRESENTATION('',(#497),#505);
#497 = ( BOUNDED_CURVE() B_SPLINE_CURVE(2,(#498,#499,#500,#501,#502,#503
,#504),.UNSPECIFIED.,.T.,.F.) B_SPLINE_CURVE_WITH_KNOTS((1,2,2,2,2,1),(
    -2.094395102393,0.,2.094395102393,4.188790204786,6.28318530718,
8.377580409573),.UNSPECIFIED.) CURVE() GEOMETRIC_REPRESENTATION_ITEM() 
RATIONAL_B_SPLINE_CURVE((1.,0.5,1.,0.5,1.,0.5,1.)) REPRESENTATION_ITEM(
  '') );
#498 = CARTESIAN_POINT('',(141.25,135.));
#499 = CARTESIAN_POINT('',(141.25,132.83493649053));
#500 = CARTESIAN_POINT('',(139.375,133.91746824526));
#501 = CARTESIAN_POINT('',(137.5,135.));
#502 = CARTESIAN_POINT('',(139.375,136.08253175473));
#503 = CARTESIAN_POINT('',(141.25,137.16506350946));
#504 = CARTESIAN_POINT('',(141.25,135.));
#505 = ( GEOMETRIC_REPRESENTATION_CONTEXT(2) 
PARAMETRIC_REPRESENTATION_CONTEXT() REPRESENTATION_CONTEXT('2D SPACE',''
  ) );
#506 = PCURVE('',#507,#512);
#507 = CYLINDRICAL_SURFACE('',#508,1.25);
#508 = AXIS2_PLACEMENT_3D('',#509,#510,#511);
#509 = CARTESIAN_POINT('',(135.,-5.E-02,140.));
#510 = DIRECTION('',(-0.,-1.,-0.));
#511 = DIRECTION('',(0.,0.,1.));
#512 = DEFINITIONAL_REPRESENTATION('',(#513),#517);
#513 = LINE('',#514,#515);
#514 = CARTESIAN_POINT('',(-6.28318530718,-20.05));
#515 = VECTOR('',#516,1.);
#516 = DIRECTION('',(1.,-0.));
#517 = ( GEOMETRIC_REPRESENTATION_CONTEXT(2) 
PARAMETRIC_REPRESENTATION_CONTEXT() REPRESENTATION_CONTEXT('2D SPACE',''
  ) );
#518 = FACE_BOUND('',#519,.T.);
#519 = EDGE_LOOP('',(#520));
#520 = ORIENTED_EDGE('',*,*,#521,.T.);
#521 = EDGE_CURVE('',#522,#522,#524,.T.);
#522 = VERTEX_POINT('',#523);
#523 = CARTESIAN_POINT('',(135.,20.,256.25));
#524 = SURFACE_CURVE('',#525,(#530,#541),.PCURVE_S1.);
#525 = CIRCLE('',#526,1.25);
#526 = AXIS2_PLACEMENT_3D('',#527,#528,#529);
#527 = CARTESIAN_POINT('',(135.,20.,255.));
#528 = DIRECTION('',(0.,-1.,0.));
#529 = DIRECTION('',(0.,0.,1.));
#530 = PCURVE('',#172,#531);
#531 = DEFINITIONAL_REPRESENTATION('',(#532),#540);
#532 = ( BOUNDED_CURVE() B_SPLINE_CURVE(2,(#533,#534,#535,#536,#537,#538
,#539),.UNSPECIFIED.,.T.,.F.) B_SPLINE_CURVE_WITH_KNOTS((1,2,2,2,2,1),(
    -2.094395102393,0.,2.094395102393,4.188790204786,6.28318530718,
8.377580409573),.UNSPECIFIED.) CURVE() GEOMETRIC_REPRESENTATION_ITEM() 
RATIONAL_B_SPLINE_CURVE((1.,0.5,1.,0.5,1.,0.5,1.)) REPRESENTATION_ITEM(
  '') );
#533 = CARTESIAN_POINT('',(256.25,135.));
#534 = CARTESIAN_POINT('',(256.25,132.83493649053));
#535 = CARTESIAN_POINT('',(254.375,133.91746824526));
#536 = CARTESIAN_POINT('',(252.5,135.));
#537 = CARTESIAN_POINT('',(254.375,136.08253175473));
#538 = CARTESIAN_POINT('',(256.25,137.16506350946));
#539 = CARTESIAN_POINT('',(256.25,135.));
#540 = ( GEOMETRIC_REPRESENTATION_CONTEXT(2) 
PARAMETRIC_REPRESENTATION_CONTEXT() REPRESENTATION_CONTEXT('2D SPACE',''
  ) );
#541 = PCURVE('',#542,#547);
#542 = CYLINDRICAL_SURFACE('',#543,1.25);
#543 = AXIS2_PLACEMENT_3D('',#544,#545,#546);
#544 = CARTESIAN_POINT('',(135.,-5.E-02,255.));
#545 = DIRECTION('',(-0.,-1.,-0.));
#546 = DIRECTION('',(0.,0.,1.));
#547 = DEFINITIONAL_REPRESENTATION('',(#548),#552);
#548 = LINE('',#549,#550);
#549 = CARTESIAN_POINT('',(-6.28318530718,-20.05));
#550 = VECTOR('',#551,1.);
#551 = DIRECTION('',(1.,-0.));
#552 = ( GEOMETRIC_REPRESENTATION_CONTEXT(2) 
PARAMETRIC_REPRESENTATION_CONTEXT() REPRESENTATION_CONTEXT('2D SPACE',''
  ) );
#553 = ADVANCED_FACE('',(#554),#146,.T.);
#554 = FACE_BOUND('',#555,.T.);
#555 = EDGE_LOOP('',(#556,#579,#580,#581));
#556 = ORIENTED_EDGE('',*,*,#557,.F.);
#557 = EDGE_CURVE('',#103,#558,#560,.T.);
#558 = VERTEX_POINT('',#559);
#559 = CARTESIAN_POINT('',(145.,0.,280.));
#560 = SURFACE_CURVE('',#561,(#565,#572),.PCURVE_S1.);
#561 = LINE('',#562,#563);
#562 = CARTESIAN_POINT('',(145.,0.,0.));
#563 = VECTOR('',#564,1.);
#564 = DIRECTION('',(0.,0.,1.));
#565 = PCURVE('',#146,#566);
#566 = DEFINITIONAL_REPRESENTATION('',(#567),#571);
#567 = LINE('',#568,#569);
#568 = CARTESIAN_POINT('',(0.,0.));
#569 = VECTOR('',#570,1.);
#570 = DIRECTION('',(0.,1.));
#571 = ( GEOMETRIC_REPRESENTATION_CONTEXT(2) 
PARAMETRIC_REPRESENTATION_CONTEXT() REPRESENTATION_CONTEXT('2D SPACE',''
  ) );
#572 = PCURVE('',#118,#573);
#573 = DEFINITIONAL_REPRESENTATION('',(#574),#578);
#574 = LINE('',#575,#576);
#575 = CARTESIAN_POINT('',(0.,145.));
#576 = VECTOR('',#577,1.);
#577 = DIRECTION('',(1.,0.));
#578 = ( GEOMETRIC_REPRESENTATION_CONTEXT(2) 
PARAMETRIC_REPRESENTATION_CONTEXT() REPRESENTATION_CONTEXT('2D SPACE',''
  ) );
#579 = ORIENTED_EDGE('',*,*,#130,.T.);
#580 = ORIENTED_EDGE('',*,*,#288,.T.);
#581 = ORIENTED_EDGE('',*,*,#582,.F.);
#582 = EDGE_CURVE('',#558,#266,#583,.T.);
#583 = SURFACE_CURVE('',#584,(#588,#595),.PCURVE_S1.);
#584 = LINE('',#585,#586);
#585 = CARTESIAN_POINT('',(145.,0.,280.));
#586 = VECTOR('',#587,1.);
#587 = DIRECTION('',(0.,1.,0.));
#588 = PCURVE('',#146,#589);
#589 = DEFINITIONAL_REPRESENTATION('',(#590),#594);
#590 = LINE('',#591,#592);
#591 = CARTESIAN_POINT('',(0.,280.));
#592 = VECTOR('',#593,1.);
#593 = DIRECTION('',(1.,0.));
#594 = ( GEOMETRIC_REPRESENTATION_CONTEXT(2) 
PARAMETRIC_REPRESENTATION_CONTEXT() REPRESENTATION_CONTEXT('2D SPACE',''
  ) );
#595 = PCURVE('',#248,#596);
#596 = DEFINITIONAL_REPRESENTATION('',(#597),#601);
#597 = LINE('',#598,#599);
#598 = CARTESIAN_POINT('',(0.,-145.));
#599 = VECTOR('',#600,1.);
#600 = DIRECTION('',(1.,0.));
#601 = ( GEOMETRIC_REPRESENTATION_CONTEXT(2) 
PARAMETRIC_REPRESENTATION_CONTEXT() REPRESENTATION_CONTEXT('2D SPACE',''
  ) );
#602 = ADVANCED_FACE('',(#603,#629,#660,#691,#722,#757,#787,#818,#849),
  #118,.F.);
#603 = FACE_BOUND('',#604,.F.);
#604 = EDGE_LOOP('',(#605,#606,#607,#628));
#605 = ORIENTED_EDGE('',*,*,#102,.F.);
#606 = ORIENTED_EDGE('',*,*,#187,.T.);
#607 = ORIENTED_EDGE('',*,*,#608,.T.);
#608 = EDGE_CURVE('',#188,#558,#609,.T.);
#609 = SURFACE_CURVE('',#610,(#614,#621),.PCURVE_S1.);
#610 = LINE('',#611,#612);
#611 = CARTESIAN_POINT('',(0.,0.,280.));
#612 = VECTOR('',#613,1.);
#613 = DIRECTION('',(1.,0.,0.));
#614 = PCURVE('',#118,#615);
#615 = DEFINITIONAL_REPRESENTATION('',(#616),#620);
#616 = LINE('',#617,#618);
#617 = CARTESIAN_POINT('',(280.,0.));
#618 = VECTOR('',#619,1.);
#619 = DIRECTION('',(0.,1.));
#620 = ( GEOMETRIC_REPRESENTATION_CONTEXT(2) 
PARAMETRIC_REPRESENTATION_CONTEXT() REPRESENTATION_CONTEXT('2D SPACE',''
  ) );
#621 = PCURVE('',#248,#622);
#622 = DEFINITIONAL_REPRESENTATION('',(#623),#627);
#623 = LINE('',#624,#625);
#624 = CARTESIAN_POINT('',(0.,0.));
#625 = VECTOR('',#626,1.);
#626 = DIRECTION('',(0.,-1.));
#627 = ( GEOMETRIC_REPRESENTATION_CONTEXT(2) 
PARAMETRIC_REPRESENTATION_CONTEXT() REPRESENTATION_CONTEXT('2D SPACE',''
  ) );
#628 = ORIENTED_EDGE('',*,*,#557,.F.);
#629 = FACE_BOUND('',#630,.F.);
#630 = EDGE_LOOP('',(#631));
#631 = ORIENTED_EDGE('',*,*,#632,.F.);
#632 = EDGE_CURVE('',#633,#633,#635,.T.);
#633 = VERTEX_POINT('',#634);
#634 = CARTESIAN_POINT('',(10.,0.,28.8));
#635 = SURFACE_CURVE('',#636,(#641,#648),.PCURVE_S1.);
#636 = CIRCLE('',#637,3.8);
#637 = AXIS2_PLACEMENT_3D('',#638,#639,#640);
#638 = CARTESIAN_POINT('',(10.,0.,25.));
#639 = DIRECTION('',(0.,1.,0.));
#640 = DIRECTION('',(0.,-0.,1.));
#641 = PCURVE('',#118,#642);
#642 = DEFINITIONAL_REPRESENTATION('',(#643),#647);
#643 = CIRCLE('',#644,3.8);
#644 = AXIS2_PLACEMENT_2D('',#645,#646);
#645 = CARTESIAN_POINT('',(25.,10.));
#646 = DIRECTION('',(1.,0.));
#647 = ( GEOMETRIC_REPRESENTATION_CONTEXT(2) 
PARAMETRIC_REPRESENTATION_CONTEXT() REPRESENTATION_CONTEXT('2D SPACE',''
  ) );
#648 = PCURVE('',#649,#654);
#649 = CONICAL_SURFACE('',#650,3.85,0.785398163397);
#650 = AXIS2_PLACEMENT_3D('',#651,#652,#653);
#651 = CARTESIAN_POINT('',(10.,-5.E-02,25.));
#652 = DIRECTION('',(-0.,-1.,-0.));
#653 = DIRECTION('',(0.,-0.,1.));
#654 = DEFINITIONAL_REPRESENTATION('',(#655),#659);
#655 = LINE('',#656,#657);
#656 = CARTESIAN_POINT('',(-0.,-5.E-02));
#657 = VECTOR('',#658,1.);
#658 = DIRECTION('',(-1.,-0.));
#659 = ( GEOMETRIC_REPRESENTATION_CONTEXT(2) 
PARAMETRIC_REPRESENTATION_CONTEXT() REPRESENTATION_CONTEXT('2D SPACE',''
  ) );
#660 = FACE_BOUND('',#661,.F.);
#661 = EDGE_LOOP('',(#662));
#662 = ORIENTED_EDGE('',*,*,#663,.F.);
#663 = EDGE_CURVE('',#664,#664,#666,.T.);
#664 = VERTEX_POINT('',#665);
#665 = CARTESIAN_POINT('',(10.,0.,143.8));
#666 = SURFACE_CURVE('',#667,(#672,#679),.PCURVE_S1.);
#667 = CIRCLE('',#668,3.8);
#668 = AXIS2_PLACEMENT_3D('',#669,#670,#671);
#669 = CARTESIAN_POINT('',(10.,0.,140.));
#670 = DIRECTION('',(0.,1.,0.));
#671 = DIRECTION('',(0.,-0.,1.));
#672 = PCURVE('',#118,#673);
#673 = DEFINITIONAL_REPRESENTATION('',(#674),#678);
#674 = CIRCLE('',#675,3.8);
#675 = AXIS2_PLACEMENT_2D('',#676,#677);
#676 = CARTESIAN_POINT('',(140.,10.));
#677 = DIRECTION('',(1.,0.));
#678 = ( GEOMETRIC_REPRESENTATION_CONTEXT(2) 
PARAMETRIC_REPRESENTATION_CONTEXT() REPRESENTATION_CONTEXT('2D SPACE',''
  ) );
#679 = PCURVE('',#680,#685);
#680 = CONICAL_SURFACE('',#681,3.85,0.785398163397);
#681 = AXIS2_PLACEMENT_3D('',#682,#683,#684);
#682 = CARTESIAN_POINT('',(10.,-5.E-02,140.));
#683 = DIRECTION('',(-0.,-1.,-0.));
#684 = DIRECTION('',(0.,-0.,1.));
#685 = DEFINITIONAL_REPRESENTATION('',(#686),#690);
#686 = LINE('',#687,#688);
#687 = CARTESIAN_POINT('',(-0.,-5.E-02));
#688 = VECTOR('',#689,1.);
#689 = DIRECTION('',(-1.,-0.));
#690 = ( GEOMETRIC_REPRESENTATION_CONTEXT(2) 
PARAMETRIC_REPRESENTATION_CONTEXT() REPRESENTATION_CONTEXT('2D SPACE',''
  ) );
#691 = FACE_BOUND('',#692,.F.);
#692 = EDGE_LOOP('',(#693));
#693 = ORIENTED_EDGE('',*,*,#694,.F.);
#694 = EDGE_CURVE('',#695,#695,#697,.T.);
#695 = VERTEX_POINT('',#696);
#696 = CARTESIAN_POINT('',(10.,0.,258.8));
#697 = SURFACE_CURVE('',#698,(#703,#710),.PCURVE_S1.);
#698 = CIRCLE('',#699,3.8);
#699 = AXIS2_PLACEMENT_3D('',#700,#701,#702);
#700 = CARTESIAN_POINT('',(10.,0.,255.));
#701 = DIRECTION('',(0.,1.,0.));
#702 = DIRECTION('',(0.,-0.,1.));
#703 = PCURVE('',#118,#704);
#704 = DEFINITIONAL_REPRESENTATION('',(#705),#709);
#705 = CIRCLE('',#706,3.8);
#706 = AXIS2_PLACEMENT_2D('',#707,#708);
#707 = CARTESIAN_POINT('',(255.,10.));
#708 = DIRECTION('',(1.,0.));
#709 = ( GEOMETRIC_REPRESENTATION_CONTEXT(2) 
PARAMETRIC_REPRESENTATION_CONTEXT() REPRESENTATION_CONTEXT('2D SPACE',''
  ) );
#710 = PCURVE('',#711,#716);
#711 = CONICAL_SURFACE('',#712,3.85,0.785398163397);
#712 = AXIS2_PLACEMENT_3D('',#713,#714,#715);
#713 = CARTESIAN_POINT('',(10.,-5.E-02,255.));
#714 = DIRECTION('',(-0.,-1.,-0.));
#715 = DIRECTION('',(0.,-0.,1.));
#716 = DEFINITIONAL_REPRESENTATION('',(#717),#721);
#717 = LINE('',#718,#719);
#718 = CARTESIAN_POINT('',(-0.,-5.E-02));
#719 = VECTOR('',#720,1.);
#720 = DIRECTION('',(-1.,-0.));
#721 = ( GEOMETRIC_REPRESENTATION_CONTEXT(2) 
PARAMETRIC_REPRESENTATION_CONTEXT() REPRESENTATION_CONTEXT('2D SPACE',''
  ) );
#722 = FACE_BOUND('',#723,.F.);
#723 = EDGE_LOOP('',(#724));
#724 = ORIENTED_EDGE('',*,*,#725,.T.);
#725 = EDGE_CURVE('',#726,#726,#728,.T.);
#726 = VERTEX_POINT('',#727);
#727 = CARTESIAN_POINT('',(72.5,0.,148.5));
#728 = SURFACE_CURVE('',#729,(#734,#745),.PCURVE_S1.);
#729 = CIRCLE('',#730,6.);
#730 = AXIS2_PLACEMENT_3D('',#731,#732,#733);
#731 = CARTESIAN_POINT('',(72.5,0.,142.5));
#732 = DIRECTION('',(0.,-1.,0.));
#733 = DIRECTION('',(0.,0.,1.));
#734 = PCURVE('',#118,#735);
#735 = DEFINITIONAL_REPRESENTATION('',(#736),#744);
#736 = ( BOUNDED_CURVE() B_SPLINE_CURVE(2,(#737,#738,#739,#740,#741,#742
,#743),.UNSPECIFIED.,.T.,.F.) B_SPLINE_CURVE_WITH_KNOTS((1,2,2,2,2,1),(
    -2.094395102393,0.,2.094395102393,4.188790204786,6.28318530718,
8.377580409573),.UNSPECIFIED.) CURVE() GEOMETRIC_REPRESENTATION_ITEM() 
RATIONAL_B_SPLINE_CURVE((1.,0.5,1.,0.5,1.,0.5,1.)) REPRESENTATION_ITEM(
  '') );
#737 = CARTESIAN_POINT('',(148.5,72.5));
#738 = CARTESIAN_POINT('',(148.5,62.107695154587));
#739 = CARTESIAN_POINT('',(139.5,67.303847577293));
#740 = CARTESIAN_POINT('',(130.5,72.5));
#741 = CARTESIAN_POINT('',(139.5,77.696152422707));
#742 = CARTESIAN_POINT('',(148.5,82.892304845413));
#743 = CARTESIAN_POINT('',(148.5,72.5));
#744 = ( GEOMETRIC_REPRESENTATION_CONTEXT(2) 
PARAMETRIC_REPRESENTATION_CONTEXT() REPRESENTATION_CONTEXT('2D SPACE',''
  ) );
#745 = PCURVE('',#746,#751);
#746 = CYLINDRICAL_SURFACE('',#747,6.);
#747 = AXIS2_PLACEMENT_3D('',#748,#749,#750);
#748 = CARTESIAN_POINT('',(72.5,-1.E-02,142.5));
#749 = DIRECTION('',(-0.,-1.,-0.));
#750 = DIRECTION('',(0.,0.,1.));
#751 = DEFINITIONAL_REPRESENTATION('',(#752),#756);
#752 = LINE('',#753,#754);
#753 = CARTESIAN_POINT('',(-6.28318530718,-1.E-02));
#754 = VECTOR('',#755,1.);
#755 = DIRECTION('',(1.,-0.));
#756 = ( GEOMETRIC_REPRESENTATION_CONTEXT(2) 
PARAMETRIC_REPRESENTATION_CONTEXT() REPRESENTATION_CONTEXT('2D SPACE',''
  ) );
#757 = FACE_BOUND('',#758,.F.);
#758 = EDGE_LOOP('',(#759));
#759 = ORIENTED_EDGE('',*,*,#760,.T.);
#760 = EDGE_CURVE('',#761,#761,#763,.T.);
#761 = VERTEX_POINT('',#762);
#762 = CARTESIAN_POINT('',(72.5,0.,202.5));
#763 = SURFACE_CURVE('',#764,(#769,#780),.PCURVE_S1.);
#764 = CIRCLE('',#765,22.5);
#765 = AXIS2_PLACEMENT_3D('',#766,#767,#768);
#766 = CARTESIAN_POINT('',(72.5,0.,180.));
#767 = DIRECTION('',(0.,-1.,0.));
#768 = DIRECTION('',(0.,0.,1.));
#769 = PCURVE('',#118,#770);
#770 = DEFINITIONAL_REPRESENTATION('',(#771),#779);
#771 = ( BOUNDED_CURVE() B_SPLINE_CURVE(2,(#772,#773,#774,#775,#776,#777
,#778),.UNSPECIFIED.,.T.,.F.) B_SPLINE_CURVE_WITH_KNOTS((1,2,2,2,2,1),(
    -2.094395102393,0.,2.094395102393,4.188790204786,6.28318530718,
8.377580409573),.UNSPECIFIED.) CURVE() GEOMETRIC_REPRESENTATION_ITEM() 
RATIONAL_B_SPLINE_CURVE((1.,0.5,1.,0.5,1.,0.5,1.)) REPRESENTATION_ITEM(
  '') );
#772 = CARTESIAN_POINT('',(202.5,72.5));
#773 = CARTESIAN_POINT('',(202.5,33.5288568297));
#774 = CARTESIAN_POINT('',(168.75,53.01442841485));
#775 = CARTESIAN_POINT('',(135.,72.5));
#776 = CARTESIAN_POINT('',(168.75,91.98557158515));
#777 = CARTESIAN_POINT('',(202.5,111.4711431703));
#778 = CARTESIAN_POINT('',(202.5,72.5));
#779 = ( GEOMETRIC_REPRESENTATION_CONTEXT(2) 
PARAMETRIC_REPRESENTATION_CONTEXT() REPRESENTATION_CONTEXT('2D SPACE',''
  ) );
#780 = PCURVE('',#472,#781);
#781 = DEFINITIONAL_REPRESENTATION('',(#782),#786);
#782 = LINE('',#783,#784);
#783 = CARTESIAN_POINT('',(-6.28318530718,-1.E-02));
#784 = VECTOR('',#785,1.);
#785 = DIRECTION('',(1.,-0.));
#786 = ( GEOMETRIC_REPRESENTATION_CONTEXT(2) 
PARAMETRIC_REPRESENTATION_CONTEXT() REPRESENTATION_CONTEXT('2D SPACE',''
  ) );
#787 = FACE_BOUND('',#788,.F.);
#788 = EDGE_LOOP('',(#789));
#789 = ORIENTED_EDGE('',*,*,#790,.F.);
#790 = EDGE_CURVE('',#791,#791,#793,.T.);
#791 = VERTEX_POINT('',#792);
#792 = CARTESIAN_POINT('',(135.,0.,28.8));
#793 = SURFACE_CURVE('',#794,(#799,#806),.PCURVE_S1.);
#794 = CIRCLE('',#795,3.8);
#795 = AXIS2_PLACEMENT_3D('',#796,#797,#798);
#796 = CARTESIAN_POINT('',(135.,0.,25.));
#797 = DIRECTION('',(0.,1.,0.));
#798 = DIRECTION('',(0.,-0.,1.));
#799 = PCURVE('',#118,#800);
#800 = DEFINITIONAL_REPRESENTATION('',(#801),#805);
#801 = CIRCLE('',#802,3.8);
#802 = AXIS2_PLACEMENT_2D('',#803,#804);
#803 = CARTESIAN_POINT('',(25.,135.));
#804 = DIRECTION('',(1.,0.));
#805 = ( GEOMETRIC_REPRESENTATION_CONTEXT(2) 
PARAMETRIC_REPRESENTATION_CONTEXT() REPRESENTATION_CONTEXT('2D SPACE',''
  ) );
#806 = PCURVE('',#807,#812);
#807 = CONICAL_SURFACE('',#808,3.85,0.785398163397);
#808 = AXIS2_PLACEMENT_3D('',#809,#810,#811);
#809 = CARTESIAN_POINT('',(135.,-5.E-02,25.));
#810 = DIRECTION('',(-0.,-1.,-0.));
#811 = DIRECTION('',(0.,-0.,1.));
#812 = DEFINITIONAL_REPRESENTATION('',(#813),#817);
#813 = LINE('',#814,#815);
#814 = CARTESIAN_POINT('',(-0.,-5.E-02));
#815 = VECTOR('',#816,1.);
#816 = DIRECTION('',(-1.,-0.));
#817 = ( GEOMETRIC_REPRESENTATION_CONTEXT(2) 
PARAMETRIC_REPRESENTATION_CONTEXT() REPRESENTATION_CONTEXT('2D SPACE',''
  ) );
#818 = FACE_BOUND('',#819,.F.);
#819 = EDGE_LOOP('',(#820));
#820 = ORIENTED_EDGE('',*,*,#821,.F.);
#821 = EDGE_CURVE('',#822,#822,#824,.T.);
#822 = VERTEX_POINT('',#823);
#823 = CARTESIAN_POINT('',(135.,0.,143.8));
#824 = SURFACE_CURVE('',#825,(#830,#837),.PCURVE_S1.);
#825 = CIRCLE('',#826,3.8);
#826 = AXIS2_PLACEMENT_3D('',#827,#828,#829);
#827 = CARTESIAN_POINT('',(135.,0.,140.));
#828 = DIRECTION('',(0.,1.,0.));
#829 = DIRECTION('',(0.,-0.,1.));
#830 = PCURVE('',#118,#831);
#831 = DEFINITIONAL_REPRESENTATION('',(#832),#836);
#832 = CIRCLE('',#833,3.8);
#833 = AXIS2_PLACEMENT_2D('',#834,#835);
#834 = CARTESIAN_POINT('',(140.,135.));
#835 = DIRECTION('',(1.,0.));
#836 = ( GEOMETRIC_REPRESENTATION_CONTEXT(2) 
PARAMETRIC_REPRESENTATION_CONTEXT() REPRESENTATION_CONTEXT('2D SPACE',''
  ) );
#837 = PCURVE('',#838,#843);
#838 = CONICAL_SURFACE('',#839,3.85,0.785398163397);
#839 = AXIS2_PLACEMENT_3D('',#840,#841,#842);
#840 = CARTESIAN_POINT('',(135.,-5.E-02,140.));
#841 = DIRECTION('',(-0.,-1.,-0.));
#842 = DIRECTION('',(0.,-0.,1.));
#843 = DEFINITIONAL_REPRESENTATION('',(#844),#848);
#844 = LINE('',#845,#846);
#845 = CARTESIAN_POINT('',(-0.,-5.E-02));
#846 = VECTOR('',#847,1.);
#847 = DIRECTION('',(-1.,-0.));
#848 = ( GEOMETRIC_REPRESENTATION_CONTEXT(2) 
PARAMETRIC_REPRESENTATION_CONTEXT() REPRESENTATION_CONTEXT('2D SPACE',''
  ) );
#849 = FACE_BOUND('',#850,.F.);
#850 = EDGE_LOOP('',(#851));
#851 = ORIENTED_EDGE('',*,*,#852,.F.);
#852 = EDGE_CURVE('',#853,#853,#855,.T.);
#853 = VERTEX_POINT('',#854);
#854 = CARTESIAN_POINT('',(135.,0.,258.8));
#855 = SURFACE_CURVE('',#856,(#861,#868),.PCURVE_S1.);
#856 = CIRCLE('',#857,3.8);
#857 = AXIS2_PLACEMENT_3D('',#858,#859,#860);
#858 = CARTESIAN_POINT('',(135.,0.,255.));
#859 = DIRECTION('',(0.,1.,0.));
#860 = DIRECTION('',(0.,-0.,1.));
#861 = PCURVE('',#118,#862);
#862 = DEFINITIONAL_REPRESENTATION('',(#863),#867);
#863 = CIRCLE('',#864,3.8);
#864 = AXIS2_PLACEMENT_2D('',#865,#866);
#865 = CARTESIAN_POINT('',(255.,135.));
#866 = DIRECTION('',(1.,0.));
#867 = ( GEOMETRIC_REPRESENTATION_CONTEXT(2) 
PARAMETRIC_REPRESENTATION_CONTEXT() REPRESENTATION_CONTEXT('2D SPACE',''
  ) );
#868 = PCURVE('',#869,#874);
#869 = CONICAL_SURFACE('',#870,3.85,0.785398163397);
#870 = AXIS2_PLACEMENT_3D('',#871,#872,#873);
#871 = CARTESIAN_POINT('',(135.,-5.E-02,255.));
#872 = DIRECTION('',(-0.,-1.,-0.));
#873 = DIRECTION('',(0.,-0.,1.));
#874 = DEFINITIONAL_REPRESENTATION('',(#875),#879);
#875 = LINE('',#876,#877);
#876 = CARTESIAN_POINT('',(-0.,-5.E-02));
#877 = VECTOR('',#878,1.);
#878 = DIRECTION('',(-1.,-0.));
#879 = ( GEOMETRIC_REPRESENTATION_CONTEXT(2) 
PARAMETRIC_REPRESENTATION_CONTEXT() REPRESENTATION_CONTEXT('2D SPACE',''
  ) );
#880 = ADVANCED_FACE('',(#881,#887,#918),#248,.T.);
#881 = FACE_BOUND('',#882,.T.);
#882 = EDGE_LOOP('',(#883,#884,#885,#886));
#883 = ORIENTED_EDGE('',*,*,#234,.F.);
#884 = ORIENTED_EDGE('',*,*,#608,.T.);
#885 = ORIENTED_EDGE('',*,*,#582,.T.);
#886 = ORIENTED_EDGE('',*,*,#265,.F.);
#887 = FACE_BOUND('',#888,.T.);
#888 = EDGE_LOOP('',(#889));
#889 = ORIENTED_EDGE('',*,*,#890,.F.);
#890 = EDGE_CURVE('',#891,#891,#893,.T.);
#891 = VERTEX_POINT('',#892);
#892 = CARTESIAN_POINT('',(121.25,10.,280.));
#893 = SURFACE_CURVE('',#894,(#899,#906),.PCURVE_S1.);
#894 = CIRCLE('',#895,1.25);
#895 = AXIS2_PLACEMENT_3D('',#896,#897,#898);
#896 = CARTESIAN_POINT('',(120.,10.,280.));
#897 = DIRECTION('',(0.,-0.,1.));
#898 = DIRECTION('',(1.,0.,0.));
#899 = PCURVE('',#248,#900);
#900 = DEFINITIONAL_REPRESENTATION('',(#901),#905);
#901 = CIRCLE('',#902,1.25);
#902 = AXIS2_PLACEMENT_2D('',#903,#904);
#903 = CARTESIAN_POINT('',(10.,-120.));
#904 = DIRECTION('',(0.,-1.));
#905 = ( GEOMETRIC_REPRESENTATION_CONTEXT(2) 
PARAMETRIC_REPRESENTATION_CONTEXT() REPRESENTATION_CONTEXT('2D SPACE',''
  ) );
#906 = PCURVE('',#907,#912);
#907 = CYLINDRICAL_SURFACE('',#908,1.25);
#908 = AXIS2_PLACEMENT_3D('',#909,#910,#911);
#909 = CARTESIAN_POINT('',(120.,10.,280.05));
#910 = DIRECTION('',(-0.,-0.,1.));
#911 = DIRECTION('',(1.,0.,0.));
#912 = DEFINITIONAL_REPRESENTATION('',(#913),#917);
#913 = LINE('',#914,#915);
#914 = CARTESIAN_POINT('',(-6.28318530718,-5.000000000001E-02));
#915 = VECTOR('',#916,1.);
#916 = DIRECTION('',(1.,-0.));
#917 = ( GEOMETRIC_REPRESENTATION_CONTEXT(2) 
PARAMETRIC_REPRESENTATION_CONTEXT() REPRESENTATION_CONTEXT('2D SPACE',''
  ) );
#918 = FACE_BOUND('',#919,.T.);
#919 = EDGE_LOOP('',(#920));
#920 = ORIENTED_EDGE('',*,*,#921,.F.);
#921 = EDGE_CURVE('',#922,#922,#924,.T.);
#922 = VERTEX_POINT('',#923);
#923 = CARTESIAN_POINT('',(26.25,10.,280.));
#924 = SURFACE_CURVE('',#925,(#930,#937),.PCURVE_S1.);
#925 = CIRCLE('',#926,1.25);
#926 = AXIS2_PLACEMENT_3D('',#927,#928,#929);
#927 = CARTESIAN_POINT('',(25.,10.,280.));
#928 = DIRECTION('',(0.,-0.,1.));
#929 = DIRECTION('',(1.,0.,0.));
#930 = PCURVE('',#248,#931);
#931 = DEFINITIONAL_REPRESENTATION('',(#932),#936);
#932 = CIRCLE('',#933,1.25);
#933 = AXIS2_PLACEMENT_2D('',#934,#935);
#934 = CARTESIAN_POINT('',(10.,-25.));
#935 = DIRECTION('',(0.,-1.));
#936 = ( GEOMETRIC_REPRESENTATION_CONTEXT(2) 
PARAMETRIC_REPRESENTATION_CONTEXT() REPRESENTATION_CONTEXT('2D SPACE',''
  ) );
#937 = PCURVE('',#938,#943);
#938 = CYLINDRICAL_SURFACE('',#939,1.25);
#939 = AXIS2_PLACEMENT_3D('',#940,#941,#942);
#940 = CARTESIAN_POINT('',(25.,10.,280.05));
#941 = DIRECTION('',(-0.,-0.,1.));
#942 = DIRECTION('',(1.,0.,0.));
#943 = DEFINITIONAL_REPRESENTATION('',(#944),#948);
#944 = LINE('',#945,#946);
#945 = CARTESIAN_POINT('',(-6.28318530718,-5.000000000001E-02));
#946 = VECTOR('',#947,1.);
#947 = DIRECTION('',(1.,-0.));
#948 = ( GEOMETRIC_REPRESENTATION_CONTEXT(2) 
PARAMETRIC_REPRESENTATION_CONTEXT() REPRESENTATION_CONTEXT('2D SPACE',''
  ) );
#949 = ADVANCED_FACE('',(#950),#332,.F.);
#950 = FACE_BOUND('',#951,.T.);
#951 = EDGE_LOOP('',(#952,#975,#997,#998));
#952 = ORIENTED_EDGE('',*,*,#953,.F.);
#953 = EDGE_CURVE('',#954,#312,#956,.T.);
#954 = VERTEX_POINT('',#955);
#955 = CARTESIAN_POINT('',(10.,2.55,26.25));
#956 = SEAM_CURVE('',#957,(#961,#968),.PCURVE_S1.);
#957 = LINE('',#958,#959);
#958 = CARTESIAN_POINT('',(10.,-5.E-02,26.25));
#959 = VECTOR('',#960,1.);
#960 = DIRECTION('',(0.,1.,0.));
#961 = PCURVE('',#332,#962);
#962 = DEFINITIONAL_REPRESENTATION('',(#963),#967);
#963 = LINE('',#964,#965);
#964 = CARTESIAN_POINT('',(-6.28318530718,0.));
#965 = VECTOR('',#966,1.);
#966 = DIRECTION('',(-0.,-1.));
#967 = ( GEOMETRIC_REPRESENTATION_CONTEXT(2) 
PARAMETRIC_REPRESENTATION_CONTEXT() REPRESENTATION_CONTEXT('2D SPACE',''
  ) );
#968 = PCURVE('',#332,#969);
#969 = DEFINITIONAL_REPRESENTATION('',(#970),#974);
#970 = LINE('',#971,#972);
#971 = CARTESIAN_POINT('',(-0.,0.));
#972 = VECTOR('',#973,1.);
#973 = DIRECTION('',(-0.,-1.));
#974 = ( GEOMETRIC_REPRESENTATION_CONTEXT(2) 
PARAMETRIC_REPRESENTATION_CONTEXT() REPRESENTATION_CONTEXT('2D SPACE',''
  ) );
#975 = ORIENTED_EDGE('',*,*,#976,.F.);
#976 = EDGE_CURVE('',#954,#954,#977,.T.);
#977 = SURFACE_CURVE('',#978,(#983,#990),.PCURVE_S1.);
#978 = CIRCLE('',#979,1.25);
#979 = AXIS2_PLACEMENT_3D('',#980,#981,#982);
#980 = CARTESIAN_POINT('',(10.,2.55,25.));
#981 = DIRECTION('',(0.,1.,0.));
#982 = DIRECTION('',(0.,-0.,1.));
#983 = PCURVE('',#332,#984);
#984 = DEFINITIONAL_REPRESENTATION('',(#985),#989);
#985 = LINE('',#986,#987);
#986 = CARTESIAN_POINT('',(-0.,-2.6));
#987 = VECTOR('',#988,1.);
#988 = DIRECTION('',(-1.,0.));
#989 = ( GEOMETRIC_REPRESENTATION_CONTEXT(2) 
PARAMETRIC_REPRESENTATION_CONTEXT() REPRESENTATION_CONTEXT('2D SPACE',''
  ) );
#990 = PCURVE('',#649,#991);
#991 = DEFINITIONAL_REPRESENTATION('',(#992),#996);
#992 = LINE('',#993,#994);
#993 = CARTESIAN_POINT('',(-0.,-2.6));
#994 = VECTOR('',#995,1.);
#995 = DIRECTION('',(-1.,-0.));
#996 = ( GEOMETRIC_REPRESENTATION_CONTEXT(2) 
PARAMETRIC_REPRESENTATION_CONTEXT() REPRESENTATION_CONTEXT('2D SPACE',''
  ) );
#997 = ORIENTED_EDGE('',*,*,#953,.T.);
#998 = ORIENTED_EDGE('',*,*,#311,.F.);
#999 = ADVANCED_FACE('',(#1000),#367,.F.);
#1000 = FACE_BOUND('',#1001,.T.);
#1001 = EDGE_LOOP('',(#1002,#1025,#1047,#1048));
#1002 = ORIENTED_EDGE('',*,*,#1003,.F.);
#1003 = EDGE_CURVE('',#1004,#347,#1006,.T.);
#1004 = VERTEX_POINT('',#1005);
#1005 = CARTESIAN_POINT('',(10.,2.55,141.25));
#1006 = SEAM_CURVE('',#1007,(#1011,#1018),.PCURVE_S1.);
#1007 = LINE('',#1008,#1009);
#1008 = CARTESIAN_POINT('',(10.,-5.E-02,141.25));
#1009 = VECTOR('',#1010,1.);
#1010 = DIRECTION('',(0.,1.,0.));
#1011 = PCURVE('',#367,#1012);
#1012 = DEFINITIONAL_REPRESENTATION('',(#1013),#1017);
#1013 = LINE('',#1014,#1015);
#1014 = CARTESIAN_POINT('',(-6.28318530718,0.));
#1015 = VECTOR('',#1016,1.);
#1016 = DIRECTION('',(-0.,-1.));
#1017 = ( GEOMETRIC_REPRESENTATION_CONTEXT(2) 
PARAMETRIC_REPRESENTATION_CONTEXT() REPRESENTATION_CONTEXT('2D SPACE',''
  ) );
#1018 = PCURVE('',#367,#1019);
#1019 = DEFINITIONAL_REPRESENTATION('',(#1020),#1024);
#1020 = LINE('',#1021,#1022);
#1021 = CARTESIAN_POINT('',(-0.,0.));
#1022 = VECTOR('',#1023,1.);
#1023 = DIRECTION('',(-0.,-1.));
#1024 = ( GEOMETRIC_REPRESENTATION_CONTEXT(2) 
PARAMETRIC_REPRESENTATION_CONTEXT() REPRESENTATION_CONTEXT('2D SPACE',''
  ) );
#1025 = ORIENTED_EDGE('',*,*,#1026,.F.);
#1026 = EDGE_CURVE('',#1004,#1004,#1027,.T.);
#1027 = SURFACE_CURVE('',#1028,(#1033,#1040),.PCURVE_S1.);
#1028 = CIRCLE('',#1029,1.25);
#1029 = AXIS2_PLACEMENT_3D('',#1030,#1031,#1032);
#1030 = CARTESIAN_POINT('',(10.,2.55,140.));
#1031 = DIRECTION('',(0.,1.,0.));
#1032 = DIRECTION('',(0.,-0.,1.));
#1033 = PCURVE('',#367,#1034);
#1034 = DEFINITIONAL_REPRESENTATION('',(#1035),#1039);
#1035 = LINE('',#1036,#1037);
#1036 = CARTESIAN_POINT('',(-0.,-2.6));
#1037 = VECTOR('',#1038,1.);
#1038 = DIRECTION('',(-1.,0.));
#1039 = ( GEOMETRIC_REPRESENTATION_CONTEXT(2) 
PARAMETRIC_REPRESENTATION_CONTEXT() REPRESENTATION_CONTEXT('2D SPACE',''
  ) );
#1040 = PCURVE('',#680,#1041);
#1041 = DEFINITIONAL_REPRESENTATION('',(#1042),#1046);
#1042 = LINE('',#1043,#1044);
#1043 = CARTESIAN_POINT('',(-0.,-2.6));
#1044 = VECTOR('',#1045,1.);
#1045 = DIRECTION('',(-1.,-0.));
#1046 = ( GEOMETRIC_REPRESENTATION_CONTEXT(2) 
PARAMETRIC_REPRESENTATION_CONTEXT() REPRESENTATION_CONTEXT('2D SPACE',''
  ) );
#1047 = ORIENTED_EDGE('',*,*,#1003,.T.);
#1048 = ORIENTED_EDGE('',*,*,#346,.F.);
#1049 = ADVANCED_FACE('',(#1050),#402,.F.);
#1050 = FACE_BOUND('',#1051,.T.);
#1051 = EDGE_LOOP('',(#1052,#1075,#1097,#1098));
#1052 = ORIENTED_EDGE('',*,*,#1053,.F.);
#1053 = EDGE_CURVE('',#1054,#382,#1056,.T.);
#1054 = VERTEX_POINT('',#1055);
#1055 = CARTESIAN_POINT('',(10.,2.55,256.25));
#1056 = SEAM_CURVE('',#1057,(#1061,#1068),.PCURVE_S1.);
#1057 = LINE('',#1058,#1059);
#1058 = CARTESIAN_POINT('',(10.,-5.E-02,256.25));
#1059 = VECTOR('',#1060,1.);
#1060 = DIRECTION('',(0.,1.,0.));
#1061 = PCURVE('',#402,#1062);
#1062 = DEFINITIONAL_REPRESENTATION('',(#1063),#1067);
#1063 = LINE('',#1064,#1065);
#1064 = CARTESIAN_POINT('',(-6.28318530718,0.));
#1065 = VECTOR('',#1066,1.);
#1066 = DIRECTION('',(-0.,-1.));
#1067 = ( GEOMETRIC_REPRESENTATION_CONTEXT(2) 
PARAMETRIC_REPRESENTATION_CONTEXT() REPRESENTATION_CONTEXT('2D SPACE',''
  ) );
#1068 = PCURVE('',#402,#1069);
#1069 = DEFINITIONAL_REPRESENTATION('',(#1070),#1074);
#1070 = LINE('',#1071,#1072);
#1071 = CARTESIAN_POINT('',(-0.,0.));
#1072 = VECTOR('',#1073,1.);
#1073 = DIRECTION('',(-0.,-1.));
#1074 = ( GEOMETRIC_REPRESENTATION_CONTEXT(2) 
PARAMETRIC_REPRESENTATION_CONTEXT() REPRESENTATION_CONTEXT('2D SPACE',''
  ) );
#1075 = ORIENTED_EDGE('',*,*,#1076,.F.);
#1076 = EDGE_CURVE('',#1054,#1054,#1077,.T.);
#1077 = SURFACE_CURVE('',#1078,(#1083,#1090),.PCURVE_S1.);
#1078 = CIRCLE('',#1079,1.25);
#1079 = AXIS2_PLACEMENT_3D('',#1080,#1081,#1082);
#1080 = CARTESIAN_POINT('',(10.,2.55,255.));
#1081 = DIRECTION('',(0.,1.,0.));
#1082 = DIRECTION('',(0.,-0.,1.));
#1083 = PCURVE('',#402,#1084);
#1084 = DEFINITIONAL_REPRESENTATION('',(#1085),#1089);
#1085 = LINE('',#1086,#1087);
#1086 = CARTESIAN_POINT('',(-0.,-2.6));
#1087 = VECTOR('',#1088,1.);
#1088 = DIRECTION('',(-1.,0.));
#1089 = ( GEOMETRIC_REPRESENTATION_CONTEXT(2) 
PARAMETRIC_REPRESENTATION_CONTEXT() REPRESENTATION_CONTEXT('2D SPACE',''
  ) );
#1090 = PCURVE('',#711,#1091);
#1091 = DEFINITIONAL_REPRESENTATION('',(#1092),#1096);
#1092 = LINE('',#1093,#1094);
#1093 = CARTESIAN_POINT('',(-0.,-2.6));
#1094 = VECTOR('',#1095,1.);
#1095 = DIRECTION('',(-1.,-0.));
#1096 = ( GEOMETRIC_REPRESENTATION_CONTEXT(2) 
PARAMETRIC_REPRESENTATION_CONTEXT() REPRESENTATION_CONTEXT('2D SPACE',''
  ) );
#1097 = ORIENTED_EDGE('',*,*,#1053,.T.);
#1098 = ORIENTED_EDGE('',*,*,#381,.F.);
#1099 = ADVANCED_FACE('',(#1100),#437,.F.);
#1100 = FACE_BOUND('',#1101,.T.);
#1101 = EDGE_LOOP('',(#1102,#1125,#1147,#1148));
#1102 = ORIENTED_EDGE('',*,*,#1103,.F.);
#1103 = EDGE_CURVE('',#1104,#417,#1106,.T.);
#1104 = VERTEX_POINT('',#1105);
#1105 = CARTESIAN_POINT('',(135.,2.55,26.25));
#1106 = SEAM_CURVE('',#1107,(#1111,#1118),.PCURVE_S1.);
#1107 = LINE('',#1108,#1109);
#1108 = CARTESIAN_POINT('',(135.,-5.E-02,26.25));
#1109 = VECTOR('',#1110,1.);
#1110 = DIRECTION('',(0.,1.,0.));
#1111 = PCURVE('',#437,#1112);
#1112 = DEFINITIONAL_REPRESENTATION('',(#1113),#1117);
#1113 = LINE('',#1114,#1115);
#1114 = CARTESIAN_POINT('',(-6.28318530718,0.));
#1115 = VECTOR('',#1116,1.);
#1116 = DIRECTION('',(-0.,-1.));
#1117 = ( GEOMETRIC_REPRESENTATION_CONTEXT(2) 
PARAMETRIC_REPRESENTATION_CONTEXT() REPRESENTATION_CONTEXT('2D SPACE',''
  ) );
#1118 = PCURVE('',#437,#1119);
#1119 = DEFINITIONAL_REPRESENTATION('',(#1120),#1124);
#1120 = LINE('',#1121,#1122);
#1121 = CARTESIAN_POINT('',(-0.,0.));
#1122 = VECTOR('',#1123,1.);
#1123 = DIRECTION('',(-0.,-1.));
#1124 = ( GEOMETRIC_REPRESENTATION_CONTEXT(2) 
PARAMETRIC_REPRESENTATION_CONTEXT() REPRESENTATION_CONTEXT('2D SPACE',''
  ) );
#1125 = ORIENTED_EDGE('',*,*,#1126,.F.);
#1126 = EDGE_CURVE('',#1104,#1104,#1127,.T.);
#1127 = SURFACE_CURVE('',#1128,(#1133,#1140),.PCURVE_S1.);
#1128 = CIRCLE('',#1129,1.25);
#1129 = AXIS2_PLACEMENT_3D('',#1130,#1131,#1132);
#1130 = CARTESIAN_POINT('',(135.,2.55,25.));
#1131 = DIRECTION('',(0.,1.,0.));
#1132 = DIRECTION('',(0.,-0.,1.));
#1133 = PCURVE('',#437,#1134);
#1134 = DEFINITIONAL_REPRESENTATION('',(#1135),#1139);
#1135 = LINE('',#1136,#1137);
#1136 = CARTESIAN_POINT('',(-0.,-2.6));
#1137 = VECTOR('',#1138,1.);
#1138 = DIRECTION('',(-1.,0.));
#1139 = ( GEOMETRIC_REPRESENTATION_CONTEXT(2) 
PARAMETRIC_REPRESENTATION_CONTEXT() REPRESENTATION_CONTEXT('2D SPACE',''
  ) );
#1140 = PCURVE('',#807,#1141);
#1141 = DEFINITIONAL_REPRESENTATION('',(#1142),#1146);
#1142 = LINE('',#1143,#1144);
#1143 = CARTESIAN_POINT('',(-0.,-2.6));
#1144 = VECTOR('',#1145,1.);
#1145 = DIRECTION('',(-1.,-0.));
#1146 = ( GEOMETRIC_REPRESENTATION_CONTEXT(2) 
PARAMETRIC_REPRESENTATION_CONTEXT() REPRESENTATION_CONTEXT('2D SPACE',''
  ) );
#1147 = ORIENTED_EDGE('',*,*,#1103,.T.);
#1148 = ORIENTED_EDGE('',*,*,#416,.F.);
#1149 = ADVANCED_FACE('',(#1150),#472,.F.);
#1150 = FACE_BOUND('',#1151,.T.);
#1151 = EDGE_LOOP('',(#1152,#1153,#1174,#1175));
#1152 = ORIENTED_EDGE('',*,*,#760,.T.);
#1153 = ORIENTED_EDGE('',*,*,#1154,.T.);
#1154 = EDGE_CURVE('',#761,#452,#1155,.T.);
#1155 = SEAM_CURVE('',#1156,(#1160,#1167),.PCURVE_S1.);
#1156 = LINE('',#1157,#1158);
#1157 = CARTESIAN_POINT('',(72.5,-1.E-02,202.5));
#1158 = VECTOR('',#1159,1.);
#1159 = DIRECTION('',(0.,1.,0.));
#1160 = PCURVE('',#472,#1161);
#1161 = DEFINITIONAL_REPRESENTATION('',(#1162),#1166);
#1162 = LINE('',#1163,#1164);
#1163 = CARTESIAN_POINT('',(-6.28318530718,0.));
#1164 = VECTOR('',#1165,1.);
#1165 = DIRECTION('',(-0.,-1.));
#1166 = ( GEOMETRIC_REPRESENTATION_CONTEXT(2) 
PARAMETRIC_REPRESENTATION_CONTEXT() REPRESENTATION_CONTEXT('2D SPACE',''
  ) );
#1167 = PCURVE('',#472,#1168);
#1168 = DEFINITIONAL_REPRESENTATION('',(#1169),#1173);
#1169 = LINE('',#1170,#1171);
#1170 = CARTESIAN_POINT('',(-0.,0.));
#1171 = VECTOR('',#1172,1.);
#1172 = DIRECTION('',(-0.,-1.));
#1173 = ( GEOMETRIC_REPRESENTATION_CONTEXT(2) 
PARAMETRIC_REPRESENTATION_CONTEXT() REPRESENTATION_CONTEXT('2D SPACE',''
  ) );
#1174 = ORIENTED_EDGE('',*,*,#451,.F.);
#1175 = ORIENTED_EDGE('',*,*,#1154,.F.);
#1176 = ADVANCED_FACE('',(#1177),#507,.F.);
#1177 = FACE_BOUND('',#1178,.T.);
#1178 = EDGE_LOOP('',(#1179,#1202,#1224,#1225));
#1179 = ORIENTED_EDGE('',*,*,#1180,.F.);
#1180 = EDGE_CURVE('',#1181,#487,#1183,.T.);
#1181 = VERTEX_POINT('',#1182);
#1182 = CARTESIAN_POINT('',(135.,2.55,141.25));
#1183 = SEAM_CURVE('',#1184,(#1188,#1195),.PCURVE_S1.);
#1184 = LINE('',#1185,#1186);
#1185 = CARTESIAN_POINT('',(135.,-5.E-02,141.25));
#1186 = VECTOR('',#1187,1.);
#1187 = DIRECTION('',(0.,1.,0.));
#1188 = PCURVE('',#507,#1189);
#1189 = DEFINITIONAL_REPRESENTATION('',(#1190),#1194);
#1190 = LINE('',#1191,#1192);
#1191 = CARTESIAN_POINT('',(-6.28318530718,0.));
#1192 = VECTOR('',#1193,1.);
#1193 = DIRECTION('',(-0.,-1.));
#1194 = ( GEOMETRIC_REPRESENTATION_CONTEXT(2) 
PARAMETRIC_REPRESENTATION_CONTEXT() REPRESENTATION_CONTEXT('2D SPACE',''
  ) );
#1195 = PCURVE('',#507,#1196);
#1196 = DEFINITIONAL_REPRESENTATION('',(#1197),#1201);
#1197 = LINE('',#1198,#1199);
#1198 = CARTESIAN_POINT('',(-0.,0.));
#1199 = VECTOR('',#1200,1.);
#1200 = DIRECTION('',(-0.,-1.));
#1201 = ( GEOMETRIC_REPRESENTATION_CONTEXT(2) 
PARAMETRIC_REPRESENTATION_CONTEXT() REPRESENTATION_CONTEXT('2D SPACE',''
  ) );
#1202 = ORIENTED_EDGE('',*,*,#1203,.F.);
#1203 = EDGE_CURVE('',#1181,#1181,#1204,.T.);
#1204 = SURFACE_CURVE('',#1205,(#1210,#1217),.PCURVE_S1.);
#1205 = CIRCLE('',#1206,1.25);
#1206 = AXIS2_PLACEMENT_3D('',#1207,#1208,#1209);
#1207 = CARTESIAN_POINT('',(135.,2.55,140.));
#1208 = DIRECTION('',(0.,1.,0.));
#1209 = DIRECTION('',(0.,-0.,1.));
#1210 = PCURVE('',#507,#1211);
#1211 = DEFINITIONAL_REPRESENTATION('',(#1212),#1216);
#1212 = LINE('',#1213,#1214);
#1213 = CARTESIAN_POINT('',(-0.,-2.6));
#1214 = VECTOR('',#1215,1.);
#1215 = DIRECTION('',(-1.,0.));
#1216 = ( GEOMETRIC_REPRESENTATION_CONTEXT(2) 
PARAMETRIC_REPRESENTATION_CONTEXT() REPRESENTATION_CONTEXT('2D SPACE',''
  ) );
#1217 = PCURVE('',#838,#1218);
#1218 = DEFINITIONAL_REPRESENTATION('',(#1219),#1223);
#1219 = LINE('',#1220,#1221);
#1220 = CARTESIAN_POINT('',(-0.,-2.6));
#1221 = VECTOR('',#1222,1.);
#1222 = DIRECTION('',(-1.,-0.));
#1223 = ( GEOMETRIC_REPRESENTATION_CONTEXT(2) 
PARAMETRIC_REPRESENTATION_CONTEXT() REPRESENTATION_CONTEXT('2D SPACE',''
  ) );
#1224 = ORIENTED_EDGE('',*,*,#1180,.T.);
#1225 = ORIENTED_EDGE('',*,*,#486,.F.);
#1226 = ADVANCED_FACE('',(#1227),#542,.F.);
#1227 = FACE_BOUND('',#1228,.T.);
#1228 = EDGE_LOOP('',(#1229,#1252,#1274,#1275));
#1229 = ORIENTED_EDGE('',*,*,#1230,.F.);
#1230 = EDGE_CURVE('',#1231,#522,#1233,.T.);
#1231 = VERTEX_POINT('',#1232);
#1232 = CARTESIAN_POINT('',(135.,2.55,256.25));
#1233 = SEAM_CURVE('',#1234,(#1238,#1245),.PCURVE_S1.);
#1234 = LINE('',#1235,#1236);
#1235 = CARTESIAN_POINT('',(135.,-5.E-02,256.25));
#1236 = VECTOR('',#1237,1.);
#1237 = DIRECTION('',(0.,1.,0.));
#1238 = PCURVE('',#542,#1239);
#1239 = DEFINITIONAL_REPRESENTATION('',(#1240),#1244);
#1240 = LINE('',#1241,#1242);
#1241 = CARTESIAN_POINT('',(-6.28318530718,0.));
#1242 = VECTOR('',#1243,1.);
#1243 = DIRECTION('',(-0.,-1.));
#1244 = ( GEOMETRIC_REPRESENTATION_CONTEXT(2) 
PARAMETRIC_REPRESENTATION_CONTEXT() REPRESENTATION_CONTEXT('2D SPACE',''
  ) );
#1245 = PCURVE('',#542,#1246);
#1246 = DEFINITIONAL_REPRESENTATION('',(#1247),#1251);
#1247 = LINE('',#1248,#1249);
#1248 = CARTESIAN_POINT('',(-0.,0.));
#1249 = VECTOR('',#1250,1.);
#1250 = DIRECTION('',(-0.,-1.));
#1251 = ( GEOMETRIC_REPRESENTATION_CONTEXT(2) 
PARAMETRIC_REPRESENTATION_CONTEXT() REPRESENTATION_CONTEXT('2D SPACE',''
  ) );
#1252 = ORIENTED_EDGE('',*,*,#1253,.F.);
#1253 = EDGE_CURVE('',#1231,#1231,#1254,.T.);
#1254 = SURFACE_CURVE('',#1255,(#1260,#1267),.PCURVE_S1.);
#1255 = CIRCLE('',#1256,1.25);
#1256 = AXIS2_PLACEMENT_3D('',#1257,#1258,#1259);
#1257 = CARTESIAN_POINT('',(135.,2.55,255.));
#1258 = DIRECTION('',(0.,1.,0.));
#1259 = DIRECTION('',(0.,-0.,1.));
#1260 = PCURVE('',#542,#1261);
#1261 = DEFINITIONAL_REPRESENTATION('',(#1262),#1266);
#1262 = LINE('',#1263,#1264);
#1263 = CARTESIAN_POINT('',(-0.,-2.6));
#1264 = VECTOR('',#1265,1.);
#1265 = DIRECTION('',(-1.,0.));
#1266 = ( GEOMETRIC_REPRESENTATION_CONTEXT(2) 
PARAMETRIC_REPRESENTATION_CONTEXT() REPRESENTATION_CONTEXT('2D SPACE',''
  ) );
#1267 = PCURVE('',#869,#1268);
#1268 = DEFINITIONAL_REPRESENTATION('',(#1269),#1273);
#1269 = LINE('',#1270,#1271);
#1270 = CARTESIAN_POINT('',(-0.,-2.6));
#1271 = VECTOR('',#1272,1.);
#1272 = DIRECTION('',(-1.,-0.));
#1273 = ( GEOMETRIC_REPRESENTATION_CONTEXT(2) 
PARAMETRIC_REPRESENTATION_CONTEXT() REPRESENTATION_CONTEXT('2D SPACE',''
  ) );
#1274 = ORIENTED_EDGE('',*,*,#1230,.T.);
#1275 = ORIENTED_EDGE('',*,*,#521,.F.);
#1276 = ADVANCED_FACE('',(#1277),#649,.F.);
#1277 = FACE_BOUND('',#1278,.F.);
#1278 = EDGE_LOOP('',(#1279,#1300,#1301,#1302));
#1279 = ORIENTED_EDGE('',*,*,#1280,.T.);
#1280 = EDGE_CURVE('',#633,#954,#1281,.T.);
#1281 = SEAM_CURVE('',#1282,(#1286,#1293),.PCURVE_S1.);
#1282 = LINE('',#1283,#1284);
#1283 = CARTESIAN_POINT('',(10.,-5.E-02,28.85));
#1284 = VECTOR('',#1285,1.);
#1285 = DIRECTION('',(1.731912112471E-16,0.707106781187,-0.707106781187)
  );
#1286 = PCURVE('',#649,#1287);
#1287 = DEFINITIONAL_REPRESENTATION('',(#1288),#1292);
#1288 = LINE('',#1289,#1290);
#1289 = CARTESIAN_POINT('',(-6.28318530718,0.));
#1290 = VECTOR('',#1291,1.);
#1291 = DIRECTION('',(-0.,-1.));
#1292 = ( GEOMETRIC_REPRESENTATION_CONTEXT(2) 
PARAMETRIC_REPRESENTATION_CONTEXT() REPRESENTATION_CONTEXT('2D SPACE',''
  ) );
#1293 = PCURVE('',#649,#1294);
#1294 = DEFINITIONAL_REPRESENTATION('',(#1295),#1299);
#1295 = LINE('',#1296,#1297);
#1296 = CARTESIAN_POINT('',(0.,-0.));
#1297 = VECTOR('',#1298,1.);
#1298 = DIRECTION('',(-0.,-1.));
#1299 = ( GEOMETRIC_REPRESENTATION_CONTEXT(2) 
PARAMETRIC_REPRESENTATION_CONTEXT() REPRESENTATION_CONTEXT('2D SPACE',''
  ) );
#1300 = ORIENTED_EDGE('',*,*,#976,.F.);
#1301 = ORIENTED_EDGE('',*,*,#1280,.F.);
#1302 = ORIENTED_EDGE('',*,*,#632,.T.);
#1303 = ADVANCED_FACE('',(#1304),#680,.F.);
#1304 = FACE_BOUND('',#1305,.F.);
#1305 = EDGE_LOOP('',(#1306,#1327,#1328,#1329));
#1306 = ORIENTED_EDGE('',*,*,#1307,.T.);
#1307 = EDGE_CURVE('',#664,#1004,#1308,.T.);
#1308 = SEAM_CURVE('',#1309,(#1313,#1320),.PCURVE_S1.);
#1309 = LINE('',#1310,#1311);
#1310 = CARTESIAN_POINT('',(10.,-5.E-02,143.85));
#1311 = VECTOR('',#1312,1.);
#1312 = DIRECTION('',(1.731912112471E-16,0.707106781187,-0.707106781187)
  );
#1313 = PCURVE('',#680,#1314);
#1314 = DEFINITIONAL_REPRESENTATION('',(#1315),#1319);
#1315 = LINE('',#1316,#1317);
#1316 = CARTESIAN_POINT('',(-6.28318530718,0.));
#1317 = VECTOR('',#1318,1.);
#1318 = DIRECTION('',(-0.,-1.));
#1319 = ( GEOMETRIC_REPRESENTATION_CONTEXT(2) 
PARAMETRIC_REPRESENTATION_CONTEXT() REPRESENTATION_CONTEXT('2D SPACE',''
  ) );
#1320 = PCURVE('',#680,#1321);
#1321 = DEFINITIONAL_REPRESENTATION('',(#1322),#1326);
#1322 = LINE('',#1323,#1324);
#1323 = CARTESIAN_POINT('',(0.,-0.));
#1324 = VECTOR('',#1325,1.);
#1325 = DIRECTION('',(-0.,-1.));
#1326 = ( GEOMETRIC_REPRESENTATION_CONTEXT(2) 
PARAMETRIC_REPRESENTATION_CONTEXT() REPRESENTATION_CONTEXT('2D SPACE',''
  ) );
#1327 = ORIENTED_EDGE('',*,*,#1026,.F.);
#1328 = ORIENTED_EDGE('',*,*,#1307,.F.);
#1329 = ORIENTED_EDGE('',*,*,#663,.T.);
#1330 = ADVANCED_FACE('',(#1331),#711,.F.);
#1331 = FACE_BOUND('',#1332,.F.);
#1332 = EDGE_LOOP('',(#1333,#1354,#1355,#1356));
#1333 = ORIENTED_EDGE('',*,*,#1334,.T.);
#1334 = EDGE_CURVE('',#695,#1054,#1335,.T.);
#1335 = SEAM_CURVE('',#1336,(#1340,#1347),.PCURVE_S1.);
#1336 = LINE('',#1337,#1338);
#1337 = CARTESIAN_POINT('',(10.,-5.000000000001E-02,258.85));
#1338 = VECTOR('',#1339,1.);
#1339 = DIRECTION('',(1.731912112471E-16,0.707106781187,-0.707106781187)
  );
#1340 = PCURVE('',#711,#1341);
#1341 = DEFINITIONAL_REPRESENTATION('',(#1342),#1346);
#1342 = LINE('',#1343,#1344);
#1343 = CARTESIAN_POINT('',(-6.28318530718,0.));
#1344 = VECTOR('',#1345,1.);
#1345 = DIRECTION('',(-0.,-1.));
#1346 = ( GEOMETRIC_REPRESENTATION_CONTEXT(2) 
PARAMETRIC_REPRESENTATION_CONTEXT() REPRESENTATION_CONTEXT('2D SPACE',''
  ) );
#1347 = PCURVE('',#711,#1348);
#1348 = DEFINITIONAL_REPRESENTATION('',(#1349),#1353);
#1349 = LINE('',#1350,#1351);
#1350 = CARTESIAN_POINT('',(0.,-0.));
#1351 = VECTOR('',#1352,1.);
#1352 = DIRECTION('',(-0.,-1.));
#1353 = ( GEOMETRIC_REPRESENTATION_CONTEXT(2) 
PARAMETRIC_REPRESENTATION_CONTEXT() REPRESENTATION_CONTEXT('2D SPACE',''
  ) );
#1354 = ORIENTED_EDGE('',*,*,#1076,.F.);
#1355 = ORIENTED_EDGE('',*,*,#1334,.F.);
#1356 = ORIENTED_EDGE('',*,*,#694,.T.);
#1357 = ADVANCED_FACE('',(#1358),#746,.F.);
#1358 = FACE_BOUND('',#1359,.T.);
#1359 = EDGE_LOOP('',(#1360,#1361,#1384,#1411));
#1360 = ORIENTED_EDGE('',*,*,#725,.T.);
#1361 = ORIENTED_EDGE('',*,*,#1362,.T.);
#1362 = EDGE_CURVE('',#726,#1363,#1365,.T.);
#1363 = VERTEX_POINT('',#1364);
#1364 = CARTESIAN_POINT('',(72.5,15.01,148.5));
#1365 = SEAM_CURVE('',#1366,(#1370,#1377),.PCURVE_S1.);
#1366 = LINE('',#1367,#1368);
#1367 = CARTESIAN_POINT('',(72.5,-1.E-02,148.5));
#1368 = VECTOR('',#1369,1.);
#1369 = DIRECTION('',(0.,1.,0.));
#1370 = PCURVE('',#746,#1371);
#1371 = DEFINITIONAL_REPRESENTATION('',(#1372),#1376);
#1372 = LINE('',#1373,#1374);
#1373 = CARTESIAN_POINT('',(-6.28318530718,0.));
#1374 = VECTOR('',#1375,1.);
#1375 = DIRECTION('',(-0.,-1.));
#1376 = ( GEOMETRIC_REPRESENTATION_CONTEXT(2) 
PARAMETRIC_REPRESENTATION_CONTEXT() REPRESENTATION_CONTEXT('2D SPACE',''
  ) );
#1377 = PCURVE('',#746,#1378);
#1378 = DEFINITIONAL_REPRESENTATION('',(#1379),#1383);
#1379 = LINE('',#1380,#1381);
#1380 = CARTESIAN_POINT('',(-0.,0.));
#1381 = VECTOR('',#1382,1.);
#1382 = DIRECTION('',(-0.,-1.));
#1383 = ( GEOMETRIC_REPRESENTATION_CONTEXT(2) 
PARAMETRIC_REPRESENTATION_CONTEXT() REPRESENTATION_CONTEXT('2D SPACE',''
  ) );
#1384 = ORIENTED_EDGE('',*,*,#1385,.T.);
#1385 = EDGE_CURVE('',#1363,#1363,#1386,.T.);
#1386 = SURFACE_CURVE('',#1387,(#1392,#1399),.PCURVE_S1.);
#1387 = CIRCLE('',#1388,6.);
#1388 = AXIS2_PLACEMENT_3D('',#1389,#1390,#1391);
#1389 = CARTESIAN_POINT('',(72.5,15.01,142.5));
#1390 = DIRECTION('',(0.,1.,0.));
#1391 = DIRECTION('',(0.,0.,1.));
#1392 = PCURVE('',#746,#1393);
#1393 = DEFINITIONAL_REPRESENTATION('',(#1394),#1398);
#1394 = LINE('',#1395,#1396);
#1395 = CARTESIAN_POINT('',(-0.,-15.02));
#1396 = VECTOR('',#1397,1.);
#1397 = DIRECTION('',(-1.,0.));
#1398 = ( GEOMETRIC_REPRESENTATION_CONTEXT(2) 
PARAMETRIC_REPRESENTATION_CONTEXT() REPRESENTATION_CONTEXT('2D SPACE',''
  ) );
#1399 = PCURVE('',#1400,#1405);
#1400 = PLANE('',#1401);
#1401 = AXIS2_PLACEMENT_3D('',#1402,#1403,#1404);
#1402 = CARTESIAN_POINT('',(72.5,15.01,142.5));
#1403 = DIRECTION('',(0.,1.,0.));
#1404 = DIRECTION('',(0.,0.,1.));
#1405 = DEFINITIONAL_REPRESENTATION('',(#1406),#1410);
#1406 = CIRCLE('',#1407,6.);
#1407 = AXIS2_PLACEMENT_2D('',#1408,#1409);
#1408 = CARTESIAN_POINT('',(2.84217094304E-14,0.));
#1409 = DIRECTION('',(1.,0.));
#1410 = ( GEOMETRIC_REPRESENTATION_CONTEXT(2) 
PARAMETRIC_REPRESENTATION_CONTEXT() REPRESENTATION_CONTEXT('2D SPACE',''
  ) );
#1411 = ORIENTED_EDGE('',*,*,#1362,.F.);
#1412 = ADVANCED_FACE('',(#1413),#807,.F.);
#1413 = FACE_BOUND('',#1414,.F.);
#1414 = EDGE_LOOP('',(#1415,#1436,#1437,#1438));
#1415 = ORIENTED_EDGE('',*,*,#1416,.T.);
#1416 = EDGE_CURVE('',#791,#1104,#1417,.T.);
#1417 = SEAM_CURVE('',#1418,(#1422,#1429),.PCURVE_S1.);
#1418 = LINE('',#1419,#1420);
#1419 = CARTESIAN_POINT('',(135.,-5.E-02,28.85));
#1420 = VECTOR('',#1421,1.);
#1421 = DIRECTION('',(1.731912112471E-16,0.707106781187,-0.707106781187)
  );
#1422 = PCURVE('',#807,#1423);
#1423 = DEFINITIONAL_REPRESENTATION('',(#1424),#1428);
#1424 = LINE('',#1425,#1426);
#1425 = CARTESIAN_POINT('',(-6.28318530718,0.));
#1426 = VECTOR('',#1427,1.);
#1427 = DIRECTION('',(-0.,-1.));
#1428 = ( GEOMETRIC_REPRESENTATION_CONTEXT(2) 
PARAMETRIC_REPRESENTATION_CONTEXT() REPRESENTATION_CONTEXT('2D SPACE',''
  ) );
#1429 = PCURVE('',#807,#1430);
#1430 = DEFINITIONAL_REPRESENTATION('',(#1431),#1435);
#1431 = LINE('',#1432,#1433);
#1432 = CARTESIAN_POINT('',(0.,-0.));
#1433 = VECTOR('',#1434,1.);
#1434 = DIRECTION('',(-0.,-1.));
#1435 = ( GEOMETRIC_REPRESENTATION_CONTEXT(2) 
PARAMETRIC_REPRESENTATION_CONTEXT() REPRESENTATION_CONTEXT('2D SPACE',''
  ) );
#1436 = ORIENTED_EDGE('',*,*,#1126,.F.);
#1437 = ORIENTED_EDGE('',*,*,#1416,.F.);
#1438 = ORIENTED_EDGE('',*,*,#790,.T.);
#1439 = ADVANCED_FACE('',(#1440),#838,.F.);
#1440 = FACE_BOUND('',#1441,.F.);
#1441 = EDGE_LOOP('',(#1442,#1463,#1464,#1465));
#1442 = ORIENTED_EDGE('',*,*,#1443,.T.);
#1443 = EDGE_CURVE('',#822,#1181,#1444,.T.);
#1444 = SEAM_CURVE('',#1445,(#1449,#1456),.PCURVE_S1.);
#1445 = LINE('',#1446,#1447);
#1446 = CARTESIAN_POINT('',(135.,-5.E-02,143.85));
#1447 = VECTOR('',#1448,1.);
#1448 = DIRECTION('',(1.731912112471E-16,0.707106781187,-0.707106781187)
  );
#1449 = PCURVE('',#838,#1450);
#1450 = DEFINITIONAL_REPRESENTATION('',(#1451),#1455);
#1451 = LINE('',#1452,#1453);
#1452 = CARTESIAN_POINT('',(-6.28318530718,0.));
#1453 = VECTOR('',#1454,1.);
#1454 = DIRECTION('',(-0.,-1.));
#1455 = ( GEOMETRIC_REPRESENTATION_CONTEXT(2) 
PARAMETRIC_REPRESENTATION_CONTEXT() REPRESENTATION_CONTEXT('2D SPACE',''
  ) );
#1456 = PCURVE('',#838,#1457);
#1457 = DEFINITIONAL_REPRESENTATION('',(#1458),#1462);
#1458 = LINE('',#1459,#1460);
#1459 = CARTESIAN_POINT('',(0.,-0.));
#1460 = VECTOR('',#1461,1.);
#1461 = DIRECTION('',(-0.,-1.));
#1462 = ( GEOMETRIC_REPRESENTATION_CONTEXT(2) 
PARAMETRIC_REPRESENTATION_CONTEXT() REPRESENTATION_CONTEXT('2D SPACE',''
  ) );
#1463 = ORIENTED_EDGE('',*,*,#1203,.F.);
#1464 = ORIENTED_EDGE('',*,*,#1443,.F.);
#1465 = ORIENTED_EDGE('',*,*,#821,.T.);
#1466 = ADVANCED_FACE('',(#1467),#869,.F.);
#1467 = FACE_BOUND('',#1468,.F.);
#1468 = EDGE_LOOP('',(#1469,#1490,#1491,#1492));
#1469 = ORIENTED_EDGE('',*,*,#1470,.T.);
#1470 = EDGE_CURVE('',#853,#1231,#1471,.T.);
#1471 = SEAM_CURVE('',#1472,(#1476,#1483),.PCURVE_S1.);
#1472 = LINE('',#1473,#1474);
#1473 = CARTESIAN_POINT('',(135.,-5.000000000001E-02,258.85));
#1474 = VECTOR('',#1475,1.);
#1475 = DIRECTION('',(1.731912112471E-16,0.707106781187,-0.707106781187)
  );
#1476 = PCURVE('',#869,#1477);
#1477 = DEFINITIONAL_REPRESENTATION('',(#1478),#1482);
#1478 = LINE('',#1479,#1480);
#1479 = CARTESIAN_POINT('',(-6.28318530718,0.));
#1480 = VECTOR('',#1481,1.);
#1481 = DIRECTION('',(-0.,-1.));
#1482 = ( GEOMETRIC_REPRESENTATION_CONTEXT(2) 
PARAMETRIC_REPRESENTATION_CONTEXT() REPRESENTATION_CONTEXT('2D SPACE',''
  ) );
#1483 = PCURVE('',#869,#1484);
#1484 = DEFINITIONAL_REPRESENTATION('',(#1485),#1489);
#1485 = LINE('',#1486,#1487);
#1486 = CARTESIAN_POINT('',(0.,-0.));
#1487 = VECTOR('',#1488,1.);
#1488 = DIRECTION('',(-0.,-1.));
#1489 = ( GEOMETRIC_REPRESENTATION_CONTEXT(2) 
PARAMETRIC_REPRESENTATION_CONTEXT() REPRESENTATION_CONTEXT('2D SPACE',''
  ) );
#1490 = ORIENTED_EDGE('',*,*,#1253,.F.);
#1491 = ORIENTED_EDGE('',*,*,#1470,.F.);
#1492 = ORIENTED_EDGE('',*,*,#852,.T.);
#1493 = ADVANCED_FACE('',(#1494),#907,.F.);
#1494 = FACE_BOUND('',#1495,.T.);
#1495 = EDGE_LOOP('',(#1496,#1497,#1520,#1547));
#1496 = ORIENTED_EDGE('',*,*,#890,.T.);
#1497 = ORIENTED_EDGE('',*,*,#1498,.T.);
#1498 = EDGE_CURVE('',#891,#1499,#1501,.T.);
#1499 = VERTEX_POINT('',#1500);
#1500 = CARTESIAN_POINT('',(121.25,10.,248.95));
#1501 = SEAM_CURVE('',#1502,(#1506,#1513),.PCURVE_S1.);
#1502 = LINE('',#1503,#1504);
#1503 = CARTESIAN_POINT('',(121.25,10.,280.05));
#1504 = VECTOR('',#1505,1.);
#1505 = DIRECTION('',(0.,0.,-1.));
#1506 = PCURVE('',#907,#1507);
#1507 = DEFINITIONAL_REPRESENTATION('',(#1508),#1512);
#1508 = LINE('',#1509,#1510);
#1509 = CARTESIAN_POINT('',(-6.28318530718,0.));
#1510 = VECTOR('',#1511,1.);
#1511 = DIRECTION('',(-0.,-1.));
#1512 = ( GEOMETRIC_REPRESENTATION_CONTEXT(2) 
PARAMETRIC_REPRESENTATION_CONTEXT() REPRESENTATION_CONTEXT('2D SPACE',''
  ) );
#1513 = PCURVE('',#907,#1514);
#1514 = DEFINITIONAL_REPRESENTATION('',(#1515),#1519);
#1515 = LINE('',#1516,#1517);
#1516 = CARTESIAN_POINT('',(-0.,0.));
#1517 = VECTOR('',#1518,1.);
#1518 = DIRECTION('',(-0.,-1.));
#1519 = ( GEOMETRIC_REPRESENTATION_CONTEXT(2) 
PARAMETRIC_REPRESENTATION_CONTEXT() REPRESENTATION_CONTEXT('2D SPACE',''
  ) );
#1520 = ORIENTED_EDGE('',*,*,#1521,.T.);
#1521 = EDGE_CURVE('',#1499,#1499,#1522,.T.);
#1522 = SURFACE_CURVE('',#1523,(#1528,#1535),.PCURVE_S1.);
#1523 = CIRCLE('',#1524,1.25);
#1524 = AXIS2_PLACEMENT_3D('',#1525,#1526,#1527);
#1525 = CARTESIAN_POINT('',(120.,10.,248.95));
#1526 = DIRECTION('',(0.,0.,-1.));
#1527 = DIRECTION('',(1.,0.,0.));
#1528 = PCURVE('',#907,#1529);
#1529 = DEFINITIONAL_REPRESENTATION('',(#1530),#1534);
#1530 = LINE('',#1531,#1532);
#1531 = CARTESIAN_POINT('',(-0.,-31.1));
#1532 = VECTOR('',#1533,1.);
#1533 = DIRECTION('',(-1.,0.));
#1534 = ( GEOMETRIC_REPRESENTATION_CONTEXT(2) 
PARAMETRIC_REPRESENTATION_CONTEXT() REPRESENTATION_CONTEXT('2D SPACE',''
  ) );
#1535 = PCURVE('',#1536,#1541);
#1536 = PLANE('',#1537);
#1537 = AXIS2_PLACEMENT_3D('',#1538,#1539,#1540);
#1538 = CARTESIAN_POINT('',(120.,10.,248.95));
#1539 = DIRECTION('',(-0.,-0.,-1.));
#1540 = DIRECTION('',(-1.,0.,0.));
#1541 = DEFINITIONAL_REPRESENTATION('',(#1542),#1546);
#1542 = CIRCLE('',#1543,1.25);
#1543 = AXIS2_PLACEMENT_2D('',#1544,#1545);
#1544 = CARTESIAN_POINT('',(1.42108547152E-14,1.7763568394E-15));
#1545 = DIRECTION('',(-1.,0.));
#1546 = ( GEOMETRIC_REPRESENTATION_CONTEXT(2) 
PARAMETRIC_REPRESENTATION_CONTEXT() REPRESENTATION_CONTEXT('2D SPACE',''
  ) );
#1547 = ORIENTED_EDGE('',*,*,#1498,.F.);
#1548 = ADVANCED_FACE('',(#1549),#938,.F.);
#1549 = FACE_BOUND('',#1550,.T.);
#1550 = EDGE_LOOP('',(#1551,#1552,#1575,#1602));
#1551 = ORIENTED_EDGE('',*,*,#921,.T.);
#1552 = ORIENTED_EDGE('',*,*,#1553,.T.);
#1553 = EDGE_CURVE('',#922,#1554,#1556,.T.);
#1554 = VERTEX_POINT('',#1555);
#1555 = CARTESIAN_POINT('',(26.25,10.,248.95));
#1556 = SEAM_CURVE('',#1557,(#1561,#1568),.PCURVE_S1.);
#1557 = LINE('',#1558,#1559);
#1558 = CARTESIAN_POINT('',(26.25,10.,280.05));
#1559 = VECTOR('',#1560,1.);
#1560 = DIRECTION('',(0.,0.,-1.));
#1561 = PCURVE('',#938,#1562);
#1562 = DEFINITIONAL_REPRESENTATION('',(#1563),#1567);
#1563 = LINE('',#1564,#1565);
#1564 = CARTESIAN_POINT('',(-6.28318530718,0.));
#1565 = VECTOR('',#1566,1.);
#1566 = DIRECTION('',(-0.,-1.));
#1567 = ( GEOMETRIC_REPRESENTATION_CONTEXT(2) 
PARAMETRIC_REPRESENTATION_CONTEXT() REPRESENTATION_CONTEXT('2D SPACE',''
  ) );
#1568 = PCURVE('',#938,#1569);
#1569 = DEFINITIONAL_REPRESENTATION('',(#1570),#1574);
#1570 = LINE('',#1571,#1572);
#1571 = CARTESIAN_POINT('',(-0.,0.));
#1572 = VECTOR('',#1573,1.);
#1573 = DIRECTION('',(-0.,-1.));
#1574 = ( GEOMETRIC_REPRESENTATION_CONTEXT(2) 
PARAMETRIC_REPRESENTATION_CONTEXT() REPRESENTATION_CONTEXT('2D SPACE',''
  ) );
#1575 = ORIENTED_EDGE('',*,*,#1576,.T.);
#1576 = EDGE_CURVE('',#1554,#1554,#1577,.T.);
#1577 = SURFACE_CURVE('',#1578,(#1583,#1590),.PCURVE_S1.);
#1578 = CIRCLE('',#1579,1.25);
#1579 = AXIS2_PLACEMENT_3D('',#1580,#1581,#1582);
#1580 = CARTESIAN_POINT('',(25.,10.,248.95));
#1581 = DIRECTION('',(0.,0.,-1.));
#1582 = DIRECTION('',(1.,0.,0.));
#1583 = PCURVE('',#938,#1584);
#1584 = DEFINITIONAL_REPRESENTATION('',(#1585),#1589);
#1585 = LINE('',#1586,#1587);
#1586 = CARTESIAN_POINT('',(-0.,-31.1));
#1587 = VECTOR('',#1588,1.);
#1588 = DIRECTION('',(-1.,0.));
#1589 = ( GEOMETRIC_REPRESENTATION_CONTEXT(2) 
PARAMETRIC_REPRESENTATION_CONTEXT() REPRESENTATION_CONTEXT('2D SPACE',''
  ) );
#1590 = PCURVE('',#1591,#1596);
#1591 = PLANE('',#1592);
#1592 = AXIS2_PLACEMENT_3D('',#1593,#1594,#1595);
#1593 = CARTESIAN_POINT('',(25.,10.,248.95));
#1594 = DIRECTION('',(-0.,-0.,-1.));
#1595 = DIRECTION('',(-1.,0.,0.));
#1596 = DEFINITIONAL_REPRESENTATION('',(#1597),#1601);
#1597 = CIRCLE('',#1598,1.25);
#1598 = AXIS2_PLACEMENT_2D('',#1599,#1600);
#1599 = CARTESIAN_POINT('',(3.552713678801E-15,1.7763568394E-15));
#1600 = DIRECTION('',(-1.,0.));
#1601 = ( GEOMETRIC_REPRESENTATION_CONTEXT(2) 
PARAMETRIC_REPRESENTATION_CONTEXT() REPRESENTATION_CONTEXT('2D SPACE',''
  ) );
#1602 = ORIENTED_EDGE('',*,*,#1553,.F.);
#1603 = ADVANCED_FACE('',(#1604),#1400,.F.);
#1604 = FACE_BOUND('',#1605,.F.);
#1605 = EDGE_LOOP('',(#1606));
#1606 = ORIENTED_EDGE('',*,*,#1385,.T.);
#1607 = ADVANCED_FACE('',(#1608),#1536,.F.);
#1608 = FACE_BOUND('',#1609,.F.);
#1609 = EDGE_LOOP('',(#1610));
#1610 = ORIENTED_EDGE('',*,*,#1521,.T.);
#1611 = ADVANCED_FACE('',(#1612),#1591,.F.);
#1612 = FACE_BOUND('',#1613,.F.);
#1613 = EDGE_LOOP('',(#1614));
#1614 = ORIENTED_EDGE('',*,*,#1576,.T.);
#1615 = ( GEOMETRIC_REPRESENTATION_CONTEXT(3) 
GLOBAL_UNCERTAINTY_ASSIGNED_CONTEXT((#1619)) 
GLOBAL_UNIT_ASSIGNED_CONTEXT((#1616,#1617,#1618)) REPRESENTATION_CONTEXT
('Context #1','3D Context with UNIT and UNCERTAINTY') );
#1616 = ( LENGTH_UNIT() NAMED_UNIT(*) SI_UNIT(.MILLI.,.METRE.) );
#1617 = ( NAMED_UNIT(*) PLANE_ANGLE_UNIT() SI_UNIT($,.RADIAN.) );
#1618 = ( NAMED_UNIT(*) SI_UNIT($,.STERADIAN.) SOLID_ANGLE_UNIT() );
#1619 = UNCERTAINTY_MEASURE_WITH_UNIT(LENGTH_MEASURE(1.E-07),#1616,
  'distance_accuracy_value','confusion accuracy');
#1620 = CONTEXT_DEPENDENT_SHAPE_REPRESENTATION(#1621,#1623);
#1621 = ( REPRESENTATION_RELATIONSHIP('','',#60,#10) 
REPRESENTATION_RELATIONSHIP_WITH_TRANSFORMATION(#1622) 
SHAPE_REPRESENTATION_RELATIONSHIP() );
#1622 = ITEM_DEFINED_TRANSFORMATION('','',#11,#15);
#1623 = PRODUCT_DEFINITION_SHAPE('Placement','Placement of an item',
  #1624);
#1624 = NEXT_ASSEMBLY_USAGE_OCCURRENCE('1','front','',#5,#55,$);
#1625 = PRODUCT_RELATED_PRODUCT_CATEGORY('part',$,(#57));
#1626 = SHAPE_DEFINITION_REPRESENTATION(#1627,#1633);
#1627 = PRODUCT_DEFINITION_SHAPE('','',#1628);
#1628 = PRODUCT_DEFINITION('design','',#1629,#1632);
#1629 = PRODUCT_DEFINITION_FORMATION('','',#1630);
#1630 = PRODUCT('back','back','',(#1631));
#1631 = PRODUCT_CONTEXT('',#2,'mechanical');
#1632 = PRODUCT_DEFINITION_CONTEXT('part definition',#2,'design');
#1633 = ADVANCED_BREP_SHAPE_REPRESENTATION('',(#11,#1634),#3581);
#1634 = MANIFOLD_SOLID_BREP('',#1635);
#1635 = CLOSED_SHELL('',(#1636,#1756,#1832,#2196,#2245,#2551,#2620,#2694
    ,#2768,#2842,#2892,#2966,#3016,#3066,#3140,#3214,#3242,#3270,#3298,
    #3325,#3353,#3380,#3407,#3435,#3463,#3518,#3573,#3577));
#1636 = ADVANCED_FACE('',(#1637),#1651,.F.);
#1637 = FACE_BOUND('',#1638,.F.);
#1638 = EDGE_LOOP('',(#1639,#1674,#1702,#1730));
#1639 = ORIENTED_EDGE('',*,*,#1640,.F.);
#1640 = EDGE_CURVE('',#1641,#1643,#1645,.T.);
#1641 = VERTEX_POINT('',#1642);
#1642 = CARTESIAN_POINT('',(0.,165.,0.));
#1643 = VERTEX_POINT('',#1644);
#1644 = CARTESIAN_POINT('',(0.,185.,0.));
#1645 = SURFACE_CURVE('',#1646,(#1650,#1662),.PCURVE_S1.);
#1646 = LINE('',#1647,#1648);
#1647 = CARTESIAN_POINT('',(0.,165.,0.));
#1648 = VECTOR('',#1649,1.);
#1649 = DIRECTION('',(0.,1.,0.));
#1650 = PCURVE('',#1651,#1656);
#1651 = PLANE('',#1652);
#1652 = AXIS2_PLACEMENT_3D('',#1653,#1654,#1655);
#1653 = CARTESIAN_POINT('',(0.,165.,0.));
#1654 = DIRECTION('',(0.,0.,1.));
#1655 = DIRECTION('',(0.,1.,0.));
#1656 = DEFINITIONAL_REPRESENTATION('',(#1657),#1661);
#1657 = LINE('',#1658,#1659);
#1658 = CARTESIAN_POINT('',(0.,0.));
#1659 = VECTOR('',#1660,1.);
#1660 = DIRECTION('',(1.,0.));
#1661 = ( GEOMETRIC_REPRESENTATION_CONTEXT(2) 
PARAMETRIC_REPRESENTATION_CONTEXT() REPRESENTATION_CONTEXT('2D SPACE',''
  ) );
#1662 = PCURVE('',#1663,#1668);
#1663 = PLANE('',#1664);
#1664 = AXIS2_PLACEMENT_3D('',#1665,#1666,#1667);
#1665 = CARTESIAN_POINT('',(0.,165.,0.));
#1666 = DIRECTION('',(1.,0.,0.));
#1667 = DIRECTION('',(0.,1.,0.));
#1668 = DEFINITIONAL_REPRESENTATION('',(#1669),#1673);
#1669 = LINE('',#1670,#1671);
#1670 = CARTESIAN_POINT('',(0.,0.));
#1671 = VECTOR('',#1672,1.);
#1672 = DIRECTION('',(1.,0.));
#1673 = ( GEOMETRIC_REPRESENTATION_CONTEXT(2) 
PARAMETRIC_REPRESENTATION_CONTEXT() REPRESENTATION_CONTEXT('2D SPACE',''
  ) );
#1674 = ORIENTED_EDGE('',*,*,#1675,.T.);
#1675 = EDGE_CURVE('',#1641,#1676,#1678,.T.);
#1676 = VERTEX_POINT('',#1677);
#1677 = CARTESIAN_POINT('',(145.,165.,0.));
#1678 = SURFACE_CURVE('',#1679,(#1683,#1690),.PCURVE_S1.);
#1679 = LINE('',#1680,#1681);
#1680 = CARTESIAN_POINT('',(0.,165.,0.));
#1681 = VECTOR('',#1682,1.);
#1682 = DIRECTION('',(1.,0.,0.));
#1683 = PCURVE('',#1651,#1684);
#1684 = DEFINITIONAL_REPRESENTATION('',(#1685),#1689);
#1685 = LINE('',#1686,#1687);
#1686 = CARTESIAN_POINT('',(0.,0.));
#1687 = VECTOR('',#1688,1.);
#1688 = DIRECTION('',(0.,-1.));
#1689 = ( GEOMETRIC_REPRESENTATION_CONTEXT(2) 
PARAMETRIC_REPRESENTATION_CONTEXT() REPRESENTATION_CONTEXT('2D SPACE',''
  ) );
#1690 = PCURVE('',#1691,#1696);
#1691 = PLANE('',#1692);
#1692 = AXIS2_PLACEMENT_3D('',#1693,#1694,#1695);
#1693 = CARTESIAN_POINT('',(0.,165.,0.));
#1694 = DIRECTION('',(0.,1.,0.));
#1695 = DIRECTION('',(0.,0.,1.));
#1696 = DEFINITIONAL_REPRESENTATION('',(#1697),#1701);
#1697 = LINE('',#1698,#1699);
#1698 = CARTESIAN_POINT('',(0.,0.));
#1699 = VECTOR('',#1700,1.);
#1700 = DIRECTION('',(0.,1.));
#1701 = ( GEOMETRIC_REPRESENTATION_CONTEXT(2) 
PARAMETRIC_REPRESENTATION_CONTEXT() REPRESENTATION_CONTEXT('2D SPACE',''
  ) );
#1702 = ORIENTED_EDGE('',*,*,#1703,.T.);
#1703 = EDGE_CURVE('',#1676,#1704,#1706,.T.);
#1704 = VERTEX_POINT('',#1705);
#1705 = CARTESIAN_POINT('',(145.,185.,0.));
#1706 = SURFACE_CURVE('',#1707,(#1711,#1718),.PCURVE_S1.);
#1707 = LINE('',#1708,#1709);
#1708 = CARTESIAN_POINT('',(145.,165.,0.));
#1709 = VECTOR('',#1710,1.);
#1710 = DIRECTION('',(0.,1.,0.));
#1711 = PCURVE('',#1651,#1712);
#1712 = DEFINITIONAL_REPRESENTATION('',(#1713),#1717);
#1713 = LINE('',#1714,#1715);
#1714 = CARTESIAN_POINT('',(0.,-145.));
#1715 = VECTOR('',#1716,1.);
#1716 = DIRECTION('',(1.,0.));
#1717 = ( GEOMETRIC_REPRESENTATION_CONTEXT(2) 
PARAMETRIC_REPRESENTATION_CONTEXT() REPRESENTATION_CONTEXT('2D SPACE',''
  ) );
#1718 = PCURVE('',#1719,#1724);
#1719 = PLANE('',#1720);
#1720 = AXIS2_PLACEMENT_3D('',#1721,#1722,#1723);
#1721 = CARTESIAN_POINT('',(145.,165.,0.));
#1722 = DIRECTION('',(1.,0.,0.));
#1723 = DIRECTION('',(0.,1.,0.));
#1724 = DEFINITIONAL_REPRESENTATION('',(#1725),#1729);
#1725 = LINE('',#1726,#1727);
#1726 = CARTESIAN_POINT('',(0.,0.));
#1727 = VECTOR('',#1728,1.);
#1728 = DIRECTION('',(1.,0.));
#1729 = ( GEOMETRIC_REPRESENTATION_CONTEXT(2) 
PARAMETRIC_REPRESENTATION_CONTEXT() REPRESENTATION_CONTEXT('2D SPACE',''
  ) );
#1730 = ORIENTED_EDGE('',*,*,#1731,.F.);
#1731 = EDGE_CURVE('',#1643,#1704,#1732,.T.);
#1732 = SURFACE_CURVE('',#1733,(#1737,#1744),.PCURVE_S1.);
#1733 = LINE('',#1734,#1735);
#1734 = CARTESIAN_POINT('',(0.,185.,0.));
#1735 = VECTOR('',#1736,1.);
#1736 = DIRECTION('',(1.,0.,0.));
#1737 = PCURVE('',#1651,#1738);
#1738 = DEFINITIONAL_REPRESENTATION('',(#1739),#1743);
#1739 = LINE('',#1740,#1741);
#1740 = CARTESIAN_POINT('',(20.,0.));
#1741 = VECTOR('',#1742,1.);
#1742 = DIRECTION('',(0.,-1.));
#1743 = ( GEOMETRIC_REPRESENTATION_CONTEXT(2) 
PARAMETRIC_REPRESENTATION_CONTEXT() REPRESENTATION_CONTEXT('2D SPACE',''
  ) );
#1744 = PCURVE('',#1745,#1750);
#1745 = PLANE('',#1746);
#1746 = AXIS2_PLACEMENT_3D('',#1747,#1748,#1749);
#1747 = CARTESIAN_POINT('',(0.,185.,0.));
#1748 = DIRECTION('',(0.,1.,0.));
#1749 = DIRECTION('',(0.,0.,1.));
#1750 = DEFINITIONAL_REPRESENTATION('',(#1751),#1755);
#1751 = LINE('',#1752,#1753);
#1752 = CARTESIAN_POINT('',(0.,0.));
#1753 = VECTOR('',#1754,1.);
#1754 = DIRECTION('',(0.,1.));
#1755 = ( GEOMETRIC_REPRESENTATION_CONTEXT(2) 
PARAMETRIC_REPRESENTATION_CONTEXT() REPRESENTATION_CONTEXT('2D SPACE',''
  ) );
#1756 = ADVANCED_FACE('',(#1757),#1663,.F.);
#1757 = FACE_BOUND('',#1758,.F.);
#1758 = EDGE_LOOP('',(#1759,#1782,#1783,#1806));
#1759 = ORIENTED_EDGE('',*,*,#1760,.F.);
#1760 = EDGE_CURVE('',#1641,#1761,#1763,.T.);
#1761 = VERTEX_POINT('',#1762);
#1762 = CARTESIAN_POINT('',(0.,165.,280.));
#1763 = SURFACE_CURVE('',#1764,(#1768,#1775),.PCURVE_S1.);
#1764 = LINE('',#1765,#1766);
#1765 = CARTESIAN_POINT('',(0.,165.,0.));
#1766 = VECTOR('',#1767,1.);
#1767 = DIRECTION('',(0.,0.,1.));
#1768 = PCURVE('',#1663,#1769);
#1769 = DEFINITIONAL_REPRESENTATION('',(#1770),#1774);
#1770 = LINE('',#1771,#1772);
#1771 = CARTESIAN_POINT('',(0.,0.));
#1772 = VECTOR('',#1773,1.);
#1773 = DIRECTION('',(0.,1.));
#1774 = ( GEOMETRIC_REPRESENTATION_CONTEXT(2) 
PARAMETRIC_REPRESENTATION_CONTEXT() REPRESENTATION_CONTEXT('2D SPACE',''
  ) );
#1775 = PCURVE('',#1691,#1776);
#1776 = DEFINITIONAL_REPRESENTATION('',(#1777),#1781);
#1777 = LINE('',#1778,#1779);
#1778 = CARTESIAN_POINT('',(0.,0.));
#1779 = VECTOR('',#1780,1.);
#1780 = DIRECTION('',(1.,0.));
#1781 = ( GEOMETRIC_REPRESENTATION_CONTEXT(2) 
PARAMETRIC_REPRESENTATION_CONTEXT() REPRESENTATION_CONTEXT('2D SPACE',''
  ) );
#1782 = ORIENTED_EDGE('',*,*,#1640,.T.);
#1783 = ORIENTED_EDGE('',*,*,#1784,.T.);
#1784 = EDGE_CURVE('',#1643,#1785,#1787,.T.);
#1785 = VERTEX_POINT('',#1786);
#1786 = CARTESIAN_POINT('',(0.,185.,280.));
#1787 = SURFACE_CURVE('',#1788,(#1792,#1799),.PCURVE_S1.);
#1788 = LINE('',#1789,#1790);
#1789 = CARTESIAN_POINT('',(0.,185.,0.));
#1790 = VECTOR('',#1791,1.);
#1791 = DIRECTION('',(0.,0.,1.));
#1792 = PCURVE('',#1663,#1793);
#1793 = DEFINITIONAL_REPRESENTATION('',(#1794),#1798);
#1794 = LINE('',#1795,#1796);
#1795 = CARTESIAN_POINT('',(20.,0.));
#1796 = VECTOR('',#1797,1.);
#1797 = DIRECTION('',(0.,1.));
#1798 = ( GEOMETRIC_REPRESENTATION_CONTEXT(2) 
PARAMETRIC_REPRESENTATION_CONTEXT() REPRESENTATION_CONTEXT('2D SPACE',''
  ) );
#1799 = PCURVE('',#1745,#1800);
#1800 = DEFINITIONAL_REPRESENTATION('',(#1801),#1805);
#1801 = LINE('',#1802,#1803);
#1802 = CARTESIAN_POINT('',(0.,0.));
#1803 = VECTOR('',#1804,1.);
#1804 = DIRECTION('',(1.,0.));
#1805 = ( GEOMETRIC_REPRESENTATION_CONTEXT(2) 
PARAMETRIC_REPRESENTATION_CONTEXT() REPRESENTATION_CONTEXT('2D SPACE',''
  ) );
#1806 = ORIENTED_EDGE('',*,*,#1807,.F.);
#1807 = EDGE_CURVE('',#1761,#1785,#1808,.T.);
#1808 = SURFACE_CURVE('',#1809,(#1813,#1820),.PCURVE_S1.);
#1809 = LINE('',#1810,#1811);
#1810 = CARTESIAN_POINT('',(0.,165.,280.));
#1811 = VECTOR('',#1812,1.);
#1812 = DIRECTION('',(0.,1.,0.));
#1813 = PCURVE('',#1663,#1814);
#1814 = DEFINITIONAL_REPRESENTATION('',(#1815),#1819);
#1815 = LINE('',#1816,#1817);
#1816 = CARTESIAN_POINT('',(0.,280.));
#1817 = VECTOR('',#1818,1.);
#1818 = DIRECTION('',(1.,0.));
#1819 = ( GEOMETRIC_REPRESENTATION_CONTEXT(2) 
PARAMETRIC_REPRESENTATION_CONTEXT() REPRESENTATION_CONTEXT('2D SPACE',''
  ) );
#1820 = PCURVE('',#1821,#1826);
#1821 = PLANE('',#1822);
#1822 = AXIS2_PLACEMENT_3D('',#1823,#1824,#1825);
#1823 = CARTESIAN_POINT('',(0.,165.,280.));
#1824 = DIRECTION('',(0.,0.,1.));
#1825 = DIRECTION('',(0.,1.,0.));
#1826 = DEFINITIONAL_REPRESENTATION('',(#1827),#1831);
#1827 = LINE('',#1828,#1829);
#1828 = CARTESIAN_POINT('',(0.,0.));
#1829 = VECTOR('',#1830,1.);
#1830 = DIRECTION('',(1.,0.));
#1831 = ( GEOMETRIC_REPRESENTATION_CONTEXT(2) 
PARAMETRIC_REPRESENTATION_CONTEXT() REPRESENTATION_CONTEXT('2D SPACE',''
  ) );
#1832 = ADVANCED_FACE('',(#1833,#1881,#1916,#1951,#1986,#2021,#2056,
    #2091,#2126,#2161),#1745,.T.);
#1833 = FACE_BOUND('',#1834,.T.);
#1834 = EDGE_LOOP('',(#1835,#1836,#1837,#1860));
#1835 = ORIENTED_EDGE('',*,*,#1731,.F.);
#1836 = ORIENTED_EDGE('',*,*,#1784,.T.);
#1837 = ORIENTED_EDGE('',*,*,#1838,.T.);
#1838 = EDGE_CURVE('',#1785,#1839,#1841,.T.);
#1839 = VERTEX_POINT('',#1840);
#1840 = CARTESIAN_POINT('',(145.,185.,280.));
#1841 = SURFACE_CURVE('',#1842,(#1846,#1853),.PCURVE_S1.);
#1842 = LINE('',#1843,#1844);
#1843 = CARTESIAN_POINT('',(0.,185.,280.));
#1844 = VECTOR('',#1845,1.);
#1845 = DIRECTION('',(1.,0.,0.));
#1846 = PCURVE('',#1745,#1847);
#1847 = DEFINITIONAL_REPRESENTATION('',(#1848),#1852);
#1848 = LINE('',#1849,#1850);
#1849 = CARTESIAN_POINT('',(280.,0.));
#1850 = VECTOR('',#1851,1.);
#1851 = DIRECTION('',(0.,1.));
#1852 = ( GEOMETRIC_REPRESENTATION_CONTEXT(2) 
PARAMETRIC_REPRESENTATION_CONTEXT() REPRESENTATION_CONTEXT('2D SPACE',''
  ) );
#1853 = PCURVE('',#1821,#1854);
#1854 = DEFINITIONAL_REPRESENTATION('',(#1855),#1859);
#1855 = LINE('',#1856,#1857);
#1856 = CARTESIAN_POINT('',(20.,0.));
#1857 = VECTOR('',#1858,1.);
#1858 = DIRECTION('',(0.,-1.));
#1859 = ( GEOMETRIC_REPRESENTATION_CONTEXT(2) 
PARAMETRIC_REPRESENTATION_CONTEXT() REPRESENTATION_CONTEXT('2D SPACE',''
  ) );
#1860 = ORIENTED_EDGE('',*,*,#1861,.F.);
#1861 = EDGE_CURVE('',#1704,#1839,#1862,.T.);
#1862 = SURFACE_CURVE('',#1863,(#1867,#1874),.PCURVE_S1.);
#1863 = LINE('',#1864,#1865);
#1864 = CARTESIAN_POINT('',(145.,185.,0.));
#1865 = VECTOR('',#1866,1.);
#1866 = DIRECTION('',(0.,0.,1.));
#1867 = PCURVE('',#1745,#1868);
#1868 = DEFINITIONAL_REPRESENTATION('',(#1869),#1873);
#1869 = LINE('',#1870,#1871);
#1870 = CARTESIAN_POINT('',(0.,145.));
#1871 = VECTOR('',#1872,1.);
#1872 = DIRECTION('',(1.,0.));
#1873 = ( GEOMETRIC_REPRESENTATION_CONTEXT(2) 
PARAMETRIC_REPRESENTATION_CONTEXT() REPRESENTATION_CONTEXT('2D SPACE',''
  ) );
#1874 = PCURVE('',#1719,#1875);
#1875 = DEFINITIONAL_REPRESENTATION('',(#1876),#1880);
#1876 = LINE('',#1877,#1878);
#1877 = CARTESIAN_POINT('',(20.,0.));
#1878 = VECTOR('',#1879,1.);
#1879 = DIRECTION('',(0.,1.));
#1880 = ( GEOMETRIC_REPRESENTATION_CONTEXT(2) 
PARAMETRIC_REPRESENTATION_CONTEXT() REPRESENTATION_CONTEXT('2D SPACE',''
  ) );
#1881 = FACE_BOUND('',#1882,.T.);
#1882 = EDGE_LOOP('',(#1883));
#1883 = ORIENTED_EDGE('',*,*,#1884,.T.);
#1884 = EDGE_CURVE('',#1885,#1885,#1887,.T.);
#1885 = VERTEX_POINT('',#1886);
#1886 = CARTESIAN_POINT('',(10.,185.,21.2));
#1887 = SURFACE_CURVE('',#1888,(#1893,#1904),.PCURVE_S1.);
#1888 = CIRCLE('',#1889,3.8);
#1889 = AXIS2_PLACEMENT_3D('',#1890,#1891,#1892);
#1890 = CARTESIAN_POINT('',(10.,185.,25.));
#1891 = DIRECTION('',(0.,-1.,0.));
#1892 = DIRECTION('',(0.,-0.,-1.));
#1893 = PCURVE('',#1745,#1894);
#1894 = DEFINITIONAL_REPRESENTATION('',(#1895),#1903);
#1895 = ( BOUNDED_CURVE() B_SPLINE_CURVE(2,(#1896,#1897,#1898,#1899,
#1900,#1901,#1902),.UNSPECIFIED.,.T.,.F.) B_SPLINE_CURVE_WITH_KNOTS((1,2
    ,2,2,2,1),(-2.094395102393,0.,2.094395102393,4.188790204786,
6.28318530718,8.377580409573),.UNSPECIFIED.) CURVE() 
GEOMETRIC_REPRESENTATION_ITEM() RATIONAL_B_SPLINE_CURVE((1.,0.5,1.,0.5,
1.,0.5,1.)) REPRESENTATION_ITEM('') );
#1896 = CARTESIAN_POINT('',(21.2,10.));
#1897 = CARTESIAN_POINT('',(21.2,16.581793068762));
#1898 = CARTESIAN_POINT('',(26.9,13.290896534381));
#1899 = CARTESIAN_POINT('',(32.6,10.));
#1900 = CARTESIAN_POINT('',(26.9,6.709103465619));
#1901 = CARTESIAN_POINT('',(21.2,3.418206931238));
#1902 = CARTESIAN_POINT('',(21.2,10.));
#1903 = ( GEOMETRIC_REPRESENTATION_CONTEXT(2) 
PARAMETRIC_REPRESENTATION_CONTEXT() REPRESENTATION_CONTEXT('2D SPACE',''
  ) );
#1904 = PCURVE('',#1905,#1910);
#1905 = CONICAL_SURFACE('',#1906,3.85,0.785398163397);
#1906 = AXIS2_PLACEMENT_3D('',#1907,#1908,#1909);
#1907 = CARTESIAN_POINT('',(10.,185.05,25.));
#1908 = DIRECTION('',(-0.,1.,-0.));
#1909 = DIRECTION('',(0.,-0.,-1.));
#1910 = DEFINITIONAL_REPRESENTATION('',(#1911),#1915);
#1911 = LINE('',#1912,#1913);
#1912 = CARTESIAN_POINT('',(-0.,-5.000000000001E-02));
#1913 = VECTOR('',#1914,1.);
#1914 = DIRECTION('',(-1.,-0.));
#1915 = ( GEOMETRIC_REPRESENTATION_CONTEXT(2) 
PARAMETRIC_REPRESENTATION_CONTEXT() REPRESENTATION_CONTEXT('2D SPACE',''
  ) );
#1916 = FACE_BOUND('',#1917,.T.);
#1917 = EDGE_LOOP('',(#1918));
#1918 = ORIENTED_EDGE('',*,*,#1919,.T.);
#1919 = EDGE_CURVE('',#1920,#1920,#1922,.T.);
#1920 = VERTEX_POINT('',#1921);
#1921 = CARTESIAN_POINT('',(10.,185.,136.2));
#1922 = SURFACE_CURVE('',#1923,(#1928,#1939),.PCURVE_S1.);
#1923 = CIRCLE('',#1924,3.8);
#1924 = AXIS2_PLACEMENT_3D('',#1925,#1926,#1927);
#1925 = CARTESIAN_POINT('',(10.,185.,140.));
#1926 = DIRECTION('',(0.,-1.,0.));
#1927 = DIRECTION('',(0.,-0.,-1.));
#1928 = PCURVE('',#1745,#1929);
#1929 = DEFINITIONAL_REPRESENTATION('',(#1930),#1938);
#1930 = ( BOUNDED_CURVE() B_SPLINE_CURVE(2,(#1931,#1932,#1933,#1934,
#1935,#1936,#1937),.UNSPECIFIED.,.T.,.F.) B_SPLINE_CURVE_WITH_KNOTS((1,2
    ,2,2,2,1),(-2.094395102393,0.,2.094395102393,4.188790204786,
6.28318530718,8.377580409573),.UNSPECIFIED.) CURVE() 
GEOMETRIC_REPRESENTATION_ITEM() RATIONAL_B_SPLINE_CURVE((1.,0.5,1.,0.5,
1.,0.5,1.)) REPRESENTATION_ITEM('') );
#1931 = CARTESIAN_POINT('',(136.2,10.));
#1932 = CARTESIAN_POINT('',(136.2,16.581793068762));
#1933 = CARTESIAN_POINT('',(141.9,13.290896534381));
#1934 = CARTESIAN_POINT('',(147.6,10.));
#1935 = CARTESIAN_POINT('',(141.9,6.709103465619));
#1936 = CARTESIAN_POINT('',(136.2,3.418206931238));
#1937 = CARTESIAN_POINT('',(136.2,10.));
#1938 = ( GEOMETRIC_REPRESENTATION_CONTEXT(2) 
PARAMETRIC_REPRESENTATION_CONTEXT() REPRESENTATION_CONTEXT('2D SPACE',''
  ) );
#1939 = PCURVE('',#1940,#1945);
#1940 = CONICAL_SURFACE('',#1941,3.85,0.785398163397);
#1941 = AXIS2_PLACEMENT_3D('',#1942,#1943,#1944);
#1942 = CARTESIAN_POINT('',(10.,185.05,140.));
#1943 = DIRECTION('',(-0.,1.,-0.));
#1944 = DIRECTION('',(0.,-0.,-1.));
#1945 = DEFINITIONAL_REPRESENTATION('',(#1946),#1950);
#1946 = LINE('',#1947,#1948);
#1947 = CARTESIAN_POINT('',(-0.,-5.000000000001E-02));
#1948 = VECTOR('',#1949,1.);
#1949 = DIRECTION('',(-1.,-0.));
#1950 = ( GEOMETRIC_REPRESENTATION_CONTEXT(2) 
PARAMETRIC_REPRESENTATION_CONTEXT() REPRESENTATION_CONTEXT('2D SPACE',''
  ) );
#1951 = FACE_BOUND('',#1952,.T.);
#1952 = EDGE_LOOP('',(#1953));
#1953 = ORIENTED_EDGE('',*,*,#1954,.T.);
#1954 = EDGE_CURVE('',#1955,#1955,#1957,.T.);
#1955 = VERTEX_POINT('',#1956);
#1956 = CARTESIAN_POINT('',(10.,185.,251.2));
#1957 = SURFACE_CURVE('',#1958,(#1963,#1974),.PCURVE_S1.);
#1958 = CIRCLE('',#1959,3.8);
#1959 = AXIS2_PLACEMENT_3D('',#1960,#1961,#1962);
#1960 = CARTESIAN_POINT('',(10.,185.,255.));
#1961 = DIRECTION('',(0.,-1.,0.));
#1962 = DIRECTION('',(0.,-0.,-1.));
#1963 = PCURVE('',#1745,#1964);
#1964 = DEFINITIONAL_REPRESENTATION('',(#1965),#1973);
#1965 = ( BOUNDED_CURVE() B_SPLINE_CURVE(2,(#1966,#1967,#1968,#1969,
#1970,#1971,#1972),.UNSPECIFIED.,.T.,.F.) B_SPLINE_CURVE_WITH_KNOTS((1,2
    ,2,2,2,1),(-2.094395102393,0.,2.094395102393,4.188790204786,
6.28318530718,8.377580409573),.UNSPECIFIED.) CURVE() 
GEOMETRIC_REPRESENTATION_ITEM() RATIONAL_B_SPLINE_CURVE((1.,0.5,1.,0.5,
1.,0.5,1.)) REPRESENTATION_ITEM('') );
#1966 = CARTESIAN_POINT('',(251.2,10.));
#1967 = CARTESIAN_POINT('',(251.2,16.581793068762));
#1968 = CARTESIAN_POINT('',(256.9,13.290896534381));
#1969 = CARTESIAN_POINT('',(262.6,10.));
#1970 = CARTESIAN_POINT('',(256.9,6.709103465619));
#1971 = CARTESIAN_POINT('',(251.2,3.418206931238));
#1972 = CARTESIAN_POINT('',(251.2,10.));
#1973 = ( GEOMETRIC_REPRESENTATION_CONTEXT(2) 
PARAMETRIC_REPRESENTATION_CONTEXT() REPRESENTATION_CONTEXT('2D SPACE',''
  ) );
#1974 = PCURVE('',#1975,#1980);
#1975 = CONICAL_SURFACE('',#1976,3.85,0.785398163397);
#1976 = AXIS2_PLACEMENT_3D('',#1977,#1978,#1979);
#1977 = CARTESIAN_POINT('',(10.,185.05,255.));
#1978 = DIRECTION('',(-0.,1.,-0.));
#1979 = DIRECTION('',(0.,-0.,-1.));
#1980 = DEFINITIONAL_REPRESENTATION('',(#1981),#1985);
#1981 = LINE('',#1982,#1983);
#1982 = CARTESIAN_POINT('',(-0.,-5.000000000001E-02));
#1983 = VECTOR('',#1984,1.);
#1984 = DIRECTION('',(-1.,-0.));
#1985 = ( GEOMETRIC_REPRESENTATION_CONTEXT(2) 
PARAMETRIC_REPRESENTATION_CONTEXT() REPRESENTATION_CONTEXT('2D SPACE',''
  ) );
#1986 = FACE_BOUND('',#1987,.T.);
#1987 = EDGE_LOOP('',(#1988));
#1988 = ORIENTED_EDGE('',*,*,#1989,.T.);
#1989 = EDGE_CURVE('',#1990,#1990,#1992,.T.);
#1990 = VERTEX_POINT('',#1991);
#1991 = CARTESIAN_POINT('',(72.5,185.,26.25));
#1992 = SURFACE_CURVE('',#1993,(#1998,#2009),.PCURVE_S1.);
#1993 = CIRCLE('',#1994,1.25);
#1994 = AXIS2_PLACEMENT_3D('',#1995,#1996,#1997);
#1995 = CARTESIAN_POINT('',(72.5,185.,25.));
#1996 = DIRECTION('',(0.,-1.,0.));
#1997 = DIRECTION('',(0.,0.,1.));
#1998 = PCURVE('',#1745,#1999);
#1999 = DEFINITIONAL_REPRESENTATION('',(#2000),#2008);
#2000 = ( BOUNDED_CURVE() B_SPLINE_CURVE(2,(#2001,#2002,#2003,#2004,
#2005,#2006,#2007),.UNSPECIFIED.,.T.,.F.) B_SPLINE_CURVE_WITH_KNOTS((1,2
    ,2,2,2,1),(-2.094395102393,0.,2.094395102393,4.188790204786,
6.28318530718,8.377580409573),.UNSPECIFIED.) CURVE() 
GEOMETRIC_REPRESENTATION_ITEM() RATIONAL_B_SPLINE_CURVE((1.,0.5,1.,0.5,
1.,0.5,1.)) REPRESENTATION_ITEM('') );
#2001 = CARTESIAN_POINT('',(26.25,72.5));
#2002 = CARTESIAN_POINT('',(26.25,70.334936490539));
#2003 = CARTESIAN_POINT('',(24.375,71.417468245269));
#2004 = CARTESIAN_POINT('',(22.5,72.5));
#2005 = CARTESIAN_POINT('',(24.375,73.582531754731));
#2006 = CARTESIAN_POINT('',(26.25,74.665063509461));
#2007 = CARTESIAN_POINT('',(26.25,72.5));
#2008 = ( GEOMETRIC_REPRESENTATION_CONTEXT(2) 
PARAMETRIC_REPRESENTATION_CONTEXT() REPRESENTATION_CONTEXT('2D SPACE',''
  ) );
#2009 = PCURVE('',#2010,#2015);
#2010 = CYLINDRICAL_SURFACE('',#2011,1.25);
#2011 = AXIS2_PLACEMENT_3D('',#2012,#2013,#2014);
#2012 = CARTESIAN_POINT('',(72.5,164.95,25.));
#2013 = DIRECTION('',(-0.,-1.,-0.));
#2014 = DIRECTION('',(0.,0.,1.));
#2015 = DEFINITIONAL_REPRESENTATION('',(#2016),#2020);
#2016 = LINE('',#2017,#2018);
#2017 = CARTESIAN_POINT('',(-6.28318530718,-20.05));
#2018 = VECTOR('',#2019,1.);
#2019 = DIRECTION('',(1.,-0.));
#2020 = ( GEOMETRIC_REPRESENTATION_CONTEXT(2) 
PARAMETRIC_REPRESENTATION_CONTEXT() REPRESENTATION_CONTEXT('2D SPACE',''
  ) );
#2021 = FACE_BOUND('',#2022,.T.);
#2022 = EDGE_LOOP('',(#2023));
#2023 = ORIENTED_EDGE('',*,*,#2024,.T.);
#2024 = EDGE_CURVE('',#2025,#2025,#2027,.T.);
#2025 = VERTEX_POINT('',#2026);
#2026 = CARTESIAN_POINT('',(135.,185.,21.2));
#2027 = SURFACE_CURVE('',#2028,(#2033,#2044),.PCURVE_S1.);
#2028 = CIRCLE('',#2029,3.8);
#2029 = AXIS2_PLACEMENT_3D('',#2030,#2031,#2032);
#2030 = CARTESIAN_POINT('',(135.,185.,25.));
#2031 = DIRECTION('',(0.,-1.,0.));
#2032 = DIRECTION('',(0.,-0.,-1.));
#2033 = PCURVE('',#1745,#2034);
#2034 = DEFINITIONAL_REPRESENTATION('',(#2035),#2043);
#2035 = ( BOUNDED_CURVE() B_SPLINE_CURVE(2,(#2036,#2037,#2038,#2039,
#2040,#2041,#2042),.UNSPECIFIED.,.T.,.F.) B_SPLINE_CURVE_WITH_KNOTS((1,2
    ,2,2,2,1),(-2.094395102393,0.,2.094395102393,4.188790204786,
6.28318530718,8.377580409573),.UNSPECIFIED.) CURVE() 
GEOMETRIC_REPRESENTATION_ITEM() RATIONAL_B_SPLINE_CURVE((1.,0.5,1.,0.5,
1.,0.5,1.)) REPRESENTATION_ITEM('') );
#2036 = CARTESIAN_POINT('',(21.2,135.));
#2037 = CARTESIAN_POINT('',(21.2,141.58179306876));
#2038 = CARTESIAN_POINT('',(26.9,138.29089653438));
#2039 = CARTESIAN_POINT('',(32.6,135.));
#2040 = CARTESIAN_POINT('',(26.9,131.70910346561));
#2041 = CARTESIAN_POINT('',(21.2,128.41820693123));
#2042 = CARTESIAN_POINT('',(21.2,135.));
#2043 = ( GEOMETRIC_REPRESENTATION_CONTEXT(2) 
PARAMETRIC_REPRESENTATION_CONTEXT() REPRESENTATION_CONTEXT('2D SPACE',''
  ) );
#2044 = PCURVE('',#2045,#2050);
#2045 = CONICAL_SURFACE('',#2046,3.85,0.785398163397);
#2046 = AXIS2_PLACEMENT_3D('',#2047,#2048,#2049);
#2047 = CARTESIAN_POINT('',(135.,185.05,25.));
#2048 = DIRECTION('',(-0.,1.,-0.));
#2049 = DIRECTION('',(0.,-0.,-1.));
#2050 = DEFINITIONAL_REPRESENTATION('',(#2051),#2055);
#2051 = LINE('',#2052,#2053);
#2052 = CARTESIAN_POINT('',(-0.,-5.000000000001E-02));
#2053 = VECTOR('',#2054,1.);
#2054 = DIRECTION('',(-1.,-0.));
#2055 = ( GEOMETRIC_REPRESENTATION_CONTEXT(2) 
PARAMETRIC_REPRESENTATION_CONTEXT() REPRESENTATION_CONTEXT('2D SPACE',''
  ) );
#2056 = FACE_BOUND('',#2057,.T.);
#2057 = EDGE_LOOP('',(#2058));
#2058 = ORIENTED_EDGE('',*,*,#2059,.T.);
#2059 = EDGE_CURVE('',#2060,#2060,#2062,.T.);
#2060 = VERTEX_POINT('',#2061);
#2061 = CARTESIAN_POINT('',(72.5,185.,141.25));
#2062 = SURFACE_CURVE('',#2063,(#2068,#2079),.PCURVE_S1.);
#2063 = CIRCLE('',#2064,1.25);
#2064 = AXIS2_PLACEMENT_3D('',#2065,#2066,#2067);
#2065 = CARTESIAN_POINT('',(72.5,185.,140.));
#2066 = DIRECTION('',(0.,-1.,0.));
#2067 = DIRECTION('',(0.,0.,1.));
#2068 = PCURVE('',#1745,#2069);
#2069 = DEFINITIONAL_REPRESENTATION('',(#2070),#2078);
#2070 = ( BOUNDED_CURVE() B_SPLINE_CURVE(2,(#2071,#2072,#2073,#2074,
#2075,#2076,#2077),.UNSPECIFIED.,.T.,.F.) B_SPLINE_CURVE_WITH_KNOTS((1,2
    ,2,2,2,1),(-2.094395102393,0.,2.094395102393,4.188790204786,
6.28318530718,8.377580409573),.UNSPECIFIED.) CURVE() 
GEOMETRIC_REPRESENTATION_ITEM() RATIONAL_B_SPLINE_CURVE((1.,0.5,1.,0.5,
1.,0.5,1.)) REPRESENTATION_ITEM('') );
#2071 = CARTESIAN_POINT('',(141.25,72.5));
#2072 = CARTESIAN_POINT('',(141.25,70.334936490539));
#2073 = CARTESIAN_POINT('',(139.375,71.417468245269));
#2074 = CARTESIAN_POINT('',(137.5,72.5));
#2075 = CARTESIAN_POINT('',(139.375,73.582531754731));
#2076 = CARTESIAN_POINT('',(141.25,74.665063509461));
#2077 = CARTESIAN_POINT('',(141.25,72.5));
#2078 = ( GEOMETRIC_REPRESENTATION_CONTEXT(2) 
PARAMETRIC_REPRESENTATION_CONTEXT() REPRESENTATION_CONTEXT('2D SPACE',''
  ) );
#2079 = PCURVE('',#2080,#2085);
#2080 = CYLINDRICAL_SURFACE('',#2081,1.25);
#2081 = AXIS2_PLACEMENT_3D('',#2082,#2083,#2084);
#2082 = CARTESIAN_POINT('',(72.5,164.95,140.));
#2083 = DIRECTION('',(-0.,-1.,-0.));
#2084 = DIRECTION('',(0.,0.,1.));
#2085 = DEFINITIONAL_REPRESENTATION('',(#2086),#2090);
#2086 = LINE('',#2087,#2088);
#2087 = CARTESIAN_POINT('',(-6.28318530718,-20.05));
#2088 = VECTOR('',#2089,1.);
#2089 = DIRECTION('',(1.,-0.));
#2090 = ( GEOMETRIC_REPRESENTATION_CONTEXT(2) 
PARAMETRIC_REPRESENTATION_CONTEXT() REPRESENTATION_CONTEXT('2D SPACE',''
  ) );
#2091 = FACE_BOUND('',#2092,.T.);
#2092 = EDGE_LOOP('',(#2093));
#2093 = ORIENTED_EDGE('',*,*,#2094,.T.);
#2094 = EDGE_CURVE('',#2095,#2095,#2097,.T.);
#2095 = VERTEX_POINT('',#2096);
#2096 = CARTESIAN_POINT('',(72.5,185.,256.25));
#2097 = SURFACE_CURVE('',#2098,(#2103,#2114),.PCURVE_S1.);
#2098 = CIRCLE('',#2099,1.25);
#2099 = AXIS2_PLACEMENT_3D('',#2100,#2101,#2102);
#2100 = CARTESIAN_POINT('',(72.5,185.,255.));
#2101 = DIRECTION('',(0.,-1.,0.));
#2102 = DIRECTION('',(0.,0.,1.));
#2103 = PCURVE('',#1745,#2104);
#2104 = DEFINITIONAL_REPRESENTATION('',(#2105),#2113);
#2105 = ( BOUNDED_CURVE() B_SPLINE_CURVE(2,(#2106,#2107,#2108,#2109,
#2110,#2111,#2112),.UNSPECIFIED.,.T.,.F.) B_SPLINE_CURVE_WITH_KNOTS((1,2
    ,2,2,2,1),(-2.094395102393,0.,2.094395102393,4.188790204786,
6.28318530718,8.377580409573),.UNSPECIFIED.) CURVE() 
GEOMETRIC_REPRESENTATION_ITEM() RATIONAL_B_SPLINE_CURVE((1.,0.5,1.,0.5,
1.,0.5,1.)) REPRESENTATION_ITEM('') );
#2106 = CARTESIAN_POINT('',(256.25,72.5));
#2107 = CARTESIAN_POINT('',(256.25,70.334936490539));
#2108 = CARTESIAN_POINT('',(254.375,71.417468245269));
#2109 = CARTESIAN_POINT('',(252.5,72.5));
#2110 = CARTESIAN_POINT('',(254.375,73.582531754731));
#2111 = CARTESIAN_POINT('',(256.25,74.665063509461));
#2112 = CARTESIAN_POINT('',(256.25,72.5));
#2113 = ( GEOMETRIC_REPRESENTATION_CONTEXT(2) 
PARAMETRIC_REPRESENTATION_CONTEXT() REPRESENTATION_CONTEXT('2D SPACE',''
  ) );
#2114 = PCURVE('',#2115,#2120);
#2115 = CYLINDRICAL_SURFACE('',#2116,1.25);
#2116 = AXIS2_PLACEMENT_3D('',#2117,#2118,#2119);
#2117 = CARTESIAN_POINT('',(72.5,164.95,255.));
#2118 = DIRECTION('',(-0.,-1.,-0.));
#2119 = DIRECTION('',(0.,0.,1.));
#2120 = DEFINITIONAL_REPRESENTATION('',(#2121),#2125);
#2121 = LINE('',#2122,#2123);
#2122 = CARTESIAN_POINT('',(-6.28318530718,-20.05));
#2123 = VECTOR('',#2124,1.);
#2124 = DIRECTION('',(1.,-0.));
#2125 = ( GEOMETRIC_REPRESENTATION_CONTEXT(2) 
PARAMETRIC_REPRESENTATION_CONTEXT() REPRESENTATION_CONTEXT('2D SPACE',''
  ) );
#2126 = FACE_BOUND('',#2127,.T.);
#2127 = EDGE_LOOP('',(#2128));
#2128 = ORIENTED_EDGE('',*,*,#2129,.T.);
#2129 = EDGE_CURVE('',#2130,#2130,#2132,.T.);
#2130 = VERTEX_POINT('',#2131);
#2131 = CARTESIAN_POINT('',(135.,185.,136.2));
#2132 = SURFACE_CURVE('',#2133,(#2138,#2149),.PCURVE_S1.);
#2133 = CIRCLE('',#2134,3.8);
#2134 = AXIS2_PLACEMENT_3D('',#2135,#2136,#2137);
#2135 = CARTESIAN_POINT('',(135.,185.,140.));
#2136 = DIRECTION('',(0.,-1.,0.));
#2137 = DIRECTION('',(0.,-0.,-1.));
#2138 = PCURVE('',#1745,#2139);
#2139 = DEFINITIONAL_REPRESENTATION('',(#2140),#2148);
#2140 = ( BOUNDED_CURVE() B_SPLINE_CURVE(2,(#2141,#2142,#2143,#2144,
#2145,#2146,#2147),.UNSPECIFIED.,.T.,.F.) B_SPLINE_CURVE_WITH_KNOTS((1,2
    ,2,2,2,1),(-2.094395102393,0.,2.094395102393,4.188790204786,
6.28318530718,8.377580409573),.UNSPECIFIED.) CURVE() 
GEOMETRIC_REPRESENTATION_ITEM() RATIONAL_B_SPLINE_CURVE((1.,0.5,1.,0.5,
1.,0.5,1.)) REPRESENTATION_ITEM('') );
#2141 = CARTESIAN_POINT('',(136.2,135.));
#2142 = CARTESIAN_POINT('',(136.2,141.58179306876));
#2143 = CARTESIAN_POINT('',(141.9,138.29089653438));
#2144 = CARTESIAN_POINT('',(147.6,135.));
#2145 = CARTESIAN_POINT('',(141.9,131.70910346561));
#2146 = CARTESIAN_POINT('',(136.2,128.41820693123));
#2147 = CARTESIAN_POINT('',(136.2,135.));
#2148 = ( GEOMETRIC_REPRESENTATION_CONTEXT(2) 
PARAMETRIC_REPRESENTATION_CONTEXT() REPRESENTATION_CONTEXT('2D SPACE',''
  ) );
#2149 = PCURVE('',#2150,#2155);
#2150 = CONICAL_SURFACE('',#2151,3.85,0.785398163397);
#2151 = AXIS2_PLACEMENT_3D('',#2152,#2153,#2154);
#2152 = CARTESIAN_POINT('',(135.,185.05,140.));
#2153 = DIRECTION('',(-0.,1.,-0.));
#2154 = DIRECTION('',(0.,-0.,-1.));
#2155 = DEFINITIONAL_REPRESENTATION('',(#2156),#2160);
#2156 = LINE('',#2157,#2158);
#2157 = CARTESIAN_POINT('',(-0.,-5.000000000001E-02));
#2158 = VECTOR('',#2159,1.);
#2159 = DIRECTION('',(-1.,-0.));
#2160 = ( GEOMETRIC_REPRESENTATION_CONTEXT(2) 
PARAMETRIC_REPRESENTATION_CONTEXT() REPRESENTATION_CONTEXT('2D SPACE',''
  ) );
#2161 = FACE_BOUND('',#2162,.T.);
#2162 = EDGE_LOOP('',(#2163));
#2163 = ORIENTED_EDGE('',*,*,#2164,.T.);
#2164 = EDGE_CURVE('',#2165,#2165,#2167,.T.);
#2165 = VERTEX_POINT('',#2166);
#2166 = CARTESIAN_POINT('',(135.,185.,251.2));
#2167 = SURFACE_CURVE('',#2168,(#2173,#2184),.PCURVE_S1.);
#2168 = CIRCLE('',#2169,3.8);
#2169 = AXIS2_PLACEMENT_3D('',#2170,#2171,#2172);
#2170 = CARTESIAN_POINT('',(135.,185.,255.));
#2171 = DIRECTION('',(0.,-1.,0.));
#2172 = DIRECTION('',(0.,-0.,-1.));
#2173 = PCURVE('',#1745,#2174);
#2174 = DEFINITIONAL_REPRESENTATION('',(#2175),#2183);
#2175 = ( BOUNDED_CURVE() B_SPLINE_CURVE(2,(#2176,#2177,#2178,#2179,
#2180,#2181,#2182),.UNSPECIFIED.,.T.,.F.) B_SPLINE_CURVE_WITH_KNOTS((1,2
    ,2,2,2,1),(-2.094395102393,0.,2.094395102393,4.188790204786,
6.28318530718,8.377580409573),.UNSPECIFIED.) CURVE() 
GEOMETRIC_REPRESENTATION_ITEM() RATIONAL_B_SPLINE_CURVE((1.,0.5,1.,0.5,
1.,0.5,1.)) REPRESENTATION_ITEM('') );
#2176 = CARTESIAN_POINT('',(251.2,135.));
#2177 = CARTESIAN_POINT('',(251.2,141.58179306876));
#2178 = CARTESIAN_POINT('',(256.9,138.29089653438));
#2179 = CARTESIAN_POINT('',(262.6,135.));
#2180 = CARTESIAN_POINT('',(256.9,131.70910346561));
#2181 = CARTESIAN_POINT('',(251.2,128.41820693123));
#2182 = CARTESIAN_POINT('',(251.2,135.));
#2183 = ( GEOMETRIC_REPRESENTATION_CONTEXT(2) 
PARAMETRIC_REPRESENTATION_CONTEXT() REPRESENTATION_CONTEXT('2D SPACE',''
  ) );
#2184 = PCURVE('',#2185,#2190);
#2185 = CONICAL_SURFACE('',#2186,3.85,0.785398163397);
#2186 = AXIS2_PLACEMENT_3D('',#2187,#2188,#2189);
#2187 = CARTESIAN_POINT('',(135.,185.05,255.));
#2188 = DIRECTION('',(-0.,1.,-0.));
#2189 = DIRECTION('',(0.,-0.,-1.));
#2190 = DEFINITIONAL_REPRESENTATION('',(#2191),#2195);
#2191 = LINE('',#2192,#2193);
#2192 = CARTESIAN_POINT('',(-0.,-5.000000000001E-02));
#2193 = VECTOR('',#2194,1.);
#2194 = DIRECTION('',(-1.,-0.));
#2195 = ( GEOMETRIC_REPRESENTATION_CONTEXT(2) 
PARAMETRIC_REPRESENTATION_CONTEXT() REPRESENTATION_CONTEXT('2D SPACE',''
  ) );
#2196 = ADVANCED_FACE('',(#2197),#1719,.T.);
#2197 = FACE_BOUND('',#2198,.T.);
#2198 = EDGE_LOOP('',(#2199,#2222,#2223,#2224));
#2199 = ORIENTED_EDGE('',*,*,#2200,.F.);
#2200 = EDGE_CURVE('',#1676,#2201,#2203,.T.);
#2201 = VERTEX_POINT('',#2202);
#2202 = CARTESIAN_POINT('',(145.,165.,280.));
#2203 = SURFACE_CURVE('',#2204,(#2208,#2215),.PCURVE_S1.);
#2204 = LINE('',#2205,#2206);
#2205 = CARTESIAN_POINT('',(145.,165.,0.));
#2206 = VECTOR('',#2207,1.);
#2207 = DIRECTION('',(0.,0.,1.));
#2208 = PCURVE('',#1719,#2209);
#2209 = DEFINITIONAL_REPRESENTATION('',(#2210),#2214);
#2210 = LINE('',#2211,#2212);
#2211 = CARTESIAN_POINT('',(0.,0.));
#2212 = VECTOR('',#2213,1.);
#2213 = DIRECTION('',(0.,1.));
#2214 = ( GEOMETRIC_REPRESENTATION_CONTEXT(2) 
PARAMETRIC_REPRESENTATION_CONTEXT() REPRESENTATION_CONTEXT('2D SPACE',''
  ) );
#2215 = PCURVE('',#1691,#2216);
#2216 = DEFINITIONAL_REPRESENTATION('',(#2217),#2221);
#2217 = LINE('',#2218,#2219);
#2218 = CARTESIAN_POINT('',(0.,145.));
#2219 = VECTOR('',#2220,1.);
#2220 = DIRECTION('',(1.,0.));
#2221 = ( GEOMETRIC_REPRESENTATION_CONTEXT(2) 
PARAMETRIC_REPRESENTATION_CONTEXT() REPRESENTATION_CONTEXT('2D SPACE',''
  ) );
#2222 = ORIENTED_EDGE('',*,*,#1703,.T.);
#2223 = ORIENTED_EDGE('',*,*,#1861,.T.);
#2224 = ORIENTED_EDGE('',*,*,#2225,.F.);
#2225 = EDGE_CURVE('',#2201,#1839,#2226,.T.);
#2226 = SURFACE_CURVE('',#2227,(#2231,#2238),.PCURVE_S1.);
#2227 = LINE('',#2228,#2229);
#2228 = CARTESIAN_POINT('',(145.,165.,280.));
#2229 = VECTOR('',#2230,1.);
#2230 = DIRECTION('',(0.,1.,0.));
#2231 = PCURVE('',#1719,#2232);
#2232 = DEFINITIONAL_REPRESENTATION('',(#2233),#2237);
#2233 = LINE('',#2234,#2235);
#2234 = CARTESIAN_POINT('',(0.,280.));
#2235 = VECTOR('',#2236,1.);
#2236 = DIRECTION('',(1.,0.));
#2237 = ( GEOMETRIC_REPRESENTATION_CONTEXT(2) 
PARAMETRIC_REPRESENTATION_CONTEXT() REPRESENTATION_CONTEXT('2D SPACE',''
  ) );
#2238 = PCURVE('',#1821,#2239);
#2239 = DEFINITIONAL_REPRESENTATION('',(#2240),#2244);
#2240 = LINE('',#2241,#2242);
#2241 = CARTESIAN_POINT('',(0.,-145.));
#2242 = VECTOR('',#2243,1.);
#2243 = DIRECTION('',(1.,0.));
#2244 = ( GEOMETRIC_REPRESENTATION_CONTEXT(2) 
PARAMETRIC_REPRESENTATION_CONTEXT() REPRESENTATION_CONTEXT('2D SPACE',''
  ) );
#2245 = ADVANCED_FACE('',(#2246,#2272,#2303,#2334,#2365,#2396,#2427,
    #2458,#2489,#2520),#1691,.F.);
#2246 = FACE_BOUND('',#2247,.F.);
#2247 = EDGE_LOOP('',(#2248,#2249,#2250,#2271));
#2248 = ORIENTED_EDGE('',*,*,#1675,.F.);
#2249 = ORIENTED_EDGE('',*,*,#1760,.T.);
#2250 = ORIENTED_EDGE('',*,*,#2251,.T.);
#2251 = EDGE_CURVE('',#1761,#2201,#2252,.T.);
#2252 = SURFACE_CURVE('',#2253,(#2257,#2264),.PCURVE_S1.);
#2253 = LINE('',#2254,#2255);
#2254 = CARTESIAN_POINT('',(0.,165.,280.));
#2255 = VECTOR('',#2256,1.);
#2256 = DIRECTION('',(1.,0.,0.));
#2257 = PCURVE('',#1691,#2258);
#2258 = DEFINITIONAL_REPRESENTATION('',(#2259),#2263);
#2259 = LINE('',#2260,#2261);
#2260 = CARTESIAN_POINT('',(280.,0.));
#2261 = VECTOR('',#2262,1.);
#2262 = DIRECTION('',(0.,1.));
#2263 = ( GEOMETRIC_REPRESENTATION_CONTEXT(2) 
PARAMETRIC_REPRESENTATION_CONTEXT() REPRESENTATION_CONTEXT('2D SPACE',''
  ) );
#2264 = PCURVE('',#1821,#2265);
#2265 = DEFINITIONAL_REPRESENTATION('',(#2266),#2270);
#2266 = LINE('',#2267,#2268);
#2267 = CARTESIAN_POINT('',(0.,0.));
#2268 = VECTOR('',#2269,1.);
#2269 = DIRECTION('',(0.,-1.));
#2270 = ( GEOMETRIC_REPRESENTATION_CONTEXT(2) 
PARAMETRIC_REPRESENTATION_CONTEXT() REPRESENTATION_CONTEXT('2D SPACE',''
  ) );
#2271 = ORIENTED_EDGE('',*,*,#2200,.F.);
#2272 = FACE_BOUND('',#2273,.F.);
#2273 = EDGE_LOOP('',(#2274));
#2274 = ORIENTED_EDGE('',*,*,#2275,.F.);
#2275 = EDGE_CURVE('',#2276,#2276,#2278,.T.);
#2276 = VERTEX_POINT('',#2277);
#2277 = CARTESIAN_POINT('',(10.,165.,26.25));
#2278 = SURFACE_CURVE('',#2279,(#2284,#2291),.PCURVE_S1.);
#2279 = CIRCLE('',#2280,1.25);
#2280 = AXIS2_PLACEMENT_3D('',#2281,#2282,#2283);
#2281 = CARTESIAN_POINT('',(10.,165.,25.));
#2282 = DIRECTION('',(-0.,1.,0.));
#2283 = DIRECTION('',(0.,0.,1.));
#2284 = PCURVE('',#1691,#2285);
#2285 = DEFINITIONAL_REPRESENTATION('',(#2286),#2290);
#2286 = CIRCLE('',#2287,1.25);
#2287 = AXIS2_PLACEMENT_2D('',#2288,#2289);
#2288 = CARTESIAN_POINT('',(25.,10.));
#2289 = DIRECTION('',(1.,0.));
#2290 = ( GEOMETRIC_REPRESENTATION_CONTEXT(2) 
PARAMETRIC_REPRESENTATION_CONTEXT() REPRESENTATION_CONTEXT('2D SPACE',''
  ) );
#2291 = PCURVE('',#2292,#2297);
#2292 = CYLINDRICAL_SURFACE('',#2293,1.25);
#2293 = AXIS2_PLACEMENT_3D('',#2294,#2295,#2296);
#2294 = CARTESIAN_POINT('',(10.,185.05,25.));
#2295 = DIRECTION('',(-0.,1.,-0.));
#2296 = DIRECTION('',(0.,0.,1.));
#2297 = DEFINITIONAL_REPRESENTATION('',(#2298),#2302);
#2298 = LINE('',#2299,#2300);
#2299 = CARTESIAN_POINT('',(-6.28318530718,-20.05));
#2300 = VECTOR('',#2301,1.);
#2301 = DIRECTION('',(1.,-0.));
#2302 = ( GEOMETRIC_REPRESENTATION_CONTEXT(2) 
PARAMETRIC_REPRESENTATION_CONTEXT() REPRESENTATION_CONTEXT('2D SPACE',''
  ) );
#2303 = FACE_BOUND('',#2304,.F.);
#2304 = EDGE_LOOP('',(#2305));
#2305 = ORIENTED_EDGE('',*,*,#2306,.F.);
#2306 = EDGE_CURVE('',#2307,#2307,#2309,.T.);
#2307 = VERTEX_POINT('',#2308);
#2308 = CARTESIAN_POINT('',(10.,165.,141.25));
#2309 = SURFACE_CURVE('',#2310,(#2315,#2322),.PCURVE_S1.);
#2310 = CIRCLE('',#2311,1.25);
#2311 = AXIS2_PLACEMENT_3D('',#2312,#2313,#2314);
#2312 = CARTESIAN_POINT('',(10.,165.,140.));
#2313 = DIRECTION('',(-0.,1.,0.));
#2314 = DIRECTION('',(0.,0.,1.));
#2315 = PCURVE('',#1691,#2316);
#2316 = DEFINITIONAL_REPRESENTATION('',(#2317),#2321);
#2317 = CIRCLE('',#2318,1.25);
#2318 = AXIS2_PLACEMENT_2D('',#2319,#2320);
#2319 = CARTESIAN_POINT('',(140.,10.));
#2320 = DIRECTION('',(1.,0.));
#2321 = ( GEOMETRIC_REPRESENTATION_CONTEXT(2) 
PARAMETRIC_REPRESENTATION_CONTEXT() REPRESENTATION_CONTEXT('2D SPACE',''
  ) );
#2322 = PCURVE('',#2323,#2328);
#2323 = CYLINDRICAL_SURFACE('',#2324,1.25);
#2324 = AXIS2_PLACEMENT_3D('',#2325,#2326,#2327);
#2325 = CARTESIAN_POINT('',(10.,185.05,140.));
#2326 = DIRECTION('',(-0.,1.,-0.));
#2327 = DIRECTION('',(0.,0.,1.));
#2328 = DEFINITIONAL_REPRESENTATION('',(#2329),#2333);
#2329 = LINE('',#2330,#2331);
#2330 = CARTESIAN_POINT('',(-6.28318530718,-20.05));
#2331 = VECTOR('',#2332,1.);
#2332 = DIRECTION('',(1.,-0.));
#2333 = ( GEOMETRIC_REPRESENTATION_CONTEXT(2) 
PARAMETRIC_REPRESENTATION_CONTEXT() REPRESENTATION_CONTEXT('2D SPACE',''
  ) );
#2334 = FACE_BOUND('',#2335,.F.);
#2335 = EDGE_LOOP('',(#2336));
#2336 = ORIENTED_EDGE('',*,*,#2337,.F.);
#2337 = EDGE_CURVE('',#2338,#2338,#2340,.T.);
#2338 = VERTEX_POINT('',#2339);
#2339 = CARTESIAN_POINT('',(10.,165.,256.25));
#2340 = SURFACE_CURVE('',#2341,(#2346,#2353),.PCURVE_S1.);
#2341 = CIRCLE('',#2342,1.25);
#2342 = AXIS2_PLACEMENT_3D('',#2343,#2344,#2345);
#2343 = CARTESIAN_POINT('',(10.,165.,255.));
#2344 = DIRECTION('',(-0.,1.,0.));
#2345 = DIRECTION('',(0.,0.,1.));
#2346 = PCURVE('',#1691,#2347);
#2347 = DEFINITIONAL_REPRESENTATION('',(#2348),#2352);
#2348 = CIRCLE('',#2349,1.25);
#2349 = AXIS2_PLACEMENT_2D('',#2350,#2351);
#2350 = CARTESIAN_POINT('',(255.,10.));
#2351 = DIRECTION('',(1.,0.));
#2352 = ( GEOMETRIC_REPRESENTATION_CONTEXT(2) 
PARAMETRIC_REPRESENTATION_CONTEXT() REPRESENTATION_CONTEXT('2D SPACE',''
  ) );
#2353 = PCURVE('',#2354,#2359);
#2354 = CYLINDRICAL_SURFACE('',#2355,1.25);
#2355 = AXIS2_PLACEMENT_3D('',#2356,#2357,#2358);
#2356 = CARTESIAN_POINT('',(10.,185.05,255.));
#2357 = DIRECTION('',(-0.,1.,-0.));
#2358 = DIRECTION('',(0.,0.,1.));
#2359 = DEFINITIONAL_REPRESENTATION('',(#2360),#2364);
#2360 = LINE('',#2361,#2362);
#2361 = CARTESIAN_POINT('',(-6.28318530718,-20.05));
#2362 = VECTOR('',#2363,1.);
#2363 = DIRECTION('',(1.,-0.));
#2364 = ( GEOMETRIC_REPRESENTATION_CONTEXT(2) 
PARAMETRIC_REPRESENTATION_CONTEXT() REPRESENTATION_CONTEXT('2D SPACE',''
  ) );
#2365 = FACE_BOUND('',#2366,.F.);
#2366 = EDGE_LOOP('',(#2367));
#2367 = ORIENTED_EDGE('',*,*,#2368,.F.);
#2368 = EDGE_CURVE('',#2369,#2369,#2371,.T.);
#2369 = VERTEX_POINT('',#2370);
#2370 = CARTESIAN_POINT('',(72.5,165.,28.8));
#2371 = SURFACE_CURVE('',#2372,(#2377,#2384),.PCURVE_S1.);
#2372 = CIRCLE('',#2373,3.8);
#2373 = AXIS2_PLACEMENT_3D('',#2374,#2375,#2376);
#2374 = CARTESIAN_POINT('',(72.5,165.,25.));
#2375 = DIRECTION('',(0.,1.,0.));
#2376 = DIRECTION('',(0.,-0.,1.));
#2377 = PCURVE('',#1691,#2378);
#2378 = DEFINITIONAL_REPRESENTATION('',(#2379),#2383);
#2379 = CIRCLE('',#2380,3.8);
#2380 = AXIS2_PLACEMENT_2D('',#2381,#2382);
#2381 = CARTESIAN_POINT('',(25.,72.5));
#2382 = DIRECTION('',(1.,0.));
#2383 = ( GEOMETRIC_REPRESENTATION_CONTEXT(2) 
PARAMETRIC_REPRESENTATION_CONTEXT() REPRESENTATION_CONTEXT('2D SPACE',''
  ) );
#2384 = PCURVE('',#2385,#2390);
#2385 = CONICAL_SURFACE('',#2386,3.85,0.785398163397);
#2386 = AXIS2_PLACEMENT_3D('',#2387,#2388,#2389);
#2387 = CARTESIAN_POINT('',(72.5,164.95,25.));
#2388 = DIRECTION('',(-0.,-1.,-0.));
#2389 = DIRECTION('',(0.,-0.,1.));
#2390 = DEFINITIONAL_REPRESENTATION('',(#2391),#2395);
#2391 = LINE('',#2392,#2393);
#2392 = CARTESIAN_POINT('',(-0.,-5.000000000001E-02));
#2393 = VECTOR('',#2394,1.);
#2394 = DIRECTION('',(-1.,-0.));
#2395 = ( GEOMETRIC_REPRESENTATION_CONTEXT(2) 
PARAMETRIC_REPRESENTATION_CONTEXT() REPRESENTATION_CONTEXT('2D SPACE',''
  ) );
#2396 = FACE_BOUND('',#2397,.F.);
#2397 = EDGE_LOOP('',(#2398));
#2398 = ORIENTED_EDGE('',*,*,#2399,.F.);
#2399 = EDGE_CURVE('',#2400,#2400,#2402,.T.);
#2400 = VERTEX_POINT('',#2401);
#2401 = CARTESIAN_POINT('',(135.,165.,26.25));
#2402 = SURFACE_CURVE('',#2403,(#2408,#2415),.PCURVE_S1.);
#2403 = CIRCLE('',#2404,1.25);
#2404 = AXIS2_PLACEMENT_3D('',#2405,#2406,#2407);
#2405 = CARTESIAN_POINT('',(135.,165.,25.));
#2406 = DIRECTION('',(-0.,1.,0.));
#2407 = DIRECTION('',(0.,0.,1.));
#2408 = PCURVE('',#1691,#2409);
#2409 = DEFINITIONAL_REPRESENTATION('',(#2410),#2414);
#2410 = CIRCLE('',#2411,1.25);
#2411 = AXIS2_PLACEMENT_2D('',#2412,#2413);
#2412 = CARTESIAN_POINT('',(25.,135.));
#2413 = DIRECTION('',(1.,0.));
#2414 = ( GEOMETRIC_REPRESENTATION_CONTEXT(2) 
PARAMETRIC_REPRESENTATION_CONTEXT() REPRESENTATION_CONTEXT('2D SPACE',''
  ) );
#2415 = PCURVE('',#2416,#2421);
#2416 = CYLINDRICAL_SURFACE('',#2417,1.25);
#2417 = AXIS2_PLACEMENT_3D('',#2418,#2419,#2420);
#2418 = CARTESIAN_POINT('',(135.,185.05,25.));
#2419 = DIRECTION('',(-0.,1.,-0.));
#2420 = DIRECTION('',(0.,0.,1.));
#2421 = DEFINITIONAL_REPRESENTATION('',(#2422),#2426);
#2422 = LINE('',#2423,#2424);
#2423 = CARTESIAN_POINT('',(-6.28318530718,-20.05));
#2424 = VECTOR('',#2425,1.);
#2425 = DIRECTION('',(1.,-0.));
#2426 = ( GEOMETRIC_REPRESENTATION_CONTEXT(2) 
PARAMETRIC_REPRESENTATION_CONTEXT() REPRESENTATION_CONTEXT('2D SPACE',''
  ) );
#2427 = FACE_BOUND('',#2428,.F.);
#2428 = EDGE_LOOP('',(#2429));
#2429 = ORIENTED_EDGE('',*,*,#2430,.F.);
#2430 = EDGE_CURVE('',#2431,#2431,#2433,.T.);
#2431 = VERTEX_POINT('',#2432);
#2432 = CARTESIAN_POINT('',(72.5,165.,143.8));
#2433 = SURFACE_CURVE('',#2434,(#2439,#2446),.PCURVE_S1.);
#2434 = CIRCLE('',#2435,3.8);
#2435 = AXIS2_PLACEMENT_3D('',#2436,#2437,#2438);
#2436 = CARTESIAN_POINT('',(72.5,165.,140.));
#2437 = DIRECTION('',(0.,1.,0.));
#2438 = DIRECTION('',(0.,-0.,1.));
#2439 = PCURVE('',#1691,#2440);
#2440 = DEFINITIONAL_REPRESENTATION('',(#2441),#2445);
#2441 = CIRCLE('',#2442,3.8);
#2442 = AXIS2_PLACEMENT_2D('',#2443,#2444);
#2443 = CARTESIAN_POINT('',(140.,72.5));
#2444 = DIRECTION('',(1.,0.));
#2445 = ( GEOMETRIC_REPRESENTATION_CONTEXT(2) 
PARAMETRIC_REPRESENTATION_CONTEXT() REPRESENTATION_CONTEXT('2D SPACE',''
  ) );
#2446 = PCURVE('',#2447,#2452);
#2447 = CONICAL_SURFACE('',#2448,3.85,0.785398163397);
#2448 = AXIS2_PLACEMENT_3D('',#2449,#2450,#2451);
#2449 = CARTESIAN_POINT('',(72.5,164.95,140.));
#2450 = DIRECTION('',(-0.,-1.,-0.));
#2451 = DIRECTION('',(0.,-0.,1.));
#2452 = DEFINITIONAL_REPRESENTATION('',(#2453),#2457);
#2453 = LINE('',#2454,#2455);
#2454 = CARTESIAN_POINT('',(-0.,-5.000000000001E-02));
#2455 = VECTOR('',#2456,1.);
#2456 = DIRECTION('',(-1.,-0.));
#2457 = ( GEOMETRIC_REPRESENTATION_CONTEXT(2) 
PARAMETRIC_REPRESENTATION_CONTEXT() REPRESENTATION_CONTEXT('2D SPACE',''
  ) );
#2458 = FACE_BOUND('',#2459,.F.);
#2459 = EDGE_LOOP('',(#2460));
#2460 = ORIENTED_EDGE('',*,*,#2461,.F.);
#2461 = EDGE_CURVE('',#2462,#2462,#2464,.T.);
#2462 = VERTEX_POINT('',#2463);
#2463 = CARTESIAN_POINT('',(72.5,165.,258.8));
#2464 = SURFACE_CURVE('',#2465,(#2470,#2477),.PCURVE_S1.);
#2465 = CIRCLE('',#2466,3.8);
#2466 = AXIS2_PLACEMENT_3D('',#2467,#2468,#2469);
#2467 = CARTESIAN_POINT('',(72.5,165.,255.));
#2468 = DIRECTION('',(0.,1.,0.));
#2469 = DIRECTION('',(0.,-0.,1.));
#2470 = PCURVE('',#1691,#2471);
#2471 = DEFINITIONAL_REPRESENTATION('',(#2472),#2476);
#2472 = CIRCLE('',#2473,3.8);
#2473 = AXIS2_PLACEMENT_2D('',#2474,#2475);
#2474 = CARTESIAN_POINT('',(255.,72.5));
#2475 = DIRECTION('',(1.,0.));
#2476 = ( GEOMETRIC_REPRESENTATION_CONTEXT(2) 
PARAMETRIC_REPRESENTATION_CONTEXT() REPRESENTATION_CONTEXT('2D SPACE',''
  ) );
#2477 = PCURVE('',#2478,#2483);
#2478 = CONICAL_SURFACE('',#2479,3.85,0.785398163397);
#2479 = AXIS2_PLACEMENT_3D('',#2480,#2481,#2482);
#2480 = CARTESIAN_POINT('',(72.5,164.95,255.));
#2481 = DIRECTION('',(-0.,-1.,-0.));
#2482 = DIRECTION('',(0.,-0.,1.));
#2483 = DEFINITIONAL_REPRESENTATION('',(#2484),#2488);
#2484 = LINE('',#2485,#2486);
#2485 = CARTESIAN_POINT('',(-0.,-5.000000000001E-02));
#2486 = VECTOR('',#2487,1.);
#2487 = DIRECTION('',(-1.,-0.));
#2488 = ( GEOMETRIC_REPRESENTATION_CONTEXT(2) 
PARAMETRIC_REPRESENTATION_CONTEXT() REPRESENTATION_CONTEXT('2D SPACE',''
  ) );
#2489 = FACE_BOUND('',#2490,.F.);
#2490 = EDGE_LOOP('',(#2491));
#2491 = ORIENTED_EDGE('',*,*,#2492,.F.);
#2492 = EDGE_CURVE('',#2493,#2493,#2495,.T.);
#2493 = VERTEX_POINT('',#2494);
#2494 = CARTESIAN_POINT('',(135.,165.,141.25));
#2495 = SURFACE_CURVE('',#2496,(#2501,#2508),.PCURVE_S1.);
#2496 = CIRCLE('',#2497,1.25);
#2497 = AXIS2_PLACEMENT_3D('',#2498,#2499,#2500);
#2498 = CARTESIAN_POINT('',(135.,165.,140.));
#2499 = DIRECTION('',(-0.,1.,0.));
#2500 = DIRECTION('',(0.,0.,1.));
#2501 = PCURVE('',#1691,#2502);
#2502 = DEFINITIONAL_REPRESENTATION('',(#2503),#2507);
#2503 = CIRCLE('',#2504,1.25);
#2504 = AXIS2_PLACEMENT_2D('',#2505,#2506);
#2505 = CARTESIAN_POINT('',(140.,135.));
#2506 = DIRECTION('',(1.,0.));
#2507 = ( GEOMETRIC_REPRESENTATION_CONTEXT(2) 
PARAMETRIC_REPRESENTATION_CONTEXT() REPRESENTATION_CONTEXT('2D SPACE',''
  ) );
#2508 = PCURVE('',#2509,#2514);
#2509 = CYLINDRICAL_SURFACE('',#2510,1.25);
#2510 = AXIS2_PLACEMENT_3D('',#2511,#2512,#2513);
#2511 = CARTESIAN_POINT('',(135.,185.05,140.));
#2512 = DIRECTION('',(-0.,1.,-0.));
#2513 = DIRECTION('',(0.,0.,1.));
#2514 = DEFINITIONAL_REPRESENTATION('',(#2515),#2519);
#2515 = LINE('',#2516,#2517);
#2516 = CARTESIAN_POINT('',(-6.28318530718,-20.05));
#2517 = VECTOR('',#2518,1.);
#2518 = DIRECTION('',(1.,-0.));
#2519 = ( GEOMETRIC_REPRESENTATION_CONTEXT(2) 
PARAMETRIC_REPRESENTATION_CONTEXT() REPRESENTATION_CONTEXT('2D SPACE',''
  ) );
#2520 = FACE_BOUND('',#2521,.F.);
#2521 = EDGE_LOOP('',(#2522));
#2522 = ORIENTED_EDGE('',*,*,#2523,.F.);
#2523 = EDGE_CURVE('',#2524,#2524,#2526,.T.);
#2524 = VERTEX_POINT('',#2525);
#2525 = CARTESIAN_POINT('',(135.,165.,256.25));
#2526 = SURFACE_CURVE('',#2527,(#2532,#2539),.PCURVE_S1.);
#2527 = CIRCLE('',#2528,1.25);
#2528 = AXIS2_PLACEMENT_3D('',#2529,#2530,#2531);
#2529 = CARTESIAN_POINT('',(135.,165.,255.));
#2530 = DIRECTION('',(-0.,1.,0.));
#2531 = DIRECTION('',(0.,0.,1.));
#2532 = PCURVE('',#1691,#2533);
#2533 = DEFINITIONAL_REPRESENTATION('',(#2534),#2538);
#2534 = CIRCLE('',#2535,1.25);
#2535 = AXIS2_PLACEMENT_2D('',#2536,#2537);
#2536 = CARTESIAN_POINT('',(255.,135.));
#2537 = DIRECTION('',(1.,0.));
#2538 = ( GEOMETRIC_REPRESENTATION_CONTEXT(2) 
PARAMETRIC_REPRESENTATION_CONTEXT() REPRESENTATION_CONTEXT('2D SPACE',''
  ) );
#2539 = PCURVE('',#2540,#2545);
#2540 = CYLINDRICAL_SURFACE('',#2541,1.25);
#2541 = AXIS2_PLACEMENT_3D('',#2542,#2543,#2544);
#2542 = CARTESIAN_POINT('',(135.,185.05,255.));
#2543 = DIRECTION('',(-0.,1.,-0.));
#2544 = DIRECTION('',(0.,0.,1.));
#2545 = DEFINITIONAL_REPRESENTATION('',(#2546),#2550);
#2546 = LINE('',#2547,#2548);
#2547 = CARTESIAN_POINT('',(-6.28318530718,-20.05));
#2548 = VECTOR('',#2549,1.);
#2549 = DIRECTION('',(1.,-0.));
#2550 = ( GEOMETRIC_REPRESENTATION_CONTEXT(2) 
PARAMETRIC_REPRESENTATION_CONTEXT() REPRESENTATION_CONTEXT('2D SPACE',''
  ) );
#2551 = ADVANCED_FACE('',(#2552,#2558,#2589),#1821,.T.);
#2552 = FACE_BOUND('',#2553,.T.);
#2553 = EDGE_LOOP('',(#2554,#2555,#2556,#2557));
#2554 = ORIENTED_EDGE('',*,*,#1807,.F.);
#2555 = ORIENTED_EDGE('',*,*,#2251,.T.);
#2556 = ORIENTED_EDGE('',*,*,#2225,.T.);
#2557 = ORIENTED_EDGE('',*,*,#1838,.F.);
#2558 = FACE_BOUND('',#2559,.T.);
#2559 = EDGE_LOOP('',(#2560));
#2560 = ORIENTED_EDGE('',*,*,#2561,.F.);
#2561 = EDGE_CURVE('',#2562,#2562,#2564,.T.);
#2562 = VERTEX_POINT('',#2563);
#2563 = CARTESIAN_POINT('',(121.25,175.,280.));
#2564 = SURFACE_CURVE('',#2565,(#2570,#2577),.PCURVE_S1.);
#2565 = CIRCLE('',#2566,1.25);
#2566 = AXIS2_PLACEMENT_3D('',#2567,#2568,#2569);
#2567 = CARTESIAN_POINT('',(120.,175.,280.));
#2568 = DIRECTION('',(0.,-0.,1.));
#2569 = DIRECTION('',(1.,0.,0.));
#2570 = PCURVE('',#1821,#2571);
#2571 = DEFINITIONAL_REPRESENTATION('',(#2572),#2576);
#2572 = CIRCLE('',#2573,1.25);
#2573 = AXIS2_PLACEMENT_2D('',#2574,#2575);
#2574 = CARTESIAN_POINT('',(10.,-120.));
#2575 = DIRECTION('',(0.,-1.));
#2576 = ( GEOMETRIC_REPRESENTATION_CONTEXT(2) 
PARAMETRIC_REPRESENTATION_CONTEXT() REPRESENTATION_CONTEXT('2D SPACE',''
  ) );
#2577 = PCURVE('',#2578,#2583);
#2578 = CYLINDRICAL_SURFACE('',#2579,1.25);
#2579 = AXIS2_PLACEMENT_3D('',#2580,#2581,#2582);
#2580 = CARTESIAN_POINT('',(120.,175.,280.05));
#2581 = DIRECTION('',(-0.,-0.,1.));
#2582 = DIRECTION('',(1.,0.,0.));
#2583 = DEFINITIONAL_REPRESENTATION('',(#2584),#2588);
#2584 = LINE('',#2585,#2586);
#2585 = CARTESIAN_POINT('',(-6.28318530718,-5.000000000001E-02));
#2586 = VECTOR('',#2587,1.);
#2587 = DIRECTION('',(1.,-0.));
#2588 = ( GEOMETRIC_REPRESENTATION_CONTEXT(2) 
PARAMETRIC_REPRESENTATION_CONTEXT() REPRESENTATION_CONTEXT('2D SPACE',''
  ) );
#2589 = FACE_BOUND('',#2590,.T.);
#2590 = EDGE_LOOP('',(#2591));
#2591 = ORIENTED_EDGE('',*,*,#2592,.F.);
#2592 = EDGE_CURVE('',#2593,#2593,#2595,.T.);
#2593 = VERTEX_POINT('',#2594);
#2594 = CARTESIAN_POINT('',(26.25,175.,280.));
#2595 = SURFACE_CURVE('',#2596,(#2601,#2608),.PCURVE_S1.);
#2596 = CIRCLE('',#2597,1.25);
#2597 = AXIS2_PLACEMENT_3D('',#2598,#2599,#2600);
#2598 = CARTESIAN_POINT('',(25.,175.,280.));
#2599 = DIRECTION('',(0.,-0.,1.));
#2600 = DIRECTION('',(1.,0.,0.));
#2601 = PCURVE('',#1821,#2602);
#2602 = DEFINITIONAL_REPRESENTATION('',(#2603),#2607);
#2603 = CIRCLE('',#2604,1.25);
#2604 = AXIS2_PLACEMENT_2D('',#2605,#2606);
#2605 = CARTESIAN_POINT('',(10.,-25.));
#2606 = DIRECTION('',(0.,-1.));
#2607 = ( GEOMETRIC_REPRESENTATION_CONTEXT(2) 
PARAMETRIC_REPRESENTATION_CONTEXT() REPRESENTATION_CONTEXT('2D SPACE',''
  ) );
#2608 = PCURVE('',#2609,#2614);
#2609 = CYLINDRICAL_SURFACE('',#2610,1.25);
#2610 = AXIS2_PLACEMENT_3D('',#2611,#2612,#2613);
#2611 = CARTESIAN_POINT('',(25.,175.,280.05));
#2612 = DIRECTION('',(-0.,-0.,1.));
#2613 = DIRECTION('',(1.,0.,0.));
#2614 = DEFINITIONAL_REPRESENTATION('',(#2615),#2619);
#2615 = LINE('',#2616,#2617);
#2616 = CARTESIAN_POINT('',(-6.28318530718,-5.000000000001E-02));
#2617 = VECTOR('',#2618,1.);
#2618 = DIRECTION('',(1.,-0.));
#2619 = ( GEOMETRIC_REPRESENTATION_CONTEXT(2) 
PARAMETRIC_REPRESENTATION_CONTEXT() REPRESENTATION_CONTEXT('2D SPACE',''
  ) );
#2620 = ADVANCED_FACE('',(#2621),#1905,.F.);
#2621 = FACE_BOUND('',#2622,.F.);
#2622 = EDGE_LOOP('',(#2623,#2624,#2647,#2671,#2693));
#2623 = ORIENTED_EDGE('',*,*,#1884,.T.);
#2624 = ORIENTED_EDGE('',*,*,#2625,.T.);
#2625 = EDGE_CURVE('',#1885,#2626,#2628,.T.);
#2626 = VERTEX_POINT('',#2627);
#2627 = CARTESIAN_POINT('',(10.,182.45,23.75));
#2628 = SEAM_CURVE('',#2629,(#2633,#2640),.PCURVE_S1.);
#2629 = LINE('',#2630,#2631);
#2630 = CARTESIAN_POINT('',(10.,185.05,21.15));
#2631 = VECTOR('',#2632,1.);
#2632 = DIRECTION('',(1.731912112471E-16,-0.707106781187,0.707106781187)
  );
#2633 = PCURVE('',#1905,#2634);
#2634 = DEFINITIONAL_REPRESENTATION('',(#2635),#2639);
#2635 = LINE('',#2636,#2637);
#2636 = CARTESIAN_POINT('',(0.,-0.));
#2637 = VECTOR('',#2638,1.);
#2638 = DIRECTION('',(-0.,-1.));
#2639 = ( GEOMETRIC_REPRESENTATION_CONTEXT(2) 
PARAMETRIC_REPRESENTATION_CONTEXT() REPRESENTATION_CONTEXT('2D SPACE',''
  ) );
#2640 = PCURVE('',#1905,#2641);
#2641 = DEFINITIONAL_REPRESENTATION('',(#2642),#2646);
#2642 = LINE('',#2643,#2644);
#2643 = CARTESIAN_POINT('',(-6.28318530718,0.));
#2644 = VECTOR('',#2645,1.);
#2645 = DIRECTION('',(-0.,-1.));
#2646 = ( GEOMETRIC_REPRESENTATION_CONTEXT(2) 
PARAMETRIC_REPRESENTATION_CONTEXT() REPRESENTATION_CONTEXT('2D SPACE',''
  ) );
#2647 = ORIENTED_EDGE('',*,*,#2648,.F.);
#2648 = EDGE_CURVE('',#2649,#2626,#2651,.T.);
#2649 = VERTEX_POINT('',#2650);
#2650 = CARTESIAN_POINT('',(10.,182.45,26.25));
#2651 = SURFACE_CURVE('',#2652,(#2657,#2664),.PCURVE_S1.);
#2652 = CIRCLE('',#2653,1.25);
#2653 = AXIS2_PLACEMENT_3D('',#2654,#2655,#2656);
#2654 = CARTESIAN_POINT('',(10.,182.45,25.));
#2655 = DIRECTION('',(0.,-1.,0.));
#2656 = DIRECTION('',(0.,-0.,-1.));
#2657 = PCURVE('',#1905,#2658);
#2658 = DEFINITIONAL_REPRESENTATION('',(#2659),#2663);
#2659 = LINE('',#2660,#2661);
#2660 = CARTESIAN_POINT('',(-0.,-2.6));
#2661 = VECTOR('',#2662,1.);
#2662 = DIRECTION('',(-1.,-0.));
#2663 = ( GEOMETRIC_REPRESENTATION_CONTEXT(2) 
PARAMETRIC_REPRESENTATION_CONTEXT() REPRESENTATION_CONTEXT('2D SPACE',''
  ) );
#2664 = PCURVE('',#2292,#2665);
#2665 = DEFINITIONAL_REPRESENTATION('',(#2666),#2670);
#2666 = LINE('',#2667,#2668);
#2667 = CARTESIAN_POINT('',(3.14159265359,-2.6));
#2668 = VECTOR('',#2669,1.);
#2669 = DIRECTION('',(-1.,0.));
#2670 = ( GEOMETRIC_REPRESENTATION_CONTEXT(2) 
PARAMETRIC_REPRESENTATION_CONTEXT() REPRESENTATION_CONTEXT('2D SPACE',''
  ) );
#2671 = ORIENTED_EDGE('',*,*,#2672,.F.);
#2672 = EDGE_CURVE('',#2626,#2649,#2673,.T.);
#2673 = SURFACE_CURVE('',#2674,(#2679,#2686),.PCURVE_S1.);
#2674 = CIRCLE('',#2675,1.25);
#2675 = AXIS2_PLACEMENT_3D('',#2676,#2677,#2678);
#2676 = CARTESIAN_POINT('',(10.,182.45,25.));
#2677 = DIRECTION('',(0.,-1.,0.));
#2678 = DIRECTION('',(0.,-0.,-1.));
#2679 = PCURVE('',#1905,#2680);
#2680 = DEFINITIONAL_REPRESENTATION('',(#2681),#2685);
#2681 = LINE('',#2682,#2683);
#2682 = CARTESIAN_POINT('',(-0.,-2.6));
#2683 = VECTOR('',#2684,1.);
#2684 = DIRECTION('',(-1.,-0.));
#2685 = ( GEOMETRIC_REPRESENTATION_CONTEXT(2) 
PARAMETRIC_REPRESENTATION_CONTEXT() REPRESENTATION_CONTEXT('2D SPACE',''
  ) );
#2686 = PCURVE('',#2292,#2687);
#2687 = DEFINITIONAL_REPRESENTATION('',(#2688),#2692);
#2688 = LINE('',#2689,#2690);
#2689 = CARTESIAN_POINT('',(-3.14159265359,-2.6));
#2690 = VECTOR('',#2691,1.);
#2691 = DIRECTION('',(-1.,0.));
#2692 = ( GEOMETRIC_REPRESENTATION_CONTEXT(2) 
PARAMETRIC_REPRESENTATION_CONTEXT() REPRESENTATION_CONTEXT('2D SPACE',''
  ) );
#2693 = ORIENTED_EDGE('',*,*,#2625,.F.);
#2694 = ADVANCED_FACE('',(#2695),#1940,.F.);
#2695 = FACE_BOUND('',#2696,.F.);
#2696 = EDGE_LOOP('',(#2697,#2698,#2721,#2745,#2767));
#2697 = ORIENTED_EDGE('',*,*,#1919,.T.);
#2698 = ORIENTED_EDGE('',*,*,#2699,.T.);
#2699 = EDGE_CURVE('',#1920,#2700,#2702,.T.);
#2700 = VERTEX_POINT('',#2701);
#2701 = CARTESIAN_POINT('',(10.,182.45,138.75));
#2702 = SEAM_CURVE('',#2703,(#2707,#2714),.PCURVE_S1.);
#2703 = LINE('',#2704,#2705);
#2704 = CARTESIAN_POINT('',(10.,185.05,136.15));
#2705 = VECTOR('',#2706,1.);
#2706 = DIRECTION('',(1.731912112471E-16,-0.707106781187,0.707106781187)
  );
#2707 = PCURVE('',#1940,#2708);
#2708 = DEFINITIONAL_REPRESENTATION('',(#2709),#2713);
#2709 = LINE('',#2710,#2711);
#2710 = CARTESIAN_POINT('',(0.,-0.));
#2711 = VECTOR('',#2712,1.);
#2712 = DIRECTION('',(-0.,-1.));
#2713 = ( GEOMETRIC_REPRESENTATION_CONTEXT(2) 
PARAMETRIC_REPRESENTATION_CONTEXT() REPRESENTATION_CONTEXT('2D SPACE',''
  ) );
#2714 = PCURVE('',#1940,#2715);
#2715 = DEFINITIONAL_REPRESENTATION('',(#2716),#2720);
#2716 = LINE('',#2717,#2718);
#2717 = CARTESIAN_POINT('',(-6.28318530718,0.));
#2718 = VECTOR('',#2719,1.);
#2719 = DIRECTION('',(-0.,-1.));
#2720 = ( GEOMETRIC_REPRESENTATION_CONTEXT(2) 
PARAMETRIC_REPRESENTATION_CONTEXT() REPRESENTATION_CONTEXT('2D SPACE',''
  ) );
#2721 = ORIENTED_EDGE('',*,*,#2722,.F.);
#2722 = EDGE_CURVE('',#2723,#2700,#2725,.T.);
#2723 = VERTEX_POINT('',#2724);
#2724 = CARTESIAN_POINT('',(10.,182.45,141.25));
#2725 = SURFACE_CURVE('',#2726,(#2731,#2738),.PCURVE_S1.);
#2726 = CIRCLE('',#2727,1.25);
#2727 = AXIS2_PLACEMENT_3D('',#2728,#2729,#2730);
#2728 = CARTESIAN_POINT('',(10.,182.45,140.));
#2729 = DIRECTION('',(0.,-1.,0.));
#2730 = DIRECTION('',(0.,-0.,-1.));
#2731 = PCURVE('',#1940,#2732);
#2732 = DEFINITIONAL_REPRESENTATION('',(#2733),#2737);
#2733 = LINE('',#2734,#2735);
#2734 = CARTESIAN_POINT('',(-0.,-2.6));
#2735 = VECTOR('',#2736,1.);
#2736 = DIRECTION('',(-1.,-0.));
#2737 = ( GEOMETRIC_REPRESENTATION_CONTEXT(2) 
PARAMETRIC_REPRESENTATION_CONTEXT() REPRESENTATION_CONTEXT('2D SPACE',''
  ) );
#2738 = PCURVE('',#2323,#2739);
#2739 = DEFINITIONAL_REPRESENTATION('',(#2740),#2744);
#2740 = LINE('',#2741,#2742);
#2741 = CARTESIAN_POINT('',(3.14159265359,-2.6));
#2742 = VECTOR('',#2743,1.);
#2743 = DIRECTION('',(-1.,0.));
#2744 = ( GEOMETRIC_REPRESENTATION_CONTEXT(2) 
PARAMETRIC_REPRESENTATION_CONTEXT() REPRESENTATION_CONTEXT('2D SPACE',''
  ) );
#2745 = ORIENTED_EDGE('',*,*,#2746,.F.);
#2746 = EDGE_CURVE('',#2700,#2723,#2747,.T.);
#2747 = SURFACE_CURVE('',#2748,(#2753,#2760),.PCURVE_S1.);
#2748 = CIRCLE('',#2749,1.25);
#2749 = AXIS2_PLACEMENT_3D('',#2750,#2751,#2752);
#2750 = CARTESIAN_POINT('',(10.,182.45,140.));
#2751 = DIRECTION('',(0.,-1.,0.));
#2752 = DIRECTION('',(0.,-0.,-1.));
#2753 = PCURVE('',#1940,#2754);
#2754 = DEFINITIONAL_REPRESENTATION('',(#2755),#2759);
#2755 = LINE('',#2756,#2757);
#2756 = CARTESIAN_POINT('',(-0.,-2.6));
#2757 = VECTOR('',#2758,1.);
#2758 = DIRECTION('',(-1.,-0.));
#2759 = ( GEOMETRIC_REPRESENTATION_CONTEXT(2) 
PARAMETRIC_REPRESENTATION_CONTEXT() REPRESENTATION_CONTEXT('2D SPACE',''
  ) );
#2760 = PCURVE('',#2323,#2761);
#2761 = DEFINITIONAL_REPRESENTATION('',(#2762),#2766);
#2762 = LINE('',#2763,#2764);
#2763 = CARTESIAN_POINT('',(-3.14159265359,-2.6));
#2764 = VECTOR('',#2765,1.);
#2765 = DIRECTION('',(-1.,0.));
#2766 = ( GEOMETRIC_REPRESENTATION_CONTEXT(2) 
PARAMETRIC_REPRESENTATION_CONTEXT() REPRESENTATION_CONTEXT('2D SPACE',''
  ) );
#2767 = ORIENTED_EDGE('',*,*,#2699,.F.);
#2768 = ADVANCED_FACE('',(#2769),#1975,.F.);
#2769 = FACE_BOUND('',#2770,.F.);
#2770 = EDGE_LOOP('',(#2771,#2772,#2795,#2819,#2841));
#2771 = ORIENTED_EDGE('',*,*,#1954,.T.);
#2772 = ORIENTED_EDGE('',*,*,#2773,.T.);
#2773 = EDGE_CURVE('',#1955,#2774,#2776,.T.);
#2774 = VERTEX_POINT('',#2775);
#2775 = CARTESIAN_POINT('',(10.,182.45,253.75));
#2776 = SEAM_CURVE('',#2777,(#2781,#2788),.PCURVE_S1.);
#2777 = LINE('',#2778,#2779);
#2778 = CARTESIAN_POINT('',(10.,185.05,251.15));
#2779 = VECTOR('',#2780,1.);
#2780 = DIRECTION('',(1.731912112471E-16,-0.707106781187,0.707106781187)
  );
#2781 = PCURVE('',#1975,#2782);
#2782 = DEFINITIONAL_REPRESENTATION('',(#2783),#2787);
#2783 = LINE('',#2784,#2785);
#2784 = CARTESIAN_POINT('',(0.,-0.));
#2785 = VECTOR('',#2786,1.);
#2786 = DIRECTION('',(-0.,-1.));
#2787 = ( GEOMETRIC_REPRESENTATION_CONTEXT(2) 
PARAMETRIC_REPRESENTATION_CONTEXT() REPRESENTATION_CONTEXT('2D SPACE',''
  ) );
#2788 = PCURVE('',#1975,#2789);
#2789 = DEFINITIONAL_REPRESENTATION('',(#2790),#2794);
#2790 = LINE('',#2791,#2792);
#2791 = CARTESIAN_POINT('',(-6.28318530718,0.));
#2792 = VECTOR('',#2793,1.);
#2793 = DIRECTION('',(-0.,-1.));
#2794 = ( GEOMETRIC_REPRESENTATION_CONTEXT(2) 
PARAMETRIC_REPRESENTATION_CONTEXT() REPRESENTATION_CONTEXT('2D SPACE',''
  ) );
#2795 = ORIENTED_EDGE('',*,*,#2796,.F.);
#2796 = EDGE_CURVE('',#2797,#2774,#2799,.T.);
#2797 = VERTEX_POINT('',#2798);
#2798 = CARTESIAN_POINT('',(10.,182.45,256.25));
#2799 = SURFACE_CURVE('',#2800,(#2805,#2812),.PCURVE_S1.);
#2800 = CIRCLE('',#2801,1.25);
#2801 = AXIS2_PLACEMENT_3D('',#2802,#2803,#2804);
#2802 = CARTESIAN_POINT('',(10.,182.45,255.));
#2803 = DIRECTION('',(0.,-1.,0.));
#2804 = DIRECTION('',(0.,-0.,-1.));
#2805 = PCURVE('',#1975,#2806);
#2806 = DEFINITIONAL_REPRESENTATION('',(#2807),#2811);
#2807 = LINE('',#2808,#2809);
#2808 = CARTESIAN_POINT('',(-0.,-2.6));
#2809 = VECTOR('',#2810,1.);
#2810 = DIRECTION('',(-1.,-0.));
#2811 = ( GEOMETRIC_REPRESENTATION_CONTEXT(2) 
PARAMETRIC_REPRESENTATION_CONTEXT() REPRESENTATION_CONTEXT('2D SPACE',''
  ) );
#2812 = PCURVE('',#2354,#2813);
#2813 = DEFINITIONAL_REPRESENTATION('',(#2814),#2818);
#2814 = LINE('',#2815,#2816);
#2815 = CARTESIAN_POINT('',(3.14159265359,-2.6));
#2816 = VECTOR('',#2817,1.);
#2817 = DIRECTION('',(-1.,0.));
#2818 = ( GEOMETRIC_REPRESENTATION_CONTEXT(2) 
PARAMETRIC_REPRESENTATION_CONTEXT() REPRESENTATION_CONTEXT('2D SPACE',''
  ) );
#2819 = ORIENTED_EDGE('',*,*,#2820,.F.);
#2820 = EDGE_CURVE('',#2774,#2797,#2821,.T.);
#2821 = SURFACE_CURVE('',#2822,(#2827,#2834),.PCURVE_S1.);
#2822 = CIRCLE('',#2823,1.25);
#2823 = AXIS2_PLACEMENT_3D('',#2824,#2825,#2826);
#2824 = CARTESIAN_POINT('',(10.,182.45,255.));
#2825 = DIRECTION('',(0.,-1.,0.));
#2826 = DIRECTION('',(0.,-0.,-1.));
#2827 = PCURVE('',#1975,#2828);
#2828 = DEFINITIONAL_REPRESENTATION('',(#2829),#2833);
#2829 = LINE('',#2830,#2831);
#2830 = CARTESIAN_POINT('',(-0.,-2.6));
#2831 = VECTOR('',#2832,1.);
#2832 = DIRECTION('',(-1.,-0.));
#2833 = ( GEOMETRIC_REPRESENTATION_CONTEXT(2) 
PARAMETRIC_REPRESENTATION_CONTEXT() REPRESENTATION_CONTEXT('2D SPACE',''
  ) );
#2834 = PCURVE('',#2354,#2835);
#2835 = DEFINITIONAL_REPRESENTATION('',(#2836),#2840);
#2836 = LINE('',#2837,#2838);
#2837 = CARTESIAN_POINT('',(-3.14159265359,-2.6));
#2838 = VECTOR('',#2839,1.);
#2839 = DIRECTION('',(-1.,0.));
#2840 = ( GEOMETRIC_REPRESENTATION_CONTEXT(2) 
PARAMETRIC_REPRESENTATION_CONTEXT() REPRESENTATION_CONTEXT('2D SPACE',''
  ) );
#2841 = ORIENTED_EDGE('',*,*,#2773,.F.);
#2842 = ADVANCED_FACE('',(#2843),#2010,.F.);
#2843 = FACE_BOUND('',#2844,.T.);
#2844 = EDGE_LOOP('',(#2845,#2868,#2890,#2891));
#2845 = ORIENTED_EDGE('',*,*,#2846,.F.);
#2846 = EDGE_CURVE('',#2847,#1990,#2849,.T.);
#2847 = VERTEX_POINT('',#2848);
#2848 = CARTESIAN_POINT('',(72.5,167.55,26.25));
#2849 = SEAM_CURVE('',#2850,(#2854,#2861),.PCURVE_S1.);
#2850 = LINE('',#2851,#2852);
#2851 = CARTESIAN_POINT('',(72.5,164.95,26.25));
#2852 = VECTOR('',#2853,1.);
#2853 = DIRECTION('',(0.,1.,0.));
#2854 = PCURVE('',#2010,#2855);
#2855 = DEFINITIONAL_REPRESENTATION('',(#2856),#2860);
#2856 = LINE('',#2857,#2858);
#2857 = CARTESIAN_POINT('',(-6.28318530718,0.));
#2858 = VECTOR('',#2859,1.);
#2859 = DIRECTION('',(-0.,-1.));
#2860 = ( GEOMETRIC_REPRESENTATION_CONTEXT(2) 
PARAMETRIC_REPRESENTATION_CONTEXT() REPRESENTATION_CONTEXT('2D SPACE',''
  ) );
#2861 = PCURVE('',#2010,#2862);
#2862 = DEFINITIONAL_REPRESENTATION('',(#2863),#2867);
#2863 = LINE('',#2864,#2865);
#2864 = CARTESIAN_POINT('',(-0.,0.));
#2865 = VECTOR('',#2866,1.);
#2866 = DIRECTION('',(-0.,-1.));
#2867 = ( GEOMETRIC_REPRESENTATION_CONTEXT(2) 
PARAMETRIC_REPRESENTATION_CONTEXT() REPRESENTATION_CONTEXT('2D SPACE',''
  ) );
#2868 = ORIENTED_EDGE('',*,*,#2869,.F.);
#2869 = EDGE_CURVE('',#2847,#2847,#2870,.T.);
#2870 = SURFACE_CURVE('',#2871,(#2876,#2883),.PCURVE_S1.);
#2871 = CIRCLE('',#2872,1.25);
#2872 = AXIS2_PLACEMENT_3D('',#2873,#2874,#2875);
#2873 = CARTESIAN_POINT('',(72.5,167.55,25.));
#2874 = DIRECTION('',(0.,1.,0.));
#2875 = DIRECTION('',(0.,-0.,1.));
#2876 = PCURVE('',#2010,#2877);
#2877 = DEFINITIONAL_REPRESENTATION('',(#2878),#2882);
#2878 = LINE('',#2879,#2880);
#2879 = CARTESIAN_POINT('',(-0.,-2.6));
#2880 = VECTOR('',#2881,1.);
#2881 = DIRECTION('',(-1.,0.));
#2882 = ( GEOMETRIC_REPRESENTATION_CONTEXT(2) 
PARAMETRIC_REPRESENTATION_CONTEXT() REPRESENTATION_CONTEXT('2D SPACE',''
  ) );
#2883 = PCURVE('',#2385,#2884);
#2884 = DEFINITIONAL_REPRESENTATION('',(#2885),#2889);
#2885 = LINE('',#2886,#2887);
#2886 = CARTESIAN_POINT('',(-0.,-2.6));
#2887 = VECTOR('',#2888,1.);
#2888 = DIRECTION('',(-1.,-0.));
#2889 = ( GEOMETRIC_REPRESENTATION_CONTEXT(2) 
PARAMETRIC_REPRESENTATION_CONTEXT() REPRESENTATION_CONTEXT('2D SPACE',''
  ) );
#2890 = ORIENTED_EDGE('',*,*,#2846,.T.);
#2891 = ORIENTED_EDGE('',*,*,#1989,.F.);
#2892 = ADVANCED_FACE('',(#2893),#2045,.F.);
#2893 = FACE_BOUND('',#2894,.F.);
#2894 = EDGE_LOOP('',(#2895,#2896,#2919,#2943,#2965));
#2895 = ORIENTED_EDGE('',*,*,#2024,.T.);
#2896 = ORIENTED_EDGE('',*,*,#2897,.T.);
#2897 = EDGE_CURVE('',#2025,#2898,#2900,.T.);
#2898 = VERTEX_POINT('',#2899);
#2899 = CARTESIAN_POINT('',(135.,182.45,23.75));
#2900 = SEAM_CURVE('',#2901,(#2905,#2912),.PCURVE_S1.);
#2901 = LINE('',#2902,#2903);
#2902 = CARTESIAN_POINT('',(135.,185.05,21.15));
#2903 = VECTOR('',#2904,1.);
#2904 = DIRECTION('',(1.731912112471E-16,-0.707106781187,0.707106781187)
  );
#2905 = PCURVE('',#2045,#2906);
#2906 = DEFINITIONAL_REPRESENTATION('',(#2907),#2911);
#2907 = LINE('',#2908,#2909);
#2908 = CARTESIAN_POINT('',(0.,-0.));
#2909 = VECTOR('',#2910,1.);
#2910 = DIRECTION('',(-0.,-1.));
#2911 = ( GEOMETRIC_REPRESENTATION_CONTEXT(2) 
PARAMETRIC_REPRESENTATION_CONTEXT() REPRESENTATION_CONTEXT('2D SPACE',''
  ) );
#2912 = PCURVE('',#2045,#2913);
#2913 = DEFINITIONAL_REPRESENTATION('',(#2914),#2918);
#2914 = LINE('',#2915,#2916);
#2915 = CARTESIAN_POINT('',(-6.28318530718,0.));
#2916 = VECTOR('',#2917,1.);
#2917 = DIRECTION('',(-0.,-1.));
#2918 = ( GEOMETRIC_REPRESENTATION_CONTEXT(2) 
PARAMETRIC_REPRESENTATION_CONTEXT() REPRESENTATION_CONTEXT('2D SPACE',''
  ) );
#2919 = ORIENTED_EDGE('',*,*,#2920,.F.);
#2920 = EDGE_CURVE('',#2921,#2898,#2923,.T.);
#2921 = VERTEX_POINT('',#2922);
#2922 = CARTESIAN_POINT('',(135.,182.45,26.25));
#2923 = SURFACE_CURVE('',#2924,(#2929,#2936),.PCURVE_S1.);
#2924 = CIRCLE('',#2925,1.25);
#2925 = AXIS2_PLACEMENT_3D('',#2926,#2927,#2928);
#2926 = CARTESIAN_POINT('',(135.,182.45,25.));
#2927 = DIRECTION('',(0.,-1.,0.));
#2928 = DIRECTION('',(0.,-0.,-1.));
#2929 = PCURVE('',#2045,#2930);
#2930 = DEFINITIONAL_REPRESENTATION('',(#2931),#2935);
#2931 = LINE('',#2932,#2933);
#2932 = CARTESIAN_POINT('',(-0.,-2.6));
#2933 = VECTOR('',#2934,1.);
#2934 = DIRECTION('',(-1.,-0.));
#2935 = ( GEOMETRIC_REPRESENTATION_CONTEXT(2) 
PARAMETRIC_REPRESENTATION_CONTEXT() REPRESENTATION_CONTEXT('2D SPACE',''
  ) );
#2936 = PCURVE('',#2416,#2937);
#2937 = DEFINITIONAL_REPRESENTATION('',(#2938),#2942);
#2938 = LINE('',#2939,#2940);
#2939 = CARTESIAN_POINT('',(3.14159265359,-2.6));
#2940 = VECTOR('',#2941,1.);
#2941 = DIRECTION('',(-1.,0.));
#2942 = ( GEOMETRIC_REPRESENTATION_CONTEXT(2) 
PARAMETRIC_REPRESENTATION_CONTEXT() REPRESENTATION_CONTEXT('2D SPACE',''
  ) );
#2943 = ORIENTED_EDGE('',*,*,#2944,.F.);
#2944 = EDGE_CURVE('',#2898,#2921,#2945,.T.);
#2945 = SURFACE_CURVE('',#2946,(#2951,#2958),.PCURVE_S1.);
#2946 = CIRCLE('',#2947,1.25);
#2947 = AXIS2_PLACEMENT_3D('',#2948,#2949,#2950);
#2948 = CARTESIAN_POINT('',(135.,182.45,25.));
#2949 = DIRECTION('',(0.,-1.,0.));
#2950 = DIRECTION('',(0.,-0.,-1.));
#2951 = PCURVE('',#2045,#2952);
#2952 = DEFINITIONAL_REPRESENTATION('',(#2953),#2957);
#2953 = LINE('',#2954,#2955);
#2954 = CARTESIAN_POINT('',(-0.,-2.6));
#2955 = VECTOR('',#2956,1.);
#2956 = DIRECTION('',(-1.,-0.));
#2957 = ( GEOMETRIC_REPRESENTATION_CONTEXT(2) 
PARAMETRIC_REPRESENTATION_CONTEXT() REPRESENTATION_CONTEXT('2D SPACE',''
  ) );
#2958 = PCURVE('',#2416,#2959);
#2959 = DEFINITIONAL_REPRESENTATION('',(#2960),#2964);
#2960 = LINE('',#2961,#2962);
#2961 = CARTESIAN_POINT('',(-3.14159265359,-2.6));
#2962 = VECTOR('',#2963,1.);
#2963 = DIRECTION('',(-1.,0.));
#2964 = ( GEOMETRIC_REPRESENTATION_CONTEXT(2) 
PARAMETRIC_REPRESENTATION_CONTEXT() REPRESENTATION_CONTEXT('2D SPACE',''
  ) );
#2965 = ORIENTED_EDGE('',*,*,#2897,.F.);
#2966 = ADVANCED_FACE('',(#2967),#2080,.F.);
#2967 = FACE_BOUND('',#2968,.T.);
#2968 = EDGE_LOOP('',(#2969,#2992,#3014,#3015));
#2969 = ORIENTED_EDGE('',*,*,#2970,.F.);
#2970 = EDGE_CURVE('',#2971,#2060,#2973,.T.);
#2971 = VERTEX_POINT('',#2972);
#2972 = CARTESIAN_POINT('',(72.5,167.55,141.25));
#2973 = SEAM_CURVE('',#2974,(#2978,#2985),.PCURVE_S1.);
#2974 = LINE('',#2975,#2976);
#2975 = CARTESIAN_POINT('',(72.5,164.95,141.25));
#2976 = VECTOR('',#2977,1.);
#2977 = DIRECTION('',(0.,1.,0.));
#2978 = PCURVE('',#2080,#2979);
#2979 = DEFINITIONAL_REPRESENTATION('',(#2980),#2984);
#2980 = LINE('',#2981,#2982);
#2981 = CARTESIAN_POINT('',(-6.28318530718,0.));
#2982 = VECTOR('',#2983,1.);
#2983 = DIRECTION('',(-0.,-1.));
#2984 = ( GEOMETRIC_REPRESENTATION_CONTEXT(2) 
PARAMETRIC_REPRESENTATION_CONTEXT() REPRESENTATION_CONTEXT('2D SPACE',''
  ) );
#2985 = PCURVE('',#2080,#2986);
#2986 = DEFINITIONAL_REPRESENTATION('',(#2987),#2991);
#2987 = LINE('',#2988,#2989);
#2988 = CARTESIAN_POINT('',(-0.,0.));
#2989 = VECTOR('',#2990,1.);
#2990 = DIRECTION('',(-0.,-1.));
#2991 = ( GEOMETRIC_REPRESENTATION_CONTEXT(2) 
PARAMETRIC_REPRESENTATION_CONTEXT() REPRESENTATION_CONTEXT('2D SPACE',''
  ) );
#2992 = ORIENTED_EDGE('',*,*,#2993,.F.);
#2993 = EDGE_CURVE('',#2971,#2971,#2994,.T.);
#2994 = SURFACE_CURVE('',#2995,(#3000,#3007),.PCURVE_S1.);
#2995 = CIRCLE('',#2996,1.25);
#2996 = AXIS2_PLACEMENT_3D('',#2997,#2998,#2999);
#2997 = CARTESIAN_POINT('',(72.5,167.55,140.));
#2998 = DIRECTION('',(0.,1.,0.));
#2999 = DIRECTION('',(0.,-0.,1.));
#3000 = PCURVE('',#2080,#3001);
#3001 = DEFINITIONAL_REPRESENTATION('',(#3002),#3006);
#3002 = LINE('',#3003,#3004);
#3003 = CARTESIAN_POINT('',(-0.,-2.6));
#3004 = VECTOR('',#3005,1.);
#3005 = DIRECTION('',(-1.,0.));
#3006 = ( GEOMETRIC_REPRESENTATION_CONTEXT(2) 
PARAMETRIC_REPRESENTATION_CONTEXT() REPRESENTATION_CONTEXT('2D SPACE',''
  ) );
#3007 = PCURVE('',#2447,#3008);
#3008 = DEFINITIONAL_REPRESENTATION('',(#3009),#3013);
#3009 = LINE('',#3010,#3011);
#3010 = CARTESIAN_POINT('',(-0.,-2.6));
#3011 = VECTOR('',#3012,1.);
#3012 = DIRECTION('',(-1.,-0.));
#3013 = ( GEOMETRIC_REPRESENTATION_CONTEXT(2) 
PARAMETRIC_REPRESENTATION_CONTEXT() REPRESENTATION_CONTEXT('2D SPACE',''
  ) );
#3014 = ORIENTED_EDGE('',*,*,#2970,.T.);
#3015 = ORIENTED_EDGE('',*,*,#2059,.F.);
#3016 = ADVANCED_FACE('',(#3017),#2115,.F.);
#3017 = FACE_BOUND('',#3018,.T.);
#3018 = EDGE_LOOP('',(#3019,#3042,#3064,#3065));
#3019 = ORIENTED_EDGE('',*,*,#3020,.F.);
#3020 = EDGE_CURVE('',#3021,#2095,#3023,.T.);
#3021 = VERTEX_POINT('',#3022);
#3022 = CARTESIAN_POINT('',(72.5,167.55,256.25));
#3023 = SEAM_CURVE('',#3024,(#3028,#3035),.PCURVE_S1.);
#3024 = LINE('',#3025,#3026);
#3025 = CARTESIAN_POINT('',(72.5,164.95,256.25));
#3026 = VECTOR('',#3027,1.);
#3027 = DIRECTION('',(0.,1.,0.));
#3028 = PCURVE('',#2115,#3029);
#3029 = DEFINITIONAL_REPRESENTATION('',(#3030),#3034);
#3030 = LINE('',#3031,#3032);
#3031 = CARTESIAN_POINT('',(-6.28318530718,0.));
#3032 = VECTOR('',#3033,1.);
#3033 = DIRECTION('',(-0.,-1.));
#3034 = ( GEOMETRIC_REPRESENTATION_CONTEXT(2) 
PARAMETRIC_REPRESENTATION_CONTEXT() REPRESENTATION_CONTEXT('2D SPACE',''
  ) );
#3035 = PCURVE('',#2115,#3036);
#3036 = DEFINITIONAL_REPRESENTATION('',(#3037),#3041);
#3037 = LINE('',#3038,#3039);
#3038 = CARTESIAN_POINT('',(-0.,0.));
#3039 = VECTOR('',#3040,1.);
#3040 = DIRECTION('',(-0.,-1.));
#3041 = ( GEOMETRIC_REPRESENTATION_CONTEXT(2) 
PARAMETRIC_REPRESENTATION_CONTEXT() REPRESENTATION_CONTEXT('2D SPACE',''
  ) );
#3042 = ORIENTED_EDGE('',*,*,#3043,.F.);
#3043 = EDGE_CURVE('',#3021,#3021,#3044,.T.);
#3044 = SURFACE_CURVE('',#3045,(#3050,#3057),.PCURVE_S1.);
#3045 = CIRCLE('',#3046,1.25);
#3046 = AXIS2_PLACEMENT_3D('',#3047,#3048,#3049);
#3047 = CARTESIAN_POINT('',(72.5,167.55,255.));
#3048 = DIRECTION('',(0.,1.,0.));
#3049 = DIRECTION('',(0.,-0.,1.));
#3050 = PCURVE('',#2115,#3051);
#3051 = DEFINITIONAL_REPRESENTATION('',(#3052),#3056);
#3052 = LINE('',#3053,#3054);
#3053 = CARTESIAN_POINT('',(-0.,-2.6));
#3054 = VECTOR('',#3055,1.);
#3055 = DIRECTION('',(-1.,0.));
#3056 = ( GEOMETRIC_REPRESENTATION_CONTEXT(2) 
PARAMETRIC_REPRESENTATION_CONTEXT() REPRESENTATION_CONTEXT('2D SPACE',''
  ) );
#3057 = PCURVE('',#2478,#3058);
#3058 = DEFINITIONAL_REPRESENTATION('',(#3059),#3063);
#3059 = LINE('',#3060,#3061);
#3060 = CARTESIAN_POINT('',(-0.,-2.6));
#3061 = VECTOR('',#3062,1.);
#3062 = DIRECTION('',(-1.,-0.));
#3063 = ( GEOMETRIC_REPRESENTATION_CONTEXT(2) 
PARAMETRIC_REPRESENTATION_CONTEXT() REPRESENTATION_CONTEXT('2D SPACE',''
  ) );
#3064 = ORIENTED_EDGE('',*,*,#3020,.T.);
#3065 = ORIENTED_EDGE('',*,*,#2094,.F.);
#3066 = ADVANCED_FACE('',(#3067),#2150,.F.);
#3067 = FACE_BOUND('',#3068,.F.);
#3068 = EDGE_LOOP('',(#3069,#3070,#3093,#3117,#3139));
#3069 = ORIENTED_EDGE('',*,*,#2129,.T.);
#3070 = ORIENTED_EDGE('',*,*,#3071,.T.);
#3071 = EDGE_CURVE('',#2130,#3072,#3074,.T.);
#3072 = VERTEX_POINT('',#3073);
#3073 = CARTESIAN_POINT('',(135.,182.45,138.75));
#3074 = SEAM_CURVE('',#3075,(#3079,#3086),.PCURVE_S1.);
#3075 = LINE('',#3076,#3077);
#3076 = CARTESIAN_POINT('',(135.,185.05,136.15));
#3077 = VECTOR('',#3078,1.);
#3078 = DIRECTION('',(1.731912112471E-16,-0.707106781187,0.707106781187)
  );
#3079 = PCURVE('',#2150,#3080);
#3080 = DEFINITIONAL_REPRESENTATION('',(#3081),#3085);
#3081 = LINE('',#3082,#3083);
#3082 = CARTESIAN_POINT('',(0.,-0.));
#3083 = VECTOR('',#3084,1.);
#3084 = DIRECTION('',(-0.,-1.));
#3085 = ( GEOMETRIC_REPRESENTATION_CONTEXT(2) 
PARAMETRIC_REPRESENTATION_CONTEXT() REPRESENTATION_CONTEXT('2D SPACE',''
  ) );
#3086 = PCURVE('',#2150,#3087);
#3087 = DEFINITIONAL_REPRESENTATION('',(#3088),#3092);
#3088 = LINE('',#3089,#3090);
#3089 = CARTESIAN_POINT('',(-6.28318530718,0.));
#3090 = VECTOR('',#3091,1.);
#3091 = DIRECTION('',(-0.,-1.));
#3092 = ( GEOMETRIC_REPRESENTATION_CONTEXT(2) 
PARAMETRIC_REPRESENTATION_CONTEXT() REPRESENTATION_CONTEXT('2D SPACE',''
  ) );
#3093 = ORIENTED_EDGE('',*,*,#3094,.F.);
#3094 = EDGE_CURVE('',#3095,#3072,#3097,.T.);
#3095 = VERTEX_POINT('',#3096);
#3096 = CARTESIAN_POINT('',(135.,182.45,141.25));
#3097 = SURFACE_CURVE('',#3098,(#3103,#3110),.PCURVE_S1.);
#3098 = CIRCLE('',#3099,1.25);
#3099 = AXIS2_PLACEMENT_3D('',#3100,#3101,#3102);
#3100 = CARTESIAN_POINT('',(135.,182.45,140.));
#3101 = DIRECTION('',(0.,-1.,0.));
#3102 = DIRECTION('',(0.,-0.,-1.));
#3103 = PCURVE('',#2150,#3104);
#3104 = DEFINITIONAL_REPRESENTATION('',(#3105),#3109);
#3105 = LINE('',#3106,#3107);
#3106 = CARTESIAN_POINT('',(-0.,-2.6));
#3107 = VECTOR('',#3108,1.);
#3108 = DIRECTION('',(-1.,-0.));
#3109 = ( GEOMETRIC_REPRESENTATION_CONTEXT(2) 
PARAMETRIC_REPRESENTATION_CONTEXT() REPRESENTATION_CONTEXT('2D SPACE',''
  ) );
#3110 = PCURVE('',#2509,#3111);
#3111 = DEFINITIONAL_REPRESENTATION('',(#3112),#3116);
#3112 = LINE('',#3113,#3114);
#3113 = CARTESIAN_POINT('',(3.14159265359,-2.6));
#3114 = VECTOR('',#3115,1.);
#3115 = DIRECTION('',(-1.,0.));
#3116 = ( GEOMETRIC_REPRESENTATION_CONTEXT(2) 
PARAMETRIC_REPRESENTATION_CONTEXT() REPRESENTATION_CONTEXT('2D SPACE',''
  ) );
#3117 = ORIENTED_EDGE('',*,*,#3118,.F.);
#3118 = EDGE_CURVE('',#3072,#3095,#3119,.T.);
#3119 = SURFACE_CURVE('',#3120,(#3125,#3132),.PCURVE_S1.);
#3120 = CIRCLE('',#3121,1.25);
#3121 = AXIS2_PLACEMENT_3D('',#3122,#3123,#3124);
#3122 = CARTESIAN_POINT('',(135.,182.45,140.));
#3123 = DIRECTION('',(0.,-1.,0.));
#3124 = DIRECTION('',(0.,-0.,-1.));
#3125 = PCURVE('',#2150,#3126);
#3126 = DEFINITIONAL_REPRESENTATION('',(#3127),#3131);
#3127 = LINE('',#3128,#3129);
#3128 = CARTESIAN_POINT('',(-0.,-2.6));
#3129 = VECTOR('',#3130,1.);
#3130 = DIRECTION('',(-1.,-0.));
#3131 = ( GEOMETRIC_REPRESENTATION_CONTEXT(2) 
PARAMETRIC_REPRESENTATION_CONTEXT() REPRESENTATION_CONTEXT('2D SPACE',''
  ) );
#3132 = PCURVE('',#2509,#3133);
#3133 = DEFINITIONAL_REPRESENTATION('',(#3134),#3138);
#3134 = LINE('',#3135,#3136);
#3135 = CARTESIAN_POINT('',(-3.14159265359,-2.6));
#3136 = VECTOR('',#3137,1.);
#3137 = DIRECTION('',(-1.,0.));
#3138 = ( GEOMETRIC_REPRESENTATION_CONTEXT(2) 
PARAMETRIC_REPRESENTATION_CONTEXT() REPRESENTATION_CONTEXT('2D SPACE',''
  ) );
#3139 = ORIENTED_EDGE('',*,*,#3071,.F.);
#3140 = ADVANCED_FACE('',(#3141),#2185,.F.);
#3141 = FACE_BOUND('',#3142,.F.);
#3142 = EDGE_LOOP('',(#3143,#3144,#3167,#3191,#3213));
#3143 = ORIENTED_EDGE('',*,*,#2164,.T.);
#3144 = ORIENTED_EDGE('',*,*,#3145,.T.);
#3145 = EDGE_CURVE('',#2165,#3146,#3148,.T.);
#3146 = VERTEX_POINT('',#3147);
#3147 = CARTESIAN_POINT('',(135.,182.45,253.75));
#3148 = SEAM_CURVE('',#3149,(#3153,#3160),.PCURVE_S1.);
#3149 = LINE('',#3150,#3151);
#3150 = CARTESIAN_POINT('',(135.,185.05,251.15));
#3151 = VECTOR('',#3152,1.);
#3152 = DIRECTION('',(1.731912112471E-16,-0.707106781187,0.707106781187)
  );
#3153 = PCURVE('',#2185,#3154);
#3154 = DEFINITIONAL_REPRESENTATION('',(#3155),#3159);
#3155 = LINE('',#3156,#3157);
#3156 = CARTESIAN_POINT('',(0.,-0.));
#3157 = VECTOR('',#3158,1.);
#3158 = DIRECTION('',(-0.,-1.));
#3159 = ( GEOMETRIC_REPRESENTATION_CONTEXT(2) 
PARAMETRIC_REPRESENTATION_CONTEXT() REPRESENTATION_CONTEXT('2D SPACE',''
  ) );
#3160 = PCURVE('',#2185,#3161);
#3161 = DEFINITIONAL_REPRESENTATION('',(#3162),#3166);
#3162 = LINE('',#3163,#3164);
#3163 = CARTESIAN_POINT('',(-6.28318530718,0.));
#3164 = VECTOR('',#3165,1.);
#3165 = DIRECTION('',(-0.,-1.));
#3166 = ( GEOMETRIC_REPRESENTATION_CONTEXT(2) 
PARAMETRIC_REPRESENTATION_CONTEXT() REPRESENTATION_CONTEXT('2D SPACE',''
  ) );
#3167 = ORIENTED_EDGE('',*,*,#3168,.F.);
#3168 = EDGE_CURVE('',#3169,#3146,#3171,.T.);
#3169 = VERTEX_POINT('',#3170);
#3170 = CARTESIAN_POINT('',(135.,182.45,256.25));
#3171 = SURFACE_CURVE('',#3172,(#3177,#3184),.PCURVE_S1.);
#3172 = CIRCLE('',#3173,1.25);
#3173 = AXIS2_PLACEMENT_3D('',#3174,#3175,#3176);
#3174 = CARTESIAN_POINT('',(135.,182.45,255.));
#3175 = DIRECTION('',(0.,-1.,0.));
#3176 = DIRECTION('',(0.,-0.,-1.));
#3177 = PCURVE('',#2185,#3178);
#3178 = DEFINITIONAL_REPRESENTATION('',(#3179),#3183);
#3179 = LINE('',#3180,#3181);
#3180 = CARTESIAN_POINT('',(-0.,-2.6));
#3181 = VECTOR('',#3182,1.);
#3182 = DIRECTION('',(-1.,-0.));
#3183 = ( GEOMETRIC_REPRESENTATION_CONTEXT(2) 
PARAMETRIC_REPRESENTATION_CONTEXT() REPRESENTATION_CONTEXT('2D SPACE',''
  ) );
#3184 = PCURVE('',#2540,#3185);
#3185 = DEFINITIONAL_REPRESENTATION('',(#3186),#3190);
#3186 = LINE('',#3187,#3188);
#3187 = CARTESIAN_POINT('',(3.14159265359,-2.6));
#3188 = VECTOR('',#3189,1.);
#3189 = DIRECTION('',(-1.,0.));
#3190 = ( GEOMETRIC_REPRESENTATION_CONTEXT(2) 
PARAMETRIC_REPRESENTATION_CONTEXT() REPRESENTATION_CONTEXT('2D SPACE',''
  ) );
#3191 = ORIENTED_EDGE('',*,*,#3192,.F.);
#3192 = EDGE_CURVE('',#3146,#3169,#3193,.T.);
#3193 = SURFACE_CURVE('',#3194,(#3199,#3206),.PCURVE_S1.);
#3194 = CIRCLE('',#3195,1.25);
#3195 = AXIS2_PLACEMENT_3D('',#3196,#3197,#3198);
#3196 = CARTESIAN_POINT('',(135.,182.45,255.));
#3197 = DIRECTION('',(0.,-1.,0.));
#3198 = DIRECTION('',(0.,-0.,-1.));
#3199 = PCURVE('',#2185,#3200);
#3200 = DEFINITIONAL_REPRESENTATION('',(#3201),#3205);
#3201 = LINE('',#3202,#3203);
#3202 = CARTESIAN_POINT('',(-0.,-2.6));
#3203 = VECTOR('',#3204,1.);
#3204 = DIRECTION('',(-1.,-0.));
#3205 = ( GEOMETRIC_REPRESENTATION_CONTEXT(2) 
PARAMETRIC_REPRESENTATION_CONTEXT() REPRESENTATION_CONTEXT('2D SPACE',''
  ) );
#3206 = PCURVE('',#2540,#3207);
#3207 = DEFINITIONAL_REPRESENTATION('',(#3208),#3212);
#3208 = LINE('',#3209,#3210);
#3209 = CARTESIAN_POINT('',(-3.14159265359,-2.6));
#3210 = VECTOR('',#3211,1.);
#3211 = DIRECTION('',(-1.,0.));
#3212 = ( GEOMETRIC_REPRESENTATION_CONTEXT(2) 
PARAMETRIC_REPRESENTATION_CONTEXT() REPRESENTATION_CONTEXT('2D SPACE',''
  ) );
#3213 = ORIENTED_EDGE('',*,*,#3145,.F.);
#3214 = ADVANCED_FACE('',(#3215),#2292,.F.);
#3215 = FACE_BOUND('',#3216,.T.);
#3216 = EDGE_LOOP('',(#3217,#3238,#3239,#3240,#3241));
#3217 = ORIENTED_EDGE('',*,*,#3218,.F.);
#3218 = EDGE_CURVE('',#2649,#2276,#3219,.T.);
#3219 = SEAM_CURVE('',#3220,(#3224,#3231),.PCURVE_S1.);
#3220 = LINE('',#3221,#3222);
#3221 = CARTESIAN_POINT('',(10.,185.05,26.25));
#3222 = VECTOR('',#3223,1.);
#3223 = DIRECTION('',(0.,-1.,0.));
#3224 = PCURVE('',#2292,#3225);
#3225 = DEFINITIONAL_REPRESENTATION('',(#3226),#3230);
#3226 = LINE('',#3227,#3228);
#3227 = CARTESIAN_POINT('',(-6.28318530718,0.));
#3228 = VECTOR('',#3229,1.);
#3229 = DIRECTION('',(-0.,-1.));
#3230 = ( GEOMETRIC_REPRESENTATION_CONTEXT(2) 
PARAMETRIC_REPRESENTATION_CONTEXT() REPRESENTATION_CONTEXT('2D SPACE',''
  ) );
#3231 = PCURVE('',#2292,#3232);
#3232 = DEFINITIONAL_REPRESENTATION('',(#3233),#3237);
#3233 = LINE('',#3234,#3235);
#3234 = CARTESIAN_POINT('',(-0.,0.));
#3235 = VECTOR('',#3236,1.);
#3236 = DIRECTION('',(-0.,-1.));
#3237 = ( GEOMETRIC_REPRESENTATION_CONTEXT(2) 
PARAMETRIC_REPRESENTATION_CONTEXT() REPRESENTATION_CONTEXT('2D SPACE',''
  ) );
#3238 = ORIENTED_EDGE('',*,*,#2672,.F.);
#3239 = ORIENTED_EDGE('',*,*,#2648,.F.);
#3240 = ORIENTED_EDGE('',*,*,#3218,.T.);
#3241 = ORIENTED_EDGE('',*,*,#2275,.F.);
#3242 = ADVANCED_FACE('',(#3243),#2323,.F.);
#3243 = FACE_BOUND('',#3244,.T.);
#3244 = EDGE_LOOP('',(#3245,#3266,#3267,#3268,#3269));
#3245 = ORIENTED_EDGE('',*,*,#3246,.F.);
#3246 = EDGE_CURVE('',#2723,#2307,#3247,.T.);
#3247 = SEAM_CURVE('',#3248,(#3252,#3259),.PCURVE_S1.);
#3248 = LINE('',#3249,#3250);
#3249 = CARTESIAN_POINT('',(10.,185.05,141.25));
#3250 = VECTOR('',#3251,1.);
#3251 = DIRECTION('',(0.,-1.,0.));
#3252 = PCURVE('',#2323,#3253);
#3253 = DEFINITIONAL_REPRESENTATION('',(#3254),#3258);
#3254 = LINE('',#3255,#3256);
#3255 = CARTESIAN_POINT('',(-6.28318530718,0.));
#3256 = VECTOR('',#3257,1.);
#3257 = DIRECTION('',(-0.,-1.));
#3258 = ( GEOMETRIC_REPRESENTATION_CONTEXT(2) 
PARAMETRIC_REPRESENTATION_CONTEXT() REPRESENTATION_CONTEXT('2D SPACE',''
  ) );
#3259 = PCURVE('',#2323,#3260);
#3260 = DEFINITIONAL_REPRESENTATION('',(#3261),#3265);
#3261 = LINE('',#3262,#3263);
#3262 = CARTESIAN_POINT('',(-0.,0.));
#3263 = VECTOR('',#3264,1.);
#3264 = DIRECTION('',(-0.,-1.));
#3265 = ( GEOMETRIC_REPRESENTATION_CONTEXT(2) 
PARAMETRIC_REPRESENTATION_CONTEXT() REPRESENTATION_CONTEXT('2D SPACE',''
  ) );
#3266 = ORIENTED_EDGE('',*,*,#2746,.F.);
#3267 = ORIENTED_EDGE('',*,*,#2722,.F.);
#3268 = ORIENTED_EDGE('',*,*,#3246,.T.);
#3269 = ORIENTED_EDGE('',*,*,#2306,.F.);
#3270 = ADVANCED_FACE('',(#3271),#2354,.F.);
#3271 = FACE_BOUND('',#3272,.T.);
#3272 = EDGE_LOOP('',(#3273,#3294,#3295,#3296,#3297));
#3273 = ORIENTED_EDGE('',*,*,#3274,.F.);
#3274 = EDGE_CURVE('',#2797,#2338,#3275,.T.);
#3275 = SEAM_CURVE('',#3276,(#3280,#3287),.PCURVE_S1.);
#3276 = LINE('',#3277,#3278);
#3277 = CARTESIAN_POINT('',(10.,185.05,256.25));
#3278 = VECTOR('',#3279,1.);
#3279 = DIRECTION('',(0.,-1.,0.));
#3280 = PCURVE('',#2354,#3281);
#3281 = DEFINITIONAL_REPRESENTATION('',(#3282),#3286);
#3282 = LINE('',#3283,#3284);
#3283 = CARTESIAN_POINT('',(-6.28318530718,0.));
#3284 = VECTOR('',#3285,1.);
#3285 = DIRECTION('',(-0.,-1.));
#3286 = ( GEOMETRIC_REPRESENTATION_CONTEXT(2) 
PARAMETRIC_REPRESENTATION_CONTEXT() REPRESENTATION_CONTEXT('2D SPACE',''
  ) );
#3287 = PCURVE('',#2354,#3288);
#3288 = DEFINITIONAL_REPRESENTATION('',(#3289),#3293);
#3289 = LINE('',#3290,#3291);
#3290 = CARTESIAN_POINT('',(-0.,0.));
#3291 = VECTOR('',#3292,1.);
#3292 = DIRECTION('',(-0.,-1.));
#3293 = ( GEOMETRIC_REPRESENTATION_CONTEXT(2) 
PARAMETRIC_REPRESENTATION_CONTEXT() REPRESENTATION_CONTEXT('2D SPACE',''
  ) );
#3294 = ORIENTED_EDGE('',*,*,#2820,.F.);
#3295 = ORIENTED_EDGE('',*,*,#2796,.F.);
#3296 = ORIENTED_EDGE('',*,*,#3274,.T.);
#3297 = ORIENTED_EDGE('',*,*,#2337,.F.);
#3298 = ADVANCED_FACE('',(#3299),#2385,.F.);
#3299 = FACE_BOUND('',#3300,.F.);
#3300 = EDGE_LOOP('',(#3301,#3322,#3323,#3324));
#3301 = ORIENTED_EDGE('',*,*,#3302,.T.);
#3302 = EDGE_CURVE('',#2369,#2847,#3303,.T.);
#3303 = SEAM_CURVE('',#3304,(#3308,#3315),.PCURVE_S1.);
#3304 = LINE('',#3305,#3306);
#3305 = CARTESIAN_POINT('',(72.5,164.95,28.85));
#3306 = VECTOR('',#3307,1.);
#3307 = DIRECTION('',(1.731912112471E-16,0.707106781187,-0.707106781187)
  );
#3308 = PCURVE('',#2385,#3309);
#3309 = DEFINITIONAL_REPRESENTATION('',(#3310),#3314);
#3310 = LINE('',#3311,#3312);
#3311 = CARTESIAN_POINT('',(-6.28318530718,0.));
#3312 = VECTOR('',#3313,1.);
#3313 = DIRECTION('',(-0.,-1.));
#3314 = ( GEOMETRIC_REPRESENTATION_CONTEXT(2) 
PARAMETRIC_REPRESENTATION_CONTEXT() REPRESENTATION_CONTEXT('2D SPACE',''
  ) );
#3315 = PCURVE('',#2385,#3316);
#3316 = DEFINITIONAL_REPRESENTATION('',(#3317),#3321);
#3317 = LINE('',#3318,#3319);
#3318 = CARTESIAN_POINT('',(0.,-0.));
#3319 = VECTOR('',#3320,1.);
#3320 = DIRECTION('',(-0.,-1.));
#3321 = ( GEOMETRIC_REPRESENTATION_CONTEXT(2) 
PARAMETRIC_REPRESENTATION_CONTEXT() REPRESENTATION_CONTEXT('2D SPACE',''
  ) );
#3322 = ORIENTED_EDGE('',*,*,#2869,.F.);
#3323 = ORIENTED_EDGE('',*,*,#3302,.F.);
#3324 = ORIENTED_EDGE('',*,*,#2368,.T.);
#3325 = ADVANCED_FACE('',(#3326),#2416,.F.);
#3326 = FACE_BOUND('',#3327,.T.);
#3327 = EDGE_LOOP('',(#3328,#3349,#3350,#3351,#3352));
#3328 = ORIENTED_EDGE('',*,*,#3329,.F.);
#3329 = EDGE_CURVE('',#2921,#2400,#3330,.T.);
#3330 = SEAM_CURVE('',#3331,(#3335,#3342),.PCURVE_S1.);
#3331 = LINE('',#3332,#3333);
#3332 = CARTESIAN_POINT('',(135.,185.05,26.25));
#3333 = VECTOR('',#3334,1.);
#3334 = DIRECTION('',(0.,-1.,0.));
#3335 = PCURVE('',#2416,#3336);
#3336 = DEFINITIONAL_REPRESENTATION('',(#3337),#3341);
#3337 = LINE('',#3338,#3339);
#3338 = CARTESIAN_POINT('',(-6.28318530718,0.));
#3339 = VECTOR('',#3340,1.);
#3340 = DIRECTION('',(-0.,-1.));
#3341 = ( GEOMETRIC_REPRESENTATION_CONTEXT(2) 
PARAMETRIC_REPRESENTATION_CONTEXT() REPRESENTATION_CONTEXT('2D SPACE',''
  ) );
#3342 = PCURVE('',#2416,#3343);
#3343 = DEFINITIONAL_REPRESENTATION('',(#3344),#3348);
#3344 = LINE('',#3345,#3346);
#3345 = CARTESIAN_POINT('',(-0.,0.));
#3346 = VECTOR('',#3347,1.);
#3347 = DIRECTION('',(-0.,-1.));
#3348 = ( GEOMETRIC_REPRESENTATION_CONTEXT(2) 
PARAMETRIC_REPRESENTATION_CONTEXT() REPRESENTATION_CONTEXT('2D SPACE',''
  ) );
#3349 = ORIENTED_EDGE('',*,*,#2944,.F.);
#3350 = ORIENTED_EDGE('',*,*,#2920,.F.);
#3351 = ORIENTED_EDGE('',*,*,#3329,.T.);
#3352 = ORIENTED_EDGE('',*,*,#2399,.F.);
#3353 = ADVANCED_FACE('',(#3354),#2447,.F.);
#3354 = FACE_BOUND('',#3355,.F.);
#3355 = EDGE_LOOP('',(#3356,#3377,#3378,#3379));
#3356 = ORIENTED_EDGE('',*,*,#3357,.T.);
#3357 = EDGE_CURVE('',#2431,#2971,#3358,.T.);
#3358 = SEAM_CURVE('',#3359,(#3363,#3370),.PCURVE_S1.);
#3359 = LINE('',#3360,#3361);
#3360 = CARTESIAN_POINT('',(72.5,164.95,143.85));
#3361 = VECTOR('',#3362,1.);
#3362 = DIRECTION('',(1.731912112471E-16,0.707106781187,-0.707106781187)
  );
#3363 = PCURVE('',#2447,#3364);
#3364 = DEFINITIONAL_REPRESENTATION('',(#3365),#3369);
#3365 = LINE('',#3366,#3367);
#3366 = CARTESIAN_POINT('',(-6.28318530718,0.));
#3367 = VECTOR('',#3368,1.);
#3368 = DIRECTION('',(-0.,-1.));
#3369 = ( GEOMETRIC_REPRESENTATION_CONTEXT(2) 
PARAMETRIC_REPRESENTATION_CONTEXT() REPRESENTATION_CONTEXT('2D SPACE',''
  ) );
#3370 = PCURVE('',#2447,#3371);
#3371 = DEFINITIONAL_REPRESENTATION('',(#3372),#3376);
#3372 = LINE('',#3373,#3374);
#3373 = CARTESIAN_POINT('',(0.,-0.));
#3374 = VECTOR('',#3375,1.);
#3375 = DIRECTION('',(-0.,-1.));
#3376 = ( GEOMETRIC_REPRESENTATION_CONTEXT(2) 
PARAMETRIC_REPRESENTATION_CONTEXT() REPRESENTATION_CONTEXT('2D SPACE',''
  ) );
#3377 = ORIENTED_EDGE('',*,*,#2993,.F.);
#3378 = ORIENTED_EDGE('',*,*,#3357,.F.);
#3379 = ORIENTED_EDGE('',*,*,#2430,.T.);
#3380 = ADVANCED_FACE('',(#3381),#2478,.F.);
#3381 = FACE_BOUND('',#3382,.F.);
#3382 = EDGE_LOOP('',(#3383,#3404,#3405,#3406));
#3383 = ORIENTED_EDGE('',*,*,#3384,.T.);
#3384 = EDGE_CURVE('',#2462,#3021,#3385,.T.);
#3385 = SEAM_CURVE('',#3386,(#3390,#3397),.PCURVE_S1.);
#3386 = LINE('',#3387,#3388);
#3387 = CARTESIAN_POINT('',(72.5,164.95,258.85));
#3388 = VECTOR('',#3389,1.);
#3389 = DIRECTION('',(1.731912112471E-16,0.707106781187,-0.707106781187)
  );
#3390 = PCURVE('',#2478,#3391);
#3391 = DEFINITIONAL_REPRESENTATION('',(#3392),#3396);
#3392 = LINE('',#3393,#3394);
#3393 = CARTESIAN_POINT('',(-6.28318530718,0.));
#3394 = VECTOR('',#3395,1.);
#3395 = DIRECTION('',(-0.,-1.));
#3396 = ( GEOMETRIC_REPRESENTATION_CONTEXT(2) 
PARAMETRIC_REPRESENTATION_CONTEXT() REPRESENTATION_CONTEXT('2D SPACE',''
  ) );
#3397 = PCURVE('',#2478,#3398);
#3398 = DEFINITIONAL_REPRESENTATION('',(#3399),#3403);
#3399 = LINE('',#3400,#3401);
#3400 = CARTESIAN_POINT('',(0.,-0.));
#3401 = VECTOR('',#3402,1.);
#3402 = DIRECTION('',(-0.,-1.));
#3403 = ( GEOMETRIC_REPRESENTATION_CONTEXT(2) 
PARAMETRIC_REPRESENTATION_CONTEXT() REPRESENTATION_CONTEXT('2D SPACE',''
  ) );
#3404 = ORIENTED_EDGE('',*,*,#3043,.F.);
#3405 = ORIENTED_EDGE('',*,*,#3384,.F.);
#3406 = ORIENTED_EDGE('',*,*,#2461,.T.);
#3407 = ADVANCED_FACE('',(#3408),#2509,.F.);
#3408 = FACE_BOUND('',#3409,.T.);
#3409 = EDGE_LOOP('',(#3410,#3431,#3432,#3433,#3434));
#3410 = ORIENTED_EDGE('',*,*,#3411,.F.);
#3411 = EDGE_CURVE('',#3095,#2493,#3412,.T.);
#3412 = SEAM_CURVE('',#3413,(#3417,#3424),.PCURVE_S1.);
#3413 = LINE('',#3414,#3415);
#3414 = CARTESIAN_POINT('',(135.,185.05,141.25));
#3415 = VECTOR('',#3416,1.);
#3416 = DIRECTION('',(0.,-1.,0.));
#3417 = PCURVE('',#2509,#3418);
#3418 = DEFINITIONAL_REPRESENTATION('',(#3419),#3423);
#3419 = LINE('',#3420,#3421);
#3420 = CARTESIAN_POINT('',(-6.28318530718,0.));
#3421 = VECTOR('',#3422,1.);
#3422 = DIRECTION('',(-0.,-1.));
#3423 = ( GEOMETRIC_REPRESENTATION_CONTEXT(2) 
PARAMETRIC_REPRESENTATION_CONTEXT() REPRESENTATION_CONTEXT('2D SPACE',''
  ) );
#3424 = PCURVE('',#2509,#3425);
#3425 = DEFINITIONAL_REPRESENTATION('',(#3426),#3430);
#3426 = LINE('',#3427,#3428);
#3427 = CARTESIAN_POINT('',(-0.,0.));
#3428 = VECTOR('',#3429,1.);
#3429 = DIRECTION('',(-0.,-1.));
#3430 = ( GEOMETRIC_REPRESENTATION_CONTEXT(2) 
PARAMETRIC_REPRESENTATION_CONTEXT() REPRESENTATION_CONTEXT('2D SPACE',''
  ) );
#3431 = ORIENTED_EDGE('',*,*,#3118,.F.);
#3432 = ORIENTED_EDGE('',*,*,#3094,.F.);
#3433 = ORIENTED_EDGE('',*,*,#3411,.T.);
#3434 = ORIENTED_EDGE('',*,*,#2492,.F.);
#3435 = ADVANCED_FACE('',(#3436),#2540,.F.);
#3436 = FACE_BOUND('',#3437,.T.);
#3437 = EDGE_LOOP('',(#3438,#3459,#3460,#3461,#3462));
#3438 = ORIENTED_EDGE('',*,*,#3439,.F.);
#3439 = EDGE_CURVE('',#3169,#2524,#3440,.T.);
#3440 = SEAM_CURVE('',#3441,(#3445,#3452),.PCURVE_S1.);
#3441 = LINE('',#3442,#3443);
#3442 = CARTESIAN_POINT('',(135.,185.05,256.25));
#3443 = VECTOR('',#3444,1.);
#3444 = DIRECTION('',(0.,-1.,0.));
#3445 = PCURVE('',#2540,#3446);
#3446 = DEFINITIONAL_REPRESENTATION('',(#3447),#3451);
#3447 = LINE('',#3448,#3449);
#3448 = CARTESIAN_POINT('',(-6.28318530718,0.));
#3449 = VECTOR('',#3450,1.);
#3450 = DIRECTION('',(-0.,-1.));
#3451 = ( GEOMETRIC_REPRESENTATION_CONTEXT(2) 
PARAMETRIC_REPRESENTATION_CONTEXT() REPRESENTATION_CONTEXT('2D SPACE',''
  ) );
#3452 = PCURVE('',#2540,#3453);
#3453 = DEFINITIONAL_REPRESENTATION('',(#3454),#3458);
#3454 = LINE('',#3455,#3456);
#3455 = CARTESIAN_POINT('',(-0.,0.));
#3456 = VECTOR('',#3457,1.);
#3457 = DIRECTION('',(-0.,-1.));
#3458 = ( GEOMETRIC_REPRESENTATION_CONTEXT(2) 
PARAMETRIC_REPRESENTATION_CONTEXT() REPRESENTATION_CONTEXT('2D SPACE',''
  ) );
#3459 = ORIENTED_EDGE('',*,*,#3192,.F.);
#3460 = ORIENTED_EDGE('',*,*,#3168,.F.);
#3461 = ORIENTED_EDGE('',*,*,#3439,.T.);
#3462 = ORIENTED_EDGE('',*,*,#2523,.F.);
#3463 = ADVANCED_FACE('',(#3464),#2578,.F.);
#3464 = FACE_BOUND('',#3465,.T.);
#3465 = EDGE_LOOP('',(#3466,#3467,#3490,#3517));
#3466 = ORIENTED_EDGE('',*,*,#2561,.T.);
#3467 = ORIENTED_EDGE('',*,*,#3468,.T.);
#3468 = EDGE_CURVE('',#2562,#3469,#3471,.T.);
#3469 = VERTEX_POINT('',#3470);
#3470 = CARTESIAN_POINT('',(121.25,175.,248.95));
#3471 = SEAM_CURVE('',#3472,(#3476,#3483),.PCURVE_S1.);
#3472 = LINE('',#3473,#3474);
#3473 = CARTESIAN_POINT('',(121.25,175.,280.05));
#3474 = VECTOR('',#3475,1.);
#3475 = DIRECTION('',(0.,0.,-1.));
#3476 = PCURVE('',#2578,#3477);
#3477 = DEFINITIONAL_REPRESENTATION('',(#3478),#3482);
#3478 = LINE('',#3479,#3480);
#3479 = CARTESIAN_POINT('',(-6.28318530718,0.));
#3480 = VECTOR('',#3481,1.);
#3481 = DIRECTION('',(-0.,-1.));
#3482 = ( GEOMETRIC_REPRESENTATION_CONTEXT(2) 
PARAMETRIC_REPRESENTATION_CONTEXT() REPRESENTATION_CONTEXT('2D SPACE',''
  ) );
#3483 = PCURVE('',#2578,#3484);
#3484 = DEFINITIONAL_REPRESENTATION('',(#3485),#3489);
#3485 = LINE('',#3486,#3487);
#3486 = CARTESIAN_POINT('',(-0.,0.));
#3487 = VECTOR('',#3488,1.);
#3488 = DIRECTION('',(-0.,-1.));
#3489 = ( GEOMETRIC_REPRESENTATION_CONTEXT(2) 
PARAMETRIC_REPRESENTATION_CONTEXT() REPRESENTATION_CONTEXT('2D SPACE',''
  ) );
#3490 = ORIENTED_EDGE('',*,*,#3491,.T.);
#3491 = EDGE_CURVE('',#3469,#3469,#3492,.T.);
#3492 = SURFACE_CURVE('',#3493,(#3498,#3505),.PCURVE_S1.);
#3493 = CIRCLE('',#3494,1.25);
#3494 = AXIS2_PLACEMENT_3D('',#3495,#3496,#3497);
#3495 = CARTESIAN_POINT('',(120.,175.,248.95));
#3496 = DIRECTION('',(0.,0.,-1.));
#3497 = DIRECTION('',(1.,0.,0.));
#3498 = PCURVE('',#2578,#3499);
#3499 = DEFINITIONAL_REPRESENTATION('',(#3500),#3504);
#3500 = LINE('',#3501,#3502);
#3501 = CARTESIAN_POINT('',(-0.,-31.1));
#3502 = VECTOR('',#3503,1.);
#3503 = DIRECTION('',(-1.,0.));
#3504 = ( GEOMETRIC_REPRESENTATION_CONTEXT(2) 
PARAMETRIC_REPRESENTATION_CONTEXT() REPRESENTATION_CONTEXT('2D SPACE',''
  ) );
#3505 = PCURVE('',#3506,#3511);
#3506 = PLANE('',#3507);
#3507 = AXIS2_PLACEMENT_3D('',#3508,#3509,#3510);
#3508 = CARTESIAN_POINT('',(120.,175.,248.95));
#3509 = DIRECTION('',(-0.,-0.,-1.));
#3510 = DIRECTION('',(-1.,0.,0.));
#3511 = DEFINITIONAL_REPRESENTATION('',(#3512),#3516);
#3512 = CIRCLE('',#3513,1.25);
#3513 = AXIS2_PLACEMENT_2D('',#3514,#3515);
#3514 = CARTESIAN_POINT('',(1.42108547152E-14,0.));
#3515 = DIRECTION('',(-1.,0.));
#3516 = ( GEOMETRIC_REPRESENTATION_CONTEXT(2) 
PARAMETRIC_REPRESENTATION_CONTEXT() REPRESENTATION_CONTEXT('2D SPACE',''
  ) );
#3517 = ORIENTED_EDGE('',*,*,#3468,.F.);
#3518 = ADVANCED_FACE('',(#3519),#2609,.F.);
#3519 = FACE_BOUND('',#3520,.T.);
#3520 = EDGE_LOOP('',(#3521,#3522,#3545,#3572));
#3521 = ORIENTED_EDGE('',*,*,#2592,.T.);
#3522 = ORIENTED_EDGE('',*,*,#3523,.T.);
#3523 = EDGE_CURVE('',#2593,#3524,#3526,.T.);
#3524 = VERTEX_POINT('',#3525);
#3525 = CARTESIAN_POINT('',(26.25,175.,248.95));
#3526 = SEAM_CURVE('',#3527,(#3531,#3538),.PCURVE_S1.);
#3527 = LINE('',#3528,#3529);
#3528 = CARTESIAN_POINT('',(26.25,175.,280.05));
#3529 = VECTOR('',#3530,1.);
#3530 = DIRECTION('',(0.,0.,-1.));
#3531 = PCURVE('',#2609,#3532);
#3532 = DEFINITIONAL_REPRESENTATION('',(#3533),#3537);
#3533 = LINE('',#3534,#3535);
#3534 = CARTESIAN_POINT('',(-6.28318530718,0.));
#3535 = VECTOR('',#3536,1.);
#3536 = DIRECTION('',(-0.,-1.));
#3537 = ( GEOMETRIC_REPRESENTATION_CONTEXT(2) 
PARAMETRIC_REPRESENTATION_CONTEXT() REPRESENTATION_CONTEXT('2D SPACE',''
  ) );
#3538 = PCURVE('',#2609,#3539);
#3539 = DEFINITIONAL_REPRESENTATION('',(#3540),#3544);
#3540 = LINE('',#3541,#3542);
#3541 = CARTESIAN_POINT('',(-0.,0.));
#3542 = VECTOR('',#3543,1.);
#3543 = DIRECTION('',(-0.,-1.));
#3544 = ( GEOMETRIC_REPRESENTATION_CONTEXT(2) 
PARAMETRIC_REPRESENTATION_CONTEXT() REPRESENTATION_CONTEXT('2D SPACE',''
  ) );
#3545 = ORIENTED_EDGE('',*,*,#3546,.T.);
#3546 = EDGE_CURVE('',#3524,#3524,#3547,.T.);
#3547 = SURFACE_CURVE('',#3548,(#3553,#3560),.PCURVE_S1.);
#3548 = CIRCLE('',#3549,1.25);
#3549 = AXIS2_PLACEMENT_3D('',#3550,#3551,#3552);
#3550 = CARTESIAN_POINT('',(25.,175.,248.95));
#3551 = DIRECTION('',(0.,0.,-1.));
#3552 = DIRECTION('',(1.,0.,0.));
#3553 = PCURVE('',#2609,#3554);
#3554 = DEFINITIONAL_REPRESENTATION('',(#3555),#3559);
#3555 = LINE('',#3556,#3557);
#3556 = CARTESIAN_POINT('',(-0.,-31.1));
#3557 = VECTOR('',#3558,1.);
#3558 = DIRECTION('',(-1.,0.));
#3559 = ( GEOMETRIC_REPRESENTATION_CONTEXT(2) 
PARAMETRIC_REPRESENTATION_CONTEXT() REPRESENTATION_CONTEXT('2D SPACE',''
  ) );
#3560 = PCURVE('',#3561,#3566);
#3561 = PLANE('',#3562);
#3562 = AXIS2_PLACEMENT_3D('',#3563,#3564,#3565);
#3563 = CARTESIAN_POINT('',(25.,175.,248.95));
#3564 = DIRECTION('',(-0.,-0.,-1.));
#3565 = DIRECTION('',(-1.,0.,0.));
#3566 = DEFINITIONAL_REPRESENTATION('',(#3567),#3571);
#3567 = CIRCLE('',#3568,1.25);
#3568 = AXIS2_PLACEMENT_2D('',#3569,#3570);
#3569 = CARTESIAN_POINT('',(3.552713678801E-15,0.));
#3570 = DIRECTION('',(-1.,0.));
#3571 = ( GEOMETRIC_REPRESENTATION_CONTEXT(2) 
PARAMETRIC_REPRESENTATION_CONTEXT() REPRESENTATION_CONTEXT('2D SPACE',''
  ) );
#3572 = ORIENTED_EDGE('',*,*,#3523,.F.);
#3573 = ADVANCED_FACE('',(#3574),#3506,.F.);
#3574 = FACE_BOUND('',#3575,.F.);
#3575 = EDGE_LOOP('',(#3576));
#3576 = ORIENTED_EDGE('',*,*,#3491,.T.);
#3577 = ADVANCED_FACE('',(#3578),#3561,.F.);
#3578 = FACE_BOUND('',#3579,.F.);
#3579 = EDGE_LOOP('',(#3580));
#3580 = ORIENTED_EDGE('',*,*,#3546,.T.);
#3581 = ( GEOMETRIC_REPRESENTATION_CONTEXT(3) 
GLOBAL_UNCERTAINTY_ASSIGNED_CONTEXT((#3585)) 
GLOBAL_UNIT_ASSIGNED_CONTEXT((#3582,#3583,#3584)) REPRESENTATION_CONTEXT
('Context #1','3D Context with UNIT and UNCERTAINTY') );
#3582 = ( LENGTH_UNIT() NAMED_UNIT(*) SI_UNIT(.MILLI.,.METRE.) );
#3583 = ( NAMED_UNIT(*) PLANE_ANGLE_UNIT() SI_UNIT($,.RADIAN.) );
#3584 = ( NAMED_UNIT(*) SI_UNIT($,.STERADIAN.) SOLID_ANGLE_UNIT() );
#3585 = UNCERTAINTY_MEASURE_WITH_UNIT(LENGTH_MEASURE(1.E-07),#3582,
  'distance_accuracy_value','confusion accuracy');
#3586 = CONTEXT_DEPENDENT_SHAPE_REPRESENTATION(#3587,#3589);
#3587 = ( REPRESENTATION_RELATIONSHIP('','',#1633,#10) 
REPRESENTATION_RELATIONSHIP_WITH_TRANSFORMATION(#3588) 
SHAPE_REPRESENTATION_RELATIONSHIP() );
#3588 = ITEM_DEFINED_TRANSFORMATION('','',#11,#19);
#3589 = PRODUCT_DEFINITION_SHAPE('Placement','Placement of an item',
  #3590);
#3590 = NEXT_ASSEMBLY_USAGE_OCCURRENCE('2','back','',#5,#1628,$);
#3591 = PRODUCT_RELATED_PRODUCT_CATEGORY('part',$,(#1630));
#3592 = SHAPE_DEFINITION_REPRESENTATION(#3593,#3599);
#3593 = PRODUCT_DEFINITION_SHAPE('','',#3594);
#3594 = PRODUCT_DEFINITION('design','',#3595,#3598);
#3595 = PRODUCT_DEFINITION_FORMATION('','',#3596);
#3596 = PRODUCT('side_1','side_1','',(#3597));
#3597 = PRODUCT_CONTEXT('',#2,'mechanical');
#3598 = PRODUCT_DEFINITION_CONTEXT('part definition',#2,'design');
#3599 = ADVANCED_BREP_SHAPE_REPRESENTATION('',(#11,#3600),#4818);
#3600 = MANIFOLD_SOLID_BREP('',#3601);
#3601 = CLOSED_SHELL('',(#3602,#3722,#3903,#4022,#4164,#4253,#4260,#4315
    ,#4370,#4425,#4499,#4573,#4628,#4683,#4738,#4766,#4794,#4798,#4802,
    #4806,#4810,#4814));
#3602 = ADVANCED_FACE('',(#3603),#3617,.F.);
#3603 = FACE_BOUND('',#3604,.F.);
#3604 = EDGE_LOOP('',(#3605,#3640,#3668,#3696));
#3605 = ORIENTED_EDGE('',*,*,#3606,.F.);
#3606 = EDGE_CURVE('',#3607,#3609,#3611,.T.);
#3607 = VERTEX_POINT('',#3608);
#3608 = CARTESIAN_POINT('',(20.,20.,0.));
#3609 = VERTEX_POINT('',#3610);
#3610 = CARTESIAN_POINT('',(0.,20.,0.));
#3611 = SURFACE_CURVE('',#3612,(#3616,#3628),.PCURVE_S1.);
#3612 = LINE('',#3613,#3614);
#3613 = CARTESIAN_POINT('',(20.,20.,0.));
#3614 = VECTOR('',#3615,1.);
#3615 = DIRECTION('',(-1.,0.,0.));
#3616 = PCURVE('',#3617,#3622);
#3617 = PLANE('',#3618);
#3618 = AXIS2_PLACEMENT_3D('',#3619,#3620,#3621);
#3619 = CARTESIAN_POINT('',(20.,20.,0.));
#3620 = DIRECTION('',(0.,0.,1.));
#3621 = DIRECTION('',(-1.,0.,0.));
#3622 = DEFINITIONAL_REPRESENTATION('',(#3623),#3627);
#3623 = LINE('',#3624,#3625);
#3624 = CARTESIAN_POINT('',(0.,0.));
#3625 = VECTOR('',#3626,1.);
#3626 = DIRECTION('',(1.,0.));
#3627 = ( GEOMETRIC_REPRESENTATION_CONTEXT(2) 
PARAMETRIC_REPRESENTATION_CONTEXT() REPRESENTATION_CONTEXT('2D SPACE',''
  ) );
#3628 = PCURVE('',#3629,#3634);
#3629 = PLANE('',#3630);
#3630 = AXIS2_PLACEMENT_3D('',#3631,#3632,#3633);
#3631 = CARTESIAN_POINT('',(20.,20.,0.));
#3632 = DIRECTION('',(0.,1.,0.));
#3633 = DIRECTION('',(-1.,0.,0.));
#3634 = DEFINITIONAL_REPRESENTATION('',(#3635),#3639);
#3635 = LINE('',#3636,#3637);
#3636 = CARTESIAN_POINT('',(0.,0.));
#3637 = VECTOR('',#3638,1.);
#3638 = DIRECTION('',(1.,0.));
#3639 = ( GEOMETRIC_REPRESENTATION_CONTEXT(2) 
PARAMETRIC_REPRESENTATION_CONTEXT() REPRESENTATION_CONTEXT('2D SPACE',''
  ) );
#3640 = ORIENTED_EDGE('',*,*,#3641,.T.);
#3641 = EDGE_CURVE('',#3607,#3642,#3644,.T.);
#3642 = VERTEX_POINT('',#3643);
#3643 = CARTESIAN_POINT('',(20.,165.,0.));
#3644 = SURFACE_CURVE('',#3645,(#3649,#3656),.PCURVE_S1.);
#3645 = LINE('',#3646,#3647);
#3646 = CARTESIAN_POINT('',(20.,20.,0.));
#3647 = VECTOR('',#3648,1.);
#3648 = DIRECTION('',(0.,1.,0.));
#3649 = PCURVE('',#3617,#3650);
#3650 = DEFINITIONAL_REPRESENTATION('',(#3651),#3655);
#3651 = LINE('',#3652,#3653);
#3652 = CARTESIAN_POINT('',(0.,0.));
#3653 = VECTOR('',#3654,1.);
#3654 = DIRECTION('',(0.,-1.));
#3655 = ( GEOMETRIC_REPRESENTATION_CONTEXT(2) 
PARAMETRIC_REPRESENTATION_CONTEXT() REPRESENTATION_CONTEXT('2D SPACE',''
  ) );
#3656 = PCURVE('',#3657,#3662);
#3657 = PLANE('',#3658);
#3658 = AXIS2_PLACEMENT_3D('',#3659,#3660,#3661);
#3659 = CARTESIAN_POINT('',(20.,20.,0.));
#3660 = DIRECTION('',(-1.,0.,0.));
#3661 = DIRECTION('',(0.,0.,1.));
#3662 = DEFINITIONAL_REPRESENTATION('',(#3663),#3667);
#3663 = LINE('',#3664,#3665);
#3664 = CARTESIAN_POINT('',(0.,0.));
#3665 = VECTOR('',#3666,1.);
#3666 = DIRECTION('',(0.,1.));
#3667 = ( GEOMETRIC_REPRESENTATION_CONTEXT(2) 
PARAMETRIC_REPRESENTATION_CONTEXT() REPRESENTATION_CONTEXT('2D SPACE',''
  ) );
#3668 = ORIENTED_EDGE('',*,*,#3669,.T.);
#3669 = EDGE_CURVE('',#3642,#3670,#3672,.T.);
#3670 = VERTEX_POINT('',#3671);
#3671 = CARTESIAN_POINT('',(0.,165.,0.));
#3672 = SURFACE_CURVE('',#3673,(#3677,#3684),.PCURVE_S1.);
#3673 = LINE('',#3674,#3675);
#3674 = CARTESIAN_POINT('',(20.,165.,0.));
#3675 = VECTOR('',#3676,1.);
#3676 = DIRECTION('',(-1.,0.,0.));
#3677 = PCURVE('',#3617,#3678);
#3678 = DEFINITIONAL_REPRESENTATION('',(#3679),#3683);
#3679 = LINE('',#3680,#3681);
#3680 = CARTESIAN_POINT('',(0.,-145.));
#3681 = VECTOR('',#3682,1.);
#3682 = DIRECTION('',(1.,0.));
#3683 = ( GEOMETRIC_REPRESENTATION_CONTEXT(2) 
PARAMETRIC_REPRESENTATION_CONTEXT() REPRESENTATION_CONTEXT('2D SPACE',''
  ) );
#3684 = PCURVE('',#3685,#3690);
#3685 = PLANE('',#3686);
#3686 = AXIS2_PLACEMENT_3D('',#3687,#3688,#3689);
#3687 = CARTESIAN_POINT('',(20.,165.,0.));
#3688 = DIRECTION('',(0.,1.,0.));
#3689 = DIRECTION('',(-1.,0.,0.));
#3690 = DEFINITIONAL_REPRESENTATION('',(#3691),#3695);
#3691 = LINE('',#3692,#3693);
#3692 = CARTESIAN_POINT('',(0.,0.));
#3693 = VECTOR('',#3694,1.);
#3694 = DIRECTION('',(1.,0.));
#3695 = ( GEOMETRIC_REPRESENTATION_CONTEXT(2) 
PARAMETRIC_REPRESENTATION_CONTEXT() REPRESENTATION_CONTEXT('2D SPACE',''
  ) );
#3696 = ORIENTED_EDGE('',*,*,#3697,.F.);
#3697 = EDGE_CURVE('',#3609,#3670,#3698,.T.);
#3698 = SURFACE_CURVE('',#3699,(#3703,#3710),.PCURVE_S1.);
#3699 = LINE('',#3700,#3701);
#3700 = CARTESIAN_POINT('',(0.,20.,0.));
#3701 = VECTOR('',#3702,1.);
#3702 = DIRECTION('',(0.,1.,0.));
#3703 = PCURVE('',#3617,#3704);
#3704 = DEFINITIONAL_REPRESENTATION('',(#3705),#3709);
#3705 = LINE('',#3706,#3707);
#3706 = CARTESIAN_POINT('',(20.,0.));
#3707 = VECTOR('',#3708,1.);
#3708 = DIRECTION('',(0.,-1.));
#3709 = ( GEOMETRIC_REPRESENTATION_CONTEXT(2) 
PARAMETRIC_REPRESENTATION_CONTEXT() REPRESENTATION_CONTEXT('2D SPACE',''
  ) );
#3710 = PCURVE('',#3711,#3716);
#3711 = PLANE('',#3712);
#3712 = AXIS2_PLACEMENT_3D('',#3713,#3714,#3715);
#3713 = CARTESIAN_POINT('',(0.,20.,0.));
#3714 = DIRECTION('',(-1.,0.,0.));
#3715 = DIRECTION('',(0.,0.,1.));
#3716 = DEFINITIONAL_REPRESENTATION('',(#3717),#3721);
#3717 = LINE('',#3718,#3719);
#3718 = CARTESIAN_POINT('',(0.,0.));
#3719 = VECTOR('',#3720,1.);
#3720 = DIRECTION('',(0.,1.));
#3721 = ( GEOMETRIC_REPRESENTATION_CONTEXT(2) 
PARAMETRIC_REPRESENTATION_CONTEXT() REPRESENTATION_CONTEXT('2D SPACE',''
  ) );
#3722 = ADVANCED_FACE('',(#3723,#3798,#3833,#3868),#3629,.F.);
#3723 = FACE_BOUND('',#3724,.F.);
#3724 = EDGE_LOOP('',(#3725,#3748,#3749,#3772));
#3725 = ORIENTED_EDGE('',*,*,#3726,.F.);
#3726 = EDGE_CURVE('',#3607,#3727,#3729,.T.);
#3727 = VERTEX_POINT('',#3728);
#3728 = CARTESIAN_POINT('',(20.,20.,280.));
#3729 = SURFACE_CURVE('',#3730,(#3734,#3741),.PCURVE_S1.);
#3730 = LINE('',#3731,#3732);
#3731 = CARTESIAN_POINT('',(20.,20.,0.));
#3732 = VECTOR('',#3733,1.);
#3733 = DIRECTION('',(0.,0.,1.));
#3734 = PCURVE('',#3629,#3735);
#3735 = DEFINITIONAL_REPRESENTATION('',(#3736),#3740);
#3736 = LINE('',#3737,#3738);
#3737 = CARTESIAN_POINT('',(0.,0.));
#3738 = VECTOR('',#3739,1.);
#3739 = DIRECTION('',(0.,1.));
#3740 = ( GEOMETRIC_REPRESENTATION_CONTEXT(2) 
PARAMETRIC_REPRESENTATION_CONTEXT() REPRESENTATION_CONTEXT('2D SPACE',''
  ) );
#3741 = PCURVE('',#3657,#3742);
#3742 = DEFINITIONAL_REPRESENTATION('',(#3743),#3747);
#3743 = LINE('',#3744,#3745);
#3744 = CARTESIAN_POINT('',(0.,0.));
#3745 = VECTOR('',#3746,1.);
#3746 = DIRECTION('',(1.,0.));
#3747 = ( GEOMETRIC_REPRESENTATION_CONTEXT(2) 
PARAMETRIC_REPRESENTATION_CONTEXT() REPRESENTATION_CONTEXT('2D SPACE',''
  ) );
#3748 = ORIENTED_EDGE('',*,*,#3606,.T.);
#3749 = ORIENTED_EDGE('',*,*,#3750,.T.);
#3750 = EDGE_CURVE('',#3609,#3751,#3753,.T.);
#3751 = VERTEX_POINT('',#3752);
#3752 = CARTESIAN_POINT('',(0.,20.,280.));
#3753 = SURFACE_CURVE('',#3754,(#3758,#3765),.PCURVE_S1.);
#3754 = LINE('',#3755,#3756);
#3755 = CARTESIAN_POINT('',(0.,20.,0.));
#3756 = VECTOR('',#3757,1.);
#3757 = DIRECTION('',(0.,0.,1.));
#3758 = PCURVE('',#3629,#3759);
#3759 = DEFINITIONAL_REPRESENTATION('',(#3760),#3764);
#3760 = LINE('',#3761,#3762);
#3761 = CARTESIAN_POINT('',(20.,0.));
#3762 = VECTOR('',#3763,1.);
#3763 = DIRECTION('',(0.,1.));
#3764 = ( GEOMETRIC_REPRESENTATION_CONTEXT(2) 
PARAMETRIC_REPRESENTATION_CONTEXT() REPRESENTATION_CONTEXT('2D SPACE',''
  ) );
#3765 = PCURVE('',#3711,#3766);
#3766 = DEFINITIONAL_REPRESENTATION('',(#3767),#3771);
#3767 = LINE('',#3768,#3769);
#3768 = CARTESIAN_POINT('',(0.,0.));
#3769 = VECTOR('',#3770,1.);
#3770 = DIRECTION('',(1.,0.));
#3771 = ( GEOMETRIC_REPRESENTATION_CONTEXT(2) 
PARAMETRIC_REPRESENTATION_CONTEXT() REPRESENTATION_CONTEXT('2D SPACE',''
  ) );
#3772 = ORIENTED_EDGE('',*,*,#3773,.F.);
#3773 = EDGE_CURVE('',#3727,#3751,#3774,.T.);
#3774 = SURFACE_CURVE('',#3775,(#3779,#3786),.PCURVE_S1.);
#3775 = LINE('',#3776,#3777);
#3776 = CARTESIAN_POINT('',(20.,20.,280.));
#3777 = VECTOR('',#3778,1.);
#3778 = DIRECTION('',(-1.,0.,0.));
#3779 = PCURVE('',#3629,#3780);
#3780 = DEFINITIONAL_REPRESENTATION('',(#3781),#3785);
#3781 = LINE('',#3782,#3783);
#3782 = CARTESIAN_POINT('',(0.,280.));
#3783 = VECTOR('',#3784,1.);
#3784 = DIRECTION('',(1.,0.));
#3785 = ( GEOMETRIC_REPRESENTATION_CONTEXT(2) 
PARAMETRIC_REPRESENTATION_CONTEXT() REPRESENTATION_CONTEXT('2D SPACE',''
  ) );
#3786 = PCURVE('',#3787,#3792);
#3787 = PLANE('',#3788);
#3788 = AXIS2_PLACEMENT_3D('',#3789,#3790,#3791);
#3789 = CARTESIAN_POINT('',(20.,20.,280.));
#3790 = DIRECTION('',(0.,0.,1.));
#3791 = DIRECTION('',(-1.,0.,0.));
#3792 = DEFINITIONAL_REPRESENTATION('',(#3793),#3797);
#3793 = LINE('',#3794,#3795);
#3794 = CARTESIAN_POINT('',(0.,0.));
#3795 = VECTOR('',#3796,1.);
#3796 = DIRECTION('',(1.,0.));
#3797 = ( GEOMETRIC_REPRESENTATION_CONTEXT(2) 
PARAMETRIC_REPRESENTATION_CONTEXT() REPRESENTATION_CONTEXT('2D SPACE',''
  ) );
#3798 = FACE_BOUND('',#3799,.F.);
#3799 = EDGE_LOOP('',(#3800));
#3800 = ORIENTED_EDGE('',*,*,#3801,.T.);
#3801 = EDGE_CURVE('',#3802,#3802,#3804,.T.);
#3802 = VERTEX_POINT('',#3803);
#3803 = CARTESIAN_POINT('',(10.,20.,26.25));
#3804 = SURFACE_CURVE('',#3805,(#3810,#3821),.PCURVE_S1.);
#3805 = CIRCLE('',#3806,1.25);
#3806 = AXIS2_PLACEMENT_3D('',#3807,#3808,#3809);
#3807 = CARTESIAN_POINT('',(10.,20.,25.));
#3808 = DIRECTION('',(0.,-1.,0.));
#3809 = DIRECTION('',(0.,0.,1.));
#3810 = PCURVE('',#3629,#3811);
#3811 = DEFINITIONAL_REPRESENTATION('',(#3812),#3820);
#3812 = ( BOUNDED_CURVE() B_SPLINE_CURVE(2,(#3813,#3814,#3815,#3816,
#3817,#3818,#3819),.UNSPECIFIED.,.T.,.F.) B_SPLINE_CURVE_WITH_KNOTS((1,2
    ,2,2,2,1),(-2.094395102393,0.,2.094395102393,4.188790204786,
6.28318530718,8.377580409573),.UNSPECIFIED.) CURVE() 
GEOMETRIC_REPRESENTATION_ITEM() RATIONAL_B_SPLINE_CURVE((1.,0.5,1.,0.5,
1.,0.5,1.)) REPRESENTATION_ITEM('') );
#3813 = CARTESIAN_POINT('',(10.,26.25));
#3814 = CARTESIAN_POINT('',(12.165063509461,26.25));
#3815 = CARTESIAN_POINT('',(11.082531754731,24.375));
#3816 = CARTESIAN_POINT('',(10.,22.5));
#3817 = CARTESIAN_POINT('',(8.917468245269,24.375));
#3818 = CARTESIAN_POINT('',(7.834936490539,26.25));
#3819 = CARTESIAN_POINT('',(10.,26.25));
#3820 = ( GEOMETRIC_REPRESENTATION_CONTEXT(2) 
PARAMETRIC_REPRESENTATION_CONTEXT() REPRESENTATION_CONTEXT('2D SPACE',''
  ) );
#3821 = PCURVE('',#3822,#3827);
#3822 = CYLINDRICAL_SURFACE('',#3823,1.25);
#3823 = AXIS2_PLACEMENT_3D('',#3824,#3825,#3826);
#3824 = CARTESIAN_POINT('',(10.,19.95,25.));
#3825 = DIRECTION('',(-0.,-1.,-0.));
#3826 = DIRECTION('',(0.,0.,1.));
#3827 = DEFINITIONAL_REPRESENTATION('',(#3828),#3832);
#3828 = LINE('',#3829,#3830);
#3829 = CARTESIAN_POINT('',(-6.28318530718,-5.E-02));
#3830 = VECTOR('',#3831,1.);
#3831 = DIRECTION('',(1.,-0.));
#3832 = ( GEOMETRIC_REPRESENTATION_CONTEXT(2) 
PARAMETRIC_REPRESENTATION_CONTEXT() REPRESENTATION_CONTEXT('2D SPACE',''
  ) );
#3833 = FACE_BOUND('',#3834,.F.);
#3834 = EDGE_LOOP('',(#3835));
#3835 = ORIENTED_EDGE('',*,*,#3836,.T.);
#3836 = EDGE_CURVE('',#3837,#3837,#3839,.T.);
#3837 = VERTEX_POINT('',#3838);
#3838 = CARTESIAN_POINT('',(10.,20.,141.25));
#3839 = SURFACE_CURVE('',#3840,(#3845,#3856),.PCURVE_S1.);
#3840 = CIRCLE('',#3841,1.25);
#3841 = AXIS2_PLACEMENT_3D('',#3842,#3843,#3844);
#3842 = CARTESIAN_POINT('',(10.,20.,140.));
#3843 = DIRECTION('',(0.,-1.,0.));
#3844 = DIRECTION('',(0.,0.,1.));
#3845 = PCURVE('',#3629,#3846);
#3846 = DEFINITIONAL_REPRESENTATION('',(#3847),#3855);
#3847 = ( BOUNDED_CURVE() B_SPLINE_CURVE(2,(#3848,#3849,#3850,#3851,
#3852,#3853,#3854),.UNSPECIFIED.,.T.,.F.) B_SPLINE_CURVE_WITH_KNOTS((1,2
    ,2,2,2,1),(-2.094395102393,0.,2.094395102393,4.188790204786,
6.28318530718,8.377580409573),.UNSPECIFIED.) CURVE() 
GEOMETRIC_REPRESENTATION_ITEM() RATIONAL_B_SPLINE_CURVE((1.,0.5,1.,0.5,
1.,0.5,1.)) REPRESENTATION_ITEM('') );
#3848 = CARTESIAN_POINT('',(10.,141.25));
#3849 = CARTESIAN_POINT('',(12.165063509461,141.25));
#3850 = CARTESIAN_POINT('',(11.082531754731,139.375));
#3851 = CARTESIAN_POINT('',(10.,137.5));
#3852 = CARTESIAN_POINT('',(8.917468245269,139.375));
#3853 = CARTESIAN_POINT('',(7.834936490539,141.25));
#3854 = CARTESIAN_POINT('',(10.,141.25));
#3855 = ( GEOMETRIC_REPRESENTATION_CONTEXT(2) 
PARAMETRIC_REPRESENTATION_CONTEXT() REPRESENTATION_CONTEXT('2D SPACE',''
  ) );
#3856 = PCURVE('',#3857,#3862);
#3857 = CYLINDRICAL_SURFACE('',#3858,1.25);
#3858 = AXIS2_PLACEMENT_3D('',#3859,#3860,#3861);
#3859 = CARTESIAN_POINT('',(10.,19.95,140.));
#3860 = DIRECTION('',(-0.,-1.,-0.));
#3861 = DIRECTION('',(0.,0.,1.));
#3862 = DEFINITIONAL_REPRESENTATION('',(#3863),#3867);
#3863 = LINE('',#3864,#3865);
#3864 = CARTESIAN_POINT('',(-6.28318530718,-5.E-02));
#3865 = VECTOR('',#3866,1.);
#3866 = DIRECTION('',(1.,-0.));
#3867 = ( GEOMETRIC_REPRESENTATION_CONTEXT(2) 
PARAMETRIC_REPRESENTATION_CONTEXT() REPRESENTATION_CONTEXT('2D SPACE',''
  ) );
#3868 = FACE_BOUND('',#3869,.F.);
#3869 = EDGE_LOOP('',(#3870));
#3870 = ORIENTED_EDGE('',*,*,#3871,.T.);
#3871 = EDGE_CURVE('',#3872,#3872,#3874,.T.);
#3872 = VERTEX_POINT('',#3873);
#3873 = CARTESIAN_POINT('',(10.,20.,256.25));
#3874 = SURFACE_CURVE('',#3875,(#3880,#3891),.PCURVE_S1.);
#3875 = CIRCLE('',#3876,1.25);
#3876 = AXIS2_PLACEMENT_3D('',#3877,#3878,#3879);
#3877 = CARTESIAN_POINT('',(10.,20.,255.));
#3878 = DIRECTION('',(0.,-1.,0.));
#3879 = DIRECTION('',(0.,0.,1.));
#3880 = PCURVE('',#3629,#3881);
#3881 = DEFINITIONAL_REPRESENTATION('',(#3882),#3890);
#3882 = ( BOUNDED_CURVE() B_SPLINE_CURVE(2,(#3883,#3884,#3885,#3886,
#3887,#3888,#3889),.UNSPECIFIED.,.T.,.F.) B_SPLINE_CURVE_WITH_KNOTS((1,2
    ,2,2,2,1),(-2.094395102393,0.,2.094395102393,4.188790204786,
6.28318530718,8.377580409573),.UNSPECIFIED.) CURVE() 
GEOMETRIC_REPRESENTATION_ITEM() RATIONAL_B_SPLINE_CURVE((1.,0.5,1.,0.5,
1.,0.5,1.)) REPRESENTATION_ITEM('') );
#3883 = CARTESIAN_POINT('',(10.,256.25));
#3884 = CARTESIAN_POINT('',(12.165063509461,256.25));
#3885 = CARTESIAN_POINT('',(11.082531754731,254.375));
#3886 = CARTESIAN_POINT('',(10.,252.5));
#3887 = CARTESIAN_POINT('',(8.917468245269,254.375));
#3888 = CARTESIAN_POINT('',(7.834936490539,256.25));
#3889 = CARTESIAN_POINT('',(10.,256.25));
#3890 = ( GEOMETRIC_REPRESENTATION_CONTEXT(2) 
PARAMETRIC_REPRESENTATION_CONTEXT() REPRESENTATION_CONTEXT('2D SPACE',''
  ) );
#3891 = PCURVE('',#3892,#3897);
#3892 = CYLINDRICAL_SURFACE('',#3893,1.25);
#3893 = AXIS2_PLACEMENT_3D('',#3894,#3895,#3896);
#3894 = CARTESIAN_POINT('',(10.,19.95,255.));
#3895 = DIRECTION('',(-0.,-1.,-0.));
#3896 = DIRECTION('',(0.,0.,1.));
#3897 = DEFINITIONAL_REPRESENTATION('',(#3898),#3902);
#3898 = LINE('',#3899,#3900);
#3899 = CARTESIAN_POINT('',(-6.28318530718,-5.E-02));
#3900 = VECTOR('',#3901,1.);
#3901 = DIRECTION('',(1.,-0.));
#3902 = ( GEOMETRIC_REPRESENTATION_CONTEXT(2) 
PARAMETRIC_REPRESENTATION_CONTEXT() REPRESENTATION_CONTEXT('2D SPACE',''
  ) );
#3903 = ADVANCED_FACE('',(#3904,#3952,#3987),#3711,.T.);
#3904 = FACE_BOUND('',#3905,.T.);
#3905 = EDGE_LOOP('',(#3906,#3907,#3908,#3931));
#3906 = ORIENTED_EDGE('',*,*,#3697,.F.);
#3907 = ORIENTED_EDGE('',*,*,#3750,.T.);
#3908 = ORIENTED_EDGE('',*,*,#3909,.T.);
#3909 = EDGE_CURVE('',#3751,#3910,#3912,.T.);
#3910 = VERTEX_POINT('',#3911);
#3911 = CARTESIAN_POINT('',(0.,165.,280.));
#3912 = SURFACE_CURVE('',#3913,(#3917,#3924),.PCURVE_S1.);
#3913 = LINE('',#3914,#3915);
#3914 = CARTESIAN_POINT('',(0.,20.,280.));
#3915 = VECTOR('',#3916,1.);
#3916 = DIRECTION('',(0.,1.,0.));
#3917 = PCURVE('',#3711,#3918);
#3918 = DEFINITIONAL_REPRESENTATION('',(#3919),#3923);
#3919 = LINE('',#3920,#3921);
#3920 = CARTESIAN_POINT('',(280.,0.));
#3921 = VECTOR('',#3922,1.);
#3922 = DIRECTION('',(0.,1.));
#3923 = ( GEOMETRIC_REPRESENTATION_CONTEXT(2) 
PARAMETRIC_REPRESENTATION_CONTEXT() REPRESENTATION_CONTEXT('2D SPACE',''
  ) );
#3924 = PCURVE('',#3787,#3925);
#3925 = DEFINITIONAL_REPRESENTATION('',(#3926),#3930);
#3926 = LINE('',#3927,#3928);
#3927 = CARTESIAN_POINT('',(20.,0.));
#3928 = VECTOR('',#3929,1.);
#3929 = DIRECTION('',(0.,-1.));
#3930 = ( GEOMETRIC_REPRESENTATION_CONTEXT(2) 
PARAMETRIC_REPRESENTATION_CONTEXT() REPRESENTATION_CONTEXT('2D SPACE',''
  ) );
#3931 = ORIENTED_EDGE('',*,*,#3932,.F.);
#3932 = EDGE_CURVE('',#3670,#3910,#3933,.T.);
#3933 = SURFACE_CURVE('',#3934,(#3938,#3945),.PCURVE_S1.);
#3934 = LINE('',#3935,#3936);
#3935 = CARTESIAN_POINT('',(0.,165.,0.));
#3936 = VECTOR('',#3937,1.);
#3937 = DIRECTION('',(0.,0.,1.));
#3938 = PCURVE('',#3711,#3939);
#3939 = DEFINITIONAL_REPRESENTATION('',(#3940),#3944);
#3940 = LINE('',#3941,#3942);
#3941 = CARTESIAN_POINT('',(0.,145.));
#3942 = VECTOR('',#3943,1.);
#3943 = DIRECTION('',(1.,0.));
#3944 = ( GEOMETRIC_REPRESENTATION_CONTEXT(2) 
PARAMETRIC_REPRESENTATION_CONTEXT() REPRESENTATION_CONTEXT('2D SPACE',''
  ) );
#3945 = PCURVE('',#3685,#3946);
#3946 = DEFINITIONAL_REPRESENTATION('',(#3947),#3951);
#3947 = LINE('',#3948,#3949);
#3948 = CARTESIAN_POINT('',(20.,0.));
#3949 = VECTOR('',#3950,1.);
#3950 = DIRECTION('',(0.,1.));
#3951 = ( GEOMETRIC_REPRESENTATION_CONTEXT(2) 
PARAMETRIC_REPRESENTATION_CONTEXT() REPRESENTATION_CONTEXT('2D SPACE',''
  ) );
#3952 = FACE_BOUND('',#3953,.T.);
#3953 = EDGE_LOOP('',(#3954));
#3954 = ORIENTED_EDGE('',*,*,#3955,.T.);
#3955 = EDGE_CURVE('',#3956,#3956,#3958,.T.);
#3956 = VERTEX_POINT('',#3957);
#3957 = CARTESIAN_POINT('',(-6.938893903907E-18,45.,13.8));
#3958 = SURFACE_CURVE('',#3959,(#3964,#3975),.PCURVE_S1.);
#3959 = CIRCLE('',#3960,3.8);
#3960 = AXIS2_PLACEMENT_3D('',#3961,#3962,#3963);
#3961 = CARTESIAN_POINT('',(0.,45.,10.));
#3962 = DIRECTION('',(1.,0.,0.));
#3963 = DIRECTION('',(-0.,0.,1.));
#3964 = PCURVE('',#3711,#3965);
#3965 = DEFINITIONAL_REPRESENTATION('',(#3966),#3974);
#3966 = ( BOUNDED_CURVE() B_SPLINE_CURVE(2,(#3967,#3968,#3969,#3970,
#3971,#3972,#3973),.UNSPECIFIED.,.T.,.F.) B_SPLINE_CURVE_WITH_KNOTS((1,2
    ,2,2,2,1),(-2.094395102393,0.,2.094395102393,4.188790204786,
6.28318530718,8.377580409573),.UNSPECIFIED.) CURVE() 
GEOMETRIC_REPRESENTATION_ITEM() RATIONAL_B_SPLINE_CURVE((1.,0.5,1.,0.5,
1.,0.5,1.)) REPRESENTATION_ITEM('') );
#3967 = CARTESIAN_POINT('',(13.8,25.));
#3968 = CARTESIAN_POINT('',(13.8,18.418206931238));
#3969 = CARTESIAN_POINT('',(8.1,21.709103465619));
#3970 = CARTESIAN_POINT('',(2.4,25.));
#3971 = CARTESIAN_POINT('',(8.1,28.290896534381));
#3972 = CARTESIAN_POINT('',(13.8,31.581793068762));
#3973 = CARTESIAN_POINT('',(13.8,25.));
#3974 = ( GEOMETRIC_REPRESENTATION_CONTEXT(2) 
PARAMETRIC_REPRESENTATION_CONTEXT() REPRESENTATION_CONTEXT('2D SPACE',''
  ) );
#3975 = PCURVE('',#3976,#3981);
#3976 = CONICAL_SURFACE('',#3977,3.85,0.785398163397);
#3977 = AXIS2_PLACEMENT_3D('',#3978,#3979,#3980);
#3978 = CARTESIAN_POINT('',(-5.E-02,45.,10.));
#3979 = DIRECTION('',(-1.,-0.,-0.));
#3980 = DIRECTION('',(-0.,0.,1.));
#3981 = DEFINITIONAL_REPRESENTATION('',(#3982),#3986);
#3982 = LINE('',#3983,#3984);
#3983 = CARTESIAN_POINT('',(-0.,-5.E-02));
#3984 = VECTOR('',#3985,1.);
#3985 = DIRECTION('',(-1.,-0.));
#3986 = ( GEOMETRIC_REPRESENTATION_CONTEXT(2) 
PARAMETRIC_REPRESENTATION_CONTEXT() REPRESENTATION_CONTEXT('2D SPACE',''
  ) );
#3987 = FACE_BOUND('',#3988,.T.);
#3988 = EDGE_LOOP('',(#3989));
#3989 = ORIENTED_EDGE('',*,*,#3990,.T.);
#3990 = EDGE_CURVE('',#3991,#3991,#3993,.T.);
#3991 = VERTEX_POINT('',#3992);
#3992 = CARTESIAN_POINT('',(-6.938893903907E-18,140.,13.8));
#3993 = SURFACE_CURVE('',#3994,(#3999,#4010),.PCURVE_S1.);
#3994 = CIRCLE('',#3995,3.8);
#3995 = AXIS2_PLACEMENT_3D('',#3996,#3997,#3998);
#3996 = CARTESIAN_POINT('',(0.,140.,10.));
#3997 = DIRECTION('',(1.,0.,0.));
#3998 = DIRECTION('',(-0.,0.,1.));
#3999 = PCURVE('',#3711,#4000);
#4000 = DEFINITIONAL_REPRESENTATION('',(#4001),#4009);
#4001 = ( BOUNDED_CURVE() B_SPLINE_CURVE(2,(#4002,#4003,#4004,#4005,
#4006,#4007,#4008),.UNSPECIFIED.,.T.,.F.) B_SPLINE_CURVE_WITH_KNOTS((1,2
    ,2,2,2,1),(-2.094395102393,0.,2.094395102393,4.188790204786,
6.28318530718,8.377580409573),.UNSPECIFIED.) CURVE() 
GEOMETRIC_REPRESENTATION_ITEM() RATIONAL_B_SPLINE_CURVE((1.,0.5,1.,0.5,
1.,0.5,1.)) REPRESENTATION_ITEM('') );
#4002 = CARTESIAN_POINT('',(13.8,120.));
#4003 = CARTESIAN_POINT('',(13.8,113.41820693123));
#4004 = CARTESIAN_POINT('',(8.1,116.70910346561));
#4005 = CARTESIAN_POINT('',(2.4,120.));
#4006 = CARTESIAN_POINT('',(8.1,123.29089653438));
#4007 = CARTESIAN_POINT('',(13.8,126.58179306876));
#4008 = CARTESIAN_POINT('',(13.8,120.));
#4009 = ( GEOMETRIC_REPRESENTATION_CONTEXT(2) 
PARAMETRIC_REPRESENTATION_CONTEXT() REPRESENTATION_CONTEXT('2D SPACE',''
  ) );
#4010 = PCURVE('',#4011,#4016);
#4011 = CONICAL_SURFACE('',#4012,3.85,0.785398163397);
#4012 = AXIS2_PLACEMENT_3D('',#4013,#4014,#4015);
#4013 = CARTESIAN_POINT('',(-5.E-02,140.,10.));
#4014 = DIRECTION('',(-1.,-0.,-0.));
#4015 = DIRECTION('',(-0.,0.,1.));
#4016 = DEFINITIONAL_REPRESENTATION('',(#4017),#4021);
#4017 = LINE('',#4018,#4019);
#4018 = CARTESIAN_POINT('',(-0.,-5.E-02));
#4019 = VECTOR('',#4020,1.);
#4020 = DIRECTION('',(-1.,-0.));
#4021 = ( GEOMETRIC_REPRESENTATION_CONTEXT(2) 
PARAMETRIC_REPRESENTATION_CONTEXT() REPRESENTATION_CONTEXT('2D SPACE',''
  ) );
#4022 = ADVANCED_FACE('',(#4023,#4071,#4102,#4133),#3685,.T.);
#4023 = FACE_BOUND('',#4024,.T.);
#4024 = EDGE_LOOP('',(#4025,#4048,#4049,#4050));
#4025 = ORIENTED_EDGE('',*,*,#4026,.F.);
#4026 = EDGE_CURVE('',#3642,#4027,#4029,.T.);
#4027 = VERTEX_POINT('',#4028);
#4028 = CARTESIAN_POINT('',(20.,165.,280.));
#4029 = SURFACE_CURVE('',#4030,(#4034,#4041),.PCURVE_S1.);
#4030 = LINE('',#4031,#4032);
#4031 = CARTESIAN_POINT('',(20.,165.,0.));
#4032 = VECTOR('',#4033,1.);
#4033 = DIRECTION('',(0.,0.,1.));
#4034 = PCURVE('',#3685,#4035);
#4035 = DEFINITIONAL_REPRESENTATION('',(#4036),#4040);
#4036 = LINE('',#4037,#4038);
#4037 = CARTESIAN_POINT('',(0.,0.));
#4038 = VECTOR('',#4039,1.);
#4039 = DIRECTION('',(0.,1.));
#4040 = ( GEOMETRIC_REPRESENTATION_CONTEXT(2) 
PARAMETRIC_REPRESENTATION_CONTEXT() REPRESENTATION_CONTEXT('2D SPACE',''
  ) );
#4041 = PCURVE('',#3657,#4042);
#4042 = DEFINITIONAL_REPRESENTATION('',(#4043),#4047);
#4043 = LINE('',#4044,#4045);
#4044 = CARTESIAN_POINT('',(0.,145.));
#4045 = VECTOR('',#4046,1.);
#4046 = DIRECTION('',(1.,0.));
#4047 = ( GEOMETRIC_REPRESENTATION_CONTEXT(2) 
PARAMETRIC_REPRESENTATION_CONTEXT() REPRESENTATION_CONTEXT('2D SPACE',''
  ) );
#4048 = ORIENTED_EDGE('',*,*,#3669,.T.);
#4049 = ORIENTED_EDGE('',*,*,#3932,.T.);
#4050 = ORIENTED_EDGE('',*,*,#4051,.F.);
#4051 = EDGE_CURVE('',#4027,#3910,#4052,.T.);
#4052 = SURFACE_CURVE('',#4053,(#4057,#4064),.PCURVE_S1.);
#4053 = LINE('',#4054,#4055);
#4054 = CARTESIAN_POINT('',(20.,165.,280.));
#4055 = VECTOR('',#4056,1.);
#4056 = DIRECTION('',(-1.,0.,0.));
#4057 = PCURVE('',#3685,#4058);
#4058 = DEFINITIONAL_REPRESENTATION('',(#4059),#4063);
#4059 = LINE('',#4060,#4061);
#4060 = CARTESIAN_POINT('',(0.,280.));
#4061 = VECTOR('',#4062,1.);
#4062 = DIRECTION('',(1.,0.));
#4063 = ( GEOMETRIC_REPRESENTATION_CONTEXT(2) 
PARAMETRIC_REPRESENTATION_CONTEXT() REPRESENTATION_CONTEXT('2D SPACE',''
  ) );
#4064 = PCURVE('',#3787,#4065);
#4065 = DEFINITIONAL_REPRESENTATION('',(#4066),#4070);
#4066 = LINE('',#4067,#4068);
#4067 = CARTESIAN_POINT('',(0.,-145.));
#4068 = VECTOR('',#4069,1.);
#4069 = DIRECTION('',(1.,0.));
#4070 = ( GEOMETRIC_REPRESENTATION_CONTEXT(2) 
PARAMETRIC_REPRESENTATION_CONTEXT() REPRESENTATION_CONTEXT('2D SPACE',''
  ) );
#4071 = FACE_BOUND('',#4072,.T.);
#4072 = EDGE_LOOP('',(#4073));
#4073 = ORIENTED_EDGE('',*,*,#4074,.F.);
#4074 = EDGE_CURVE('',#4075,#4075,#4077,.T.);
#4075 = VERTEX_POINT('',#4076);
#4076 = CARTESIAN_POINT('',(10.,165.,26.25));
#4077 = SURFACE_CURVE('',#4078,(#4083,#4090),.PCURVE_S1.);
#4078 = CIRCLE('',#4079,1.25);
#4079 = AXIS2_PLACEMENT_3D('',#4080,#4081,#4082);
#4080 = CARTESIAN_POINT('',(10.,165.,25.));
#4081 = DIRECTION('',(-0.,1.,0.));
#4082 = DIRECTION('',(0.,0.,1.));
#4083 = PCURVE('',#3685,#4084);
#4084 = DEFINITIONAL_REPRESENTATION('',(#4085),#4089);
#4085 = CIRCLE('',#4086,1.25);
#4086 = AXIS2_PLACEMENT_2D('',#4087,#4088);
#4087 = CARTESIAN_POINT('',(10.,25.));
#4088 = DIRECTION('',(0.,1.));
#4089 = ( GEOMETRIC_REPRESENTATION_CONTEXT(2) 
PARAMETRIC_REPRESENTATION_CONTEXT() REPRESENTATION_CONTEXT('2D SPACE',''
  ) );
#4090 = PCURVE('',#4091,#4096);
#4091 = CYLINDRICAL_SURFACE('',#4092,1.25);
#4092 = AXIS2_PLACEMENT_3D('',#4093,#4094,#4095);
#4093 = CARTESIAN_POINT('',(10.,165.05,25.));
#4094 = DIRECTION('',(-0.,1.,-0.));
#4095 = DIRECTION('',(0.,0.,1.));
#4096 = DEFINITIONAL_REPRESENTATION('',(#4097),#4101);
#4097 = LINE('',#4098,#4099);
#4098 = CARTESIAN_POINT('',(-6.28318530718,-5.000000000001E-02));
#4099 = VECTOR('',#4100,1.);
#4100 = DIRECTION('',(1.,-0.));
#4101 = ( GEOMETRIC_REPRESENTATION_CONTEXT(2) 
PARAMETRIC_REPRESENTATION_CONTEXT() REPRESENTATION_CONTEXT('2D SPACE',''
  ) );
#4102 = FACE_BOUND('',#4103,.T.);
#4103 = EDGE_LOOP('',(#4104));
#4104 = ORIENTED_EDGE('',*,*,#4105,.F.);
#4105 = EDGE_CURVE('',#4106,#4106,#4108,.T.);
#4106 = VERTEX_POINT('',#4107);
#4107 = CARTESIAN_POINT('',(10.,165.,141.25));
#4108 = SURFACE_CURVE('',#4109,(#4114,#4121),.PCURVE_S1.);
#4109 = CIRCLE('',#4110,1.25);
#4110 = AXIS2_PLACEMENT_3D('',#4111,#4112,#4113);
#4111 = CARTESIAN_POINT('',(10.,165.,140.));
#4112 = DIRECTION('',(-0.,1.,0.));
#4113 = DIRECTION('',(0.,0.,1.));
#4114 = PCURVE('',#3685,#4115);
#4115 = DEFINITIONAL_REPRESENTATION('',(#4116),#4120);
#4116 = CIRCLE('',#4117,1.25);
#4117 = AXIS2_PLACEMENT_2D('',#4118,#4119);
#4118 = CARTESIAN_POINT('',(10.,140.));
#4119 = DIRECTION('',(0.,1.));
#4120 = ( GEOMETRIC_REPRESENTATION_CONTEXT(2) 
PARAMETRIC_REPRESENTATION_CONTEXT() REPRESENTATION_CONTEXT('2D SPACE',''
  ) );
#4121 = PCURVE('',#4122,#4127);
#4122 = CYLINDRICAL_SURFACE('',#4123,1.25);
#4123 = AXIS2_PLACEMENT_3D('',#4124,#4125,#4126);
#4124 = CARTESIAN_POINT('',(10.,165.05,140.));
#4125 = DIRECTION('',(-0.,1.,-0.));
#4126 = DIRECTION('',(0.,0.,1.));
#4127 = DEFINITIONAL_REPRESENTATION('',(#4128),#4132);
#4128 = LINE('',#4129,#4130);
#4129 = CARTESIAN_POINT('',(-6.28318530718,-5.000000000001E-02));
#4130 = VECTOR('',#4131,1.);
#4131 = DIRECTION('',(1.,-0.));
#4132 = ( GEOMETRIC_REPRESENTATION_CONTEXT(2) 
PARAMETRIC_REPRESENTATION_CONTEXT() REPRESENTATION_CONTEXT('2D SPACE',''
  ) );
#4133 = FACE_BOUND('',#4134,.T.);
#4134 = EDGE_LOOP('',(#4135));
#4135 = ORIENTED_EDGE('',*,*,#4136,.F.);
#4136 = EDGE_CURVE('',#4137,#4137,#4139,.T.);
#4137 = VERTEX_POINT('',#4138);
#4138 = CARTESIAN_POINT('',(10.,165.,256.25));
#4139 = SURFACE_CURVE('',#4140,(#4145,#4152),.PCURVE_S1.);
#4140 = CIRCLE('',#4141,1.25);
#4141 = AXIS2_PLACEMENT_3D('',#4142,#4143,#4144);
#4142 = CARTESIAN_POINT('',(10.,165.,255.));
#4143 = DIRECTION('',(-0.,1.,0.));
#4144 = DIRECTION('',(0.,0.,1.));
#4145 = PCURVE('',#3685,#4146);
#4146 = DEFINITIONAL_REPRESENTATION('',(#4147),#4151);
#4147 = CIRCLE('',#4148,1.25);
#4148 = AXIS2_PLACEMENT_2D('',#4149,#4150);
#4149 = CARTESIAN_POINT('',(10.,255.));
#4150 = DIRECTION('',(0.,1.));
#4151 = ( GEOMETRIC_REPRESENTATION_CONTEXT(2) 
PARAMETRIC_REPRESENTATION_CONTEXT() REPRESENTATION_CONTEXT('2D SPACE',''
  ) );
#4152 = PCURVE('',#4153,#4158);
#4153 = CYLINDRICAL_SURFACE('',#4154,1.25);
#4154 = AXIS2_PLACEMENT_3D('',#4155,#4156,#4157);
#4155 = CARTESIAN_POINT('',(10.,165.05,255.));
#4156 = DIRECTION('',(-0.,1.,-0.));
#4157 = DIRECTION('',(0.,0.,1.));
#4158 = DEFINITIONAL_REPRESENTATION('',(#4159),#4163);
#4159 = LINE('',#4160,#4161);
#4160 = CARTESIAN_POINT('',(-6.28318530718,-5.000000000001E-02));
#4161 = VECTOR('',#4162,1.);
#4162 = DIRECTION('',(1.,-0.));
#4163 = ( GEOMETRIC_REPRESENTATION_CONTEXT(2) 
PARAMETRIC_REPRESENTATION_CONTEXT() REPRESENTATION_CONTEXT('2D SPACE',''
  ) );
#4164 = ADVANCED_FACE('',(#4165,#4191,#4222),#3657,.F.);
#4165 = FACE_BOUND('',#4166,.F.);
#4166 = EDGE_LOOP('',(#4167,#4168,#4169,#4190));
#4167 = ORIENTED_EDGE('',*,*,#3641,.F.);
#4168 = ORIENTED_EDGE('',*,*,#3726,.T.);
#4169 = ORIENTED_EDGE('',*,*,#4170,.T.);
#4170 = EDGE_CURVE('',#3727,#4027,#4171,.T.);
#4171 = SURFACE_CURVE('',#4172,(#4176,#4183),.PCURVE_S1.);
#4172 = LINE('',#4173,#4174);
#4173 = CARTESIAN_POINT('',(20.,20.,280.));
#4174 = VECTOR('',#4175,1.);
#4175 = DIRECTION('',(0.,1.,0.));
#4176 = PCURVE('',#3657,#4177);
#4177 = DEFINITIONAL_REPRESENTATION('',(#4178),#4182);
#4178 = LINE('',#4179,#4180);
#4179 = CARTESIAN_POINT('',(280.,0.));
#4180 = VECTOR('',#4181,1.);
#4181 = DIRECTION('',(0.,1.));
#4182 = ( GEOMETRIC_REPRESENTATION_CONTEXT(2) 
PARAMETRIC_REPRESENTATION_CONTEXT() REPRESENTATION_CONTEXT('2D SPACE',''
  ) );
#4183 = PCURVE('',#3787,#4184);
#4184 = DEFINITIONAL_REPRESENTATION('',(#4185),#4189);
#4185 = LINE('',#4186,#4187);
#4186 = CARTESIAN_POINT('',(0.,0.));
#4187 = VECTOR('',#4188,1.);
#4188 = DIRECTION('',(0.,-1.));
#4189 = ( GEOMETRIC_REPRESENTATION_CONTEXT(2) 
PARAMETRIC_REPRESENTATION_CONTEXT() REPRESENTATION_CONTEXT('2D SPACE',''
  ) );
#4190 = ORIENTED_EDGE('',*,*,#4026,.F.);
#4191 = FACE_BOUND('',#4192,.F.);
#4192 = EDGE_LOOP('',(#4193));
#4193 = ORIENTED_EDGE('',*,*,#4194,.F.);
#4194 = EDGE_CURVE('',#4195,#4195,#4197,.T.);
#4195 = VERTEX_POINT('',#4196);
#4196 = CARTESIAN_POINT('',(20.,46.25,10.));
#4197 = SURFACE_CURVE('',#4198,(#4203,#4210),.PCURVE_S1.);
#4198 = CIRCLE('',#4199,1.25);
#4199 = AXIS2_PLACEMENT_3D('',#4200,#4201,#4202);
#4200 = CARTESIAN_POINT('',(20.,45.,10.));
#4201 = DIRECTION('',(-1.,0.,0.));
#4202 = DIRECTION('',(0.,1.,0.));
#4203 = PCURVE('',#3657,#4204);
#4204 = DEFINITIONAL_REPRESENTATION('',(#4205),#4209);
#4205 = CIRCLE('',#4206,1.25);
#4206 = AXIS2_PLACEMENT_2D('',#4207,#4208);
#4207 = CARTESIAN_POINT('',(10.,25.));
#4208 = DIRECTION('',(0.,1.));
#4209 = ( GEOMETRIC_REPRESENTATION_CONTEXT(2) 
PARAMETRIC_REPRESENTATION_CONTEXT() REPRESENTATION_CONTEXT('2D SPACE',''
  ) );
#4210 = PCURVE('',#4211,#4216);
#4211 = CYLINDRICAL_SURFACE('',#4212,1.25);
#4212 = AXIS2_PLACEMENT_3D('',#4213,#4214,#4215);
#4213 = CARTESIAN_POINT('',(-5.E-02,45.,10.));
#4214 = DIRECTION('',(-1.,-0.,-0.));
#4215 = DIRECTION('',(0.,1.,0.));
#4216 = DEFINITIONAL_REPRESENTATION('',(#4217),#4221);
#4217 = LINE('',#4218,#4219);
#4218 = CARTESIAN_POINT('',(-6.28318530718,-20.05));
#4219 = VECTOR('',#4220,1.);
#4220 = DIRECTION('',(1.,-0.));
#4221 = ( GEOMETRIC_REPRESENTATION_CONTEXT(2) 
PARAMETRIC_REPRESENTATION_CONTEXT() REPRESENTATION_CONTEXT('2D SPACE',''
  ) );
#4222 = FACE_BOUND('',#4223,.F.);
#4223 = EDGE_LOOP('',(#4224));
#4224 = ORIENTED_EDGE('',*,*,#4225,.F.);
#4225 = EDGE_CURVE('',#4226,#4226,#4228,.T.);
#4226 = VERTEX_POINT('',#4227);
#4227 = CARTESIAN_POINT('',(20.,141.25,10.));
#4228 = SURFACE_CURVE('',#4229,(#4234,#4241),.PCURVE_S1.);
#4229 = CIRCLE('',#4230,1.25);
#4230 = AXIS2_PLACEMENT_3D('',#4231,#4232,#4233);
#4231 = CARTESIAN_POINT('',(20.,140.,10.));
#4232 = DIRECTION('',(-1.,0.,0.));
#4233 = DIRECTION('',(0.,1.,0.));
#4234 = PCURVE('',#3657,#4235);
#4235 = DEFINITIONAL_REPRESENTATION('',(#4236),#4240);
#4236 = CIRCLE('',#4237,1.25);
#4237 = AXIS2_PLACEMENT_2D('',#4238,#4239);
#4238 = CARTESIAN_POINT('',(10.,120.));
#4239 = DIRECTION('',(0.,1.));
#4240 = ( GEOMETRIC_REPRESENTATION_CONTEXT(2) 
PARAMETRIC_REPRESENTATION_CONTEXT() REPRESENTATION_CONTEXT('2D SPACE',''
  ) );
#4241 = PCURVE('',#4242,#4247);
#4242 = CYLINDRICAL_SURFACE('',#4243,1.25);
#4243 = AXIS2_PLACEMENT_3D('',#4244,#4245,#4246);
#4244 = CARTESIAN_POINT('',(-5.E-02,140.,10.));
#4245 = DIRECTION('',(-1.,-0.,-0.));
#4246 = DIRECTION('',(0.,1.,0.));
#4247 = DEFINITIONAL_REPRESENTATION('',(#4248),#4252);
#4248 = LINE('',#4249,#4250);
#4249 = CARTESIAN_POINT('',(-6.28318530718,-20.05));
#4250 = VECTOR('',#4251,1.);
#4251 = DIRECTION('',(1.,-0.));
#4252 = ( GEOMETRIC_REPRESENTATION_CONTEXT(2) 
PARAMETRIC_REPRESENTATION_CONTEXT() REPRESENTATION_CONTEXT('2D SPACE',''
  ) );
#4253 = ADVANCED_FACE('',(#4254),#3787,.T.);
#4254 = FACE_BOUND('',#4255,.T.);
#4255 = EDGE_LOOP('',(#4256,#4257,#4258,#4259));
#4256 = ORIENTED_EDGE('',*,*,#3773,.F.);
#4257 = ORIENTED_EDGE('',*,*,#4170,.T.);
#4258 = ORIENTED_EDGE('',*,*,#4051,.T.);
#4259 = ORIENTED_EDGE('',*,*,#3909,.F.);
#4260 = ADVANCED_FACE('',(#4261),#3822,.F.);
#4261 = FACE_BOUND('',#4262,.T.);
#4262 = EDGE_LOOP('',(#4263,#4264,#4287,#4314));
#4263 = ORIENTED_EDGE('',*,*,#3801,.T.);
#4264 = ORIENTED_EDGE('',*,*,#4265,.T.);
#4265 = EDGE_CURVE('',#3802,#4266,#4268,.T.);
#4266 = VERTEX_POINT('',#4267);
#4267 = CARTESIAN_POINT('',(10.,41.05,26.25));
#4268 = SEAM_CURVE('',#4269,(#4273,#4280),.PCURVE_S1.);
#4269 = LINE('',#4270,#4271);
#4270 = CARTESIAN_POINT('',(10.,19.95,26.25));
#4271 = VECTOR('',#4272,1.);
#4272 = DIRECTION('',(0.,1.,0.));
#4273 = PCURVE('',#3822,#4274);
#4274 = DEFINITIONAL_REPRESENTATION('',(#4275),#4279);
#4275 = LINE('',#4276,#4277);
#4276 = CARTESIAN_POINT('',(-6.28318530718,0.));
#4277 = VECTOR('',#4278,1.);
#4278 = DIRECTION('',(-0.,-1.));
#4279 = ( GEOMETRIC_REPRESENTATION_CONTEXT(2) 
PARAMETRIC_REPRESENTATION_CONTEXT() REPRESENTATION_CONTEXT('2D SPACE',''
  ) );
#4280 = PCURVE('',#3822,#4281);
#4281 = DEFINITIONAL_REPRESENTATION('',(#4282),#4286);
#4282 = LINE('',#4283,#4284);
#4283 = CARTESIAN_POINT('',(-0.,0.));
#4284 = VECTOR('',#4285,1.);
#4285 = DIRECTION('',(-0.,-1.));
#4286 = ( GEOMETRIC_REPRESENTATION_CONTEXT(2) 
PARAMETRIC_REPRESENTATION_CONTEXT() REPRESENTATION_CONTEXT('2D SPACE',''
  ) );
#4287 = ORIENTED_EDGE('',*,*,#4288,.T.);
#4288 = EDGE_CURVE('',#4266,#4266,#4289,.T.);
#4289 = SURFACE_CURVE('',#4290,(#4295,#4302),.PCURVE_S1.);
#4290 = CIRCLE('',#4291,1.25);
#4291 = AXIS2_PLACEMENT_3D('',#4292,#4293,#4294);
#4292 = CARTESIAN_POINT('',(10.,41.05,25.));
#4293 = DIRECTION('',(0.,1.,0.));
#4294 = DIRECTION('',(0.,0.,1.));
#4295 = PCURVE('',#3822,#4296);
#4296 = DEFINITIONAL_REPRESENTATION('',(#4297),#4301);
#4297 = LINE('',#4298,#4299);
#4298 = CARTESIAN_POINT('',(-0.,-21.1));
#4299 = VECTOR('',#4300,1.);
#4300 = DIRECTION('',(-1.,0.));
#4301 = ( GEOMETRIC_REPRESENTATION_CONTEXT(2) 
PARAMETRIC_REPRESENTATION_CONTEXT() REPRESENTATION_CONTEXT('2D SPACE',''
  ) );
#4302 = PCURVE('',#4303,#4308);
#4303 = PLANE('',#4304);
#4304 = AXIS2_PLACEMENT_3D('',#4305,#4306,#4307);
#4305 = CARTESIAN_POINT('',(10.,41.05,25.));
#4306 = DIRECTION('',(0.,1.,0.));
#4307 = DIRECTION('',(0.,-0.,1.));
#4308 = DEFINITIONAL_REPRESENTATION('',(#4309),#4313);
#4309 = CIRCLE('',#4310,1.25);
#4310 = AXIS2_PLACEMENT_2D('',#4311,#4312);
#4311 = CARTESIAN_POINT('',(-3.552713678801E-15,1.7763568394E-15));
#4312 = DIRECTION('',(1.,0.));
#4313 = ( GEOMETRIC_REPRESENTATION_CONTEXT(2) 
PARAMETRIC_REPRESENTATION_CONTEXT() REPRESENTATION_CONTEXT('2D SPACE',''
  ) );
#4314 = ORIENTED_EDGE('',*,*,#4265,.F.);
#4315 = ADVANCED_FACE('',(#4316),#3857,.F.);
#4316 = FACE_BOUND('',#4317,.T.);
#4317 = EDGE_LOOP('',(#4318,#4319,#4342,#4369));
#4318 = ORIENTED_EDGE('',*,*,#3836,.T.);
#4319 = ORIENTED_EDGE('',*,*,#4320,.T.);
#4320 = EDGE_CURVE('',#3837,#4321,#4323,.T.);
#4321 = VERTEX_POINT('',#4322);
#4322 = CARTESIAN_POINT('',(10.,41.05,141.25));
#4323 = SEAM_CURVE('',#4324,(#4328,#4335),.PCURVE_S1.);
#4324 = LINE('',#4325,#4326);
#4325 = CARTESIAN_POINT('',(10.,19.95,141.25));
#4326 = VECTOR('',#4327,1.);
#4327 = DIRECTION('',(0.,1.,0.));
#4328 = PCURVE('',#3857,#4329);
#4329 = DEFINITIONAL_REPRESENTATION('',(#4330),#4334);
#4330 = LINE('',#4331,#4332);
#4331 = CARTESIAN_POINT('',(-6.28318530718,0.));
#4332 = VECTOR('',#4333,1.);
#4333 = DIRECTION('',(-0.,-1.));
#4334 = ( GEOMETRIC_REPRESENTATION_CONTEXT(2) 
PARAMETRIC_REPRESENTATION_CONTEXT() REPRESENTATION_CONTEXT('2D SPACE',''
  ) );
#4335 = PCURVE('',#3857,#4336);
#4336 = DEFINITIONAL_REPRESENTATION('',(#4337),#4341);
#4337 = LINE('',#4338,#4339);
#4338 = CARTESIAN_POINT('',(-0.,0.));
#4339 = VECTOR('',#4340,1.);
#4340 = DIRECTION('',(-0.,-1.));
#4341 = ( GEOMETRIC_REPRESENTATION_CONTEXT(2) 
PARAMETRIC_REPRESENTATION_CONTEXT() REPRESENTATION_CONTEXT('2D SPACE',''
  ) );
#4342 = ORIENTED_EDGE('',*,*,#4343,.T.);
#4343 = EDGE_CURVE('',#4321,#4321,#4344,.T.);
#4344 = SURFACE_CURVE('',#4345,(#4350,#4357),.PCURVE_S1.);
#4345 = CIRCLE('',#4346,1.25);
#4346 = AXIS2_PLACEMENT_3D('',#4347,#4348,#4349);
#4347 = CARTESIAN_POINT('',(10.,41.05,140.));
#4348 = DIRECTION('',(0.,1.,0.));
#4349 = DIRECTION('',(0.,0.,1.));
#4350 = PCURVE('',#3857,#4351);
#4351 = DEFINITIONAL_REPRESENTATION('',(#4352),#4356);
#4352 = LINE('',#4353,#4354);
#4353 = CARTESIAN_POINT('',(-0.,-21.1));
#4354 = VECTOR('',#4355,1.);
#4355 = DIRECTION('',(-1.,0.));
#4356 = ( GEOMETRIC_REPRESENTATION_CONTEXT(2) 
PARAMETRIC_REPRESENTATION_CONTEXT() REPRESENTATION_CONTEXT('2D SPACE',''
  ) );
#4357 = PCURVE('',#4358,#4363);
#4358 = PLANE('',#4359);
#4359 = AXIS2_PLACEMENT_3D('',#4360,#4361,#4362);
#4360 = CARTESIAN_POINT('',(10.,41.05,140.));
#4361 = DIRECTION('',(0.,1.,0.));
#4362 = DIRECTION('',(0.,-0.,1.));
#4363 = DEFINITIONAL_REPRESENTATION('',(#4364),#4368);
#4364 = CIRCLE('',#4365,1.25);
#4365 = AXIS2_PLACEMENT_2D('',#4366,#4367);
#4366 = CARTESIAN_POINT('',(0.,1.7763568394E-15));
#4367 = DIRECTION('',(1.,0.));
#4368 = ( GEOMETRIC_REPRESENTATION_CONTEXT(2) 
PARAMETRIC_REPRESENTATION_CONTEXT() REPRESENTATION_CONTEXT('2D SPACE',''
  ) );
#4369 = ORIENTED_EDGE('',*,*,#4320,.F.);
#4370 = ADVANCED_FACE('',(#4371),#3892,.F.);
#4371 = FACE_BOUND('',#4372,.T.);
#4372 = EDGE_LOOP('',(#4373,#4374,#4397,#4424));
#4373 = ORIENTED_EDGE('',*,*,#3871,.T.);
#4374 = ORIENTED_EDGE('',*,*,#4375,.T.);
#4375 = EDGE_CURVE('',#3872,#4376,#4378,.T.);
#4376 = VERTEX_POINT('',#4377);
#4377 = CARTESIAN_POINT('',(10.,41.05,256.25));
#4378 = SEAM_CURVE('',#4379,(#4383,#4390),.PCURVE_S1.);
#4379 = LINE('',#4380,#4381);
#4380 = CARTESIAN_POINT('',(10.,19.95,256.25));
#4381 = VECTOR('',#4382,1.);
#4382 = DIRECTION('',(0.,1.,0.));
#4383 = PCURVE('',#3892,#4384);
#4384 = DEFINITIONAL_REPRESENTATION('',(#4385),#4389);
#4385 = LINE('',#4386,#4387);
#4386 = CARTESIAN_POINT('',(-6.28318530718,0.));
#4387 = VECTOR('',#4388,1.);
#4388 = DIRECTION('',(-0.,-1.));
#4389 = ( GEOMETRIC_REPRESENTATION_CONTEXT(2) 
PARAMETRIC_REPRESENTATION_CONTEXT() REPRESENTATION_CONTEXT('2D SPACE',''
  ) );
#4390 = PCURVE('',#3892,#4391);
#4391 = DEFINITIONAL_REPRESENTATION('',(#4392),#4396);
#4392 = LINE('',#4393,#4394);
#4393 = CARTESIAN_POINT('',(-0.,0.));
#4394 = VECTOR('',#4395,1.);
#4395 = DIRECTION('',(-0.,-1.));
#4396 = ( GEOMETRIC_REPRESENTATION_CONTEXT(2) 
PARAMETRIC_REPRESENTATION_CONTEXT() REPRESENTATION_CONTEXT('2D SPACE',''
  ) );
#4397 = ORIENTED_EDGE('',*,*,#4398,.T.);
#4398 = EDGE_CURVE('',#4376,#4376,#4399,.T.);
#4399 = SURFACE_CURVE('',#4400,(#4405,#4412),.PCURVE_S1.);
#4400 = CIRCLE('',#4401,1.25);
#4401 = AXIS2_PLACEMENT_3D('',#4402,#4403,#4404);
#4402 = CARTESIAN_POINT('',(10.,41.05,255.));
#4403 = DIRECTION('',(0.,1.,0.));
#4404 = DIRECTION('',(0.,0.,1.));
#4405 = PCURVE('',#3892,#4406);
#4406 = DEFINITIONAL_REPRESENTATION('',(#4407),#4411);
#4407 = LINE('',#4408,#4409);
#4408 = CARTESIAN_POINT('',(-0.,-21.1));
#4409 = VECTOR('',#4410,1.);
#4410 = DIRECTION('',(-1.,0.));
#4411 = ( GEOMETRIC_REPRESENTATION_CONTEXT(2) 
PARAMETRIC_REPRESENTATION_CONTEXT() REPRESENTATION_CONTEXT('2D SPACE',''
  ) );
#4412 = PCURVE('',#4413,#4418);
#4413 = PLANE('',#4414);
#4414 = AXIS2_PLACEMENT_3D('',#4415,#4416,#4417);
#4415 = CARTESIAN_POINT('',(10.,41.05,255.));
#4416 = DIRECTION('',(0.,1.,0.));
#4417 = DIRECTION('',(0.,-0.,1.));
#4418 = DEFINITIONAL_REPRESENTATION('',(#4419),#4423);
#4419 = CIRCLE('',#4420,1.25);
#4420 = AXIS2_PLACEMENT_2D('',#4421,#4422);
#4421 = CARTESIAN_POINT('',(0.,1.7763568394E-15));
#4422 = DIRECTION('',(1.,0.));
#4423 = ( GEOMETRIC_REPRESENTATION_CONTEXT(2) 
PARAMETRIC_REPRESENTATION_CONTEXT() REPRESENTATION_CONTEXT('2D SPACE',''
  ) );
#4424 = ORIENTED_EDGE('',*,*,#4375,.F.);
#4425 = ADVANCED_FACE('',(#4426),#3976,.F.);
#4426 = FACE_BOUND('',#4427,.F.);
#4427 = EDGE_LOOP('',(#4428,#4429,#4452,#4476,#4498));
#4428 = ORIENTED_EDGE('',*,*,#3955,.T.);
#4429 = ORIENTED_EDGE('',*,*,#4430,.T.);
#4430 = EDGE_CURVE('',#3956,#4431,#4433,.T.);
#4431 = VERTEX_POINT('',#4432);
#4432 = CARTESIAN_POINT('',(2.55,45.,11.25));
#4433 = SEAM_CURVE('',#4434,(#4438,#4445),.PCURVE_S1.);
#4434 = LINE('',#4435,#4436);
#4435 = CARTESIAN_POINT('',(-5.E-02,45.,13.85));
#4436 = VECTOR('',#4437,1.);
#4437 = DIRECTION('',(0.707106781187,-1.731912112471E-16,-0.707106781187
    ));
#4438 = PCURVE('',#3976,#4439);
#4439 = DEFINITIONAL_REPRESENTATION('',(#4440),#4444);
#4440 = LINE('',#4441,#4442);
#4441 = CARTESIAN_POINT('',(0.,-0.));
#4442 = VECTOR('',#4443,1.);
#4443 = DIRECTION('',(-0.,-1.));
#4444 = ( GEOMETRIC_REPRESENTATION_CONTEXT(2) 
PARAMETRIC_REPRESENTATION_CONTEXT() REPRESENTATION_CONTEXT('2D SPACE',''
  ) );
#4445 = PCURVE('',#3976,#4446);
#4446 = DEFINITIONAL_REPRESENTATION('',(#4447),#4451);
#4447 = LINE('',#4448,#4449);
#4448 = CARTESIAN_POINT('',(-6.28318530718,0.));
#4449 = VECTOR('',#4450,1.);
#4450 = DIRECTION('',(-0.,-1.));
#4451 = ( GEOMETRIC_REPRESENTATION_CONTEXT(2) 
PARAMETRIC_REPRESENTATION_CONTEXT() REPRESENTATION_CONTEXT('2D SPACE',''
  ) );
#4452 = ORIENTED_EDGE('',*,*,#4453,.F.);
#4453 = EDGE_CURVE('',#4454,#4431,#4456,.T.);
#4454 = VERTEX_POINT('',#4455);
#4455 = CARTESIAN_POINT('',(2.55,46.25,10.));
#4456 = SURFACE_CURVE('',#4457,(#4462,#4469),.PCURVE_S1.);
#4457 = CIRCLE('',#4458,1.25);
#4458 = AXIS2_PLACEMENT_3D('',#4459,#4460,#4461);
#4459 = CARTESIAN_POINT('',(2.55,45.,10.));
#4460 = DIRECTION('',(1.,0.,0.));
#4461 = DIRECTION('',(-0.,0.,1.));
#4462 = PCURVE('',#3976,#4463);
#4463 = DEFINITIONAL_REPRESENTATION('',(#4464),#4468);
#4464 = LINE('',#4465,#4466);
#4465 = CARTESIAN_POINT('',(-0.,-2.6));
#4466 = VECTOR('',#4467,1.);
#4467 = DIRECTION('',(-1.,-0.));
#4468 = ( GEOMETRIC_REPRESENTATION_CONTEXT(2) 
PARAMETRIC_REPRESENTATION_CONTEXT() REPRESENTATION_CONTEXT('2D SPACE',''
  ) );
#4469 = PCURVE('',#4211,#4470);
#4470 = DEFINITIONAL_REPRESENTATION('',(#4471),#4475);
#4471 = LINE('',#4472,#4473);
#4472 = CARTESIAN_POINT('',(4.712388980385,-2.6));
#4473 = VECTOR('',#4474,1.);
#4474 = DIRECTION('',(-1.,0.));
#4475 = ( GEOMETRIC_REPRESENTATION_CONTEXT(2) 
PARAMETRIC_REPRESENTATION_CONTEXT() REPRESENTATION_CONTEXT('2D SPACE',''
  ) );
#4476 = ORIENTED_EDGE('',*,*,#4477,.F.);
#4477 = EDGE_CURVE('',#4431,#4454,#4478,.T.);
#4478 = SURFACE_CURVE('',#4479,(#4484,#4491),.PCURVE_S1.);
#4479 = CIRCLE('',#4480,1.25);
#4480 = AXIS2_PLACEMENT_3D('',#4481,#4482,#4483);
#4481 = CARTESIAN_POINT('',(2.55,45.,10.));
#4482 = DIRECTION('',(1.,0.,0.));
#4483 = DIRECTION('',(-0.,0.,1.));
#4484 = PCURVE('',#3976,#4485);
#4485 = DEFINITIONAL_REPRESENTATION('',(#4486),#4490);
#4486 = LINE('',#4487,#4488);
#4487 = CARTESIAN_POINT('',(-0.,-2.6));
#4488 = VECTOR('',#4489,1.);
#4489 = DIRECTION('',(-1.,-0.));
#4490 = ( GEOMETRIC_REPRESENTATION_CONTEXT(2) 
PARAMETRIC_REPRESENTATION_CONTEXT() REPRESENTATION_CONTEXT('2D SPACE',''
  ) );
#4491 = PCURVE('',#4211,#4492);
#4492 = DEFINITIONAL_REPRESENTATION('',(#4493),#4497);
#4493 = LINE('',#4494,#4495);
#4494 = CARTESIAN_POINT('',(-1.570796326795,-2.6));
#4495 = VECTOR('',#4496,1.);
#4496 = DIRECTION('',(-1.,0.));
#4497 = ( GEOMETRIC_REPRESENTATION_CONTEXT(2) 
PARAMETRIC_REPRESENTATION_CONTEXT() REPRESENTATION_CONTEXT('2D SPACE',''
  ) );
#4498 = ORIENTED_EDGE('',*,*,#4430,.F.);
#4499 = ADVANCED_FACE('',(#4500),#4011,.F.);
#4500 = FACE_BOUND('',#4501,.F.);
#4501 = EDGE_LOOP('',(#4502,#4503,#4526,#4550,#4572));
#4502 = ORIENTED_EDGE('',*,*,#3990,.T.);
#4503 = ORIENTED_EDGE('',*,*,#4504,.T.);
#4504 = EDGE_CURVE('',#3991,#4505,#4507,.T.);
#4505 = VERTEX_POINT('',#4506);
#4506 = CARTESIAN_POINT('',(2.55,140.,11.25));
#4507 = SEAM_CURVE('',#4508,(#4512,#4519),.PCURVE_S1.);
#4508 = LINE('',#4509,#4510);
#4509 = CARTESIAN_POINT('',(-5.E-02,140.,13.85));
#4510 = VECTOR('',#4511,1.);
#4511 = DIRECTION('',(0.707106781187,-1.731912112471E-16,-0.707106781187
    ));
#4512 = PCURVE('',#4011,#4513);
#4513 = DEFINITIONAL_REPRESENTATION('',(#4514),#4518);
#4514 = LINE('',#4515,#4516);
#4515 = CARTESIAN_POINT('',(0.,-0.));
#4516 = VECTOR('',#4517,1.);
#4517 = DIRECTION('',(-0.,-1.));
#4518 = ( GEOMETRIC_REPRESENTATION_CONTEXT(2) 
PARAMETRIC_REPRESENTATION_CONTEXT() REPRESENTATION_CONTEXT('2D SPACE',''
  ) );
#4519 = PCURVE('',#4011,#4520);
#4520 = DEFINITIONAL_REPRESENTATION('',(#4521),#4525);
#4521 = LINE('',#4522,#4523);
#4522 = CARTESIAN_POINT('',(-6.28318530718,0.));
#4523 = VECTOR('',#4524,1.);
#4524 = DIRECTION('',(-0.,-1.));
#4525 = ( GEOMETRIC_REPRESENTATION_CONTEXT(2) 
PARAMETRIC_REPRESENTATION_CONTEXT() REPRESENTATION_CONTEXT('2D SPACE',''
  ) );
#4526 = ORIENTED_EDGE('',*,*,#4527,.F.);
#4527 = EDGE_CURVE('',#4528,#4505,#4530,.T.);
#4528 = VERTEX_POINT('',#4529);
#4529 = CARTESIAN_POINT('',(2.55,141.25,10.));
#4530 = SURFACE_CURVE('',#4531,(#4536,#4543),.PCURVE_S1.);
#4531 = CIRCLE('',#4532,1.25);
#4532 = AXIS2_PLACEMENT_3D('',#4533,#4534,#4535);
#4533 = CARTESIAN_POINT('',(2.55,140.,10.));
#4534 = DIRECTION('',(1.,0.,0.));
#4535 = DIRECTION('',(-0.,0.,1.));
#4536 = PCURVE('',#4011,#4537);
#4537 = DEFINITIONAL_REPRESENTATION('',(#4538),#4542);
#4538 = LINE('',#4539,#4540);
#4539 = CARTESIAN_POINT('',(-0.,-2.6));
#4540 = VECTOR('',#4541,1.);
#4541 = DIRECTION('',(-1.,-0.));
#4542 = ( GEOMETRIC_REPRESENTATION_CONTEXT(2) 
PARAMETRIC_REPRESENTATION_CONTEXT() REPRESENTATION_CONTEXT('2D SPACE',''
  ) );
#4543 = PCURVE('',#4242,#4544);
#4544 = DEFINITIONAL_REPRESENTATION('',(#4545),#4549);
#4545 = LINE('',#4546,#4547);
#4546 = CARTESIAN_POINT('',(4.712388980385,-2.6));
#4547 = VECTOR('',#4548,1.);
#4548 = DIRECTION('',(-1.,0.));
#4549 = ( GEOMETRIC_REPRESENTATION_CONTEXT(2) 
PARAMETRIC_REPRESENTATION_CONTEXT() REPRESENTATION_CONTEXT('2D SPACE',''
  ) );
#4550 = ORIENTED_EDGE('',*,*,#4551,.F.);
#4551 = EDGE_CURVE('',#4505,#4528,#4552,.T.);
#4552 = SURFACE_CURVE('',#4553,(#4558,#4565),.PCURVE_S1.);
#4553 = CIRCLE('',#4554,1.25);
#4554 = AXIS2_PLACEMENT_3D('',#4555,#4556,#4557);
#4555 = CARTESIAN_POINT('',(2.55,140.,10.));
#4556 = DIRECTION('',(1.,0.,0.));
#4557 = DIRECTION('',(-0.,0.,1.));
#4558 = PCURVE('',#4011,#4559);
#4559 = DEFINITIONAL_REPRESENTATION('',(#4560),#4564);
#4560 = LINE('',#4561,#4562);
#4561 = CARTESIAN_POINT('',(-0.,-2.6));
#4562 = VECTOR('',#4563,1.);
#4563 = DIRECTION('',(-1.,-0.));
#4564 = ( GEOMETRIC_REPRESENTATION_CONTEXT(2) 
PARAMETRIC_REPRESENTATION_CONTEXT() REPRESENTATION_CONTEXT('2D SPACE',''
  ) );
#4565 = PCURVE('',#4242,#4566);
#4566 = DEFINITIONAL_REPRESENTATION('',(#4567),#4571);
#4567 = LINE('',#4568,#4569);
#4568 = CARTESIAN_POINT('',(-1.570796326795,-2.6));
#4569 = VECTOR('',#4570,1.);
#4570 = DIRECTION('',(-1.,0.));
#4571 = ( GEOMETRIC_REPRESENTATION_CONTEXT(2) 
PARAMETRIC_REPRESENTATION_CONTEXT() REPRESENTATION_CONTEXT('2D SPACE',''
  ) );
#4572 = ORIENTED_EDGE('',*,*,#4504,.F.);
#4573 = ADVANCED_FACE('',(#4574),#4091,.F.);
#4574 = FACE_BOUND('',#4575,.T.);
#4575 = EDGE_LOOP('',(#4576,#4577,#4600,#4627));
#4576 = ORIENTED_EDGE('',*,*,#4074,.T.);
#4577 = ORIENTED_EDGE('',*,*,#4578,.T.);
#4578 = EDGE_CURVE('',#4075,#4579,#4581,.T.);
#4579 = VERTEX_POINT('',#4580);
#4580 = CARTESIAN_POINT('',(10.,143.95,26.25));
#4581 = SEAM_CURVE('',#4582,(#4586,#4593),.PCURVE_S1.);
#4582 = LINE('',#4583,#4584);
#4583 = CARTESIAN_POINT('',(10.,165.05,26.25));
#4584 = VECTOR('',#4585,1.);
#4585 = DIRECTION('',(0.,-1.,0.));
#4586 = PCURVE('',#4091,#4587);
#4587 = DEFINITIONAL_REPRESENTATION('',(#4588),#4592);
#4588 = LINE('',#4589,#4590);
#4589 = CARTESIAN_POINT('',(-6.28318530718,0.));
#4590 = VECTOR('',#4591,1.);
#4591 = DIRECTION('',(-0.,-1.));
#4592 = ( GEOMETRIC_REPRESENTATION_CONTEXT(2) 
PARAMETRIC_REPRESENTATION_CONTEXT() REPRESENTATION_CONTEXT('2D SPACE',''
  ) );
#4593 = PCURVE('',#4091,#4594);
#4594 = DEFINITIONAL_REPRESENTATION('',(#4595),#4599);
#4595 = LINE('',#4596,#4597);
#4596 = CARTESIAN_POINT('',(-0.,0.));
#4597 = VECTOR('',#4598,1.);
#4598 = DIRECTION('',(-0.,-1.));
#4599 = ( GEOMETRIC_REPRESENTATION_CONTEXT(2) 
PARAMETRIC_REPRESENTATION_CONTEXT() REPRESENTATION_CONTEXT('2D SPACE',''
  ) );
#4600 = ORIENTED_EDGE('',*,*,#4601,.T.);
#4601 = EDGE_CURVE('',#4579,#4579,#4602,.T.);
#4602 = SURFACE_CURVE('',#4603,(#4608,#4615),.PCURVE_S1.);
#4603 = CIRCLE('',#4604,1.25);
#4604 = AXIS2_PLACEMENT_3D('',#4605,#4606,#4607);
#4605 = CARTESIAN_POINT('',(10.,143.95,25.));
#4606 = DIRECTION('',(0.,-1.,0.));
#4607 = DIRECTION('',(0.,0.,1.));
#4608 = PCURVE('',#4091,#4609);
#4609 = DEFINITIONAL_REPRESENTATION('',(#4610),#4614);
#4610 = LINE('',#4611,#4612);
#4611 = CARTESIAN_POINT('',(-0.,-21.1));
#4612 = VECTOR('',#4613,1.);
#4613 = DIRECTION('',(-1.,0.));
#4614 = ( GEOMETRIC_REPRESENTATION_CONTEXT(2) 
PARAMETRIC_REPRESENTATION_CONTEXT() REPRESENTATION_CONTEXT('2D SPACE',''
  ) );
#4615 = PCURVE('',#4616,#4621);
#4616 = PLANE('',#4617);
#4617 = AXIS2_PLACEMENT_3D('',#4618,#4619,#4620);
#4618 = CARTESIAN_POINT('',(10.,143.95,25.));
#4619 = DIRECTION('',(-0.,-1.,-0.));
#4620 = DIRECTION('',(0.,0.,-1.));
#4621 = DEFINITIONAL_REPRESENTATION('',(#4622),#4626);
#4622 = CIRCLE('',#4623,1.25);
#4623 = AXIS2_PLACEMENT_2D('',#4624,#4625);
#4624 = CARTESIAN_POINT('',(3.552713678801E-15,1.7763568394E-15));
#4625 = DIRECTION('',(-1.,0.));
#4626 = ( GEOMETRIC_REPRESENTATION_CONTEXT(2) 
PARAMETRIC_REPRESENTATION_CONTEXT() REPRESENTATION_CONTEXT('2D SPACE',''
  ) );
#4627 = ORIENTED_EDGE('',*,*,#4578,.F.);
#4628 = ADVANCED_FACE('',(#4629),#4122,.F.);
#4629 = FACE_BOUND('',#4630,.T.);
#4630 = EDGE_LOOP('',(#4631,#4632,#4655,#4682));
#4631 = ORIENTED_EDGE('',*,*,#4105,.T.);
#4632 = ORIENTED_EDGE('',*,*,#4633,.T.);
#4633 = EDGE_CURVE('',#4106,#4634,#4636,.T.);
#4634 = VERTEX_POINT('',#4635);
#4635 = CARTESIAN_POINT('',(10.,143.95,141.25));
#4636 = SEAM_CURVE('',#4637,(#4641,#4648),.PCURVE_S1.);
#4637 = LINE('',#4638,#4639);
#4638 = CARTESIAN_POINT('',(10.,165.05,141.25));
#4639 = VECTOR('',#4640,1.);
#4640 = DIRECTION('',(0.,-1.,0.));
#4641 = PCURVE('',#4122,#4642);
#4642 = DEFINITIONAL_REPRESENTATION('',(#4643),#4647);
#4643 = LINE('',#4644,#4645);
#4644 = CARTESIAN_POINT('',(-6.28318530718,0.));
#4645 = VECTOR('',#4646,1.);
#4646 = DIRECTION('',(-0.,-1.));
#4647 = ( GEOMETRIC_REPRESENTATION_CONTEXT(2) 
PARAMETRIC_REPRESENTATION_CONTEXT() REPRESENTATION_CONTEXT('2D SPACE',''
  ) );
#4648 = PCURVE('',#4122,#4649);
#4649 = DEFINITIONAL_REPRESENTATION('',(#4650),#4654);
#4650 = LINE('',#4651,#4652);
#4651 = CARTESIAN_POINT('',(-0.,0.));
#4652 = VECTOR('',#4653,1.);
#4653 = DIRECTION('',(-0.,-1.));
#4654 = ( GEOMETRIC_REPRESENTATION_CONTEXT(2) 
PARAMETRIC_REPRESENTATION_CONTEXT() REPRESENTATION_CONTEXT('2D SPACE',''
  ) );
#4655 = ORIENTED_EDGE('',*,*,#4656,.T.);
#4656 = EDGE_CURVE('',#4634,#4634,#4657,.T.);
#4657 = SURFACE_CURVE('',#4658,(#4663,#4670),.PCURVE_S1.);
#4658 = CIRCLE('',#4659,1.25);
#4659 = AXIS2_PLACEMENT_3D('',#4660,#4661,#4662);
#4660 = CARTESIAN_POINT('',(10.,143.95,140.));
#4661 = DIRECTION('',(0.,-1.,0.));
#4662 = DIRECTION('',(0.,0.,1.));
#4663 = PCURVE('',#4122,#4664);
#4664 = DEFINITIONAL_REPRESENTATION('',(#4665),#4669);
#4665 = LINE('',#4666,#4667);
#4666 = CARTESIAN_POINT('',(-0.,-21.1));
#4667 = VECTOR('',#4668,1.);
#4668 = DIRECTION('',(-1.,0.));
#4669 = ( GEOMETRIC_REPRESENTATION_CONTEXT(2) 
PARAMETRIC_REPRESENTATION_CONTEXT() REPRESENTATION_CONTEXT('2D SPACE',''
  ) );
#4670 = PCURVE('',#4671,#4676);
#4671 = PLANE('',#4672);
#4672 = AXIS2_PLACEMENT_3D('',#4673,#4674,#4675);
#4673 = CARTESIAN_POINT('',(10.,143.95,140.));
#4674 = DIRECTION('',(-0.,-1.,-0.));
#4675 = DIRECTION('',(0.,0.,-1.));
#4676 = DEFINITIONAL_REPRESENTATION('',(#4677),#4681);
#4677 = CIRCLE('',#4678,1.25);
#4678 = AXIS2_PLACEMENT_2D('',#4679,#4680);
#4679 = CARTESIAN_POINT('',(0.,1.7763568394E-15));
#4680 = DIRECTION('',(-1.,0.));
#4681 = ( GEOMETRIC_REPRESENTATION_CONTEXT(2) 
PARAMETRIC_REPRESENTATION_CONTEXT() REPRESENTATION_CONTEXT('2D SPACE',''
  ) );
#4682 = ORIENTED_EDGE('',*,*,#4633,.F.);
#4683 = ADVANCED_FACE('',(#4684),#4153,.F.);
#4684 = FACE_BOUND('',#4685,.T.);
#4685 = EDGE_LOOP('',(#4686,#4687,#4710,#4737));
#4686 = ORIENTED_EDGE('',*,*,#4136,.T.);
#4687 = ORIENTED_EDGE('',*,*,#4688,.T.);
#4688 = EDGE_CURVE('',#4137,#4689,#4691,.T.);
#4689 = VERTEX_POINT('',#4690);
#4690 = CARTESIAN_POINT('',(10.,143.95,256.25));
#4691 = SEAM_CURVE('',#4692,(#4696,#4703),.PCURVE_S1.);
#4692 = LINE('',#4693,#4694);
#4693 = CARTESIAN_POINT('',(10.,165.05,256.25));
#4694 = VECTOR('',#4695,1.);
#4695 = DIRECTION('',(0.,-1.,0.));
#4696 = PCURVE('',#4153,#4697);
#4697 = DEFINITIONAL_REPRESENTATION('',(#4698),#4702);
#4698 = LINE('',#4699,#4700);
#4699 = CARTESIAN_POINT('',(-6.28318530718,0.));
#4700 = VECTOR('',#4701,1.);
#4701 = DIRECTION('',(-0.,-1.));
#4702 = ( GEOMETRIC_REPRESENTATION_CONTEXT(2) 
PARAMETRIC_REPRESENTATION_CONTEXT() REPRESENTATION_CONTEXT('2D SPACE',''
  ) );
#4703 = PCURVE('',#4153,#4704);
#4704 = DEFINITIONAL_REPRESENTATION('',(#4705),#4709);
#4705 = LINE('',#4706,#4707);
#4706 = CARTESIAN_POINT('',(-0.,0.));
#4707 = VECTOR('',#4708,1.);
#4708 = DIRECTION('',(-0.,-1.));
#4709 = ( GEOMETRIC_REPRESENTATION_CONTEXT(2) 
PARAMETRIC_REPRESENTATION_CONTEXT() REPRESENTATION_CONTEXT('2D SPACE',''
  ) );
#4710 = ORIENTED_EDGE('',*,*,#4711,.T.);
#4711 = EDGE_CURVE('',#4689,#4689,#4712,.T.);
#4712 = SURFACE_CURVE('',#4713,(#4718,#4725),.PCURVE_S1.);
#4713 = CIRCLE('',#4714,1.25);
#4714 = AXIS2_PLACEMENT_3D('',#4715,#4716,#4717);
#4715 = CARTESIAN_POINT('',(10.,143.95,255.));
#4716 = DIRECTION('',(0.,-1.,0.));
#4717 = DIRECTION('',(0.,0.,1.));
#4718 = PCURVE('',#4153,#4719);
#4719 = DEFINITIONAL_REPRESENTATION('',(#4720),#4724);
#4720 = LINE('',#4721,#4722);
#4721 = CARTESIAN_POINT('',(-0.,-21.1));
#4722 = VECTOR('',#4723,1.);
#4723 = DIRECTION('',(-1.,0.));
#4724 = ( GEOMETRIC_REPRESENTATION_CONTEXT(2) 
PARAMETRIC_REPRESENTATION_CONTEXT() REPRESENTATION_CONTEXT('2D SPACE',''
  ) );
#4725 = PCURVE('',#4726,#4731);
#4726 = PLANE('',#4727);
#4727 = AXIS2_PLACEMENT_3D('',#4728,#4729,#4730);
#4728 = CARTESIAN_POINT('',(10.,143.95,255.));
#4729 = DIRECTION('',(-0.,-1.,-0.));
#4730 = DIRECTION('',(0.,0.,-1.));
#4731 = DEFINITIONAL_REPRESENTATION('',(#4732),#4736);
#4732 = CIRCLE('',#4733,1.25);
#4733 = AXIS2_PLACEMENT_2D('',#4734,#4735);
#4734 = CARTESIAN_POINT('',(0.,1.7763568394E-15));
#4735 = DIRECTION('',(-1.,0.));
#4736 = ( GEOMETRIC_REPRESENTATION_CONTEXT(2) 
PARAMETRIC_REPRESENTATION_CONTEXT() REPRESENTATION_CONTEXT('2D SPACE',''
  ) );
#4737 = ORIENTED_EDGE('',*,*,#4688,.F.);
#4738 = ADVANCED_FACE('',(#4739),#4211,.F.);
#4739 = FACE_BOUND('',#4740,.T.);
#4740 = EDGE_LOOP('',(#4741,#4762,#4763,#4764,#4765));
#4741 = ORIENTED_EDGE('',*,*,#4742,.F.);
#4742 = EDGE_CURVE('',#4454,#4195,#4743,.T.);
#4743 = SEAM_CURVE('',#4744,(#4748,#4755),.PCURVE_S1.);
#4744 = LINE('',#4745,#4746);
#4745 = CARTESIAN_POINT('',(-5.E-02,46.25,10.));
#4746 = VECTOR('',#4747,1.);
#4747 = DIRECTION('',(1.,0.,0.));
#4748 = PCURVE('',#4211,#4749);
#4749 = DEFINITIONAL_REPRESENTATION('',(#4750),#4754);
#4750 = LINE('',#4751,#4752);
#4751 = CARTESIAN_POINT('',(-6.28318530718,0.));
#4752 = VECTOR('',#4753,1.);
#4753 = DIRECTION('',(-0.,-1.));
#4754 = ( GEOMETRIC_REPRESENTATION_CONTEXT(2) 
PARAMETRIC_REPRESENTATION_CONTEXT() REPRESENTATION_CONTEXT('2D SPACE',''
  ) );
#4755 = PCURVE('',#4211,#4756);
#4756 = DEFINITIONAL_REPRESENTATION('',(#4757),#4761);
#4757 = LINE('',#4758,#4759);
#4758 = CARTESIAN_POINT('',(-0.,0.));
#4759 = VECTOR('',#4760,1.);
#4760 = DIRECTION('',(-0.,-1.));
#4761 = ( GEOMETRIC_REPRESENTATION_CONTEXT(2) 
PARAMETRIC_REPRESENTATION_CONTEXT() REPRESENTATION_CONTEXT('2D SPACE',''
  ) );
#4762 = ORIENTED_EDGE('',*,*,#4477,.F.);
#4763 = ORIENTED_EDGE('',*,*,#4453,.F.);
#4764 = ORIENTED_EDGE('',*,*,#4742,.T.);
#4765 = ORIENTED_EDGE('',*,*,#4194,.F.);
#4766 = ADVANCED_FACE('',(#4767),#4242,.F.);
#4767 = FACE_BOUND('',#4768,.T.);
#4768 = EDGE_LOOP('',(#4769,#4790,#4791,#4792,#4793));
#4769 = ORIENTED_EDGE('',*,*,#4770,.F.);
#4770 = EDGE_CURVE('',#4528,#4226,#4771,.T.);
#4771 = SEAM_CURVE('',#4772,(#4776,#4783),.PCURVE_S1.);
#4772 = LINE('',#4773,#4774);
#4773 = CARTESIAN_POINT('',(-5.E-02,141.25,10.));
#4774 = VECTOR('',#4775,1.);
#4775 = DIRECTION('',(1.,0.,0.));
#4776 = PCURVE('',#4242,#4777);
#4777 = DEFINITIONAL_REPRESENTATION('',(#4778),#4782);
#4778 = LINE('',#4779,#4780);
#4779 = CARTESIAN_POINT('',(-6.28318530718,0.));
#4780 = VECTOR('',#4781,1.);
#4781 = DIRECTION('',(-0.,-1.));
#4782 = ( GEOMETRIC_REPRESENTATION_CONTEXT(2) 
PARAMETRIC_REPRESENTATION_CONTEXT() REPRESENTATION_CONTEXT('2D SPACE',''
  ) );
#4783 = PCURVE('',#4242,#4784);
#4784 = DEFINITIONAL_REPRESENTATION('',(#4785),#4789);
#4785 = LINE('',#4786,#4787);
#4786 = CARTESIAN_POINT('',(-0.,0.));
#4787 = VECTOR('',#4788,1.);
#4788 = DIRECTION('',(-0.,-1.));
#4789 = ( GEOMETRIC_REPRESENTATION_CONTEXT(2) 
PARAMETRIC_REPRESENTATION_CONTEXT() REPRESENTATION_CONTEXT('2D SPACE',''
  ) );
#4790 = ORIENTED_EDGE('',*,*,#4551,.F.);
#4791 = ORIENTED_EDGE('',*,*,#4527,.F.);
#4792 = ORIENTED_EDGE('',*,*,#4770,.T.);
#4793 = ORIENTED_EDGE('',*,*,#4225,.F.);
#4794 = ADVANCED_FACE('',(#4795),#4303,.F.);
#4795 = FACE_BOUND('',#4796,.F.);
#4796 = EDGE_LOOP('',(#4797));
#4797 = ORIENTED_EDGE('',*,*,#4288,.T.);
#4798 = ADVANCED_FACE('',(#4799),#4358,.F.);
#4799 = FACE_BOUND('',#4800,.F.);
#4800 = EDGE_LOOP('',(#4801));
#4801 = ORIENTED_EDGE('',*,*,#4343,.T.);
#4802 = ADVANCED_FACE('',(#4803),#4413,.F.);
#4803 = FACE_BOUND('',#4804,.F.);
#4804 = EDGE_LOOP('',(#4805));
#4805 = ORIENTED_EDGE('',*,*,#4398,.T.);
#4806 = ADVANCED_FACE('',(#4807),#4616,.F.);
#4807 = FACE_BOUND('',#4808,.F.);
#4808 = EDGE_LOOP('',(#4809));
#4809 = ORIENTED_EDGE('',*,*,#4601,.T.);
#4810 = ADVANCED_FACE('',(#4811),#4671,.F.);
#4811 = FACE_BOUND('',#4812,.F.);
#4812 = EDGE_LOOP('',(#4813));
#4813 = ORIENTED_EDGE('',*,*,#4656,.T.);
#4814 = ADVANCED_FACE('',(#4815),#4726,.F.);
#4815 = FACE_BOUND('',#4816,.F.);
#4816 = EDGE_LOOP('',(#4817));
#4817 = ORIENTED_EDGE('',*,*,#4711,.T.);
#4818 = ( GEOMETRIC_REPRESENTATION_CONTEXT(3) 
GLOBAL_UNCERTAINTY_ASSIGNED_CONTEXT((#4822)) 
GLOBAL_UNIT_ASSIGNED_CONTEXT((#4819,#4820,#4821)) REPRESENTATION_CONTEXT
('Context #1','3D Context with UNIT and UNCERTAINTY') );
#4819 = ( LENGTH_UNIT() NAMED_UNIT(*) SI_UNIT(.MILLI.,.METRE.) );
#4820 = ( NAMED_UNIT(*) PLANE_ANGLE_UNIT() SI_UNIT($,.RADIAN.) );
#4821 = ( NAMED_UNIT(*) SI_UNIT($,.STERADIAN.) SOLID_ANGLE_UNIT() );
#4822 = UNCERTAINTY_MEASURE_WITH_UNIT(LENGTH_MEASURE(1.E-07),#4819,
  'distance_accuracy_value','confusion accuracy');
#4823 = CONTEXT_DEPENDENT_SHAPE_REPRESENTATION(#4824,#4826);
#4824 = ( REPRESENTATION_RELATIONSHIP('','',#3599,#10) 
REPRESENTATION_RELATIONSHIP_WITH_TRANSFORMATION(#4825) 
SHAPE_REPRESENTATION_RELATIONSHIP() );
#4825 = ITEM_DEFINED_TRANSFORMATION('','',#11,#23);
#4826 = PRODUCT_DEFINITION_SHAPE('Placement','Placement of an item',
  #4827);
#4827 = NEXT_ASSEMBLY_USAGE_OCCURRENCE('3','side_1','',#5,#3594,$);
#4828 = PRODUCT_RELATED_PRODUCT_CATEGORY('part',$,(#3596));
#4829 = SHAPE_DEFINITION_REPRESENTATION(#4830,#4836);
#4830 = PRODUCT_DEFINITION_SHAPE('','',#4831);
#4831 = PRODUCT_DEFINITION('design','',#4832,#4835);
#4832 = PRODUCT_DEFINITION_FORMATION('','',#4833);
#4833 = PRODUCT('side_2','side_2','',(#4834));
#4834 = PRODUCT_CONTEXT('',#2,'mechanical');
#4835 = PRODUCT_DEFINITION_CONTEXT('part definition',#2,'design');
#4836 = ADVANCED_BREP_SHAPE_REPRESENTATION('',(#11,#4837),#6055);
#4837 = MANIFOLD_SOLID_BREP('',#4838);
#4838 = CLOSED_SHELL('',(#4839,#4959,#5140,#5259,#5401,#5490,#5497,#5552
    ,#5607,#5662,#5736,#5810,#5865,#5920,#5975,#6003,#6031,#6035,#6039,
    #6043,#6047,#6051));
#4839 = ADVANCED_FACE('',(#4840),#4854,.F.);
#4840 = FACE_BOUND('',#4841,.F.);
#4841 = EDGE_LOOP('',(#4842,#4877,#4905,#4933));
#4842 = ORIENTED_EDGE('',*,*,#4843,.F.);
#4843 = EDGE_CURVE('',#4844,#4846,#4848,.T.);
#4844 = VERTEX_POINT('',#4845);
#4845 = CARTESIAN_POINT('',(145.,20.,0.));
#4846 = VERTEX_POINT('',#4847);
#4847 = CARTESIAN_POINT('',(125.,20.,0.));
#4848 = SURFACE_CURVE('',#4849,(#4853,#4865),.PCURVE_S1.);
#4849 = LINE('',#4850,#4851);
#4850 = CARTESIAN_POINT('',(145.,20.,0.));
#4851 = VECTOR('',#4852,1.);
#4852 = DIRECTION('',(-1.,0.,0.));
#4853 = PCURVE('',#4854,#4859);
#4854 = PLANE('',#4855);
#4855 = AXIS2_PLACEMENT_3D('',#4856,#4857,#4858);
#4856 = CARTESIAN_POINT('',(145.,20.,0.));
#4857 = DIRECTION('',(0.,0.,1.));
#4858 = DIRECTION('',(-1.,0.,0.));
#4859 = DEFINITIONAL_REPRESENTATION('',(#4860),#4864);
#4860 = LINE('',#4861,#4862);
#4861 = CARTESIAN_POINT('',(0.,0.));
#4862 = VECTOR('',#4863,1.);
#4863 = DIRECTION('',(1.,0.));
#4864 = ( GEOMETRIC_REPRESENTATION_CONTEXT(2) 
PARAMETRIC_REPRESENTATION_CONTEXT() REPRESENTATION_CONTEXT('2D SPACE',''
  ) );
#4865 = PCURVE('',#4866,#4871);
#4866 = PLANE('',#4867);
#4867 = AXIS2_PLACEMENT_3D('',#4868,#4869,#4870);
#4868 = CARTESIAN_POINT('',(145.,20.,0.));
#4869 = DIRECTION('',(0.,1.,0.));
#4870 = DIRECTION('',(-1.,0.,0.));
#4871 = DEFINITIONAL_REPRESENTATION('',(#4872),#4876);
#4872 = LINE('',#4873,#4874);
#4873 = CARTESIAN_POINT('',(0.,0.));
#4874 = VECTOR('',#4875,1.);
#4875 = DIRECTION('',(1.,0.));
#4876 = ( GEOMETRIC_REPRESENTATION_CONTEXT(2) 
PARAMETRIC_REPRESENTATION_CONTEXT() REPRESENTATION_CONTEXT('2D SPACE',''
  ) );
#4877 = ORIENTED_EDGE('',*,*,#4878,.T.);
#4878 = EDGE_CURVE('',#4844,#4879,#4881,.T.);
#4879 = VERTEX_POINT('',#4880);
#4880 = CARTESIAN_POINT('',(145.,165.,0.));
#4881 = SURFACE_CURVE('',#4882,(#4886,#4893),.PCURVE_S1.);
#4882 = LINE('',#4883,#4884);
#4883 = CARTESIAN_POINT('',(145.,20.,0.));
#4884 = VECTOR('',#4885,1.);
#4885 = DIRECTION('',(0.,1.,0.));
#4886 = PCURVE('',#4854,#4887);
#4887 = DEFINITIONAL_REPRESENTATION('',(#4888),#4892);
#4888 = LINE('',#4889,#4890);
#4889 = CARTESIAN_POINT('',(0.,0.));
#4890 = VECTOR('',#4891,1.);
#4891 = DIRECTION('',(0.,-1.));
#4892 = ( GEOMETRIC_REPRESENTATION_CONTEXT(2) 
PARAMETRIC_REPRESENTATION_CONTEXT() REPRESENTATION_CONTEXT('2D SPACE',''
  ) );
#4893 = PCURVE('',#4894,#4899);
#4894 = PLANE('',#4895);
#4895 = AXIS2_PLACEMENT_3D('',#4896,#4897,#4898);
#4896 = CARTESIAN_POINT('',(145.,20.,0.));
#4897 = DIRECTION('',(-1.,0.,0.));
#4898 = DIRECTION('',(0.,0.,1.));
#4899 = DEFINITIONAL_REPRESENTATION('',(#4900),#4904);
#4900 = LINE('',#4901,#4902);
#4901 = CARTESIAN_POINT('',(0.,0.));
#4902 = VECTOR('',#4903,1.);
#4903 = DIRECTION('',(0.,1.));
#4904 = ( GEOMETRIC_REPRESENTATION_CONTEXT(2) 
PARAMETRIC_REPRESENTATION_CONTEXT() REPRESENTATION_CONTEXT('2D SPACE',''
  ) );
#4905 = ORIENTED_EDGE('',*,*,#4906,.T.);
#4906 = EDGE_CURVE('',#4879,#4907,#4909,.T.);
#4907 = VERTEX_POINT('',#4908);
#4908 = CARTESIAN_POINT('',(125.,165.,0.));
#4909 = SURFACE_CURVE('',#4910,(#4914,#4921),.PCURVE_S1.);
#4910 = LINE('',#4911,#4912);
#4911 = CARTESIAN_POINT('',(145.,165.,0.));
#4912 = VECTOR('',#4913,1.);
#4913 = DIRECTION('',(-1.,0.,0.));
#4914 = PCURVE('',#4854,#4915);
#4915 = DEFINITIONAL_REPRESENTATION('',(#4916),#4920);
#4916 = LINE('',#4917,#4918);
#4917 = CARTESIAN_POINT('',(0.,-145.));
#4918 = VECTOR('',#4919,1.);
#4919 = DIRECTION('',(1.,0.));
#4920 = ( GEOMETRIC_REPRESENTATION_CONTEXT(2) 
PARAMETRIC_REPRESENTATION_CONTEXT() REPRESENTATION_CONTEXT('2D SPACE',''
  ) );
#4921 = PCURVE('',#4922,#4927);
#4922 = PLANE('',#4923);
#4923 = AXIS2_PLACEMENT_3D('',#4924,#4925,#4926);
#4924 = CARTESIAN_POINT('',(145.,165.,0.));
#4925 = DIRECTION('',(0.,1.,0.));
#4926 = DIRECTION('',(-1.,0.,0.));
#4927 = DEFINITIONAL_REPRESENTATION('',(#4928),#4932);
#4928 = LINE('',#4929,#4930);
#4929 = CARTESIAN_POINT('',(0.,0.));
#4930 = VECTOR('',#4931,1.);
#4931 = DIRECTION('',(1.,0.));
#4932 = ( GEOMETRIC_REPRESENTATION_CONTEXT(2) 
PARAMETRIC_REPRESENTATION_CONTEXT() REPRESENTATION_CONTEXT('2D SPACE',''
  ) );
#4933 = ORIENTED_EDGE('',*,*,#4934,.F.);
#4934 = EDGE_CURVE('',#4846,#4907,#4935,.T.);
#4935 = SURFACE_CURVE('',#4936,(#4940,#4947),.PCURVE_S1.);
#4936 = LINE('',#4937,#4938);
#4937 = CARTESIAN_POINT('',(125.,20.,0.));
#4938 = VECTOR('',#4939,1.);
#4939 = DIRECTION('',(0.,1.,0.));
#4940 = PCURVE('',#4854,#4941);
#4941 = DEFINITIONAL_REPRESENTATION('',(#4942),#4946);
#4942 = LINE('',#4943,#4944);
#4943 = CARTESIAN_POINT('',(20.,0.));
#4944 = VECTOR('',#4945,1.);
#4945 = DIRECTION('',(0.,-1.));
#4946 = ( GEOMETRIC_REPRESENTATION_CONTEXT(2) 
PARAMETRIC_REPRESENTATION_CONTEXT() REPRESENTATION_CONTEXT('2D SPACE',''
  ) );
#4947 = PCURVE('',#4948,#4953);
#4948 = PLANE('',#4949);
#4949 = AXIS2_PLACEMENT_3D('',#4950,#4951,#4952);
#4950 = CARTESIAN_POINT('',(125.,20.,0.));
#4951 = DIRECTION('',(-1.,0.,0.));
#4952 = DIRECTION('',(0.,0.,1.));
#4953 = DEFINITIONAL_REPRESENTATION('',(#4954),#4958);
#4954 = LINE('',#4955,#4956);
#4955 = CARTESIAN_POINT('',(0.,0.));
#4956 = VECTOR('',#4957,1.);
#4957 = DIRECTION('',(0.,1.));
#4958 = ( GEOMETRIC_REPRESENTATION_CONTEXT(2) 
PARAMETRIC_REPRESENTATION_CONTEXT() REPRESENTATION_CONTEXT('2D SPACE',''
  ) );
#4959 = ADVANCED_FACE('',(#4960,#5035,#5070,#5105),#4866,.F.);
#4960 = FACE_BOUND('',#4961,.F.);
#4961 = EDGE_LOOP('',(#4962,#4985,#4986,#5009));
#4962 = ORIENTED_EDGE('',*,*,#4963,.F.);
#4963 = EDGE_CURVE('',#4844,#4964,#4966,.T.);
#4964 = VERTEX_POINT('',#4965);
#4965 = CARTESIAN_POINT('',(145.,20.,280.));
#4966 = SURFACE_CURVE('',#4967,(#4971,#4978),.PCURVE_S1.);
#4967 = LINE('',#4968,#4969);
#4968 = CARTESIAN_POINT('',(145.,20.,0.));
#4969 = VECTOR('',#4970,1.);
#4970 = DIRECTION('',(0.,0.,1.));
#4971 = PCURVE('',#4866,#4972);
#4972 = DEFINITIONAL_REPRESENTATION('',(#4973),#4977);
#4973 = LINE('',#4974,#4975);
#4974 = CARTESIAN_POINT('',(0.,0.));
#4975 = VECTOR('',#4976,1.);
#4976 = DIRECTION('',(0.,1.));
#4977 = ( GEOMETRIC_REPRESENTATION_CONTEXT(2) 
PARAMETRIC_REPRESENTATION_CONTEXT() REPRESENTATION_CONTEXT('2D SPACE',''
  ) );
#4978 = PCURVE('',#4894,#4979);
#4979 = DEFINITIONAL_REPRESENTATION('',(#4980),#4984);
#4980 = LINE('',#4981,#4982);
#4981 = CARTESIAN_POINT('',(0.,0.));
#4982 = VECTOR('',#4983,1.);
#4983 = DIRECTION('',(1.,0.));
#4984 = ( GEOMETRIC_REPRESENTATION_CONTEXT(2) 
PARAMETRIC_REPRESENTATION_CONTEXT() REPRESENTATION_CONTEXT('2D SPACE',''
  ) );
#4985 = ORIENTED_EDGE('',*,*,#4843,.T.);
#4986 = ORIENTED_EDGE('',*,*,#4987,.T.);
#4987 = EDGE_CURVE('',#4846,#4988,#4990,.T.);
#4988 = VERTEX_POINT('',#4989);
#4989 = CARTESIAN_POINT('',(125.,20.,280.));
#4990 = SURFACE_CURVE('',#4991,(#4995,#5002),.PCURVE_S1.);
#4991 = LINE('',#4992,#4993);
#4992 = CARTESIAN_POINT('',(125.,20.,0.));
#4993 = VECTOR('',#4994,1.);
#4994 = DIRECTION('',(0.,0.,1.));
#4995 = PCURVE('',#4866,#4996);
#4996 = DEFINITIONAL_REPRESENTATION('',(#4997),#5001);
#4997 = LINE('',#4998,#4999);
#4998 = CARTESIAN_POINT('',(20.,0.));
#4999 = VECTOR('',#5000,1.);
#5000 = DIRECTION('',(0.,1.));
#5001 = ( GEOMETRIC_REPRESENTATION_CONTEXT(2) 
PARAMETRIC_REPRESENTATION_CONTEXT() REPRESENTATION_CONTEXT('2D SPACE',''
  ) );
#5002 = PCURVE('',#4948,#5003);
#5003 = DEFINITIONAL_REPRESENTATION('',(#5004),#5008);
#5004 = LINE('',#5005,#5006);
#5005 = CARTESIAN_POINT('',(0.,0.));
#5006 = VECTOR('',#5007,1.);
#5007 = DIRECTION('',(1.,0.));
#5008 = ( GEOMETRIC_REPRESENTATION_CONTEXT(2) 
PARAMETRIC_REPRESENTATION_CONTEXT() REPRESENTATION_CONTEXT('2D SPACE',''
  ) );
#5009 = ORIENTED_EDGE('',*,*,#5010,.F.);
#5010 = EDGE_CURVE('',#4964,#4988,#5011,.T.);
#5011 = SURFACE_CURVE('',#5012,(#5016,#5023),.PCURVE_S1.);
#5012 = LINE('',#5013,#5014);
#5013 = CARTESIAN_POINT('',(145.,20.,280.));
#5014 = VECTOR('',#5015,1.);
#5015 = DIRECTION('',(-1.,0.,0.));
#5016 = PCURVE('',#4866,#5017);
#5017 = DEFINITIONAL_REPRESENTATION('',(#5018),#5022);
#5018 = LINE('',#5019,#5020);
#5019 = CARTESIAN_POINT('',(0.,280.));
#5020 = VECTOR('',#5021,1.);
#5021 = DIRECTION('',(1.,0.));
#5022 = ( GEOMETRIC_REPRESENTATION_CONTEXT(2) 
PARAMETRIC_REPRESENTATION_CONTEXT() REPRESENTATION_CONTEXT('2D SPACE',''
  ) );
#5023 = PCURVE('',#5024,#5029);
#5024 = PLANE('',#5025);
#5025 = AXIS2_PLACEMENT_3D('',#5026,#5027,#5028);
#5026 = CARTESIAN_POINT('',(145.,20.,280.));
#5027 = DIRECTION('',(0.,0.,1.));
#5028 = DIRECTION('',(-1.,0.,0.));
#5029 = DEFINITIONAL_REPRESENTATION('',(#5030),#5034);
#5030 = LINE('',#5031,#5032);
#5031 = CARTESIAN_POINT('',(0.,0.));
#5032 = VECTOR('',#5033,1.);
#5033 = DIRECTION('',(1.,0.));
#5034 = ( GEOMETRIC_REPRESENTATION_CONTEXT(2) 
PARAMETRIC_REPRESENTATION_CONTEXT() REPRESENTATION_CONTEXT('2D SPACE',''
  ) );
#5035 = FACE_BOUND('',#5036,.F.);
#5036 = EDGE_LOOP('',(#5037));
#5037 = ORIENTED_EDGE('',*,*,#5038,.T.);
#5038 = EDGE_CURVE('',#5039,#5039,#5041,.T.);
#5039 = VERTEX_POINT('',#5040);
#5040 = CARTESIAN_POINT('',(135.,20.,26.25));
#5041 = SURFACE_CURVE('',#5042,(#5047,#5058),.PCURVE_S1.);
#5042 = CIRCLE('',#5043,1.25);
#5043 = AXIS2_PLACEMENT_3D('',#5044,#5045,#5046);
#5044 = CARTESIAN_POINT('',(135.,20.,25.));
#5045 = DIRECTION('',(0.,-1.,0.));
#5046 = DIRECTION('',(0.,0.,1.));
#5047 = PCURVE('',#4866,#5048);
#5048 = DEFINITIONAL_REPRESENTATION('',(#5049),#5057);
#5049 = ( BOUNDED_CURVE() B_SPLINE_CURVE(2,(#5050,#5051,#5052,#5053,
#5054,#5055,#5056),.UNSPECIFIED.,.T.,.F.) B_SPLINE_CURVE_WITH_KNOTS((1,2
    ,2,2,2,1),(-2.094395102393,0.,2.094395102393,4.188790204786,
6.28318530718,8.377580409573),.UNSPECIFIED.) CURVE() 
GEOMETRIC_REPRESENTATION_ITEM() RATIONAL_B_SPLINE_CURVE((1.,0.5,1.,0.5,
1.,0.5,1.)) REPRESENTATION_ITEM('') );
#5050 = CARTESIAN_POINT('',(10.,26.25));
#5051 = CARTESIAN_POINT('',(12.165063509461,26.25));
#5052 = CARTESIAN_POINT('',(11.082531754731,24.375));
#5053 = CARTESIAN_POINT('',(10.,22.5));
#5054 = CARTESIAN_POINT('',(8.917468245269,24.375));
#5055 = CARTESIAN_POINT('',(7.834936490539,26.25));
#5056 = CARTESIAN_POINT('',(10.,26.25));
#5057 = ( GEOMETRIC_REPRESENTATION_CONTEXT(2) 
PARAMETRIC_REPRESENTATION_CONTEXT() REPRESENTATION_CONTEXT('2D SPACE',''
  ) );
#5058 = PCURVE('',#5059,#5064);
#5059 = CYLINDRICAL_SURFACE('',#5060,1.25);
#5060 = AXIS2_PLACEMENT_3D('',#5061,#5062,#5063);
#5061 = CARTESIAN_POINT('',(135.,19.95,25.));
#5062 = DIRECTION('',(-0.,-1.,-0.));
#5063 = DIRECTION('',(0.,0.,1.));
#5064 = DEFINITIONAL_REPRESENTATION('',(#5065),#5069);
#5065 = LINE('',#5066,#5067);
#5066 = CARTESIAN_POINT('',(-6.28318530718,-5.E-02));
#5067 = VECTOR('',#5068,1.);
#5068 = DIRECTION('',(1.,-0.));
#5069 = ( GEOMETRIC_REPRESENTATION_CONTEXT(2) 
PARAMETRIC_REPRESENTATION_CONTEXT() REPRESENTATION_CONTEXT('2D SPACE',''
  ) );
#5070 = FACE_BOUND('',#5071,.F.);
#5071 = EDGE_LOOP('',(#5072));
#5072 = ORIENTED_EDGE('',*,*,#5073,.T.);
#5073 = EDGE_CURVE('',#5074,#5074,#5076,.T.);
#5074 = VERTEX_POINT('',#5075);
#5075 = CARTESIAN_POINT('',(135.,20.,141.25));
#5076 = SURFACE_CURVE('',#5077,(#5082,#5093),.PCURVE_S1.);
#5077 = CIRCLE('',#5078,1.25);
#5078 = AXIS2_PLACEMENT_3D('',#5079,#5080,#5081);
#5079 = CARTESIAN_POINT('',(135.,20.,140.));
#5080 = DIRECTION('',(0.,-1.,0.));
#5081 = DIRECTION('',(0.,0.,1.));
#5082 = PCURVE('',#4866,#5083);
#5083 = DEFINITIONAL_REPRESENTATION('',(#5084),#5092);
#5084 = ( BOUNDED_CURVE() B_SPLINE_CURVE(2,(#5085,#5086,#5087,#5088,
#5089,#5090,#5091),.UNSPECIFIED.,.T.,.F.) B_SPLINE_CURVE_WITH_KNOTS((1,2
    ,2,2,2,1),(-2.094395102393,0.,2.094395102393,4.188790204786,
6.28318530718,8.377580409573),.UNSPECIFIED.) CURVE() 
GEOMETRIC_REPRESENTATION_ITEM() RATIONAL_B_SPLINE_CURVE((1.,0.5,1.,0.5,
1.,0.5,1.)) REPRESENTATION_ITEM('') );
#5085 = CARTESIAN_POINT('',(10.,141.25));
#5086 = CARTESIAN_POINT('',(12.165063509461,141.25));
#5087 = CARTESIAN_POINT('',(11.082531754731,139.375));
#5088 = CARTESIAN_POINT('',(10.,137.5));
#5089 = CARTESIAN_POINT('',(8.917468245269,139.375));
#5090 = CARTESIAN_POINT('',(7.834936490539,141.25));
#5091 = CARTESIAN_POINT('',(10.,141.25));
#5092 = ( GEOMETRIC_REPRESENTATION_CONTEXT(2) 
PARAMETRIC_REPRESENTATION_CONTEXT() REPRESENTATION_CONTEXT('2D SPACE',''
  ) );
#5093 = PCURVE('',#5094,#5099);
#5094 = CYLINDRICAL_SURFACE('',#5095,1.25);
#5095 = AXIS2_PLACEMENT_3D('',#5096,#5097,#5098);
#5096 = CARTESIAN_POINT('',(135.,19.95,140.));
#5097 = DIRECTION('',(-0.,-1.,-0.));
#5098 = DIRECTION('',(0.,0.,1.));
#5099 = DEFINITIONAL_REPRESENTATION('',(#5100),#5104);
#5100 = LINE('',#5101,#5102);
#5101 = CARTESIAN_POINT('',(-6.28318530718,-5.E-02));
#5102 = VECTOR('',#5103,1.);
#5103 = DIRECTION('',(1.,-0.));
#5104 = ( GEOMETRIC_REPRESENTATION_CONTEXT(2) 
PARAMETRIC_REPRESENTATION_CONTEXT() REPRESENTATION_CONTEXT('2D SPACE',''
  ) );
#5105 = FACE_BOUND('',#5106,.F.);
#5106 = EDGE_LOOP('',(#5107));
#5107 = ORIENTED_EDGE('',*,*,#5108,.T.);
#5108 = EDGE_CURVE('',#5109,#5109,#5111,.T.);
#5109 = VERTEX_POINT('',#5110);
#5110 = CARTESIAN_POINT('',(135.,20.,256.25));
#5111 = SURFACE_CURVE('',#5112,(#5117,#5128),.PCURVE_S1.);
#5112 = CIRCLE('',#5113,1.25);
#5113 = AXIS2_PLACEMENT_3D('',#5114,#5115,#5116);
#5114 = CARTESIAN_POINT('',(135.,20.,255.));
#5115 = DIRECTION('',(0.,-1.,0.));
#5116 = DIRECTION('',(0.,0.,1.));
#5117 = PCURVE('',#4866,#5118);
#5118 = DEFINITIONAL_REPRESENTATION('',(#5119),#5127);
#5119 = ( BOUNDED_CURVE() B_SPLINE_CURVE(2,(#5120,#5121,#5122,#5123,
#5124,#5125,#5126),.UNSPECIFIED.,.T.,.F.) B_SPLINE_CURVE_WITH_KNOTS((1,2
    ,2,2,2,1),(-2.094395102393,0.,2.094395102393,4.188790204786,
6.28318530718,8.377580409573),.UNSPECIFIED.) CURVE() 
GEOMETRIC_REPRESENTATION_ITEM() RATIONAL_B_SPLINE_CURVE((1.,0.5,1.,0.5,
1.,0.5,1.)) REPRESENTATION_ITEM('') );
#5120 = CARTESIAN_POINT('',(10.,256.25));
#5121 = CARTESIAN_POINT('',(12.165063509461,256.25));
#5122 = CARTESIAN_POINT('',(11.082531754731,254.375));
#5123 = CARTESIAN_POINT('',(10.,252.5));
#5124 = CARTESIAN_POINT('',(8.917468245269,254.375));
#5125 = CARTESIAN_POINT('',(7.834936490539,256.25));
#5126 = CARTESIAN_POINT('',(10.,256.25));
#5127 = ( GEOMETRIC_REPRESENTATION_CONTEXT(2) 
PARAMETRIC_REPRESENTATION_CONTEXT() REPRESENTATION_CONTEXT('2D SPACE',''
  ) );
#5128 = PCURVE('',#5129,#5134);
#5129 = CYLINDRICAL_SURFACE('',#5130,1.25);
#5130 = AXIS2_PLACEMENT_3D('',#5131,#5132,#5133);
#5131 = CARTESIAN_POINT('',(135.,19.95,255.));
#5132 = DIRECTION('',(-0.,-1.,-0.));
#5133 = DIRECTION('',(0.,0.,1.));
#5134 = DEFINITIONAL_REPRESENTATION('',(#5135),#5139);
#5135 = LINE('',#5136,#5137);
#5136 = CARTESIAN_POINT('',(-6.28318530718,-5.E-02));
#5137 = VECTOR('',#5138,1.);
#5138 = DIRECTION('',(1.,-0.));
#5139 = ( GEOMETRIC_REPRESENTATION_CONTEXT(2) 
PARAMETRIC_REPRESENTATION_CONTEXT() REPRESENTATION_CONTEXT('2D SPACE',''
  ) );
#5140 = ADVANCED_FACE('',(#5141,#5189,#5224),#4948,.T.);
#5141 = FACE_BOUND('',#5142,.T.);
#5142 = EDGE_LOOP('',(#5143,#5144,#5145,#5168));
#5143 = ORIENTED_EDGE('',*,*,#4934,.F.);
#5144 = ORIENTED_EDGE('',*,*,#4987,.T.);
#5145 = ORIENTED_EDGE('',*,*,#5146,.T.);
#5146 = EDGE_CURVE('',#4988,#5147,#5149,.T.);
#5147 = VERTEX_POINT('',#5148);
#5148 = CARTESIAN_POINT('',(125.,165.,280.));
#5149 = SURFACE_CURVE('',#5150,(#5154,#5161),.PCURVE_S1.);
#5150 = LINE('',#5151,#5152);
#5151 = CARTESIAN_POINT('',(125.,20.,280.));
#5152 = VECTOR('',#5153,1.);
#5153 = DIRECTION('',(0.,1.,0.));
#5154 = PCURVE('',#4948,#5155);
#5155 = DEFINITIONAL_REPRESENTATION('',(#5156),#5160);
#5156 = LINE('',#5157,#5158);
#5157 = CARTESIAN_POINT('',(280.,0.));
#5158 = VECTOR('',#5159,1.);
#5159 = DIRECTION('',(0.,1.));
#5160 = ( GEOMETRIC_REPRESENTATION_CONTEXT(2) 
PARAMETRIC_REPRESENTATION_CONTEXT() REPRESENTATION_CONTEXT('2D SPACE',''
  ) );
#5161 = PCURVE('',#5024,#5162);
#5162 = DEFINITIONAL_REPRESENTATION('',(#5163),#5167);
#5163 = LINE('',#5164,#5165);
#5164 = CARTESIAN_POINT('',(20.,0.));
#5165 = VECTOR('',#5166,1.);
#5166 = DIRECTION('',(0.,-1.));
#5167 = ( GEOMETRIC_REPRESENTATION_CONTEXT(2) 
PARAMETRIC_REPRESENTATION_CONTEXT() REPRESENTATION_CONTEXT('2D SPACE',''
  ) );
#5168 = ORIENTED_EDGE('',*,*,#5169,.F.);
#5169 = EDGE_CURVE('',#4907,#5147,#5170,.T.);
#5170 = SURFACE_CURVE('',#5171,(#5175,#5182),.PCURVE_S1.);
#5171 = LINE('',#5172,#5173);
#5172 = CARTESIAN_POINT('',(125.,165.,0.));
#5173 = VECTOR('',#5174,1.);
#5174 = DIRECTION('',(0.,0.,1.));
#5175 = PCURVE('',#4948,#5176);
#5176 = DEFINITIONAL_REPRESENTATION('',(#5177),#5181);
#5177 = LINE('',#5178,#5179);
#5178 = CARTESIAN_POINT('',(0.,145.));
#5179 = VECTOR('',#5180,1.);
#5180 = DIRECTION('',(1.,0.));
#5181 = ( GEOMETRIC_REPRESENTATION_CONTEXT(2) 
PARAMETRIC_REPRESENTATION_CONTEXT() REPRESENTATION_CONTEXT('2D SPACE',''
  ) );
#5182 = PCURVE('',#4922,#5183);
#5183 = DEFINITIONAL_REPRESENTATION('',(#5184),#5188);
#5184 = LINE('',#5185,#5186);
#5185 = CARTESIAN_POINT('',(20.,0.));
#5186 = VECTOR('',#5187,1.);
#5187 = DIRECTION('',(0.,1.));
#5188 = ( GEOMETRIC_REPRESENTATION_CONTEXT(2) 
PARAMETRIC_REPRESENTATION_CONTEXT() REPRESENTATION_CONTEXT('2D SPACE',''
  ) );
#5189 = FACE_BOUND('',#5190,.T.);
#5190 = EDGE_LOOP('',(#5191));
#5191 = ORIENTED_EDGE('',*,*,#5192,.T.);
#5192 = EDGE_CURVE('',#5193,#5193,#5195,.T.);
#5193 = VERTEX_POINT('',#5194);
#5194 = CARTESIAN_POINT('',(125.,46.25,10.));
#5195 = SURFACE_CURVE('',#5196,(#5201,#5212),.PCURVE_S1.);
#5196 = CIRCLE('',#5197,1.25);
#5197 = AXIS2_PLACEMENT_3D('',#5198,#5199,#5200);
#5198 = CARTESIAN_POINT('',(125.,45.,10.));
#5199 = DIRECTION('',(1.,0.,-0.));
#5200 = DIRECTION('',(0.,1.,0.));
#5201 = PCURVE('',#4948,#5202);
#5202 = DEFINITIONAL_REPRESENTATION('',(#5203),#5211);
#5203 = ( BOUNDED_CURVE() B_SPLINE_CURVE(2,(#5204,#5205,#5206,#5207,
#5208,#5209,#5210),.UNSPECIFIED.,.T.,.F.) B_SPLINE_CURVE_WITH_KNOTS((1,2
    ,2,2,2,1),(-2.094395102393,0.,2.094395102393,4.188790204786,
6.28318530718,8.377580409573),.UNSPECIFIED.) CURVE() 
GEOMETRIC_REPRESENTATION_ITEM() RATIONAL_B_SPLINE_CURVE((1.,0.5,1.,0.5,
1.,0.5,1.)) REPRESENTATION_ITEM('') );
#5204 = CARTESIAN_POINT('',(10.,26.25));
#5205 = CARTESIAN_POINT('',(12.165063509461,26.25));
#5206 = CARTESIAN_POINT('',(11.082531754731,24.375));
#5207 = CARTESIAN_POINT('',(10.,22.5));
#5208 = CARTESIAN_POINT('',(8.917468245269,24.375));
#5209 = CARTESIAN_POINT('',(7.834936490539,26.25));
#5210 = CARTESIAN_POINT('',(10.,26.25));
#5211 = ( GEOMETRIC_REPRESENTATION_CONTEXT(2) 
PARAMETRIC_REPRESENTATION_CONTEXT() REPRESENTATION_CONTEXT('2D SPACE',''
  ) );
#5212 = PCURVE('',#5213,#5218);
#5213 = CYLINDRICAL_SURFACE('',#5214,1.25);
#5214 = AXIS2_PLACEMENT_3D('',#5215,#5216,#5217);
#5215 = CARTESIAN_POINT('',(145.05,45.,10.));
#5216 = DIRECTION('',(1.,-0.,-0.));
#5217 = DIRECTION('',(0.,1.,0.));
#5218 = DEFINITIONAL_REPRESENTATION('',(#5219),#5223);
#5219 = LINE('',#5220,#5221);
#5220 = CARTESIAN_POINT('',(-6.28318530718,-20.05));
#5221 = VECTOR('',#5222,1.);
#5222 = DIRECTION('',(1.,-0.));
#5223 = ( GEOMETRIC_REPRESENTATION_CONTEXT(2) 
PARAMETRIC_REPRESENTATION_CONTEXT() REPRESENTATION_CONTEXT('2D SPACE',''
  ) );
#5224 = FACE_BOUND('',#5225,.T.);
#5225 = EDGE_LOOP('',(#5226));
#5226 = ORIENTED_EDGE('',*,*,#5227,.T.);
#5227 = EDGE_CURVE('',#5228,#5228,#5230,.T.);
#5228 = VERTEX_POINT('',#5229);
#5229 = CARTESIAN_POINT('',(125.,141.25,10.));
#5230 = SURFACE_CURVE('',#5231,(#5236,#5247),.PCURVE_S1.);
#5231 = CIRCLE('',#5232,1.25);
#5232 = AXIS2_PLACEMENT_3D('',#5233,#5234,#5235);
#5233 = CARTESIAN_POINT('',(125.,140.,10.));
#5234 = DIRECTION('',(1.,0.,-0.));
#5235 = DIRECTION('',(0.,1.,0.));
#5236 = PCURVE('',#4948,#5237);
#5237 = DEFINITIONAL_REPRESENTATION('',(#5238),#5246);
#5238 = ( BOUNDED_CURVE() B_SPLINE_CURVE(2,(#5239,#5240,#5241,#5242,
#5243,#5244,#5245),.UNSPECIFIED.,.T.,.F.) B_SPLINE_CURVE_WITH_KNOTS((1,2
    ,2,2,2,1),(-2.094395102393,0.,2.094395102393,4.188790204786,
6.28318530718,8.377580409573),.UNSPECIFIED.) CURVE() 
GEOMETRIC_REPRESENTATION_ITEM() RATIONAL_B_SPLINE_CURVE((1.,0.5,1.,0.5,
1.,0.5,1.)) REPRESENTATION_ITEM('') );
#5239 = CARTESIAN_POINT('',(10.,121.25));
#5240 = CARTESIAN_POINT('',(12.165063509461,121.25));
#5241 = CARTESIAN_POINT('',(11.082531754731,119.375));
#5242 = CARTESIAN_POINT('',(10.,117.5));
#5243 = CARTESIAN_POINT('',(8.917468245269,119.375));
#5244 = CARTESIAN_POINT('',(7.834936490539,121.25));
#5245 = CARTESIAN_POINT('',(10.,121.25));
#5246 = ( GEOMETRIC_REPRESENTATION_CONTEXT(2) 
PARAMETRIC_REPRESENTATION_CONTEXT() REPRESENTATION_CONTEXT('2D SPACE',''
  ) );
#5247 = PCURVE('',#5248,#5253);
#5248 = CYLINDRICAL_SURFACE('',#5249,1.25);
#5249 = AXIS2_PLACEMENT_3D('',#5250,#5251,#5252);
#5250 = CARTESIAN_POINT('',(145.05,140.,10.));
#5251 = DIRECTION('',(1.,-0.,-0.));
#5252 = DIRECTION('',(0.,1.,0.));
#5253 = DEFINITIONAL_REPRESENTATION('',(#5254),#5258);
#5254 = LINE('',#5255,#5256);
#5255 = CARTESIAN_POINT('',(-6.28318530718,-20.05));
#5256 = VECTOR('',#5257,1.);
#5257 = DIRECTION('',(1.,-0.));
#5258 = ( GEOMETRIC_REPRESENTATION_CONTEXT(2) 
PARAMETRIC_REPRESENTATION_CONTEXT() REPRESENTATION_CONTEXT('2D SPACE',''
  ) );
#5259 = ADVANCED_FACE('',(#5260,#5308,#5339,#5370),#4922,.T.);
#5260 = FACE_BOUND('',#5261,.T.);
#5261 = EDGE_LOOP('',(#5262,#5285,#5286,#5287));
#5262 = ORIENTED_EDGE('',*,*,#5263,.F.);
#5263 = EDGE_CURVE('',#4879,#5264,#5266,.T.);
#5264 = VERTEX_POINT('',#5265);
#5265 = CARTESIAN_POINT('',(145.,165.,280.));
#5266 = SURFACE_CURVE('',#5267,(#5271,#5278),.PCURVE_S1.);
#5267 = LINE('',#5268,#5269);
#5268 = CARTESIAN_POINT('',(145.,165.,0.));
#5269 = VECTOR('',#5270,1.);
#5270 = DIRECTION('',(0.,0.,1.));
#5271 = PCURVE('',#4922,#5272);
#5272 = DEFINITIONAL_REPRESENTATION('',(#5273),#5277);
#5273 = LINE('',#5274,#5275);
#5274 = CARTESIAN_POINT('',(0.,0.));
#5275 = VECTOR('',#5276,1.);
#5276 = DIRECTION('',(0.,1.));
#5277 = ( GEOMETRIC_REPRESENTATION_CONTEXT(2) 
PARAMETRIC_REPRESENTATION_CONTEXT() REPRESENTATION_CONTEXT('2D SPACE',''
  ) );
#5278 = PCURVE('',#4894,#5279);
#5279 = DEFINITIONAL_REPRESENTATION('',(#5280),#5284);
#5280 = LINE('',#5281,#5282);
#5281 = CARTESIAN_POINT('',(0.,145.));
#5282 = VECTOR('',#5283,1.);
#5283 = DIRECTION('',(1.,0.));
#5284 = ( GEOMETRIC_REPRESENTATION_CONTEXT(2) 
PARAMETRIC_REPRESENTATION_CONTEXT() REPRESENTATION_CONTEXT('2D SPACE',''
  ) );
#5285 = ORIENTED_EDGE('',*,*,#4906,.T.);
#5286 = ORIENTED_EDGE('',*,*,#5169,.T.);
#5287 = ORIENTED_EDGE('',*,*,#5288,.F.);
#5288 = EDGE_CURVE('',#5264,#5147,#5289,.T.);
#5289 = SURFACE_CURVE('',#5290,(#5294,#5301),.PCURVE_S1.);
#5290 = LINE('',#5291,#5292);
#5291 = CARTESIAN_POINT('',(145.,165.,280.));
#5292 = VECTOR('',#5293,1.);
#5293 = DIRECTION('',(-1.,0.,0.));
#5294 = PCURVE('',#4922,#5295);
#5295 = DEFINITIONAL_REPRESENTATION('',(#5296),#5300);
#5296 = LINE('',#5297,#5298);
#5297 = CARTESIAN_POINT('',(0.,280.));
#5298 = VECTOR('',#5299,1.);
#5299 = DIRECTION('',(1.,0.));
#5300 = ( GEOMETRIC_REPRESENTATION_CONTEXT(2) 
PARAMETRIC_REPRESENTATION_CONTEXT() REPRESENTATION_CONTEXT('2D SPACE',''
  ) );
#5301 = PCURVE('',#5024,#5302);
#5302 = DEFINITIONAL_REPRESENTATION('',(#5303),#5307);
#5303 = LINE('',#5304,#5305);
#5304 = CARTESIAN_POINT('',(0.,-145.));
#5305 = VECTOR('',#5306,1.);
#5306 = DIRECTION('',(1.,0.));
#5307 = ( GEOMETRIC_REPRESENTATION_CONTEXT(2) 
PARAMETRIC_REPRESENTATION_CONTEXT() REPRESENTATION_CONTEXT('2D SPACE',''
  ) );
#5308 = FACE_BOUND('',#5309,.T.);
#5309 = EDGE_LOOP('',(#5310));
#5310 = ORIENTED_EDGE('',*,*,#5311,.F.);
#5311 = EDGE_CURVE('',#5312,#5312,#5314,.T.);
#5312 = VERTEX_POINT('',#5313);
#5313 = CARTESIAN_POINT('',(135.,165.,26.25));
#5314 = SURFACE_CURVE('',#5315,(#5320,#5327),.PCURVE_S1.);
#5315 = CIRCLE('',#5316,1.25);
#5316 = AXIS2_PLACEMENT_3D('',#5317,#5318,#5319);
#5317 = CARTESIAN_POINT('',(135.,165.,25.));
#5318 = DIRECTION('',(-0.,1.,0.));
#5319 = DIRECTION('',(0.,0.,1.));
#5320 = PCURVE('',#4922,#5321);
#5321 = DEFINITIONAL_REPRESENTATION('',(#5322),#5326);
#5322 = CIRCLE('',#5323,1.25);
#5323 = AXIS2_PLACEMENT_2D('',#5324,#5325);
#5324 = CARTESIAN_POINT('',(10.,25.));
#5325 = DIRECTION('',(0.,1.));
#5326 = ( GEOMETRIC_REPRESENTATION_CONTEXT(2) 
PARAMETRIC_REPRESENTATION_CONTEXT() REPRESENTATION_CONTEXT('2D SPACE',''
  ) );
#5327 = PCURVE('',#5328,#5333);
#5328 = CYLINDRICAL_SURFACE('',#5329,1.25);
#5329 = AXIS2_PLACEMENT_3D('',#5330,#5331,#5332);
#5330 = CARTESIAN_POINT('',(135.,165.05,25.));
#5331 = DIRECTION('',(-0.,1.,-0.));
#5332 = DIRECTION('',(0.,0.,1.));
#5333 = DEFINITIONAL_REPRESENTATION('',(#5334),#5338);
#5334 = LINE('',#5335,#5336);
#5335 = CARTESIAN_POINT('',(-6.28318530718,-5.000000000001E-02));
#5336 = VECTOR('',#5337,1.);
#5337 = DIRECTION('',(1.,-0.));
#5338 = ( GEOMETRIC_REPRESENTATION_CONTEXT(2) 
PARAMETRIC_REPRESENTATION_CONTEXT() REPRESENTATION_CONTEXT('2D SPACE',''
  ) );
#5339 = FACE_BOUND('',#5340,.T.);
#5340 = EDGE_LOOP('',(#5341));
#5341 = ORIENTED_EDGE('',*,*,#5342,.F.);
#5342 = EDGE_CURVE('',#5343,#5343,#5345,.T.);
#5343 = VERTEX_POINT('',#5344);
#5344 = CARTESIAN_POINT('',(135.,165.,141.25));
#5345 = SURFACE_CURVE('',#5346,(#5351,#5358),.PCURVE_S1.);
#5346 = CIRCLE('',#5347,1.25);
#5347 = AXIS2_PLACEMENT_3D('',#5348,#5349,#5350);
#5348 = CARTESIAN_POINT('',(135.,165.,140.));
#5349 = DIRECTION('',(-0.,1.,0.));
#5350 = DIRECTION('',(0.,0.,1.));
#5351 = PCURVE('',#4922,#5352);
#5352 = DEFINITIONAL_REPRESENTATION('',(#5353),#5357);
#5353 = CIRCLE('',#5354,1.25);
#5354 = AXIS2_PLACEMENT_2D('',#5355,#5356);
#5355 = CARTESIAN_POINT('',(10.,140.));
#5356 = DIRECTION('',(0.,1.));
#5357 = ( GEOMETRIC_REPRESENTATION_CONTEXT(2) 
PARAMETRIC_REPRESENTATION_CONTEXT() REPRESENTATION_CONTEXT('2D SPACE',''
  ) );
#5358 = PCURVE('',#5359,#5364);
#5359 = CYLINDRICAL_SURFACE('',#5360,1.25);
#5360 = AXIS2_PLACEMENT_3D('',#5361,#5362,#5363);
#5361 = CARTESIAN_POINT('',(135.,165.05,140.));
#5362 = DIRECTION('',(-0.,1.,-0.));
#5363 = DIRECTION('',(0.,0.,1.));
#5364 = DEFINITIONAL_REPRESENTATION('',(#5365),#5369);
#5365 = LINE('',#5366,#5367);
#5366 = CARTESIAN_POINT('',(-6.28318530718,-5.000000000001E-02));
#5367 = VECTOR('',#5368,1.);
#5368 = DIRECTION('',(1.,-0.));
#5369 = ( GEOMETRIC_REPRESENTATION_CONTEXT(2) 
PARAMETRIC_REPRESENTATION_CONTEXT() REPRESENTATION_CONTEXT('2D SPACE',''
  ) );
#5370 = FACE_BOUND('',#5371,.T.);
#5371 = EDGE_LOOP('',(#5372));
#5372 = ORIENTED_EDGE('',*,*,#5373,.F.);
#5373 = EDGE_CURVE('',#5374,#5374,#5376,.T.);
#5374 = VERTEX_POINT('',#5375);
#5375 = CARTESIAN_POINT('',(135.,165.,256.25));
#5376 = SURFACE_CURVE('',#5377,(#5382,#5389),.PCURVE_S1.);
#5377 = CIRCLE('',#5378,1.25);
#5378 = AXIS2_PLACEMENT_3D('',#5379,#5380,#5381);
#5379 = CARTESIAN_POINT('',(135.,165.,255.));
#5380 = DIRECTION('',(-0.,1.,0.));
#5381 = DIRECTION('',(0.,0.,1.));
#5382 = PCURVE('',#4922,#5383);
#5383 = DEFINITIONAL_REPRESENTATION('',(#5384),#5388);
#5384 = CIRCLE('',#5385,1.25);
#5385 = AXIS2_PLACEMENT_2D('',#5386,#5387);
#5386 = CARTESIAN_POINT('',(10.,255.));
#5387 = DIRECTION('',(0.,1.));
#5388 = ( GEOMETRIC_REPRESENTATION_CONTEXT(2) 
PARAMETRIC_REPRESENTATION_CONTEXT() REPRESENTATION_CONTEXT('2D SPACE',''
  ) );
#5389 = PCURVE('',#5390,#5395);
#5390 = CYLINDRICAL_SURFACE('',#5391,1.25);
#5391 = AXIS2_PLACEMENT_3D('',#5392,#5393,#5394);
#5392 = CARTESIAN_POINT('',(135.,165.05,255.));
#5393 = DIRECTION('',(-0.,1.,-0.));
#5394 = DIRECTION('',(0.,0.,1.));
#5395 = DEFINITIONAL_REPRESENTATION('',(#5396),#5400);
#5396 = LINE('',#5397,#5398);
#5397 = CARTESIAN_POINT('',(-6.28318530718,-5.000000000001E-02));
#5398 = VECTOR('',#5399,1.);
#5399 = DIRECTION('',(1.,-0.));
#5400 = ( GEOMETRIC_REPRESENTATION_CONTEXT(2) 
PARAMETRIC_REPRESENTATION_CONTEXT() REPRESENTATION_CONTEXT('2D SPACE',''
  ) );
#5401 = ADVANCED_FACE('',(#5402,#5428,#5459),#4894,.F.);
#5402 = FACE_BOUND('',#5403,.F.);
#5403 = EDGE_LOOP('',(#5404,#5405,#5406,#5427));
#5404 = ORIENTED_EDGE('',*,*,#4878,.F.);
#5405 = ORIENTED_EDGE('',*,*,#4963,.T.);
#5406 = ORIENTED_EDGE('',*,*,#5407,.T.);
#5407 = EDGE_CURVE('',#4964,#5264,#5408,.T.);
#5408 = SURFACE_CURVE('',#5409,(#5413,#5420),.PCURVE_S1.);
#5409 = LINE('',#5410,#5411);
#5410 = CARTESIAN_POINT('',(145.,20.,280.));
#5411 = VECTOR('',#5412,1.);
#5412 = DIRECTION('',(0.,1.,0.));
#5413 = PCURVE('',#4894,#5414);
#5414 = DEFINITIONAL_REPRESENTATION('',(#5415),#5419);
#5415 = LINE('',#5416,#5417);
#5416 = CARTESIAN_POINT('',(280.,0.));
#5417 = VECTOR('',#5418,1.);
#5418 = DIRECTION('',(0.,1.));
#5419 = ( GEOMETRIC_REPRESENTATION_CONTEXT(2) 
PARAMETRIC_REPRESENTATION_CONTEXT() REPRESENTATION_CONTEXT('2D SPACE',''
  ) );
#5420 = PCURVE('',#5024,#5421);
#5421 = DEFINITIONAL_REPRESENTATION('',(#5422),#5426);
#5422 = LINE('',#5423,#5424);
#5423 = CARTESIAN_POINT('',(0.,0.));
#5424 = VECTOR('',#5425,1.);
#5425 = DIRECTION('',(0.,-1.));
#5426 = ( GEOMETRIC_REPRESENTATION_CONTEXT(2) 
PARAMETRIC_REPRESENTATION_CONTEXT() REPRESENTATION_CONTEXT('2D SPACE',''
  ) );
#5427 = ORIENTED_EDGE('',*,*,#5263,.F.);
#5428 = FACE_BOUND('',#5429,.F.);
#5429 = EDGE_LOOP('',(#5430));
#5430 = ORIENTED_EDGE('',*,*,#5431,.F.);
#5431 = EDGE_CURVE('',#5432,#5432,#5434,.T.);
#5432 = VERTEX_POINT('',#5433);
#5433 = CARTESIAN_POINT('',(145.,45.,6.2));
#5434 = SURFACE_CURVE('',#5435,(#5440,#5447),.PCURVE_S1.);
#5435 = CIRCLE('',#5436,3.8);
#5436 = AXIS2_PLACEMENT_3D('',#5437,#5438,#5439);
#5437 = CARTESIAN_POINT('',(145.,45.,10.));
#5438 = DIRECTION('',(-1.,0.,0.));
#5439 = DIRECTION('',(0.,0.,-1.));
#5440 = PCURVE('',#4894,#5441);
#5441 = DEFINITIONAL_REPRESENTATION('',(#5442),#5446);
#5442 = CIRCLE('',#5443,3.8);
#5443 = AXIS2_PLACEMENT_2D('',#5444,#5445);
#5444 = CARTESIAN_POINT('',(10.,25.));
#5445 = DIRECTION('',(-1.,0.));
#5446 = ( GEOMETRIC_REPRESENTATION_CONTEXT(2) 
PARAMETRIC_REPRESENTATION_CONTEXT() REPRESENTATION_CONTEXT('2D SPACE',''
  ) );
#5447 = PCURVE('',#5448,#5453);
#5448 = CONICAL_SURFACE('',#5449,3.85,0.785398163397);
#5449 = AXIS2_PLACEMENT_3D('',#5450,#5451,#5452);
#5450 = CARTESIAN_POINT('',(145.05,45.,10.));
#5451 = DIRECTION('',(1.,-0.,-0.));
#5452 = DIRECTION('',(0.,0.,-1.));
#5453 = DEFINITIONAL_REPRESENTATION('',(#5454),#5458);
#5454 = LINE('',#5455,#5456);
#5455 = CARTESIAN_POINT('',(-0.,-5.000000000001E-02));
#5456 = VECTOR('',#5457,1.);
#5457 = DIRECTION('',(-1.,-0.));
#5458 = ( GEOMETRIC_REPRESENTATION_CONTEXT(2) 
PARAMETRIC_REPRESENTATION_CONTEXT() REPRESENTATION_CONTEXT('2D SPACE',''
  ) );
#5459 = FACE_BOUND('',#5460,.F.);
#5460 = EDGE_LOOP('',(#5461));
#5461 = ORIENTED_EDGE('',*,*,#5462,.F.);
#5462 = EDGE_CURVE('',#5463,#5463,#5465,.T.);
#5463 = VERTEX_POINT('',#5464);
#5464 = CARTESIAN_POINT('',(145.,140.,6.2));
#5465 = SURFACE_CURVE('',#5466,(#5471,#5478),.PCURVE_S1.);
#5466 = CIRCLE('',#5467,3.8);
#5467 = AXIS2_PLACEMENT_3D('',#5468,#5469,#5470);
#5468 = CARTESIAN_POINT('',(145.,140.,10.));
#5469 = DIRECTION('',(-1.,0.,0.));
#5470 = DIRECTION('',(0.,0.,-1.));
#5471 = PCURVE('',#4894,#5472);
#5472 = DEFINITIONAL_REPRESENTATION('',(#5473),#5477);
#5473 = CIRCLE('',#5474,3.8);
#5474 = AXIS2_PLACEMENT_2D('',#5475,#5476);
#5475 = CARTESIAN_POINT('',(10.,120.));
#5476 = DIRECTION('',(-1.,0.));
#5477 = ( GEOMETRIC_REPRESENTATION_CONTEXT(2) 
PARAMETRIC_REPRESENTATION_CONTEXT() REPRESENTATION_CONTEXT('2D SPACE',''
  ) );
#5478 = PCURVE('',#5479,#5484);
#5479 = CONICAL_SURFACE('',#5480,3.85,0.785398163397);
#5480 = AXIS2_PLACEMENT_3D('',#5481,#5482,#5483);
#5481 = CARTESIAN_POINT('',(145.05,140.,10.));
#5482 = DIRECTION('',(1.,-0.,-0.));
#5483 = DIRECTION('',(0.,0.,-1.));
#5484 = DEFINITIONAL_REPRESENTATION('',(#5485),#5489);
#5485 = LINE('',#5486,#5487);
#5486 = CARTESIAN_POINT('',(-0.,-5.000000000001E-02));
#5487 = VECTOR('',#5488,1.);
#5488 = DIRECTION('',(-1.,-0.));
#5489 = ( GEOMETRIC_REPRESENTATION_CONTEXT(2) 
PARAMETRIC_REPRESENTATION_CONTEXT() REPRESENTATION_CONTEXT('2D SPACE',''
  ) );
#5490 = ADVANCED_FACE('',(#5491),#5024,.T.);
#5491 = FACE_BOUND('',#5492,.T.);
#5492 = EDGE_LOOP('',(#5493,#5494,#5495,#5496));
#5493 = ORIENTED_EDGE('',*,*,#5010,.F.);
#5494 = ORIENTED_EDGE('',*,*,#5407,.T.);
#5495 = ORIENTED_EDGE('',*,*,#5288,.T.);
#5496 = ORIENTED_EDGE('',*,*,#5146,.F.);
#5497 = ADVANCED_FACE('',(#5498),#5059,.F.);
#5498 = FACE_BOUND('',#5499,.T.);
#5499 = EDGE_LOOP('',(#5500,#5501,#5524,#5551));
#5500 = ORIENTED_EDGE('',*,*,#5038,.T.);
#5501 = ORIENTED_EDGE('',*,*,#5502,.T.);
#5502 = EDGE_CURVE('',#5039,#5503,#5505,.T.);
#5503 = VERTEX_POINT('',#5504);
#5504 = CARTESIAN_POINT('',(135.,41.05,26.25));
#5505 = SEAM_CURVE('',#5506,(#5510,#5517),.PCURVE_S1.);
#5506 = LINE('',#5507,#5508);
#5507 = CARTESIAN_POINT('',(135.,19.95,26.25));
#5508 = VECTOR('',#5509,1.);
#5509 = DIRECTION('',(0.,1.,0.));
#5510 = PCURVE('',#5059,#5511);
#5511 = DEFINITIONAL_REPRESENTATION('',(#5512),#5516);
#5512 = LINE('',#5513,#5514);
#5513 = CARTESIAN_POINT('',(-6.28318530718,0.));
#5514 = VECTOR('',#5515,1.);
#5515 = DIRECTION('',(-0.,-1.));
#5516 = ( GEOMETRIC_REPRESENTATION_CONTEXT(2) 
PARAMETRIC_REPRESENTATION_CONTEXT() REPRESENTATION_CONTEXT('2D SPACE',''
  ) );
#5517 = PCURVE('',#5059,#5518);
#5518 = DEFINITIONAL_REPRESENTATION('',(#5519),#5523);
#5519 = LINE('',#5520,#5521);
#5520 = CARTESIAN_POINT('',(-0.,0.));
#5521 = VECTOR('',#5522,1.);
#5522 = DIRECTION('',(-0.,-1.));
#5523 = ( GEOMETRIC_REPRESENTATION_CONTEXT(2) 
PARAMETRIC_REPRESENTATION_CONTEXT() REPRESENTATION_CONTEXT('2D SPACE',''
  ) );
#5524 = ORIENTED_EDGE('',*,*,#5525,.T.);
#5525 = EDGE_CURVE('',#5503,#5503,#5526,.T.);
#5526 = SURFACE_CURVE('',#5527,(#5532,#5539),.PCURVE_S1.);
#5527 = CIRCLE('',#5528,1.25);
#5528 = AXIS2_PLACEMENT_3D('',#5529,#5530,#5531);
#5529 = CARTESIAN_POINT('',(135.,41.05,25.));
#5530 = DIRECTION('',(0.,1.,0.));
#5531 = DIRECTION('',(0.,0.,1.));
#5532 = PCURVE('',#5059,#5533);
#5533 = DEFINITIONAL_REPRESENTATION('',(#5534),#5538);
#5534 = LINE('',#5535,#5536);
#5535 = CARTESIAN_POINT('',(-0.,-21.1));
#5536 = VECTOR('',#5537,1.);
#5537 = DIRECTION('',(-1.,0.));
#5538 = ( GEOMETRIC_REPRESENTATION_CONTEXT(2) 
PARAMETRIC_REPRESENTATION_CONTEXT() REPRESENTATION_CONTEXT('2D SPACE',''
  ) );
#5539 = PCURVE('',#5540,#5545);
#5540 = PLANE('',#5541);
#5541 = AXIS2_PLACEMENT_3D('',#5542,#5543,#5544);
#5542 = CARTESIAN_POINT('',(135.,41.05,25.));
#5543 = DIRECTION('',(0.,1.,0.));
#5544 = DIRECTION('',(0.,-0.,1.));
#5545 = DEFINITIONAL_REPRESENTATION('',(#5546),#5550);
#5546 = CIRCLE('',#5547,1.25);
#5547 = AXIS2_PLACEMENT_2D('',#5548,#5549);
#5548 = CARTESIAN_POINT('',(-3.552713678801E-15,-2.84217094304E-14));
#5549 = DIRECTION('',(1.,0.));
#5550 = ( GEOMETRIC_REPRESENTATION_CONTEXT(2) 
PARAMETRIC_REPRESENTATION_CONTEXT() REPRESENTATION_CONTEXT('2D SPACE',''
  ) );
#5551 = ORIENTED_EDGE('',*,*,#5502,.F.);
#5552 = ADVANCED_FACE('',(#5553),#5094,.F.);
#5553 = FACE_BOUND('',#5554,.T.);
#5554 = EDGE_LOOP('',(#5555,#5556,#5579,#5606));
#5555 = ORIENTED_EDGE('',*,*,#5073,.T.);
#5556 = ORIENTED_EDGE('',*,*,#5557,.T.);
#5557 = EDGE_CURVE('',#5074,#5558,#5560,.T.);
#5558 = VERTEX_POINT('',#5559);
#5559 = CARTESIAN_POINT('',(135.,41.05,141.25));
#5560 = SEAM_CURVE('',#5561,(#5565,#5572),.PCURVE_S1.);
#5561 = LINE('',#5562,#5563);
#5562 = CARTESIAN_POINT('',(135.,19.95,141.25));
#5563 = VECTOR('',#5564,1.);
#5564 = DIRECTION('',(0.,1.,0.));
#5565 = PCURVE('',#5094,#5566);
#5566 = DEFINITIONAL_REPRESENTATION('',(#5567),#5571);
#5567 = LINE('',#5568,#5569);
#5568 = CARTESIAN_POINT('',(-6.28318530718,0.));
#5569 = VECTOR('',#5570,1.);
#5570 = DIRECTION('',(-0.,-1.));
#5571 = ( GEOMETRIC_REPRESENTATION_CONTEXT(2) 
PARAMETRIC_REPRESENTATION_CONTEXT() REPRESENTATION_CONTEXT('2D SPACE',''
  ) );
#5572 = PCURVE('',#5094,#5573);
#5573 = DEFINITIONAL_REPRESENTATION('',(#5574),#5578);
#5574 = LINE('',#5575,#5576);
#5575 = CARTESIAN_POINT('',(-0.,0.));
#5576 = VECTOR('',#5577,1.);
#5577 = DIRECTION('',(-0.,-1.));
#5578 = ( GEOMETRIC_REPRESENTATION_CONTEXT(2) 
PARAMETRIC_REPRESENTATION_CONTEXT() REPRESENTATION_CONTEXT('2D SPACE',''
  ) );
#5579 = ORIENTED_EDGE('',*,*,#5580,.T.);
#5580 = EDGE_CURVE('',#5558,#5558,#5581,.T.);
#5581 = SURFACE_CURVE('',#5582,(#5587,#5594),.PCURVE_S1.);
#5582 = CIRCLE('',#5583,1.25);
#5583 = AXIS2_PLACEMENT_3D('',#5584,#5585,#5586);
#5584 = CARTESIAN_POINT('',(135.,41.05,140.));
#5585 = DIRECTION('',(0.,1.,0.));
#5586 = DIRECTION('',(0.,0.,1.));
#5587 = PCURVE('',#5094,#5588);
#5588 = DEFINITIONAL_REPRESENTATION('',(#5589),#5593);
#5589 = LINE('',#5590,#5591);
#5590 = CARTESIAN_POINT('',(-0.,-21.1));
#5591 = VECTOR('',#5592,1.);
#5592 = DIRECTION('',(-1.,0.));
#5593 = ( GEOMETRIC_REPRESENTATION_CONTEXT(2) 
PARAMETRIC_REPRESENTATION_CONTEXT() REPRESENTATION_CONTEXT('2D SPACE',''
  ) );
#5594 = PCURVE('',#5595,#5600);
#5595 = PLANE('',#5596);
#5596 = AXIS2_PLACEMENT_3D('',#5597,#5598,#5599);
#5597 = CARTESIAN_POINT('',(135.,41.05,140.));
#5598 = DIRECTION('',(0.,1.,0.));
#5599 = DIRECTION('',(0.,-0.,1.));
#5600 = DEFINITIONAL_REPRESENTATION('',(#5601),#5605);
#5601 = CIRCLE('',#5602,1.25);
#5602 = AXIS2_PLACEMENT_2D('',#5603,#5604);
#5603 = CARTESIAN_POINT('',(0.,-2.84217094304E-14));
#5604 = DIRECTION('',(1.,0.));
#5605 = ( GEOMETRIC_REPRESENTATION_CONTEXT(2) 
PARAMETRIC_REPRESENTATION_CONTEXT() REPRESENTATION_CONTEXT('2D SPACE',''
  ) );
#5606 = ORIENTED_EDGE('',*,*,#5557,.F.);
#5607 = ADVANCED_FACE('',(#5608),#5129,.F.);
#5608 = FACE_BOUND('',#5609,.T.);
#5609 = EDGE_LOOP('',(#5610,#5611,#5634,#5661));
#5610 = ORIENTED_EDGE('',*,*,#5108,.T.);
#5611 = ORIENTED_EDGE('',*,*,#5612,.T.);
#5612 = EDGE_CURVE('',#5109,#5613,#5615,.T.);
#5613 = VERTEX_POINT('',#5614);
#5614 = CARTESIAN_POINT('',(135.,41.05,256.25));
#5615 = SEAM_CURVE('',#5616,(#5620,#5627),.PCURVE_S1.);
#5616 = LINE('',#5617,#5618);
#5617 = CARTESIAN_POINT('',(135.,19.95,256.25));
#5618 = VECTOR('',#5619,1.);
#5619 = DIRECTION('',(0.,1.,0.));
#5620 = PCURVE('',#5129,#5621);
#5621 = DEFINITIONAL_REPRESENTATION('',(#5622),#5626);
#5622 = LINE('',#5623,#5624);
#5623 = CARTESIAN_POINT('',(-6.28318530718,0.));
#5624 = VECTOR('',#5625,1.);
#5625 = DIRECTION('',(-0.,-1.));
#5626 = ( GEOMETRIC_REPRESENTATION_CONTEXT(2) 
PARAMETRIC_REPRESENTATION_CONTEXT() REPRESENTATION_CONTEXT('2D SPACE',''
  ) );
#5627 = PCURVE('',#5129,#5628);
#5628 = DEFINITIONAL_REPRESENTATION('',(#5629),#5633);
#5629 = LINE('',#5630,#5631);
#5630 = CARTESIAN_POINT('',(-0.,0.));
#5631 = VECTOR('',#5632,1.);
#5632 = DIRECTION('',(-0.,-1.));
#5633 = ( GEOMETRIC_REPRESENTATION_CONTEXT(2) 
PARAMETRIC_REPRESENTATION_CONTEXT() REPRESENTATION_CONTEXT('2D SPACE',''
  ) );
#5634 = ORIENTED_EDGE('',*,*,#5635,.T.);
#5635 = EDGE_CURVE('',#5613,#5613,#5636,.T.);
#5636 = SURFACE_CURVE('',#5637,(#5642,#5649),.PCURVE_S1.);
#5637 = CIRCLE('',#5638,1.25);
#5638 = AXIS2_PLACEMENT_3D('',#5639,#5640,#5641);
#5639 = CARTESIAN_POINT('',(135.,41.05,255.));
#5640 = DIRECTION('',(0.,1.,0.));
#5641 = DIRECTION('',(0.,0.,1.));
#5642 = PCURVE('',#5129,#5643);
#5643 = DEFINITIONAL_REPRESENTATION('',(#5644),#5648);
#5644 = LINE('',#5645,#5646);
#5645 = CARTESIAN_POINT('',(-0.,-21.1));
#5646 = VECTOR('',#5647,1.);
#5647 = DIRECTION('',(-1.,0.));
#5648 = ( GEOMETRIC_REPRESENTATION_CONTEXT(2) 
PARAMETRIC_REPRESENTATION_CONTEXT() REPRESENTATION_CONTEXT('2D SPACE',''
  ) );
#5649 = PCURVE('',#5650,#5655);
#5650 = PLANE('',#5651);
#5651 = AXIS2_PLACEMENT_3D('',#5652,#5653,#5654);
#5652 = CARTESIAN_POINT('',(135.,41.05,255.));
#5653 = DIRECTION('',(0.,1.,0.));
#5654 = DIRECTION('',(0.,-0.,1.));
#5655 = DEFINITIONAL_REPRESENTATION('',(#5656),#5660);
#5656 = CIRCLE('',#5657,1.25);
#5657 = AXIS2_PLACEMENT_2D('',#5658,#5659);
#5658 = CARTESIAN_POINT('',(0.,-2.84217094304E-14));
#5659 = DIRECTION('',(1.,0.));
#5660 = ( GEOMETRIC_REPRESENTATION_CONTEXT(2) 
PARAMETRIC_REPRESENTATION_CONTEXT() REPRESENTATION_CONTEXT('2D SPACE',''
  ) );
#5661 = ORIENTED_EDGE('',*,*,#5612,.F.);
#5662 = ADVANCED_FACE('',(#5663),#5213,.F.);
#5663 = FACE_BOUND('',#5664,.T.);
#5664 = EDGE_LOOP('',(#5665,#5688,#5712,#5734,#5735));
#5665 = ORIENTED_EDGE('',*,*,#5666,.F.);
#5666 = EDGE_CURVE('',#5667,#5193,#5669,.T.);
#5667 = VERTEX_POINT('',#5668);
#5668 = CARTESIAN_POINT('',(142.45,46.25,10.));
#5669 = SEAM_CURVE('',#5670,(#5674,#5681),.PCURVE_S1.);
#5670 = LINE('',#5671,#5672);
#5671 = CARTESIAN_POINT('',(145.05,46.25,10.));
#5672 = VECTOR('',#5673,1.);
#5673 = DIRECTION('',(-1.,0.,0.));
#5674 = PCURVE('',#5213,#5675);
#5675 = DEFINITIONAL_REPRESENTATION('',(#5676),#5680);
#5676 = LINE('',#5677,#5678);
#5677 = CARTESIAN_POINT('',(-6.28318530718,0.));
#5678 = VECTOR('',#5679,1.);
#5679 = DIRECTION('',(-0.,-1.));
#5680 = ( GEOMETRIC_REPRESENTATION_CONTEXT(2) 
PARAMETRIC_REPRESENTATION_CONTEXT() REPRESENTATION_CONTEXT('2D SPACE',''
  ) );
#5681 = PCURVE('',#5213,#5682);
#5682 = DEFINITIONAL_REPRESENTATION('',(#5683),#5687);
#5683 = LINE('',#5684,#5685);
#5684 = CARTESIAN_POINT('',(-0.,0.));
#5685 = VECTOR('',#5686,1.);
#5686 = DIRECTION('',(-0.,-1.));
#5687 = ( GEOMETRIC_REPRESENTATION_CONTEXT(2) 
PARAMETRIC_REPRESENTATION_CONTEXT() REPRESENTATION_CONTEXT('2D SPACE',''
  ) );
#5688 = ORIENTED_EDGE('',*,*,#5689,.F.);
#5689 = EDGE_CURVE('',#5690,#5667,#5692,.T.);
#5690 = VERTEX_POINT('',#5691);
#5691 = CARTESIAN_POINT('',(142.45,45.,8.75));
#5692 = SURFACE_CURVE('',#5693,(#5698,#5705),.PCURVE_S1.);
#5693 = CIRCLE('',#5694,1.25);
#5694 = AXIS2_PLACEMENT_3D('',#5695,#5696,#5697);
#5695 = CARTESIAN_POINT('',(142.45,45.,10.));
#5696 = DIRECTION('',(-1.,0.,0.));
#5697 = DIRECTION('',(0.,0.,-1.));
#5698 = PCURVE('',#5213,#5699);
#5699 = DEFINITIONAL_REPRESENTATION('',(#5700),#5704);
#5700 = LINE('',#5701,#5702);
#5701 = CARTESIAN_POINT('',(-1.570796326795,-2.6));
#5702 = VECTOR('',#5703,1.);
#5703 = DIRECTION('',(-1.,0.));
#5704 = ( GEOMETRIC_REPRESENTATION_CONTEXT(2) 
PARAMETRIC_REPRESENTATION_CONTEXT() REPRESENTATION_CONTEXT('2D SPACE',''
  ) );
#5705 = PCURVE('',#5448,#5706);
#5706 = DEFINITIONAL_REPRESENTATION('',(#5707),#5711);
#5707 = LINE('',#5708,#5709);
#5708 = CARTESIAN_POINT('',(-0.,-2.6));
#5709 = VECTOR('',#5710,1.);
#5710 = DIRECTION('',(-1.,-0.));
#5711 = ( GEOMETRIC_REPRESENTATION_CONTEXT(2) 
PARAMETRIC_REPRESENTATION_CONTEXT() REPRESENTATION_CONTEXT('2D SPACE',''
  ) );
#5712 = ORIENTED_EDGE('',*,*,#5713,.F.);
#5713 = EDGE_CURVE('',#5667,#5690,#5714,.T.);
#5714 = SURFACE_CURVE('',#5715,(#5720,#5727),.PCURVE_S1.);
#5715 = CIRCLE('',#5716,1.25);
#5716 = AXIS2_PLACEMENT_3D('',#5717,#5718,#5719);
#5717 = CARTESIAN_POINT('',(142.45,45.,10.));
#5718 = DIRECTION('',(-1.,0.,0.));
#5719 = DIRECTION('',(0.,0.,-1.));
#5720 = PCURVE('',#5213,#5721);
#5721 = DEFINITIONAL_REPRESENTATION('',(#5722),#5726);
#5722 = LINE('',#5723,#5724);
#5723 = CARTESIAN_POINT('',(4.712388980385,-2.6));
#5724 = VECTOR('',#5725,1.);
#5725 = DIRECTION('',(-1.,0.));
#5726 = ( GEOMETRIC_REPRESENTATION_CONTEXT(2) 
PARAMETRIC_REPRESENTATION_CONTEXT() REPRESENTATION_CONTEXT('2D SPACE',''
  ) );
#5727 = PCURVE('',#5448,#5728);
#5728 = DEFINITIONAL_REPRESENTATION('',(#5729),#5733);
#5729 = LINE('',#5730,#5731);
#5730 = CARTESIAN_POINT('',(-0.,-2.6));
#5731 = VECTOR('',#5732,1.);
#5732 = DIRECTION('',(-1.,-0.));
#5733 = ( GEOMETRIC_REPRESENTATION_CONTEXT(2) 
PARAMETRIC_REPRESENTATION_CONTEXT() REPRESENTATION_CONTEXT('2D SPACE',''
  ) );
#5734 = ORIENTED_EDGE('',*,*,#5666,.T.);
#5735 = ORIENTED_EDGE('',*,*,#5192,.F.);
#5736 = ADVANCED_FACE('',(#5737),#5248,.F.);
#5737 = FACE_BOUND('',#5738,.T.);
#5738 = EDGE_LOOP('',(#5739,#5762,#5786,#5808,#5809));
#5739 = ORIENTED_EDGE('',*,*,#5740,.F.);
#5740 = EDGE_CURVE('',#5741,#5228,#5743,.T.);
#5741 = VERTEX_POINT('',#5742);
#5742 = CARTESIAN_POINT('',(142.45,141.25,10.));
#5743 = SEAM_CURVE('',#5744,(#5748,#5755),.PCURVE_S1.);
#5744 = LINE('',#5745,#5746);
#5745 = CARTESIAN_POINT('',(145.05,141.25,10.));
#5746 = VECTOR('',#5747,1.);
#5747 = DIRECTION('',(-1.,0.,0.));
#5748 = PCURVE('',#5248,#5749);
#5749 = DEFINITIONAL_REPRESENTATION('',(#5750),#5754);
#5750 = LINE('',#5751,#5752);
#5751 = CARTESIAN_POINT('',(-6.28318530718,0.));
#5752 = VECTOR('',#5753,1.);
#5753 = DIRECTION('',(-0.,-1.));
#5754 = ( GEOMETRIC_REPRESENTATION_CONTEXT(2) 
PARAMETRIC_REPRESENTATION_CONTEXT() REPRESENTATION_CONTEXT('2D SPACE',''
  ) );
#5755 = PCURVE('',#5248,#5756);
#5756 = DEFINITIONAL_REPRESENTATION('',(#5757),#5761);
#5757 = LINE('',#5758,#5759);
#5758 = CARTESIAN_POINT('',(-0.,0.));
#5759 = VECTOR('',#5760,1.);
#5760 = DIRECTION('',(-0.,-1.));
#5761 = ( GEOMETRIC_REPRESENTATION_CONTEXT(2) 
PARAMETRIC_REPRESENTATION_CONTEXT() REPRESENTATION_CONTEXT('2D SPACE',''
  ) );
#5762 = ORIENTED_EDGE('',*,*,#5763,.F.);
#5763 = EDGE_CURVE('',#5764,#5741,#5766,.T.);
#5764 = VERTEX_POINT('',#5765);
#5765 = CARTESIAN_POINT('',(142.45,140.,8.75));
#5766 = SURFACE_CURVE('',#5767,(#5772,#5779),.PCURVE_S1.);
#5767 = CIRCLE('',#5768,1.25);
#5768 = AXIS2_PLACEMENT_3D('',#5769,#5770,#5771);
#5769 = CARTESIAN_POINT('',(142.45,140.,10.));
#5770 = DIRECTION('',(-1.,0.,0.));
#5771 = DIRECTION('',(0.,0.,-1.));
#5772 = PCURVE('',#5248,#5773);
#5773 = DEFINITIONAL_REPRESENTATION('',(#5774),#5778);
#5774 = LINE('',#5775,#5776);
#5775 = CARTESIAN_POINT('',(-1.570796326795,-2.6));
#5776 = VECTOR('',#5777,1.);
#5777 = DIRECTION('',(-1.,0.));
#5778 = ( GEOMETRIC_REPRESENTATION_CONTEXT(2) 
PARAMETRIC_REPRESENTATION_CONTEXT() REPRESENTATION_CONTEXT('2D SPACE',''
  ) );
#5779 = PCURVE('',#5479,#5780);
#5780 = DEFINITIONAL_REPRESENTATION('',(#5781),#5785);
#5781 = LINE('',#5782,#5783);
#5782 = CARTESIAN_POINT('',(-0.,-2.6));
#5783 = VECTOR('',#5784,1.);
#5784 = DIRECTION('',(-1.,-0.));
#5785 = ( GEOMETRIC_REPRESENTATION_CONTEXT(2) 
PARAMETRIC_REPRESENTATION_CONTEXT() REPRESENTATION_CONTEXT('2D SPACE',''
  ) );
#5786 = ORIENTED_EDGE('',*,*,#5787,.F.);
#5787 = EDGE_CURVE('',#5741,#5764,#5788,.T.);
#5788 = SURFACE_CURVE('',#5789,(#5794,#5801),.PCURVE_S1.);
#5789 = CIRCLE('',#5790,1.25);
#5790 = AXIS2_PLACEMENT_3D('',#5791,#5792,#5793);
#5791 = CARTESIAN_POINT('',(142.45,140.,10.));
#5792 = DIRECTION('',(-1.,0.,0.));
#5793 = DIRECTION('',(0.,0.,-1.));
#5794 = PCURVE('',#5248,#5795);
#5795 = DEFINITIONAL_REPRESENTATION('',(#5796),#5800);
#5796 = LINE('',#5797,#5798);
#5797 = CARTESIAN_POINT('',(4.712388980385,-2.6));
#5798 = VECTOR('',#5799,1.);
#5799 = DIRECTION('',(-1.,0.));
#5800 = ( GEOMETRIC_REPRESENTATION_CONTEXT(2) 
PARAMETRIC_REPRESENTATION_CONTEXT() REPRESENTATION_CONTEXT('2D SPACE',''
  ) );
#5801 = PCURVE('',#5479,#5802);
#5802 = DEFINITIONAL_REPRESENTATION('',(#5803),#5807);
#5803 = LINE('',#5804,#5805);
#5804 = CARTESIAN_POINT('',(-0.,-2.6));
#5805 = VECTOR('',#5806,1.);
#5806 = DIRECTION('',(-1.,-0.));
#5807 = ( GEOMETRIC_REPRESENTATION_CONTEXT(2) 
PARAMETRIC_REPRESENTATION_CONTEXT() REPRESENTATION_CONTEXT('2D SPACE',''
  ) );
#5808 = ORIENTED_EDGE('',*,*,#5740,.T.);
#5809 = ORIENTED_EDGE('',*,*,#5227,.F.);
#5810 = ADVANCED_FACE('',(#5811),#5328,.F.);
#5811 = FACE_BOUND('',#5812,.T.);
#5812 = EDGE_LOOP('',(#5813,#5814,#5837,#5864));
#5813 = ORIENTED_EDGE('',*,*,#5311,.T.);
#5814 = ORIENTED_EDGE('',*,*,#5815,.T.);
#5815 = EDGE_CURVE('',#5312,#5816,#5818,.T.);
#5816 = VERTEX_POINT('',#5817);
#5817 = CARTESIAN_POINT('',(135.,143.95,26.25));
#5818 = SEAM_CURVE('',#5819,(#5823,#5830),.PCURVE_S1.);
#5819 = LINE('',#5820,#5821);
#5820 = CARTESIAN_POINT('',(135.,165.05,26.25));
#5821 = VECTOR('',#5822,1.);
#5822 = DIRECTION('',(0.,-1.,0.));
#5823 = PCURVE('',#5328,#5824);
#5824 = DEFINITIONAL_REPRESENTATION('',(#5825),#5829);
#5825 = LINE('',#5826,#5827);
#5826 = CARTESIAN_POINT('',(-6.28318530718,0.));
#5827 = VECTOR('',#5828,1.);
#5828 = DIRECTION('',(-0.,-1.));
#5829 = ( GEOMETRIC_REPRESENTATION_CONTEXT(2) 
PARAMETRIC_REPRESENTATION_CONTEXT() REPRESENTATION_CONTEXT('2D SPACE',''
  ) );
#5830 = PCURVE('',#5328,#5831);
#5831 = DEFINITIONAL_REPRESENTATION('',(#5832),#5836);
#5832 = LINE('',#5833,#5834);
#5833 = CARTESIAN_POINT('',(-0.,0.));
#5834 = VECTOR('',#5835,1.);
#5835 = DIRECTION('',(-0.,-1.));
#5836 = ( GEOMETRIC_REPRESENTATION_CONTEXT(2) 
PARAMETRIC_REPRESENTATION_CONTEXT() REPRESENTATION_CONTEXT('2D SPACE',''
  ) );
#5837 = ORIENTED_EDGE('',*,*,#5838,.T.);
#5838 = EDGE_CURVE('',#5816,#5816,#5839,.T.);
#5839 = SURFACE_CURVE('',#5840,(#5845,#5852),.PCURVE_S1.);
#5840 = CIRCLE('',#5841,1.25);
#5841 = AXIS2_PLACEMENT_3D('',#5842,#5843,#5844);
#5842 = CARTESIAN_POINT('',(135.,143.95,25.));
#5843 = DIRECTION('',(0.,-1.,0.));
#5844 = DIRECTION('',(0.,0.,1.));
#5845 = PCURVE('',#5328,#5846);
#5846 = DEFINITIONAL_REPRESENTATION('',(#5847),#5851);
#5847 = LINE('',#5848,#5849);
#5848 = CARTESIAN_POINT('',(-0.,-21.1));
#5849 = VECTOR('',#5850,1.);
#5850 = DIRECTION('',(-1.,0.));
#5851 = ( GEOMETRIC_REPRESENTATION_CONTEXT(2) 
PARAMETRIC_REPRESENTATION_CONTEXT() REPRESENTATION_CONTEXT('2D SPACE',''
  ) );
#5852 = PCURVE('',#5853,#5858);
#5853 = PLANE('',#5854);
#5854 = AXIS2_PLACEMENT_3D('',#5855,#5856,#5857);
#5855 = CARTESIAN_POINT('',(135.,143.95,25.));
#5856 = DIRECTION('',(-0.,-1.,-0.));
#5857 = DIRECTION('',(0.,0.,-1.));
#5858 = DEFINITIONAL_REPRESENTATION('',(#5859),#5863);
#5859 = CIRCLE('',#5860,1.25);
#5860 = AXIS2_PLACEMENT_2D('',#5861,#5862);
#5861 = CARTESIAN_POINT('',(3.552713678801E-15,0.));
#5862 = DIRECTION('',(-1.,0.));
#5863 = ( GEOMETRIC_REPRESENTATION_CONTEXT(2) 
PARAMETRIC_REPRESENTATION_CONTEXT() REPRESENTATION_CONTEXT('2D SPACE',''
  ) );
#5864 = ORIENTED_EDGE('',*,*,#5815,.F.);
#5865 = ADVANCED_FACE('',(#5866),#5359,.F.);
#5866 = FACE_BOUND('',#5867,.T.);
#5867 = EDGE_LOOP('',(#5868,#5869,#5892,#5919));
#5868 = ORIENTED_EDGE('',*,*,#5342,.T.);
#5869 = ORIENTED_EDGE('',*,*,#5870,.T.);
#5870 = EDGE_CURVE('',#5343,#5871,#5873,.T.);
#5871 = VERTEX_POINT('',#5872);
#5872 = CARTESIAN_POINT('',(135.,143.95,141.25));
#5873 = SEAM_CURVE('',#5874,(#5878,#5885),.PCURVE_S1.);
#5874 = LINE('',#5875,#5876);
#5875 = CARTESIAN_POINT('',(135.,165.05,141.25));
#5876 = VECTOR('',#5877,1.);
#5877 = DIRECTION('',(0.,-1.,0.));
#5878 = PCURVE('',#5359,#5879);
#5879 = DEFINITIONAL_REPRESENTATION('',(#5880),#5884);
#5880 = LINE('',#5881,#5882);
#5881 = CARTESIAN_POINT('',(-6.28318530718,0.));
#5882 = VECTOR('',#5883,1.);
#5883 = DIRECTION('',(-0.,-1.));
#5884 = ( GEOMETRIC_REPRESENTATION_CONTEXT(2) 
PARAMETRIC_REPRESENTATION_CONTEXT() REPRESENTATION_CONTEXT('2D SPACE',''
  ) );
#5885 = PCURVE('',#5359,#5886);
#5886 = DEFINITIONAL_REPRESENTATION('',(#5887),#5891);
#5887 = LINE('',#5888,#5889);
#5888 = CARTESIAN_POINT('',(-0.,0.));
#5889 = VECTOR('',#5890,1.);
#5890 = DIRECTION('',(-0.,-1.));
#5891 = ( GEOMETRIC_REPRESENTATION_CONTEXT(2) 
PARAMETRIC_REPRESENTATION_CONTEXT() REPRESENTATION_CONTEXT('2D SPACE',''
  ) );
#5892 = ORIENTED_EDGE('',*,*,#5893,.T.);
#5893 = EDGE_CURVE('',#5871,#5871,#5894,.T.);
#5894 = SURFACE_CURVE('',#5895,(#5900,#5907),.PCURVE_S1.);
#5895 = CIRCLE('',#5896,1.25);
#5896 = AXIS2_PLACEMENT_3D('',#5897,#5898,#5899);
#5897 = CARTESIAN_POINT('',(135.,143.95,140.));
#5898 = DIRECTION('',(0.,-1.,0.));
#5899 = DIRECTION('',(0.,0.,1.));
#5900 = PCURVE('',#5359,#5901);
#5901 = DEFINITIONAL_REPRESENTATION('',(#5902),#5906);
#5902 = LINE('',#5903,#5904);
#5903 = CARTESIAN_POINT('',(-0.,-21.1));
#5904 = VECTOR('',#5905,1.);
#5905 = DIRECTION('',(-1.,0.));
#5906 = ( GEOMETRIC_REPRESENTATION_CONTEXT(2) 
PARAMETRIC_REPRESENTATION_CONTEXT() REPRESENTATION_CONTEXT('2D SPACE',''
  ) );
#5907 = PCURVE('',#5908,#5913);
#5908 = PLANE('',#5909);
#5909 = AXIS2_PLACEMENT_3D('',#5910,#5911,#5912);
#5910 = CARTESIAN_POINT('',(135.,143.95,140.));
#5911 = DIRECTION('',(-0.,-1.,-0.));
#5912 = DIRECTION('',(0.,0.,-1.));
#5913 = DEFINITIONAL_REPRESENTATION('',(#5914),#5918);
#5914 = CIRCLE('',#5915,1.25);
#5915 = AXIS2_PLACEMENT_2D('',#5916,#5917);
#5916 = CARTESIAN_POINT('',(0.,0.));
#5917 = DIRECTION('',(-1.,0.));
#5918 = ( GEOMETRIC_REPRESENTATION_CONTEXT(2) 
PARAMETRIC_REPRESENTATION_CONTEXT() REPRESENTATION_CONTEXT('2D SPACE',''
  ) );
#5919 = ORIENTED_EDGE('',*,*,#5870,.F.);
#5920 = ADVANCED_FACE('',(#5921),#5390,.F.);
#5921 = FACE_BOUND('',#5922,.T.);
#5922 = EDGE_LOOP('',(#5923,#5924,#5947,#5974));
#5923 = ORIENTED_EDGE('',*,*,#5373,.T.);
#5924 = ORIENTED_EDGE('',*,*,#5925,.T.);
#5925 = EDGE_CURVE('',#5374,#5926,#5928,.T.);
#5926 = VERTEX_POINT('',#5927);
#5927 = CARTESIAN_POINT('',(135.,143.95,256.25));
#5928 = SEAM_CURVE('',#5929,(#5933,#5940),.PCURVE_S1.);
#5929 = LINE('',#5930,#5931);
#5930 = CARTESIAN_POINT('',(135.,165.05,256.25));
#5931 = VECTOR('',#5932,1.);
#5932 = DIRECTION('',(0.,-1.,0.));
#5933 = PCURVE('',#5390,#5934);
#5934 = DEFINITIONAL_REPRESENTATION('',(#5935),#5939);
#5935 = LINE('',#5936,#5937);
#5936 = CARTESIAN_POINT('',(-6.28318530718,0.));
#5937 = VECTOR('',#5938,1.);
#5938 = DIRECTION('',(-0.,-1.));
#5939 = ( GEOMETRIC_REPRESENTATION_CONTEXT(2) 
PARAMETRIC_REPRESENTATION_CONTEXT() REPRESENTATION_CONTEXT('2D SPACE',''
  ) );
#5940 = PCURVE('',#5390,#5941);
#5941 = DEFINITIONAL_REPRESENTATION('',(#5942),#5946);
#5942 = LINE('',#5943,#5944);
#5943 = CARTESIAN_POINT('',(-0.,0.));
#5944 = VECTOR('',#5945,1.);
#5945 = DIRECTION('',(-0.,-1.));
#5946 = ( GEOMETRIC_REPRESENTATION_CONTEXT(2) 
PARAMETRIC_REPRESENTATION_CONTEXT() REPRESENTATION_CONTEXT('2D SPACE',''
  ) );
#5947 = ORIENTED_EDGE('',*,*,#5948,.T.);
#5948 = EDGE_CURVE('',#5926,#5926,#5949,.T.);
#5949 = SURFACE_CURVE('',#5950,(#5955,#5962),.PCURVE_S1.);
#5950 = CIRCLE('',#5951,1.25);
#5951 = AXIS2_PLACEMENT_3D('',#5952,#5953,#5954);
#5952 = CARTESIAN_POINT('',(135.,143.95,255.));
#5953 = DIRECTION('',(0.,-1.,0.));
#5954 = DIRECTION('',(0.,0.,1.));
#5955 = PCURVE('',#5390,#5956);
#5956 = DEFINITIONAL_REPRESENTATION('',(#5957),#5961);
#5957 = LINE('',#5958,#5959);
#5958 = CARTESIAN_POINT('',(-0.,-21.1));
#5959 = VECTOR('',#5960,1.);
#5960 = DIRECTION('',(-1.,0.));
#5961 = ( GEOMETRIC_REPRESENTATION_CONTEXT(2) 
PARAMETRIC_REPRESENTATION_CONTEXT() REPRESENTATION_CONTEXT('2D SPACE',''
  ) );
#5962 = PCURVE('',#5963,#5968);
#5963 = PLANE('',#5964);
#5964 = AXIS2_PLACEMENT_3D('',#5965,#5966,#5967);
#5965 = CARTESIAN_POINT('',(135.,143.95,255.));
#5966 = DIRECTION('',(-0.,-1.,-0.));
#5967 = DIRECTION('',(0.,0.,-1.));
#5968 = DEFINITIONAL_REPRESENTATION('',(#5969),#5973);
#5969 = CIRCLE('',#5970,1.25);
#5970 = AXIS2_PLACEMENT_2D('',#5971,#5972);
#5971 = CARTESIAN_POINT('',(0.,0.));
#5972 = DIRECTION('',(-1.,0.));
#5973 = ( GEOMETRIC_REPRESENTATION_CONTEXT(2) 
PARAMETRIC_REPRESENTATION_CONTEXT() REPRESENTATION_CONTEXT('2D SPACE',''
  ) );
#5974 = ORIENTED_EDGE('',*,*,#5925,.F.);
#5975 = ADVANCED_FACE('',(#5976),#5448,.F.);
#5976 = FACE_BOUND('',#5977,.F.);
#5977 = EDGE_LOOP('',(#5978,#5979,#6000,#6001,#6002));
#5978 = ORIENTED_EDGE('',*,*,#5431,.T.);
#5979 = ORIENTED_EDGE('',*,*,#5980,.T.);
#5980 = EDGE_CURVE('',#5432,#5690,#5981,.T.);
#5981 = SEAM_CURVE('',#5982,(#5986,#5993),.PCURVE_S1.);
#5982 = LINE('',#5983,#5984);
#5983 = CARTESIAN_POINT('',(145.05,45.,6.15));
#5984 = VECTOR('',#5985,1.);
#5985 = DIRECTION('',(-0.707106781187,-1.731912112471E-16,0.707106781187
    ));
#5986 = PCURVE('',#5448,#5987);
#5987 = DEFINITIONAL_REPRESENTATION('',(#5988),#5992);
#5988 = LINE('',#5989,#5990);
#5989 = CARTESIAN_POINT('',(0.,-0.));
#5990 = VECTOR('',#5991,1.);
#5991 = DIRECTION('',(-0.,-1.));
#5992 = ( GEOMETRIC_REPRESENTATION_CONTEXT(2) 
PARAMETRIC_REPRESENTATION_CONTEXT() REPRESENTATION_CONTEXT('2D SPACE',''
  ) );
#5993 = PCURVE('',#5448,#5994);
#5994 = DEFINITIONAL_REPRESENTATION('',(#5995),#5999);
#5995 = LINE('',#5996,#5997);
#5996 = CARTESIAN_POINT('',(-6.28318530718,0.));
#5997 = VECTOR('',#5998,1.);
#5998 = DIRECTION('',(-0.,-1.));
#5999 = ( GEOMETRIC_REPRESENTATION_CONTEXT(2) 
PARAMETRIC_REPRESENTATION_CONTEXT() REPRESENTATION_CONTEXT('2D SPACE',''
  ) );
#6000 = ORIENTED_EDGE('',*,*,#5713,.F.);
#6001 = ORIENTED_EDGE('',*,*,#5689,.F.);
#6002 = ORIENTED_EDGE('',*,*,#5980,.F.);
#6003 = ADVANCED_FACE('',(#6004),#5479,.F.);
#6004 = FACE_BOUND('',#6005,.F.);
#6005 = EDGE_LOOP('',(#6006,#6007,#6028,#6029,#6030));
#6006 = ORIENTED_EDGE('',*,*,#5462,.T.);
#6007 = ORIENTED_EDGE('',*,*,#6008,.T.);
#6008 = EDGE_CURVE('',#5463,#5764,#6009,.T.);
#6009 = SEAM_CURVE('',#6010,(#6014,#6021),.PCURVE_S1.);
#6010 = LINE('',#6011,#6012);
#6011 = CARTESIAN_POINT('',(145.05,140.,6.15));
#6012 = VECTOR('',#6013,1.);
#6013 = DIRECTION('',(-0.707106781187,-1.731912112471E-16,0.707106781187
    ));
#6014 = PCURVE('',#5479,#6015);
#6015 = DEFINITIONAL_REPRESENTATION('',(#6016),#6020);
#6016 = LINE('',#6017,#6018);
#6017 = CARTESIAN_POINT('',(0.,-0.));
#6018 = VECTOR('',#6019,1.);
#6019 = DIRECTION('',(-0.,-1.));
#6020 = ( GEOMETRIC_REPRESENTATION_CONTEXT(2) 
PARAMETRIC_REPRESENTATION_CONTEXT() REPRESENTATION_CONTEXT('2D SPACE',''
  ) );
#6021 = PCURVE('',#5479,#6022);
#6022 = DEFINITIONAL_REPRESENTATION('',(#6023),#6027);
#6023 = LINE('',#6024,#6025);
#6024 = CARTESIAN_POINT('',(-6.28318530718,0.));
#6025 = VECTOR('',#6026,1.);
#6026 = DIRECTION('',(-0.,-1.));
#6027 = ( GEOMETRIC_REPRESENTATION_CONTEXT(2) 
PARAMETRIC_REPRESENTATION_CONTEXT() REPRESENTATION_CONTEXT('2D SPACE',''
  ) );
#6028 = ORIENTED_EDGE('',*,*,#5787,.F.);
#6029 = ORIENTED_EDGE('',*,*,#5763,.F.);
#6030 = ORIENTED_EDGE('',*,*,#6008,.F.);
#6031 = ADVANCED_FACE('',(#6032),#5540,.F.);
#6032 = FACE_BOUND('',#6033,.F.);
#6033 = EDGE_LOOP('',(#6034));
#6034 = ORIENTED_EDGE('',*,*,#5525,.T.);
#6035 = ADVANCED_FACE('',(#6036),#5595,.F.);
#6036 = FACE_BOUND('',#6037,.F.);
#6037 = EDGE_LOOP('',(#6038));
#6038 = ORIENTED_EDGE('',*,*,#5580,.T.);
#6039 = ADVANCED_FACE('',(#6040),#5650,.F.);
#6040 = FACE_BOUND('',#6041,.F.);
#6041 = EDGE_LOOP('',(#6042));
#6042 = ORIENTED_EDGE('',*,*,#5635,.T.);
#6043 = ADVANCED_FACE('',(#6044),#5853,.F.);
#6044 = FACE_BOUND('',#6045,.F.);
#6045 = EDGE_LOOP('',(#6046));
#6046 = ORIENTED_EDGE('',*,*,#5838,.T.);
#6047 = ADVANCED_FACE('',(#6048),#5908,.F.);
#6048 = FACE_BOUND('',#6049,.F.);
#6049 = EDGE_LOOP('',(#6050));
#6050 = ORIENTED_EDGE('',*,*,#5893,.T.);
#6051 = ADVANCED_FACE('',(#6052),#5963,.F.);
#6052 = FACE_BOUND('',#6053,.F.);
#6053 = EDGE_LOOP('',(#6054));
#6054 = ORIENTED_EDGE('',*,*,#5948,.T.);
#6055 = ( GEOMETRIC_REPRESENTATION_CONTEXT(3) 
GLOBAL_UNCERTAINTY_ASSIGNED_CONTEXT((#6059)) 
GLOBAL_UNIT_ASSIGNED_CONTEXT((#6056,#6057,#6058)) REPRESENTATION_CONTEXT
('Context #1','3D Context with UNIT and UNCERTAINTY') );
#6056 = ( LENGTH_UNIT() NAMED_UNIT(*) SI_UNIT(.MILLI.,.METRE.) );
#6057 = ( NAMED_UNIT(*) PLANE_ANGLE_UNIT() SI_UNIT($,.RADIAN.) );
#6058 = ( NAMED_UNIT(*) SI_UNIT($,.STERADIAN.) SOLID_ANGLE_UNIT() );
#6059 = UNCERTAINTY_MEASURE_WITH_UNIT(LENGTH_MEASURE(1.E-07),#6056,
  'distance_accuracy_value','confusion accuracy');
#6060 = CONTEXT_DEPENDENT_SHAPE_REPRESENTATION(#6061,#6063);
#6061 = ( REPRESENTATION_RELATIONSHIP('','',#4836,#10) 
REPRESENTATION_RELATIONSHIP_WITH_TRANSFORMATION(#6062) 
SHAPE_REPRESENTATION_RELATIONSHIP() );
#6062 = ITEM_DEFINED_TRANSFORMATION('','',#11,#27);
#6063 = PRODUCT_DEFINITION_SHAPE('Placement','Placement of an item',
  #6064);
#6064 = NEXT_ASSEMBLY_USAGE_OCCURRENCE('4','side_2','',#5,#4831,$);
#6065 = PRODUCT_RELATED_PRODUCT_CATEGORY('part',$,(#4833));
#6066 = SHAPE_DEFINITION_REPRESENTATION(#6067,#6073);
#6067 = PRODUCT_DEFINITION_SHAPE('','',#6068);
#6068 = PRODUCT_DEFINITION('design','',#6069,#6072);
#6069 = PRODUCT_DEFINITION_FORMATION('','',#6070);
#6070 = PRODUCT('bottom','bottom','',(#6071));
#6071 = PRODUCT_CONTEXT('',#2,'mechanical');
#6072 = PRODUCT_DEFINITION_CONTEXT('part definition',#2,'design');
#6073 = ADVANCED_BREP_SHAPE_REPRESENTATION('',(#11,#6074),#6772);
#6074 = MANIFOLD_SOLID_BREP('',#6075);
#6075 = CLOSED_SHELL('',(#6076,#6196,#6342,#6391,#6502,#6529,#6536,#6591
    ,#6646,#6701,#6756,#6760,#6764,#6768));
#6076 = ADVANCED_FACE('',(#6077),#6091,.F.);
#6077 = FACE_BOUND('',#6078,.F.);
#6078 = EDGE_LOOP('',(#6079,#6114,#6142,#6170));
#6079 = ORIENTED_EDGE('',*,*,#6080,.F.);
#6080 = EDGE_CURVE('',#6081,#6083,#6085,.T.);
#6081 = VERTEX_POINT('',#6082);
#6082 = CARTESIAN_POINT('',(20.,20.,20.));
#6083 = VERTEX_POINT('',#6084);
#6084 = CARTESIAN_POINT('',(20.,20.,0.));
#6085 = SURFACE_CURVE('',#6086,(#6090,#6102),.PCURVE_S1.);
#6086 = LINE('',#6087,#6088);
#6087 = CARTESIAN_POINT('',(20.,20.,20.));
#6088 = VECTOR('',#6089,1.);
#6089 = DIRECTION('',(0.,0.,-1.));
#6090 = PCURVE('',#6091,#6096);
#6091 = PLANE('',#6092);
#6092 = AXIS2_PLACEMENT_3D('',#6093,#6094,#6095);
#6093 = CARTESIAN_POINT('',(20.,20.,20.));
#6094 = DIRECTION('',(0.,1.,0.));
#6095 = DIRECTION('',(0.,0.,-1.));
#6096 = DEFINITIONAL_REPRESENTATION('',(#6097),#6101);
#6097 = LINE('',#6098,#6099);
#6098 = CARTESIAN_POINT('',(0.,0.));
#6099 = VECTOR('',#6100,1.);
#6100 = DIRECTION('',(1.,0.));
#6101 = ( GEOMETRIC_REPRESENTATION_CONTEXT(2) 
PARAMETRIC_REPRESENTATION_CONTEXT() REPRESENTATION_CONTEXT('2D SPACE',''
  ) );
#6102 = PCURVE('',#6103,#6108);
#6103 = PLANE('',#6104);
#6104 = AXIS2_PLACEMENT_3D('',#6105,#6106,#6107);
#6105 = CARTESIAN_POINT('',(20.,20.,20.));
#6106 = DIRECTION('',(1.,0.,0.));
#6107 = DIRECTION('',(0.,0.,-1.));
#6108 = DEFINITIONAL_REPRESENTATION('',(#6109),#6113);
#6109 = LINE('',#6110,#6111);
#6110 = CARTESIAN_POINT('',(0.,0.));
#6111 = VECTOR('',#6112,1.);
#6112 = DIRECTION('',(1.,0.));
#6113 = ( GEOMETRIC_REPRESENTATION_CONTEXT(2) 
PARAMETRIC_REPRESENTATION_CONTEXT() REPRESENTATION_CONTEXT('2D SPACE',''
  ) );
#6114 = ORIENTED_EDGE('',*,*,#6115,.T.);
#6115 = EDGE_CURVE('',#6081,#6116,#6118,.T.);
#6116 = VERTEX_POINT('',#6117);
#6117 = CARTESIAN_POINT('',(125.,20.,20.));
#6118 = SURFACE_CURVE('',#6119,(#6123,#6130),.PCURVE_S1.);
#6119 = LINE('',#6120,#6121);
#6120 = CARTESIAN_POINT('',(20.,20.,20.));
#6121 = VECTOR('',#6122,1.);
#6122 = DIRECTION('',(1.,0.,0.));
#6123 = PCURVE('',#6091,#6124);
#6124 = DEFINITIONAL_REPRESENTATION('',(#6125),#6129);
#6125 = LINE('',#6126,#6127);
#6126 = CARTESIAN_POINT('',(0.,0.));
#6127 = VECTOR('',#6128,1.);
#6128 = DIRECTION('',(0.,-1.));
#6129 = ( GEOMETRIC_REPRESENTATION_CONTEXT(2) 
PARAMETRIC_REPRESENTATION_CONTEXT() REPRESENTATION_CONTEXT('2D SPACE',''
  ) );
#6130 = PCURVE('',#6131,#6136);
#6131 = PLANE('',#6132);
#6132 = AXIS2_PLACEMENT_3D('',#6133,#6134,#6135);
#6133 = CARTESIAN_POINT('',(20.,20.,20.));
#6134 = DIRECTION('',(0.,0.,-1.));
#6135 = DIRECTION('',(0.,1.,0.));
#6136 = DEFINITIONAL_REPRESENTATION('',(#6137),#6141);
#6137 = LINE('',#6138,#6139);
#6138 = CARTESIAN_POINT('',(0.,0.));
#6139 = VECTOR('',#6140,1.);
#6140 = DIRECTION('',(0.,1.));
#6141 = ( GEOMETRIC_REPRESENTATION_CONTEXT(2) 
PARAMETRIC_REPRESENTATION_CONTEXT() REPRESENTATION_CONTEXT('2D SPACE',''
  ) );
#6142 = ORIENTED_EDGE('',*,*,#6143,.T.);
#6143 = EDGE_CURVE('',#6116,#6144,#6146,.T.);
#6144 = VERTEX_POINT('',#6145);
#6145 = CARTESIAN_POINT('',(125.,20.,0.));
#6146 = SURFACE_CURVE('',#6147,(#6151,#6158),.PCURVE_S1.);
#6147 = LINE('',#6148,#6149);
#6148 = CARTESIAN_POINT('',(125.,20.,20.));
#6149 = VECTOR('',#6150,1.);
#6150 = DIRECTION('',(0.,0.,-1.));
#6151 = PCURVE('',#6091,#6152);
#6152 = DEFINITIONAL_REPRESENTATION('',(#6153),#6157);
#6153 = LINE('',#6154,#6155);
#6154 = CARTESIAN_POINT('',(0.,-105.));
#6155 = VECTOR('',#6156,1.);
#6156 = DIRECTION('',(1.,0.));
#6157 = ( GEOMETRIC_REPRESENTATION_CONTEXT(2) 
PARAMETRIC_REPRESENTATION_CONTEXT() REPRESENTATION_CONTEXT('2D SPACE',''
  ) );
#6158 = PCURVE('',#6159,#6164);
#6159 = PLANE('',#6160);
#6160 = AXIS2_PLACEMENT_3D('',#6161,#6162,#6163);
#6161 = CARTESIAN_POINT('',(125.,20.,20.));
#6162 = DIRECTION('',(1.,0.,0.));
#6163 = DIRECTION('',(0.,0.,-1.));
#6164 = DEFINITIONAL_REPRESENTATION('',(#6165),#6169);
#6165 = LINE('',#6166,#6167);
#6166 = CARTESIAN_POINT('',(0.,0.));
#6167 = VECTOR('',#6168,1.);
#6168 = DIRECTION('',(1.,0.));
#6169 = ( GEOMETRIC_REPRESENTATION_CONTEXT(2) 
PARAMETRIC_REPRESENTATION_CONTEXT() REPRESENTATION_CONTEXT('2D SPACE',''
  ) );
#6170 = ORIENTED_EDGE('',*,*,#6171,.F.);
#6171 = EDGE_CURVE('',#6083,#6144,#6172,.T.);
#6172 = SURFACE_CURVE('',#6173,(#6177,#6184),.PCURVE_S1.);
#6173 = LINE('',#6174,#6175);
#6174 = CARTESIAN_POINT('',(20.,20.,0.));
#6175 = VECTOR('',#6176,1.);
#6176 = DIRECTION('',(1.,0.,0.));
#6177 = PCURVE('',#6091,#6178);
#6178 = DEFINITIONAL_REPRESENTATION('',(#6179),#6183);
#6179 = LINE('',#6180,#6181);
#6180 = CARTESIAN_POINT('',(20.,0.));
#6181 = VECTOR('',#6182,1.);
#6182 = DIRECTION('',(0.,-1.));
#6183 = ( GEOMETRIC_REPRESENTATION_CONTEXT(2) 
PARAMETRIC_REPRESENTATION_CONTEXT() REPRESENTATION_CONTEXT('2D SPACE',''
  ) );
#6184 = PCURVE('',#6185,#6190);
#6185 = PLANE('',#6186);
#6186 = AXIS2_PLACEMENT_3D('',#6187,#6188,#6189);
#6187 = CARTESIAN_POINT('',(20.,20.,0.));
#6188 = DIRECTION('',(0.,0.,-1.));
#6189 = DIRECTION('',(0.,1.,0.));
#6190 = DEFINITIONAL_REPRESENTATION('',(#6191),#6195);
#6191 = LINE('',#6192,#6193);
#6192 = CARTESIAN_POINT('',(0.,0.));
#6193 = VECTOR('',#6194,1.);
#6194 = DIRECTION('',(0.,1.));
#6195 = ( GEOMETRIC_REPRESENTATION_CONTEXT(2) 
PARAMETRIC_REPRESENTATION_CONTEXT() REPRESENTATION_CONTEXT('2D SPACE',''
  ) );
#6196 = ADVANCED_FACE('',(#6197,#6272,#6307),#6103,.F.);
#6197 = FACE_BOUND('',#6198,.F.);
#6198 = EDGE_LOOP('',(#6199,#6222,#6223,#6246));
#6199 = ORIENTED_EDGE('',*,*,#6200,.F.);
#6200 = EDGE_CURVE('',#6081,#6201,#6203,.T.);
#6201 = VERTEX_POINT('',#6202);
#6202 = CARTESIAN_POINT('',(20.,165.,20.));
#6203 = SURFACE_CURVE('',#6204,(#6208,#6215),.PCURVE_S1.);
#6204 = LINE('',#6205,#6206);
#6205 = CARTESIAN_POINT('',(20.,20.,20.));
#6206 = VECTOR('',#6207,1.);
#6207 = DIRECTION('',(0.,1.,0.));
#6208 = PCURVE('',#6103,#6209);
#6209 = DEFINITIONAL_REPRESENTATION('',(#6210),#6214);
#6210 = LINE('',#6211,#6212);
#6211 = CARTESIAN_POINT('',(0.,0.));
#6212 = VECTOR('',#6213,1.);
#6213 = DIRECTION('',(0.,1.));
#6214 = ( GEOMETRIC_REPRESENTATION_CONTEXT(2) 
PARAMETRIC_REPRESENTATION_CONTEXT() REPRESENTATION_CONTEXT('2D SPACE',''
  ) );
#6215 = PCURVE('',#6131,#6216);
#6216 = DEFINITIONAL_REPRESENTATION('',(#6217),#6221);
#6217 = LINE('',#6218,#6219);
#6218 = CARTESIAN_POINT('',(0.,0.));
#6219 = VECTOR('',#6220,1.);
#6220 = DIRECTION('',(1.,0.));
#6221 = ( GEOMETRIC_REPRESENTATION_CONTEXT(2) 
PARAMETRIC_REPRESENTATION_CONTEXT() REPRESENTATION_CONTEXT('2D SPACE',''
  ) );
#6222 = ORIENTED_EDGE('',*,*,#6080,.T.);
#6223 = ORIENTED_EDGE('',*,*,#6224,.T.);
#6224 = EDGE_CURVE('',#6083,#6225,#6227,.T.);
#6225 = VERTEX_POINT('',#6226);
#6226 = CARTESIAN_POINT('',(20.,165.,0.));
#6227 = SURFACE_CURVE('',#6228,(#6232,#6239),.PCURVE_S1.);
#6228 = LINE('',#6229,#6230);
#6229 = CARTESIAN_POINT('',(20.,20.,0.));
#6230 = VECTOR('',#6231,1.);
#6231 = DIRECTION('',(0.,1.,0.));
#6232 = PCURVE('',#6103,#6233);
#6233 = DEFINITIONAL_REPRESENTATION('',(#6234),#6238);
#6234 = LINE('',#6235,#6236);
#6235 = CARTESIAN_POINT('',(20.,0.));
#6236 = VECTOR('',#6237,1.);
#6237 = DIRECTION('',(0.,1.));
#6238 = ( GEOMETRIC_REPRESENTATION_CONTEXT(2) 
PARAMETRIC_REPRESENTATION_CONTEXT() REPRESENTATION_CONTEXT('2D SPACE',''
  ) );
#6239 = PCURVE('',#6185,#6240);
#6240 = DEFINITIONAL_REPRESENTATION('',(#6241),#6245);
#6241 = LINE('',#6242,#6243);
#6242 = CARTESIAN_POINT('',(0.,0.));
#6243 = VECTOR('',#6244,1.);
#6244 = DIRECTION('',(1.,0.));
#6245 = ( GEOMETRIC_REPRESENTATION_CONTEXT(2) 
PARAMETRIC_REPRESENTATION_CONTEXT() REPRESENTATION_CONTEXT('2D SPACE',''
  ) );
#6246 = ORIENTED_EDGE('',*,*,#6247,.F.);
#6247 = EDGE_CURVE('',#6201,#6225,#6248,.T.);
#6248 = SURFACE_CURVE('',#6249,(#6253,#6260),.PCURVE_S1.);
#6249 = LINE('',#6250,#6251);
#6250 = CARTESIAN_POINT('',(20.,165.,20.));
#6251 = VECTOR('',#6252,1.);
#6252 = DIRECTION('',(0.,0.,-1.));
#6253 = PCURVE('',#6103,#6254);
#6254 = DEFINITIONAL_REPRESENTATION('',(#6255),#6259);
#6255 = LINE('',#6256,#6257);
#6256 = CARTESIAN_POINT('',(0.,145.));
#6257 = VECTOR('',#6258,1.);
#6258 = DIRECTION('',(1.,0.));
#6259 = ( GEOMETRIC_REPRESENTATION_CONTEXT(2) 
PARAMETRIC_REPRESENTATION_CONTEXT() REPRESENTATION_CONTEXT('2D SPACE',''
  ) );
#6260 = PCURVE('',#6261,#6266);
#6261 = PLANE('',#6262);
#6262 = AXIS2_PLACEMENT_3D('',#6263,#6264,#6265);
#6263 = CARTESIAN_POINT('',(20.,165.,20.));
#6264 = DIRECTION('',(0.,1.,0.));
#6265 = DIRECTION('',(0.,0.,-1.));
#6266 = DEFINITIONAL_REPRESENTATION('',(#6267),#6271);
#6267 = LINE('',#6268,#6269);
#6268 = CARTESIAN_POINT('',(0.,0.));
#6269 = VECTOR('',#6270,1.);
#6270 = DIRECTION('',(1.,0.));
#6271 = ( GEOMETRIC_REPRESENTATION_CONTEXT(2) 
PARAMETRIC_REPRESENTATION_CONTEXT() REPRESENTATION_CONTEXT('2D SPACE',''
  ) );
#6272 = FACE_BOUND('',#6273,.F.);
#6273 = EDGE_LOOP('',(#6274));
#6274 = ORIENTED_EDGE('',*,*,#6275,.T.);
#6275 = EDGE_CURVE('',#6276,#6276,#6278,.T.);
#6276 = VERTEX_POINT('',#6277);
#6277 = CARTESIAN_POINT('',(20.,46.25,10.));
#6278 = SURFACE_CURVE('',#6279,(#6284,#6295),.PCURVE_S1.);
#6279 = CIRCLE('',#6280,1.25);
#6280 = AXIS2_PLACEMENT_3D('',#6281,#6282,#6283);
#6281 = CARTESIAN_POINT('',(20.,45.,10.));
#6282 = DIRECTION('',(-1.,0.,0.));
#6283 = DIRECTION('',(0.,1.,0.));
#6284 = PCURVE('',#6103,#6285);
#6285 = DEFINITIONAL_REPRESENTATION('',(#6286),#6294);
#6286 = ( BOUNDED_CURVE() B_SPLINE_CURVE(2,(#6287,#6288,#6289,#6290,
#6291,#6292,#6293),.UNSPECIFIED.,.T.,.F.) B_SPLINE_CURVE_WITH_KNOTS((1,2
    ,2,2,2,1),(-2.094395102393,0.,2.094395102393,4.188790204786,
6.28318530718,8.377580409573),.UNSPECIFIED.) CURVE() 
GEOMETRIC_REPRESENTATION_ITEM() RATIONAL_B_SPLINE_CURVE((1.,0.5,1.,0.5,
1.,0.5,1.)) REPRESENTATION_ITEM('') );
#6287 = CARTESIAN_POINT('',(10.,26.25));
#6288 = CARTESIAN_POINT('',(12.165063509461,26.25));
#6289 = CARTESIAN_POINT('',(11.082531754731,24.375));
#6290 = CARTESIAN_POINT('',(10.,22.5));
#6291 = CARTESIAN_POINT('',(8.917468245269,24.375));
#6292 = CARTESIAN_POINT('',(7.834936490539,26.25));
#6293 = CARTESIAN_POINT('',(10.,26.25));
#6294 = ( GEOMETRIC_REPRESENTATION_CONTEXT(2) 
PARAMETRIC_REPRESENTATION_CONTEXT() REPRESENTATION_CONTEXT('2D SPACE',''
  ) );
#6295 = PCURVE('',#6296,#6301);
#6296 = CYLINDRICAL_SURFACE('',#6297,1.25);
#6297 = AXIS2_PLACEMENT_3D('',#6298,#6299,#6300);
#6298 = CARTESIAN_POINT('',(19.95,45.,10.));
#6299 = DIRECTION('',(-1.,-0.,-0.));
#6300 = DIRECTION('',(0.,1.,0.));
#6301 = DEFINITIONAL_REPRESENTATION('',(#6302),#6306);
#6302 = LINE('',#6303,#6304);
#6303 = CARTESIAN_POINT('',(-6.28318530718,-5.E-02));
#6304 = VECTOR('',#6305,1.);
#6305 = DIRECTION('',(1.,-0.));
#6306 = ( GEOMETRIC_REPRESENTATION_CONTEXT(2) 
PARAMETRIC_REPRESENTATION_CONTEXT() REPRESENTATION_CONTEXT('2D SPACE',''
  ) );
#6307 = FACE_BOUND('',#6308,.F.);
#6308 = EDGE_LOOP('',(#6309));
#6309 = ORIENTED_EDGE('',*,*,#6310,.T.);
#6310 = EDGE_CURVE('',#6311,#6311,#6313,.T.);
#6311 = VERTEX_POINT('',#6312);
#6312 = CARTESIAN_POINT('',(20.,141.25,10.));
#6313 = SURFACE_CURVE('',#6314,(#6319,#6330),.PCURVE_S1.);
#6314 = CIRCLE('',#6315,1.25);
#6315 = AXIS2_PLACEMENT_3D('',#6316,#6317,#6318);
#6316 = CARTESIAN_POINT('',(20.,140.,10.));
#6317 = DIRECTION('',(-1.,0.,0.));
#6318 = DIRECTION('',(0.,1.,0.));
#6319 = PCURVE('',#6103,#6320);
#6320 = DEFINITIONAL_REPRESENTATION('',(#6321),#6329);
#6321 = ( BOUNDED_CURVE() B_SPLINE_CURVE(2,(#6322,#6323,#6324,#6325,
#6326,#6327,#6328),.UNSPECIFIED.,.T.,.F.) B_SPLINE_CURVE_WITH_KNOTS((1,2
    ,2,2,2,1),(-2.094395102393,0.,2.094395102393,4.188790204786,
6.28318530718,8.377580409573),.UNSPECIFIED.) CURVE() 
GEOMETRIC_REPRESENTATION_ITEM() RATIONAL_B_SPLINE_CURVE((1.,0.5,1.,0.5,
1.,0.5,1.)) REPRESENTATION_ITEM('') );
#6322 = CARTESIAN_POINT('',(10.,121.25));
#6323 = CARTESIAN_POINT('',(12.165063509461,121.25));
#6324 = CARTESIAN_POINT('',(11.082531754731,119.375));
#6325 = CARTESIAN_POINT('',(10.,117.5));
#6326 = CARTESIAN_POINT('',(8.917468245269,119.375));
#6327 = CARTESIAN_POINT('',(7.834936490539,121.25));
#6328 = CARTESIAN_POINT('',(10.,121.25));
#6329 = ( GEOMETRIC_REPRESENTATION_CONTEXT(2) 
PARAMETRIC_REPRESENTATION_CONTEXT() REPRESENTATION_CONTEXT('2D SPACE',''
  ) );
#6330 = PCURVE('',#6331,#6336);
#6331 = CYLINDRICAL_SURFACE('',#6332,1.25);
#6332 = AXIS2_PLACEMENT_3D('',#6333,#6334,#6335);
#6333 = CARTESIAN_POINT('',(19.95,140.,10.));
#6334 = DIRECTION('',(-1.,-0.,-0.));
#6335 = DIRECTION('',(0.,1.,0.));
#6336 = DEFINITIONAL_REPRESENTATION('',(#6337),#6341);
#6337 = LINE('',#6338,#6339);
#6338 = CARTESIAN_POINT('',(-6.28318530718,-5.E-02));
#6339 = VECTOR('',#6340,1.);
#6340 = DIRECTION('',(1.,-0.));
#6341 = ( GEOMETRIC_REPRESENTATION_CONTEXT(2) 
PARAMETRIC_REPRESENTATION_CONTEXT() REPRESENTATION_CONTEXT('2D SPACE',''
  ) );
#6342 = ADVANCED_FACE('',(#6343),#6185,.T.);
#6343 = FACE_BOUND('',#6344,.T.);
#6344 = EDGE_LOOP('',(#6345,#6346,#6347,#6370));
#6345 = ORIENTED_EDGE('',*,*,#6171,.F.);
#6346 = ORIENTED_EDGE('',*,*,#6224,.T.);
#6347 = ORIENTED_EDGE('',*,*,#6348,.T.);
#6348 = EDGE_CURVE('',#6225,#6349,#6351,.T.);
#6349 = VERTEX_POINT('',#6350);
#6350 = CARTESIAN_POINT('',(125.,165.,0.));
#6351 = SURFACE_CURVE('',#6352,(#6356,#6363),.PCURVE_S1.);
#6352 = LINE('',#6353,#6354);
#6353 = CARTESIAN_POINT('',(20.,165.,0.));
#6354 = VECTOR('',#6355,1.);
#6355 = DIRECTION('',(1.,0.,0.));
#6356 = PCURVE('',#6185,#6357);
#6357 = DEFINITIONAL_REPRESENTATION('',(#6358),#6362);
#6358 = LINE('',#6359,#6360);
#6359 = CARTESIAN_POINT('',(145.,0.));
#6360 = VECTOR('',#6361,1.);
#6361 = DIRECTION('',(0.,1.));
#6362 = ( GEOMETRIC_REPRESENTATION_CONTEXT(2) 
PARAMETRIC_REPRESENTATION_CONTEXT() REPRESENTATION_CONTEXT('2D SPACE',''
  ) );
#6363 = PCURVE('',#6261,#6364);
#6364 = DEFINITIONAL_REPRESENTATION('',(#6365),#6369);
#6365 = LINE('',#6366,#6367);
#6366 = CARTESIAN_POINT('',(20.,0.));
#6367 = VECTOR('',#6368,1.);
#6368 = DIRECTION('',(0.,-1.));
#6369 = ( GEOMETRIC_REPRESENTATION_CONTEXT(2) 
PARAMETRIC_REPRESENTATION_CONTEXT() REPRESENTATION_CONTEXT('2D SPACE',''
  ) );
#6370 = ORIENTED_EDGE('',*,*,#6371,.F.);
#6371 = EDGE_CURVE('',#6144,#6349,#6372,.T.);
#6372 = SURFACE_CURVE('',#6373,(#6377,#6384),.PCURVE_S1.);
#6373 = LINE('',#6374,#6375);
#6374 = CARTESIAN_POINT('',(125.,20.,0.));
#6375 = VECTOR('',#6376,1.);
#6376 = DIRECTION('',(0.,1.,0.));
#6377 = PCURVE('',#6185,#6378);
#6378 = DEFINITIONAL_REPRESENTATION('',(#6379),#6383);
#6379 = LINE('',#6380,#6381);
#6380 = CARTESIAN_POINT('',(0.,105.));
#6381 = VECTOR('',#6382,1.);
#6382 = DIRECTION('',(1.,0.));
#6383 = ( GEOMETRIC_REPRESENTATION_CONTEXT(2) 
PARAMETRIC_REPRESENTATION_CONTEXT() REPRESENTATION_CONTEXT('2D SPACE',''
  ) );
#6384 = PCURVE('',#6159,#6385);
#6385 = DEFINITIONAL_REPRESENTATION('',(#6386),#6390);
#6386 = LINE('',#6387,#6388);
#6387 = CARTESIAN_POINT('',(20.,0.));
#6388 = VECTOR('',#6389,1.);
#6389 = DIRECTION('',(0.,1.));
#6390 = ( GEOMETRIC_REPRESENTATION_CONTEXT(2) 
PARAMETRIC_REPRESENTATION_CONTEXT() REPRESENTATION_CONTEXT('2D SPACE',''
  ) );
#6391 = ADVANCED_FACE('',(#6392,#6440,#6471),#6159,.T.);
#6392 = FACE_BOUND('',#6393,.T.);
#6393 = EDGE_LOOP('',(#6394,#6417,#6418,#6419));
#6394 = ORIENTED_EDGE('',*,*,#6395,.F.);
#6395 = EDGE_CURVE('',#6116,#6396,#6398,.T.);
#6396 = VERTEX_POINT('',#6397);
#6397 = CARTESIAN_POINT('',(125.,165.,20.));
#6398 = SURFACE_CURVE('',#6399,(#6403,#6410),.PCURVE_S1.);
#6399 = LINE('',#6400,#6401);
#6400 = CARTESIAN_POINT('',(125.,20.,20.));
#6401 = VECTOR('',#6402,1.);
#6402 = DIRECTION('',(0.,1.,0.));
#6403 = PCURVE('',#6159,#6404);
#6404 = DEFINITIONAL_REPRESENTATION('',(#6405),#6409);
#6405 = LINE('',#6406,#6407);
#6406 = CARTESIAN_POINT('',(0.,0.));
#6407 = VECTOR('',#6408,1.);
#6408 = DIRECTION('',(0.,1.));
#6409 = ( GEOMETRIC_REPRESENTATION_CONTEXT(2) 
PARAMETRIC_REPRESENTATION_CONTEXT() REPRESENTATION_CONTEXT('2D SPACE',''
  ) );
#6410 = PCURVE('',#6131,#6411);
#6411 = DEFINITIONAL_REPRESENTATION('',(#6412),#6416);
#6412 = LINE('',#6413,#6414);
#6413 = CARTESIAN_POINT('',(0.,105.));
#6414 = VECTOR('',#6415,1.);
#6415 = DIRECTION('',(1.,0.));
#6416 = ( GEOMETRIC_REPRESENTATION_CONTEXT(2) 
PARAMETRIC_REPRESENTATION_CONTEXT() REPRESENTATION_CONTEXT('2D SPACE',''
  ) );
#6417 = ORIENTED_EDGE('',*,*,#6143,.T.);
#6418 = ORIENTED_EDGE('',*,*,#6371,.T.);
#6419 = ORIENTED_EDGE('',*,*,#6420,.F.);
#6420 = EDGE_CURVE('',#6396,#6349,#6421,.T.);
#6421 = SURFACE_CURVE('',#6422,(#6426,#6433),.PCURVE_S1.);
#6422 = LINE('',#6423,#6424);
#6423 = CARTESIAN_POINT('',(125.,165.,20.));
#6424 = VECTOR('',#6425,1.);
#6425 = DIRECTION('',(0.,0.,-1.));
#6426 = PCURVE('',#6159,#6427);
#6427 = DEFINITIONAL_REPRESENTATION('',(#6428),#6432);
#6428 = LINE('',#6429,#6430);
#6429 = CARTESIAN_POINT('',(0.,145.));
#6430 = VECTOR('',#6431,1.);
#6431 = DIRECTION('',(1.,0.));
#6432 = ( GEOMETRIC_REPRESENTATION_CONTEXT(2) 
PARAMETRIC_REPRESENTATION_CONTEXT() REPRESENTATION_CONTEXT('2D SPACE',''
  ) );
#6433 = PCURVE('',#6261,#6434);
#6434 = DEFINITIONAL_REPRESENTATION('',(#6435),#6439);
#6435 = LINE('',#6436,#6437);
#6436 = CARTESIAN_POINT('',(0.,-105.));
#6437 = VECTOR('',#6438,1.);
#6438 = DIRECTION('',(1.,0.));
#6439 = ( GEOMETRIC_REPRESENTATION_CONTEXT(2) 
PARAMETRIC_REPRESENTATION_CONTEXT() REPRESENTATION_CONTEXT('2D SPACE',''
  ) );
#6440 = FACE_BOUND('',#6441,.T.);
#6441 = EDGE_LOOP('',(#6442));
#6442 = ORIENTED_EDGE('',*,*,#6443,.F.);
#6443 = EDGE_CURVE('',#6444,#6444,#6446,.T.);
#6444 = VERTEX_POINT('',#6445);
#6445 = CARTESIAN_POINT('',(125.,46.25,10.));
#6446 = SURFACE_CURVE('',#6447,(#6452,#6459),.PCURVE_S1.);
#6447 = CIRCLE('',#6448,1.25);
#6448 = AXIS2_PLACEMENT_3D('',#6449,#6450,#6451);
#6449 = CARTESIAN_POINT('',(125.,45.,10.));
#6450 = DIRECTION('',(1.,0.,-0.));
#6451 = DIRECTION('',(0.,1.,0.));
#6452 = PCURVE('',#6159,#6453);
#6453 = DEFINITIONAL_REPRESENTATION('',(#6454),#6458);
#6454 = CIRCLE('',#6455,1.25);
#6455 = AXIS2_PLACEMENT_2D('',#6456,#6457);
#6456 = CARTESIAN_POINT('',(10.,25.));
#6457 = DIRECTION('',(0.,1.));
#6458 = ( GEOMETRIC_REPRESENTATION_CONTEXT(2) 
PARAMETRIC_REPRESENTATION_CONTEXT() REPRESENTATION_CONTEXT('2D SPACE',''
  ) );
#6459 = PCURVE('',#6460,#6465);
#6460 = CYLINDRICAL_SURFACE('',#6461,1.25);
#6461 = AXIS2_PLACEMENT_3D('',#6462,#6463,#6464);
#6462 = CARTESIAN_POINT('',(125.05,45.,10.));
#6463 = DIRECTION('',(1.,-0.,-0.));
#6464 = DIRECTION('',(0.,1.,0.));
#6465 = DEFINITIONAL_REPRESENTATION('',(#6466),#6470);
#6466 = LINE('',#6467,#6468);
#6467 = CARTESIAN_POINT('',(-6.28318530718,-5.E-02));
#6468 = VECTOR('',#6469,1.);
#6469 = DIRECTION('',(1.,-0.));
#6470 = ( GEOMETRIC_REPRESENTATION_CONTEXT(2) 
PARAMETRIC_REPRESENTATION_CONTEXT() REPRESENTATION_CONTEXT('2D SPACE',''
  ) );
#6471 = FACE_BOUND('',#6472,.T.);
#6472 = EDGE_LOOP('',(#6473));
#6473 = ORIENTED_EDGE('',*,*,#6474,.F.);
#6474 = EDGE_CURVE('',#6475,#6475,#6477,.T.);
#6475 = VERTEX_POINT('',#6476);
#6476 = CARTESIAN_POINT('',(125.,141.25,10.));
#6477 = SURFACE_CURVE('',#6478,(#6483,#6490),.PCURVE_S1.);
#6478 = CIRCLE('',#6479,1.25);
#6479 = AXIS2_PLACEMENT_3D('',#6480,#6481,#6482);
#6480 = CARTESIAN_POINT('',(125.,140.,10.));
#6481 = DIRECTION('',(1.,0.,-0.));
#6482 = DIRECTION('',(0.,1.,0.));
#6483 = PCURVE('',#6159,#6484);
#6484 = DEFINITIONAL_REPRESENTATION('',(#6485),#6489);
#6485 = CIRCLE('',#6486,1.25);
#6486 = AXIS2_PLACEMENT_2D('',#6487,#6488);
#6487 = CARTESIAN_POINT('',(10.,120.));
#6488 = DIRECTION('',(0.,1.));
#6489 = ( GEOMETRIC_REPRESENTATION_CONTEXT(2) 
PARAMETRIC_REPRESENTATION_CONTEXT() REPRESENTATION_CONTEXT('2D SPACE',''
  ) );
#6490 = PCURVE('',#6491,#6496);
#6491 = CYLINDRICAL_SURFACE('',#6492,1.25);
#6492 = AXIS2_PLACEMENT_3D('',#6493,#6494,#6495);
#6493 = CARTESIAN_POINT('',(125.05,140.,10.));
#6494 = DIRECTION('',(1.,-0.,-0.));
#6495 = DIRECTION('',(0.,1.,0.));
#6496 = DEFINITIONAL_REPRESENTATION('',(#6497),#6501);
#6497 = LINE('',#6498,#6499);
#6498 = CARTESIAN_POINT('',(-6.28318530718,-5.E-02));
#6499 = VECTOR('',#6500,1.);
#6500 = DIRECTION('',(1.,-0.));
#6501 = ( GEOMETRIC_REPRESENTATION_CONTEXT(2) 
PARAMETRIC_REPRESENTATION_CONTEXT() REPRESENTATION_CONTEXT('2D SPACE',''
  ) );
#6502 = ADVANCED_FACE('',(#6503),#6131,.F.);
#6503 = FACE_BOUND('',#6504,.F.);
#6504 = EDGE_LOOP('',(#6505,#6506,#6507,#6528));
#6505 = ORIENTED_EDGE('',*,*,#6115,.F.);
#6506 = ORIENTED_EDGE('',*,*,#6200,.T.);
#6507 = ORIENTED_EDGE('',*,*,#6508,.T.);
#6508 = EDGE_CURVE('',#6201,#6396,#6509,.T.);
#6509 = SURFACE_CURVE('',#6510,(#6514,#6521),.PCURVE_S1.);
#6510 = LINE('',#6511,#6512);
#6511 = CARTESIAN_POINT('',(20.,165.,20.));
#6512 = VECTOR('',#6513,1.);
#6513 = DIRECTION('',(1.,0.,0.));
#6514 = PCURVE('',#6131,#6515);
#6515 = DEFINITIONAL_REPRESENTATION('',(#6516),#6520);
#6516 = LINE('',#6517,#6518);
#6517 = CARTESIAN_POINT('',(145.,0.));
#6518 = VECTOR('',#6519,1.);
#6519 = DIRECTION('',(0.,1.));
#6520 = ( GEOMETRIC_REPRESENTATION_CONTEXT(2) 
PARAMETRIC_REPRESENTATION_CONTEXT() REPRESENTATION_CONTEXT('2D SPACE',''
  ) );
#6521 = PCURVE('',#6261,#6522);
#6522 = DEFINITIONAL_REPRESENTATION('',(#6523),#6527);
#6523 = LINE('',#6524,#6525);
#6524 = CARTESIAN_POINT('',(0.,0.));
#6525 = VECTOR('',#6526,1.);
#6526 = DIRECTION('',(0.,-1.));
#6527 = ( GEOMETRIC_REPRESENTATION_CONTEXT(2) 
PARAMETRIC_REPRESENTATION_CONTEXT() REPRESENTATION_CONTEXT('2D SPACE',''
  ) );
#6528 = ORIENTED_EDGE('',*,*,#6395,.F.);
#6529 = ADVANCED_FACE('',(#6530),#6261,.T.);
#6530 = FACE_BOUND('',#6531,.T.);
#6531 = EDGE_LOOP('',(#6532,#6533,#6534,#6535));
#6532 = ORIENTED_EDGE('',*,*,#6247,.F.);
#6533 = ORIENTED_EDGE('',*,*,#6508,.T.);
#6534 = ORIENTED_EDGE('',*,*,#6420,.T.);
#6535 = ORIENTED_EDGE('',*,*,#6348,.F.);
#6536 = ADVANCED_FACE('',(#6537),#6296,.F.);
#6537 = FACE_BOUND('',#6538,.T.);
#6538 = EDGE_LOOP('',(#6539,#6540,#6563,#6590));
#6539 = ORIENTED_EDGE('',*,*,#6275,.T.);
#6540 = ORIENTED_EDGE('',*,*,#6541,.T.);
#6541 = EDGE_CURVE('',#6276,#6542,#6544,.T.);
#6542 = VERTEX_POINT('',#6543);
#6543 = CARTESIAN_POINT('',(41.05,46.25,10.));
#6544 = SEAM_CURVE('',#6545,(#6549,#6556),.PCURVE_S1.);
#6545 = LINE('',#6546,#6547);
#6546 = CARTESIAN_POINT('',(19.95,46.25,10.));
#6547 = VECTOR('',#6548,1.);
#6548 = DIRECTION('',(1.,0.,0.));
#6549 = PCURVE('',#6296,#6550);
#6550 = DEFINITIONAL_REPRESENTATION('',(#6551),#6555);
#6551 = LINE('',#6552,#6553);
#6552 = CARTESIAN_POINT('',(-6.28318530718,0.));
#6553 = VECTOR('',#6554,1.);
#6554 = DIRECTION('',(-0.,-1.));
#6555 = ( GEOMETRIC_REPRESENTATION_CONTEXT(2) 
PARAMETRIC_REPRESENTATION_CONTEXT() REPRESENTATION_CONTEXT('2D SPACE',''
  ) );
#6556 = PCURVE('',#6296,#6557);
#6557 = DEFINITIONAL_REPRESENTATION('',(#6558),#6562);
#6558 = LINE('',#6559,#6560);
#6559 = CARTESIAN_POINT('',(-0.,0.));
#6560 = VECTOR('',#6561,1.);
#6561 = DIRECTION('',(-0.,-1.));
#6562 = ( GEOMETRIC_REPRESENTATION_CONTEXT(2) 
PARAMETRIC_REPRESENTATION_CONTEXT() REPRESENTATION_CONTEXT('2D SPACE',''
  ) );
#6563 = ORIENTED_EDGE('',*,*,#6564,.T.);
#6564 = EDGE_CURVE('',#6542,#6542,#6565,.T.);
#6565 = SURFACE_CURVE('',#6566,(#6571,#6578),.PCURVE_S1.);
#6566 = CIRCLE('',#6567,1.25);
#6567 = AXIS2_PLACEMENT_3D('',#6568,#6569,#6570);
#6568 = CARTESIAN_POINT('',(41.05,45.,10.));
#6569 = DIRECTION('',(1.,0.,0.));
#6570 = DIRECTION('',(0.,1.,0.));
#6571 = PCURVE('',#6296,#6572);
#6572 = DEFINITIONAL_REPRESENTATION('',(#6573),#6577);
#6573 = LINE('',#6574,#6575);
#6574 = CARTESIAN_POINT('',(-0.,-21.1));
#6575 = VECTOR('',#6576,1.);
#6576 = DIRECTION('',(-1.,0.));
#6577 = ( GEOMETRIC_REPRESENTATION_CONTEXT(2) 
PARAMETRIC_REPRESENTATION_CONTEXT() REPRESENTATION_CONTEXT('2D SPACE',''
  ) );
#6578 = PCURVE('',#6579,#6584);
#6579 = PLANE('',#6580);
#6580 = AXIS2_PLACEMENT_3D('',#6581,#6582,#6583);
#6581 = CARTESIAN_POINT('',(41.05,45.,10.));
#6582 = DIRECTION('',(1.,0.,0.));
#6583 = DIRECTION('',(-0.,0.,1.));
#6584 = DEFINITIONAL_REPRESENTATION('',(#6585),#6589);
#6585 = CIRCLE('',#6586,1.25);
#6586 = AXIS2_PLACEMENT_2D('',#6587,#6588);
#6587 = CARTESIAN_POINT('',(1.7763568394E-15,0.));
#6588 = DIRECTION('',(0.,-1.));
#6589 = ( GEOMETRIC_REPRESENTATION_CONTEXT(2) 
PARAMETRIC_REPRESENTATION_CONTEXT() REPRESENTATION_CONTEXT('2D SPACE',''
  ) );
#6590 = ORIENTED_EDGE('',*,*,#6541,.F.);
#6591 = ADVANCED_FACE('',(#6592),#6331,.F.);
#6592 = FACE_BOUND('',#6593,.T.);
#6593 = EDGE_LOOP('',(#6594,#6595,#6618,#6645));
#6594 = ORIENTED_EDGE('',*,*,#6310,.T.);
#6595 = ORIENTED_EDGE('',*,*,#6596,.T.);
#6596 = EDGE_CURVE('',#6311,#6597,#6599,.T.);
#6597 = VERTEX_POINT('',#6598);
#6598 = CARTESIAN_POINT('',(41.05,141.25,10.));
#6599 = SEAM_CURVE('',#6600,(#6604,#6611),.PCURVE_S1.);
#6600 = LINE('',#6601,#6602);
#6601 = CARTESIAN_POINT('',(19.95,141.25,10.));
#6602 = VECTOR('',#6603,1.);
#6603 = DIRECTION('',(1.,0.,0.));
#6604 = PCURVE('',#6331,#6605);
#6605 = DEFINITIONAL_REPRESENTATION('',(#6606),#6610);
#6606 = LINE('',#6607,#6608);
#6607 = CARTESIAN_POINT('',(-6.28318530718,0.));
#6608 = VECTOR('',#6609,1.);
#6609 = DIRECTION('',(-0.,-1.));
#6610 = ( GEOMETRIC_REPRESENTATION_CONTEXT(2) 
PARAMETRIC_REPRESENTATION_CONTEXT() REPRESENTATION_CONTEXT('2D SPACE',''
  ) );
#6611 = PCURVE('',#6331,#6612);
#6612 = DEFINITIONAL_REPRESENTATION('',(#6613),#6617);
#6613 = LINE('',#6614,#6615);
#6614 = CARTESIAN_POINT('',(-0.,0.));
#6615 = VECTOR('',#6616,1.);
#6616 = DIRECTION('',(-0.,-1.));
#6617 = ( GEOMETRIC_REPRESENTATION_CONTEXT(2) 
PARAMETRIC_REPRESENTATION_CONTEXT() REPRESENTATION_CONTEXT('2D SPACE',''
  ) );
#6618 = ORIENTED_EDGE('',*,*,#6619,.T.);
#6619 = EDGE_CURVE('',#6597,#6597,#6620,.T.);
#6620 = SURFACE_CURVE('',#6621,(#6626,#6633),.PCURVE_S1.);
#6621 = CIRCLE('',#6622,1.25);
#6622 = AXIS2_PLACEMENT_3D('',#6623,#6624,#6625);
#6623 = CARTESIAN_POINT('',(41.05,140.,10.));
#6624 = DIRECTION('',(1.,0.,0.));
#6625 = DIRECTION('',(0.,1.,0.));
#6626 = PCURVE('',#6331,#6627);
#6627 = DEFINITIONAL_REPRESENTATION('',(#6628),#6632);
#6628 = LINE('',#6629,#6630);
#6629 = CARTESIAN_POINT('',(-0.,-21.1));
#6630 = VECTOR('',#6631,1.);
#6631 = DIRECTION('',(-1.,0.));
#6632 = ( GEOMETRIC_REPRESENTATION_CONTEXT(2) 
PARAMETRIC_REPRESENTATION_CONTEXT() REPRESENTATION_CONTEXT('2D SPACE',''
  ) );
#6633 = PCURVE('',#6634,#6639);
#6634 = PLANE('',#6635);
#6635 = AXIS2_PLACEMENT_3D('',#6636,#6637,#6638);
#6636 = CARTESIAN_POINT('',(41.05,140.,10.));
#6637 = DIRECTION('',(1.,0.,0.));
#6638 = DIRECTION('',(-0.,0.,1.));
#6639 = DEFINITIONAL_REPRESENTATION('',(#6640),#6644);
#6640 = CIRCLE('',#6641,1.25);
#6641 = AXIS2_PLACEMENT_2D('',#6642,#6643);
#6642 = CARTESIAN_POINT('',(1.7763568394E-15,0.));
#6643 = DIRECTION('',(0.,-1.));
#6644 = ( GEOMETRIC_REPRESENTATION_CONTEXT(2) 
PARAMETRIC_REPRESENTATION_CONTEXT() REPRESENTATION_CONTEXT('2D SPACE',''
  ) );
#6645 = ORIENTED_EDGE('',*,*,#6596,.F.);
#6646 = ADVANCED_FACE('',(#6647),#6460,.F.);
#6647 = FACE_BOUND('',#6648,.T.);
#6648 = EDGE_LOOP('',(#6649,#6650,#6673,#6700));
#6649 = ORIENTED_EDGE('',*,*,#6443,.T.);
#6650 = ORIENTED_EDGE('',*,*,#6651,.T.);
#6651 = EDGE_CURVE('',#6444,#6652,#6654,.T.);
#6652 = VERTEX_POINT('',#6653);
#6653 = CARTESIAN_POINT('',(103.95,46.25,10.));
#6654 = SEAM_CURVE('',#6655,(#6659,#6666),.PCURVE_S1.);
#6655 = LINE('',#6656,#6657);
#6656 = CARTESIAN_POINT('',(125.05,46.25,10.));
#6657 = VECTOR('',#6658,1.);
#6658 = DIRECTION('',(-1.,0.,0.));
#6659 = PCURVE('',#6460,#6660);
#6660 = DEFINITIONAL_REPRESENTATION('',(#6661),#6665);
#6661 = LINE('',#6662,#6663);
#6662 = CARTESIAN_POINT('',(-6.28318530718,0.));
#6663 = VECTOR('',#6664,1.);
#6664 = DIRECTION('',(-0.,-1.));
#6665 = ( GEOMETRIC_REPRESENTATION_CONTEXT(2) 
PARAMETRIC_REPRESENTATION_CONTEXT() REPRESENTATION_CONTEXT('2D SPACE',''
  ) );
#6666 = PCURVE('',#6460,#6667);
#6667 = DEFINITIONAL_REPRESENTATION('',(#6668),#6672);
#6668 = LINE('',#6669,#6670);
#6669 = CARTESIAN_POINT('',(-0.,0.));
#6670 = VECTOR('',#6671,1.);
#6671 = DIRECTION('',(-0.,-1.));
#6672 = ( GEOMETRIC_REPRESENTATION_CONTEXT(2) 
PARAMETRIC_REPRESENTATION_CONTEXT() REPRESENTATION_CONTEXT('2D SPACE',''
  ) );
#6673 = ORIENTED_EDGE('',*,*,#6674,.T.);
#6674 = EDGE_CURVE('',#6652,#6652,#6675,.T.);
#6675 = SURFACE_CURVE('',#6676,(#6681,#6688),.PCURVE_S1.);
#6676 = CIRCLE('',#6677,1.25);
#6677 = AXIS2_PLACEMENT_3D('',#6678,#6679,#6680);
#6678 = CARTESIAN_POINT('',(103.95,45.,10.));
#6679 = DIRECTION('',(-1.,0.,0.));
#6680 = DIRECTION('',(0.,1.,0.));
#6681 = PCURVE('',#6460,#6682);
#6682 = DEFINITIONAL_REPRESENTATION('',(#6683),#6687);
#6683 = LINE('',#6684,#6685);
#6684 = CARTESIAN_POINT('',(-0.,-21.1));
#6685 = VECTOR('',#6686,1.);
#6686 = DIRECTION('',(-1.,0.));
#6687 = ( GEOMETRIC_REPRESENTATION_CONTEXT(2) 
PARAMETRIC_REPRESENTATION_CONTEXT() REPRESENTATION_CONTEXT('2D SPACE',''
  ) );
#6688 = PCURVE('',#6689,#6694);
#6689 = PLANE('',#6690);
#6690 = AXIS2_PLACEMENT_3D('',#6691,#6692,#6693);
#6691 = CARTESIAN_POINT('',(103.95,45.,10.));
#6692 = DIRECTION('',(-1.,-0.,-0.));
#6693 = DIRECTION('',(0.,0.,-1.));
#6694 = DEFINITIONAL_REPRESENTATION('',(#6695),#6699);
#6695 = CIRCLE('',#6696,1.25);
#6696 = AXIS2_PLACEMENT_2D('',#6697,#6698);
#6697 = CARTESIAN_POINT('',(-1.7763568394E-15,0.));
#6698 = DIRECTION('',(0.,-1.));
#6699 = ( GEOMETRIC_REPRESENTATION_CONTEXT(2) 
PARAMETRIC_REPRESENTATION_CONTEXT() REPRESENTATION_CONTEXT('2D SPACE',''
  ) );
#6700 = ORIENTED_EDGE('',*,*,#6651,.F.);
#6701 = ADVANCED_FACE('',(#6702),#6491,.F.);
#6702 = FACE_BOUND('',#6703,.T.);
#6703 = EDGE_LOOP('',(#6704,#6705,#6728,#6755));
#6704 = ORIENTED_EDGE('',*,*,#6474,.T.);
#6705 = ORIENTED_EDGE('',*,*,#6706,.T.);
#6706 = EDGE_CURVE('',#6475,#6707,#6709,.T.);
#6707 = VERTEX_POINT('',#6708);
#6708 = CARTESIAN_POINT('',(103.95,141.25,10.));
#6709 = SEAM_CURVE('',#6710,(#6714,#6721),.PCURVE_S1.);
#6710 = LINE('',#6711,#6712);
#6711 = CARTESIAN_POINT('',(125.05,141.25,10.));
#6712 = VECTOR('',#6713,1.);
#6713 = DIRECTION('',(-1.,0.,0.));
#6714 = PCURVE('',#6491,#6715);
#6715 = DEFINITIONAL_REPRESENTATION('',(#6716),#6720);
#6716 = LINE('',#6717,#6718);
#6717 = CARTESIAN_POINT('',(-6.28318530718,0.));
#6718 = VECTOR('',#6719,1.);
#6719 = DIRECTION('',(-0.,-1.));
#6720 = ( GEOMETRIC_REPRESENTATION_CONTEXT(2) 
PARAMETRIC_REPRESENTATION_CONTEXT() REPRESENTATION_CONTEXT('2D SPACE',''
  ) );
#6721 = PCURVE('',#6491,#6722);
#6722 = DEFINITIONAL_REPRESENTATION('',(#6723),#6727);
#6723 = LINE('',#6724,#6725);
#6724 = CARTESIAN_POINT('',(-0.,0.));
#6725 = VECTOR('',#6726,1.);
#6726 = DIRECTION('',(-0.,-1.));
#6727 = ( GEOMETRIC_REPRESENTATION_CONTEXT(2) 
PARAMETRIC_REPRESENTATION_CONTEXT() REPRESENTATION_CONTEXT('2D SPACE',''
  ) );
#6728 = ORIENTED_EDGE('',*,*,#6729,.T.);
#6729 = EDGE_CURVE('',#6707,#6707,#6730,.T.);
#6730 = SURFACE_CURVE('',#6731,(#6736,#6743),.PCURVE_S1.);
#6731 = CIRCLE('',#6732,1.25);
#6732 = AXIS2_PLACEMENT_3D('',#6733,#6734,#6735);
#6733 = CARTESIAN_POINT('',(103.95,140.,10.));
#6734 = DIRECTION('',(-1.,0.,0.));
#6735 = DIRECTION('',(0.,1.,0.));
#6736 = PCURVE('',#6491,#6737);
#6737 = DEFINITIONAL_REPRESENTATION('',(#6738),#6742);
#6738 = LINE('',#6739,#6740);
#6739 = CARTESIAN_POINT('',(-0.,-21.1));
#6740 = VECTOR('',#6741,1.);
#6741 = DIRECTION('',(-1.,0.));
#6742 = ( GEOMETRIC_REPRESENTATION_CONTEXT(2) 
PARAMETRIC_REPRESENTATION_CONTEXT() REPRESENTATION_CONTEXT('2D SPACE',''
  ) );
#6743 = PCURVE('',#6744,#6749);
#6744 = PLANE('',#6745);
#6745 = AXIS2_PLACEMENT_3D('',#6746,#6747,#6748);
#6746 = CARTESIAN_POINT('',(103.95,140.,10.));
#6747 = DIRECTION('',(-1.,-0.,-0.));
#6748 = DIRECTION('',(0.,0.,-1.));
#6749 = DEFINITIONAL_REPRESENTATION('',(#6750),#6754);
#6750 = CIRCLE('',#6751,1.25);
#6751 = AXIS2_PLACEMENT_2D('',#6752,#6753);
#6752 = CARTESIAN_POINT('',(-1.7763568394E-15,0.));
#6753 = DIRECTION('',(0.,-1.));
#6754 = ( GEOMETRIC_REPRESENTATION_CONTEXT(2) 
PARAMETRIC_REPRESENTATION_CONTEXT() REPRESENTATION_CONTEXT('2D SPACE',''
  ) );
#6755 = ORIENTED_EDGE('',*,*,#6706,.F.);
#6756 = ADVANCED_FACE('',(#6757),#6579,.F.);
#6757 = FACE_BOUND('',#6758,.F.);
#6758 = EDGE_LOOP('',(#6759));
#6759 = ORIENTED_EDGE('',*,*,#6564,.T.);
#6760 = ADVANCED_FACE('',(#6761),#6634,.F.);
#6761 = FACE_BOUND('',#6762,.F.);
#6762 = EDGE_LOOP('',(#6763));
#6763 = ORIENTED_EDGE('',*,*,#6619,.T.);
#6764 = ADVANCED_FACE('',(#6765),#6689,.F.);
#6765 = FACE_BOUND('',#6766,.F.);
#6766 = EDGE_LOOP('',(#6767));
#6767 = ORIENTED_EDGE('',*,*,#6674,.T.);
#6768 = ADVANCED_FACE('',(#6769),#6744,.F.);
#6769 = FACE_BOUND('',#6770,.F.);
#6770 = EDGE_LOOP('',(#6771));
#6771 = ORIENTED_EDGE('',*,*,#6729,.T.);
#6772 = ( GEOMETRIC_REPRESENTATION_CONTEXT(3) 
GLOBAL_UNCERTAINTY_ASSIGNED_CONTEXT((#6776)) 
GLOBAL_UNIT_ASSIGNED_CONTEXT((#6773,#6774,#6775)) REPRESENTATION_CONTEXT
('Context #1','3D Context with UNIT and UNCERTAINTY') );
#6773 = ( LENGTH_UNIT() NAMED_UNIT(*) SI_UNIT(.MILLI.,.METRE.) );
#6774 = ( NAMED_UNIT(*) PLANE_ANGLE_UNIT() SI_UNIT($,.RADIAN.) );
#6775 = ( NAMED_UNIT(*) SI_UNIT($,.STERADIAN.) SOLID_ANGLE_UNIT() );
#6776 = UNCERTAINTY_MEASURE_WITH_UNIT(LENGTH_MEASURE(1.E-07),#6773,
  'distance_accuracy_value','confusion accuracy');
#6777 = CONTEXT_DEPENDENT_SHAPE_REPRESENTATION(#6778,#6780);
#6778 = ( REPRESENTATION_RELATIONSHIP('','',#6073,#10) 
REPRESENTATION_RELATIONSHIP_WITH_TRANSFORMATION(#6779) 
SHAPE_REPRESENTATION_RELATIONSHIP() );
#6779 = ITEM_DEFINED_TRANSFORMATION('','',#11,#31);
#6780 = PRODUCT_DEFINITION_SHAPE('Placement','Placement of an item',
  #6781);
#6781 = NEXT_ASSEMBLY_USAGE_OCCURRENCE('5','bottom','',#5,#6068,$);
#6782 = PRODUCT_RELATED_PRODUCT_CATEGORY('part',$,(#6070));
#6783 = SHAPE_DEFINITION_REPRESENTATION(#6784,#6790);
#6784 = PRODUCT_DEFINITION_SHAPE('','',#6785);
#6785 = PRODUCT_DEFINITION('design','',#6786,#6789);
#6786 = PRODUCT_DEFINITION_FORMATION('','',#6787);
#6787 = PRODUCT('roof','roof','',(#6788));
#6788 = PRODUCT_CONTEXT('',#2,'mechanical');
#6789 = PRODUCT_DEFINITION_CONTEXT('part definition',#2,'design');
#6790 = ADVANCED_BREP_SHAPE_REPRESENTATION('',(#11,#6791),#7793);
#6791 = MANIFOLD_SOLID_BREP('',#6792);
#6792 = CLOSED_SHELL('',(#6793,#6913,#6989,#7178,#7227,#7378,#7385,#7459
    ,#7533,#7607,#7681,#7709,#7737,#7765));
#6793 = ADVANCED_FACE('',(#6794),#6808,.F.);
#6794 = FACE_BOUND('',#6795,.F.);
#6795 = EDGE_LOOP('',(#6796,#6831,#6859,#6887));
#6796 = ORIENTED_EDGE('',*,*,#6797,.F.);
#6797 = EDGE_CURVE('',#6798,#6800,#6802,.T.);
#6798 = VERTEX_POINT('',#6799);
#6799 = CARTESIAN_POINT('',(0.,-35.,300.));
#6800 = VERTEX_POINT('',#6801);
#6801 = CARTESIAN_POINT('',(0.,-35.,280.));
#6802 = SURFACE_CURVE('',#6803,(#6807,#6819),.PCURVE_S1.);
#6803 = LINE('',#6804,#6805);
#6804 = CARTESIAN_POINT('',(0.,-35.,300.));
#6805 = VECTOR('',#6806,1.);
#6806 = DIRECTION('',(0.,0.,-1.));
#6807 = PCURVE('',#6808,#6813);
#6808 = PLANE('',#6809);
#6809 = AXIS2_PLACEMENT_3D('',#6810,#6811,#6812);
#6810 = CARTESIAN_POINT('',(0.,-35.,300.));
#6811 = DIRECTION('',(0.,1.,0.));
#6812 = DIRECTION('',(0.,0.,-1.));
#6813 = DEFINITIONAL_REPRESENTATION('',(#6814),#6818);
#6814 = LINE('',#6815,#6816);
#6815 = CARTESIAN_POINT('',(0.,0.));
#6816 = VECTOR('',#6817,1.);
#6817 = DIRECTION('',(1.,0.));
#6818 = ( GEOMETRIC_REPRESENTATION_CONTEXT(2) 
PARAMETRIC_REPRESENTATION_CONTEXT() REPRESENTATION_CONTEXT('2D SPACE',''
  ) );
#6819 = PCURVE('',#6820,#6825);
#6820 = PLANE('',#6821);
#6821 = AXIS2_PLACEMENT_3D('',#6822,#6823,#6824);
#6822 = CARTESIAN_POINT('',(0.,-35.,300.));
#6823 = DIRECTION('',(1.,0.,0.));
#6824 = DIRECTION('',(0.,0.,-1.));
#6825 = DEFINITIONAL_REPRESENTATION('',(#6826),#6830);
#6826 = LINE('',#6827,#6828);
#6827 = CARTESIAN_POINT('',(0.,0.));
#6828 = VECTOR('',#6829,1.);
#6829 = DIRECTION('',(1.,0.));
#6830 = ( GEOMETRIC_REPRESENTATION_CONTEXT(2) 
PARAMETRIC_REPRESENTATION_CONTEXT() REPRESENTATION_CONTEXT('2D SPACE',''
  ) );
#6831 = ORIENTED_EDGE('',*,*,#6832,.T.);
#6832 = EDGE_CURVE('',#6798,#6833,#6835,.T.);
#6833 = VERTEX_POINT('',#6834);
#6834 = CARTESIAN_POINT('',(145.,-35.,300.));
#6835 = SURFACE_CURVE('',#6836,(#6840,#6847),.PCURVE_S1.);
#6836 = LINE('',#6837,#6838);
#6837 = CARTESIAN_POINT('',(0.,-35.,300.));
#6838 = VECTOR('',#6839,1.);
#6839 = DIRECTION('',(1.,0.,0.));
#6840 = PCURVE('',#6808,#6841);
#6841 = DEFINITIONAL_REPRESENTATION('',(#6842),#6846);
#6842 = LINE('',#6843,#6844);
#6843 = CARTESIAN_POINT('',(0.,0.));
#6844 = VECTOR('',#6845,1.);
#6845 = DIRECTION('',(0.,-1.));
#6846 = ( GEOMETRIC_REPRESENTATION_CONTEXT(2) 
PARAMETRIC_REPRESENTATION_CONTEXT() REPRESENTATION_CONTEXT('2D SPACE',''
  ) );
#6847 = PCURVE('',#6848,#6853);
#6848 = PLANE('',#6849);
#6849 = AXIS2_PLACEMENT_3D('',#6850,#6851,#6852);
#6850 = CARTESIAN_POINT('',(0.,-35.,300.));
#6851 = DIRECTION('',(0.,0.,-1.));
#6852 = DIRECTION('',(0.,1.,0.));
#6853 = DEFINITIONAL_REPRESENTATION('',(#6854),#6858);
#6854 = LINE('',#6855,#6856);
#6855 = CARTESIAN_POINT('',(0.,0.));
#6856 = VECTOR('',#6857,1.);
#6857 = DIRECTION('',(0.,1.));
#6858 = ( GEOMETRIC_REPRESENTATION_CONTEXT(2) 
PARAMETRIC_REPRESENTATION_CONTEXT() REPRESENTATION_CONTEXT('2D SPACE',''
  ) );
#6859 = ORIENTED_EDGE('',*,*,#6860,.T.);
#6860 = EDGE_CURVE('',#6833,#6861,#6863,.T.);
#6861 = VERTEX_POINT('',#6862);
#6862 = CARTESIAN_POINT('',(145.,-35.,280.));
#6863 = SURFACE_CURVE('',#6864,(#6868,#6875),.PCURVE_S1.);
#6864 = LINE('',#6865,#6866);
#6865 = CARTESIAN_POINT('',(145.,-35.,300.));
#6866 = VECTOR('',#6867,1.);
#6867 = DIRECTION('',(0.,0.,-1.));
#6868 = PCURVE('',#6808,#6869);
#6869 = DEFINITIONAL_REPRESENTATION('',(#6870),#6874);
#6870 = LINE('',#6871,#6872);
#6871 = CARTESIAN_POINT('',(0.,-145.));
#6872 = VECTOR('',#6873,1.);
#6873 = DIRECTION('',(1.,0.));
#6874 = ( GEOMETRIC_REPRESENTATION_CONTEXT(2) 
PARAMETRIC_REPRESENTATION_CONTEXT() REPRESENTATION_CONTEXT('2D SPACE',''
  ) );
#6875 = PCURVE('',#6876,#6881);
#6876 = PLANE('',#6877);
#6877 = AXIS2_PLACEMENT_3D('',#6878,#6879,#6880);
#6878 = CARTESIAN_POINT('',(145.,-35.,300.));
#6879 = DIRECTION('',(1.,0.,0.));
#6880 = DIRECTION('',(0.,0.,-1.));
#6881 = DEFINITIONAL_REPRESENTATION('',(#6882),#6886);
#6882 = LINE('',#6883,#6884);
#6883 = CARTESIAN_POINT('',(0.,0.));
#6884 = VECTOR('',#6885,1.);
#6885 = DIRECTION('',(1.,0.));
#6886 = ( GEOMETRIC_REPRESENTATION_CONTEXT(2) 
PARAMETRIC_REPRESENTATION_CONTEXT() REPRESENTATION_CONTEXT('2D SPACE',''
  ) );
#6887 = ORIENTED_EDGE('',*,*,#6888,.F.);
#6888 = EDGE_CURVE('',#6800,#6861,#6889,.T.);
#6889 = SURFACE_CURVE('',#6890,(#6894,#6901),.PCURVE_S1.);
#6890 = LINE('',#6891,#6892);
#6891 = CARTESIAN_POINT('',(0.,-35.,280.));
#6892 = VECTOR('',#6893,1.);
#6893 = DIRECTION('',(1.,0.,0.));
#6894 = PCURVE('',#6808,#6895);
#6895 = DEFINITIONAL_REPRESENTATION('',(#6896),#6900);
#6896 = LINE('',#6897,#6898);
#6897 = CARTESIAN_POINT('',(20.,0.));
#6898 = VECTOR('',#6899,1.);
#6899 = DIRECTION('',(0.,-1.));
#6900 = ( GEOMETRIC_REPRESENTATION_CONTEXT(2) 
PARAMETRIC_REPRESENTATION_CONTEXT() REPRESENTATION_CONTEXT('2D SPACE',''
  ) );
#6901 = PCURVE('',#6902,#6907);
#6902 = PLANE('',#6903);
#6903 = AXIS2_PLACEMENT_3D('',#6904,#6905,#6906);
#6904 = CARTESIAN_POINT('',(0.,-35.,280.));
#6905 = DIRECTION('',(0.,0.,-1.));
#6906 = DIRECTION('',(0.,1.,0.));
#6907 = DEFINITIONAL_REPRESENTATION('',(#6908),#6912);
#6908 = LINE('',#6909,#6910);
#6909 = CARTESIAN_POINT('',(0.,0.));
#6910 = VECTOR('',#6911,1.);
#6911 = DIRECTION('',(0.,1.));
#6912 = ( GEOMETRIC_REPRESENTATION_CONTEXT(2) 
PARAMETRIC_REPRESENTATION_CONTEXT() REPRESENTATION_CONTEXT('2D SPACE',''
  ) );
#6913 = ADVANCED_FACE('',(#6914),#6820,.F.);
#6914 = FACE_BOUND('',#6915,.F.);
#6915 = EDGE_LOOP('',(#6916,#6939,#6940,#6963));
#6916 = ORIENTED_EDGE('',*,*,#6917,.F.);
#6917 = EDGE_CURVE('',#6798,#6918,#6920,.T.);
#6918 = VERTEX_POINT('',#6919);
#6919 = CARTESIAN_POINT('',(0.,185.,300.));
#6920 = SURFACE_CURVE('',#6921,(#6925,#6932),.PCURVE_S1.);
#6921 = LINE('',#6922,#6923);
#6922 = CARTESIAN_POINT('',(0.,-35.,300.));
#6923 = VECTOR('',#6924,1.);
#6924 = DIRECTION('',(0.,1.,0.));
#6925 = PCURVE('',#6820,#6926);
#6926 = DEFINITIONAL_REPRESENTATION('',(#6927),#6931);
#6927 = LINE('',#6928,#6929);
#6928 = CARTESIAN_POINT('',(0.,0.));
#6929 = VECTOR('',#6930,1.);
#6930 = DIRECTION('',(0.,1.));
#6931 = ( GEOMETRIC_REPRESENTATION_CONTEXT(2) 
PARAMETRIC_REPRESENTATION_CONTEXT() REPRESENTATION_CONTEXT('2D SPACE',''
  ) );
#6932 = PCURVE('',#6848,#6933);
#6933 = DEFINITIONAL_REPRESENTATION('',(#6934),#6938);
#6934 = LINE('',#6935,#6936);
#6935 = CARTESIAN_POINT('',(0.,0.));
#6936 = VECTOR('',#6937,1.);
#6937 = DIRECTION('',(1.,0.));
#6938 = ( GEOMETRIC_REPRESENTATION_CONTEXT(2) 
PARAMETRIC_REPRESENTATION_CONTEXT() REPRESENTATION_CONTEXT('2D SPACE',''
  ) );
#6939 = ORIENTED_EDGE('',*,*,#6797,.T.);
#6940 = ORIENTED_EDGE('',*,*,#6941,.T.);
#6941 = EDGE_CURVE('',#6800,#6942,#6944,.T.);
#6942 = VERTEX_POINT('',#6943);
#6943 = CARTESIAN_POINT('',(0.,185.,280.));
#6944 = SURFACE_CURVE('',#6945,(#6949,#6956),.PCURVE_S1.);
#6945 = LINE('',#6946,#6947);
#6946 = CARTESIAN_POINT('',(0.,-35.,280.));
#6947 = VECTOR('',#6948,1.);
#6948 = DIRECTION('',(0.,1.,0.));
#6949 = PCURVE('',#6820,#6950);
#6950 = DEFINITIONAL_REPRESENTATION('',(#6951),#6955);
#6951 = LINE('',#6952,#6953);
#6952 = CARTESIAN_POINT('',(20.,0.));
#6953 = VECTOR('',#6954,1.);
#6954 = DIRECTION('',(0.,1.));
#6955 = ( GEOMETRIC_REPRESENTATION_CONTEXT(2) 
PARAMETRIC_REPRESENTATION_CONTEXT() REPRESENTATION_CONTEXT('2D SPACE',''
  ) );
#6956 = PCURVE('',#6902,#6957);
#6957 = DEFINITIONAL_REPRESENTATION('',(#6958),#6962);
#6958 = LINE('',#6959,#6960);
#6959 = CARTESIAN_POINT('',(0.,0.));
#6960 = VECTOR('',#6961,1.);
#6961 = DIRECTION('',(1.,0.));
#6962 = ( GEOMETRIC_REPRESENTATION_CONTEXT(2) 
PARAMETRIC_REPRESENTATION_CONTEXT() REPRESENTATION_CONTEXT('2D SPACE',''
  ) );
#6963 = ORIENTED_EDGE('',*,*,#6964,.F.);
#6964 = EDGE_CURVE('',#6918,#6942,#6965,.T.);
#6965 = SURFACE_CURVE('',#6966,(#6970,#6977),.PCURVE_S1.);
#6966 = LINE('',#6967,#6968);
#6967 = CARTESIAN_POINT('',(0.,185.,300.));
#6968 = VECTOR('',#6969,1.);
#6969 = DIRECTION('',(0.,0.,-1.));
#6970 = PCURVE('',#6820,#6971);
#6971 = DEFINITIONAL_REPRESENTATION('',(#6972),#6976);
#6972 = LINE('',#6973,#6974);
#6973 = CARTESIAN_POINT('',(0.,220.));
#6974 = VECTOR('',#6975,1.);
#6975 = DIRECTION('',(1.,0.));
#6976 = ( GEOMETRIC_REPRESENTATION_CONTEXT(2) 
PARAMETRIC_REPRESENTATION_CONTEXT() REPRESENTATION_CONTEXT('2D SPACE',''
  ) );
#6977 = PCURVE('',#6978,#6983);
#6978 = PLANE('',#6979);
#6979 = AXIS2_PLACEMENT_3D('',#6980,#6981,#6982);
#6980 = CARTESIAN_POINT('',(0.,185.,300.));
#6981 = DIRECTION('',(0.,1.,0.));
#6982 = DIRECTION('',(0.,0.,-1.));
#6983 = DEFINITIONAL_REPRESENTATION('',(#6984),#6988);
#6984 = LINE('',#6985,#6986);
#6985 = CARTESIAN_POINT('',(0.,0.));
#6986 = VECTOR('',#6987,1.);
#6987 = DIRECTION('',(1.,0.));
#6988 = ( GEOMETRIC_REPRESENTATION_CONTEXT(2) 
PARAMETRIC_REPRESENTATION_CONTEXT() REPRESENTATION_CONTEXT('2D SPACE',''
  ) );
#6989 = ADVANCED_FACE('',(#6990,#7038,#7073,#7108,#7143),#6902,.T.);
#6990 = FACE_BOUND('',#6991,.T.);
#6991 = EDGE_LOOP('',(#6992,#6993,#6994,#7017));
#6992 = ORIENTED_EDGE('',*,*,#6888,.F.);
#6993 = ORIENTED_EDGE('',*,*,#6941,.T.);
#6994 = ORIENTED_EDGE('',*,*,#6995,.T.);
#6995 = EDGE_CURVE('',#6942,#6996,#6998,.T.);
#6996 = VERTEX_POINT('',#6997);
#6997 = CARTESIAN_POINT('',(145.,185.,280.));
#6998 = SURFACE_CURVE('',#6999,(#7003,#7010),.PCURVE_S1.);
#6999 = LINE('',#7000,#7001);
#7000 = CARTESIAN_POINT('',(0.,185.,280.));
#7001 = VECTOR('',#7002,1.);
#7002 = DIRECTION('',(1.,0.,0.));
#7003 = PCURVE('',#6902,#7004);
#7004 = DEFINITIONAL_REPRESENTATION('',(#7005),#7009);
#7005 = LINE('',#7006,#7007);
#7006 = CARTESIAN_POINT('',(220.,0.));
#7007 = VECTOR('',#7008,1.);
#7008 = DIRECTION('',(0.,1.));
#7009 = ( GEOMETRIC_REPRESENTATION_CONTEXT(2) 
PARAMETRIC_REPRESENTATION_CONTEXT() REPRESENTATION_CONTEXT('2D SPACE',''
  ) );
#7010 = PCURVE('',#6978,#7011);
#7011 = DEFINITIONAL_REPRESENTATION('',(#7012),#7016);
#7012 = LINE('',#7013,#7014);
#7013 = CARTESIAN_POINT('',(20.,0.));
#7014 = VECTOR('',#7015,1.);
#7015 = DIRECTION('',(0.,-1.));
#7016 = ( GEOMETRIC_REPRESENTATION_CONTEXT(2) 
PARAMETRIC_REPRESENTATION_CONTEXT() REPRESENTATION_CONTEXT('2D SPACE',''
  ) );
#7017 = ORIENTED_EDGE('',*,*,#7018,.F.);
#7018 = EDGE_CURVE('',#6861,#6996,#7019,.T.);
#7019 = SURFACE_CURVE('',#7020,(#7024,#7031),.PCURVE_S1.);
#7020 = LINE('',#7021,#7022);
#7021 = CARTESIAN_POINT('',(145.,-35.,280.));
#7022 = VECTOR('',#7023,1.);
#7023 = DIRECTION('',(0.,1.,0.));
#7024 = PCURVE('',#6902,#7025);
#7025 = DEFINITIONAL_REPRESENTATION('',(#7026),#7030);
#7026 = LINE('',#7027,#7028);
#7027 = CARTESIAN_POINT('',(0.,145.));
#7028 = VECTOR('',#7029,1.);
#7029 = DIRECTION('',(1.,0.));
#7030 = ( GEOMETRIC_REPRESENTATION_CONTEXT(2) 
PARAMETRIC_REPRESENTATION_CONTEXT() REPRESENTATION_CONTEXT('2D SPACE',''
  ) );
#7031 = PCURVE('',#6876,#7032);
#7032 = DEFINITIONAL_REPRESENTATION('',(#7033),#7037);
#7033 = LINE('',#7034,#7035);
#7034 = CARTESIAN_POINT('',(20.,0.));
#7035 = VECTOR('',#7036,1.);
#7036 = DIRECTION('',(0.,1.));
#7037 = ( GEOMETRIC_REPRESENTATION_CONTEXT(2) 
PARAMETRIC_REPRESENTATION_CONTEXT() REPRESENTATION_CONTEXT('2D SPACE',''
  ) );
#7038 = FACE_BOUND('',#7039,.T.);
#7039 = EDGE_LOOP('',(#7040));
#7040 = ORIENTED_EDGE('',*,*,#7041,.T.);
#7041 = EDGE_CURVE('',#7042,#7042,#7044,.T.);
#7042 = VERTEX_POINT('',#7043);
#7043 = CARTESIAN_POINT('',(26.25,10.,280.));
#7044 = SURFACE_CURVE('',#7045,(#7050,#7061),.PCURVE_S1.);
#7045 = CIRCLE('',#7046,1.25);
#7046 = AXIS2_PLACEMENT_3D('',#7047,#7048,#7049);
#7047 = CARTESIAN_POINT('',(25.,10.,280.));
#7048 = DIRECTION('',(0.,-0.,1.));
#7049 = DIRECTION('',(1.,0.,0.));
#7050 = PCURVE('',#6902,#7051);
#7051 = DEFINITIONAL_REPRESENTATION('',(#7052),#7060);
#7052 = ( BOUNDED_CURVE() B_SPLINE_CURVE(2,(#7053,#7054,#7055,#7056,
#7057,#7058,#7059),.UNSPECIFIED.,.T.,.F.) B_SPLINE_CURVE_WITH_KNOTS((1,2
    ,2,2,2,1),(-2.094395102393,0.,2.094395102393,4.188790204786,
6.28318530718,8.377580409573),.UNSPECIFIED.) CURVE() 
GEOMETRIC_REPRESENTATION_ITEM() RATIONAL_B_SPLINE_CURVE((1.,0.5,1.,0.5,
1.,0.5,1.)) REPRESENTATION_ITEM('') );
#7053 = CARTESIAN_POINT('',(45.,26.25));
#7054 = CARTESIAN_POINT('',(47.165063509461,26.25));
#7055 = CARTESIAN_POINT('',(46.082531754731,24.375));
#7056 = CARTESIAN_POINT('',(45.,22.5));
#7057 = CARTESIAN_POINT('',(43.917468245269,24.375));
#7058 = CARTESIAN_POINT('',(42.834936490539,26.25));
#7059 = CARTESIAN_POINT('',(45.,26.25));
#7060 = ( GEOMETRIC_REPRESENTATION_CONTEXT(2) 
PARAMETRIC_REPRESENTATION_CONTEXT() REPRESENTATION_CONTEXT('2D SPACE',''
  ) );
#7061 = PCURVE('',#7062,#7067);
#7062 = CYLINDRICAL_SURFACE('',#7063,1.25);
#7063 = AXIS2_PLACEMENT_3D('',#7064,#7065,#7066);
#7064 = CARTESIAN_POINT('',(25.,10.,300.05));
#7065 = DIRECTION('',(-0.,-0.,1.));
#7066 = DIRECTION('',(1.,0.,0.));
#7067 = DEFINITIONAL_REPRESENTATION('',(#7068),#7072);
#7068 = LINE('',#7069,#7070);
#7069 = CARTESIAN_POINT('',(-6.28318530718,-20.05));
#7070 = VECTOR('',#7071,1.);
#7071 = DIRECTION('',(1.,-0.));
#7072 = ( GEOMETRIC_REPRESENTATION_CONTEXT(2) 
PARAMETRIC_REPRESENTATION_CONTEXT() REPRESENTATION_CONTEXT('2D SPACE',''
  ) );
#7073 = FACE_BOUND('',#7074,.T.);
#7074 = EDGE_LOOP('',(#7075));
#7075 = ORIENTED_EDGE('',*,*,#7076,.T.);
#7076 = EDGE_CURVE('',#7077,#7077,#7079,.T.);
#7077 = VERTEX_POINT('',#7078);
#7078 = CARTESIAN_POINT('',(26.25,175.,280.));
#7079 = SURFACE_CURVE('',#7080,(#7085,#7096),.PCURVE_S1.);
#7080 = CIRCLE('',#7081,1.25);
#7081 = AXIS2_PLACEMENT_3D('',#7082,#7083,#7084);
#7082 = CARTESIAN_POINT('',(25.,175.,280.));
#7083 = DIRECTION('',(0.,-0.,1.));
#7084 = DIRECTION('',(1.,0.,0.));
#7085 = PCURVE('',#6902,#7086);
#7086 = DEFINITIONAL_REPRESENTATION('',(#7087),#7095);
#7087 = ( BOUNDED_CURVE() B_SPLINE_CURVE(2,(#7088,#7089,#7090,#7091,
#7092,#7093,#7094),.UNSPECIFIED.,.T.,.F.) B_SPLINE_CURVE_WITH_KNOTS((1,2
    ,2,2,2,1),(-2.094395102393,0.,2.094395102393,4.188790204786,
6.28318530718,8.377580409573),.UNSPECIFIED.) CURVE() 
GEOMETRIC_REPRESENTATION_ITEM() RATIONAL_B_SPLINE_CURVE((1.,0.5,1.,0.5,
1.,0.5,1.)) REPRESENTATION_ITEM('') );
#7088 = CARTESIAN_POINT('',(210.,26.25));
#7089 = CARTESIAN_POINT('',(212.16506350946,26.25));
#7090 = CARTESIAN_POINT('',(211.08253175473,24.375));
#7091 = CARTESIAN_POINT('',(210.,22.5));
#7092 = CARTESIAN_POINT('',(208.91746824526,24.375));
#7093 = CARTESIAN_POINT('',(207.83493649053,26.25));
#7094 = CARTESIAN_POINT('',(210.,26.25));
#7095 = ( GEOMETRIC_REPRESENTATION_CONTEXT(2) 
PARAMETRIC_REPRESENTATION_CONTEXT() REPRESENTATION_CONTEXT('2D SPACE',''
  ) );
#7096 = PCURVE('',#7097,#7102);
#7097 = CYLINDRICAL_SURFACE('',#7098,1.25);
#7098 = AXIS2_PLACEMENT_3D('',#7099,#7100,#7101);
#7099 = CARTESIAN_POINT('',(25.,175.,300.05));
#7100 = DIRECTION('',(-0.,-0.,1.));
#7101 = DIRECTION('',(1.,0.,0.));
#7102 = DEFINITIONAL_REPRESENTATION('',(#7103),#7107);
#7103 = LINE('',#7104,#7105);
#7104 = CARTESIAN_POINT('',(-6.28318530718,-20.05));
#7105 = VECTOR('',#7106,1.);
#7106 = DIRECTION('',(1.,-0.));
#7107 = ( GEOMETRIC_REPRESENTATION_CONTEXT(2) 
PARAMETRIC_REPRESENTATION_CONTEXT() REPRESENTATION_CONTEXT('2D SPACE',''
  ) );
#7108 = FACE_BOUND('',#7109,.T.);
#7109 = EDGE_LOOP('',(#7110));
#7110 = ORIENTED_EDGE('',*,*,#7111,.T.);
#7111 = EDGE_CURVE('',#7112,#7112,#7114,.T.);
#7112 = VERTEX_POINT('',#7113);
#7113 = CARTESIAN_POINT('',(121.25,10.,280.));
#7114 = SURFACE_CURVE('',#7115,(#7120,#7131),.PCURVE_S1.);
#7115 = CIRCLE('',#7116,1.25);
#7116 = AXIS2_PLACEMENT_3D('',#7117,#7118,#7119);
#7117 = CARTESIAN_POINT('',(120.,10.,280.));
#7118 = DIRECTION('',(0.,-0.,1.));
#7119 = DIRECTION('',(1.,0.,0.));
#7120 = PCURVE('',#6902,#7121);
#7121 = DEFINITIONAL_REPRESENTATION('',(#7122),#7130);
#7122 = ( BOUNDED_CURVE() B_SPLINE_CURVE(2,(#7123,#7124,#7125,#7126,
#7127,#7128,#7129),.UNSPECIFIED.,.T.,.F.) B_SPLINE_CURVE_WITH_KNOTS((1,2
    ,2,2,2,1),(-2.094395102393,0.,2.094395102393,4.188790204786,
6.28318530718,8.377580409573),.UNSPECIFIED.) CURVE() 
GEOMETRIC_REPRESENTATION_ITEM() RATIONAL_B_SPLINE_CURVE((1.,0.5,1.,0.5,
1.,0.5,1.)) REPRESENTATION_ITEM('') );
#7123 = CARTESIAN_POINT('',(45.,121.25));
#7124 = CARTESIAN_POINT('',(47.165063509461,121.25));
#7125 = CARTESIAN_POINT('',(46.082531754731,119.375));
#7126 = CARTESIAN_POINT('',(45.,117.5));
#7127 = CARTESIAN_POINT('',(43.917468245269,119.375));
#7128 = CARTESIAN_POINT('',(42.834936490539,121.25));
#7129 = CARTESIAN_POINT('',(45.,121.25));
#7130 = ( GEOMETRIC_REPRESENTATION_CONTEXT(2) 
PARAMETRIC_REPRESENTATION_CONTEXT() REPRESENTATION_CONTEXT('2D SPACE',''
  ) );
#7131 = PCURVE('',#7132,#7137);
#7132 = CYLINDRICAL_SURFACE('',#7133,1.25);
#7133 = AXIS2_PLACEMENT_3D('',#7134,#7135,#7136);
#7134 = CARTESIAN_POINT('',(120.,10.,300.05));
#7135 = DIRECTION('',(-0.,-0.,1.));
#7136 = DIRECTION('',(1.,0.,0.));
#7137 = DEFINITIONAL_REPRESENTATION('',(#7138),#7142);
#7138 = LINE('',#7139,#7140);
#7139 = CARTESIAN_POINT('',(-6.28318530718,-20.05));
#7140 = VECTOR('',#7141,1.);
#7141 = DIRECTION('',(1.,-0.));
#7142 = ( GEOMETRIC_REPRESENTATION_CONTEXT(2) 
PARAMETRIC_REPRESENTATION_CONTEXT() REPRESENTATION_CONTEXT('2D SPACE',''
  ) );
#7143 = FACE_BOUND('',#7144,.T.);
#7144 = EDGE_LOOP('',(#7145));
#7145 = ORIENTED_EDGE('',*,*,#7146,.T.);
#7146 = EDGE_CURVE('',#7147,#7147,#7149,.T.);
#7147 = VERTEX_POINT('',#7148);
#7148 = CARTESIAN_POINT('',(121.25,175.,280.));
#7149 = SURFACE_CURVE('',#7150,(#7155,#7166),.PCURVE_S1.);
#7150 = CIRCLE('',#7151,1.25);
#7151 = AXIS2_PLACEMENT_3D('',#7152,#7153,#7154);
#7152 = CARTESIAN_POINT('',(120.,175.,280.));
#7153 = DIRECTION('',(0.,-0.,1.));
#7154 = DIRECTION('',(1.,0.,0.));
#7155 = PCURVE('',#6902,#7156);
#7156 = DEFINITIONAL_REPRESENTATION('',(#7157),#7165);
#7157 = ( BOUNDED_CURVE() B_SPLINE_CURVE(2,(#7158,#7159,#7160,#7161,
#7162,#7163,#7164),.UNSPECIFIED.,.T.,.F.) B_SPLINE_CURVE_WITH_KNOTS((1,2
    ,2,2,2,1),(-2.094395102393,0.,2.094395102393,4.188790204786,
6.28318530718,8.377580409573),.UNSPECIFIED.) CURVE() 
GEOMETRIC_REPRESENTATION_ITEM() RATIONAL_B_SPLINE_CURVE((1.,0.5,1.,0.5,
1.,0.5,1.)) REPRESENTATION_ITEM('') );
#7158 = CARTESIAN_POINT('',(210.,121.25));
#7159 = CARTESIAN_POINT('',(212.16506350946,121.25));
#7160 = CARTESIAN_POINT('',(211.08253175473,119.375));
#7161 = CARTESIAN_POINT('',(210.,117.5));
#7162 = CARTESIAN_POINT('',(208.91746824526,119.375));
#7163 = CARTESIAN_POINT('',(207.83493649053,121.25));
#7164 = CARTESIAN_POINT('',(210.,121.25));
#7165 = ( GEOMETRIC_REPRESENTATION_CONTEXT(2) 
PARAMETRIC_REPRESENTATION_CONTEXT() REPRESENTATION_CONTEXT('2D SPACE',''
  ) );
#7166 = PCURVE('',#7167,#7172);
#7167 = CYLINDRICAL_SURFACE('',#7168,1.25);
#7168 = AXIS2_PLACEMENT_3D('',#7169,#7170,#7171);
#7169 = CARTESIAN_POINT('',(120.,175.,300.05));
#7170 = DIRECTION('',(-0.,-0.,1.));
#7171 = DIRECTION('',(1.,0.,0.));
#7172 = DEFINITIONAL_REPRESENTATION('',(#7173),#7177);
#7173 = LINE('',#7174,#7175);
#7174 = CARTESIAN_POINT('',(-6.28318530718,-20.05));
#7175 = VECTOR('',#7176,1.);
#7176 = DIRECTION('',(1.,-0.));
#7177 = ( GEOMETRIC_REPRESENTATION_CONTEXT(2) 
PARAMETRIC_REPRESENTATION_CONTEXT() REPRESENTATION_CONTEXT('2D SPACE',''
  ) );
#7178 = ADVANCED_FACE('',(#7179),#6876,.T.);
#7179 = FACE_BOUND('',#7180,.T.);
#7180 = EDGE_LOOP('',(#7181,#7204,#7205,#7206));
#7181 = ORIENTED_EDGE('',*,*,#7182,.F.);
#7182 = EDGE_CURVE('',#6833,#7183,#7185,.T.);
#7183 = VERTEX_POINT('',#7184);
#7184 = CARTESIAN_POINT('',(145.,185.,300.));
#7185 = SURFACE_CURVE('',#7186,(#7190,#7197),.PCURVE_S1.);
#7186 = LINE('',#7187,#7188);
#7187 = CARTESIAN_POINT('',(145.,-35.,300.));
#7188 = VECTOR('',#7189,1.);
#7189 = DIRECTION('',(0.,1.,0.));
#7190 = PCURVE('',#6876,#7191);
#7191 = DEFINITIONAL_REPRESENTATION('',(#7192),#7196);
#7192 = LINE('',#7193,#7194);
#7193 = CARTESIAN_POINT('',(0.,0.));
#7194 = VECTOR('',#7195,1.);
#7195 = DIRECTION('',(0.,1.));
#7196 = ( GEOMETRIC_REPRESENTATION_CONTEXT(2) 
PARAMETRIC_REPRESENTATION_CONTEXT() REPRESENTATION_CONTEXT('2D SPACE',''
  ) );
#7197 = PCURVE('',#6848,#7198);
#7198 = DEFINITIONAL_REPRESENTATION('',(#7199),#7203);
#7199 = LINE('',#7200,#7201);
#7200 = CARTESIAN_POINT('',(0.,145.));
#7201 = VECTOR('',#7202,1.);
#7202 = DIRECTION('',(1.,0.));
#7203 = ( GEOMETRIC_REPRESENTATION_CONTEXT(2) 
PARAMETRIC_REPRESENTATION_CONTEXT() REPRESENTATION_CONTEXT('2D SPACE',''
  ) );
#7204 = ORIENTED_EDGE('',*,*,#6860,.T.);
#7205 = ORIENTED_EDGE('',*,*,#7018,.T.);
#7206 = ORIENTED_EDGE('',*,*,#7207,.F.);
#7207 = EDGE_CURVE('',#7183,#6996,#7208,.T.);
#7208 = SURFACE_CURVE('',#7209,(#7213,#7220),.PCURVE_S1.);
#7209 = LINE('',#7210,#7211);
#7210 = CARTESIAN_POINT('',(145.,185.,300.));
#7211 = VECTOR('',#7212,1.);
#7212 = DIRECTION('',(0.,0.,-1.));
#7213 = PCURVE('',#6876,#7214);
#7214 = DEFINITIONAL_REPRESENTATION('',(#7215),#7219);
#7215 = LINE('',#7216,#7217);
#7216 = CARTESIAN_POINT('',(0.,220.));
#7217 = VECTOR('',#7218,1.);
#7218 = DIRECTION('',(1.,0.));
#7219 = ( GEOMETRIC_REPRESENTATION_CONTEXT(2) 
PARAMETRIC_REPRESENTATION_CONTEXT() REPRESENTATION_CONTEXT('2D SPACE',''
  ) );
#7220 = PCURVE('',#6978,#7221);
#7221 = DEFINITIONAL_REPRESENTATION('',(#7222),#7226);
#7222 = LINE('',#7223,#7224);
#7223 = CARTESIAN_POINT('',(0.,-145.));
#7224 = VECTOR('',#7225,1.);
#7225 = DIRECTION('',(1.,0.));
#7226 = ( GEOMETRIC_REPRESENTATION_CONTEXT(2) 
PARAMETRIC_REPRESENTATION_CONTEXT() REPRESENTATION_CONTEXT('2D SPACE',''
  ) );
#7227 = ADVANCED_FACE('',(#7228,#7254,#7285,#7316,#7347),#6848,.F.);
#7228 = FACE_BOUND('',#7229,.F.);
#7229 = EDGE_LOOP('',(#7230,#7231,#7232,#7253));
#7230 = ORIENTED_EDGE('',*,*,#6832,.F.);
#7231 = ORIENTED_EDGE('',*,*,#6917,.T.);
#7232 = ORIENTED_EDGE('',*,*,#7233,.T.);
#7233 = EDGE_CURVE('',#6918,#7183,#7234,.T.);
#7234 = SURFACE_CURVE('',#7235,(#7239,#7246),.PCURVE_S1.);
#7235 = LINE('',#7236,#7237);
#7236 = CARTESIAN_POINT('',(0.,185.,300.));
#7237 = VECTOR('',#7238,1.);
#7238 = DIRECTION('',(1.,0.,0.));
#7239 = PCURVE('',#6848,#7240);
#7240 = DEFINITIONAL_REPRESENTATION('',(#7241),#7245);
#7241 = LINE('',#7242,#7243);
#7242 = CARTESIAN_POINT('',(220.,0.));
#7243 = VECTOR('',#7244,1.);
#7244 = DIRECTION('',(0.,1.));
#7245 = ( GEOMETRIC_REPRESENTATION_CONTEXT(2) 
PARAMETRIC_REPRESENTATION_CONTEXT() REPRESENTATION_CONTEXT('2D SPACE',''
  ) );
#7246 = PCURVE('',#6978,#7247);
#7247 = DEFINITIONAL_REPRESENTATION('',(#7248),#7252);
#7248 = LINE('',#7249,#7250);
#7249 = CARTESIAN_POINT('',(0.,0.));
#7250 = VECTOR('',#7251,1.);
#7251 = DIRECTION('',(0.,-1.));
#7252 = ( GEOMETRIC_REPRESENTATION_CONTEXT(2) 
PARAMETRIC_REPRESENTATION_CONTEXT() REPRESENTATION_CONTEXT('2D SPACE',''
  ) );
#7253 = ORIENTED_EDGE('',*,*,#7182,.F.);
#7254 = FACE_BOUND('',#7255,.F.);
#7255 = EDGE_LOOP('',(#7256));
#7256 = ORIENTED_EDGE('',*,*,#7257,.F.);
#7257 = EDGE_CURVE('',#7258,#7258,#7260,.T.);
#7258 = VERTEX_POINT('',#7259);
#7259 = CARTESIAN_POINT('',(21.2,10.,300.));
#7260 = SURFACE_CURVE('',#7261,(#7266,#7273),.PCURVE_S1.);
#7261 = CIRCLE('',#7262,3.8);
#7262 = AXIS2_PLACEMENT_3D('',#7263,#7264,#7265);
#7263 = CARTESIAN_POINT('',(25.,10.,300.));
#7264 = DIRECTION('',(0.,0.,-1.));
#7265 = DIRECTION('',(-1.,0.,-0.));
#7266 = PCURVE('',#6848,#7267);
#7267 = DEFINITIONAL_REPRESENTATION('',(#7268),#7272);
#7268 = CIRCLE('',#7269,3.8);
#7269 = AXIS2_PLACEMENT_2D('',#7270,#7271);
#7270 = CARTESIAN_POINT('',(45.,25.));
#7271 = DIRECTION('',(0.,-1.));
#7272 = ( GEOMETRIC_REPRESENTATION_CONTEXT(2) 
PARAMETRIC_REPRESENTATION_CONTEXT() REPRESENTATION_CONTEXT('2D SPACE',''
  ) );
#7273 = PCURVE('',#7274,#7279);
#7274 = CONICAL_SURFACE('',#7275,3.85,0.785398163397);
#7275 = AXIS2_PLACEMENT_3D('',#7276,#7277,#7278);
#7276 = CARTESIAN_POINT('',(25.,10.,300.05));
#7277 = DIRECTION('',(-0.,-0.,1.));
#7278 = DIRECTION('',(-1.,0.,-0.));
#7279 = DEFINITIONAL_REPRESENTATION('',(#7280),#7284);
#7280 = LINE('',#7281,#7282);
#7281 = CARTESIAN_POINT('',(-0.,-5.000000000001E-02));
#7282 = VECTOR('',#7283,1.);
#7283 = DIRECTION('',(-1.,-0.));
#7284 = ( GEOMETRIC_REPRESENTATION_CONTEXT(2) 
PARAMETRIC_REPRESENTATION_CONTEXT() REPRESENTATION_CONTEXT('2D SPACE',''
  ) );
#7285 = FACE_BOUND('',#7286,.F.);
#7286 = EDGE_LOOP('',(#7287));
#7287 = ORIENTED_EDGE('',*,*,#7288,.F.);
#7288 = EDGE_CURVE('',#7289,#7289,#7291,.T.);
#7289 = VERTEX_POINT('',#7290);
#7290 = CARTESIAN_POINT('',(21.2,175.,300.));
#7291 = SURFACE_CURVE('',#7292,(#7297,#7304),.PCURVE_S1.);
#7292 = CIRCLE('',#7293,3.8);
#7293 = AXIS2_PLACEMENT_3D('',#7294,#7295,#7296);
#7294 = CARTESIAN_POINT('',(25.,175.,300.));
#7295 = DIRECTION('',(0.,0.,-1.));
#7296 = DIRECTION('',(-1.,0.,-0.));
#7297 = PCURVE('',#6848,#7298);
#7298 = DEFINITIONAL_REPRESENTATION('',(#7299),#7303);
#7299 = CIRCLE('',#7300,3.8);
#7300 = AXIS2_PLACEMENT_2D('',#7301,#7302);
#7301 = CARTESIAN_POINT('',(210.,25.));
#7302 = DIRECTION('',(0.,-1.));
#7303 = ( GEOMETRIC_REPRESENTATION_CONTEXT(2) 
PARAMETRIC_REPRESENTATION_CONTEXT() REPRESENTATION_CONTEXT('2D SPACE',''
  ) );
#7304 = PCURVE('',#7305,#7310);
#7305 = CONICAL_SURFACE('',#7306,3.85,0.785398163397);
#7306 = AXIS2_PLACEMENT_3D('',#7307,#7308,#7309);
#7307 = CARTESIAN_POINT('',(25.,175.,300.05));
#7308 = DIRECTION('',(-0.,-0.,1.));
#7309 = DIRECTION('',(-1.,0.,-0.));
#7310 = DEFINITIONAL_REPRESENTATION('',(#7311),#7315);
#7311 = LINE('',#7312,#7313);
#7312 = CARTESIAN_POINT('',(-0.,-5.000000000001E-02));
#7313 = VECTOR('',#7314,1.);
#7314 = DIRECTION('',(-1.,-0.));
#7315 = ( GEOMETRIC_REPRESENTATION_CONTEXT(2) 
PARAMETRIC_REPRESENTATION_CONTEXT() REPRESENTATION_CONTEXT('2D SPACE',''
  ) );
#7316 = FACE_BOUND('',#7317,.F.);
#7317 = EDGE_LOOP('',(#7318));
#7318 = ORIENTED_EDGE('',*,*,#7319,.F.);
#7319 = EDGE_CURVE('',#7320,#7320,#7322,.T.);
#7320 = VERTEX_POINT('',#7321);
#7321 = CARTESIAN_POINT('',(116.2,10.,300.));
#7322 = SURFACE_CURVE('',#7323,(#7328,#7335),.PCURVE_S1.);
#7323 = CIRCLE('',#7324,3.8);
#7324 = AXIS2_PLACEMENT_3D('',#7325,#7326,#7327);
#7325 = CARTESIAN_POINT('',(120.,10.,300.));
#7326 = DIRECTION('',(0.,0.,-1.));
#7327 = DIRECTION('',(-1.,0.,-0.));
#7328 = PCURVE('',#6848,#7329);
#7329 = DEFINITIONAL_REPRESENTATION('',(#7330),#7334);
#7330 = CIRCLE('',#7331,3.8);
#7331 = AXIS2_PLACEMENT_2D('',#7332,#7333);
#7332 = CARTESIAN_POINT('',(45.,120.));
#7333 = DIRECTION('',(0.,-1.));
#7334 = ( GEOMETRIC_REPRESENTATION_CONTEXT(2) 
PARAMETRIC_REPRESENTATION_CONTEXT() REPRESENTATION_CONTEXT('2D SPACE',''
  ) );
#7335 = PCURVE('',#7336,#7341);
#7336 = CONICAL_SURFACE('',#7337,3.85,0.785398163397);
#7337 = AXIS2_PLACEMENT_3D('',#7338,#7339,#7340);
#7338 = CARTESIAN_POINT('',(120.,10.,300.05));
#7339 = DIRECTION('',(-0.,-0.,1.));
#7340 = DIRECTION('',(-1.,0.,-0.));
#7341 = DEFINITIONAL_REPRESENTATION('',(#7342),#7346);
#7342 = LINE('',#7343,#7344);
#7343 = CARTESIAN_POINT('',(-0.,-5.000000000001E-02));
#7344 = VECTOR('',#7345,1.);
#7345 = DIRECTION('',(-1.,-0.));
#7346 = ( GEOMETRIC_REPRESENTATION_CONTEXT(2) 
PARAMETRIC_REPRESENTATION_CONTEXT() REPRESENTATION_CONTEXT('2D SPACE',''
  ) );
#7347 = FACE_BOUND('',#7348,.F.);
#7348 = EDGE_LOOP('',(#7349));
#7349 = ORIENTED_EDGE('',*,*,#7350,.F.);
#7350 = EDGE_CURVE('',#7351,#7351,#7353,.T.);
#7351 = VERTEX_POINT('',#7352);
#7352 = CARTESIAN_POINT('',(116.2,175.,300.));
#7353 = SURFACE_CURVE('',#7354,(#7359,#7366),.PCURVE_S1.);
#7354 = CIRCLE('',#7355,3.8);
#7355 = AXIS2_PLACEMENT_3D('',#7356,#7357,#7358);
#7356 = CARTESIAN_POINT('',(120.,175.,300.));
#7357 = DIRECTION('',(0.,0.,-1.));
#7358 = DIRECTION('',(-1.,0.,-0.));
#7359 = PCURVE('',#6848,#7360);
#7360 = DEFINITIONAL_REPRESENTATION('',(#7361),#7365);
#7361 = CIRCLE('',#7362,3.8);
#7362 = AXIS2_PLACEMENT_2D('',#7363,#7364);
#7363 = CARTESIAN_POINT('',(210.,120.));
#7364 = DIRECTION('',(0.,-1.));
#7365 = ( GEOMETRIC_REPRESENTATION_CONTEXT(2) 
PARAMETRIC_REPRESENTATION_CONTEXT() REPRESENTATION_CONTEXT('2D SPACE',''
  ) );
#7366 = PCURVE('',#7367,#7372);
#7367 = CONICAL_SURFACE('',#7368,3.85,0.785398163397);
#7368 = AXIS2_PLACEMENT_3D('',#7369,#7370,#7371);
#7369 = CARTESIAN_POINT('',(120.,175.,300.05));
#7370 = DIRECTION('',(-0.,-0.,1.));
#7371 = DIRECTION('',(-1.,0.,-0.));
#7372 = DEFINITIONAL_REPRESENTATION('',(#7373),#7377);
#7373 = LINE('',#7374,#7375);
#7374 = CARTESIAN_POINT('',(-0.,-5.000000000001E-02));
#7375 = VECTOR('',#7376,1.);
#7376 = DIRECTION('',(-1.,-0.));
#7377 = ( GEOMETRIC_REPRESENTATION_CONTEXT(2) 
PARAMETRIC_REPRESENTATION_CONTEXT() REPRESENTATION_CONTEXT('2D SPACE',''
  ) );
#7378 = ADVANCED_FACE('',(#7379),#6978,.T.);
#7379 = FACE_BOUND('',#7380,.T.);
#7380 = EDGE_LOOP('',(#7381,#7382,#7383,#7384));
#7381 = ORIENTED_EDGE('',*,*,#6964,.F.);
#7382 = ORIENTED_EDGE('',*,*,#7233,.T.);
#7383 = ORIENTED_EDGE('',*,*,#7207,.T.);
#7384 = ORIENTED_EDGE('',*,*,#6995,.F.);
#7385 = ADVANCED_FACE('',(#7386),#7062,.F.);
#7386 = FACE_BOUND('',#7387,.T.);
#7387 = EDGE_LOOP('',(#7388,#7411,#7435,#7457,#7458));
#7388 = ORIENTED_EDGE('',*,*,#7389,.F.);
#7389 = EDGE_CURVE('',#7390,#7042,#7392,.T.);
#7390 = VERTEX_POINT('',#7391);
#7391 = CARTESIAN_POINT('',(26.25,10.,297.45));
#7392 = SEAM_CURVE('',#7393,(#7397,#7404),.PCURVE_S1.);
#7393 = LINE('',#7394,#7395);
#7394 = CARTESIAN_POINT('',(26.25,10.,300.05));
#7395 = VECTOR('',#7396,1.);
#7396 = DIRECTION('',(0.,0.,-1.));
#7397 = PCURVE('',#7062,#7398);
#7398 = DEFINITIONAL_REPRESENTATION('',(#7399),#7403);
#7399 = LINE('',#7400,#7401);
#7400 = CARTESIAN_POINT('',(-6.28318530718,0.));
#7401 = VECTOR('',#7402,1.);
#7402 = DIRECTION('',(-0.,-1.));
#7403 = ( GEOMETRIC_REPRESENTATION_CONTEXT(2) 
PARAMETRIC_REPRESENTATION_CONTEXT() REPRESENTATION_CONTEXT('2D SPACE',''
  ) );
#7404 = PCURVE('',#7062,#7405);
#7405 = DEFINITIONAL_REPRESENTATION('',(#7406),#7410);
#7406 = LINE('',#7407,#7408);
#7407 = CARTESIAN_POINT('',(-0.,0.));
#7408 = VECTOR('',#7409,1.);
#7409 = DIRECTION('',(-0.,-1.));
#7410 = ( GEOMETRIC_REPRESENTATION_CONTEXT(2) 
PARAMETRIC_REPRESENTATION_CONTEXT() REPRESENTATION_CONTEXT('2D SPACE',''
  ) );
#7411 = ORIENTED_EDGE('',*,*,#7412,.F.);
#7412 = EDGE_CURVE('',#7413,#7390,#7415,.T.);
#7413 = VERTEX_POINT('',#7414);
#7414 = CARTESIAN_POINT('',(23.75,10.,297.45));
#7415 = SURFACE_CURVE('',#7416,(#7421,#7428),.PCURVE_S1.);
#7416 = CIRCLE('',#7417,1.25);
#7417 = AXIS2_PLACEMENT_3D('',#7418,#7419,#7420);
#7418 = CARTESIAN_POINT('',(25.,10.,297.45));
#7419 = DIRECTION('',(0.,0.,-1.));
#7420 = DIRECTION('',(-1.,0.,-0.));
#7421 = PCURVE('',#7062,#7422);
#7422 = DEFINITIONAL_REPRESENTATION('',(#7423),#7427);
#7423 = LINE('',#7424,#7425);
#7424 = CARTESIAN_POINT('',(-3.14159265359,-2.6));
#7425 = VECTOR('',#7426,1.);
#7426 = DIRECTION('',(-1.,0.));
#7427 = ( GEOMETRIC_REPRESENTATION_CONTEXT(2) 
PARAMETRIC_REPRESENTATION_CONTEXT() REPRESENTATION_CONTEXT('2D SPACE',''
  ) );
#7428 = PCURVE('',#7274,#7429);
#7429 = DEFINITIONAL_REPRESENTATION('',(#7430),#7434);
#7430 = LINE('',#7431,#7432);
#7431 = CARTESIAN_POINT('',(-0.,-2.6));
#7432 = VECTOR('',#7433,1.);
#7433 = DIRECTION('',(-1.,-0.));
#7434 = ( GEOMETRIC_REPRESENTATION_CONTEXT(2) 
PARAMETRIC_REPRESENTATION_CONTEXT() REPRESENTATION_CONTEXT('2D SPACE',''
  ) );
#7435 = ORIENTED_EDGE('',*,*,#7436,.F.);
#7436 = EDGE_CURVE('',#7390,#7413,#7437,.T.);
#7437 = SURFACE_CURVE('',#7438,(#7443,#7450),.PCURVE_S1.);
#7438 = CIRCLE('',#7439,1.25);
#7439 = AXIS2_PLACEMENT_3D('',#7440,#7441,#7442);
#7440 = CARTESIAN_POINT('',(25.,10.,297.45));
#7441 = DIRECTION('',(0.,0.,-1.));
#7442 = DIRECTION('',(-1.,0.,-0.));
#7443 = PCURVE('',#7062,#7444);
#7444 = DEFINITIONAL_REPRESENTATION('',(#7445),#7449);
#7445 = LINE('',#7446,#7447);
#7446 = CARTESIAN_POINT('',(3.14159265359,-2.6));
#7447 = VECTOR('',#7448,1.);
#7448 = DIRECTION('',(-1.,0.));
#7449 = ( GEOMETRIC_REPRESENTATION_CONTEXT(2) 
PARAMETRIC_REPRESENTATION_CONTEXT() REPRESENTATION_CONTEXT('2D SPACE',''
  ) );
#7450 = PCURVE('',#7274,#7451);
#7451 = DEFINITIONAL_REPRESENTATION('',(#7452),#7456);
#7452 = LINE('',#7453,#7454);
#7453 = CARTESIAN_POINT('',(-0.,-2.6));
#7454 = VECTOR('',#7455,1.);
#7455 = DIRECTION('',(-1.,-0.));
#7456 = ( GEOMETRIC_REPRESENTATION_CONTEXT(2) 
PARAMETRIC_REPRESENTATION_CONTEXT() REPRESENTATION_CONTEXT('2D SPACE',''
  ) );
#7457 = ORIENTED_EDGE('',*,*,#7389,.T.);
#7458 = ORIENTED_EDGE('',*,*,#7041,.F.);
#7459 = ADVANCED_FACE('',(#7460),#7097,.F.);
#7460 = FACE_BOUND('',#7461,.T.);
#7461 = EDGE_LOOP('',(#7462,#7485,#7509,#7531,#7532));
#7462 = ORIENTED_EDGE('',*,*,#7463,.F.);
#7463 = EDGE_CURVE('',#7464,#7077,#7466,.T.);
#7464 = VERTEX_POINT('',#7465);
#7465 = CARTESIAN_POINT('',(26.25,175.,297.45));
#7466 = SEAM_CURVE('',#7467,(#7471,#7478),.PCURVE_S1.);
#7467 = LINE('',#7468,#7469);
#7468 = CARTESIAN_POINT('',(26.25,175.,300.05));
#7469 = VECTOR('',#7470,1.);
#7470 = DIRECTION('',(0.,0.,-1.));
#7471 = PCURVE('',#7097,#7472);
#7472 = DEFINITIONAL_REPRESENTATION('',(#7473),#7477);
#7473 = LINE('',#7474,#7475);
#7474 = CARTESIAN_POINT('',(-6.28318530718,0.));
#7475 = VECTOR('',#7476,1.);
#7476 = DIRECTION('',(-0.,-1.));
#7477 = ( GEOMETRIC_REPRESENTATION_CONTEXT(2) 
PARAMETRIC_REPRESENTATION_CONTEXT() REPRESENTATION_CONTEXT('2D SPACE',''
  ) );
#7478 = PCURVE('',#7097,#7479);
#7479 = DEFINITIONAL_REPRESENTATION('',(#7480),#7484);
#7480 = LINE('',#7481,#7482);
#7481 = CARTESIAN_POINT('',(-0.,0.));
#7482 = VECTOR('',#7483,1.);
#7483 = DIRECTION('',(-0.,-1.));
#7484 = ( GEOMETRIC_REPRESENTATION_CONTEXT(2) 
PARAMETRIC_REPRESENTATION_CONTEXT() REPRESENTATION_CONTEXT('2D SPACE',''
  ) );
#7485 = ORIENTED_EDGE('',*,*,#7486,.F.);
#7486 = EDGE_CURVE('',#7487,#7464,#7489,.T.);
#7487 = VERTEX_POINT('',#7488);
#7488 = CARTESIAN_POINT('',(23.75,175.,297.45));
#7489 = SURFACE_CURVE('',#7490,(#7495,#7502),.PCURVE_S1.);
#7490 = CIRCLE('',#7491,1.25);
#7491 = AXIS2_PLACEMENT_3D('',#7492,#7493,#7494);
#7492 = CARTESIAN_POINT('',(25.,175.,297.45));
#7493 = DIRECTION('',(0.,0.,-1.));
#7494 = DIRECTION('',(-1.,0.,-0.));
#7495 = PCURVE('',#7097,#7496);
#7496 = DEFINITIONAL_REPRESENTATION('',(#7497),#7501);
#7497 = LINE('',#7498,#7499);
#7498 = CARTESIAN_POINT('',(-3.14159265359,-2.6));
#7499 = VECTOR('',#7500,1.);
#7500 = DIRECTION('',(-1.,0.));
#7501 = ( GEOMETRIC_REPRESENTATION_CONTEXT(2) 
PARAMETRIC_REPRESENTATION_CONTEXT() REPRESENTATION_CONTEXT('2D SPACE',''
  ) );
#7502 = PCURVE('',#7305,#7503);
#7503 = DEFINITIONAL_REPRESENTATION('',(#7504),#7508);
#7504 = LINE('',#7505,#7506);
#7505 = CARTESIAN_POINT('',(-0.,-2.6));
#7506 = VECTOR('',#7507,1.);
#7507 = DIRECTION('',(-1.,-0.));
#7508 = ( GEOMETRIC_REPRESENTATION_CONTEXT(2) 
PARAMETRIC_REPRESENTATION_CONTEXT() REPRESENTATION_CONTEXT('2D SPACE',''
  ) );
#7509 = ORIENTED_EDGE('',*,*,#7510,.F.);
#7510 = EDGE_CURVE('',#7464,#7487,#7511,.T.);
#7511 = SURFACE_CURVE('',#7512,(#7517,#7524),.PCURVE_S1.);
#7512 = CIRCLE('',#7513,1.25);
#7513 = AXIS2_PLACEMENT_3D('',#7514,#7515,#7516);
#7514 = CARTESIAN_POINT('',(25.,175.,297.45));
#7515 = DIRECTION('',(0.,0.,-1.));
#7516 = DIRECTION('',(-1.,0.,-0.));
#7517 = PCURVE('',#7097,#7518);
#7518 = DEFINITIONAL_REPRESENTATION('',(#7519),#7523);
#7519 = LINE('',#7520,#7521);
#7520 = CARTESIAN_POINT('',(3.14159265359,-2.6));
#7521 = VECTOR('',#7522,1.);
#7522 = DIRECTION('',(-1.,0.));
#7523 = ( GEOMETRIC_REPRESENTATION_CONTEXT(2) 
PARAMETRIC_REPRESENTATION_CONTEXT() REPRESENTATION_CONTEXT('2D SPACE',''
  ) );
#7524 = PCURVE('',#7305,#7525);
#7525 = DEFINITIONAL_REPRESENTATION('',(#7526),#7530);
#7526 = LINE('',#7527,#7528);
#7527 = CARTESIAN_POINT('',(-0.,-2.6));
#7528 = VECTOR('',#7529,1.);
#7529 = DIRECTION('',(-1.,-0.));
#7530 = ( GEOMETRIC_REPRESENTATION_CONTEXT(2) 
PARAMETRIC_REPRESENTATION_CONTEXT() REPRESENTATION_CONTEXT('2D SPACE',''
  ) );
#7531 = ORIENTED_EDGE('',*,*,#7463,.T.);
#7532 = ORIENTED_EDGE('',*,*,#7076,.F.);
#7533 = ADVANCED_FACE('',(#7534),#7132,.F.);
#7534 = FACE_BOUND('',#7535,.T.);
#7535 = EDGE_LOOP('',(#7536,#7559,#7583,#7605,#7606));
#7536 = ORIENTED_EDGE('',*,*,#7537,.F.);
#7537 = EDGE_CURVE('',#7538,#7112,#7540,.T.);
#7538 = VERTEX_POINT('',#7539);
#7539 = CARTESIAN_POINT('',(121.25,10.,297.45));
#7540 = SEAM_CURVE('',#7541,(#7545,#7552),.PCURVE_S1.);
#7541 = LINE('',#7542,#7543);
#7542 = CARTESIAN_POINT('',(121.25,10.,300.05));
#7543 = VECTOR('',#7544,1.);
#7544 = DIRECTION('',(0.,0.,-1.));
#7545 = PCURVE('',#7132,#7546);
#7546 = DEFINITIONAL_REPRESENTATION('',(#7547),#7551);
#7547 = LINE('',#7548,#7549);
#7548 = CARTESIAN_POINT('',(-6.28318530718,0.));
#7549 = VECTOR('',#7550,1.);
#7550 = DIRECTION('',(-0.,-1.));
#7551 = ( GEOMETRIC_REPRESENTATION_CONTEXT(2) 
PARAMETRIC_REPRESENTATION_CONTEXT() REPRESENTATION_CONTEXT('2D SPACE',''
  ) );
#7552 = PCURVE('',#7132,#7553);
#7553 = DEFINITIONAL_REPRESENTATION('',(#7554),#7558);
#7554 = LINE('',#7555,#7556);
#7555 = CARTESIAN_POINT('',(-0.,0.));
#7556 = VECTOR('',#7557,1.);
#7557 = DIRECTION('',(-0.,-1.));
#7558 = ( GEOMETRIC_REPRESENTATION_CONTEXT(2) 
PARAMETRIC_REPRESENTATION_CONTEXT() REPRESENTATION_CONTEXT('2D SPACE',''
  ) );
#7559 = ORIENTED_EDGE('',*,*,#7560,.F.);
#7560 = EDGE_CURVE('',#7561,#7538,#7563,.T.);
#7561 = VERTEX_POINT('',#7562);
#7562 = CARTESIAN_POINT('',(118.75,10.,297.45));
#7563 = SURFACE_CURVE('',#7564,(#7569,#7576),.PCURVE_S1.);
#7564 = CIRCLE('',#7565,1.25);
#7565 = AXIS2_PLACEMENT_3D('',#7566,#7567,#7568);
#7566 = CARTESIAN_POINT('',(120.,10.,297.45));
#7567 = DIRECTION('',(0.,0.,-1.));
#7568 = DIRECTION('',(-1.,0.,-0.));
#7569 = PCURVE('',#7132,#7570);
#7570 = DEFINITIONAL_REPRESENTATION('',(#7571),#7575);
#7571 = LINE('',#7572,#7573);
#7572 = CARTESIAN_POINT('',(-3.14159265359,-2.6));
#7573 = VECTOR('',#7574,1.);
#7574 = DIRECTION('',(-1.,0.));
#7575 = ( GEOMETRIC_REPRESENTATION_CONTEXT(2) 
PARAMETRIC_REPRESENTATION_CONTEXT() REPRESENTATION_CONTEXT('2D SPACE',''
  ) );
#7576 = PCURVE('',#7336,#7577);
#7577 = DEFINITIONAL_REPRESENTATION('',(#7578),#7582);
#7578 = LINE('',#7579,#7580);
#7579 = CARTESIAN_POINT('',(-0.,-2.6));
#7580 = VECTOR('',#7581,1.);
#7581 = DIRECTION('',(-1.,-0.));
#7582 = ( GEOMETRIC_REPRESENTATION_CONTEXT(2) 
PARAMETRIC_REPRESENTATION_CONTEXT() REPRESENTATION_CONTEXT('2D SPACE',''
  ) );
#7583 = ORIENTED_EDGE('',*,*,#7584,.F.);
#7584 = EDGE_CURVE('',#7538,#7561,#7585,.T.);
#7585 = SURFACE_CURVE('',#7586,(#7591,#7598),.PCURVE_S1.);
#7586 = CIRCLE('',#7587,1.25);
#7587 = AXIS2_PLACEMENT_3D('',#7588,#7589,#7590);
#7588 = CARTESIAN_POINT('',(120.,10.,297.45));
#7589 = DIRECTION('',(0.,0.,-1.));
#7590 = DIRECTION('',(-1.,0.,-0.));
#7591 = PCURVE('',#7132,#7592);
#7592 = DEFINITIONAL_REPRESENTATION('',(#7593),#7597);
#7593 = LINE('',#7594,#7595);
#7594 = CARTESIAN_POINT('',(3.14159265359,-2.6));
#7595 = VECTOR('',#7596,1.);
#7596 = DIRECTION('',(-1.,0.));
#7597 = ( GEOMETRIC_REPRESENTATION_CONTEXT(2) 
PARAMETRIC_REPRESENTATION_CONTEXT() REPRESENTATION_CONTEXT('2D SPACE',''
  ) );
#7598 = PCURVE('',#7336,#7599);
#7599 = DEFINITIONAL_REPRESENTATION('',(#7600),#7604);
#7600 = LINE('',#7601,#7602);
#7601 = CARTESIAN_POINT('',(-0.,-2.6));
#7602 = VECTOR('',#7603,1.);
#7603 = DIRECTION('',(-1.,-0.));
#7604 = ( GEOMETRIC_REPRESENTATION_CONTEXT(2) 
PARAMETRIC_REPRESENTATION_CONTEXT() REPRESENTATION_CONTEXT('2D SPACE',''
  ) );
#7605 = ORIENTED_EDGE('',*,*,#7537,.T.);
#7606 = ORIENTED_EDGE('',*,*,#7111,.F.);
#7607 = ADVANCED_FACE('',(#7608),#7167,.F.);
#7608 = FACE_BOUND('',#7609,.T.);
#7609 = EDGE_LOOP('',(#7610,#7633,#7657,#7679,#7680));
#7610 = ORIENTED_EDGE('',*,*,#7611,.F.);
#7611 = EDGE_CURVE('',#7612,#7147,#7614,.T.);
#7612 = VERTEX_POINT('',#7613);
#7613 = CARTESIAN_POINT('',(121.25,175.,297.45));
#7614 = SEAM_CURVE('',#7615,(#7619,#7626),.PCURVE_S1.);
#7615 = LINE('',#7616,#7617);
#7616 = CARTESIAN_POINT('',(121.25,175.,300.05));
#7617 = VECTOR('',#7618,1.);
#7618 = DIRECTION('',(0.,0.,-1.));
#7619 = PCURVE('',#7167,#7620);
#7620 = DEFINITIONAL_REPRESENTATION('',(#7621),#7625);
#7621 = LINE('',#7622,#7623);
#7622 = CARTESIAN_POINT('',(-6.28318530718,0.));
#7623 = VECTOR('',#7624,1.);
#7624 = DIRECTION('',(-0.,-1.));
#7625 = ( GEOMETRIC_REPRESENTATION_CONTEXT(2) 
PARAMETRIC_REPRESENTATION_CONTEXT() REPRESENTATION_CONTEXT('2D SPACE',''
  ) );
#7626 = PCURVE('',#7167,#7627);
#7627 = DEFINITIONAL_REPRESENTATION('',(#7628),#7632);
#7628 = LINE('',#7629,#7630);
#7629 = CARTESIAN_POINT('',(-0.,0.));
#7630 = VECTOR('',#7631,1.);
#7631 = DIRECTION('',(-0.,-1.));
#7632 = ( GEOMETRIC_REPRESENTATION_CONTEXT(2) 
PARAMETRIC_REPRESENTATION_CONTEXT() REPRESENTATION_CONTEXT('2D SPACE',''
  ) );
#7633 = ORIENTED_EDGE('',*,*,#7634,.F.);
#7634 = EDGE_CURVE('',#7635,#7612,#7637,.T.);
#7635 = VERTEX_POINT('',#7636);
#7636 = CARTESIAN_POINT('',(118.75,175.,297.45));
#7637 = SURFACE_CURVE('',#7638,(#7643,#7650),.PCURVE_S1.);
#7638 = CIRCLE('',#7639,1.25);
#7639 = AXIS2_PLACEMENT_3D('',#7640,#7641,#7642);
#7640 = CARTESIAN_POINT('',(120.,175.,297.45));
#7641 = DIRECTION('',(0.,0.,-1.));
#7642 = DIRECTION('',(-1.,0.,-0.));
#7643 = PCURVE('',#7167,#7644);
#7644 = DEFINITIONAL_REPRESENTATION('',(#7645),#7649);
#7645 = LINE('',#7646,#7647);
#7646 = CARTESIAN_POINT('',(-3.14159265359,-2.6));
#7647 = VECTOR('',#7648,1.);
#7648 = DIRECTION('',(-1.,0.));
#7649 = ( GEOMETRIC_REPRESENTATION_CONTEXT(2) 
PARAMETRIC_REPRESENTATION_CONTEXT() REPRESENTATION_CONTEXT('2D SPACE',''
  ) );
#7650 = PCURVE('',#7367,#7651);
#7651 = DEFINITIONAL_REPRESENTATION('',(#7652),#7656);
#7652 = LINE('',#7653,#7654);
#7653 = CARTESIAN_POINT('',(-0.,-2.6));
#7654 = VECTOR('',#7655,1.);
#7655 = DIRECTION('',(-1.,-0.));
#7656 = ( GEOMETRIC_REPRESENTATION_CONTEXT(2) 
PARAMETRIC_REPRESENTATION_CONTEXT() REPRESENTATION_CONTEXT('2D SPACE',''
  ) );
#7657 = ORIENTED_EDGE('',*,*,#7658,.F.);
#7658 = EDGE_CURVE('',#7612,#7635,#7659,.T.);
#7659 = SURFACE_CURVE('',#7660,(#7665,#7672),.PCURVE_S1.);
#7660 = CIRCLE('',#7661,1.25);
#7661 = AXIS2_PLACEMENT_3D('',#7662,#7663,#7664);
#7662 = CARTESIAN_POINT('',(120.,175.,297.45));
#7663 = DIRECTION('',(0.,0.,-1.));
#7664 = DIRECTION('',(-1.,0.,-0.));
#7665 = PCURVE('',#7167,#7666);
#7666 = DEFINITIONAL_REPRESENTATION('',(#7667),#7671);
#7667 = LINE('',#7668,#7669);
#7668 = CARTESIAN_POINT('',(3.14159265359,-2.6));
#7669 = VECTOR('',#7670,1.);
#7670 = DIRECTION('',(-1.,0.));
#7671 = ( GEOMETRIC_REPRESENTATION_CONTEXT(2) 
PARAMETRIC_REPRESENTATION_CONTEXT() REPRESENTATION_CONTEXT('2D SPACE',''
  ) );
#7672 = PCURVE('',#7367,#7673);
#7673 = DEFINITIONAL_REPRESENTATION('',(#7674),#7678);
#7674 = LINE('',#7675,#7676);
#7675 = CARTESIAN_POINT('',(-0.,-2.6));
#7676 = VECTOR('',#7677,1.);
#7677 = DIRECTION('',(-1.,-0.));
#7678 = ( GEOMETRIC_REPRESENTATION_CONTEXT(2) 
PARAMETRIC_REPRESENTATION_CONTEXT() REPRESENTATION_CONTEXT('2D SPACE',''
  ) );
#7679 = ORIENTED_EDGE('',*,*,#7611,.T.);
#7680 = ORIENTED_EDGE('',*,*,#7146,.F.);
#7681 = ADVANCED_FACE('',(#7682),#7274,.F.);
#7682 = FACE_BOUND('',#7683,.F.);
#7683 = EDGE_LOOP('',(#7684,#7685,#7706,#7707,#7708));
#7684 = ORIENTED_EDGE('',*,*,#7257,.T.);
#7685 = ORIENTED_EDGE('',*,*,#7686,.T.);
#7686 = EDGE_CURVE('',#7258,#7413,#7687,.T.);
#7687 = SEAM_CURVE('',#7688,(#7692,#7699),.PCURVE_S1.);
#7688 = LINE('',#7689,#7690);
#7689 = CARTESIAN_POINT('',(21.15,10.,300.05));
#7690 = VECTOR('',#7691,1.);
#7691 = DIRECTION('',(0.707106781187,1.731912112471E-16,-0.707106781187)
  );
#7692 = PCURVE('',#7274,#7693);
#7693 = DEFINITIONAL_REPRESENTATION('',(#7694),#7698);
#7694 = LINE('',#7695,#7696);
#7695 = CARTESIAN_POINT('',(0.,-0.));
#7696 = VECTOR('',#7697,1.);
#7697 = DIRECTION('',(-0.,-1.));
#7698 = ( GEOMETRIC_REPRESENTATION_CONTEXT(2) 
PARAMETRIC_REPRESENTATION_CONTEXT() REPRESENTATION_CONTEXT('2D SPACE',''
  ) );
#7699 = PCURVE('',#7274,#7700);
#7700 = DEFINITIONAL_REPRESENTATION('',(#7701),#7705);
#7701 = LINE('',#7702,#7703);
#7702 = CARTESIAN_POINT('',(-6.28318530718,0.));
#7703 = VECTOR('',#7704,1.);
#7704 = DIRECTION('',(-0.,-1.));
#7705 = ( GEOMETRIC_REPRESENTATION_CONTEXT(2) 
PARAMETRIC_REPRESENTATION_CONTEXT() REPRESENTATION_CONTEXT('2D SPACE',''
  ) );
#7706 = ORIENTED_EDGE('',*,*,#7436,.F.);
#7707 = ORIENTED_EDGE('',*,*,#7412,.F.);
#7708 = ORIENTED_EDGE('',*,*,#7686,.F.);
#7709 = ADVANCED_FACE('',(#7710),#7305,.F.);
#7710 = FACE_BOUND('',#7711,.F.);
#7711 = EDGE_LOOP('',(#7712,#7713,#7734,#7735,#7736));
#7712 = ORIENTED_EDGE('',*,*,#7288,.T.);
#7713 = ORIENTED_EDGE('',*,*,#7714,.T.);
#7714 = EDGE_CURVE('',#7289,#7487,#7715,.T.);
#7715 = SEAM_CURVE('',#7716,(#7720,#7727),.PCURVE_S1.);
#7716 = LINE('',#7717,#7718);
#7717 = CARTESIAN_POINT('',(21.15,175.,300.05));
#7718 = VECTOR('',#7719,1.);
#7719 = DIRECTION('',(0.707106781187,1.731912112471E-16,-0.707106781187)
  );
#7720 = PCURVE('',#7305,#7721);
#7721 = DEFINITIONAL_REPRESENTATION('',(#7722),#7726);
#7722 = LINE('',#7723,#7724);
#7723 = CARTESIAN_POINT('',(0.,-0.));
#7724 = VECTOR('',#7725,1.);
#7725 = DIRECTION('',(-0.,-1.));
#7726 = ( GEOMETRIC_REPRESENTATION_CONTEXT(2) 
PARAMETRIC_REPRESENTATION_CONTEXT() REPRESENTATION_CONTEXT('2D SPACE',''
  ) );
#7727 = PCURVE('',#7305,#7728);
#7728 = DEFINITIONAL_REPRESENTATION('',(#7729),#7733);
#7729 = LINE('',#7730,#7731);
#7730 = CARTESIAN_POINT('',(-6.28318530718,0.));
#7731 = VECTOR('',#7732,1.);
#7732 = DIRECTION('',(-0.,-1.));
#7733 = ( GEOMETRIC_REPRESENTATION_CONTEXT(2) 
PARAMETRIC_REPRESENTATION_CONTEXT() REPRESENTATION_CONTEXT('2D SPACE',''
  ) );
#7734 = ORIENTED_EDGE('',*,*,#7510,.F.);
#7735 = ORIENTED_EDGE('',*,*,#7486,.F.);
#7736 = ORIENTED_EDGE('',*,*,#7714,.F.);
#7737 = ADVANCED_FACE('',(#7738),#7336,.F.);
#7738 = FACE_BOUND('',#7739,.F.);
#7739 = EDGE_LOOP('',(#7740,#7741,#7762,#7763,#7764));
#7740 = ORIENTED_EDGE('',*,*,#7319,.T.);
#7741 = ORIENTED_EDGE('',*,*,#7742,.T.);
#7742 = EDGE_CURVE('',#7320,#7561,#7743,.T.);
#7743 = SEAM_CURVE('',#7744,(#7748,#7755),.PCURVE_S1.);
#7744 = LINE('',#7745,#7746);
#7745 = CARTESIAN_POINT('',(116.15,10.,300.05));
#7746 = VECTOR('',#7747,1.);
#7747 = DIRECTION('',(0.707106781187,1.731912112471E-16,-0.707106781187)
  );
#7748 = PCURVE('',#7336,#7749);
#7749 = DEFINITIONAL_REPRESENTATION('',(#7750),#7754);
#7750 = LINE('',#7751,#7752);
#7751 = CARTESIAN_POINT('',(0.,-0.));
#7752 = VECTOR('',#7753,1.);
#7753 = DIRECTION('',(-0.,-1.));
#7754 = ( GEOMETRIC_REPRESENTATION_CONTEXT(2) 
PARAMETRIC_REPRESENTATION_CONTEXT() REPRESENTATION_CONTEXT('2D SPACE',''
  ) );
#7755 = PCURVE('',#7336,#7756);
#7756 = DEFINITIONAL_REPRESENTATION('',(#7757),#7761);
#7757 = LINE('',#7758,#7759);
#7758 = CARTESIAN_POINT('',(-6.28318530718,0.));
#7759 = VECTOR('',#7760,1.);
#7760 = DIRECTION('',(-0.,-1.));
#7761 = ( GEOMETRIC_REPRESENTATION_CONTEXT(2) 
PARAMETRIC_REPRESENTATION_CONTEXT() REPRESENTATION_CONTEXT('2D SPACE',''
  ) );
#7762 = ORIENTED_EDGE('',*,*,#7584,.F.);
#7763 = ORIENTED_EDGE('',*,*,#7560,.F.);
#7764 = ORIENTED_EDGE('',*,*,#7742,.F.);
#7765 = ADVANCED_FACE('',(#7766),#7367,.F.);
#7766 = FACE_BOUND('',#7767,.F.);
#7767 = EDGE_LOOP('',(#7768,#7769,#7790,#7791,#7792));
#7768 = ORIENTED_EDGE('',*,*,#7350,.T.);
#7769 = ORIENTED_EDGE('',*,*,#7770,.T.);
#7770 = EDGE_CURVE('',#7351,#7635,#7771,.T.);
#7771 = SEAM_CURVE('',#7772,(#7776,#7783),.PCURVE_S1.);
#7772 = LINE('',#7773,#7774);
#7773 = CARTESIAN_POINT('',(116.15,175.,300.05));
#7774 = VECTOR('',#7775,1.);
#7775 = DIRECTION('',(0.707106781187,1.731912112471E-16,-0.707106781187)
  );
#7776 = PCURVE('',#7367,#7777);
#7777 = DEFINITIONAL_REPRESENTATION('',(#7778),#7782);
#7778 = LINE('',#7779,#7780);
#7779 = CARTESIAN_POINT('',(0.,-0.));
#7780 = VECTOR('',#7781,1.);
#7781 = DIRECTION('',(-0.,-1.));
#7782 = ( GEOMETRIC_REPRESENTATION_CONTEXT(2) 
PARAMETRIC_REPRESENTATION_CONTEXT() REPRESENTATION_CONTEXT('2D SPACE',''
  ) );
#7783 = PCURVE('',#7367,#7784);
#7784 = DEFINITIONAL_REPRESENTATION('',(#7785),#7789);
#7785 = LINE('',#7786,#7787);
#7786 = CARTESIAN_POINT('',(-6.28318530718,0.));
#7787 = VECTOR('',#7788,1.);
#7788 = DIRECTION('',(-0.,-1.));
#7789 = ( GEOMETRIC_REPRESENTATION_CONTEXT(2) 
PARAMETRIC_REPRESENTATION_CONTEXT() REPRESENTATION_CONTEXT('2D SPACE',''
  ) );
#7790 = ORIENTED_EDGE('',*,*,#7658,.F.);
#7791 = ORIENTED_EDGE('',*,*,#7634,.F.);
#7792 = ORIENTED_EDGE('',*,*,#7770,.F.);
#7793 = ( GEOMETRIC_REPRESENTATION_CONTEXT(3) 
GLOBAL_UNCERTAINTY_ASSIGNED_CONTEXT((#7797)) 
GLOBAL_UNIT_ASSIGNED_CONTEXT((#7794,#7795,#7796)) REPRESENTATION_CONTEXT
('Context #1','3D Context with UNIT and UNCERTAINTY') );
#7794 = ( LENGTH_UNIT() NAMED_UNIT(*) SI_UNIT(.MILLI.,.METRE.) );
#7795 = ( NAMED_UNIT(*) PLANE_ANGLE_UNIT() SI_UNIT($,.RADIAN.) );
#7796 = ( NAMED_UNIT(*) SI_UNIT($,.STERADIAN.) SOLID_ANGLE_UNIT() );
#7797 = UNCERTAINTY_MEASURE_WITH_UNIT(LENGTH_MEASURE(1.E-07),#7794,
  'distance_accuracy_value','confusion accuracy');
#7798 = CONTEXT_DEPENDENT_SHAPE_REPRESENTATION(#7799,#7801);
#7799 = ( REPRESENTATION_RELATIONSHIP('','',#6790,#10) 
REPRESENTATION_RELATIONSHIP_WITH_TRANSFORMATION(#7800) 
SHAPE_REPRESENTATION_RELATIONSHIP() );
#7800 = ITEM_DEFINED_TRANSFORMATION('','',#11,#35);
#7801 = PRODUCT_DEFINITION_SHAPE('Placement','Placement of an item',
  #7802);
#7802 = NEXT_ASSEMBLY_USAGE_OCCURRENCE('6','roof','',#5,#6785,$);
#7803 = PRODUCT_RELATED_PRODUCT_CATEGORY('part',$,(#6787));
#7804 = SHAPE_DEFINITION_REPRESENTATION(#7805,#7811);
#7805 = PRODUCT_DEFINITION_SHAPE('','',#7806);
#7806 = PRODUCT_DEFINITION('design','',#7807,#7810);
#7807 = PRODUCT_DEFINITION_FORMATION('','',#7808);
#7808 = PRODUCT('batten','batten','',(#7809));
#7809 = PRODUCT_CONTEXT('',#2,'mechanical');
#7810 = PRODUCT_DEFINITION_CONTEXT('part definition',#2,'design');
#7811 = ADVANCED_BREP_SHAPE_REPRESENTATION('',(#11,#7812),#8424);
#7812 = MANIFOLD_SOLID_BREP('',#7813);
#7813 = CLOSED_SHELL('',(#7814,#7934,#8010,#8059,#8108,#8240,#8247,#8302
    ,#8357,#8412,#8416,#8420));
#7814 = ADVANCED_FACE('',(#7815),#7829,.F.);
#7815 = FACE_BOUND('',#7816,.F.);
#7816 = EDGE_LOOP('',(#7817,#7852,#7880,#7908));
#7817 = ORIENTED_EDGE('',*,*,#7818,.F.);
#7818 = EDGE_CURVE('',#7819,#7821,#7823,.T.);
#7819 = VERTEX_POINT('',#7820);
#7820 = CARTESIAN_POINT('',(52.5,185.,-150.));
#7821 = VERTEX_POINT('',#7822);
#7822 = CARTESIAN_POINT('',(52.5,225.,-150.));
#7823 = SURFACE_CURVE('',#7824,(#7828,#7840),.PCURVE_S1.);
#7824 = LINE('',#7825,#7826);
#7825 = CARTESIAN_POINT('',(52.5,185.,-150.));
#7826 = VECTOR('',#7827,1.);
#7827 = DIRECTION('',(0.,1.,0.));
#7828 = PCURVE('',#7829,#7834);
#7829 = PLANE('',#7830);
#7830 = AXIS2_PLACEMENT_3D('',#7831,#7832,#7833);
#7831 = CARTESIAN_POINT('',(52.5,185.,-150.));
#7832 = DIRECTION('',(0.,0.,1.));
#7833 = DIRECTION('',(0.,1.,0.));
#7834 = DEFINITIONAL_REPRESENTATION('',(#7835),#7839);
#7835 = LINE('',#7836,#7837);
#7836 = CARTESIAN_POINT('',(0.,0.));
#7837 = VECTOR('',#7838,1.);
#7838 = DIRECTION('',(1.,0.));
#7839 = ( GEOMETRIC_REPRESENTATION_CONTEXT(2) 
PARAMETRIC_REPRESENTATION_CONTEXT() REPRESENTATION_CONTEXT('2D SPACE',''
  ) );
#7840 = PCURVE('',#7841,#7846);
#7841 = PLANE('',#7842);
#7842 = AXIS2_PLACEMENT_3D('',#7843,#7844,#7845);
#7843 = CARTESIAN_POINT('',(52.5,185.,-150.));
#7844 = DIRECTION('',(1.,0.,0.));
#7845 = DIRECTION('',(0.,1.,0.));
#7846 = DEFINITIONAL_REPRESENTATION('',(#7847),#7851);
#7847 = LINE('',#7848,#7849);
#7848 = CARTESIAN_POINT('',(0.,0.));
#7849 = VECTOR('',#7850,1.);
#7850 = DIRECTION('',(1.,0.));
#7851 = ( GEOMETRIC_REPRESENTATION_CONTEXT(2) 
PARAMETRIC_REPRESENTATION_CONTEXT() REPRESENTATION_CONTEXT('2D SPACE',''
  ) );
#7852 = ORIENTED_EDGE('',*,*,#7853,.T.);
#7853 = EDGE_CURVE('',#7819,#7854,#7856,.T.);
#7854 = VERTEX_POINT('',#7855);
#7855 = CARTESIAN_POINT('',(92.5,185.,-150.));
#7856 = SURFACE_CURVE('',#7857,(#7861,#7868),.PCURVE_S1.);
#7857 = LINE('',#7858,#7859);
#7858 = CARTESIAN_POINT('',(52.5,185.,-150.));
#7859 = VECTOR('',#7860,1.);
#7860 = DIRECTION('',(1.,0.,0.));
#7861 = PCURVE('',#7829,#7862);
#7862 = DEFINITIONAL_REPRESENTATION('',(#7863),#7867);
#7863 = LINE('',#7864,#7865);
#7864 = CARTESIAN_POINT('',(0.,0.));
#7865 = VECTOR('',#7866,1.);
#7866 = DIRECTION('',(0.,-1.));
#7867 = ( GEOMETRIC_REPRESENTATION_CONTEXT(2) 
PARAMETRIC_REPRESENTATION_CONTEXT() REPRESENTATION_CONTEXT('2D SPACE',''
  ) );
#7868 = PCURVE('',#7869,#7874);
#7869 = PLANE('',#7870);
#7870 = AXIS2_PLACEMENT_3D('',#7871,#7872,#7873);
#7871 = CARTESIAN_POINT('',(52.5,185.,-150.));
#7872 = DIRECTION('',(0.,1.,0.));
#7873 = DIRECTION('',(0.,0.,1.));
#7874 = DEFINITIONAL_REPRESENTATION('',(#7875),#7879);
#7875 = LINE('',#7876,#7877);
#7876 = CARTESIAN_POINT('',(0.,0.));
#7877 = VECTOR('',#7878,1.);
#7878 = DIRECTION('',(0.,1.));
#7879 = ( GEOMETRIC_REPRESENTATION_CONTEXT(2) 
PARAMETRIC_REPRESENTATION_CONTEXT() REPRESENTATION_CONTEXT('2D SPACE',''
  ) );
#7880 = ORIENTED_EDGE('',*,*,#7881,.T.);
#7881 = EDGE_CURVE('',#7854,#7882,#7884,.T.);
#7882 = VERTEX_POINT('',#7883);
#7883 = CARTESIAN_POINT('',(92.5,225.,-150.));
#7884 = SURFACE_CURVE('',#7885,(#7889,#7896),.PCURVE_S1.);
#7885 = LINE('',#7886,#7887);
#7886 = CARTESIAN_POINT('',(92.5,185.,-150.));
#7887 = VECTOR('',#7888,1.);
#7888 = DIRECTION('',(0.,1.,0.));
#7889 = PCURVE('',#7829,#7890);
#7890 = DEFINITIONAL_REPRESENTATION('',(#7891),#7895);
#7891 = LINE('',#7892,#7893);
#7892 = CARTESIAN_POINT('',(0.,-40.));
#7893 = VECTOR('',#7894,1.);
#7894 = DIRECTION('',(1.,0.));
#7895 = ( GEOMETRIC_REPRESENTATION_CONTEXT(2) 
PARAMETRIC_REPRESENTATION_CONTEXT() REPRESENTATION_CONTEXT('2D SPACE',''
  ) );
#7896 = PCURVE('',#7897,#7902);
#7897 = PLANE('',#7898);
#7898 = AXIS2_PLACEMENT_3D('',#7899,#7900,#7901);
#7899 = CARTESIAN_POINT('',(92.5,185.,-150.));
#7900 = DIRECTION('',(1.,0.,0.));
#7901 = DIRECTION('',(0.,1.,0.));
#7902 = DEFINITIONAL_REPRESENTATION('',(#7903),#7907);
#7903 = LINE('',#7904,#7905);
#7904 = CARTESIAN_POINT('',(0.,0.));
#7905 = VECTOR('',#7906,1.);
#7906 = DIRECTION('',(1.,0.));
#7907 = ( GEOMETRIC_REPRESENTATION_CONTEXT(2) 
PARAMETRIC_REPRESENTATION_CONTEXT() REPRESENTATION_CONTEXT('2D SPACE',''
  ) );
#7908 = ORIENTED_EDGE('',*,*,#7909,.F.);
#7909 = EDGE_CURVE('',#7821,#7882,#7910,.T.);
#7910 = SURFACE_CURVE('',#7911,(#7915,#7922),.PCURVE_S1.);
#7911 = LINE('',#7912,#7913);
#7912 = CARTESIAN_POINT('',(52.5,225.,-150.));
#7913 = VECTOR('',#7914,1.);
#7914 = DIRECTION('',(1.,0.,0.));
#7915 = PCURVE('',#7829,#7916);
#7916 = DEFINITIONAL_REPRESENTATION('',(#7917),#7921);
#7917 = LINE('',#7918,#7919);
#7918 = CARTESIAN_POINT('',(40.,0.));
#7919 = VECTOR('',#7920,1.);
#7920 = DIRECTION('',(0.,-1.));
#7921 = ( GEOMETRIC_REPRESENTATION_CONTEXT(2) 
PARAMETRIC_REPRESENTATION_CONTEXT() REPRESENTATION_CONTEXT('2D SPACE',''
  ) );
#7922 = PCURVE('',#7923,#7928);
#7923 = PLANE('',#7924);
#7924 = AXIS2_PLACEMENT_3D('',#7925,#7926,#7927);
#7925 = CARTESIAN_POINT('',(52.5,225.,-150.));
#7926 = DIRECTION('',(0.,1.,0.));
#7927 = DIRECTION('',(0.,0.,1.));
#7928 = DEFINITIONAL_REPRESENTATION('',(#7929),#7933);
#7929 = LINE('',#7930,#7931);
#7930 = CARTESIAN_POINT('',(0.,0.));
#7931 = VECTOR('',#7932,1.);
#7932 = DIRECTION('',(0.,1.));
#7933 = ( GEOMETRIC_REPRESENTATION_CONTEXT(2) 
PARAMETRIC_REPRESENTATION_CONTEXT() REPRESENTATION_CONTEXT('2D SPACE',''
  ) );
#7934 = ADVANCED_FACE('',(#7935),#7841,.F.);
#7935 = FACE_BOUND('',#7936,.F.);
#7936 = EDGE_LOOP('',(#7937,#7960,#7961,#7984));
#7937 = ORIENTED_EDGE('',*,*,#7938,.F.);
#7938 = EDGE_CURVE('',#7819,#7939,#7941,.T.);
#7939 = VERTEX_POINT('',#7940);
#7940 = CARTESIAN_POINT('',(52.5,185.,450.));
#7941 = SURFACE_CURVE('',#7942,(#7946,#7953),.PCURVE_S1.);
#7942 = LINE('',#7943,#7944);
#7943 = CARTESIAN_POINT('',(52.5,185.,-150.));
#7944 = VECTOR('',#7945,1.);
#7945 = DIRECTION('',(0.,0.,1.));
#7946 = PCURVE('',#7841,#7947);
#7947 = DEFINITIONAL_REPRESENTATION('',(#7948),#7952);
#7948 = LINE('',#7949,#7950);
#7949 = CARTESIAN_POINT('',(0.,0.));
#7950 = VECTOR('',#7951,1.);
#7951 = DIRECTION('',(0.,1.));
#7952 = ( GEOMETRIC_REPRESENTATION_CONTEXT(2) 
PARAMETRIC_REPRESENTATION_CONTEXT() REPRESENTATION_CONTEXT('2D SPACE',''
  ) );
#7953 = PCURVE('',#7869,#7954);
#7954 = DEFINITIONAL_REPRESENTATION('',(#7955),#7959);
#7955 = LINE('',#7956,#7957);
#7956 = CARTESIAN_POINT('',(0.,0.));
#7957 = VECTOR('',#7958,1.);
#7958 = DIRECTION('',(1.,0.));
#7959 = ( GEOMETRIC_REPRESENTATION_CONTEXT(2) 
PARAMETRIC_REPRESENTATION_CONTEXT() REPRESENTATION_CONTEXT('2D SPACE',''
  ) );
#7960 = ORIENTED_EDGE('',*,*,#7818,.T.);
#7961 = ORIENTED_EDGE('',*,*,#7962,.T.);
#7962 = EDGE_CURVE('',#7821,#7963,#7965,.T.);
#7963 = VERTEX_POINT('',#7964);
#7964 = CARTESIAN_POINT('',(52.5,225.,450.));
#7965 = SURFACE_CURVE('',#7966,(#7970,#7977),.PCURVE_S1.);
#7966 = LINE('',#7967,#7968);
#7967 = CARTESIAN_POINT('',(52.5,225.,-150.));
#7968 = VECTOR('',#7969,1.);
#7969 = DIRECTION('',(0.,0.,1.));
#7970 = PCURVE('',#7841,#7971);
#7971 = DEFINITIONAL_REPRESENTATION('',(#7972),#7976);
#7972 = LINE('',#7973,#7974);
#7973 = CARTESIAN_POINT('',(40.,0.));
#7974 = VECTOR('',#7975,1.);
#7975 = DIRECTION('',(0.,1.));
#7976 = ( GEOMETRIC_REPRESENTATION_CONTEXT(2) 
PARAMETRIC_REPRESENTATION_CONTEXT() REPRESENTATION_CONTEXT('2D SPACE',''
  ) );
#7977 = PCURVE('',#7923,#7978);
#7978 = DEFINITIONAL_REPRESENTATION('',(#7979),#7983);
#7979 = LINE('',#7980,#7981);
#7980 = CARTESIAN_POINT('',(0.,0.));
#7981 = VECTOR('',#7982,1.);
#7982 = DIRECTION('',(1.,0.));
#7983 = ( GEOMETRIC_REPRESENTATION_CONTEXT(2) 
PARAMETRIC_REPRESENTATION_CONTEXT() REPRESENTATION_CONTEXT('2D SPACE',''
  ) );
#7984 = ORIENTED_EDGE('',*,*,#7985,.F.);
#7985 = EDGE_CURVE('',#7939,#7963,#7986,.T.);
#7986 = SURFACE_CURVE('',#7987,(#7991,#7998),.PCURVE_S1.);
#7987 = LINE('',#7988,#7989);
#7988 = CARTESIAN_POINT('',(52.5,185.,450.));
#7989 = VECTOR('',#7990,1.);
#7990 = DIRECTION('',(0.,1.,0.));
#7991 = PCURVE('',#7841,#7992);
#7992 = DEFINITIONAL_REPRESENTATION('',(#7993),#7997);
#7993 = LINE('',#7994,#7995);
#7994 = CARTESIAN_POINT('',(0.,600.));
#7995 = VECTOR('',#7996,1.);
#7996 = DIRECTION('',(1.,0.));
#7997 = ( GEOMETRIC_REPRESENTATION_CONTEXT(2) 
PARAMETRIC_REPRESENTATION_CONTEXT() REPRESENTATION_CONTEXT('2D SPACE',''
  ) );
#7998 = PCURVE('',#7999,#8004);
#7999 = PLANE('',#8000);
#8000 = AXIS2_PLACEMENT_3D('',#8001,#8002,#8003);
#8001 = CARTESIAN_POINT('',(52.5,185.,450.));
#8002 = DIRECTION('',(0.,0.,1.));
#8003 = DIRECTION('',(0.,1.,0.));
#8004 = DEFINITIONAL_REPRESENTATION('',(#8005),#8009);
#8005 = LINE('',#8006,#8007);
#8006 = CARTESIAN_POINT('',(0.,0.));
#8007 = VECTOR('',#8008,1.);
#8008 = DIRECTION('',(1.,0.));
#8009 = ( GEOMETRIC_REPRESENTATION_CONTEXT(2) 
PARAMETRIC_REPRESENTATION_CONTEXT() REPRESENTATION_CONTEXT('2D SPACE',''
  ) );
#8010 = ADVANCED_FACE('',(#8011),#7923,.T.);
#8011 = FACE_BOUND('',#8012,.T.);
#8012 = EDGE_LOOP('',(#8013,#8014,#8015,#8038));
#8013 = ORIENTED_EDGE('',*,*,#7909,.F.);
#8014 = ORIENTED_EDGE('',*,*,#7962,.T.);
#8015 = ORIENTED_EDGE('',*,*,#8016,.T.);
#8016 = EDGE_CURVE('',#7963,#8017,#8019,.T.);
#8017 = VERTEX_POINT('',#8018);
#8018 = CARTESIAN_POINT('',(92.5,225.,450.));
#8019 = SURFACE_CURVE('',#8020,(#8024,#8031),.PCURVE_S1.);
#8020 = LINE('',#8021,#8022);
#8021 = CARTESIAN_POINT('',(52.5,225.,450.));
#8022 = VECTOR('',#8023,1.);
#8023 = DIRECTION('',(1.,0.,0.));
#8024 = PCURVE('',#7923,#8025);
#8025 = DEFINITIONAL_REPRESENTATION('',(#8026),#8030);
#8026 = LINE('',#8027,#8028);
#8027 = CARTESIAN_POINT('',(600.,0.));
#8028 = VECTOR('',#8029,1.);
#8029 = DIRECTION('',(0.,1.));
#8030 = ( GEOMETRIC_REPRESENTATION_CONTEXT(2) 
PARAMETRIC_REPRESENTATION_CONTEXT() REPRESENTATION_CONTEXT('2D SPACE',''
  ) );
#8031 = PCURVE('',#7999,#8032);
#8032 = DEFINITIONAL_REPRESENTATION('',(#8033),#8037);
#8033 = LINE('',#8034,#8035);
#8034 = CARTESIAN_POINT('',(40.,0.));
#8035 = VECTOR('',#8036,1.);
#8036 = DIRECTION('',(0.,-1.));
#8037 = ( GEOMETRIC_REPRESENTATION_CONTEXT(2) 
PARAMETRIC_REPRESENTATION_CONTEXT() REPRESENTATION_CONTEXT('2D SPACE',''
  ) );
#8038 = ORIENTED_EDGE('',*,*,#8039,.F.);
#8039 = EDGE_CURVE('',#7882,#8017,#8040,.T.);
#8040 = SURFACE_CURVE('',#8041,(#8045,#8052),.PCURVE_S1.);
#8041 = LINE('',#8042,#8043);
#8042 = CARTESIAN_POINT('',(92.5,225.,-150.));
#8043 = VECTOR('',#8044,1.);
#8044 = DIRECTION('',(0.,0.,1.));
#8045 = PCURVE('',#7923,#8046);
#8046 = DEFINITIONAL_REPRESENTATION('',(#8047),#8051);
#8047 = LINE('',#8048,#8049);
#8048 = CARTESIAN_POINT('',(0.,40.));
#8049 = VECTOR('',#8050,1.);
#8050 = DIRECTION('',(1.,0.));
#8051 = ( GEOMETRIC_REPRESENTATION_CONTEXT(2) 
PARAMETRIC_REPRESENTATION_CONTEXT() REPRESENTATION_CONTEXT('2D SPACE',''
  ) );
#8052 = PCURVE('',#7897,#8053);
#8053 = DEFINITIONAL_REPRESENTATION('',(#8054),#8058);
#8054 = LINE('',#8055,#8056);
#8055 = CARTESIAN_POINT('',(40.,0.));
#8056 = VECTOR('',#8057,1.);
#8057 = DIRECTION('',(0.,1.));
#8058 = ( GEOMETRIC_REPRESENTATION_CONTEXT(2) 
PARAMETRIC_REPRESENTATION_CONTEXT() REPRESENTATION_CONTEXT('2D SPACE',''
  ) );
#8059 = ADVANCED_FACE('',(#8060),#7897,.T.);
#8060 = FACE_BOUND('',#8061,.T.);
#8061 = EDGE_LOOP('',(#8062,#8085,#8086,#8087));
#8062 = ORIENTED_EDGE('',*,*,#8063,.F.);
#8063 = EDGE_CURVE('',#7854,#8064,#8066,.T.);
#8064 = VERTEX_POINT('',#8065);
#8065 = CARTESIAN_POINT('',(92.5,185.,450.));
#8066 = SURFACE_CURVE('',#8067,(#8071,#8078),.PCURVE_S1.);
#8067 = LINE('',#8068,#8069);
#8068 = CARTESIAN_POINT('',(92.5,185.,-150.));
#8069 = VECTOR('',#8070,1.);
#8070 = DIRECTION('',(0.,0.,1.));
#8071 = PCURVE('',#7897,#8072);
#8072 = DEFINITIONAL_REPRESENTATION('',(#8073),#8077);
#8073 = LINE('',#8074,#8075);
#8074 = CARTESIAN_POINT('',(0.,0.));
#8075 = VECTOR('',#8076,1.);
#8076 = DIRECTION('',(0.,1.));
#8077 = ( GEOMETRIC_REPRESENTATION_CONTEXT(2) 
PARAMETRIC_REPRESENTATION_CONTEXT() REPRESENTATION_CONTEXT('2D SPACE',''
  ) );
#8078 = PCURVE('',#7869,#8079);
#8079 = DEFINITIONAL_REPRESENTATION('',(#8080),#8084);
#8080 = LINE('',#8081,#8082);
#8081 = CARTESIAN_POINT('',(0.,40.));
#8082 = VECTOR('',#8083,1.);
#8083 = DIRECTION('',(1.,0.));
#8084 = ( GEOMETRIC_REPRESENTATION_CONTEXT(2) 
PARAMETRIC_REPRESENTATION_CONTEXT() REPRESENTATION_CONTEXT('2D SPACE',''
  ) );
#8085 = ORIENTED_EDGE('',*,*,#7881,.T.);
#8086 = ORIENTED_EDGE('',*,*,#8039,.T.);
#8087 = ORIENTED_EDGE('',*,*,#8088,.F.);
#8088 = EDGE_CURVE('',#8064,#8017,#8089,.T.);
#8089 = SURFACE_CURVE('',#8090,(#8094,#8101),.PCURVE_S1.);
#8090 = LINE('',#8091,#8092);
#8091 = CARTESIAN_POINT('',(92.5,185.,450.));
#8092 = VECTOR('',#8093,1.);
#8093 = DIRECTION('',(0.,1.,0.));
#8094 = PCURVE('',#7897,#8095);
#8095 = DEFINITIONAL_REPRESENTATION('',(#8096),#8100);
#8096 = LINE('',#8097,#8098);
#8097 = CARTESIAN_POINT('',(0.,600.));
#8098 = VECTOR('',#8099,1.);
#8099 = DIRECTION('',(1.,0.));
#8100 = ( GEOMETRIC_REPRESENTATION_CONTEXT(2) 
PARAMETRIC_REPRESENTATION_CONTEXT() REPRESENTATION_CONTEXT('2D SPACE',''
  ) );
#8101 = PCURVE('',#7999,#8102);
#8102 = DEFINITIONAL_REPRESENTATION('',(#8103),#8107);
#8103 = LINE('',#8104,#8105);
#8104 = CARTESIAN_POINT('',(0.,-40.));
#8105 = VECTOR('',#8106,1.);
#8106 = DIRECTION('',(1.,0.));
#8107 = ( GEOMETRIC_REPRESENTATION_CONTEXT(2) 
PARAMETRIC_REPRESENTATION_CONTEXT() REPRESENTATION_CONTEXT('2D SPACE',''
  ) );
#8108 = ADVANCED_FACE('',(#8109,#8135,#8170,#8205),#7869,.F.);
#8109 = FACE_BOUND('',#8110,.F.);
#8110 = EDGE_LOOP('',(#8111,#8112,#8113,#8134));
#8111 = ORIENTED_EDGE('',*,*,#7853,.F.);
#8112 = ORIENTED_EDGE('',*,*,#7938,.T.);
#8113 = ORIENTED_EDGE('',*,*,#8114,.T.);
#8114 = EDGE_CURVE('',#7939,#8064,#8115,.T.);
#8115 = SURFACE_CURVE('',#8116,(#8120,#8127),.PCURVE_S1.);
#8116 = LINE('',#8117,#8118);
#8117 = CARTESIAN_POINT('',(52.5,185.,450.));
#8118 = VECTOR('',#8119,1.);
#8119 = DIRECTION('',(1.,0.,0.));
#8120 = PCURVE('',#7869,#8121);
#8121 = DEFINITIONAL_REPRESENTATION('',(#8122),#8126);
#8122 = LINE('',#8123,#8124);
#8123 = CARTESIAN_POINT('',(600.,0.));
#8124 = VECTOR('',#8125,1.);
#8125 = DIRECTION('',(0.,1.));
#8126 = ( GEOMETRIC_REPRESENTATION_CONTEXT(2) 
PARAMETRIC_REPRESENTATION_CONTEXT() REPRESENTATION_CONTEXT('2D SPACE',''
  ) );
#8127 = PCURVE('',#7999,#8128);
#8128 = DEFINITIONAL_REPRESENTATION('',(#8129),#8133);
#8129 = LINE('',#8130,#8131);
#8130 = CARTESIAN_POINT('',(0.,0.));
#8131 = VECTOR('',#8132,1.);
#8132 = DIRECTION('',(0.,-1.));
#8133 = ( GEOMETRIC_REPRESENTATION_CONTEXT(2) 
PARAMETRIC_REPRESENTATION_CONTEXT() REPRESENTATION_CONTEXT('2D SPACE',''
  ) );
#8134 = ORIENTED_EDGE('',*,*,#8063,.F.);
#8135 = FACE_BOUND('',#8136,.F.);
#8136 = EDGE_LOOP('',(#8137));
#8137 = ORIENTED_EDGE('',*,*,#8138,.T.);
#8138 = EDGE_CURVE('',#8139,#8139,#8141,.T.);
#8139 = VERTEX_POINT('',#8140);
#8140 = CARTESIAN_POINT('',(72.5,185.,26.25));
#8141 = SURFACE_CURVE('',#8142,(#8147,#8158),.PCURVE_S1.);
#8142 = CIRCLE('',#8143,1.25);
#8143 = AXIS2_PLACEMENT_3D('',#8144,#8145,#8146);
#8144 = CARTESIAN_POINT('',(72.5,185.,25.));
#8145 = DIRECTION('',(0.,-1.,0.));
#8146 = DIRECTION('',(0.,0.,1.));
#8147 = PCURVE('',#7869,#8148);
#8148 = DEFINITIONAL_REPRESENTATION('',(#8149),#8157);
#8149 = ( BOUNDED_CURVE() B_SPLINE_CURVE(2,(#8150,#8151,#8152,#8153,
#8154,#8155,#8156),.UNSPECIFIED.,.T.,.F.) B_SPLINE_CURVE_WITH_KNOTS((1,2
    ,2,2,2,1),(-2.094395102393,0.,2.094395102393,4.188790204786,
6.28318530718,8.377580409573),.UNSPECIFIED.) CURVE() 
GEOMETRIC_REPRESENTATION_ITEM() RATIONAL_B_SPLINE_CURVE((1.,0.5,1.,0.5,
1.,0.5,1.)) REPRESENTATION_ITEM('') );
#8150 = CARTESIAN_POINT('',(176.25,20.));
#8151 = CARTESIAN_POINT('',(176.25,17.834936490539));
#8152 = CARTESIAN_POINT('',(174.375,18.917468245269));
#8153 = CARTESIAN_POINT('',(172.5,20.));
#8154 = CARTESIAN_POINT('',(174.375,21.082531754731));
#8155 = CARTESIAN_POINT('',(176.25,22.165063509461));
#8156 = CARTESIAN_POINT('',(176.25,20.));
#8157 = ( GEOMETRIC_REPRESENTATION_CONTEXT(2) 
PARAMETRIC_REPRESENTATION_CONTEXT() REPRESENTATION_CONTEXT('2D SPACE',''
  ) );
#8158 = PCURVE('',#8159,#8164);
#8159 = CYLINDRICAL_SURFACE('',#8160,1.25);
#8160 = AXIS2_PLACEMENT_3D('',#8161,#8162,#8163);
#8161 = CARTESIAN_POINT('',(72.5,184.95,25.));
#8162 = DIRECTION('',(-0.,-1.,-0.));
#8163 = DIRECTION('',(0.,0.,1.));
#8164 = DEFINITIONAL_REPRESENTATION('',(#8165),#8169);
#8165 = LINE('',#8166,#8167);
#8166 = CARTESIAN_POINT('',(-6.28318530718,-5.000000000001E-02));
#8167 = VECTOR('',#8168,1.);
#8168 = DIRECTION('',(1.,-0.));
#8169 = ( GEOMETRIC_REPRESENTATION_CONTEXT(2) 
PARAMETRIC_REPRESENTATION_CONTEXT() REPRESENTATION_CONTEXT('2D SPACE',''
  ) );
#8170 = FACE_BOUND('',#8171,.F.);
#8171 = EDGE_LOOP('',(#8172));
#8172 = ORIENTED_EDGE('',*,*,#8173,.T.);
#8173 = EDGE_CURVE('',#8174,#8174,#8176,.T.);
#8174 = VERTEX_POINT('',#8175);
#8175 = CARTESIAN_POINT('',(72.5,185.,141.25));
#8176 = SURFACE_CURVE('',#8177,(#8182,#8193),.PCURVE_S1.);
#8177 = CIRCLE('',#8178,1.25);
#8178 = AXIS2_PLACEMENT_3D('',#8179,#8180,#8181);
#8179 = CARTESIAN_POINT('',(72.5,185.,140.));
#8180 = DIRECTION('',(0.,-1.,0.));
#8181 = DIRECTION('',(0.,0.,1.));
#8182 = PCURVE('',#7869,#8183);
#8183 = DEFINITIONAL_REPRESENTATION('',(#8184),#8192);
#8184 = ( BOUNDED_CURVE() B_SPLINE_CURVE(2,(#8185,#8186,#8187,#8188,
#8189,#8190,#8191),.UNSPECIFIED.,.T.,.F.) B_SPLINE_CURVE_WITH_KNOTS((1,2
    ,2,2,2,1),(-2.094395102393,0.,2.094395102393,4.188790204786,
6.28318530718,8.377580409573),.UNSPECIFIED.) CURVE() 
GEOMETRIC_REPRESENTATION_ITEM() RATIONAL_B_SPLINE_CURVE((1.,0.5,1.,0.5,
1.,0.5,1.)) REPRESENTATION_ITEM('') );
#8185 = CARTESIAN_POINT('',(291.25,20.));
#8186 = CARTESIAN_POINT('',(291.25,17.834936490539));
#8187 = CARTESIAN_POINT('',(289.375,18.917468245269));
#8188 = CARTESIAN_POINT('',(287.5,20.));
#8189 = CARTESIAN_POINT('',(289.375,21.082531754731));
#8190 = CARTESIAN_POINT('',(291.25,22.165063509461));
#8191 = CARTESIAN_POINT('',(291.25,20.));
#8192 = ( GEOMETRIC_REPRESENTATION_CONTEXT(2) 
PARAMETRIC_REPRESENTATION_CONTEXT() REPRESENTATION_CONTEXT('2D SPACE',''
  ) );
#8193 = PCURVE('',#8194,#8199);
#8194 = CYLINDRICAL_SURFACE('',#8195,1.25);
#8195 = AXIS2_PLACEMENT_3D('',#8196,#8197,#8198);
#8196 = CARTESIAN_POINT('',(72.5,184.95,140.));
#8197 = DIRECTION('',(-0.,-1.,-0.));
#8198 = DIRECTION('',(0.,0.,1.));
#8199 = DEFINITIONAL_REPRESENTATION('',(#8200),#8204);
#8200 = LINE('',#8201,#8202);
#8201 = CARTESIAN_POINT('',(-6.28318530718,-5.000000000001E-02));
#8202 = VECTOR('',#8203,1.);
#8203 = DIRECTION('',(1.,-0.));
#8204 = ( GEOMETRIC_REPRESENTATION_CONTEXT(2) 
PARAMETRIC_REPRESENTATION_CONTEXT() REPRESENTATION_CONTEXT('2D SPACE',''
  ) );
#8205 = FACE_BOUND('',#8206,.F.);
#8206 = EDGE_LOOP('',(#8207));
#8207 = ORIENTED_EDGE('',*,*,#8208,.T.);
#8208 = EDGE_CURVE('',#8209,#8209,#8211,.T.);
#8209 = VERTEX_POINT('',#8210);
#8210 = CARTESIAN_POINT('',(72.5,185.,256.25));
#8211 = SURFACE_CURVE('',#8212,(#8217,#8228),.PCURVE_S1.);
#8212 = CIRCLE('',#8213,1.25);
#8213 = AXIS2_PLACEMENT_3D('',#8214,#8215,#8216);
#8214 = CARTESIAN_POINT('',(72.5,185.,255.));
#8215 = DIRECTION('',(0.,-1.,0.));
#8216 = DIRECTION('',(0.,0.,1.));
#8217 = PCURVE('',#7869,#8218);
#8218 = DEFINITIONAL_REPRESENTATION('',(#8219),#8227);
#8219 = ( BOUNDED_CURVE() B_SPLINE_CURVE(2,(#8220,#8221,#8222,#8223,
#8224,#8225,#8226),.UNSPECIFIED.,.T.,.F.) B_SPLINE_CURVE_WITH_KNOTS((1,2
    ,2,2,2,1),(-2.094395102393,0.,2.094395102393,4.188790204786,
6.28318530718,8.377580409573),.UNSPECIFIED.) CURVE() 
GEOMETRIC_REPRESENTATION_ITEM() RATIONAL_B_SPLINE_CURVE((1.,0.5,1.,0.5,
1.,0.5,1.)) REPRESENTATION_ITEM('') );
#8220 = CARTESIAN_POINT('',(406.25,20.));
#8221 = CARTESIAN_POINT('',(406.25,17.834936490539));
#8222 = CARTESIAN_POINT('',(404.375,18.917468245269));
#8223 = CARTESIAN_POINT('',(402.5,20.));
#8224 = CARTESIAN_POINT('',(404.375,21.082531754731));
#8225 = CARTESIAN_POINT('',(406.25,22.165063509461));
#8226 = CARTESIAN_POINT('',(406.25,20.));
#8227 = ( GEOMETRIC_REPRESENTATION_CONTEXT(2) 
PARAMETRIC_REPRESENTATION_CONTEXT() REPRESENTATION_CONTEXT('2D SPACE',''
  ) );
#8228 = PCURVE('',#8229,#8234);
#8229 = CYLINDRICAL_SURFACE('',#8230,1.25);
#8230 = AXIS2_PLACEMENT_3D('',#8231,#8232,#8233);
#8231 = CARTESIAN_POINT('',(72.5,184.95,255.));
#8232 = DIRECTION('',(-0.,-1.,-0.));
#8233 = DIRECTION('',(0.,0.,1.));
#8234 = DEFINITIONAL_REPRESENTATION('',(#8235),#8239);
#8235 = LINE('',#8236,#8237);
#8236 = CARTESIAN_POINT('',(-6.28318530718,-5.000000000001E-02));
#8237 = VECTOR('',#8238,1.);
#8238 = DIRECTION('',(1.,-0.));
#8239 = ( GEOMETRIC_REPRESENTATION_CONTEXT(2) 
PARAMETRIC_REPRESENTATION_CONTEXT() REPRESENTATION_CONTEXT('2D SPACE',''
  ) );
#8240 = ADVANCED_FACE('',(#8241),#7999,.T.);
#8241 = FACE_BOUND('',#8242,.T.);
#8242 = EDGE_LOOP('',(#8243,#8244,#8245,#8246));
#8243 = ORIENTED_EDGE('',*,*,#7985,.F.);
#8244 = ORIENTED_EDGE('',*,*,#8114,.T.);
#8245 = ORIENTED_EDGE('',*,*,#8088,.T.);
#8246 = ORIENTED_EDGE('',*,*,#8016,.F.);
#8247 = ADVANCED_FACE('',(#8248),#8159,.F.);
#8248 = FACE_BOUND('',#8249,.T.);
#8249 = EDGE_LOOP('',(#8250,#8251,#8274,#8301));
#8250 = ORIENTED_EDGE('',*,*,#8138,.T.);
#8251 = ORIENTED_EDGE('',*,*,#8252,.T.);
#8252 = EDGE_CURVE('',#8139,#8253,#8255,.T.);
#8253 = VERTEX_POINT('',#8254);
#8254 = CARTESIAN_POINT('',(72.5,206.05,26.25));
#8255 = SEAM_CURVE('',#8256,(#8260,#8267),.PCURVE_S1.);
#8256 = LINE('',#8257,#8258);
#8257 = CARTESIAN_POINT('',(72.5,184.95,26.25));
#8258 = VECTOR('',#8259,1.);
#8259 = DIRECTION('',(0.,1.,0.));
#8260 = PCURVE('',#8159,#8261);
#8261 = DEFINITIONAL_REPRESENTATION('',(#8262),#8266);
#8262 = LINE('',#8263,#8264);
#8263 = CARTESIAN_POINT('',(-6.28318530718,0.));
#8264 = VECTOR('',#8265,1.);
#8265 = DIRECTION('',(-0.,-1.));
#8266 = ( GEOMETRIC_REPRESENTATION_CONTEXT(2) 
PARAMETRIC_REPRESENTATION_CONTEXT() REPRESENTATION_CONTEXT('2D SPACE',''
  ) );
#8267 = PCURVE('',#8159,#8268);
#8268 = DEFINITIONAL_REPRESENTATION('',(#8269),#8273);
#8269 = LINE('',#8270,#8271);
#8270 = CARTESIAN_POINT('',(-0.,0.));
#8271 = VECTOR('',#8272,1.);
#8272 = DIRECTION('',(-0.,-1.));
#8273 = ( GEOMETRIC_REPRESENTATION_CONTEXT(2) 
PARAMETRIC_REPRESENTATION_CONTEXT() REPRESENTATION_CONTEXT('2D SPACE',''
  ) );
#8274 = ORIENTED_EDGE('',*,*,#8275,.T.);
#8275 = EDGE_CURVE('',#8253,#8253,#8276,.T.);
#8276 = SURFACE_CURVE('',#8277,(#8282,#8289),.PCURVE_S1.);
#8277 = CIRCLE('',#8278,1.25);
#8278 = AXIS2_PLACEMENT_3D('',#8279,#8280,#8281);
#8279 = CARTESIAN_POINT('',(72.5,206.05,25.));
#8280 = DIRECTION('',(0.,1.,0.));
#8281 = DIRECTION('',(0.,0.,1.));
#8282 = PCURVE('',#8159,#8283);
#8283 = DEFINITIONAL_REPRESENTATION('',(#8284),#8288);
#8284 = LINE('',#8285,#8286);
#8285 = CARTESIAN_POINT('',(-0.,-21.1));
#8286 = VECTOR('',#8287,1.);
#8287 = DIRECTION('',(-1.,0.));
#8288 = ( GEOMETRIC_REPRESENTATION_CONTEXT(2) 
PARAMETRIC_REPRESENTATION_CONTEXT() REPRESENTATION_CONTEXT('2D SPACE',''
  ) );
#8289 = PCURVE('',#8290,#8295);
#8290 = PLANE('',#8291);
#8291 = AXIS2_PLACEMENT_3D('',#8292,#8293,#8294);
#8292 = CARTESIAN_POINT('',(72.5,206.05,25.));
#8293 = DIRECTION('',(0.,1.,0.));
#8294 = DIRECTION('',(0.,-0.,1.));
#8295 = DEFINITIONAL_REPRESENTATION('',(#8296),#8300);
#8296 = CIRCLE('',#8297,1.25);
#8297 = AXIS2_PLACEMENT_2D('',#8298,#8299);
#8298 = CARTESIAN_POINT('',(-3.552713678801E-15,0.));
#8299 = DIRECTION('',(1.,0.));
#8300 = ( GEOMETRIC_REPRESENTATION_CONTEXT(2) 
PARAMETRIC_REPRESENTATION_CONTEXT() REPRESENTATION_CONTEXT('2D SPACE',''
  ) );
#8301 = ORIENTED_EDGE('',*,*,#8252,.F.);
#8302 = ADVANCED_FACE('',(#8303),#8194,.F.);
#8303 = FACE_BOUND('',#8304,.T.);
#8304 = EDGE_LOOP('',(#8305,#8306,#8329,#8356));
#8305 = ORIENTED_EDGE('',*,*,#8173,.T.);
#8306 = ORIENTED_EDGE('',*,*,#8307,.T.);
#8307 = EDGE_CURVE('',#8174,#8308,#8310,.T.);
#8308 = VERTEX_POINT('',#8309);
#8309 = CARTESIAN_POINT('',(72.5,206.05,141.25));
#8310 = SEAM_CURVE('',#8311,(#8315,#8322),.PCURVE_S1.);
#8311 = LINE('',#8312,#8313);
#8312 = CARTESIAN_POINT('',(72.5,184.95,141.25));
#8313 = VECTOR('',#8314,1.);
#8314 = DIRECTION('',(0.,1.,0.));
#8315 = PCURVE('',#8194,#8316);
#8316 = DEFINITIONAL_REPRESENTATION('',(#8317),#8321);
#8317 = LINE('',#8318,#8319);
#8318 = CARTESIAN_POINT('',(-6.28318530718,0.));
#8319 = VECTOR('',#8320,1.);
#8320 = DIRECTION('',(-0.,-1.));
#8321 = ( GEOMETRIC_REPRESENTATION_CONTEXT(2) 
PARAMETRIC_REPRESENTATION_CONTEXT() REPRESENTATION_CONTEXT('2D SPACE',''
  ) );
#8322 = PCURVE('',#8194,#8323);
#8323 = DEFINITIONAL_REPRESENTATION('',(#8324),#8328);
#8324 = LINE('',#8325,#8326);
#8325 = CARTESIAN_POINT('',(-0.,0.));
#8326 = VECTOR('',#8327,1.);
#8327 = DIRECTION('',(-0.,-1.));
#8328 = ( GEOMETRIC_REPRESENTATION_CONTEXT(2) 
PARAMETRIC_REPRESENTATION_CONTEXT() REPRESENTATION_CONTEXT('2D SPACE',''
  ) );
#8329 = ORIENTED_EDGE('',*,*,#8330,.T.);
#8330 = EDGE_CURVE('',#8308,#8308,#8331,.T.);
#8331 = SURFACE_CURVE('',#8332,(#8337,#8344),.PCURVE_S1.);
#8332 = CIRCLE('',#8333,1.25);
#8333 = AXIS2_PLACEMENT_3D('',#8334,#8335,#8336);
#8334 = CARTESIAN_POINT('',(72.5,206.05,140.));
#8335 = DIRECTION('',(0.,1.,0.));
#8336 = DIRECTION('',(0.,0.,1.));
#8337 = PCURVE('',#8194,#8338);
#8338 = DEFINITIONAL_REPRESENTATION('',(#8339),#8343);
#8339 = LINE('',#8340,#8341);
#8340 = CARTESIAN_POINT('',(-0.,-21.1));
#8341 = VECTOR('',#8342,1.);
#8342 = DIRECTION('',(-1.,0.));
#8343 = ( GEOMETRIC_REPRESENTATION_CONTEXT(2) 
PARAMETRIC_REPRESENTATION_CONTEXT() REPRESENTATION_CONTEXT('2D SPACE',''
  ) );
#8344 = PCURVE('',#8345,#8350);
#8345 = PLANE('',#8346);
#8346 = AXIS2_PLACEMENT_3D('',#8347,#8348,#8349);
#8347 = CARTESIAN_POINT('',(72.5,206.05,140.));
#8348 = DIRECTION('',(0.,1.,0.));
#8349 = DIRECTION('',(0.,-0.,1.));
#8350 = DEFINITIONAL_REPRESENTATION('',(#8351),#8355);
#8351 = CIRCLE('',#8352,1.25);
#8352 = AXIS2_PLACEMENT_2D('',#8353,#8354);
#8353 = CARTESIAN_POINT('',(0.,0.));
#8354 = DIRECTION('',(1.,0.));
#8355 = ( GEOMETRIC_REPRESENTATION_CONTEXT(2) 
PARAMETRIC_REPRESENTATION_CONTEXT() REPRESENTATION_CONTEXT('2D SPACE',''
  ) );
#8356 = ORIENTED_EDGE('',*,*,#8307,.F.);
#8357 = ADVANCED_FACE('',(#8358),#8229,.F.);
#8358 = FACE_BOUND('',#8359,.T.);
#8359 = EDGE_LOOP('',(#8360,#8361,#8384,#8411));
#8360 = ORIENTED_EDGE('',*,*,#8208,.T.);
#8361 = ORIENTED_EDGE('',*,*,#8362,.T.);
#8362 = EDGE_CURVE('',#8209,#8363,#8365,.T.);
#8363 = VERTEX_POINT('',#8364);
#8364 = CARTESIAN_POINT('',(72.5,206.05,256.25));
#8365 = SEAM_CURVE('',#8366,(#8370,#8377),.PCURVE_S1.);
#8366 = LINE('',#8367,#8368);
#8367 = CARTESIAN_POINT('',(72.5,184.95,256.25));
#8368 = VECTOR('',#8369,1.);
#8369 = DIRECTION('',(0.,1.,0.));
#8370 = PCURVE('',#8229,#8371);
#8371 = DEFINITIONAL_REPRESENTATION('',(#8372),#8376);
#8372 = LINE('',#8373,#8374);
#8373 = CARTESIAN_POINT('',(-6.28318530718,0.));
#8374 = VECTOR('',#8375,1.);
#8375 = DIRECTION('',(-0.,-1.));
#8376 = ( GEOMETRIC_REPRESENTATION_CONTEXT(2) 
PARAMETRIC_REPRESENTATION_CONTEXT() REPRESENTATION_CONTEXT('2D SPACE',''
  ) );
#8377 = PCURVE('',#8229,#8378);
#8378 = DEFINITIONAL_REPRESENTATION('',(#8379),#8383);
#8379 = LINE('',#8380,#8381);
#8380 = CARTESIAN_POINT('',(-0.,0.));
#8381 = VECTOR('',#8382,1.);
#8382 = DIRECTION('',(-0.,-1.));
#8383 = ( GEOMETRIC_REPRESENTATION_CONTEXT(2) 
PARAMETRIC_REPRESENTATION_CONTEXT() REPRESENTATION_CONTEXT('2D SPACE',''
  ) );
#8384 = ORIENTED_EDGE('',*,*,#8385,.T.);
#8385 = EDGE_CURVE('',#8363,#8363,#8386,.T.);
#8386 = SURFACE_CURVE('',#8387,(#8392,#8399),.PCURVE_S1.);
#8387 = CIRCLE('',#8388,1.25);
#8388 = AXIS2_PLACEMENT_3D('',#8389,#8390,#8391);
#8389 = CARTESIAN_POINT('',(72.5,206.05,255.));
#8390 = DIRECTION('',(0.,1.,0.));
#8391 = DIRECTION('',(0.,0.,1.));
#8392 = PCURVE('',#8229,#8393);
#8393 = DEFINITIONAL_REPRESENTATION('',(#8394),#8398);
#8394 = LINE('',#8395,#8396);
#8395 = CARTESIAN_POINT('',(-0.,-21.1));
#8396 = VECTOR('',#8397,1.);
#8397 = DIRECTION('',(-1.,0.));
#8398 = ( GEOMETRIC_REPRESENTATION_CONTEXT(2) 
PARAMETRIC_REPRESENTATION_CONTEXT() REPRESENTATION_CONTEXT('2D SPACE',''
  ) );
#8399 = PCURVE('',#8400,#8405);
#8400 = PLANE('',#8401);
#8401 = AXIS2_PLACEMENT_3D('',#8402,#8403,#8404);
#8402 = CARTESIAN_POINT('',(72.5,206.05,255.));
#8403 = DIRECTION('',(0.,1.,0.));
#8404 = DIRECTION('',(0.,-0.,1.));
#8405 = DEFINITIONAL_REPRESENTATION('',(#8406),#8410);
#8406 = CIRCLE('',#8407,1.25);
#8407 = AXIS2_PLACEMENT_2D('',#8408,#8409);
#8408 = CARTESIAN_POINT('',(0.,0.));
#8409 = DIRECTION('',(1.,0.));
#8410 = ( GEOMETRIC_REPRESENTATION_CONTEXT(2) 
PARAMETRIC_REPRESENTATION_CONTEXT() REPRESENTATION_CONTEXT('2D SPACE',''
  ) );
#8411 = ORIENTED_EDGE('',*,*,#8362,.F.);
#8412 = ADVANCED_FACE('',(#8413),#8290,.F.);
#8413 = FACE_BOUND('',#8414,.F.);
#8414 = EDGE_LOOP('',(#8415));
#8415 = ORIENTED_EDGE('',*,*,#8275,.T.);
#8416 = ADVANCED_FACE('',(#8417),#8345,.F.);
#8417 = FACE_BOUND('',#8418,.F.);
#8418 = EDGE_LOOP('',(#8419));
#8419 = ORIENTED_EDGE('',*,*,#8330,.T.);
#8420 = ADVANCED_FACE('',(#8421),#8400,.F.);
#8421 = FACE_BOUND('',#8422,.F.);
#8422 = EDGE_LOOP('',(#8423));
#8423 = ORIENTED_EDGE('',*,*,#8385,.T.);
#8424 = ( GEOMETRIC_REPRESENTATION_CONTEXT(3) 
GLOBAL_UNCERTAINTY_ASSIGNED_CONTEXT((#8428)) 
GLOBAL_UNIT_ASSIGNED_CONTEXT((#8425,#8426,#8427)) REPRESENTATION_CONTEXT
('Context #1','3D Context with UNIT and UNCERTAINTY') );
#8425 = ( LENGTH_UNIT() NAMED_UNIT(*) SI_UNIT(.MILLI.,.METRE.) );
#8426 = ( NAMED_UNIT(*) PLANE_ANGLE_UNIT() SI_UNIT($,.RADIAN.) );
#8427 = ( NAMED_UNIT(*) SI_UNIT($,.STERADIAN.) SOLID_ANGLE_UNIT() );
#8428 = UNCERTAINTY_MEASURE_WITH_UNIT(LENGTH_MEASURE(1.E-07),#8425,
  'distance_accuracy_value','confusion accuracy');
#8429 = CONTEXT_DEPENDENT_SHAPE_REPRESENTATION(#8430,#8432);
#8430 = ( REPRESENTATION_RELATIONSHIP('','',#7811,#10) 
REPRESENTATION_RELATIONSHIP_WITH_TRANSFORMATION(#8431) 
SHAPE_REPRESENTATION_RELATIONSHIP() );
#8431 = ITEM_DEFINED_TRANSFORMATION('','',#11,#39);
#8432 = PRODUCT_DEFINITION_SHAPE('Placement','Placement of an item',
  #8433);
#8433 = NEXT_ASSEMBLY_USAGE_OCCURRENCE('7','batten','',#5,#7806,$);
#8434 = PRODUCT_RELATED_PRODUCT_CATEGORY('part',$,(#7808));
#8435 = SHAPE_DEFINITION_REPRESENTATION(#8436,#8442);
#8436 = PRODUCT_DEFINITION_SHAPE('','',#8437);
#8437 = PRODUCT_DEFINITION('design','',#8438,#8441);
#8438 = PRODUCT_DEFINITION_FORMATION('','',#8439);
#8439 = PRODUCT('perch','perch','',(#8440));
#8440 = PRODUCT_CONTEXT('',#2,'mechanical');
#8441 = PRODUCT_DEFINITION_CONTEXT('part definition',#2,'design');
#8442 = ADVANCED_BREP_SHAPE_REPRESENTATION('',(#11,#8443),#8541);
#8443 = MANIFOLD_SOLID_BREP('',#8444);
#8444 = CLOSED_SHELL('',(#8445,#8533,#8537));
#8445 = ADVANCED_FACE('',(#8446),#8460,.T.);
#8446 = FACE_BOUND('',#8447,.F.);
#8447 = EDGE_LOOP('',(#8448,#8478,#8505,#8506));
#8448 = ORIENTED_EDGE('',*,*,#8449,.T.);
#8449 = EDGE_CURVE('',#8450,#8452,#8454,.T.);
#8450 = VERTEX_POINT('',#8451);
#8451 = CARTESIAN_POINT('',(78.5,-35.,142.5));
#8452 = VERTEX_POINT('',#8453);
#8453 = CARTESIAN_POINT('',(78.5,15.,142.5));
#8454 = SEAM_CURVE('',#8455,(#8459,#8471),.PCURVE_S1.);
#8455 = LINE('',#8456,#8457);
#8456 = CARTESIAN_POINT('',(78.5,-35.,142.5));
#8457 = VECTOR('',#8458,1.);
#8458 = DIRECTION('',(0.,1.,0.));
#8459 = PCURVE('',#8460,#8465);
#8460 = CYLINDRICAL_SURFACE('',#8461,6.);
#8461 = AXIS2_PLACEMENT_3D('',#8462,#8463,#8464);
#8462 = CARTESIAN_POINT('',(72.5,-35.,142.5));
#8463 = DIRECTION('',(-0.,-1.,0.));
#8464 = DIRECTION('',(1.,0.,0.));
#8465 = DEFINITIONAL_REPRESENTATION('',(#8466),#8470);
#8466 = LINE('',#8467,#8468);
#8467 = CARTESIAN_POINT('',(-0.,0.));
#8468 = VECTOR('',#8469,1.);
#8469 = DIRECTION('',(-0.,-1.));
#8470 = ( GEOMETRIC_REPRESENTATION_CONTEXT(2) 
PARAMETRIC_REPRESENTATION_CONTEXT() REPRESENTATION_CONTEXT('2D SPACE',''
  ) );
#8471 = PCURVE('',#8460,#8472);
#8472 = DEFINITIONAL_REPRESENTATION('',(#8473),#8477);
#8473 = LINE('',#8474,#8475);
#8474 = CARTESIAN_POINT('',(-6.28318530718,0.));
#8475 = VECTOR('',#8476,1.);
#8476 = DIRECTION('',(-0.,-1.));
#8477 = ( GEOMETRIC_REPRESENTATION_CONTEXT(2) 
PARAMETRIC_REPRESENTATION_CONTEXT() REPRESENTATION_CONTEXT('2D SPACE',''
  ) );
#8478 = ORIENTED_EDGE('',*,*,#8479,.T.);
#8479 = EDGE_CURVE('',#8452,#8452,#8480,.T.);
#8480 = SURFACE_CURVE('',#8481,(#8486,#8493),.PCURVE_S1.);
#8481 = CIRCLE('',#8482,6.);
#8482 = AXIS2_PLACEMENT_3D('',#8483,#8484,#8485);
#8483 = CARTESIAN_POINT('',(72.5,15.,142.5));
#8484 = DIRECTION('',(-0.,1.,0.));
#8485 = DIRECTION('',(1.,0.,0.));
#8486 = PCURVE('',#8460,#8487);
#8487 = DEFINITIONAL_REPRESENTATION('',(#8488),#8492);
#8488 = LINE('',#8489,#8490);
#8489 = CARTESIAN_POINT('',(-0.,-50.));
#8490 = VECTOR('',#8491,1.);
#8491 = DIRECTION('',(-1.,0.));
#8492 = ( GEOMETRIC_REPRESENTATION_CONTEXT(2) 
PARAMETRIC_REPRESENTATION_CONTEXT() REPRESENTATION_CONTEXT('2D SPACE',''
  ) );
#8493 = PCURVE('',#8494,#8499);
#8494 = PLANE('',#8495);
#8495 = AXIS2_PLACEMENT_3D('',#8496,#8497,#8498);
#8496 = CARTESIAN_POINT('',(72.5,15.,142.5));
#8497 = DIRECTION('',(0.,1.,0.));
#8498 = DIRECTION('',(0.,0.,-1.));
#8499 = DEFINITIONAL_REPRESENTATION('',(#8500),#8504);
#8500 = CIRCLE('',#8501,6.);
#8501 = AXIS2_PLACEMENT_2D('',#8502,#8503);
#8502 = CARTESIAN_POINT('',(0.,0.));
#8503 = DIRECTION('',(0.,-1.));
#8504 = ( GEOMETRIC_REPRESENTATION_CONTEXT(2) 
PARAMETRIC_REPRESENTATION_CONTEXT() REPRESENTATION_CONTEXT('2D SPACE',''
  ) );
#8505 = ORIENTED_EDGE('',*,*,#8449,.F.);
#8506 = ORIENTED_EDGE('',*,*,#8507,.F.);
#8507 = EDGE_CURVE('',#8450,#8450,#8508,.T.);
#8508 = SURFACE_CURVE('',#8509,(#8514,#8521),.PCURVE_S1.);
#8509 = CIRCLE('',#8510,6.);
#8510 = AXIS2_PLACEMENT_3D('',#8511,#8512,#8513);
#8511 = CARTESIAN_POINT('',(72.5,-35.,142.5));
#8512 = DIRECTION('',(-0.,1.,0.));
#8513 = DIRECTION('',(1.,0.,0.));
#8514 = PCURVE('',#8460,#8515);
#8515 = DEFINITIONAL_REPRESENTATION('',(#8516),#8520);
#8516 = LINE('',#8517,#8518);
#8517 = CARTESIAN_POINT('',(-0.,0.));
#8518 = VECTOR('',#8519,1.);
#8519 = DIRECTION('',(-1.,0.));
#8520 = ( GEOMETRIC_REPRESENTATION_CONTEXT(2) 
PARAMETRIC_REPRESENTATION_CONTEXT() REPRESENTATION_CONTEXT('2D SPACE',''
  ) );
#8521 = PCURVE('',#8522,#8527);
#8522 = PLANE('',#8523);
#8523 = AXIS2_PLACEMENT_3D('',#8524,#8525,#8526);
#8524 = CARTESIAN_POINT('',(72.5,-35.,142.5));
#8525 = DIRECTION('',(0.,1.,0.));
#8526 = DIRECTION('',(0.,0.,-1.));
#8527 = DEFINITIONAL_REPRESENTATION('',(#8528),#8532);
#8528 = CIRCLE('',#8529,6.);
#8529 = AXIS2_PLACEMENT_2D('',#8530,#8531);
#8530 = CARTESIAN_POINT('',(0.,0.));
#8531 = DIRECTION('',(0.,-1.));
#8532 = ( GEOMETRIC_REPRESENTATION_CONTEXT(2) 
PARAMETRIC_REPRESENTATION_CONTEXT() REPRESENTATION_CONTEXT('2D SPACE',''
  ) );
#8533 = ADVANCED_FACE('',(#8534),#8522,.F.);
#8534 = FACE_BOUND('',#8535,.F.);
#8535 = EDGE_LOOP('',(#8536));
#8536 = ORIENTED_EDGE('',*,*,#8507,.T.);
#8537 = ADVANCED_FACE('',(#8538),#8494,.T.);
#8538 = FACE_BOUND('',#8539,.T.);
#8539 = EDGE_LOOP('',(#8540));
#8540 = ORIENTED_EDGE('',*,*,#8479,.T.);
#8541 = ( GEOMETRIC_REPRESENTATION_CONTEXT(3) 
GLOBAL_UNCERTAINTY_ASSIGNED_CONTEXT((#8545)) 
GLOBAL_UNIT_ASSIGNED_CONTEXT((#8542,#8543,#8544)) REPRESENTATION_CONTEXT
('Context #1','3D Context with UNIT and UNCERTAINTY') );
#8542 = ( LENGTH_UNIT() NAMED_UNIT(*) SI_UNIT(.MILLI.,.METRE.) );
#8543 = ( NAMED_UNIT(*) PLANE_ANGLE_UNIT() SI_UNIT($,.RADIAN.) );
#8544 = ( NAMED_UNIT(*) SI_UNIT($,.STERADIAN.) SOLID_ANGLE_UNIT() );
#8545 = UNCERTAINTY_MEASURE_WITH_UNIT(LENGTH_MEASURE(1.E-07),#8542,
  'distance_accuracy_value','confusion accuracy');
#8546 = CONTEXT_DEPENDENT_SHAPE_REPRESENTATION(#8547,#8549);
#8547 = ( REPRESENTATION_RELATIONSHIP('','',#8442,#10) 
REPRESENTATION_RELATIONSHIP_WITH_TRANSFORMATION(#8548) 
SHAPE_REPRESENTATION_RELATIONSHIP() );
#8548 = ITEM_DEFINED_TRANSFORMATION('','',#11,#43);
#8549 = PRODUCT_DEFINITION_SHAPE('Placement','Placement of an item',
  #8550);
#8550 = NEXT_ASSEMBLY_USAGE_OCCURRENCE('8','perch','',#5,#8437,$);
#8551 = PRODUCT_RELATED_PRODUCT_CATEGORY('part',$,(#8439));
#8552 = MECHANICAL_DESIGN_GEOMETRIC_PRESENTATION_REPRESENTATION('',(
    #8553),#6772);
#8553 = STYLED_ITEM('color',(#8554),#6074);
#8554 = PRESENTATION_STYLE_ASSIGNMENT((#8555));
#8555 = SURFACE_STYLE_USAGE(.BOTH.,#8556);
#8556 = SURFACE_SIDE_STYLE('',(#8557));
#8557 = SURFACE_STYLE_FILL_AREA(#8558);
#8558 = FILL_AREA_STYLE('',(#8559));
#8559 = FILL_AREA_STYLE_COLOUR('',#8560);
#8560 = COLOUR_RGB('',0.870000009629,0.729999995167,0.520000005207);
#8561 = MECHANICAL_DESIGN_GEOMETRIC_PRESENTATION_REPRESENTATION('',(
    #8562),#4818);
#8562 = STYLED_ITEM('color',(#8563),#3600);
#8563 = PRESENTATION_STYLE_ASSIGNMENT((#8564));
#8564 = SURFACE_STYLE_USAGE(.BOTH.,#8565);
#8565 = SURFACE_SIDE_STYLE('',(#8566));
#8566 = SURFACE_STYLE_FILL_AREA(#8567);
#8567 = FILL_AREA_STYLE('',(#8568));
#8568 = FILL_AREA_STYLE_COLOUR('',#8560);
#8569 = MECHANICAL_DESIGN_GEOMETRIC_PRESENTATION_REPRESENTATION('',(
    #8570),#7793);
#8570 = STYLED_ITEM('color',(#8571),#6791);
#8571 = PRESENTATION_STYLE_ASSIGNMENT((#8572));
#8572 = SURFACE_STYLE_USAGE(.BOTH.,#8573);
#8573 = SURFACE_SIDE_STYLE('',(#8574));
#8574 = SURFACE_STYLE_FILL_AREA(#8575);
#8575 = FILL_AREA_STYLE('',(#8576));
#8576 = FILL_AREA_STYLE_COLOUR('',#8560);
#8577 = MECHANICAL_DESIGN_GEOMETRIC_PRESENTATION_REPRESENTATION('',(
    #8578),#3581);
#8578 = STYLED_ITEM('color',(#8579),#1634);
#8579 = PRESENTATION_STYLE_ASSIGNMENT((#8580));
#8580 = SURFACE_STYLE_USAGE(.BOTH.,#8581);
#8581 = SURFACE_SIDE_STYLE('',(#8582));
#8582 = SURFACE_STYLE_FILL_AREA(#8583);
#8583 = FILL_AREA_STYLE('',(#8584));
#8584 = FILL_AREA_STYLE_COLOUR('',#8560);
#8585 = MECHANICAL_DESIGN_GEOMETRIC_PRESENTATION_REPRESENTATION('',(
    #8586),#6055);
#8586 = STYLED_ITEM('color',(#8587),#4837);
#8587 = PRESENTATION_STYLE_ASSIGNMENT((#8588));
#8588 = SURFACE_STYLE_USAGE(.BOTH.,#8589);
#8589 = SURFACE_SIDE_STYLE('',(#8590));
#8590 = SURFACE_STYLE_FILL_AREA(#8591);
#8591 = FILL_AREA_STYLE('',(#8592));
#8592 = FILL_AREA_STYLE_COLOUR('',#8560);
#8593 = MECHANICAL_DESIGN_GEOMETRIC_PRESENTATION_REPRESENTATION('',(
    #8594),#8541);
#8594 = STYLED_ITEM('color',(#8595),#8443);
#8595 = PRESENTATION_STYLE_ASSIGNMENT((#8596));
#8596 = SURFACE_STYLE_USAGE(.BOTH.,#8597);
#8597 = SURFACE_SIDE_STYLE('',(#8598));
#8598 = SURFACE_STYLE_FILL_AREA(#8599);
#8599 = FILL_AREA_STYLE('',(#8600));
#8600 = FILL_AREA_STYLE_COLOUR('',#8601);
#8601 = COLOUR_RGB('',0.879999997771,0.78000000177,0.620000000292);
#8602 = MECHANICAL_DESIGN_GEOMETRIC_PRESENTATION_REPRESENTATION('',(
    #8603),#8424);
#8603 = STYLED_ITEM('color',(#8604),#7812);
#8604 = PRESENTATION_STYLE_ASSIGNMENT((#8605));
#8605 = SURFACE_STYLE_USAGE(.BOTH.,#8606);
#8606 = SURFACE_SIDE_STYLE('',(#8607));
#8607 = SURFACE_STYLE_FILL_AREA(#8608);
#8608 = FILL_AREA_STYLE('',(#8609));
#8609 = FILL_AREA_STYLE_COLOUR('',#8560);
#8610 = MECHANICAL_DESIGN_GEOMETRIC_PRESENTATION_REPRESENTATION('',(
    #8611),#1615);
#8611 = STYLED_ITEM('color',(#8612),#61);
#8612 = PRESENTATION_STYLE_ASSIGNMENT((#8613));
#8613 = SURFACE_STYLE_USAGE(.BOTH.,#8614);
#8614 = SURFACE_SIDE_STYLE('',(#8615));
#8615 = SURFACE_STYLE_FILL_AREA(#8616);
#8616 = FILL_AREA_STYLE('',(#8617));
#8617 = FILL_AREA_STYLE_COLOUR('',#8560);
ENDSEC;
END-ISO-10303-21;
